{
"type": "FeatureCollection",
"name": "all_points_with_updated_attractiveness",
"crs": { "type": "name", "properties": { "name": "urn:ogc:def:crs:EPSG::3857" } },
"features": [
{ "type": "Feature", "properties": { "ID": 314626, "Address": "Ореховая улица, 621", "lat": 45.134188, "long": 39.019627, "population_x": 12000.0, "poi_count": 1, "type": "pvz", "hex_id": 56, "poi_amenity": 0, "poi_shop": 0, "poi_office": 0, "poi_leisure": 0, "poi_tourism": 0, "population_y": 12000.0, "car_traffic": 23000.0, "foot_traffic": 13000.0, "attractiveness": 0.0, "poi_transport": 0, "attractiveness_updated": 0.0 }, "geometry": { "type": "Point", "coordinates": [ 4343645.008583467453718, 5642671.436305218376219 ] } },
{ "type": "Feature", "properties": { "ID": 168523, "Address": "Рябиновая улица, 241/1", "lat": 45.134881, "long": 39.015827, "population_x": 12000.0, "poi_count": 0, "type": "pvz", "hex_id": 56, "poi_amenity": 0, "poi_shop": 0, "poi_office": 0, "poi_leisure": 0, "poi_tourism": 0, "population_y": 12000.0, "car_traffic": 23000.0, "foot_traffic": 13000.0, "attractiveness": 0.0, "poi_transport": 0, "attractiveness_updated": 0.0 }, "geometry": { "type": "Point", "coordinates": [ 4343221.994518455117941, 5642780.792048195376992 ] } },
{ "type": "Feature", "properties": { "ID": 307362, "Address": "Ростовское шоссе, 52/2\n", "lat": 45.125979, "long": 39.010132, "population_x": 10000.0, "poi_count": 9, "type": "pvz", "hex_id": 55, "poi_amenity": 0, "poi_shop": 0, "poi_office": 0, "poi_leisure": 0, "poi_tourism": 0, "population_y": 10000.0, "car_traffic": 22000.0, "foot_traffic": 15000.0, "attractiveness": 0.0, "poi_transport": 3, "attractiveness_updated": 0.3 }, "geometry": { "type": "Point", "coordinates": [ 4342588.030018386431038, 5641376.153132448904216 ] } },
{ "type": "Feature", "properties": { "ID": 50019822, "Address": "бульвар Строителей, 130", "lat": 45.122557, "long": 39.014507, "population_x": 10000.0, "poi_count": 2, "type": "pvz", "hex_id": 55, "poi_amenity": 0, "poi_shop": 0, "poi_office": 0, "poi_leisure": 0, "poi_tourism": 0, "population_y": 10000.0, "car_traffic": 22000.0, "foot_traffic": 15000.0, "attractiveness": 0.0, "poi_transport": 0, "attractiveness_updated": 0.0 }, "geometry": { "type": "Point", "coordinates": [ 4343075.052790607325733, 5640836.257026197388768 ] } },
{ "type": "Feature", "properties": { "ID": 162912, "Address": "Пригородная улица, 307", "lat": 45.120573, "long": 39.008829, "population_x": 10000.0, "poi_count": 8, "type": "pvz", "hex_id": 55, "poi_amenity": 0, "poi_shop": 0, "poi_office": 0, "poi_leisure": 0, "poi_tourism": 0, "population_y": 10000.0, "car_traffic": 22000.0, "foot_traffic": 15000.0, "attractiveness": 0.0, "poi_transport": 1, "attractiveness_updated": 0.1 }, "geometry": { "type": "Point", "coordinates": [ 4342442.980721881613135, 5640523.252021698281169 ] } },
{ "type": "Feature", "properties": { "ID": 212451, "Address": "улица Силантьева, 76\n", "lat": 45.116172, "long": 38.997789, "population_x": 38000.0, "poi_count": 7, "type": "pvz", "hex_id": 46, "poi_amenity": 0, "poi_shop": 0, "poi_office": 0, "poi_leisure": 0, "poi_tourism": 0, "population_y": 38000.0, "car_traffic": 38000.0, "foot_traffic": 37000.0, "attractiveness": 0.0, "poi_transport": 2, "attractiveness_updated": 0.2 }, "geometry": { "type": "Point", "coordinates": [ 4341214.013543524779379, 5639828.968780823051929 ] } },
{ "type": "Feature", "properties": { "ID": 162433, "Address": "улица имени М.Е. Соколова, 86к1", "lat": 45.114849, "long": 38.986228, "population_x": 26000.0, "poi_count": 28, "type": "pvz", "hex_id": 39, "poi_amenity": 0, "poi_shop": 0, "poi_office": 0, "poi_leisure": 0, "poi_tourism": 0, "population_y": 26000.0, "car_traffic": 26000.0, "foot_traffic": 21000.0, "attractiveness": 0.0, "poi_transport": 3, "attractiveness_updated": 0.3 }, "geometry": { "type": "Point", "coordinates": [ 4339927.048910464160144, 5639620.268335828557611 ] } },
{ "type": "Feature", "properties": { "ID": 317624, "Address": "улица имени Дзержинского, 110Ак1", "lat": 45.117539, "long": 38.986928, "population_x": 7000.0, "poi_count": 22, "type": "pvz", "hex_id": 47, "poi_amenity": 0, "poi_shop": 0, "poi_office": 0, "poi_leisure": 0, "poi_tourism": 0, "population_y": 7000.0, "car_traffic": 26000.0, "foot_traffic": 15000.0, "attractiveness": 0.0, "poi_transport": 0, "attractiveness_updated": 0.0 }, "geometry": { "type": "Point", "coordinates": [ 4340004.972554019652307, 5640044.615215270780027 ] } },
{ "type": "Feature", "properties": { "ID": 50035892, "Address": "жилой комплекс Архитектор", "lat": 45.116522, "long": 38.973148, "population_x": 26000.0, "poi_count": 4, "type": "pvz", "hex_id": 39, "poi_amenity": 0, "poi_shop": 0, "poi_office": 0, "poi_leisure": 0, "poi_tourism": 0, "population_y": 26000.0, "car_traffic": 26000.0, "foot_traffic": 21000.0, "attractiveness": 0.0, "poi_transport": 0, "attractiveness_updated": 0.0 }, "geometry": { "type": "Point", "coordinates": [ 4338470.98997088894248, 5639884.181348103098571 ] } },
{ "type": "Feature", "properties": { "ID": 326073, "Address": "Пригородная улица, 161", "lat": 45.123969, "long": 38.979014, "population_x": 7000.0, "poi_count": 13, "type": "pvz", "hex_id": 47, "poi_amenity": 0, "poi_shop": 0, "poi_office": 0, "poi_leisure": 0, "poi_tourism": 0, "population_y": 7000.0, "car_traffic": 26000.0, "foot_traffic": 15000.0, "attractiveness": 0.0, "poi_transport": 0, "attractiveness_updated": 0.0 }, "geometry": { "type": "Point", "coordinates": [ 4339123.990103881806135, 5641059.027298615314066 ] } },
{ "type": "Feature", "properties": { "ID": 310391, "Address": "Гороховецкая улица, 1", "lat": 45.123689, "long": 38.976804, "population_x": 7000.0, "poi_count": 2, "type": "pvz", "hex_id": 47, "poi_amenity": 0, "poi_shop": 0, "poi_office": 0, "poi_leisure": 0, "poi_tourism": 0, "population_y": 7000.0, "car_traffic": 26000.0, "foot_traffic": 15000.0, "attractiveness": 0.0, "poi_transport": 0, "attractiveness_updated": 0.0 }, "geometry": { "type": "Point", "coordinates": [ 4338877.974029229022563, 5641014.851452211849391 ] } },
{ "type": "Feature", "properties": { "ID": 310169, "Address": "3-й Звенигородский проезд, 79", "lat": 45.124541, "long": 38.969276, "population_x": 5000.0, "poi_count": 8, "type": "pvz", "hex_id": 40, "poi_amenity": 0, "poi_shop": 0, "poi_office": 0, "poi_leisure": 0, "poi_tourism": 0, "population_y": 5000.0, "car_traffic": 4600.0, "foot_traffic": 7000.0, "attractiveness": 0.0, "poi_transport": 0, "attractiveness_updated": 0.0 }, "geometry": { "type": "Point", "coordinates": [ 4338039.960902536287904, 5641149.272915878333151 ] } },
{ "type": "Feature", "properties": { "ID": 162837, "Address": "улица Изосимова, 10", "lat": 45.126983, "long": 38.970462, "population_x": 5000.0, "poi_count": 8, "type": "pvz", "hex_id": 40, "poi_amenity": 0, "poi_shop": 0, "poi_office": 0, "poi_leisure": 0, "poi_tourism": 0, "population_y": 5000.0, "car_traffic": 4600.0, "foot_traffic": 7000.0, "attractiveness": 0.0, "poi_transport": 0, "attractiveness_updated": 0.0 }, "geometry": { "type": "Point", "coordinates": [ 4338171.985818617977202, 5641534.562460071407259 ] } },
{ "type": "Feature", "properties": { "ID": 137621, "Address": "3-й Звенигородский проезд, 41", "lat": 45.125018, "long": 38.965189, "population_x": 5000.0, "poi_count": 8, "type": "pvz", "hex_id": 40, "poi_amenity": 0, "poi_shop": 0, "poi_office": 0, "poi_leisure": 0, "poi_tourism": 0, "population_y": 5000.0, "car_traffic": 4600.0, "foot_traffic": 7000.0, "attractiveness": 0.0, "poi_transport": 0, "attractiveness_updated": 0.0 }, "geometry": { "type": "Point", "coordinates": [ 4337584.998143664561212, 5641224.53087954223156 ] } },
{ "type": "Feature", "properties": { "ID": 50017284, "Address": "Звенигородская улица, 1А", "lat": 45.126138, "long": 38.955182, "population_x": 5000.0, "poi_count": 7, "type": "pvz", "hex_id": 40, "poi_amenity": 0, "poi_shop": 0, "poi_office": 0, "poi_leisure": 0, "poi_tourism": 0, "population_y": 5000.0, "car_traffic": 4600.0, "foot_traffic": 7000.0, "attractiveness": 0.0, "poi_transport": 0, "attractiveness_updated": 0.0 }, "geometry": { "type": "Point", "coordinates": [ 4336471.02399929612875, 5641401.239682788960636 ] } },
{ "type": "Feature", "properties": { "ID": 165263, "Address": "Пригородная улица, 11", "lat": 45.127104, "long": 38.951714, "population_x": 5000.0, "poi_count": 6, "type": "pvz", "hex_id": 40, "poi_amenity": 0, "poi_shop": 0, "poi_office": 0, "poi_leisure": 0, "poi_tourism": 0, "population_y": 5000.0, "car_traffic": 4600.0, "foot_traffic": 7000.0, "attractiveness": 0.0, "poi_transport": 0, "attractiveness_updated": 0.0 }, "geometry": { "type": "Point", "coordinates": [ 4336084.968005225993693, 5641553.653812316246331 ] } },
{ "type": "Feature", "properties": { "ID": 156999, "Address": "Ягодная улица, 487\n", "lat": 45.131861, "long": 38.960284, "population_x": 5000.0, "poi_count": 1, "type": "pvz", "hex_id": 40, "poi_amenity": 0, "poi_shop": 0, "poi_office": 0, "poi_leisure": 0, "poi_tourism": 0, "population_y": 5000.0, "car_traffic": 4600.0, "foot_traffic": 7000.0, "attractiveness": 0.0, "poi_transport": 0, "attractiveness_updated": 0.0 }, "geometry": { "type": "Point", "coordinates": [ 4337038.976041323505342, 5642304.244276058860123 ] } },
{ "type": "Feature", "properties": { "ID": 156977, "Address": "Лимонная улица, 193", "lat": 45.130347, "long": 38.973597, "population_x": 5000.0, "poi_count": 10, "type": "pvz", "hex_id": 40, "poi_amenity": 0, "poi_shop": 0, "poi_office": 0, "poi_leisure": 0, "poi_tourism": 0, "population_y": 5000.0, "car_traffic": 4600.0, "foot_traffic": 7000.0, "attractiveness": 0.0, "poi_transport": 1, "attractiveness_updated": 0.1 }, "geometry": { "type": "Point", "coordinates": [ 4338520.972422254271805, 5642065.348697160370648 ] } },
{ "type": "Feature", "properties": { "ID": 308179, "Address": "улица Садовое Кольцо, 3", "lat": 45.132071, "long": 38.974765, "population_x": 5000.0, "poi_count": 8, "type": "pvz", "hex_id": 40, "poi_amenity": 0, "poi_shop": 0, "poi_office": 0, "poi_leisure": 0, "poi_tourism": 0, "population_y": 5000.0, "car_traffic": 4600.0, "foot_traffic": 7000.0, "attractiveness": 0.0, "poi_transport": 1, "attractiveness_updated": 0.1 }, "geometry": { "type": "Point", "coordinates": [ 4338650.993587500415742, 5642337.380887559615076 ] } },
{ "type": "Feature", "properties": { "ID": 214131, "Address": "3-я Трудовая улица, 1/3", "lat": 45.13043, "long": 38.978754, "population_x": 7000.0, "poi_count": 5, "type": "pvz", "hex_id": 47, "poi_amenity": 0, "poi_shop": 0, "poi_office": 0, "poi_leisure": 0, "poi_tourism": 0, "population_y": 7000.0, "car_traffic": 26000.0, "foot_traffic": 15000.0, "attractiveness": 0.0, "poi_transport": 0, "attractiveness_updated": 0.0 }, "geometry": { "type": "Point", "coordinates": [ 4339095.047036275267601, 5642078.445186134427786 ] } },
{ "type": "Feature", "properties": { "ID": 319050, "Address": "улица Садовое Кольцо, 9/1", "lat": 45.132795, "long": 38.978358, "population_x": 7000.0, "poi_count": 3, "type": "pvz", "hex_id": 47, "poi_amenity": 0, "poi_shop": 0, "poi_office": 0, "poi_leisure": 0, "poi_tourism": 0, "population_y": 7000.0, "car_traffic": 26000.0, "foot_traffic": 15000.0, "attractiveness": 0.0, "poi_transport": 0, "attractiveness_updated": 0.0 }, "geometry": { "type": "Point", "coordinates": [ 4339050.964517920278013, 5642451.624236000701785 ] } },
{ "type": "Feature", "properties": { "ID": 50034918, "Address": "Апрельская улица, 5", "lat": 45.13366, "long": 38.985482, "population_x": 7000.0, "poi_count": 10, "type": "pvz", "hex_id": 47, "poi_amenity": 0, "poi_shop": 0, "poi_office": 0, "poi_leisure": 0, "poi_tourism": 0, "population_y": 7000.0, "car_traffic": 26000.0, "foot_traffic": 15000.0, "attractiveness": 0.0, "poi_transport": 0, "attractiveness_updated": 0.0 }, "geometry": { "type": "Point", "coordinates": [ 4339844.004570332355797, 5642588.118535850197077 ] } },
{ "type": "Feature", "properties": { "ID": 164023, "Address": "3-я Трудовая улица, 1", "lat": 45.129215, "long": 38.986892, "population_x": 7000.0, "poi_count": 8, "type": "pvz", "hex_id": 47, "poi_amenity": 0, "poi_shop": 0, "poi_office": 0, "poi_leisure": 0, "poi_tourism": 0, "population_y": 7000.0, "car_traffic": 26000.0, "foot_traffic": 15000.0, "attractiveness": 0.0, "poi_transport": 3, "attractiveness_updated": 0.3 }, "geometry": { "type": "Point", "coordinates": [ 4340000.96505235042423, 5641886.733424730598927 ] } },
{ "type": "Feature", "properties": { "ID": 103929, "Address": "3-я Трудовая улица, 43", "lat": 45.128433, "long": 38.993728, "population_x": 7000.0, "poi_count": 12, "type": "pvz", "hex_id": 47, "poi_amenity": 0, "poi_shop": 0, "poi_office": 0, "poi_leisure": 0, "poi_tourism": 0, "population_y": 7000.0, "car_traffic": 26000.0, "foot_traffic": 15000.0, "attractiveness": 0.0, "poi_transport": 1, "attractiveness_updated": 0.1 }, "geometry": { "type": "Point", "coordinates": [ 4340761.945091413334012, 5641763.345792660489678 ] } },
{ "type": "Feature", "properties": { "ID": 50007090, "Address": "1-я Первомайская улица, 23", "lat": 45.127327, "long": 39.002173, "population_x": 7000.0, "poi_count": 4, "type": "pvz", "hex_id": 47, "poi_amenity": 0, "poi_shop": 0, "poi_office": 0, "poi_leisure": 0, "poi_tourism": 0, "population_y": 7000.0, "car_traffic": 26000.0, "foot_traffic": 15000.0, "attractiveness": 0.0, "poi_transport": 0, "attractiveness_updated": 0.0 }, "geometry": { "type": "Point", "coordinates": [ 4341702.038191162981093, 5641588.838807258754969 ] } },
{ "type": "Feature", "properties": { "ID": 326835, "Address": "Магистральная улица, 15А", "lat": 45.136006, "long": 39.002613, "population_x": 12000.0, "poi_count": 1, "type": "pvz", "hex_id": 56, "poi_amenity": 0, "poi_shop": 0, "poi_office": 0, "poi_leisure": 0, "poi_tourism": 0, "population_y": 12000.0, "car_traffic": 23000.0, "foot_traffic": 13000.0, "attractiveness": 0.0, "poi_transport": 0, "attractiveness_updated": 0.0 }, "geometry": { "type": "Point", "coordinates": [ 4341751.018767111934721, 5642958.320434755645692 ] } },
{ "type": "Feature", "properties": { "ID": 123078, "Address": "9-я Тихая улица, 11/1", "lat": 45.137793, "long": 38.998283, "population_x": 7000.0, "poi_count": 22, "type": "pvz", "hex_id": 47, "poi_amenity": 0, "poi_shop": 0, "poi_office": 0, "poi_leisure": 0, "poi_tourism": 0, "population_y": 7000.0, "car_traffic": 26000.0, "foot_traffic": 15000.0, "attractiveness": 0.0, "poi_transport": 3, "attractiveness_updated": 0.3 }, "geometry": { "type": "Point", "coordinates": [ 4341269.005371977575123, 5643240.321614404208958 ] } },
{ "type": "Feature", "properties": { "ID": 50006425, "Address": "5-я Дорожная улица, 47", "lat": 45.137043, "long": 38.993971, "population_x": 7000.0, "poi_count": 20, "type": "pvz", "hex_id": 47, "poi_amenity": 0, "poi_shop": 0, "poi_office": 0, "poi_leisure": 0, "poi_tourism": 0, "population_y": 7000.0, "car_traffic": 26000.0, "foot_traffic": 15000.0, "attractiveness": 0.0, "poi_transport": 0, "attractiveness_updated": 0.0 }, "geometry": { "type": "Point", "coordinates": [ 4340788.995727676898241, 5643121.965258561074734 ] } },
{ "type": "Feature", "properties": { "ID": 324782, "Address": "Дубравная улица, 1", "lat": 45.139732, "long": 38.986677, "population_x": 9000.0, "poi_count": 5, "type": "pvz", "hex_id": 48, "poi_amenity": 0, "poi_shop": 0, "poi_office": 0, "poi_leisure": 0, "poi_tourism": 0, "population_y": 9000.0, "car_traffic": 2200.0, "foot_traffic": 5000.0, "attractiveness": 0.0, "poi_transport": 0, "attractiveness_updated": 0.0 }, "geometry": { "type": "Point", "coordinates": [ 4339977.03136182948947, 5643546.319461558945477 ] } },
{ "type": "Feature", "properties": { "ID": 137365, "Address": "Душистая улица, 24", "lat": 45.1415, "long": 38.988994, "population_x": 9000.0, "poi_count": 6, "type": "pvz", "hex_id": 48, "poi_amenity": 0, "poi_shop": 0, "poi_office": 0, "poi_leisure": 0, "poi_tourism": 0, "population_y": 9000.0, "car_traffic": 2200.0, "foot_traffic": 5000.0, "attractiveness": 0.0, "poi_transport": 0, "attractiveness_updated": 0.0 }, "geometry": { "type": "Point", "coordinates": [ 4340234.95862199831754, 5643825.340493484400213 ] } },
{ "type": "Feature", "properties": { "ID": 142978, "Address": "Душистая улица, 23", "lat": 45.142345, "long": 38.985931, "population_x": 9000.0, "poi_count": 5, "type": "pvz", "hex_id": 48, "poi_amenity": 0, "poi_shop": 0, "poi_office": 0, "poi_leisure": 0, "poi_tourism": 0, "population_y": 9000.0, "car_traffic": 2200.0, "foot_traffic": 5000.0, "attractiveness": 0.0, "poi_transport": 0, "attractiveness_updated": 0.0 }, "geometry": { "type": "Point", "coordinates": [ 4339893.987021698616445, 5643958.69918966665864 ] } },
{ "type": "Feature", "properties": { "ID": 50015985, "Address": "Душистая улица, 30к2", "lat": 45.141093, "long": 38.990513, "population_x": 9000.0, "poi_count": 13, "type": "pvz", "hex_id": 48, "poi_amenity": 0, "poi_shop": 0, "poi_office": 0, "poi_leisure": 0, "poi_tourism": 0, "population_y": 9000.0, "car_traffic": 2200.0, "foot_traffic": 5000.0, "attractiveness": 0.0, "poi_transport": 0, "attractiveness_updated": 0.0 }, "geometry": { "type": "Point", "coordinates": [ 4340404.052928511984646, 5643761.108075264841318 ] } },
{ "type": "Feature", "properties": { "ID": 308364, "Address": "Душистая улица, 50", "lat": 45.141099, "long": 38.993998, "population_x": 9000.0, "poi_count": 24, "type": "pvz", "hex_id": 48, "poi_amenity": 0, "poi_shop": 0, "poi_office": 0, "poi_leisure": 0, "poi_tourism": 0, "population_y": 9000.0, "car_traffic": 2200.0, "foot_traffic": 5000.0, "attractiveness": 0.0, "poi_transport": 0, "attractiveness_updated": 0.0 }, "geometry": { "type": "Point", "coordinates": [ 4340792.001353927887976, 5643762.054987191222608 ] } },
{ "type": "Feature", "properties": { "ID": 137674, "Address": "5-я Дорожная улица, 68к2", "lat": 45.140482, "long": 38.995804, "population_x": 9000.0, "poi_count": 34, "type": "pvz", "hex_id": 48, "poi_amenity": 0, "poi_shop": 0, "poi_office": 0, "poi_leisure": 0, "poi_tourism": 0, "population_y": 9000.0, "car_traffic": 2200.0, "foot_traffic": 5000.0, "attractiveness": 0.0, "poi_transport": 0, "attractiveness_updated": 0.0 }, "geometry": { "type": "Point", "coordinates": [ 4340993.044354300945997, 5643664.681399194523692 ] } },
{ "type": "Feature", "properties": { "ID": 141025, "Address": "Душистая улица, 60к2", "lat": 45.140635, "long": 38.998121, "population_x": 12000.0, "poi_count": 27, "type": "pvz", "hex_id": 56, "poi_amenity": 0, "poi_shop": 0, "poi_office": 0, "poi_leisure": 0, "poi_tourism": 0, "population_y": 12000.0, "car_traffic": 23000.0, "foot_traffic": 13000.0, "attractiveness": 0.0, "poi_transport": 0, "attractiveness_updated": 0.0 }, "geometry": { "type": "Point", "coordinates": [ 4341250.971614468842745, 5643688.827425679191947 ] } },
{ "type": "Feature", "properties": { "ID": 141910, "Address": "Душистая улица, 79к1", "lat": 45.141932, "long": 38.998651, "population_x": 12000.0, "poi_count": 27, "type": "pvz", "hex_id": 56, "poi_amenity": 0, "poi_shop": 0, "poi_office": 0, "poi_leisure": 0, "poi_tourism": 0, "population_y": 12000.0, "car_traffic": 23000.0, "foot_traffic": 13000.0, "attractiveness": 0.0, "poi_transport": 0, "attractiveness_updated": 0.0 }, "geometry": { "type": "Point", "coordinates": [ 4341309.970944588072598, 5643893.518893581815064 ] } },
{ "type": "Feature", "properties": { "ID": 307996, "Address": "Душистая улица, 79к2", "lat": 45.141964, "long": 38.99787, "population_x": 12000.0, "poi_count": 33, "type": "pvz", "hex_id": 56, "poi_amenity": 0, "poi_shop": 0, "poi_office": 0, "poi_leisure": 0, "poi_tourism": 0, "population_y": 12000.0, "car_traffic": 23000.0, "foot_traffic": 13000.0, "attractiveness": 0.0, "poi_transport": 0, "attractiveness_updated": 0.0 }, "geometry": { "type": "Point", "coordinates": [ 4341223.03042227961123, 5643898.569165991619229 ] } },
{ "type": "Feature", "properties": { "ID": 214779, "Address": "Душистая улица, 53", "lat": 45.142968, "long": 38.9946, "population_x": 9000.0, "poi_count": 41, "type": "pvz", "hex_id": 48, "poi_amenity": 0, "poi_shop": 0, "poi_office": 0, "poi_leisure": 0, "poi_tourism": 0, "population_y": 9000.0, "car_traffic": 2200.0, "foot_traffic": 5000.0, "attractiveness": 0.0, "poi_transport": 0, "attractiveness_updated": 0.0 }, "geometry": { "type": "Point", "coordinates": [ 4340859.015687385573983, 5644057.02290253713727 ] } },
{ "type": "Feature", "properties": { "ID": 331720, "Address": "3-я Целиноградская улица, 10", "lat": 45.144806, "long": 38.995642, "population_x": 9000.0, "poi_count": 27, "type": "pvz", "hex_id": 48, "poi_amenity": 0, "poi_shop": 0, "poi_office": 0, "poi_leisure": 0, "poi_tourism": 0, "population_y": 9000.0, "car_traffic": 2200.0, "foot_traffic": 5000.0, "attractiveness": 0.0, "poi_transport": 0, "attractiveness_updated": 0.0 }, "geometry": { "type": "Point", "coordinates": [ 4340975.010596792213619, 5644347.107790092006326 ] } },
{ "type": "Feature", "properties": { "ID": 127374, "Address": "Целиноградская улица, 4/6", "lat": 45.145969, "long": 38.993288, "population_x": 9000.0, "poi_count": 17, "type": "pvz", "hex_id": 48, "poi_amenity": 0, "poi_shop": 0, "poi_office": 0, "poi_leisure": 0, "poi_tourism": 0, "population_y": 9000.0, "car_traffic": 2200.0, "foot_traffic": 5000.0, "attractiveness": 0.0, "poi_transport": 0, "attractiveness_updated": 0.0 }, "geometry": { "type": "Point", "coordinates": [ 4340712.964515466243029, 5644530.664702099747956 ] } },
{ "type": "Feature", "properties": { "ID": 301416, "Address": "Целиноградская улица, 4/2к3", "lat": 45.146547, "long": 38.995795, "population_x": 9000.0, "poi_count": 19, "type": "pvz", "hex_id": 48, "poi_amenity": 0, "poi_shop": 0, "poi_office": 0, "poi_leisure": 0, "poi_tourism": 0, "population_y": 9000.0, "car_traffic": 2200.0, "foot_traffic": 5000.0, "attractiveness": 0.0, "poi_transport": 0, "attractiveness_updated": 0.0 }, "geometry": { "type": "Point", "coordinates": [ 4340992.042478883638978, 5644621.892144318670034 ] } },
{ "type": "Feature", "properties": { "ID": 310086, "Address": "Ейское шоссе, 1/5", "lat": 45.148849, "long": 38.998813, "population_x": 12000.0, "poi_count": 0, "type": "pvz", "hex_id": 56, "poi_amenity": 0, "poi_shop": 0, "poi_office": 0, "poi_leisure": 0, "poi_tourism": 0, "population_y": 12000.0, "car_traffic": 23000.0, "foot_traffic": 13000.0, "attractiveness": 0.0, "poi_transport": 0, "attractiveness_updated": 0.0 }, "geometry": { "type": "Point", "coordinates": [ 4341328.004702097736299, 5644985.232762412168086 ] } },
{ "type": "Feature", "properties": { "ID": 50027095, "Address": "улица Профессора Рудакова, 1", "lat": 45.149815, "long": 38.998427, "population_x": 9000.0, "poi_count": 0, "type": "pvz", "hex_id": 48, "poi_amenity": 0, "poi_shop": 0, "poi_office": 0, "poi_leisure": 0, "poi_tourism": 0, "population_y": 9000.0, "car_traffic": 2200.0, "foot_traffic": 5000.0, "attractiveness": 0.0, "poi_transport": 0, "attractiveness_updated": 0.0 }, "geometry": { "type": "Point", "coordinates": [ 4341285.035378651693463, 5645137.707609882578254 ] } },
{ "type": "Feature", "properties": { "ID": 312340, "Address": "улица Мира, 38/1", "lat": 45.150253, "long": 39.016016, "population_x": 12000.0, "poi_count": 0, "type": "pvz", "hex_id": 56, "poi_amenity": 0, "poi_shop": 0, "poi_office": 0, "poi_leisure": 0, "poi_tourism": 0, "population_y": 12000.0, "car_traffic": 23000.0, "foot_traffic": 13000.0, "attractiveness": 0.0, "poi_transport": 0, "attractiveness_updated": 0.0 }, "geometry": { "type": "Point", "coordinates": [ 4343243.033902213908732, 5645206.843019547872245 ] } },
{ "type": "Feature", "properties": { "ID": 319966, "Address": "улица Мира, 37В", "lat": 45.150571, "long": 39.013024, "population_x": 12000.0, "poi_count": 0, "type": "pvz", "hex_id": 56, "poi_amenity": 0, "poi_shop": 0, "poi_office": 0, "poi_leisure": 0, "poi_tourism": 0, "population_y": 12000.0, "car_traffic": 23000.0, "foot_traffic": 13000.0, "attractiveness": 0.0, "poi_transport": 0, "attractiveness_updated": 0.0 }, "geometry": { "type": "Point", "coordinates": [ 4342909.965985761024058, 5645257.037553970701993 ] } },
{ "type": "Feature", "properties": { "ID": 203076, "Address": "улица Мира, 17", "lat": 45.150571, "long": 39.00697, "population_x": 12000.0, "poi_count": 0, "type": "pvz", "hex_id": 56, "poi_amenity": 0, "poi_shop": 0, "poi_office": 0, "poi_leisure": 0, "poi_tourism": 0, "population_y": 12000.0, "car_traffic": 23000.0, "foot_traffic": 13000.0, "attractiveness": 0.0, "poi_transport": 0, "attractiveness_updated": 0.0 }, "geometry": { "type": "Point", "coordinates": [ 4342236.037788497284055, 5645257.037553970701993 ] } },
{ "type": "Feature", "properties": { "ID": 50001712, "Address": "улица имени Профессора Малигонова, 38А", "lat": 45.152637, "long": 38.973139, "population_x": 9000.0, "poi_count": 0, "type": "pvz", "hex_id": 48, "poi_amenity": 0, "poi_shop": 0, "poi_office": 0, "poi_leisure": 0, "poi_tourism": 0, "population_y": 9000.0, "car_traffic": 2200.0, "foot_traffic": 5000.0, "attractiveness": 0.0, "poi_transport": 0, "attractiveness_updated": 0.0 }, "geometry": { "type": "Point", "coordinates": [ 4338469.988095471635461, 5645583.151003698818386 ] } },
{ "type": "Feature", "properties": { "ID": 214020, "Address": "Северная улица, 50", "lat": 45.159559, "long": 39.023597, "population_x": 1000.0, "poi_count": 0, "type": "pvz", "hex_id": 64, "poi_amenity": 0, "poi_shop": 0, "poi_office": 0, "poi_leisure": 0, "poi_tourism": 0, "population_y": 1000.0, "car_traffic": null, "foot_traffic": null, "attractiveness": 0.0, "poi_transport": 0, "attractiveness_updated": 0.0 }, "geometry": { "type": "Point", "coordinates": [ 4344086.94696191791445, 5646675.859289894811809 ] } },
{ "type": "Feature", "properties": { "ID": 307160, "Address": "Войсковая улица, 8/5", "lat": 45.161465, "long": 39.018324, "population_x": 1000.0, "poi_count": 0, "type": "pvz", "hex_id": 64, "poi_amenity": 0, "poi_shop": 0, "poi_office": 0, "poi_leisure": 0, "poi_tourism": 0, "population_y": 1000.0, "car_traffic": null, "foot_traffic": null, "attractiveness": 0.0, "poi_transport": 0, "attractiveness_updated": 0.0 }, "geometry": { "type": "Point", "coordinates": [ 4343499.95928696449846, 5646976.764134477823973 ] } },
{ "type": "Feature", "properties": { "ID": 50004460, "Address": "Бисерная улица, 18", "lat": 45.122316, "long": 39.04151, "population_x": 7000.0, "poi_count": 0, "type": "pvz", "hex_id": 62, "poi_amenity": 0, "poi_shop": 0, "poi_office": 0, "poi_leisure": 0, "poi_tourism": 0, "population_y": 7000.0, "car_traffic": 1100.0, "foot_traffic": 3200.0, "attractiveness": 0.0, "poi_transport": 0, "attractiveness_updated": 0.0 }, "geometry": { "type": "Point", "coordinates": [ 4346081.013000498525798, 5640798.235172177664936 ] } },
{ "type": "Feature", "properties": { "ID": 202818, "Address": "улица Академика Королёва, 51", "lat": 45.12063, "long": 39.040531, "population_x": 7000.0, "poi_count": 0, "type": "pvz", "hex_id": 62, "poi_amenity": 0, "poi_shop": 0, "poi_office": 0, "poi_leisure": 0, "poi_tourism": 0, "population_y": 7000.0, "car_traffic": 1100.0, "foot_traffic": 3200.0, "attractiveness": 0.0, "poi_transport": 0, "attractiveness_updated": 0.0 }, "geometry": { "type": "Point", "coordinates": [ 4345972.031219011172652, 5640532.24445313308388 ] } },
{ "type": "Feature", "properties": { "ID": 215368, "Address": "Альпийский проезд, 25", "lat": 45.115434, "long": 39.043495, "population_x": 7000.0, "poi_count": 19, "type": "pvz", "hex_id": 62, "poi_amenity": 0, "poi_shop": 0, "poi_office": 0, "poi_leisure": 0, "poi_tourism": 0, "population_y": 7000.0, "car_traffic": 1100.0, "foot_traffic": 3200.0, "attractiveness": 0.0, "poi_transport": 0, "attractiveness_updated": 0.0 }, "geometry": { "type": "Point", "coordinates": [ 4346301.982189721427858, 5639712.550248797051609 ] } },
{ "type": "Feature", "properties": { "ID": 50013072, "Address": "улица Ратной Славы, 108", "lat": 45.112966, "long": 39.043262, "population_x": 7000.0, "poi_count": 26, "type": "pvz", "hex_id": 62, "poi_amenity": 0, "poi_shop": 0, "poi_office": 0, "poi_leisure": 0, "poi_tourism": 0, "population_y": 7000.0, "car_traffic": 1100.0, "foot_traffic": 3200.0, "attractiveness": 0.0, "poi_transport": 0, "attractiveness_updated": 0.0 }, "geometry": { "type": "Point", "coordinates": [ 4346276.044748367741704, 5639323.237421799451113 ] } },
{ "type": "Feature", "properties": { "ID": 144158, "Address": "Измаильская улица, 85", "lat": 45.114136, "long": 39.048912, "population_x": 7000.0, "poi_count": 113, "type": "pvz", "hex_id": 62, "poi_amenity": 0, "poi_shop": 0, "poi_office": 0, "poi_leisure": 0, "poi_tourism": 0, "population_y": 7000.0, "car_traffic": 1100.0, "foot_traffic": 3200.0, "attractiveness": 0.0, "poi_transport": 0, "attractiveness_updated": 0.0 }, "geometry": { "type": "Point", "coordinates": [ 4346904.99987134989351, 5639507.796103929169476 ] } },
{ "type": "Feature", "properties": { "ID": 349000, "Address": "улица имени В.М. Комарова, 106Бк7", "lat": 45.115968, "long": 39.053179, "population_x": 7000.0, "poi_count": 76, "type": "pvz", "hex_id": 62, "poi_amenity": 0, "poi_shop": 0, "poi_office": 0, "poi_leisure": 0, "poi_tourism": 0, "population_y": 7000.0, "car_traffic": 1100.0, "foot_traffic": 3200.0, "attractiveness": 0.0, "poi_transport": 0, "attractiveness_updated": 0.0 }, "geometry": { "type": "Point", "coordinates": [ 4347380.000138564966619, 5639796.787897821515799 ] } },
{ "type": "Feature", "properties": { "ID": 308375, "Address": "Чукотская улица, 29", "lat": 45.103659, "long": 39.043423, "population_x": 26000.0, "poi_count": 0, "type": "pvz", "hex_id": 54, "poi_amenity": 0, "poi_shop": 0, "poi_office": 0, "poi_leisure": 0, "poi_tourism": 0, "population_y": 26000.0, "car_traffic": 13000.0, "foot_traffic": 15000.0, "attractiveness": 0.0, "poi_transport": 0, "attractiveness_updated": 0.0 }, "geometry": { "type": "Point", "coordinates": [ 4346293.967186385765672, 5637855.263052977621555 ] } },
{ "type": "Feature", "properties": { "ID": 313489, "Address": "улица Лётчика Позднякова, 2к16", "lat": 45.104315, "long": 39.0605, "population_x": 11000.0, "poi_count": 2, "type": "pvz", "hex_id": 61, "poi_amenity": 0, "poi_shop": 0, "poi_office": 0, "poi_leisure": 0, "poi_tourism": 0, "population_y": 11000.0, "car_traffic": 7500.0, "foot_traffic": 4400.0, "attractiveness": 0.0, "poi_transport": 0, "attractiveness_updated": 0.0 }, "geometry": { "type": "Point", "coordinates": [ 4348194.970130662433803, 5637958.724771617911756 ] } },
{ "type": "Feature", "properties": { "ID": 313489, "Address": "улица Лётчика Позднякова, 2к19", "lat": 45.104327, "long": 39.062126, "population_x": 11000.0, "poi_count": 2, "type": "pvz", "hex_id": 61, "poi_amenity": 0, "poi_shop": 0, "poi_office": 0, "poi_leisure": 0, "poi_tourism": 0, "population_y": 11000.0, "car_traffic": 7500.0, "foot_traffic": 4400.0, "attractiveness": 0.0, "poi_transport": 0, "attractiveness_updated": 0.0 }, "geometry": { "type": "Point", "coordinates": [ 4348375.975622692145407, 5637960.61737510189414 ] } },
{ "type": "Feature", "properties": { "ID": 313489, "Address": "улица Лётчика Позднякова, 2к22", "lat": 45.101897, "long": 39.061345, "population_x": 11000.0, "poi_count": 4, "type": "pvz", "hex_id": 61, "poi_amenity": 0, "poi_shop": 0, "poi_office": 0, "poi_leisure": 0, "poi_tourism": 0, "population_y": 11000.0, "car_traffic": 7500.0, "foot_traffic": 4400.0, "attractiveness": 0.0, "poi_transport": 0, "attractiveness_updated": 0.0 }, "geometry": { "type": "Point", "coordinates": [ 4348289.035100382752717, 5637577.373285155743361 ] } },
{ "type": "Feature", "properties": { "ID": 313489, "Address": "улица Лётчика Позднякова, 2к7", "lat": 45.099613, "long": 39.060024, "population_x": 11000.0, "poi_count": 6, "type": "pvz", "hex_id": 61, "poi_amenity": 0, "poi_shop": 0, "poi_office": 0, "poi_leisure": 0, "poi_tourism": 0, "population_y": 11000.0, "car_traffic": 7500.0, "foot_traffic": 4400.0, "attractiveness": 0.0, "poi_transport": 1, "attractiveness_updated": 0.1 }, "geometry": { "type": "Point", "coordinates": [ 4348141.982053044252098, 5637217.170254281722009 ] } },
{ "type": "Feature", "properties": { "ID": 143568, "Address": "улица Лётчика Позднякова, 2к2", "lat": 45.09794, "long": 39.060572, "population_x": 11000.0, "poi_count": 6, "type": "pvz", "hex_id": 61, "poi_amenity": 0, "poi_shop": 0, "poi_office": 0, "poi_leisure": 0, "poi_tourism": 0, "population_y": 11000.0, "car_traffic": 7500.0, "foot_traffic": 4400.0, "attractiveness": 0.0, "poi_transport": 2, "attractiveness_updated": 0.2 }, "geometry": { "type": "Point", "coordinates": [ 4348202.985134, 5636953.335407916456461 ] } },
{ "type": "Feature", "properties": { "ID": 305044, "Address": "улица Шевцова, 36/1", "lat": 45.095038, "long": 39.048858, "population_x": 11000.0, "poi_count": 2, "type": "pvz", "hex_id": 61, "poi_amenity": 0, "poi_shop": 0, "poi_office": 0, "poi_leisure": 0, "poi_tourism": 0, "population_y": 11000.0, "car_traffic": 7500.0, "foot_traffic": 4400.0, "attractiveness": 0.0, "poi_transport": 1, "attractiveness_updated": 0.1 }, "geometry": { "type": "Point", "coordinates": [ 4346898.988618846051395, 5636495.703577372245491 ] } },
{ "type": "Feature", "properties": { "ID": 162151, "Address": "улица Краеведа Соловьёва, 6к1", "lat": 45.092474, "long": 39.045292, "population_x": 45000.0, "poi_count": 21, "type": "pvz", "hex_id": 53, "poi_amenity": 0, "poi_shop": 0, "poi_office": 0, "poi_leisure": 0, "poi_tourism": 0, "population_y": 45000.0, "car_traffic": 14000.0, "foot_traffic": 25000.0, "attractiveness": 0.0, "poi_transport": 0, "attractiveness_updated": 0.0 }, "geometry": { "type": "Point", "coordinates": [ 4346502.023314679041505, 5636091.392116601578891 ] } },
{ "type": "Feature", "properties": { "ID": 306178, "Address": "улица Краеведа Соловьёва, 6к6", "lat": 45.091335, "long": 39.046522, "population_x": 45000.0, "poi_count": 20, "type": "pvz", "hex_id": 53, "poi_amenity": 0, "poi_shop": 0, "poi_office": 0, "poi_leisure": 0, "poi_tourism": 0, "population_y": 45000.0, "car_traffic": 14000.0, "foot_traffic": 25000.0, "attractiveness": 0.0, "poi_transport": 0, "attractiveness_updated": 0.0 }, "geometry": { "type": "Point", "coordinates": [ 4346638.946288353763521, 5635911.79156107455492 ] } },
{ "type": "Feature", "properties": { "ID": 363859, "Address": "улица Шевцова, 8", "lat": 45.090094, "long": 39.048086, "population_x": 45000.0, "poi_count": 18, "type": "pvz", "hex_id": 53, "poi_amenity": 0, "poi_shop": 0, "poi_office": 0, "poi_leisure": 0, "poi_tourism": 0, "population_y": 45000.0, "car_traffic": 14000.0, "foot_traffic": 25000.0, "attractiveness": 0.0, "poi_transport": 0, "attractiveness_updated": 0.0 }, "geometry": { "type": "Point", "coordinates": [ 4346813.049971953034401, 5635716.111450889147818 ] } },
{ "type": "Feature", "properties": { "ID": 160805, "Address": "улица Краеведа Соловьёва, 2к1", "lat": 45.088815, "long": 39.045292, "population_x": 45000.0, "poi_count": 22, "type": "pvz", "hex_id": 53, "poi_amenity": 0, "poi_shop": 0, "poi_office": 0, "poi_leisure": 0, "poi_tourism": 0, "population_y": 45000.0, "car_traffic": 14000.0, "foot_traffic": 25000.0, "attractiveness": 0.0, "poi_transport": 1, "attractiveness_updated": 0.1 }, "geometry": { "type": "Point", "coordinates": [ 4346502.023314679041505, 5635514.44397318828851 ] } },
{ "type": "Feature", "properties": { "ID": 217229, "Address": "посёлок Краснодарский, 66к2", "lat": 45.087339, "long": 39.046648, "population_x": 45000.0, "poi_count": 7, "type": "pvz", "hex_id": 53, "poi_amenity": 0, "poi_shop": 0, "poi_office": 0, "poi_leisure": 0, "poi_tourism": 0, "population_y": 45000.0, "car_traffic": 14000.0, "foot_traffic": 25000.0, "attractiveness": 0.0, "poi_transport": 0, "attractiveness_updated": 0.0 }, "geometry": { "type": "Point", "coordinates": [ 4346652.972544193267822, 5635281.719955497421324 ] } },
{ "type": "Feature", "properties": { "ID": 317394, "Address": "улица им. Сорока А.М., 4/1", "lat": 45.088618, "long": 39.050861, "population_x": 45000.0, "poi_count": 4, "type": "pvz", "hex_id": 53, "poi_amenity": 0, "poi_shop": 0, "poi_office": 0, "poi_leisure": 0, "poi_tourism": 0, "population_y": 45000.0, "car_traffic": 14000.0, "foot_traffic": 25000.0, "attractiveness": 0.0, "poi_transport": 0, "attractiveness_updated": 0.0 }, "geometry": { "type": "Point", "coordinates": [ 4347121.961558905430138, 5635483.382221985608339 ] } },
{ "type": "Feature", "properties": { "ID": 50027102, "Address": "посёлок Краснодарский, 63", "lat": 45.085003, "long": 39.044888, "population_x": 45000.0, "poi_count": 1, "type": "pvz", "hex_id": 53, "poi_amenity": 0, "poi_shop": 0, "poi_office": 0, "poi_leisure": 0, "poi_tourism": 0, "population_y": 45000.0, "car_traffic": 14000.0, "foot_traffic": 25000.0, "attractiveness": 0.0, "poi_transport": 0, "attractiveness_updated": 0.0 }, "geometry": { "type": "Point", "coordinates": [ 4346457.050240398384631, 5634913.410222581587732 ] } },
{ "type": "Feature", "properties": { "ID": 50009353, "Address": "микрорайон Любимово, 10", "lat": 45.081643, "long": 39.03568, "population_x": 45000.0, "poi_count": 4, "type": "pvz", "hex_id": 53, "poi_amenity": 0, "poi_shop": 0, "poi_office": 0, "poi_leisure": 0, "poi_tourism": 0, "population_y": 45000.0, "car_traffic": 14000.0, "foot_traffic": 25000.0, "attractiveness": 0.0, "poi_transport": 0, "attractiveness_updated": 0.0 }, "geometry": { "type": "Point", "coordinates": [ 4345432.020369172096252, 5634383.676057872362435 ] } },
{ "type": "Feature", "properties": { "ID": 50017222, "Address": "микрорайон Любимово, 8", "lat": 45.083081, "long": 39.035698, "population_x": 45000.0, "poi_count": 5, "type": "pvz", "hex_id": 53, "poi_amenity": 0, "poi_shop": 0, "poi_office": 0, "poi_leisure": 0, "poi_tourism": 0, "population_y": 45000.0, "car_traffic": 14000.0, "foot_traffic": 25000.0, "attractiveness": 0.0, "poi_transport": 0, "attractiveness_updated": 0.0 }, "geometry": { "type": "Point", "coordinates": [ 4345434.024120005778968, 5634610.385854012332857 ] } },
{ "type": "Feature", "properties": { "ID": 311273, "Address": "микрорайон Любимово, 7", "lat": 45.084087, "long": 39.037629, "population_x": 45000.0, "poi_count": 5, "type": "pvz", "hex_id": 53, "poi_amenity": 0, "poi_shop": 0, "poi_office": 0, "poi_leisure": 0, "poi_tourism": 0, "population_y": 45000.0, "car_traffic": 14000.0, "foot_traffic": 25000.0, "attractiveness": 0.0, "poi_transport": 0, "attractiveness_updated": 0.0 }, "geometry": { "type": "Point", "coordinates": [ 4345648.982056728564203, 5634768.991510007530451 ] } },
{ "type": "Feature", "properties": { "ID": 50007038, "Address": "микрорайон Любимово, 5", "lat": 45.084526, "long": 39.035698, "population_x": 45000.0, "poi_count": 5, "type": "pvz", "hex_id": 53, "poi_amenity": 0, "poi_shop": 0, "poi_office": 0, "poi_leisure": 0, "poi_tourism": 0, "population_y": 45000.0, "car_traffic": 14000.0, "foot_traffic": 25000.0, "attractiveness": 0.0, "poi_transport": 0, "attractiveness_updated": 0.0 }, "geometry": { "type": "Point", "coordinates": [ 4345434.024120005778968, 5634838.204992685467005 ] } },
{ "type": "Feature", "properties": { "ID": 50019221, "Address": "микрорайон Любимово, 2", "lat": 45.087574, "long": 39.03798, "population_x": 45000.0, "poi_count": 13, "type": "pvz", "hex_id": 53, "poi_amenity": 0, "poi_shop": 0, "poi_office": 0, "poi_leisure": 0, "poi_tourism": 0, "population_y": 45000.0, "car_traffic": 14000.0, "foot_traffic": 25000.0, "attractiveness": 0.0, "poi_transport": 0, "attractiveness_updated": 0.0 }, "geometry": { "type": "Point", "coordinates": [ 4345688.055197997018695, 5635318.772496185265481 ] } },
{ "type": "Feature", "properties": { "ID": 163597, "Address": "улица Адмирала Крузенштерна, 6", "lat": 45.09173, "long": 39.041833, "population_x": 45000.0, "poi_count": 30, "type": "pvz", "hex_id": 53, "poi_amenity": 0, "poi_shop": 0, "poi_office": 0, "poi_leisure": 0, "poi_tourism": 0, "population_y": 45000.0, "car_traffic": 14000.0, "foot_traffic": 25000.0, "attractiveness": 0.0, "poi_transport": 0, "attractiveness_updated": 0.0 }, "geometry": { "type": "Point", "coordinates": [ 4346116.969196024350822, 5635974.075808089226484 ] } },
{ "type": "Feature", "properties": { "ID": 213012, "Address": "улица Адмирала Крузенштерна, 6/3", "lat": 45.093276, "long": 39.04204, "population_x": 26000.0, "poi_count": 23, "type": "pvz", "hex_id": 54, "poi_amenity": 0, "poi_shop": 0, "poi_office": 0, "poi_leisure": 0, "poi_tourism": 0, "population_y": 26000.0, "car_traffic": 13000.0, "foot_traffic": 15000.0, "attractiveness": 0.0, "poi_transport": 0, "attractiveness_updated": 0.0 }, "geometry": { "type": "Point", "coordinates": [ 4346140.012330618686974, 5636217.855762986466289 ] } },
{ "type": "Feature", "properties": { "ID": 50014330, "Address": "улица Адмирала Крузенштерна, 5/2", "lat": 45.093098, "long": 39.039641, "population_x": 26000.0, "poi_count": 24, "type": "pvz", "hex_id": 54, "poi_amenity": 0, "poi_shop": 0, "poi_office": 0, "poi_leisure": 0, "poi_tourism": 0, "population_y": 26000.0, "car_traffic": 13000.0, "foot_traffic": 15000.0, "attractiveness": 0.0, "poi_transport": 0, "attractiveness_updated": 0.0 }, "geometry": { "type": "Point", "coordinates": [ 4345872.95687220711261, 5636189.787618303671479 ] } },
{ "type": "Feature", "properties": { "ID": 207969, "Address": "улица Адмирала Серебрякова, 3к3", "lat": 45.091666, "long": 39.038536, "population_x": 45000.0, "poi_count": 37, "type": "pvz", "hex_id": 53, "poi_amenity": 0, "poi_shop": 0, "poi_office": 0, "poi_leisure": 0, "poi_tourism": 0, "population_y": 45000.0, "car_traffic": 14000.0, "foot_traffic": 25000.0, "attractiveness": 0.0, "poi_transport": 0, "attractiveness_updated": 0.0 }, "geometry": { "type": "Point", "coordinates": [ 4345749.94883487932384, 5635963.98415401391685 ] } },
{ "type": "Feature", "properties": { "ID": 324796, "Address": "Адмиралтейский бульвар, 3", "lat": 45.09334, "long": 39.036875, "population_x": 26000.0, "poi_count": 33, "type": "pvz", "hex_id": 54, "poi_amenity": 0, "poi_shop": 0, "poi_office": 0, "poi_leisure": 0, "poi_tourism": 0, "population_y": 26000.0, "car_traffic": 13000.0, "foot_traffic": 15000.0, "attractiveness": 0.0, "poi_transport": 0, "attractiveness_updated": 0.0 }, "geometry": { "type": "Point", "coordinates": [ 4345565.047160672023892, 5636227.947701558470726 ] } },
{ "type": "Feature", "properties": { "ID": 305535, "Address": "Адмиралтейский бульвар, 3к2", "lat": 45.093804, "long": 39.037674, "population_x": 26000.0, "poi_count": 26, "type": "pvz", "hex_id": 54, "poi_amenity": 0, "poi_shop": 0, "poi_office": 0, "poi_leisure": 0, "poi_tourism": 0, "population_y": 26000.0, "car_traffic": 13000.0, "foot_traffic": 15000.0, "attractiveness": 0.0, "poi_transport": 0, "attractiveness_updated": 0.0 }, "geometry": { "type": "Point", "coordinates": [ 4345653.991433814167976, 5636301.114594426006079 ] } },
{ "type": "Feature", "properties": { "ID": 312789, "Address": "бульвар Адмирала Пустошкина, 11/1", "lat": 45.095573, "long": 39.037387, "population_x": 26000.0, "poi_count": 9, "type": "pvz", "hex_id": 54, "poi_amenity": 0, "poi_shop": 0, "poi_office": 0, "poi_leisure": 0, "poi_tourism": 0, "population_y": 26000.0, "car_traffic": 13000.0, "foot_traffic": 15000.0, "attractiveness": 0.0, "poi_transport": 0, "attractiveness_updated": 0.0 }, "geometry": { "type": "Point", "coordinates": [ 4345622.04273995757103, 5636580.068827231414616 ] } },
{ "type": "Feature", "properties": { "ID": 153612, "Address": "Командорская улица, 6", "lat": 45.091704, "long": 39.035231, "population_x": 26000.0, "poi_count": 48, "type": "pvz", "hex_id": 54, "poi_amenity": 0, "poi_shop": 0, "poi_office": 0, "poi_leisure": 0, "poi_tourism": 0, "population_y": 26000.0, "car_traffic": 13000.0, "foot_traffic": 15000.0, "attractiveness": 0.0, "poi_transport": 0, "attractiveness_updated": 0.0 }, "geometry": { "type": "Point", "coordinates": [ 4345382.03791780769825, 5635969.976072260178626 ] } },
{ "type": "Feature", "properties": { "ID": 50015868, "Address": "Командорская улица, 5/3", "lat": 45.091838, "long": 39.033748, "population_x": 26000.0, "poi_count": 51, "type": "pvz", "hex_id": 54, "poi_amenity": 0, "poi_shop": 0, "poi_office": 0, "poi_leisure": 0, "poi_tourism": 0, "population_y": 26000.0, "car_traffic": 13000.0, "foot_traffic": 15000.0, "attractiveness": 0.0, "poi_transport": 0, "attractiveness_updated": 0.0 }, "geometry": { "type": "Point", "coordinates": [ 4345216.95111295953393, 5635991.105499990284443 ] } },
{ "type": "Feature", "properties": { "ID": 159145, "Address": "Командорская улица, 9/1", "lat": 45.094434, "long": 39.032167, "population_x": 26000.0, "poi_count": 12, "type": "pvz", "hex_id": 54, "poi_amenity": 0, "poi_shop": 0, "poi_office": 0, "poi_leisure": 0, "poi_tourism": 0, "population_y": 26000.0, "car_traffic": 13000.0, "foot_traffic": 15000.0, "attractiveness": 0.0, "poi_transport": 0, "attractiveness_updated": 0.0 }, "geometry": { "type": "Point", "coordinates": [ 4345040.954998016357422, 5636400.458525509573519 ] } },
{ "type": "Feature", "properties": { "ID": 162237, "Address": "Командорская улица, 3к2", "lat": 45.090629, "long": 39.032554, "population_x": 26000.0, "poi_count": 40, "type": "pvz", "hex_id": 54, "poi_amenity": 0, "poi_shop": 0, "poi_office": 0, "poi_leisure": 0, "poi_tourism": 0, "population_y": 26000.0, "car_traffic": 13000.0, "foot_traffic": 15000.0, "attractiveness": 0.0, "poi_transport": 0, "attractiveness_updated": 0.0 }, "geometry": { "type": "Point", "coordinates": [ 4345084.035640952177346, 5635800.469397637061775 ] } },
{ "type": "Feature", "properties": { "ID": 50013422, "Address": "Командорская улица, 1к1", "lat": 45.089509, "long": 39.032042, "population_x": 45000.0, "poi_count": 34, "type": "pvz", "hex_id": 53, "poi_amenity": 0, "poi_shop": 0, "poi_office": 0, "poi_leisure": 0, "poi_tourism": 0, "population_y": 45000.0, "car_traffic": 14000.0, "foot_traffic": 25000.0, "attractiveness": 0.0, "poi_transport": 3, "attractiveness_updated": 0.3 }, "geometry": { "type": "Point", "coordinates": [ 4345027.040061666630208, 5635623.87048827111721 ] } },
{ "type": "Feature", "properties": { "ID": 50013422, "Address": "Командорская улица, 1/3", "lat": 45.089515, "long": 39.033811, "population_x": 45000.0, "poi_count": 43, "type": "pvz", "hex_id": 53, "poi_amenity": 0, "poi_shop": 0, "poi_office": 0, "poi_leisure": 0, "poi_tourism": 0, "population_y": 45000.0, "car_traffic": 14000.0, "foot_traffic": 25000.0, "attractiveness": 0.0, "poi_transport": 3, "attractiveness_updated": 0.3 }, "geometry": { "type": "Point", "coordinates": [ 4345223.964240880683064, 5635624.816544631496072 ] } },
{ "type": "Feature", "properties": { "ID": 50034737, "Address": "Штурвальная улица, 8", "lat": 45.090953, "long": 39.025547, "population_x": 46000.0, "poi_count": 3, "type": "pvz", "hex_id": 45, "poi_amenity": 0, "poi_shop": 0, "poi_office": 0, "poi_leisure": 0, "poi_tourism": 0, "population_y": 46000.0, "car_traffic": 29000.0, "foot_traffic": 46000.0, "attractiveness": 0.0, "poi_transport": 0, "attractiveness_updated": 0.0 }, "geometry": { "type": "Point", "coordinates": [ 4344304.019968964159489, 5635851.557585078291595 ] } },
{ "type": "Feature", "properties": { "ID": 311410, "Address": "жилой комплекс Хорошая Погода", "lat": 45.08984, "long": 39.023517, "population_x": 46000.0, "poi_count": 15, "type": "pvz", "hex_id": 45, "poi_amenity": 0, "poi_shop": 0, "poi_office": 0, "poi_leisure": 0, "poi_tourism": 0, "population_y": 46000.0, "car_traffic": 29000.0, "foot_traffic": 46000.0, "attractiveness": 0.0, "poi_transport": 1, "attractiveness_updated": 0.1 }, "geometry": { "type": "Point", "coordinates": [ 4344078.041402654722333, 5635676.061412610113621 ] } },
{ "type": "Feature", "properties": { "ID": 316508, "Address": "улица 1 Мая, 484", "lat": 45.09229, "long": 39.019789, "population_x": 46000.0, "poi_count": 10, "type": "pvz", "hex_id": 45, "poi_amenity": 0, "poi_shop": 0, "poi_office": 0, "poi_leisure": 0, "poi_tourism": 0, "population_y": 46000.0, "car_traffic": 29000.0, "foot_traffic": 46000.0, "attractiveness": 0.0, "poi_transport": 0, "attractiveness_updated": 0.0 }, "geometry": { "type": "Point", "coordinates": [ 4343663.042340977117419, 5636062.378263647668064 ] } },
{ "type": "Feature", "properties": { "ID": 209125, "Address": "2-я Ямальская улица, 3с2", "lat": 45.09542, "long": 39.021837, "population_x": 26000.0, "poi_count": 18, "type": "pvz", "hex_id": 54, "poi_amenity": 0, "poi_shop": 0, "poi_office": 0, "poi_leisure": 0, "poi_tourism": 0, "population_y": 26000.0, "car_traffic": 13000.0, "foot_traffic": 15000.0, "attractiveness": 0.0, "poi_transport": 0, "attractiveness_updated": 0.0 }, "geometry": { "type": "Point", "coordinates": [ 4343891.024658120237291, 5636555.941861992701888 ] } },
{ "type": "Feature", "properties": { "ID": 307131, "Address": "улица Крашенинникова, 41", "lat": 45.095573, "long": 39.020139, "population_x": 26000.0, "poi_count": 26, "type": "pvz", "hex_id": 54, "poi_amenity": 0, "poi_shop": 0, "poi_office": 0, "poi_leisure": 0, "poi_tourism": 0, "population_y": 26000.0, "car_traffic": 13000.0, "foot_traffic": 15000.0, "attractiveness": 0.0, "poi_transport": 0, "attractiveness_updated": 0.0 }, "geometry": { "type": "Point", "coordinates": [ 4343702.004162754863501, 5636580.068827231414616 ] } },
{ "type": "Feature", "properties": { "ID": 112685, "Address": "Топольковый переулок, 13", "lat": 45.095032, "long": 39.017336, "population_x": 46000.0, "poi_count": 34, "type": "pvz", "hex_id": 45, "poi_amenity": 0, "poi_shop": 0, "poi_office": 0, "poi_leisure": 0, "poi_tourism": 0, "population_y": 46000.0, "car_traffic": 29000.0, "foot_traffic": 46000.0, "attractiveness": 0.0, "poi_transport": 0, "attractiveness_updated": 0.0 }, "geometry": { "type": "Point", "coordinates": [ 4343389.97563006170094, 5636494.757429517805576 ] } },
{ "type": "Feature", "properties": { "ID": 5428, "Address": "Гаражный переулок, 9", "lat": 45.085493, "long": 39.019133, "population_x": 46000.0, "poi_count": 31, "type": "pvz", "hex_id": 45, "poi_amenity": 0, "poi_shop": 0, "poi_office": 0, "poi_leisure": 0, "poi_tourism": 0, "population_y": 46000.0, "car_traffic": 29000.0, "foot_traffic": 46000.0, "attractiveness": 0.0, "poi_transport": 0, "attractiveness_updated": 0.0 }, "geometry": { "type": "Point", "coordinates": [ 4343590.016755016520619, 5634990.665724771097302 ] } },
{ "type": "Feature", "properties": { "ID": 315660, "Address": "2-я Российская улица, 162", "lat": 45.082744, "long": 39.016366, "population_x": 46000.0, "poi_count": 51, "type": "pvz", "hex_id": 45, "poi_amenity": 0, "poi_shop": 0, "poi_office": 0, "poi_leisure": 0, "poi_tourism": 0, "population_y": 46000.0, "car_traffic": 29000.0, "foot_traffic": 46000.0, "attractiveness": 0.0, "poi_transport": 2, "attractiveness_updated": 0.2 }, "geometry": { "type": "Point", "coordinates": [ 4343281.995723991654813, 5634557.255160352215171 ] } },
{ "type": "Feature", "properties": { "ID": 157910, "Address": "Российская улица, 257Б", "lat": 45.087269, "long": 39.013959, "population_x": 46000.0, "poi_count": 192, "type": "pvz", "hex_id": 45, "poi_amenity": 0, "poi_shop": 0, "poi_office": 0, "poi_leisure": 0, "poi_tourism": 0, "population_y": 46000.0, "car_traffic": 29000.0, "foot_traffic": 46000.0, "attractiveness": 0.0, "poi_transport": 1, "attractiveness_updated": 0.1 }, "geometry": { "type": "Point", "coordinates": [ 4343014.049709652550519, 5635270.683057949878275 ] } },
{ "type": "Feature", "properties": { "ID": 212274, "Address": "Аксайская улица, 40/3", "lat": 45.080644, "long": 39.014021, "population_x": 46000.0, "poi_count": 32, "type": "pvz", "hex_id": 45, "poi_amenity": 0, "poi_shop": 0, "poi_office": 0, "poi_leisure": 0, "poi_tourism": 0, "population_y": 46000.0, "car_traffic": 29000.0, "foot_traffic": 46000.0, "attractiveness": 0.0, "poi_transport": 2, "attractiveness_updated": 0.2 }, "geometry": { "type": "Point", "coordinates": [ 4343020.95151808205992, 5634226.1807476952672 ] } },
{ "type": "Feature", "properties": { "ID": 50005499, "Address": "Ангарская улица, 34", "lat": 45.081567, "long": 39.01121, "population_x": 46000.0, "poi_count": 50, "type": "pvz", "hex_id": 45, "poi_amenity": 0, "poi_shop": 0, "poi_office": 0, "poi_leisure": 0, "poi_tourism": 0, "population_y": 46000.0, "car_traffic": 29000.0, "foot_traffic": 46000.0, "attractiveness": 0.0, "poi_transport": 0, "attractiveness_updated": 0.0 }, "geometry": { "type": "Point", "coordinates": [ 4342708.032429460436106, 5634371.694335890002549 ] } },
{ "type": "Feature", "properties": { "ID": 156711, "Address": "улица имени Ф.И. Шаляпина, 31В", "lat": 45.084736, "long": 39.011434, "population_x": 46000.0, "poi_count": 224, "type": "pvz", "hex_id": 45, "poi_amenity": 0, "poi_shop": 0, "poi_office": 0, "poi_leisure": 0, "poi_tourism": 0, "population_y": 46000.0, "car_traffic": 29000.0, "foot_traffic": 46000.0, "attractiveness": 0.0, "poi_transport": 0, "attractiveness_updated": 0.0 }, "geometry": { "type": "Point", "coordinates": [ 4342732.967995399609208, 5634871.314136021770537 ] } },
{ "type": "Feature", "properties": { "ID": 141401, "Address": "улица имени С.В. Рахманинова, 30", "lat": 45.086263, "long": 39.00979, "population_x": 46000.0, "poi_count": 250, "type": "pvz", "hex_id": 45, "poi_amenity": 0, "poi_shop": 0, "poi_office": 0, "poi_leisure": 0, "poi_tourism": 0, "population_y": 46000.0, "car_traffic": 29000.0, "foot_traffic": 46000.0, "attractiveness": 0.0, "poi_transport": 0, "attractiveness_updated": 0.0 }, "geometry": { "type": "Point", "coordinates": [ 4342549.958752534352243, 5635112.068567093461752 ] } },
{ "type": "Feature", "properties": { "ID": 50010084, "Address": "улица имени Сергея Есенина, 84", "lat": 45.08613, "long": 39.00776, "population_x": 46000.0, "poi_count": 199, "type": "pvz", "hex_id": 45, "poi_amenity": 0, "poi_shop": 0, "poi_office": 0, "poi_leisure": 0, "poi_tourism": 0, "population_y": 46000.0, "car_traffic": 29000.0, "foot_traffic": 46000.0, "attractiveness": 0.0, "poi_transport": 0, "attractiveness_updated": 0.0 }, "geometry": { "type": "Point", "coordinates": [ 4342323.980186224915087, 5635091.098868321627378 ] } },
{ "type": "Feature", "properties": { "ID": 306743, "Address": "Гомельская улица, 7", "lat": 45.086664, "long": 39.005838, "population_x": 46000.0, "poi_count": 178, "type": "pvz", "hex_id": 45, "poi_amenity": 0, "poi_shop": 0, "poi_office": 0, "poi_leisure": 0, "poi_tourism": 0, "population_y": 46000.0, "car_traffic": 29000.0, "foot_traffic": 46000.0, "attractiveness": 0.0, "poi_transport": 0, "attractiveness_updated": 0.0 }, "geometry": { "type": "Point", "coordinates": [ 4342110.024124920368195, 5635175.29329274687916 ] } },
{ "type": "Feature", "properties": { "ID": 110623, "Address": "Московская улица, 118к1", "lat": 45.078168, "long": 39.00308, "population_x": 46000.0, "poi_count": 110, "type": "pvz", "hex_id": 45, "poi_amenity": 0, "poi_shop": 0, "poi_office": 0, "poi_leisure": 0, "poi_tourism": 0, "population_y": 46000.0, "car_traffic": 29000.0, "foot_traffic": 46000.0, "attractiveness": 0.0, "poi_transport": 0, "attractiveness_updated": 0.0 }, "geometry": { "type": "Point", "coordinates": [ 4341803.004969312809408, 5633835.843881269916892 ] } },
{ "type": "Feature", "properties": { "ID": 323098, "Address": "Московская улица, 112", "lat": 45.077742, "long": 39.002406, "population_x": 46000.0, "poi_count": 110, "type": "pvz", "hex_id": 45, "poi_amenity": 0, "poi_shop": 0, "poi_office": 0, "poi_leisure": 0, "poi_tourism": 0, "population_y": 46000.0, "car_traffic": 29000.0, "foot_traffic": 46000.0, "attractiveness": 0.0, "poi_transport": 0, "attractiveness_updated": 0.0 }, "geometry": { "type": "Point", "coordinates": [ 4341727.975632517598569, 5633768.687466712668538 ] } },
{ "type": "Feature", "properties": { "ID": 323036, "Address": "Жигулёвская улица, 8", "lat": 45.079549, "long": 39.001939, "population_x": 46000.0, "poi_count": 130, "type": "pvz", "hex_id": 45, "poi_amenity": 0, "poi_shop": 0, "poi_office": 0, "poi_leisure": 0, "poi_tourism": 0, "population_y": 46000.0, "car_traffic": 29000.0, "foot_traffic": 46000.0, "attractiveness": 0.0, "poi_transport": 4, "attractiveness_updated": 0.4 }, "geometry": { "type": "Point", "coordinates": [ 4341675.989430317655206, 5634053.553916482254863 ] } },
{ "type": "Feature", "properties": { "ID": 50010060, "Address": "Ангарская улица, 1/5", "lat": 45.081853, "long": 39.002891, "population_x": 46000.0, "poi_count": 126, "type": "pvz", "hex_id": 45, "poi_amenity": 0, "poi_shop": 0, "poi_office": 0, "poi_leisure": 0, "poi_tourism": 0, "population_y": 46000.0, "car_traffic": 29000.0, "foot_traffic": 46000.0, "attractiveness": 0.0, "poi_transport": 3, "attractiveness_updated": 0.3 }, "geometry": { "type": "Point", "coordinates": [ 4341781.965585551224649, 5634416.783530429005623 ] } },
{ "type": "Feature", "properties": { "ID": 50006771, "Address": "Суздальская улица, 9", "lat": 45.083667, "long": 39.002074, "population_x": 46000.0, "poi_count": 150, "type": "pvz", "hex_id": 45, "poi_amenity": 0, "poi_shop": 0, "poi_office": 0, "poi_leisure": 0, "poi_tourism": 0, "population_y": 46000.0, "car_traffic": 29000.0, "foot_traffic": 46000.0, "attractiveness": 0.0, "poi_transport": 6, "attractiveness_updated": 0.6 }, "geometry": { "type": "Point", "coordinates": [ 4341691.017561574466527, 5634702.774097317829728 ] } },
{ "type": "Feature", "properties": { "ID": 155932, "Address": "Суздальская улица, 11", "lat": 45.084017, "long": 39.002218, "population_x": 46000.0, "poi_count": 157, "type": "pvz", "hex_id": 45, "poi_amenity": 0, "poi_shop": 0, "poi_office": 0, "poi_leisure": 0, "poi_tourism": 0, "population_y": 46000.0, "car_traffic": 29000.0, "foot_traffic": 46000.0, "attractiveness": 0.0, "poi_transport": 4, "attractiveness_updated": 0.4 }, "geometry": { "type": "Point", "coordinates": [ 4341707.047568248584867, 5634757.955240755341947 ] } },
{ "type": "Feature", "properties": { "ID": 142568, "Address": "Московская улица, 144к2", "lat": 45.088338, "long": 39.003349, "population_x": 46000.0, "poi_count": 135, "type": "pvz", "hex_id": 45, "poi_amenity": 0, "poi_shop": 0, "poi_office": 0, "poi_leisure": 0, "poi_tourism": 0, "population_y": 46000.0, "car_traffic": 29000.0, "foot_traffic": 46000.0, "attractiveness": 0.0, "poi_transport": 7, "attractiveness_updated": 0.7 }, "geometry": { "type": "Point", "coordinates": [ 4341832.949912335723639, 5635439.233724410645664 ] } },
{ "type": "Feature", "properties": { "ID": 308100, "Address": "улица имени С.С. Прокофьева, 3А", "lat": 45.088173, "long": 39.00476, "population_x": 46000.0, "poi_count": 158, "type": "pvz", "hex_id": 45, "poi_amenity": 0, "poi_shop": 0, "poi_office": 0, "poi_leisure": 0, "poi_tourism": 0, "population_y": 46000.0, "car_traffic": 29000.0, "foot_traffic": 46000.0, "attractiveness": 0.0, "poi_transport": 0, "attractiveness_updated": 0.0 }, "geometry": { "type": "Point", "coordinates": [ 4341990.021713844500482, 5635413.217746826820076 ] } },
{ "type": "Feature", "properties": { "ID": 312473, "Address": "улица имени Сергея Есенина, 98/1", "lat": 45.088542, "long": 39.009584, "population_x": 46000.0, "poi_count": 171, "type": "pvz", "hex_id": 45, "poi_amenity": 0, "poi_shop": 0, "poi_office": 0, "poi_leisure": 0, "poi_tourism": 0, "population_y": 46000.0, "car_traffic": 29000.0, "foot_traffic": 46000.0, "attractiveness": 0.0, "poi_transport": 0, "attractiveness_updated": 0.0 }, "geometry": { "type": "Point", "coordinates": [ 4342527.026937431655824, 5635471.399036957882345 ] } },
{ "type": "Feature", "properties": { "ID": 157770, "Address": "улица имени Дунаевского И.И., 22А", "lat": 45.089019, "long": 39.009898, "population_x": 46000.0, "poi_count": 148, "type": "pvz", "hex_id": 45, "poi_amenity": 0, "poi_shop": 0, "poi_office": 0, "poi_leisure": 0, "poi_tourism": 0, "population_y": 46000.0, "car_traffic": 29000.0, "foot_traffic": 46000.0, "attractiveness": 0.0, "poi_transport": 0, "attractiveness_updated": 0.0 }, "geometry": { "type": "Point", "coordinates": [ 4342561.981257541105151, 5635546.609554348513484 ] } },
{ "type": "Feature", "properties": { "ID": 142912, "Address": "улица имени Сергея Есенина, 108/2", "lat": 45.089293, "long": 39.007643, "population_x": 46000.0, "poi_count": 108, "type": "pvz", "hex_id": 45, "poi_amenity": 0, "poi_shop": 0, "poi_office": 0, "poi_leisure": 0, "poi_tourism": 0, "population_y": 46000.0, "car_traffic": 29000.0, "foot_traffic": 46000.0, "attractiveness": 0.0, "poi_transport": 0, "attractiveness_updated": 0.0 }, "geometry": { "type": "Point", "coordinates": [ 4342310.955805802717805, 5635589.812525507062674 ] } },
{ "type": "Feature", "properties": { "ID": 310094, "Address": "улица имени Мусоргского М.П., 1", "lat": 45.090113, "long": 39.00493, "population_x": 46000.0, "poi_count": 74, "type": "pvz", "hex_id": 45, "poi_amenity": 0, "poi_shop": 0, "poi_office": 0, "poi_leisure": 0, "poi_tourism": 0, "population_y": 46000.0, "car_traffic": 29000.0, "foot_traffic": 46000.0, "attractiveness": 0.0, "poi_transport": 0, "attractiveness_updated": 0.0 }, "geometry": { "type": "Point", "coordinates": [ 4342008.946027279831469, 5635719.10732705052942 ] } },
{ "type": "Feature", "properties": { "ID": 206097, "Address": "улица имени Сергея Есенина, 149", "lat": 45.091157, "long": 39.004769, "population_x": 46000.0, "poi_count": 80, "type": "pvz", "hex_id": 45, "poi_amenity": 0, "poi_shop": 0, "poi_office": 0, "poi_leisure": 0, "poi_tourism": 0, "population_y": 46000.0, "car_traffic": 29000.0, "foot_traffic": 46000.0, "attractiveness": 0.0, "poi_transport": 0, "attractiveness_updated": 0.0 }, "geometry": { "type": "Point", "coordinates": [ 4341991.023589262738824, 5635883.724370302632451 ] } },
{ "type": "Feature", "properties": { "ID": 137176, "Address": "улица имени Сергея Есенина, 110/1", "lat": 45.090826, "long": 39.007976, "population_x": 46000.0, "poi_count": 63, "type": "pvz", "hex_id": 45, "poi_amenity": 0, "poi_shop": 0, "poi_office": 0, "poi_leisure": 0, "poi_tourism": 0, "population_y": 46000.0, "car_traffic": 29000.0, "foot_traffic": 46000.0, "attractiveness": 0.0, "poi_transport": 0, "attractiveness_updated": 0.0 }, "geometry": { "type": "Point", "coordinates": [ 4342348.025196236558259, 5635831.532242503017187 ] } },
{ "type": "Feature", "properties": { "ID": 321194, "Address": "Российская улица, 267Б", "lat": 45.091723, "long": 39.012117, "population_x": 46000.0, "poi_count": 83, "type": "pvz", "hex_id": 45, "poi_amenity": 0, "poi_shop": 0, "poi_office": 0, "poi_leisure": 0, "poi_tourism": 0, "population_y": 46000.0, "car_traffic": 29000.0, "foot_traffic": 46000.0, "attractiveness": 0.0, "poi_transport": 1, "attractiveness_updated": 0.1 }, "geometry": { "type": "Point", "coordinates": [ 4342808.999207611195743, 5635972.972032875753939 ] } },
{ "type": "Feature", "properties": { "ID": 151691, "Address": "Российская улица, 267/3к3", "lat": 45.092321, "long": 39.009853, "population_x": 46000.0, "poi_count": 77, "type": "pvz", "hex_id": 45, "poi_amenity": 0, "poi_shop": 0, "poi_office": 0, "poi_leisure": 0, "poi_tourism": 0, "population_y": 46000.0, "car_traffic": 29000.0, "foot_traffic": 46000.0, "attractiveness": 0.0, "poi_transport": 0, "attractiveness_updated": 0.0 }, "geometry": { "type": "Point", "coordinates": [ 4342556.971880455501378, 5636067.266460586339235 ] } },
{ "type": "Feature", "properties": { "ID": 150701, "Address": "Российская улица, 267/6А", "lat": 45.092061, "long": 39.007895, "population_x": 46000.0, "poi_count": 67, "type": "pvz", "hex_id": 45, "poi_amenity": 0, "poi_shop": 0, "poi_office": 0, "poi_leisure": 0, "poi_tourism": 0, "population_y": 46000.0, "car_traffic": 29000.0, "foot_traffic": 46000.0, "attractiveness": 0.0, "poi_transport": 0, "attractiveness_updated": 0.0 }, "geometry": { "type": "Point", "coordinates": [ 4342339.008317481726408, 5636026.268762006424367 ] } },
{ "type": "Feature", "properties": { "ID": 111059, "Address": "улица Петра Метальникова, 5к3", "lat": 45.093492, "long": 39.009539, "population_x": 46000.0, "poi_count": 64, "type": "pvz", "hex_id": 45, "poi_amenity": 0, "poi_shop": 0, "poi_office": 0, "poi_leisure": 0, "poi_tourism": 0, "population_y": 46000.0, "car_traffic": 29000.0, "foot_traffic": 46000.0, "attractiveness": 0.0, "poi_transport": 0, "attractiveness_updated": 0.0 }, "geometry": { "type": "Point", "coordinates": [ 4342522.017560346052051, 5636251.916100989095867 ] } },
{ "type": "Feature", "properties": { "ID": 164697, "Address": "улица Петра Метальникова, 5к1", "lat": 45.093429, "long": 39.008146, "population_x": 46000.0, "poi_count": 58, "type": "pvz", "hex_id": 45, "poi_amenity": 0, "poi_shop": 0, "poi_office": 0, "poi_leisure": 0, "poi_tourism": 0, "population_y": 46000.0, "car_traffic": 29000.0, "foot_traffic": 46000.0, "attractiveness": 0.0, "poi_transport": 1, "attractiveness_updated": 0.1 }, "geometry": { "type": "Point", "coordinates": [ 4342366.949509671889246, 5636241.981822432950139 ] } },
{ "type": "Feature", "properties": { "ID": 310657, "Address": "улица Евгении Жигуленко, 4", "lat": 45.093327, "long": 39.007266, "population_x": 46000.0, "poi_count": 67, "type": "pvz", "hex_id": 45, "poi_amenity": 0, "poi_shop": 0, "poi_office": 0, "poi_leisure": 0, "poi_tourism": 0, "population_y": 46000.0, "car_traffic": 29000.0, "foot_traffic": 46000.0, "attractiveness": 0.0, "poi_transport": 1, "attractiveness_updated": 0.1 }, "geometry": { "type": "Point", "coordinates": [ 4342268.988357772119343, 5636225.897775617428124 ] } },
{ "type": "Feature", "properties": { "ID": 144560, "Address": "улица Петра Метальникова, 3/1к1", "lat": 45.093524, "long": 39.00423, "population_x": 46000.0, "poi_count": 72, "type": "pvz", "hex_id": 45, "poi_amenity": 0, "poi_shop": 0, "poi_office": 0, "poi_leisure": 0, "poi_tourism": 0, "population_y": 46000.0, "car_traffic": 29000.0, "foot_traffic": 46000.0, "attractiveness": 0.0, "poi_transport": 4, "attractiveness_updated": 0.4 }, "geometry": { "type": "Point", "coordinates": [ 4341931.022383724339306, 5636256.962087946012616 ] } },
{ "type": "Feature", "properties": { "ID": 113174, "Address": "Московская улица, 129", "lat": 45.093359, "long": 39.000475, "population_x": 46000.0, "poi_count": 55, "type": "pvz", "hex_id": 45, "poi_amenity": 0, "poi_shop": 0, "poi_office": 0, "poi_leisure": 0, "poi_tourism": 0, "population_y": 46000.0, "car_traffic": 29000.0, "foot_traffic": 46000.0, "attractiveness": 0.0, "poi_transport": 3, "attractiveness_updated": 0.3 }, "geometry": { "type": "Point", "coordinates": [ 4341513.017695794813335, 5636230.943747996352613 ] } },
{ "type": "Feature", "properties": { "ID": 210282, "Address": "Московская улица, 133к3", "lat": 45.094943, "long": 39.000205, "population_x": 38000.0, "poi_count": 58, "type": "pvz", "hex_id": 46, "poi_amenity": 0, "poi_shop": 0, "poi_office": 0, "poi_leisure": 0, "poi_tourism": 0, "population_y": 38000.0, "car_traffic": 38000.0, "foot_traffic": 37000.0, "attractiveness": 0.0, "poi_transport": 0, "attractiveness_updated": 0.0 }, "geometry": { "type": "Point", "coordinates": [ 4341482.961433282122016, 5636480.722914704121649 ] } },
{ "type": "Feature", "properties": { "ID": 214434, "Address": "Тополиная улица, 46к1", "lat": 45.09521, "long": 38.998436, "population_x": 38000.0, "poi_count": 29, "type": "pvz", "hex_id": 46, "poi_amenity": 0, "poi_shop": 0, "poi_office": 0, "poi_leisure": 0, "poi_tourism": 0, "population_y": 38000.0, "car_traffic": 38000.0, "foot_traffic": 37000.0, "attractiveness": 0.0, "poi_transport": 0, "attractiveness_updated": 0.0 }, "geometry": { "type": "Point", "coordinates": [ 4341286.037254067137837, 5636522.826524764299393 ] } },
{ "type": "Feature", "properties": { "ID": 50017063, "Address": "улица Петра Метальникова, 26", "lat": 45.095223, "long": 39.00644, "population_x": 46000.0, "poi_count": 62, "type": "pvz", "hex_id": 45, "poi_amenity": 0, "poi_shop": 0, "poi_office": 0, "poi_leisure": 0, "poi_tourism": 0, "population_y": 46000.0, "car_traffic": 29000.0, "foot_traffic": 46000.0, "attractiveness": 0.0, "poi_transport": 1, "attractiveness_updated": 0.1 }, "geometry": { "type": "Point", "coordinates": [ 4342177.038458378054202, 5636524.876518296077847 ] } },
{ "type": "Feature", "properties": { "ID": 209718, "Address": "улица Евгении Жигуленко, 5к2", "lat": 45.096432, "long": 39.005425, "population_x": 38000.0, "poi_count": 71, "type": "pvz", "hex_id": 46, "poi_amenity": 0, "poi_shop": 0, "poi_office": 0, "poi_leisure": 0, "poi_tourism": 0, "population_y": 38000.0, "car_traffic": 38000.0, "foot_traffic": 37000.0, "attractiveness": 0.0, "poi_transport": 0, "attractiveness_updated": 0.0 }, "geometry": { "type": "Point", "coordinates": [ 4342064.049175223335624, 5636715.527956535108387 ] } },
{ "type": "Feature", "properties": { "ID": 342331, "Address": "улица Евгении Жигуленко, 9", "lat": 45.097908, "long": 39.006098, "population_x": 38000.0, "poi_count": 51, "type": "pvz", "hex_id": 46, "poi_amenity": 0, "poi_shop": 0, "poi_office": 0, "poi_leisure": 0, "poi_tourism": 0, "population_y": 38000.0, "car_traffic": 38000.0, "foot_traffic": 37000.0, "attractiveness": 0.0, "poi_transport": 0, "attractiveness_updated": 0.0 }, "geometry": { "type": "Point", "coordinates": [ 4342138.967192526906729, 5636948.289030730724335 ] } },
{ "type": "Feature", "properties": { "ID": 209176, "Address": "улица Евгении Жигуленко, 11к1", "lat": 45.097838, "long": 39.004733, "population_x": 38000.0, "poi_count": 63, "type": "pvz", "hex_id": 46, "poi_amenity": 0, "poi_shop": 0, "poi_office": 0, "poi_leisure": 0, "poi_tourism": 0, "population_y": 38000.0, "car_traffic": 38000.0, "foot_traffic": 37000.0, "attractiveness": 0.0, "poi_transport": 0, "attractiveness_updated": 0.0 }, "geometry": { "type": "Point", "coordinates": [ 4341987.01608759444207, 5636937.25009049475193 ] } },
{ "type": "Feature", "properties": { "ID": 50022075, "Address": "улица Цезаря Куникова, 35", "lat": 45.097813, "long": 39.003853, "population_x": 38000.0, "poi_count": 71, "type": "pvz", "hex_id": 46, "poi_amenity": 0, "poi_shop": 0, "poi_office": 0, "poi_leisure": 0, "poi_tourism": 0, "population_y": 38000.0, "car_traffic": 38000.0, "foot_traffic": 37000.0, "attractiveness": 0.0, "poi_transport": 0, "attractiveness_updated": 0.0 }, "geometry": { "type": "Point", "coordinates": [ 4341889.05493569560349, 5636933.307615119032562 ] } },
{ "type": "Feature", "properties": { "ID": 306922, "Address": "улица Петра Метальникова, 38", "lat": 45.097526, "long": 39.00211, "population_x": 38000.0, "poi_count": 64, "type": "pvz", "hex_id": 46, "poi_amenity": 0, "poi_shop": 0, "poi_office": 0, "poi_leisure": 0, "poi_tourism": 0, "population_y": 38000.0, "car_traffic": 38000.0, "foot_traffic": 37000.0, "attractiveness": 0.0, "poi_transport": 0, "attractiveness_updated": 0.0 }, "geometry": { "type": "Point", "coordinates": [ 4341695.025063242763281, 5636888.048121449537575 ] } },
{ "type": "Feature", "properties": { "ID": 164179, "Address": "улица Евгении Жигуленко, 13", "lat": 45.099499, "long": 39.005982, "population_x": 38000.0, "poi_count": 46, "type": "pvz", "hex_id": 46, "poi_amenity": 0, "poi_shop": 0, "poi_office": 0, "poi_leisure": 0, "poi_tourism": 0, "population_y": 38000.0, "car_traffic": 38000.0, "foot_traffic": 37000.0, "attractiveness": 0.0, "poi_transport": 0, "attractiveness_updated": 0.0 }, "geometry": { "type": "Point", "coordinates": [ 4342126.054131595417857, 5637199.192021706141531 ] } },
{ "type": "Feature", "properties": { "ID": 302095, "Address": "улица Цезаря Куникова, 24к3", "lat": 45.09939, "long": 39.002828, "population_x": 38000.0, "poi_count": 63, "type": "pvz", "hex_id": 46, "poi_amenity": 0, "poi_shop": 0, "poi_office": 0, "poi_leisure": 0, "poi_tourism": 0, "population_y": 38000.0, "car_traffic": 38000.0, "foot_traffic": 37000.0, "attractiveness": 0.0, "poi_transport": 0, "attractiveness_updated": 0.0 }, "geometry": { "type": "Point", "coordinates": [ 4341774.952457632869482, 5637182.002341670915484 ] } },
{ "type": "Feature", "properties": { "ID": 121352, "Address": "улица Цезаря Куникова, 24к1", "lat": 45.099308, "long": 39.001409, "population_x": 38000.0, "poi_count": 41, "type": "pvz", "hex_id": 46, "poi_amenity": 0, "poi_shop": 0, "poi_office": 0, "poi_leisure": 0, "poi_tourism": 0, "population_y": 38000.0, "car_traffic": 38000.0, "foot_traffic": 37000.0, "attractiveness": 0.0, "poi_transport": 0, "attractiveness_updated": 0.0 }, "geometry": { "type": "Point", "coordinates": [ 4341616.99010019749403, 5637169.070677402429283 ] } },
{ "type": "Feature", "properties": { "ID": 151875, "Address": "улица Евгении Жигуленко, 25к3", "lat": 45.100612, "long": 39.003583, "population_x": 38000.0, "poi_count": 47, "type": "pvz", "hex_id": 46, "poi_amenity": 0, "poi_shop": 0, "poi_office": 0, "poi_leisure": 0, "poi_tourism": 0, "population_y": 38000.0, "car_traffic": 38000.0, "foot_traffic": 37000.0, "attractiveness": 0.0, "poi_transport": 0, "attractiveness_updated": 0.0 }, "geometry": { "type": "Point", "coordinates": [ 4341858.998673181049526, 5637374.717880575917661 ] } },
{ "type": "Feature", "properties": { "ID": 50022339, "Address": "улица Евгении Жигуленко, 25к1", "lat": 45.100567, "long": 39.002236, "population_x": 38000.0, "poi_count": 37, "type": "pvz", "hex_id": 46, "poi_amenity": 0, "poi_shop": 0, "poi_office": 0, "poi_leisure": 0, "poi_tourism": 0, "population_y": 38000.0, "car_traffic": 38000.0, "foot_traffic": 37000.0, "attractiveness": 0.0, "poi_transport": 0, "attractiveness_updated": 0.0 }, "geometry": { "type": "Point", "coordinates": [ 4341709.051319082267582, 5637367.621081362478435 ] } },
{ "type": "Feature", "properties": { "ID": 50005904, "Address": "улица Григория Пономаренко, 43", "lat": 45.101541, "long": 39.001804, "population_x": 38000.0, "poi_count": 25, "type": "pvz", "hex_id": 46, "poi_amenity": 0, "poi_shop": 0, "poi_office": 0, "poi_leisure": 0, "poi_tourism": 0, "population_y": 38000.0, "car_traffic": 38000.0, "foot_traffic": 37000.0, "attractiveness": 0.0, "poi_transport": 0, "attractiveness_updated": 0.0 }, "geometry": { "type": "Point", "coordinates": [ 4341660.961299059912562, 5637521.228607339784503 ] } },
{ "type": "Feature", "properties": { "ID": 50006393, "Address": "улица Ивана Рослого, 8", "lat": 45.098474, "long": 39.010231, "population_x": 38000.0, "poi_count": 28, "type": "pvz", "hex_id": 46, "poi_amenity": 0, "poi_shop": 0, "poi_office": 0, "poi_leisure": 0, "poi_tourism": 0, "population_y": 38000.0, "car_traffic": 38000.0, "foot_traffic": 37000.0, "attractiveness": 0.0, "poi_transport": 0, "attractiveness_updated": 0.0 }, "geometry": { "type": "Point", "coordinates": [ 4342599.050647974945605, 5637037.547244590707123 ] } },
{ "type": "Feature", "properties": { "ID": 317464, "Address": "улица им. Ягодина М. Д., 50", "lat": 45.10635, "long": 39.004787, "population_x": 38000.0, "poi_count": 4, "type": "pvz", "hex_id": 46, "poi_amenity": 0, "poi_shop": 0, "poi_office": 0, "poi_leisure": 0, "poi_tourism": 0, "population_y": 38000.0, "car_traffic": 38000.0, "foot_traffic": 37000.0, "attractiveness": 0.0, "poi_transport": 0, "attractiveness_updated": 0.0 }, "geometry": { "type": "Point", "coordinates": [ 4341993.02734009642154, 5638279.684466622769833 ] } },
{ "type": "Feature", "properties": { "ID": 50035105, "Address": "улица им. Ягодина М. Д., 67", "lat": 45.106649, "long": 39.011147, "population_x": 38000.0, "poi_count": 18, "type": "pvz", "hex_id": 46, "poi_amenity": 0, "poi_shop": 0, "poi_office": 0, "poi_leisure": 0, "poi_tourism": 0, "population_y": 38000.0, "car_traffic": 38000.0, "foot_traffic": 37000.0, "attractiveness": 0.0, "poi_transport": 1, "attractiveness_updated": 0.1 }, "geometry": { "type": "Point", "coordinates": [ 4342701.019301541149616, 5638326.843636502511799 ] } },
{ "type": "Feature", "properties": { "ID": 306930, "Address": "Ленинский переулок, 8", "lat": 45.104671, "long": 39.015126, "population_x": 38000.0, "poi_count": 39, "type": "pvz", "hex_id": 46, "poi_amenity": 0, "poi_shop": 0, "poi_office": 0, "poi_leisure": 0, "poi_tourism": 0, "population_y": 38000.0, "car_traffic": 38000.0, "foot_traffic": 37000.0, "attractiveness": 0.0, "poi_transport": 2, "attractiveness_updated": 0.2 }, "geometry": { "type": "Point", "coordinates": [ 4343143.959555408917367, 5638014.872177567332983 ] } },
{ "type": "Feature", "properties": { "ID": 112891, "Address": "Тепличная улица, 62/1к2", "lat": 45.106274, "long": 39.015737, "population_x": 38000.0, "poi_count": 37, "type": "pvz", "hex_id": 46, "poi_amenity": 0, "poi_shop": 0, "poi_office": 0, "poi_leisure": 0, "poi_tourism": 0, "population_y": 38000.0, "car_traffic": 38000.0, "foot_traffic": 37000.0, "attractiveness": 0.0, "poi_transport": 0, "attractiveness_updated": 0.0 }, "geometry": { "type": "Point", "coordinates": [ 4343211.975764282979071, 5638267.697559803724289 ] } },
{ "type": "Feature", "properties": { "ID": 326637, "Address": "Тепличная улица, 56/1", "lat": 45.107502, "long": 39.016079, "population_x": 38000.0, "poi_count": 31, "type": "pvz", "hex_id": 46, "poi_amenity": 0, "poi_shop": 0, "poi_office": 0, "poi_leisure": 0, "poi_tourism": 0, "population_y": 38000.0, "car_traffic": 38000.0, "foot_traffic": 37000.0, "attractiveness": 0.0, "poi_transport": 0, "attractiveness_updated": 0.0 }, "geometry": { "type": "Point", "coordinates": [ 4343250.047030134126544, 5638461.382692769169807 ] } },
{ "type": "Feature", "properties": { "ID": 50002867, "Address": "Тепличная улица, 62/1к6", "lat": 45.108386, "long": 39.01403, "population_x": 38000.0, "poi_count": 16, "type": "pvz", "hex_id": 46, "poi_amenity": 0, "poi_shop": 0, "poi_office": 0, "poi_leisure": 0, "poi_tourism": 0, "population_y": 38000.0, "car_traffic": 38000.0, "foot_traffic": 37000.0, "attractiveness": 0.0, "poi_transport": 0, "attractiveness_updated": 0.0 }, "geometry": { "type": "Point", "coordinates": [ 4343021.953393497504294, 5638600.813332086429 ] } },
{ "type": "Feature", "properties": { "ID": 165658, "Address": "Есаульская улица, 57", "lat": 45.11177, "long": 39.010338, "population_x": 38000.0, "poi_count": 12, "type": "pvz", "hex_id": 46, "poi_amenity": 0, "poi_shop": 0, "poi_office": 0, "poi_leisure": 0, "poi_tourism": 0, "population_y": 38000.0, "car_traffic": 38000.0, "foot_traffic": 37000.0, "attractiveness": 0.0, "poi_transport": 2, "attractiveness_updated": 0.2 }, "geometry": { "type": "Point", "coordinates": [ 4342610.96183349005878, 5639134.581346279010177 ] } },
{ "type": "Feature", "properties": { "ID": 50013587, "Address": "Российская улица, 672", "lat": 45.112591, "long": 39.012548, "population_x": 38000.0, "poi_count": 13, "type": "pvz", "hex_id": 46, "poi_amenity": 0, "poi_shop": 0, "poi_office": 0, "poi_leisure": 0, "poi_tourism": 0, "population_y": 38000.0, "car_traffic": 38000.0, "foot_traffic": 37000.0, "attractiveness": 0.0, "poi_transport": 2, "attractiveness_updated": 0.2 }, "geometry": { "type": "Point", "coordinates": [ 4342856.977908143773675, 5639264.084798739291728 ] } },
{ "type": "Feature", "properties": { "ID": 50035283, "Address": "1-й Сахалинский проезд, 9", "lat": 45.108666, "long": 39.022349, "population_x": 26000.0, "poi_count": 7, "type": "pvz", "hex_id": 54, "poi_amenity": 0, "poi_shop": 0, "poi_office": 0, "poi_leisure": 0, "poi_tourism": 0, "population_y": 26000.0, "car_traffic": 13000.0, "foot_traffic": 15000.0, "attractiveness": 0.0, "poi_transport": 0, "attractiveness_updated": 0.0 }, "geometry": { "type": "Point", "coordinates": [ 4343948.020237406715751, 5638644.977333303540945 ] } },
{ "type": "Feature", "properties": { "ID": 213487, "Address": "Тепличная улица, 78/1", "lat": 45.111013, "long": 39.022187, "population_x": 10000.0, "poi_count": 8, "type": "pvz", "hex_id": 55, "poi_amenity": 0, "poi_shop": 0, "poi_office": 0, "poi_leisure": 0, "poi_tourism": 0, "population_y": 10000.0, "car_traffic": 22000.0, "foot_traffic": 15000.0, "attractiveness": 0.0, "poi_transport": 0, "attractiveness_updated": 0.0 }, "geometry": { "type": "Point", "coordinates": [ 4343929.986479899846017, 5639015.174819788895547 ] } },
{ "type": "Feature", "properties": { "ID": 218531, "Address": "Тепличная улица, 19Б", "lat": 45.11135, "long": 39.018926, "population_x": 10000.0, "poi_count": 8, "type": "pvz", "hex_id": 55, "poi_amenity": 0, "poi_shop": 0, "poi_office": 0, "poi_leisure": 0, "poi_tourism": 0, "population_y": 10000.0, "car_traffic": 22000.0, "foot_traffic": 15000.0, "attractiveness": 0.0, "poi_transport": 2, "attractiveness_updated": 0.2 }, "geometry": { "type": "Point", "coordinates": [ 4343566.973620422184467, 5639068.331822914071381 ] } },
{ "type": "Feature", "properties": { "ID": 318084, "Address": "улица 1 Мая, 569", "lat": 45.114232, "long": 39.017273, "population_x": 10000.0, "poi_count": 8, "type": "pvz", "hex_id": 55, "poi_amenity": 0, "poi_shop": 0, "poi_office": 0, "poi_leisure": 0, "poi_tourism": 0, "population_y": 10000.0, "car_traffic": 22000.0, "foot_traffic": 15000.0, "attractiveness": 0.0, "poi_transport": 0, "attractiveness_updated": 0.0 }, "geometry": { "type": "Point", "coordinates": [ 4343382.962502140551805, 5639522.939548377878964 ] } },
{ "type": "Feature", "properties": { "ID": 323509, "Address": "улица Заводовского, 8", "lat": 45.114168, "long": 39.022142, "population_x": 10000.0, "poi_count": 8, "type": "pvz", "hex_id": 55, "poi_amenity": 0, "poi_shop": 0, "poi_office": 0, "poi_leisure": 0, "poi_tourism": 0, "population_y": 10000.0, "car_traffic": 22000.0, "foot_traffic": 15000.0, "attractiveness": 0.0, "poi_transport": 0, "attractiveness_updated": 0.0 }, "geometry": { "type": "Point", "coordinates": [ 4343924.977102814242244, 5639512.843915914185345 ] } },
{ "type": "Feature", "properties": { "ID": 168994, "Address": "улица имени В.М. Комарова, 1", "lat": 45.115777, "long": 39.020606, "population_x": 10000.0, "poi_count": 8, "type": "pvz", "hex_id": 55, "poi_amenity": 0, "poi_shop": 0, "poi_office": 0, "poi_leisure": 0, "poi_tourism": 0, "population_y": 10000.0, "car_traffic": 22000.0, "foot_traffic": 15000.0, "attractiveness": 0.0, "poi_transport": 0, "attractiveness_updated": 0.0 }, "geometry": { "type": "Point", "coordinates": [ 4343753.990364955738187, 5639766.657861643470824 ] } },
{ "type": "Feature", "properties": { "ID": 164235, "Address": "улица Куликова Поля, 2", "lat": 45.111427, "long": 39.026831, "population_x": 26000.0, "poi_count": 9, "type": "pvz", "hex_id": 54, "poi_amenity": 0, "poi_shop": 0, "poi_office": 0, "poi_leisure": 0, "poi_tourism": 0, "population_y": 26000.0, "car_traffic": 13000.0, "foot_traffic": 15000.0, "attractiveness": 0.0, "poi_transport": 1, "attractiveness_updated": 0.1 }, "geometry": { "type": "Point", "coordinates": [ 4344446.95419514272362, 5639080.477532366290689 ] } },
{ "type": "Feature", "properties": { "ID": 145235, "Address": "2-я Тверская улица, 2/1", "lat": 45.113468, "long": 39.026795, "population_x": 10000.0, "poi_count": 13, "type": "pvz", "hex_id": 55, "poi_amenity": 0, "poi_shop": 0, "poi_office": 0, "poi_leisure": 0, "poi_tourism": 0, "population_y": 10000.0, "car_traffic": 22000.0, "foot_traffic": 15000.0, "attractiveness": 0.0, "poi_transport": 0, "attractiveness_updated": 0.0 }, "geometry": { "type": "Point", "coordinates": [ 4344442.946693475358188, 5639402.423674959689379 ] } },
{ "type": "Feature", "properties": { "ID": 50015385, "Address": "Волховская улица, 8", "lat": 45.117024, "long": 39.025502, "population_x": 10000.0, "poi_count": 10, "type": "pvz", "hex_id": 55, "poi_amenity": 0, "poi_shop": 0, "poi_office": 0, "poi_leisure": 0, "poi_tourism": 0, "population_y": 10000.0, "car_traffic": 22000.0, "foot_traffic": 15000.0, "attractiveness": 0.0, "poi_transport": 0, "attractiveness_updated": 0.0 }, "geometry": { "type": "Point", "coordinates": [ 4344299.010591878555715, 5639963.372535794042051 ] } },
{ "type": "Feature", "properties": { "ID": 308651, "Address": "улица Куликова Поля, 17", "lat": 45.112254, "long": 39.02976, "population_x": 26000.0, "poi_count": 9, "type": "pvz", "hex_id": 54, "poi_amenity": 0, "poi_shop": 0, "poi_office": 0, "poi_leisure": 0, "poi_tourism": 0, "population_y": 26000.0, "car_traffic": 13000.0, "foot_traffic": 15000.0, "attractiveness": 0.0, "poi_transport": 0, "attractiveness_updated": 0.0 }, "geometry": { "type": "Point", "coordinates": [ 4344773.008983677253127, 5639210.926639744080603 ] } },
{ "type": "Feature", "properties": { "ID": 151376, "Address": "улица Ратной Славы, 17", "lat": 45.113278, "long": 39.030119, "population_x": 10000.0, "poi_count": 21, "type": "pvz", "hex_id": 55, "poi_amenity": 0, "poi_shop": 0, "poi_office": 0, "poi_leisure": 0, "poi_tourism": 0, "population_y": 10000.0, "car_traffic": 22000.0, "foot_traffic": 15000.0, "attractiveness": 0.0, "poi_transport": 0, "attractiveness_updated": 0.0 }, "geometry": { "type": "Point", "coordinates": [ 4344812.972680872306228, 5639372.452700403518975 ] } },
{ "type": "Feature", "properties": { "ID": 50031674, "Address": "улица Ратной Славы, 56", "lat": 45.112712, "long": 39.032976, "population_x": 26000.0, "poi_count": 1, "type": "pvz", "hex_id": 54, "poi_amenity": 0, "poi_shop": 0, "poi_office": 0, "poi_leisure": 0, "poi_tourism": 0, "population_y": 26000.0, "car_traffic": 13000.0, "foot_traffic": 15000.0, "attractiveness": 0.0, "poi_transport": 0, "attractiveness_updated": 0.0 }, "geometry": { "type": "Point", "coordinates": [ 4345131.012466068379581, 5639283.1713359747082 ] } },
{ "type": "Feature", "properties": { "ID": 3958, "Address": "улица имени В.М. Комарова, 21/1к7", "lat": 45.116458, "long": 39.028808, "population_x": 10000.0, "poi_count": 13, "type": "pvz", "hex_id": 55, "poi_amenity": 0, "poi_shop": 0, "poi_office": 0, "poi_leisure": 0, "poi_tourism": 0, "population_y": 10000.0, "car_traffic": 22000.0, "foot_traffic": 15000.0, "attractiveness": 0.0, "poi_transport": 0, "attractiveness_updated": 0.0 }, "geometry": { "type": "Point", "coordinates": [ 4344667.032828441821039, 5639874.085310501046479 ] } },
{ "type": "Feature", "properties": { "ID": 50010338, "Address": "улица имени В.М. Комарова, 21Б", "lat": 45.117431, "long": 39.028394, "population_x": 10000.0, "poi_count": 13, "type": "pvz", "hex_id": 55, "poi_amenity": 0, "poi_shop": 0, "poi_office": 0, "poi_leisure": 0, "poi_tourism": 0, "population_y": 10000.0, "car_traffic": 22000.0, "foot_traffic": 15000.0, "attractiveness": 0.0, "poi_transport": 0, "attractiveness_updated": 0.0 }, "geometry": { "type": "Point", "coordinates": [ 4344620.946559253148735, 5640027.577854736708105 ] } },
{ "type": "Feature", "properties": { "ID": 50015385, "Address": "Волховская улица, 8", "lat": 45.117024, "long": 39.025502, "population_x": 10000.0, "poi_count": 10, "type": "pvz", "hex_id": 55, "poi_amenity": 0, "poi_shop": 0, "poi_office": 0, "poi_leisure": 0, "poi_tourism": 0, "population_y": 10000.0, "car_traffic": 22000.0, "foot_traffic": 15000.0, "attractiveness": 0.0, "poi_transport": 0, "attractiveness_updated": 0.0 }, "geometry": { "type": "Point", "coordinates": [ 4344299.010591878555715, 5639963.372535794042051 ] } },
{ "type": "Feature", "properties": { "ID": 316998, "Address": "2-й проезд Талалихина, 32", "lat": 45.084743, "long": 38.984997, "population_x": 9500.0, "poi_count": 2, "type": "pvz", "hex_id": 38, "poi_amenity": 0, "poi_shop": 0, "poi_office": 0, "poi_leisure": 0, "poi_tourism": 0, "population_y": 9500.0, "car_traffic": 29000.0, "foot_traffic": 19000.0, "attractiveness": 0.0, "poi_transport": 3, "attractiveness_updated": 0.3 }, "geometry": { "type": "Point", "coordinates": [ 4339790.014617297798395, 5634872.417776228860021 ] } },
{ "type": "Feature", "properties": { "ID": 311516, "Address": "Ярославская улица, 115", "lat": 45.090597, "long": 38.9855, "population_x": 9500.0, "poi_count": 8, "type": "pvz", "hex_id": 38, "poi_amenity": 0, "poi_shop": 0, "poi_office": 0, "poi_leisure": 0, "poi_tourism": 0, "population_y": 9500.0, "car_traffic": 29000.0, "foot_traffic": 19000.0, "attractiveness": 0.0, "poi_transport": 0, "attractiveness_updated": 0.0 }, "geometry": { "type": "Point", "coordinates": [ 4339846.008321166038513, 5635795.423666454851627 ] } },
{ "type": "Feature", "properties": { "ID": 50000309, "Address": "улица имени Дзержинского, 175", "lat": 45.092003, "long": 38.97693, "population_x": 9500.0, "poi_count": 16, "type": "pvz", "hex_id": 38, "poi_amenity": 0, "poi_shop": 0, "poi_office": 0, "poi_leisure": 0, "poi_tourism": 0, "population_y": 9500.0, "car_traffic": 29000.0, "foot_traffic": 19000.0, "attractiveness": 0.0, "poi_transport": 2, "attractiveness_updated": 0.2 }, "geometry": { "type": "Point", "coordinates": [ 4338892.000285067595541, 5636017.12314701359719 ] } },
{ "type": "Feature", "properties": { "ID": 319479, "Address": "Кореновская улица, 57к2", "lat": 45.098035, "long": 38.984449, "population_x": 9500.0, "poi_count": 15, "type": "pvz", "hex_id": 38, "poi_amenity": 0, "poi_shop": 0, "poi_office": 0, "poi_leisure": 0, "poi_tourism": 0, "population_y": 9500.0, "car_traffic": 29000.0, "foot_traffic": 19000.0, "attractiveness": 0.0, "poi_transport": 0, "attractiveness_updated": 0.0 }, "geometry": { "type": "Point", "coordinates": [ 4339729.011536342091858, 5636968.316856852732599 ] } },
{ "type": "Feature", "properties": { "ID": 165913, "Address": "Кореновская улица, 57к1", "lat": 45.097895, "long": 38.983784, "population_x": 9500.0, "poi_count": 16, "type": "pvz", "hex_id": 38, "poi_amenity": 0, "poi_shop": 0, "poi_office": 0, "poi_leisure": 0, "poi_tourism": 0, "population_y": 9500.0, "car_traffic": 29000.0, "foot_traffic": 19000.0, "attractiveness": 0.0, "poi_transport": 0, "attractiveness_updated": 0.0 }, "geometry": { "type": "Point", "coordinates": [ 4339654.984074965119362, 5636946.23894080799073 ] } },
{ "type": "Feature", "properties": { "ID": 307802, "Address": "улица имени Дзержинского, 215", "lat": 45.100599, "long": 38.979562, "population_x": 9500.0, "poi_count": 57, "type": "pvz", "hex_id": 38, "poi_amenity": 0, "poi_shop": 0, "poi_office": 0, "poi_leisure": 0, "poi_tourism": 0, "population_y": 9500.0, "car_traffic": 29000.0, "foot_traffic": 19000.0, "attractiveness": 0.0, "poi_transport": 3, "attractiveness_updated": 0.3 }, "geometry": { "type": "Point", "coordinates": [ 4339184.993184835650027, 5637372.667693560011685 ] } },
{ "type": "Feature", "properties": { "ID": 50013069, "Address": "улица Александра Покрышкина, 25Ак2", "lat": 45.102947, "long": 38.978331, "population_x": 26000.0, "poi_count": 16, "type": "pvz", "hex_id": 39, "poi_amenity": 0, "poi_shop": 0, "poi_office": 0, "poi_leisure": 0, "poi_tourism": 0, "population_y": 26000.0, "car_traffic": 26000.0, "foot_traffic": 21000.0, "attractiveness": 0.0, "poi_transport": 1, "attractiveness_updated": 0.1 }, "geometry": { "type": "Point", "coordinates": [ 4339047.958891669288278, 5637742.970581820234656 ] } },
{ "type": "Feature", "properties": { "ID": 50019334, "Address": "Кореновская улица, 30", "lat": 45.097329, "long": 38.977146, "population_x": 9500.0, "poi_count": 42, "type": "pvz", "hex_id": 38, "poi_amenity": 0, "poi_shop": 0, "poi_office": 0, "poi_leisure": 0, "poi_tourism": 0, "population_y": 9500.0, "car_traffic": 29000.0, "foot_traffic": 19000.0, "attractiveness": 0.0, "poi_transport": 2, "attractiveness_updated": 0.2 }, "geometry": { "type": "Point", "coordinates": [ 4338916.045295079238713, 5636856.981632025912404 ] } },
{ "type": "Feature", "properties": { "ID": 162553, "Address": "Кореновская улица, 21/1", "lat": 45.098322, "long": 38.97384, "population_x": 9500.0, "poi_count": 31, "type": "pvz", "hex_id": 38, "poi_amenity": 0, "poi_shop": 0, "poi_office": 0, "poi_leisure": 0, "poi_tourism": 0, "population_y": 9500.0, "car_traffic": 29000.0, "foot_traffic": 19000.0, "attractiveness": 0.0, "poi_transport": 1, "attractiveness_updated": 0.1 }, "geometry": { "type": "Point", "coordinates": [ 4338548.023058517836034, 5637013.576753970235586 ] } },
{ "type": "Feature", "properties": { "ID": 50013264, "Address": "Кореновская улица, 2к2", "lat": 45.097144, "long": 38.971351, "population_x": 9500.0, "poi_count": 14, "type": "pvz", "hex_id": 38, "poi_amenity": 0, "poi_shop": 0, "poi_office": 0, "poi_leisure": 0, "poi_tourism": 0, "population_y": 9500.0, "car_traffic": 29000.0, "foot_traffic": 19000.0, "attractiveness": 0.0, "poi_transport": 1, "attractiveness_updated": 0.1 }, "geometry": { "type": "Point", "coordinates": [ 4338270.948845931328833, 5636827.807615173049271 ] } },
{ "type": "Feature", "properties": { "ID": 312428, "Address": "Прохладная улица, 86", "lat": 45.098124, "long": 38.969429, "population_x": 9500.0, "poi_count": 10, "type": "pvz", "hex_id": 38, "poi_amenity": 0, "poi_shop": 0, "poi_office": 0, "poi_leisure": 0, "poi_tourism": 0, "population_y": 9500.0, "car_traffic": 29000.0, "foot_traffic": 19000.0, "attractiveness": 0.0, "poi_transport": 2, "attractiveness_updated": 0.2 }, "geometry": { "type": "Point", "coordinates": [ 4338056.992784627713263, 5636982.352131621912122 ] } },
{ "type": "Feature", "properties": { "ID": 164005, "Address": "Кореновская улица, 15/1", "lat": 45.099976, "long": 38.971684, "population_x": 26000.0, "poi_count": 23, "type": "pvz", "hex_id": 39, "poi_amenity": 0, "poi_shop": 0, "poi_office": 0, "poi_leisure": 0, "poi_tourism": 0, "population_y": 26000.0, "car_traffic": 26000.0, "foot_traffic": 21000.0, "attractiveness": 0.0, "poi_transport": 1, "attractiveness_updated": 0.1 }, "geometry": { "type": "Point", "coordinates": [ 4338308.018236367031932, 5637274.416970820166171 ] } },
{ "type": "Feature", "properties": { "ID": 160547, "Address": "улица Александра Покрышкина, 4/10", "lat": 45.100574, "long": 38.972286, "population_x": 26000.0, "poi_count": 25, "type": "pvz", "hex_id": 39, "poi_amenity": 0, "poi_shop": 0, "poi_office": 0, "poi_leisure": 0, "poi_tourism": 0, "population_y": 26000.0, "car_traffic": 26000.0, "foot_traffic": 21000.0, "attractiveness": 0.0, "poi_transport": 0, "attractiveness_updated": 0.0 }, "geometry": { "type": "Point", "coordinates": [ 4338375.032569824717939, 5637368.725027540698647 ] } },
{ "type": "Feature", "properties": { "ID": 50013987, "Address": "улица Александра Покрышкина, 4/9", "lat": 45.101751, "long": 38.972564, "population_x": 26000.0, "poi_count": 17, "type": "pvz", "hex_id": 39, "poi_amenity": 0, "poi_shop": 0, "poi_office": 0, "poi_leisure": 0, "poi_tourism": 0, "population_y": 26000.0, "car_traffic": 26000.0, "foot_traffic": 21000.0, "attractiveness": 0.0, "poi_transport": 2, "attractiveness_updated": 0.2 }, "geometry": { "type": "Point", "coordinates": [ 4338405.979388264939189, 5637554.347616514191031 ] } },
{ "type": "Feature", "properties": { "ID": 2055, "Address": "улица Александра Покрышкина, 2/2", "lat": 45.102559, "long": 38.970238, "population_x": 26000.0, "poi_count": 12, "type": "pvz", "hex_id": 39, "poi_amenity": 0, "poi_shop": 0, "poi_office": 0, "poi_leisure": 0, "poi_tourism": 0, "population_y": 26000.0, "car_traffic": 26000.0, "foot_traffic": 21000.0, "attractiveness": 0.0, "poi_transport": 1, "attractiveness_updated": 0.1 }, "geometry": { "type": "Point", "coordinates": [ 4338147.050252680666745, 5637681.77808313537389 ] } },
{ "type": "Feature", "properties": { "ID": 50015367, "Address": "улица имени Валерия Вишневецкого, 7к1", "lat": 45.096419, "long": 38.948947, "population_x": 11000.0, "poi_count": 0, "type": "pvz", "hex_id": 30, "poi_amenity": 0, "poi_shop": 0, "poi_office": 0, "poi_leisure": 0, "poi_tourism": 0, "population_y": 11000.0, "car_traffic": 2600.0, "foot_traffic": 3400.0, "attractiveness": 0.0, "poi_transport": 0, "attractiveness_updated": 0.0 }, "geometry": { "type": "Point", "coordinates": [ 4335776.946974200196564, 5636713.477919600903988 ] } },
{ "type": "Feature", "properties": { "ID": 162684, "Address": "улица Героя Хабибуллина, 6", "lat": 45.101445, "long": 38.948417, "population_x": 11000.0, "poi_count": 3, "type": "pvz", "hex_id": 30, "poi_amenity": 0, "poi_shop": 0, "poi_office": 0, "poi_leisure": 0, "poi_tourism": 0, "population_y": 11000.0, "car_traffic": 2600.0, "foot_traffic": 3400.0, "attractiveness": 0.0, "poi_transport": 2, "attractiveness_updated": 0.2 }, "geometry": { "type": "Point", "coordinates": [ 4335717.947644080035388, 5637506.08852943778038 ] } },
{ "type": "Feature", "properties": { "ID": 310691, "Address": "Питерская улица, 40", "lat": 45.100968, "long": 38.953718, "population_x": 11000.0, "poi_count": 2, "type": "pvz", "hex_id": 30, "poi_amenity": 0, "poi_shop": 0, "poi_office": 0, "poi_leisure": 0, "poi_tourism": 0, "population_y": 11000.0, "car_traffic": 2600.0, "foot_traffic": 3400.0, "attractiveness": 0.0, "poi_transport": 0, "attractiveness_updated": 0.0 }, "geometry": { "type": "Point", "coordinates": [ 4336308.052264775149524, 5637430.861644837073982 ] } },
{ "type": "Feature", "properties": { "ID": 309492, "Address": "улица Героя Пешкова, 7", "lat": 45.1042, "long": 38.950771, "population_x": 11000.0, "poi_count": 9, "type": "pvz", "hex_id": 30, "poi_amenity": 0, "poi_shop": 0, "poi_office": 0, "poi_leisure": 0, "poi_tourism": 0, "population_y": 11000.0, "car_traffic": 2600.0, "foot_traffic": 3400.0, "attractiveness": 0.0, "poi_transport": 0, "attractiveness_updated": 0.0 }, "geometry": { "type": "Point", "coordinates": [ 4335979.993725406937301, 5637940.587341707199812 ] } },
{ "type": "Feature", "properties": { "ID": 320115, "Address": "улица Героя Пешкова, 14к5", "lat": 45.10427, "long": 38.953673, "population_x": 11000.0, "poi_count": 12, "type": "pvz", "hex_id": 30, "poi_amenity": 0, "poi_shop": 0, "poi_office": 0, "poi_leisure": 0, "poi_tourism": 0, "population_y": 11000.0, "car_traffic": 2600.0, "foot_traffic": 3400.0, "attractiveness": 0.0, "poi_transport": 0, "attractiveness_updated": 0.0 }, "geometry": { "type": "Point", "coordinates": [ 4336303.042887689545751, 5637951.627512083388865 ] } },
{ "type": "Feature", "properties": { "ID": 160580, "Address": "Степная улица, 1/1", "lat": 45.10469, "long": 38.955999, "population_x": 11000.0, "poi_count": 11, "type": "pvz", "hex_id": 30, "poi_amenity": 0, "poi_shop": 0, "poi_office": 0, "poi_leisure": 0, "poi_tourism": 0, "population_y": 11000.0, "car_traffic": 2600.0, "foot_traffic": 3400.0, "attractiveness": 0.0, "poi_transport": 0, "attractiveness_updated": 0.0 }, "geometry": { "type": "Point", "coordinates": [ 4336561.972023274749517, 5638017.868818627670407 ] } },
{ "type": "Feature", "properties": { "ID": 213025, "Address": "улица Героя Пешкова, 14к2", "lat": 45.105243, "long": 38.952523, "population_x": 11000.0, "poi_count": 15, "type": "pvz", "hex_id": 30, "poi_amenity": 0, "poi_shop": 0, "poi_office": 0, "poi_leisure": 0, "poi_tourism": 0, "population_y": 11000.0, "car_traffic": 2600.0, "foot_traffic": 3400.0, "attractiveness": 0.0, "poi_transport": 1, "attractiveness_updated": 0.1 }, "geometry": { "type": "Point", "coordinates": [ 4336175.025473277084529, 5638105.087282190099359 ] } },
{ "type": "Feature", "properties": { "ID": 157715, "Address": "Конгрессная улица, 15", "lat": 45.107724, "long": 38.96421, "population_x": 26000.0, "poi_count": 10, "type": "pvz", "hex_id": 39, "poi_amenity": 0, "poi_shop": 0, "poi_office": 0, "poi_leisure": 0, "poi_tourism": 0, "population_y": 26000.0, "car_traffic": 26000.0, "foot_traffic": 21000.0, "attractiveness": 0.0, "poi_transport": 1, "attractiveness_updated": 0.1 }, "geometry": { "type": "Point", "coordinates": [ 4337476.016362178139389, 5638496.397876519709826 ] } },
{ "type": "Feature", "properties": { "ID": 206909, "Address": "Конгрессная улица, 27", "lat": 45.107355, "long": 38.960832, "population_x": 26000.0, "poi_count": 20, "type": "pvz", "hex_id": 39, "poi_amenity": 0, "poi_shop": 0, "poi_office": 0, "poi_leisure": 0, "poi_tourism": 0, "population_y": 26000.0, "car_traffic": 26000.0, "foot_traffic": 21000.0, "attractiveness": 0.0, "poi_transport": 0, "attractiveness_updated": 0.0 }, "geometry": { "type": "Point", "coordinates": [ 4337099.979122277349234, 5638438.197037935256958 ] } },
{ "type": "Feature", "properties": { "ID": 50016466, "Address": "Конгрессная улица, 33", "lat": 45.108119, "long": 38.958155, "population_x": 26000.0, "poi_count": 24, "type": "pvz", "hex_id": 39, "poi_amenity": 0, "poi_shop": 0, "poi_office": 0, "poi_leisure": 0, "poi_tourism": 0, "population_y": 26000.0, "car_traffic": 26000.0, "foot_traffic": 21000.0, "attractiveness": 0.0, "poi_transport": 0, "attractiveness_updated": 0.0 }, "geometry": { "type": "Point", "coordinates": [ 4336801.976845424622297, 5638558.700004140846431 ] } },
{ "type": "Feature", "properties": { "ID": 50006913, "Address": "улица Григория Булгакова, 7к1", "lat": 45.108901, "long": 38.955999, "population_x": 26000.0, "poi_count": 21, "type": "pvz", "hex_id": 39, "poi_amenity": 0, "poi_shop": 0, "poi_office": 0, "poi_leisure": 0, "poi_tourism": 0, "population_y": 26000.0, "car_traffic": 26000.0, "foot_traffic": 21000.0, "attractiveness": 0.0, "poi_transport": 0, "attractiveness_updated": 0.0 }, "geometry": { "type": "Point", "coordinates": [ 4336561.972023274749517, 5638682.043715830892324 ] } },
{ "type": "Feature", "properties": { "ID": 214816, "Address": "улица Григория Булгакова, 8", "lat": 45.109626, "long": 38.957886, "population_x": 26000.0, "poi_count": 23, "type": "pvz", "hex_id": 39, "poi_amenity": 0, "poi_shop": 0, "poi_office": 0, "poi_leisure": 0, "poi_tourism": 0, "population_y": 26000.0, "car_traffic": 26000.0, "foot_traffic": 21000.0, "attractiveness": 0.0, "poi_transport": 0, "attractiveness_updated": 0.0 }, "geometry": { "type": "Point", "coordinates": [ 4336772.031902401708066, 5638796.398410819470882 ] } },
{ "type": "Feature", "properties": { "ID": 50022975, "Address": "улица Григория Булгакова, 13к1", "lat": 45.110542, "long": 38.956951, "population_x": 26000.0, "poi_count": 20, "type": "pvz", "hex_id": 39, "poi_amenity": 0, "poi_shop": 0, "poi_office": 0, "poi_leisure": 0, "poi_tourism": 0, "population_y": 26000.0, "car_traffic": 26000.0, "foot_traffic": 21000.0, "attractiveness": 0.0, "poi_transport": 0, "attractiveness_updated": 0.0 }, "geometry": { "type": "Point", "coordinates": [ 4336667.948178508318961, 5638940.881730028428137 ] } },
{ "type": "Feature", "properties": { "ID": 50008878, "Address": "улица Григория Булгакова, 12", "lat": 45.111287, "long": 38.958838, "population_x": 26000.0, "poi_count": 16, "type": "pvz", "hex_id": 39, "poi_amenity": 0, "poi_shop": 0, "poi_office": 0, "poi_leisure": 0, "poi_tourism": 0, "population_y": 26000.0, "car_traffic": 26000.0, "foot_traffic": 21000.0, "attractiveness": 0.0, "poi_transport": 0, "attractiveness_updated": 0.0 }, "geometry": { "type": "Point", "coordinates": [ 4336878.00805763527751, 5639058.394436456263065 ] } },
{ "type": "Feature", "properties": { "ID": 305662, "Address": "улица Григория Булгакова, 12к1", "lat": 45.111357, "long": 38.960015, "population_x": 26000.0, "poi_count": 12, "type": "pvz", "hex_id": 39, "poi_amenity": 0, "poi_shop": 0, "poi_office": 0, "poi_leisure": 0, "poi_tourism": 0, "population_y": 26000.0, "car_traffic": 26000.0, "foot_traffic": 21000.0, "attractiveness": 0.0, "poi_transport": 0, "attractiveness_updated": 0.0 }, "geometry": { "type": "Point", "coordinates": [ 4337009.031098301522434, 5639069.435977642424405 ] } },
{ "type": "Feature", "properties": { "ID": 322499, "Address": "улица им. Мурата Ахеджака, 10А", "lat": 45.112056, "long": 38.961551, "population_x": 26000.0, "poi_count": 10, "type": "pvz", "hex_id": 39, "poi_amenity": 0, "poi_shop": 0, "poi_office": 0, "poi_leisure": 0, "poi_tourism": 0, "population_y": 26000.0, "car_traffic": 26000.0, "foot_traffic": 21000.0, "attractiveness": 0.0, "poi_transport": 0, "attractiveness_updated": 0.0 }, "geometry": { "type": "Point", "coordinates": [ 4337180.017836159095168, 5639179.694395982660353 ] } },
{ "type": "Feature", "properties": { "ID": 310122, "Address": "улица им. Мурата Ахеджака, 12к2", "lat": 45.112044, "long": 38.962907, "population_x": 26000.0, "poi_count": 6, "type": "pvz", "hex_id": 39, "poi_amenity": 0, "poi_shop": 0, "poi_office": 0, "poi_leisure": 0, "poi_tourism": 0, "population_y": 26000.0, "car_traffic": 26000.0, "foot_traffic": 21000.0, "attractiveness": 0.0, "poi_transport": 0, "attractiveness_updated": 0.0 }, "geometry": { "type": "Point", "coordinates": [ 4337330.967065674252808, 5639177.801536205224693 ] } },
{ "type": "Feature", "properties": { "ID": 50016121, "Address": "Стадионная улица, 4", "lat": 45.108469, "long": 38.985635, "population_x": 26000.0, "poi_count": 10, "type": "pvz", "hex_id": 39, "poi_amenity": 0, "poi_shop": 0, "poi_office": 0, "poi_leisure": 0, "poi_tourism": 0, "population_y": 26000.0, "car_traffic": 26000.0, "foot_traffic": 21000.0, "attractiveness": 0.0, "poi_transport": 2, "attractiveness_updated": 0.2 }, "geometry": { "type": "Point", "coordinates": [ 4339861.036452423781157, 5638613.904781284742057 ] } },
{ "type": "Feature", "properties": { "ID": 50011456, "Address": "улица Красных Партизан, 16/1", "lat": 45.054136, "long": 38.936236, "population_x": 21000.0, "poi_count": 20, "type": "pvz", "hex_id": 21, "poi_amenity": 0, "poi_shop": 0, "poi_office": 0, "poi_leisure": 0, "poi_tourism": 0, "population_y": 21000.0, "car_traffic": 28000.0, "foot_traffic": 35000.0, "attractiveness": 0.0, "poi_transport": 1, "attractiveness_updated": 0.1 }, "geometry": { "type": "Point", "coordinates": [ 4334361.964926726184785, 5630048.121530482545495 ] } },
{ "type": "Feature", "properties": { "ID": 50001101, "Address": "улица Гагарина, 22", "lat": 45.05648, "long": 38.934332, "population_x": 21000.0, "poi_count": 20, "type": "pvz", "hex_id": 21, "poi_amenity": 0, "poi_shop": 0, "poi_office": 0, "poi_leisure": 0, "poi_tourism": 0, "population_y": 21000.0, "car_traffic": 28000.0, "foot_traffic": 35000.0, "attractiveness": 0.0, "poi_transport": 4, "attractiveness_updated": 0.4 }, "geometry": { "type": "Point", "coordinates": [ 4334150.012616256251931, 5630417.493086281232536 ] } },
{ "type": "Feature", "properties": { "ID": 50031886, "Address": "улица имени Панфилова, 1", "lat": 45.059287, "long": 38.927217, "population_x": 21000.0, "poi_count": 44, "type": "pvz", "hex_id": 21, "poi_amenity": 0, "poi_shop": 0, "poi_office": 0, "poi_leisure": 0, "poi_tourism": 0, "population_y": 21000.0, "car_traffic": 28000.0, "foot_traffic": 35000.0, "attractiveness": 0.0, "poi_transport": 5, "attractiveness_updated": 0.5 }, "geometry": { "type": "Point", "coordinates": [ 4333357.974439262412488, 5630859.844902302138507 ] } },
{ "type": "Feature", "properties": { "ID": 50034991, "Address": "Темрюкская улица, 58", "lat": 45.061694, "long": 38.927451, "population_x": 21000.0, "poi_count": 29, "type": "pvz", "hex_id": 21, "poi_amenity": 0, "poi_shop": 0, "poi_office": 0, "poi_leisure": 0, "poi_tourism": 0, "population_y": 21000.0, "car_traffic": 28000.0, "foot_traffic": 35000.0, "attractiveness": 0.0, "poi_transport": 0, "attractiveness_updated": 0.0 }, "geometry": { "type": "Point", "coordinates": [ 4333384.023200106807053, 5631239.178485793992877 ] } },
{ "type": "Feature", "properties": { "ID": 50022152, "Address": "улица 3-я Линия, 57/7", "lat": 45.062235, "long": 38.932877, "population_x": 21000.0, "poi_count": 2, "type": "pvz", "hex_id": 21, "poi_amenity": 0, "poi_shop": 0, "poi_office": 0, "poi_leisure": 0, "poi_tourism": 0, "population_y": 21000.0, "car_traffic": 28000.0, "foot_traffic": 35000.0, "attractiveness": 0.0, "poi_transport": 8, "attractiveness_updated": 0.8 }, "geometry": { "type": "Point", "coordinates": [ 4333988.042757151648402, 5631324.44012247864157 ] } },
{ "type": "Feature", "properties": { "ID": 126698, "Address": "улица Академика Лукьяненко, 30", "lat": 45.056263, "long": 38.912485, "population_x": 13000.0, "poi_count": 12, "type": "pvz", "hex_id": 13, "poi_amenity": 0, "poi_shop": 0, "poi_office": 0, "poi_leisure": 0, "poi_tourism": 0, "population_y": 13000.0, "car_traffic": 13000.0, "foot_traffic": 9500.0, "attractiveness": 0.0, "poi_transport": 2, "attractiveness_updated": 0.2 }, "geometry": { "type": "Point", "coordinates": [ 4331718.015700895339251, 5630383.297216705046594 ] } },
{ "type": "Feature", "properties": { "ID": 50006867, "Address": "улица Академика Лукьяненко, 95/9", "lat": 45.060032, "long": 38.917291, "population_x": 13000.0, "poi_count": 21, "type": "pvz", "hex_id": 13, "poi_amenity": 0, "poi_shop": 0, "poi_office": 0, "poi_leisure": 0, "poi_tourism": 0, "population_y": 13000.0, "car_traffic": 13000.0, "foot_traffic": 9500.0, "attractiveness": 0.0, "poi_transport": 2, "attractiveness_updated": 0.2 }, "geometry": { "type": "Point", "coordinates": [ 4332253.017173646949232, 5630977.252219407819211 ] } },
{ "type": "Feature", "properties": { "ID": 167574, "Address": "улица Академика Лукьяненко, 12/1", "lat": 45.061471, "long": 38.917515, "population_x": 13000.0, "poi_count": 30, "type": "pvz", "hex_id": 13, "poi_amenity": 0, "poi_shop": 0, "poi_office": 0, "poi_leisure": 0, "poi_tourism": 0, "population_y": 13000.0, "car_traffic": 13000.0, "foot_traffic": 9500.0, "attractiveness": 0.0, "poi_transport": 1, "attractiveness_updated": 0.1 }, "geometry": { "type": "Point", "coordinates": [ 4332277.952739586122334, 5631204.03390549402684 ] } },
{ "type": "Feature", "properties": { "ID": 212762, "Address": "улица Красных Партизан, 4/4", "lat": 45.061433, "long": 38.92039, "population_x": 13000.0, "poi_count": 30, "type": "pvz", "hex_id": 13, "poi_amenity": 0, "poi_shop": 0, "poi_office": 0, "poi_leisure": 0, "poi_tourism": 0, "population_y": 13000.0, "car_traffic": 13000.0, "foot_traffic": 9500.0, "attractiveness": 0.0, "poi_transport": 1, "attractiveness_updated": 0.1 }, "geometry": { "type": "Point", "coordinates": [ 4332597.996275616809726, 5631198.045156600885093 ] } },
{ "type": "Feature", "properties": { "ID": 50000808, "Address": "Азовская улица, 17", "lat": 45.065297, "long": 38.918297, "population_x": 13000.0, "poi_count": 30, "type": "pvz", "hex_id": 13, "poi_amenity": 0, "poi_shop": 0, "poi_office": 0, "poi_leisure": 0, "poi_tourism": 0, "population_y": 13000.0, "car_traffic": 13000.0, "foot_traffic": 9500.0, "attractiveness": 0.0, "poi_transport": 3, "attractiveness_updated": 0.3 }, "geometry": { "type": "Point", "coordinates": [ 4332365.004581387154758, 5631807.026736903004348 ] } },
{ "type": "Feature", "properties": { "ID": 101793, "Address": "улица Красных Партизан, 81", "lat": 45.067735, "long": 38.914237, "population_x": 13000.0, "poi_count": 17, "type": "pvz", "hex_id": 13, "poi_amenity": 0, "poi_shop": 0, "poi_office": 0, "poi_leisure": 0, "poi_tourism": 0, "population_y": 13000.0, "car_traffic": 13000.0, "foot_traffic": 9500.0, "attractiveness": 0.0, "poi_transport": 3, "attractiveness_updated": 0.3 }, "geometry": { "type": "Point", "coordinates": [ 4331913.047448765486479, 5632191.286294677294791 ] } },
{ "type": "Feature", "properties": { "ID": 50003520, "Address": "Славянская улица, 81", "lat": 45.066672, "long": 38.925043, "population_x": 3600.0, "poi_count": 14, "type": "pvz", "hex_id": 22, "poi_amenity": 0, "poi_shop": 0, "poi_office": 0, "poi_leisure": 0, "poi_tourism": 0, "population_y": 3600.0, "car_traffic": 4200.0, "foot_traffic": 3600.0, "attractiveness": 0.0, "poi_transport": 10, "attractiveness_updated": 1.0 }, "geometry": { "type": "Point", "coordinates": [ 4333115.96586627792567, 5632023.742068844847381 ] } },
{ "type": "Feature", "properties": { "ID": 50005351, "Address": "улица имени Толбухина, 41", "lat": 45.070104, "long": 38.932922, "population_x": 3600.0, "poi_count": 1, "type": "pvz", "hex_id": 22, "poi_amenity": 0, "poi_shop": 0, "poi_office": 0, "poi_leisure": 0, "poi_tourism": 0, "population_y": 3600.0, "car_traffic": 4200.0, "foot_traffic": 3600.0, "attractiveness": 0.0, "poi_transport": 0, "attractiveness_updated": 0.0 }, "geometry": { "type": "Point", "coordinates": [ 4333993.052134237252176, 5632564.686282430775464 ] } },
{ "type": "Feature", "properties": { "ID": 318052, "Address": "улица имени Калинина, 1к10", "lat": 45.057415, "long": 38.896881, "population_x": 13000.0, "poi_count": 45, "type": "pvz", "hex_id": 13, "poi_amenity": 0, "poi_shop": 0, "poi_office": 0, "poi_leisure": 0, "poi_tourism": 0, "population_y": 13000.0, "car_traffic": 13000.0, "foot_traffic": 9500.0, "attractiveness": 0.0, "poi_transport": 2, "attractiveness_updated": 0.2 }, "geometry": { "type": "Point", "coordinates": [ 4329980.986366557888687, 5630564.836220481432974 ] } },
{ "type": "Feature", "properties": { "ID": 5698, "Address": "микрорайон имени Н.И. Вавилова", "lat": 45.054652, "long": 38.891446, "population_x": 3000.0, "poi_count": 41, "type": "pvz", "hex_id": 5, "poi_amenity": 0, "poi_shop": 0, "poi_office": 0, "poi_leisure": 0, "poi_tourism": 0, "population_y": 3000.0, "car_traffic": 12000.0, "foot_traffic": 2600.0, "attractiveness": 0.0, "poi_transport": 1, "attractiveness_updated": 0.1 }, "geometry": { "type": "Point", "coordinates": [ 4329375.964934096671641, 5630129.432399301789701 ] } },
{ "type": "Feature", "properties": { "ID": 50004504, "Address": "улица Вавилова, 18/2", "lat": 45.055645, "long": 38.889802, "population_x": 600.0, "poi_count": 31, "type": "pvz", "hex_id": 6, "poi_amenity": 0, "poi_shop": 0, "poi_office": 0, "poi_leisure": 0, "poi_tourism": 0, "population_y": 600.0, "car_traffic": 12000.0, "foot_traffic": 1900.0, "attractiveness": 0.0, "poi_transport": 2, "attractiveness_updated": 0.2 }, "geometry": { "type": "Point", "coordinates": [ 4329192.955691231414676, 5630285.910612534731627 ] } },
{ "type": "Feature", "properties": { "ID": 50004291, "Address": "Красная улица, 10", "lat": 45.060478, "long": 38.885904, "population_x": 600.0, "poi_count": 2, "type": "pvz", "hex_id": 6, "poi_amenity": 0, "poi_shop": 0, "poi_office": 0, "poi_leisure": 0, "poi_tourism": 0, "population_y": 600.0, "car_traffic": 12000.0, "foot_traffic": 1900.0, "attractiveness": 0.0, "poi_transport": 0, "attractiveness_updated": 0.0 }, "geometry": { "type": "Point", "coordinates": [ 4328759.032316118478775, 5631047.539748013019562 ] } },
{ "type": "Feature", "properties": { "ID": 321694, "Address": "Заполярная улица, 39к6", "lat": 45.072522, "long": 38.907113, "population_x": 30000.0, "poi_count": 15, "type": "pvz", "hex_id": 14, "poi_amenity": 0, "poi_shop": 0, "poi_office": 0, "poi_leisure": 0, "poi_tourism": 0, "population_y": 30000.0, "car_traffic": 12000.0, "foot_traffic": 14000.0, "attractiveness": 0.0, "poi_transport": 0, "attractiveness_updated": 0.0 }, "geometry": { "type": "Point", "coordinates": [ 4331120.007396356202662, 5632945.82557368837297 ] } },
{ "type": "Feature", "properties": { "ID": 173155, "Address": "Заполярная улица, 39с2", "lat": 45.072917, "long": 38.905819, "population_x": 30000.0, "poi_count": 19, "type": "pvz", "hex_id": 14, "poi_amenity": 0, "poi_shop": 0, "poi_office": 0, "poi_leisure": 0, "poi_tourism": 0, "population_y": 30000.0, "car_traffic": 12000.0, "foot_traffic": 14000.0, "attractiveness": 0.0, "poi_transport": 0, "attractiveness_updated": 0.0 }, "geometry": { "type": "Point", "coordinates": [ 4330975.959975268691778, 5633008.089314410462976 ] } },
{ "type": "Feature", "properties": { "ID": 317634, "Address": "Заполярная улица, 39к9", "lat": 45.074279, "long": 38.907284, "population_x": 30000.0, "poi_count": 14, "type": "pvz", "hex_id": 14, "poi_amenity": 0, "poi_shop": 0, "poi_office": 0, "poi_leisure": 0, "poi_tourism": 0, "population_y": 30000.0, "car_traffic": 12000.0, "foot_traffic": 14000.0, "attractiveness": 0.0, "poi_transport": 0, "attractiveness_updated": 0.0 }, "geometry": { "type": "Point", "coordinates": [ 4331139.043029278516769, 5633222.784297884441912 ] } },
{ "type": "Feature", "properties": { "ID": 159956, "Address": "Заполярная улица, 39к4", "lat": 45.073229, "long": 38.905559, "population_x": 30000.0, "poi_count": 19, "type": "pvz", "hex_id": 14, "poi_amenity": 0, "poi_shop": 0, "poi_office": 0, "poi_leisure": 0, "poi_tourism": 0, "population_y": 30000.0, "car_traffic": 12000.0, "foot_traffic": 14000.0, "attractiveness": 0.0, "poi_transport": 0, "attractiveness_updated": 0.0 }, "geometry": { "type": "Point", "coordinates": [ 4330947.016907661221921, 5633057.270092303864658 ] } },
{ "type": "Feature", "properties": { "ID": 129981, "Address": "Заполярная улица, 37к2", "lat": 45.074146, "long": 38.904678, "population_x": 30000.0, "poi_count": 16, "type": "pvz", "hex_id": 14, "poi_amenity": 0, "poi_shop": 0, "poi_office": 0, "poi_leisure": 0, "poi_tourism": 0, "population_y": 30000.0, "car_traffic": 12000.0, "foot_traffic": 14000.0, "attractiveness": 0.0, "poi_transport": 0, "attractiveness_updated": 0.0 }, "geometry": { "type": "Point", "coordinates": [ 4330848.944436272606254, 5633201.818996971473098 ] } },
{ "type": "Feature", "properties": { "ID": 50009499, "Address": "Заполярная улица, 35к9", "lat": 45.075425, "long": 38.904849, "population_x": 30000.0, "poi_count": 14, "type": "pvz", "hex_id": 14, "poi_amenity": 0, "poi_shop": 0, "poi_office": 0, "poi_leisure": 0, "poi_tourism": 0, "population_y": 30000.0, "car_traffic": 12000.0, "foot_traffic": 14000.0, "attractiveness": 0.0, "poi_transport": 0, "attractiveness_updated": 0.0 }, "geometry": { "type": "Point", "coordinates": [ 4330867.980069198645651, 5633403.434701723046601 ] } },
{ "type": "Feature", "properties": { "ID": 314080, "Address": "Заполярная улица, 35к3", "lat": 45.074317, "long": 38.903106, "population_x": 30000.0, "poi_count": 14, "type": "pvz", "hex_id": 14, "poi_amenity": 0, "poi_shop": 0, "poi_office": 0, "poi_leisure": 0, "poi_tourism": 0, "population_y": 30000.0, "car_traffic": 12000.0, "foot_traffic": 14000.0, "attractiveness": 0.0, "poi_transport": 2, "attractiveness_updated": 0.2 }, "geometry": { "type": "Point", "coordinates": [ 4330673.95019674487412, 5633228.774392820894718 ] } },
{ "type": "Feature", "properties": { "ID": 131488, "Address": "Заполярная улица, 35к4", "lat": 45.074521, "long": 38.902774, "population_x": 30000.0, "poi_count": 13, "type": "pvz", "hex_id": 14, "poi_amenity": 0, "poi_shop": 0, "poi_office": 0, "poi_leisure": 0, "poi_tourism": 0, "population_y": 30000.0, "car_traffic": 12000.0, "foot_traffic": 14000.0, "attractiveness": 0.0, "poi_transport": 2, "attractiveness_updated": 0.2 }, "geometry": { "type": "Point", "coordinates": [ 4330636.992125802673399, 5633260.931812669150531 ] } },
{ "type": "Feature", "properties": { "ID": 305303, "Address": "улица Красных Партизан, 1/4к16", "lat": 45.076316, "long": 38.903017, "population_x": 30000.0, "poi_count": 14, "type": "pvz", "hex_id": 14, "poi_amenity": 0, "poi_shop": 0, "poi_office": 0, "poi_leisure": 0, "poi_tourism": 0, "population_y": 30000.0, "car_traffic": 12000.0, "foot_traffic": 14000.0, "attractiveness": 0.0, "poi_transport": 0, "attractiveness_updated": 0.0 }, "geometry": { "type": "Point", "coordinates": [ 4330664.042762065306306, 5633543.890529492869973 ] } },
{ "type": "Feature", "properties": { "ID": 50017134, "Address": "улица Красных Партизан, 1/3к10", "lat": 45.077665, "long": 38.899657, "population_x": 30000.0, "poi_count": 21, "type": "pvz", "hex_id": 14, "poi_amenity": 0, "poi_shop": 0, "poi_office": 0, "poi_leisure": 0, "poi_tourism": 0, "population_y": 30000.0, "car_traffic": 12000.0, "foot_traffic": 14000.0, "attractiveness": 0.0, "poi_transport": 0, "attractiveness_updated": 0.0 }, "geometry": { "type": "Point", "coordinates": [ 4330290.009272998198867, 5633756.548919387161732 ] } },
{ "type": "Feature", "properties": { "ID": 162105, "Address": "улица Красных Партизан, 1/4к11", "lat": 45.078881, "long": 38.898669, "population_x": 30000.0, "poi_count": 25, "type": "pvz", "hex_id": 14, "poi_amenity": 0, "poi_shop": 0, "poi_office": 0, "poi_leisure": 0, "poi_tourism": 0, "population_y": 30000.0, "car_traffic": 12000.0, "foot_traffic": 14000.0, "attractiveness": 0.0, "poi_transport": 0, "attractiveness_updated": 0.0 }, "geometry": { "type": "Point", "coordinates": [ 4330180.025616097263992, 5633948.245291646569967 ] } },
{ "type": "Feature", "properties": { "ID": 163112, "Address": "улица Красных Партизан, 1/4к8", "lat": 45.078741, "long": 38.897977, "population_x": 30000.0, "poi_count": 25, "type": "pvz", "hex_id": 14, "poi_amenity": 0, "poi_shop": 0, "poi_office": 0, "poi_leisure": 0, "poi_tourism": 0, "population_y": 30000.0, "car_traffic": 12000.0, "foot_traffic": 14000.0, "attractiveness": 0.0, "poi_transport": 0, "attractiveness_updated": 0.0 }, "geometry": { "type": "Point", "coordinates": [ 4330102.992528467439115, 5633926.174777824431658 ] } },
{ "type": "Feature", "properties": { "ID": 50011665, "Address": "улица Красных Партизан, 1/4к3", "lat": 45.079066, "long": 38.896576, "population_x": 30000.0, "poi_count": 31, "type": "pvz", "hex_id": 14, "poi_amenity": 0, "poi_shop": 0, "poi_office": 0, "poi_leisure": 0, "poi_tourism": 0, "population_y": 30000.0, "car_traffic": 12000.0, "foot_traffic": 14000.0, "attractiveness": 0.0, "poi_transport": 0, "attractiveness_updated": 0.0 }, "geometry": { "type": "Point", "coordinates": [ 4329947.033921864815056, 5633977.409982141107321 ] } },
{ "type": "Feature", "properties": { "ID": 139652, "Address": "улица Красных Партизан, 1/4к4", "lat": 45.079995, "long": 38.897267, "population_x": 30000.0, "poi_count": 30, "type": "pvz", "hex_id": 14, "poi_amenity": 0, "poi_shop": 0, "poi_office": 0, "poi_leisure": 0, "poi_tourism": 0, "population_y": 30000.0, "car_traffic": 12000.0, "foot_traffic": 14000.0, "attractiveness": 0.0, "poi_transport": 0, "attractiveness_updated": 0.0 }, "geometry": { "type": "Point", "coordinates": [ 4330023.955690003931522, 5634123.865450227633119 ] } },
{ "type": "Feature", "properties": { "ID": 164050, "Address": "улица Красных Партизан, 1/4к9", "lat": 45.081573, "long": 38.898678, "population_x": 30000.0, "poi_count": 15, "type": "pvz", "hex_id": 14, "poi_amenity": 0, "poi_shop": 0, "poi_office": 0, "poi_leisure": 0, "poi_tourism": 0, "population_y": 30000.0, "car_traffic": 12000.0, "foot_traffic": 14000.0, "attractiveness": 0.0, "poi_transport": 0, "attractiveness_updated": 0.0 }, "geometry": { "type": "Point", "coordinates": [ 4330181.027491512708366, 5634372.640260729938745 ] } },
{ "type": "Feature", "properties": { "ID": 50022268, "Address": "улица Красных Партизан, 1/4к13", "lat": 45.081287, "long": 38.900061, "population_x": 30000.0, "poi_count": 14, "type": "pvz", "hex_id": 14, "poi_amenity": 0, "poi_shop": 0, "poi_office": 0, "poi_leisure": 0, "poi_tourism": 0, "population_y": 30000.0, "car_traffic": 12000.0, "foot_traffic": 14000.0, "attractiveness": 0.0, "poi_transport": 0, "attractiveness_updated": 0.0 }, "geometry": { "type": "Point", "coordinates": [ 4330334.982347280718386, 5634327.551287173293531 ] } },
{ "type": "Feature", "properties": { "ID": 312376, "Address": "улица Красных Партизан, 1/4к21", "lat": 45.084023, "long": 38.903574, "population_x": 30000.0, "poi_count": 19, "type": "pvz", "hex_id": 14, "poi_amenity": 0, "poi_shop": 0, "poi_office": 0, "poi_leisure": 0, "poi_tourism": 0, "population_y": 30000.0, "car_traffic": 12000.0, "foot_traffic": 14000.0, "attractiveness": 0.0, "poi_transport": 0, "attractiveness_updated": 0.0 }, "geometry": { "type": "Point", "coordinates": [ 4330726.047718437388539, 5634758.901206159964204 ] } },
{ "type": "Feature", "properties": { "ID": 308494, "Address": "улица Даниила Смоляна, 65к1", "lat": 45.08935, "long": 38.89998, "population_x": 30000.0, "poi_count": 4, "type": "pvz", "hex_id": 14, "poi_amenity": 0, "poi_shop": 0, "poi_office": 0, "poi_leisure": 0, "poi_tourism": 0, "population_y": 30000.0, "car_traffic": 12000.0, "foot_traffic": 14000.0, "attractiveness": 0.0, "poi_transport": 0, "attractiveness_updated": 0.0 }, "geometry": { "type": "Point", "coordinates": [ 4330325.965468524955213, 5635598.800030950456858 ] } },
{ "type": "Feature", "properties": { "ID": 50015468, "Address": "улица Даниила Смоляна, 71к3", "lat": 45.089611, "long": 38.902199, "population_x": 30000.0, "poi_count": 6, "type": "pvz", "hex_id": 14, "poi_amenity": 0, "poi_shop": 0, "poi_office": 0, "poi_leisure": 0, "poi_tourism": 0, "population_y": 30000.0, "car_traffic": 12000.0, "foot_traffic": 14000.0, "attractiveness": 0.0, "poi_transport": 2, "attractiveness_updated": 0.2 }, "geometry": { "type": "Point", "coordinates": [ 4330572.98341859690845, 5635639.953459906391799 ] } },
{ "type": "Feature", "properties": { "ID": 50019717, "Address": "отделение № 2 Агрофирмы Солнечная, 9/2", "lat": 45.0876, "long": 38.909215, "population_x": 30000.0, "poi_count": 1, "type": "pvz", "hex_id": 14, "poi_amenity": 0, "poi_shop": 0, "poi_office": 0, "poi_leisure": 0, "poi_tourism": 0, "population_y": 30000.0, "car_traffic": 12000.0, "foot_traffic": 14000.0, "attractiveness": 0.0, "poi_transport": 0, "attractiveness_updated": 0.0 }, "geometry": { "type": "Point", "coordinates": [ 4331354.000966002233326, 5635322.871935588307679 ] } },
{ "type": "Feature", "properties": { "ID": 50009047, "Address": "улица Западный Обход, 39/1к6", "lat": 45.091933, "long": 38.903124, "population_x": 30000.0, "poi_count": 17, "type": "pvz", "hex_id": 14, "poi_amenity": 0, "poi_shop": 0, "poi_office": 0, "poi_leisure": 0, "poi_tourism": 0, "population_y": 30000.0, "car_traffic": 12000.0, "foot_traffic": 14000.0, "attractiveness": 0.0, "poi_transport": 0, "attractiveness_updated": 0.0 }, "geometry": { "type": "Point", "coordinates": [ 4330675.953947578556836, 5636006.085348187014461 ] } },
{ "type": "Feature", "properties": { "ID": 312610, "Address": "улица Константина Гондаря, 91", "lat": 45.093136, "long": 38.901103, "population_x": 30000.0, "poi_count": 16, "type": "pvz", "hex_id": 14, "poi_amenity": 0, "poi_shop": 0, "poi_office": 0, "poi_leisure": 0, "poi_tourism": 0, "population_y": 30000.0, "car_traffic": 12000.0, "foot_traffic": 14000.0, "attractiveness": 0.0, "poi_transport": 0, "attractiveness_updated": 0.0 }, "geometry": { "type": "Point", "coordinates": [ 4330450.977256687358022, 5636195.779686790890992 ] } },
{ "type": "Feature", "properties": { "ID": 214065, "Address": "улица Западный Обход, 39/2к7", "lat": 45.093505, "long": 38.902594, "population_x": 30000.0, "poi_count": 27, "type": "pvz", "hex_id": 14, "poi_amenity": 0, "poi_shop": 0, "poi_office": 0, "poi_leisure": 0, "poi_tourism": 0, "population_y": 30000.0, "car_traffic": 12000.0, "foot_traffic": 14000.0, "attractiveness": 0.0, "poi_transport": 0, "attractiveness_updated": 0.0 }, "geometry": { "type": "Point", "coordinates": [ 4330616.954617459326982, 5636253.966032849624753 ] } },
{ "type": "Feature", "properties": { "ID": 319166, "Address": "улица Ивана Беличенко, 85", "lat": 45.094498, "long": 38.899567, "population_x": 8500.0, "poi_count": 16, "type": "pvz", "hex_id": 15, "poi_amenity": 0, "poi_shop": 0, "poi_office": 0, "poi_leisure": 0, "poi_tourism": 0, "population_y": 8500.0, "car_traffic": 1600.0, "foot_traffic": 1400.0, "attractiveness": 0.0, "poi_transport": 0, "attractiveness_updated": 0.0 }, "geometry": { "type": "Point", "coordinates": [ 4330279.990518827922642, 5636410.550668721087277 ] } },
{ "type": "Feature", "properties": { "ID": 50006852, "Address": "улица Западный Обход, 39/2", "lat": 45.093702, "long": 38.905658, "population_x": 26000.0, "poi_count": 34, "type": "pvz", "hex_id": 23, "poi_amenity": 0, "poi_shop": 0, "poi_office": 0, "poi_leisure": 0, "poi_tourism": 0, "population_y": 26000.0, "car_traffic": 11000.0, "foot_traffic": 10000.0, "attractiveness": 0.0, "poi_transport": 0, "attractiveness_updated": 0.0 }, "geometry": { "type": "Point", "coordinates": [ 4330958.03753725066781, 5636285.030442000366747 ] } },
{ "type": "Feature", "properties": { "ID": 50016237, "Address": "улица Константина Гондаря, 97", "lat": 45.095191, "long": 38.903035, "population_x": 8500.0, "poi_count": 29, "type": "pvz", "hex_id": 15, "poi_amenity": 0, "poi_shop": 0, "poi_office": 0, "poi_leisure": 0, "poi_tourism": 0, "population_y": 8500.0, "car_traffic": 1600.0, "foot_traffic": 1400.0, "attractiveness": 0.0, "poi_transport": 0, "attractiveness_updated": 0.0 }, "geometry": { "type": "Point", "coordinates": [ 4330666.046512899920344, 5636519.830381214618683 ] } },
{ "type": "Feature", "properties": { "ID": 312117, "Address": "улица Ивана Беличенко, 89", "lat": 45.096954, "long": 38.901076, "population_x": 8500.0, "poi_count": 9, "type": "pvz", "hex_id": 15, "poi_amenity": 0, "poi_shop": 0, "poi_office": 0, "poi_leisure": 0, "poi_tourism": 0, "population_y": 8500.0, "car_traffic": 1600.0, "foot_traffic": 1400.0, "attractiveness": 0.0, "poi_transport": 0, "attractiveness_updated": 0.0 }, "geometry": { "type": "Point", "coordinates": [ 4330447.971630435436964, 5636797.845209765248001 ] } },
{ "type": "Feature", "properties": { "ID": 140184, "Address": "улица Западный Обход, 45с1", "lat": 45.09472, "long": 38.906843, "population_x": 26000.0, "poi_count": 40, "type": "pvz", "hex_id": 23, "poi_amenity": 0, "poi_shop": 0, "poi_office": 0, "poi_leisure": 0, "poi_tourism": 0, "population_y": 26000.0, "car_traffic": 11000.0, "foot_traffic": 10000.0, "attractiveness": 0.0, "poi_transport": 1, "attractiveness_updated": 0.1 }, "geometry": { "type": "Point", "coordinates": [ 4331089.951133840717375, 5636445.55787814129144 ] } },
{ "type": "Feature", "properties": { "ID": 217837, "Address": "улица Западный Обход, 42к6", "lat": 45.093066, "long": 38.911308, "population_x": 26000.0, "poi_count": 18, "type": "pvz", "hex_id": 23, "poi_amenity": 0, "poi_shop": 0, "poi_office": 0, "poi_leisure": 0, "poi_tourism": 0, "population_y": 26000.0, "car_traffic": 11000.0, "foot_traffic": 10000.0, "attractiveness": 0.0, "poi_transport": 1, "attractiveness_updated": 0.1 }, "geometry": { "type": "Point", "coordinates": [ 4331586.992660231888294, 5636184.741668986156583 ] } },
{ "type": "Feature", "properties": { "ID": 108722, "Address": "улица Западный Обход, 42к2", "lat": 45.093505, "long": 38.91005, "population_x": 26000.0, "poi_count": 22, "type": "pvz", "hex_id": 23, "poi_amenity": 0, "poi_shop": 0, "poi_office": 0, "poi_leisure": 0, "poi_tourism": 0, "population_y": 26000.0, "car_traffic": 11000.0, "foot_traffic": 10000.0, "attractiveness": 0.0, "poi_transport": 3, "attractiveness_updated": 0.3 }, "geometry": { "type": "Point", "coordinates": [ 4331446.952740813605487, 5636253.966032849624753 ] } },
{ "type": "Feature", "properties": { "ID": 50019116, "Address": "улица имени Б.С. Кудухова, 1к1", "lat": 45.09451, "long": 38.911317, "population_x": 26000.0, "poi_count": 17, "type": "pvz", "hex_id": 23, "poi_amenity": 0, "poi_shop": 0, "poi_office": 0, "poi_leisure": 0, "poi_tourism": 0, "population_y": 26000.0, "car_traffic": 11000.0, "foot_traffic": 10000.0, "attractiveness": 0.0, "poi_transport": 1, "attractiveness_updated": 0.1 }, "geometry": { "type": "Point", "coordinates": [ 4331587.994535648263991, 5636412.442946831695735 ] } },
{ "type": "Feature", "properties": { "ID": 50006212, "Address": "улица имени Генерала Корнилова, 12к1", "lat": 45.092474, "long": 38.917039, "population_x": 26000.0, "poi_count": 0, "type": "pvz", "hex_id": 23, "poi_amenity": 0, "poi_shop": 0, "poi_office": 0, "poi_leisure": 0, "poi_tourism": 0, "population_y": 26000.0, "car_traffic": 11000.0, "foot_traffic": 10000.0, "attractiveness": 0.0, "poi_transport": 0, "attractiveness_updated": 0.0 }, "geometry": { "type": "Point", "coordinates": [ 4332224.964661968871951, 5636091.392116601578891 ] } },
{ "type": "Feature", "properties": { "ID": 214718, "Address": "улица Западный Обход, 57к1", "lat": 45.097634, "long": 38.907257, "population_x": 26000.0, "poi_count": 26, "type": "pvz", "hex_id": 23, "poi_amenity": 0, "poi_shop": 0, "poi_office": 0, "poi_leisure": 0, "poi_tourism": 0, "population_y": 26000.0, "car_traffic": 11000.0, "foot_traffic": 10000.0, "attractiveness": 0.0, "poi_transport": 0, "attractiveness_updated": 0.0 }, "geometry": { "type": "Point", "coordinates": [ 4331136.037403029389679, 5636905.079541849903762 ] } },
{ "type": "Feature", "properties": { "ID": 50018091, "Address": "улица Западный Обход, 57к2", "lat": 45.098754, "long": 38.908263, "population_x": 26000.0, "poi_count": 21, "type": "pvz", "hex_id": 23, "poi_amenity": 0, "poi_shop": 0, "poi_office": 0, "poi_leisure": 0, "poi_tourism": 0, "population_y": 26000.0, "car_traffic": 11000.0, "foot_traffic": 10000.0, "attractiveness": 0.0, "poi_transport": 0, "attractiveness_updated": 0.0 }, "geometry": { "type": "Point", "coordinates": [ 4331248.024810766801238, 5637081.703578564338386 ] } },
{ "type": "Feature", "properties": { "ID": 317159, "Address": "улица Константина Гондаря, 103к1", "lat": 45.098977, "long": 38.907427, "population_x": 26000.0, "poi_count": 22, "type": "pvz", "hex_id": 23, "poi_amenity": 0, "poi_shop": 0, "poi_office": 0, "poi_leisure": 0, "poi_tourism": 0, "population_y": 26000.0, "car_traffic": 11000.0, "foot_traffic": 10000.0, "attractiveness": 0.0, "poi_transport": 0, "attractiveness_updated": 0.0 }, "geometry": { "type": "Point", "coordinates": [ 4331154.961716463789344, 5637116.871099446900189 ] } },
{ "type": "Feature", "properties": { "ID": 319960, "Address": "улица Ивана Беличенко, 95", "lat": 45.099492, "long": 38.903403, "population_x": 8500.0, "poi_count": 9, "type": "pvz", "hex_id": 15, "poi_amenity": 0, "poi_shop": 0, "poi_office": 0, "poi_leisure": 0, "poi_tourism": 0, "population_y": 8500.0, "car_traffic": 1600.0, "foot_traffic": 1400.0, "attractiveness": 0.0, "poi_transport": 0, "attractiveness_updated": 0.0 }, "geometry": { "type": "Point", "coordinates": [ 4330707.012085511349142, 5637198.088096315972507 ] } },
{ "type": "Feature", "properties": { "ID": 306313, "Address": "улица Ивана Беличенко, 97", "lat": 45.10135, "long": 38.905191, "population_x": 8500.0, "poi_count": 11, "type": "pvz", "hex_id": 15, "poi_amenity": 0, "poi_shop": 0, "poi_office": 0, "poi_leisure": 0, "poi_tourism": 0, "population_y": 8500.0, "car_traffic": 1600.0, "foot_traffic": 1400.0, "attractiveness": 0.0, "poi_transport": 0, "attractiveness_updated": 0.0 }, "geometry": { "type": "Point", "coordinates": [ 4330906.051335048861802, 5637491.106185736134648 ] } },
{ "type": "Feature", "properties": { "ID": 50015425, "Address": "улица Ивана Беличенко, 92к3", "lat": 45.103812, "long": 38.904813, "population_x": 8500.0, "poi_count": 6, "type": "pvz", "hex_id": 15, "poi_amenity": 0, "poi_shop": 0, "poi_office": 0, "poi_leisure": 0, "poi_tourism": 0, "population_y": 8500.0, "car_traffic": 1600.0, "foot_traffic": 1400.0, "attractiveness": 0.0, "poi_transport": 0, "attractiveness_updated": 0.0 }, "geometry": { "type": "Point", "coordinates": [ 4330863.972567529417574, 5637879.393499949947 ] } },
{ "type": "Feature", "properties": { "ID": 313779, "Address": "улица Ивана Беличенко, 103", "lat": 45.103939, "long": 38.907454, "population_x": 26000.0, "poi_count": 6, "type": "pvz", "hex_id": 23, "poi_amenity": 0, "poi_shop": 0, "poi_office": 0, "poi_leisure": 0, "poi_tourism": 0, "population_y": 26000.0, "car_traffic": 11000.0, "foot_traffic": 10000.0, "attractiveness": 0.0, "poi_transport": 0, "attractiveness_updated": 0.0 }, "geometry": { "type": "Point", "coordinates": [ 4331157.967342713847756, 5637899.423397213220596 ] } },
{ "type": "Feature", "properties": { "ID": 311080, "Address": "улица Западный Обход, 65к1", "lat": 45.10268, "long": 38.913707, "population_x": 26000.0, "poi_count": 5, "type": "pvz", "hex_id": 23, "poi_amenity": 0, "poi_shop": 0, "poi_office": 0, "poi_leisure": 0, "poi_tourism": 0, "population_y": 26000.0, "car_traffic": 11000.0, "foot_traffic": 10000.0, "attractiveness": 0.0, "poi_transport": 1, "attractiveness_updated": 0.1 }, "geometry": { "type": "Point", "coordinates": [ 4331854.048118645325303, 5637700.861266194842756 ] } },
{ "type": "Feature", "properties": { "ID": 50015883, "Address": "Крылатская улица, 7", "lat": 45.098112, "long": 38.915476, "population_x": 26000.0, "poi_count": 4, "type": "pvz", "hex_id": 23, "poi_amenity": 0, "poi_shop": 0, "poi_office": 0, "poi_leisure": 0, "poi_tourism": 0, "population_y": 26000.0, "car_traffic": 11000.0, "foot_traffic": 10000.0, "attractiveness": 0.0, "poi_transport": 0, "attractiveness_updated": 0.0 }, "geometry": { "type": "Point", "coordinates": [ 4332050.972297858446836, 5636980.459733747877181 ] } },
{ "type": "Feature", "properties": { "ID": 50007486, "Address": "улица имени Генерала Брусилова, 5лит1.1", "lat": 45.100275, "long": 38.917884, "population_x": 26000.0, "poi_count": 6, "type": "pvz", "hex_id": 23, "poi_amenity": 0, "poi_shop": 0, "poi_office": 0, "poi_leisure": 0, "poi_tourism": 0, "population_y": 26000.0, "car_traffic": 11000.0, "foot_traffic": 10000.0, "attractiveness": 0.0, "poi_transport": 0, "attractiveness_updated": 0.0 }, "geometry": { "type": "Point", "coordinates": [ 4332319.029631689190865, 5637321.570875713601708 ] } },
{ "type": "Feature", "properties": { "ID": 308121, "Address": "Цветная улица, 43", "lat": 45.10072, "long": 38.928035, "population_x": 26000.0, "poi_count": 13, "type": "pvz", "hex_id": 23, "poi_amenity": 0, "poi_shop": 0, "poi_office": 0, "poi_leisure": 0, "poi_tourism": 0, "population_y": 26000.0, "car_traffic": 11000.0, "foot_traffic": 10000.0, "attractiveness": 0.0, "poi_transport": 1, "attractiveness_updated": 0.1 }, "geometry": { "type": "Point", "coordinates": [ 4333449.033782730810344, 5637391.750221505761147 ] } },
{ "type": "Feature", "properties": { "ID": 50015564, "Address": "Владимирская улица, 15", "lat": 45.100828, "long": 38.933281, "population_x": 26000.0, "poi_count": 10, "type": "pvz", "hex_id": 23, "poi_amenity": 0, "poi_shop": 0, "poi_office": 0, "poi_leisure": 0, "poi_tourism": 0, "population_y": 26000.0, "car_traffic": 11000.0, "foot_traffic": 10000.0, "attractiveness": 0.0, "poi_transport": 0, "attractiveness_updated": 0.0 }, "geometry": { "type": "Point", "coordinates": [ 4334033.015831432305276, 5637408.782594652846456 ] } },
{ "type": "Feature", "properties": { "ID": 150148, "Address": "Средняя улица, 80", "lat": 45.102527, "long": 38.930227, "population_x": 26000.0, "poi_count": 13, "type": "pvz", "hex_id": 23, "poi_amenity": 0, "poi_shop": 0, "poi_office": 0, "poi_leisure": 0, "poi_tourism": 0, "population_y": 26000.0, "car_traffic": 11000.0, "foot_traffic": 10000.0, "attractiveness": 0.0, "poi_transport": 0, "attractiveness_updated": 0.0 }, "geometry": { "type": "Point", "coordinates": [ 4333693.046106550842524, 5637676.731297683902085 ] } },
{ "type": "Feature", "properties": { "ID": 322809, "Address": "улица имени Героя Ростовского, 8к6", "lat": 45.095986, "long": 38.940072, "population_x": 11000.0, "poi_count": 4, "type": "pvz", "hex_id": 30, "poi_amenity": 0, "poi_shop": 0, "poi_office": 0, "poi_leisure": 0, "poi_tourism": 0, "population_y": 11000.0, "car_traffic": 2600.0, "foot_traffic": 3400.0, "attractiveness": 0.0, "poi_transport": 0, "attractiveness_updated": 0.0 }, "geometry": { "type": "Point", "coordinates": [ 4334788.986493409611285, 5636645.196186871267855 ] } },
{ "type": "Feature", "properties": { "ID": 311268, "Address": "улица имени Героя Ростовского, 8к3", "lat": 45.096699, "long": 38.942165, "population_x": 11000.0, "poi_count": 4, "type": "pvz", "hex_id": 30, "poi_amenity": 0, "poi_shop": 0, "poi_office": 0, "poi_leisure": 0, "poi_tourism": 0, "population_y": 11000.0, "car_traffic": 2600.0, "foot_traffic": 3400.0, "attractiveness": 0.0, "poi_transport": 0, "attractiveness_updated": 0.0 }, "geometry": { "type": "Point", "coordinates": [ 4335021.978187641128898, 5636757.63266446441412 ] } },
{ "type": "Feature", "properties": { "ID": 50000027, "Address": "Цветочная улица, 108", "lat": 45.105587, "long": 38.939578, "population_x": 13000.0, "poi_count": 6, "type": "pvz", "hex_id": 31, "poi_amenity": 0, "poi_shop": 0, "poi_office": 0, "poi_leisure": 0, "poi_tourism": 0, "population_y": 13000.0, "car_traffic": 13000.0, "foot_traffic": 9500.0, "attractiveness": 0.0, "poi_transport": 2, "attractiveness_updated": 0.2 }, "geometry": { "type": "Point", "coordinates": [ 4334733.994664956815541, 5638159.342955226078629 ] } },
{ "type": "Feature", "properties": { "ID": 308919, "Address": "Средняя улица, 48", "lat": 45.108068, "long": 38.933856, "population_x": 13000.0, "poi_count": 9, "type": "pvz", "hex_id": 31, "poi_amenity": 0, "poi_shop": 0, "poi_office": 0, "poi_leisure": 0, "poi_tourism": 0, "population_y": 13000.0, "car_traffic": 13000.0, "foot_traffic": 9500.0, "attractiveness": 0.0, "poi_transport": 1, "attractiveness_updated": 0.1 }, "geometry": { "type": "Point", "coordinates": [ 4334097.024538639001548, 5638550.655907730571926 ] } },
{ "type": "Feature", "properties": { "ID": 5724, "Address": "Средняя улица, 36", "lat": 45.110867, "long": 38.935572, "population_x": 13000.0, "poi_count": 8, "type": "pvz", "hex_id": 31, "poi_amenity": 0, "poi_shop": 0, "poi_office": 0, "poi_leisure": 0, "poi_tourism": 0, "population_y": 13000.0, "car_traffic": 13000.0, "foot_traffic": 9500.0, "attractiveness": 0.0, "poi_transport": 1, "attractiveness_updated": 0.1 }, "geometry": { "type": "Point", "coordinates": [ 4334288.048784838989377, 5638992.14547374099493 ] } },
{ "type": "Feature", "properties": { "ID": 139667, "Address": "Византийская улица, 1", "lat": 45.113049, "long": 38.928116, "population_x": 13000.0, "poi_count": 12, "type": "pvz", "hex_id": 31, "poi_amenity": 0, "poi_shop": 0, "poi_office": 0, "poi_leisure": 0, "poi_tourism": 0, "population_y": 13000.0, "car_traffic": 13000.0, "foot_traffic": 9500.0, "attractiveness": 0.0, "poi_transport": 1, "attractiveness_updated": 0.1 }, "geometry": { "type": "Point", "coordinates": [ 4333458.050661485642195, 5639336.32992157060653 ] } },
{ "type": "Feature", "properties": { "ID": 336560, "Address": "Византийская улица, 5", "lat": 45.113704, "long": 38.929095, "population_x": 13000.0, "poi_count": 12, "type": "pvz", "hex_id": 31, "poi_amenity": 0, "poi_shop": 0, "poi_office": 0, "poi_leisure": 0, "poi_tourism": 0, "population_y": 13000.0, "car_traffic": 13000.0, "foot_traffic": 9500.0, "attractiveness": 0.0, "poi_transport": 0, "attractiveness_updated": 0.0 }, "geometry": { "type": "Point", "coordinates": [ 4333567.032442972064018, 5639439.650919142179191 ] } },
{ "type": "Feature", "properties": { "ID": 130971, "Address": "Византийская улица, 7", "lat": 45.114136, "long": 38.929247, "population_x": 13000.0, "poi_count": 11, "type": "pvz", "hex_id": 31, "poi_amenity": 0, "poi_shop": 0, "poi_office": 0, "poi_leisure": 0, "poi_tourism": 0, "population_y": 13000.0, "car_traffic": 13000.0, "foot_traffic": 9500.0, "attractiveness": 0.0, "poi_transport": 0, "attractiveness_updated": 0.0 }, "geometry": { "type": "Point", "coordinates": [ 4333583.953005571849644, 5639507.796103929169476 ] } },
{ "type": "Feature", "properties": { "ID": 211869, "Address": "проспект Гёте, 6", "lat": 45.118341, "long": 38.929867, "population_x": 13000.0, "poi_count": 14, "type": "pvz", "hex_id": 31, "poi_amenity": 0, "poi_shop": 0, "poi_office": 0, "poi_leisure": 0, "poi_tourism": 0, "population_y": 13000.0, "car_traffic": 13000.0, "foot_traffic": 9500.0, "attractiveness": 0.0, "poi_transport": 3, "attractiveness_updated": 0.3 }, "geometry": { "type": "Point", "coordinates": [ 4333652.971089865081012, 5640171.134401430375874 ] } },
{ "type": "Feature", "properties": { "ID": 314525, "Address": "Скандинавская улица, 1", "lat": 45.121355, "long": 38.93408, "population_x": 13000.0, "poi_count": 4, "type": "pvz", "hex_id": 31, "poi_amenity": 0, "poi_shop": 0, "poi_office": 0, "poi_leisure": 0, "poi_tourism": 0, "population_y": 13000.0, "car_traffic": 13000.0, "foot_traffic": 9500.0, "attractiveness": 0.0, "poi_transport": 0, "attractiveness_updated": 0.0 }, "geometry": { "type": "Point", "coordinates": [ 4334121.960104577243328, 5640646.622654316946864 ] } },
{ "type": "Feature", "properties": { "ID": 318295, "Address": "Скандинавская улица, 1к10", "lat": 45.121323, "long": 38.93647, "population_x": 13000.0, "poi_count": 4, "type": "pvz", "hex_id": 31, "poi_amenity": 0, "poi_shop": 0, "poi_office": 0, "poi_leisure": 0, "poi_tourism": 0, "population_y": 13000.0, "car_traffic": 13000.0, "foot_traffic": 9500.0, "attractiveness": 0.0, "poi_transport": 0, "attractiveness_updated": 0.0 }, "geometry": { "type": "Point", "coordinates": [ 4334388.013687571510673, 5640641.574206500314176 ] } },
{ "type": "Feature", "properties": { "ID": 318205, "Address": "Скандинавская улица, 1к5", "lat": 45.119511, "long": 38.937934, "population_x": 13000.0, "poi_count": 5, "type": "pvz", "hex_id": 31, "poi_amenity": 0, "poi_shop": 0, "poi_office": 0, "poi_leisure": 0, "poi_tourism": 0, "population_y": 13000.0, "car_traffic": 13000.0, "foot_traffic": 9500.0, "attractiveness": 0.0, "poi_transport": 0, "attractiveness_updated": 0.0 }, "geometry": { "type": "Point", "coordinates": [ 4334550.985422093421221, 5640355.710468487814069 ] } },
{ "type": "Feature", "properties": { "ID": 50008906, "Address": "Средняя улица, 32/36", "lat": 45.117654, "long": 38.939991, "population_x": 13000.0, "poi_count": 4, "type": "pvz", "hex_id": 31, "poi_amenity": 0, "poi_shop": 0, "poi_office": 0, "poi_leisure": 0, "poi_tourism": 0, "population_y": 13000.0, "car_traffic": 13000.0, "foot_traffic": 9500.0, "attractiveness": 0.0, "poi_transport": 0, "attractiveness_updated": 0.0 }, "geometry": { "type": "Point", "coordinates": [ 4334779.969614655710757, 5640062.756884625181556 ] } },
{ "type": "Feature", "properties": { "ID": 325165, "Address": "Средняя улица, 15А", "lat": 45.122417, "long": 38.943719, "population_x": 13000.0, "poi_count": 2, "type": "pvz", "hex_id": 31, "poi_amenity": 0, "poi_shop": 0, "poi_office": 0, "poi_leisure": 0, "poi_tourism": 0, "population_y": 13000.0, "car_traffic": 13000.0, "foot_traffic": 9500.0, "attractiveness": 0.0, "poi_transport": 0, "attractiveness_updated": 0.0 }, "geometry": { "type": "Point", "coordinates": [ 4335194.96867633331567, 5640814.169622569344938 ] } },
{ "type": "Feature", "properties": { "ID": 50003926, "Address": "улица Писателя В.П. Неподобы, 34", "lat": 45.130118, "long": 38.940207, "population_x": 1900.0, "poi_count": 1, "type": "pvz", "hex_id": 32, "poi_amenity": 0, "poi_shop": 0, "poi_office": 0, "poi_leisure": 0, "poi_tourism": 0, "population_y": 1900.0, "car_traffic": 700.0, "foot_traffic": 1400.0, "attractiveness": 0.0, "poi_transport": 0, "attractiveness_updated": 0.0 }, "geometry": { "type": "Point", "coordinates": [ 4334804.014624667353928, 5642029.215109555050731 ] } },
{ "type": "Feature", "properties": { "ID": 110453, "Address": "улица 1-я Линия Поймы реки Кубань, 2", "lat": 45.01425, "long": 38.991258, "population_x": 7500.0, "poi_count": 21, "type": "pvz", "hex_id": 26, "poi_amenity": 0, "poi_shop": 0, "poi_office": 0, "poi_leisure": 0, "poi_tourism": 0, "population_y": 7500.0, "car_traffic": 20000.0, "foot_traffic": 20000.0, "attractiveness": 0.0, "poi_transport": 0, "attractiveness_updated": 0.0 }, "geometry": { "type": "Point", "coordinates": [ 4340486.985949154943228, 5623765.136089512147009 ] } },
{ "type": "Feature", "properties": { "ID": 50022799, "Address": "улица 1-я Линия Поймы реки Кубань, 43", "lat": 45.01532, "long": 38.992183, "population_x": 7500.0, "poi_count": 30, "type": "pvz", "hex_id": 26, "poi_amenity": 0, "poi_shop": 0, "poi_office": 0, "poi_leisure": 0, "poi_tourism": 0, "population_y": 7500.0, "car_traffic": 20000.0, "foot_traffic": 20000.0, "attractiveness": 0.0, "poi_transport": 0, "attractiveness_updated": 0.0 }, "geometry": { "type": "Point", "coordinates": [ 4340589.956478137522936, 5623933.629175242967904 ] } },
{ "type": "Feature", "properties": { "ID": 321507, "Address": "улица Вишняковой, 1/23к2", "lat": 45.008591, "long": 38.996792, "population_x": 7500.0, "poi_count": 3, "type": "pvz", "hex_id": 26, "poi_amenity": 0, "poi_shop": 0, "poi_office": 0, "poi_leisure": 0, "poi_tourism": 0, "population_y": 7500.0, "car_traffic": 20000.0, "foot_traffic": 20000.0, "attractiveness": 0.0, "poi_transport": 0, "attractiveness_updated": 0.0 }, "geometry": { "type": "Point", "coordinates": [ 4341103.028011203743517, 5622874.064726788550615 ] } },
{ "type": "Feature", "properties": { "ID": 50006291, "Address": "Ставропольская улица, 60", "lat": 45.017493, "long": 38.992857, "population_x": 7500.0, "poi_count": 29, "type": "pvz", "hex_id": 26, "poi_amenity": 0, "poi_shop": 0, "poi_office": 0, "poi_leisure": 0, "poi_tourism": 0, "population_y": 7500.0, "car_traffic": 20000.0, "foot_traffic": 20000.0, "attractiveness": 0.0, "poi_transport": 2, "attractiveness_updated": 0.2 }, "geometry": { "type": "Point", "coordinates": [ 4340664.985814933665097, 5624275.821551837027073 ] } },
{ "type": "Feature", "properties": { "ID": 213506, "Address": "улица КИМ, 37", "lat": 45.01741, "long": 38.99875, "population_x": 7500.0, "poi_count": 48, "type": "pvz", "hex_id": 26, "poi_amenity": 0, "poi_shop": 0, "poi_office": 0, "poi_leisure": 0, "poi_tourism": 0, "population_y": 7500.0, "car_traffic": 20000.0, "foot_traffic": 20000.0, "attractiveness": 0.0, "poi_transport": 1, "attractiveness_updated": 0.1 }, "geometry": { "type": "Point", "coordinates": [ 4341320.99157417844981, 5624262.750918803736567 ] } },
{ "type": "Feature", "properties": { "ID": 101476, "Address": "улица КИМ, 36/1", "lat": 45.017072, "long": 38.998777, "population_x": 7500.0, "poi_count": 45, "type": "pvz", "hex_id": 26, "poi_amenity": 0, "poi_shop": 0, "poi_office": 0, "poi_leisure": 0, "poi_tourism": 0, "population_y": 7500.0, "car_traffic": 20000.0, "foot_traffic": 20000.0, "attractiveness": 0.0, "poi_transport": 1, "attractiveness_updated": 0.1 }, "geometry": { "type": "Point", "coordinates": [ 4341323.9972004275769, 5624209.523717310279608 ] } },
{ "type": "Feature", "properties": { "ID": 50007505, "Address": "Ставропольская улица, 128", "lat": 45.01985, "long": 39.002505, "population_x": 25000.0, "poi_count": 61, "type": "pvz", "hex_id": 35, "poi_amenity": 0, "poi_shop": 0, "poi_office": 0, "poi_leisure": 0, "poi_tourism": 0, "population_y": 25000.0, "car_traffic": 47000.0, "foot_traffic": 50000.0, "attractiveness": 0.0, "poi_transport": 10, "attractiveness_updated": 1.0 }, "geometry": { "type": "Point", "coordinates": [ 4341738.996262106113136, 5624647.003943006508052 ] } },
{ "type": "Feature", "properties": { "ID": 50022830, "Address": "Ставропольская улица, 172", "lat": 45.019774, "long": 39.007383, "population_x": 25000.0, "poi_count": 38, "type": "pvz", "hex_id": 35, "poi_amenity": 0, "poi_shop": 0, "poi_office": 0, "poi_leisure": 0, "poi_tourism": 0, "population_y": 25000.0, "car_traffic": 47000.0, "foot_traffic": 50000.0, "attractiveness": 0.0, "poi_transport": 5, "attractiveness_updated": 0.5 }, "geometry": { "type": "Point", "coordinates": [ 4342282.012738196179271, 5624635.035159112885594 ] } },
{ "type": "Feature", "properties": { "ID": 308356, "Address": "улица Маяковского, 121", "lat": 45.01943, "long": 39.012234, "population_x": 25000.0, "poi_count": 43, "type": "pvz", "hex_id": 35, "poi_amenity": 0, "poi_shop": 0, "poi_office": 0, "poi_leisure": 0, "poi_tourism": 0, "population_y": 25000.0, "car_traffic": 47000.0, "foot_traffic": 50000.0, "attractiveness": 0.0, "poi_transport": 2, "attractiveness_updated": 0.2 }, "geometry": { "type": "Point", "coordinates": [ 4342822.023588034324348, 5624580.860862291418016 ] } },
{ "type": "Feature", "properties": { "ID": 169926, "Address": "улица Маяковского, 133/2", "lat": 45.021328, "long": 39.011776, "population_x": 25000.0, "poi_count": 55, "type": "pvz", "hex_id": 35, "poi_amenity": 0, "poi_shop": 0, "poi_office": 0, "poi_leisure": 0, "poi_tourism": 0, "population_y": 25000.0, "car_traffic": 47000.0, "foot_traffic": 50000.0, "attractiveness": 0.0, "poi_transport": 10, "attractiveness_updated": 1.0 }, "geometry": { "type": "Point", "coordinates": [ 4342771.039261250756681, 5624879.768451724201441 ] } },
{ "type": "Feature", "properties": { "ID": 322743, "Address": "Таманская улица, 153к2", "lat": 45.022692, "long": 39.01306, "population_x": 25000.0, "poi_count": 52, "type": "pvz", "hex_id": 35, "poi_amenity": 0, "poi_shop": 0, "poi_office": 0, "poi_leisure": 0, "poi_tourism": 0, "population_y": 25000.0, "car_traffic": 47000.0, "foot_traffic": 50000.0, "attractiveness": 0.0, "poi_transport": 3, "attractiveness_updated": 0.3 }, "geometry": { "type": "Point", "coordinates": [ 4342913.973487429320812, 5625094.584872545674443 ] } },
{ "type": "Feature", "properties": { "ID": 165829, "Address": "Новороссийская улица, 90/2к2", "lat": 45.025259, "long": 39.014192, "population_x": 25000.0, "poi_count": 19, "type": "pvz", "hex_id": 35, "poi_amenity": 0, "poi_shop": 0, "poi_office": 0, "poi_leisure": 0, "poi_tourism": 0, "population_y": 25000.0, "car_traffic": 47000.0, "foot_traffic": 50000.0, "attractiveness": 0.0, "poi_transport": 0, "attractiveness_updated": 0.0 }, "geometry": { "type": "Point", "coordinates": [ 4343039.987151007167995, 5625498.875696948729455 ] } },
{ "type": "Feature", "properties": { "ID": 50022556, "Address": "улица Селезнёва, 4/4", "lat": 45.027062, "long": 39.018522, "population_x": 25000.0, "poi_count": 47, "type": "pvz", "hex_id": 35, "poi_amenity": 0, "poi_shop": 0, "poi_office": 0, "poi_leisure": 0, "poi_tourism": 0, "population_y": 25000.0, "car_traffic": 47000.0, "foot_traffic": 50000.0, "attractiveness": 0.0, "poi_transport": 1, "attractiveness_updated": 0.1 }, "geometry": { "type": "Point", "coordinates": [ 4343522.000546142458916, 5625782.850835043936968 ] } },
{ "type": "Feature", "properties": { "ID": 302715, "Address": "улица Селезнёва, 4/13к1", "lat": 45.026138, "long": 39.018279, "population_x": 25000.0, "poi_count": 41, "type": "pvz", "hex_id": 35, "poi_amenity": 0, "poi_shop": 0, "poi_office": 0, "poi_leisure": 0, "poi_tourism": 0, "population_y": 25000.0, "car_traffic": 47000.0, "foot_traffic": 50000.0, "attractiveness": 0.0, "poi_transport": 0, "attractiveness_updated": 0.0 }, "geometry": { "type": "Point", "coordinates": [ 4343494.949909878894687, 5625637.318365723825991 ] } },
{ "type": "Feature", "properties": { "ID": 151474, "Address": "улица Селезнёва, 4/15к3", "lat": 45.02582, "long": 39.019726, "population_x": 25000.0, "poi_count": 40, "type": "pvz", "hex_id": 35, "poi_amenity": 0, "poi_shop": 0, "poi_office": 0, "poi_leisure": 0, "poi_tourism": 0, "population_y": 25000.0, "car_traffic": 47000.0, "foot_traffic": 50000.0, "attractiveness": 0.0, "poi_transport": 0, "attractiveness_updated": 0.0 }, "geometry": { "type": "Point", "coordinates": [ 4343656.02921305783093, 5625587.233059246093035 ] } },
{ "type": "Feature", "properties": { "ID": 309713, "Address": "улица Селезнёва, 4А", "lat": 45.025514, "long": 39.019941, "population_x": 25000.0, "poi_count": 41, "type": "pvz", "hex_id": 35, "poi_amenity": 0, "poi_shop": 0, "poi_office": 0, "poi_leisure": 0, "poi_tourism": 0, "population_y": 25000.0, "car_traffic": 47000.0, "foot_traffic": 50000.0, "attractiveness": 0.0, "poi_transport": 0, "attractiveness_updated": 0.0 }, "geometry": { "type": "Point", "coordinates": [ 4343679.96290357876569, 5625539.038027014583349 ] } },
{ "type": "Feature", "properties": { "ID": 163299, "Address": "улица Селезнёва, 4/5", "lat": 45.025062, "long": 39.019618, "population_x": 25000.0, "poi_count": 43, "type": "pvz", "hex_id": 35, "poi_amenity": 0, "poi_shop": 0, "poi_office": 0, "poi_leisure": 0, "poi_tourism": 0, "population_y": 25000.0, "car_traffic": 47000.0, "foot_traffic": 50000.0, "attractiveness": 0.0, "poi_transport": 0, "attractiveness_updated": 0.0 }, "geometry": { "type": "Point", "coordinates": [ 4343644.006708052009344, 5625467.848450725898147 ] } },
{ "type": "Feature", "properties": { "ID": 50017901, "Address": "Ставропольская улица, 107/11", "lat": 45.023647, "long": 39.020031, "population_x": 25000.0, "poi_count": 49, "type": "pvz", "hex_id": 35, "poi_amenity": 0, "poi_shop": 0, "poi_office": 0, "poi_leisure": 0, "poi_tourism": 0, "population_y": 25000.0, "car_traffic": 47000.0, "foot_traffic": 50000.0, "attractiveness": 0.0, "poi_transport": 0, "attractiveness_updated": 0.0 }, "geometry": { "type": "Point", "coordinates": [ 4343689.981657749973238, 5625244.990911272354424 ] } },
{ "type": "Feature", "properties": { "ID": 141696, "Address": "Ставропольская улица, 111", "lat": 45.022138, "long": 39.017696, "population_x": 25000.0, "poi_count": 54, "type": "pvz", "hex_id": 35, "poi_amenity": 0, "poi_shop": 0, "poi_office": 0, "poi_leisure": 0, "poi_tourism": 0, "population_y": 25000.0, "car_traffic": 47000.0, "foot_traffic": 50000.0, "attractiveness": 0.0, "poi_transport": 6, "attractiveness_updated": 0.6 }, "geometry": { "type": "Point", "coordinates": [ 4343430.050646747462451, 5625007.334770636633039 ] } },
{ "type": "Feature", "properties": { "ID": 150856, "Address": "Ставропольская улица, 127", "lat": 45.021112, "long": 39.022223, "population_x": 25000.0, "poi_count": 39, "type": "pvz", "hex_id": 35, "poi_amenity": 0, "poi_shop": 0, "poi_office": 0, "poi_leisure": 0, "poi_tourism": 0, "population_y": 25000.0, "car_traffic": 47000.0, "foot_traffic": 50000.0, "attractiveness": 0.0, "poi_transport": 7, "attractiveness_updated": 0.7 }, "geometry": { "type": "Point", "coordinates": [ 4343933.993981567211449, 5624845.751071486622095 ] } },
{ "type": "Feature", "properties": { "ID": 306764, "Address": "улица 2-я Пятилетка, 4", "lat": 45.021322, "long": 39.024244, "population_x": 25000.0, "poi_count": 46, "type": "pvz", "hex_id": 35, "poi_amenity": 0, "poi_shop": 0, "poi_office": 0, "poi_leisure": 0, "poi_tourism": 0, "population_y": 25000.0, "car_traffic": 47000.0, "foot_traffic": 50000.0, "attractiveness": 0.0, "poi_transport": 6, "attractiveness_updated": 0.6 }, "geometry": { "type": "Point", "coordinates": [ 4344158.970672461204231, 5624878.823522761464119 ] } },
{ "type": "Feature", "properties": { "ID": 50011829, "Address": "улица Полины Осипенко, 125/1", "lat": 45.018793, "long": 39.019115, "population_x": 25000.0, "poi_count": 24, "type": "pvz", "hex_id": 35, "poi_amenity": 0, "poi_shop": 0, "poi_office": 0, "poi_leisure": 0, "poi_tourism": 0, "population_y": 25000.0, "car_traffic": 47000.0, "foot_traffic": 50000.0, "attractiveness": 0.0, "poi_transport": 0, "attractiveness_updated": 0.0 }, "geometry": { "type": "Point", "coordinates": [ 4343588.013004182837903, 5624480.54478249233216 ] } },
{ "type": "Feature", "properties": { "ID": 311605, "Address": "улица Ковтюха, 109/3", "lat": 45.015677, "long": 39.017291, "population_x": 16000.0, "poi_count": 4, "type": "pvz", "hex_id": 34, "poi_amenity": 0, "poi_shop": 0, "poi_office": 0, "poi_leisure": 0, "poi_tourism": 0, "population_y": 16000.0, "car_traffic": 6500.0, "foot_traffic": 13000.0, "attractiveness": 0.0, "poi_transport": 0, "attractiveness_updated": 0.0 }, "geometry": { "type": "Point", "coordinates": [ 4343384.966252976097167, 5623989.846727648749948 ] } },
{ "type": "Feature", "properties": { "ID": 162181, "Address": "Пионерская улица, 79/1", "lat": 45.015473, "long": 39.017669, "population_x": 16000.0, "poi_count": 3, "type": "pvz", "hex_id": 34, "poi_amenity": 0, "poi_shop": 0, "poi_office": 0, "poi_leisure": 0, "poi_tourism": 0, "population_y": 16000.0, "car_traffic": 6500.0, "foot_traffic": 13000.0, "attractiveness": 0.0, "poi_transport": 0, "attractiveness_updated": 0.0 }, "geometry": { "type": "Point", "coordinates": [ 4343427.045020495541394, 5623957.722369072958827 ] } },
{ "type": "Feature", "properties": { "ID": 50012731, "Address": "улица Димитрова, 127/2", "lat": 45.020449, "long": 39.028412, "population_x": 37000.0, "poi_count": 66, "type": "pvz", "hex_id": 42, "poi_amenity": 0, "poi_shop": 0, "poi_office": 0, "poi_leisure": 0, "poi_tourism": 0, "population_y": 37000.0, "car_traffic": 36000.0, "foot_traffic": 49000.0, "attractiveness": 0.0, "poi_transport": 5, "attractiveness_updated": 0.5 }, "geometry": { "type": "Point", "coordinates": [ 4344622.95031008683145, 5624741.337414221838117 ] } },
{ "type": "Feature", "properties": { "ID": 50013770, "Address": "Ставропольская улица, 137", "lat": 45.020022, "long": 39.027469, "population_x": 37000.0, "poi_count": 74, "type": "pvz", "hex_id": 42, "poi_amenity": 0, "poi_shop": 0, "poi_office": 0, "poi_leisure": 0, "poi_tourism": 0, "population_y": 37000.0, "car_traffic": 36000.0, "foot_traffic": 49000.0, "attractiveness": 0.0, "poi_transport": 5, "attractiveness_updated": 0.5 }, "geometry": { "type": "Point", "coordinates": [ 4344517.976030270569026, 5624674.091249426826835 ] } },
{ "type": "Feature", "properties": { "ID": 158835, "Address": "улица Димитрова, 162", "lat": 45.018614, "long": 39.028529, "population_x": 37000.0, "poi_count": 73, "type": "pvz", "hex_id": 42, "poi_amenity": 0, "poi_shop": 0, "poi_office": 0, "poi_leisure": 0, "poi_tourism": 0, "population_y": 37000.0, "car_traffic": 36000.0, "foot_traffic": 49000.0, "attractiveness": 0.0, "poi_transport": 5, "attractiveness_updated": 0.5 }, "geometry": { "type": "Point", "coordinates": [ 4344635.974690510891378, 5624452.35569248907268 ] } },
{ "type": "Feature", "properties": { "ID": 50008202, "Address": "улица Селезнёва, 48", "lat": 45.027196, "long": 39.025825, "population_x": 25000.0, "poi_count": 28, "type": "pvz", "hex_id": 35, "poi_amenity": 0, "poi_shop": 0, "poi_office": 0, "poi_leisure": 0, "poi_tourism": 0, "population_y": 25000.0, "car_traffic": 47000.0, "foot_traffic": 50000.0, "attractiveness": 0.0, "poi_transport": 0, "attractiveness_updated": 0.0 }, "geometry": { "type": "Point", "coordinates": [ 4344334.966787405312061, 5625803.956388192251325 ] } },
{ "type": "Feature", "properties": { "ID": 5927, "Address": "улица Селезнёва, 105", "lat": 45.027062, "long": 39.029634, "population_x": 37000.0, "poi_count": 33, "type": "pvz", "hex_id": 42, "poi_amenity": 0, "poi_shop": 0, "poi_office": 0, "poi_leisure": 0, "poi_tourism": 0, "population_y": 37000.0, "car_traffic": 36000.0, "foot_traffic": 49000.0, "attractiveness": 0.0, "poi_transport": 2, "attractiveness_updated": 0.2 }, "geometry": { "type": "Point", "coordinates": [ 4344758.98272783588618, 5625782.850835043936968 ] } },
{ "type": "Feature", "properties": { "ID": 205001, "Address": "улица Селезнёва, 82", "lat": 45.026087, "long": 39.032329, "population_x": 37000.0, "poi_count": 31, "type": "pvz", "hex_id": 42, "poi_amenity": 0, "poi_shop": 0, "poi_office": 0, "poi_leisure": 0, "poi_tourism": 0, "population_y": 37000.0, "car_traffic": 36000.0, "foot_traffic": 49000.0, "attractiveness": 0.0, "poi_transport": 4, "attractiveness_updated": 0.4 }, "geometry": { "type": "Point", "coordinates": [ 4345058.9887555250898, 5625629.28579783719033 ] } },
{ "type": "Feature", "properties": { "ID": 50017220, "Address": "улица Селезнёва, 88/1", "lat": 45.024246, "long": 39.031853, "population_x": 37000.0, "poi_count": 29, "type": "pvz", "hex_id": 42, "poi_amenity": 0, "poi_shop": 0, "poi_office": 0, "poi_leisure": 0, "poi_tourism": 0, "population_y": 37000.0, "car_traffic": 36000.0, "foot_traffic": 49000.0, "attractiveness": 0.0, "poi_transport": 0, "attractiveness_updated": 0.0 }, "geometry": { "type": "Point", "coordinates": [ 4345006.000677907839417, 5625339.330639003776014 ] } },
{ "type": "Feature", "properties": { "ID": 209621, "Address": "Енисейская улица, 54", "lat": 45.033636, "long": 39.030425, "population_x": 25000.0, "poi_count": 36, "type": "pvz", "hex_id": 43, "poi_amenity": 0, "poi_shop": 0, "poi_office": 0, "poi_leisure": 0, "poi_tourism": 0, "population_y": 25000.0, "car_traffic": 42000.0, "foot_traffic": 41000.0, "attractiveness": 0.0, "poi_transport": 1, "attractiveness_updated": 0.1 }, "geometry": { "type": "Point", "coordinates": [ 4344847.036445055156946, 5626818.341224991716444 ] } },
{ "type": "Feature", "properties": { "ID": 312212, "Address": "Уральская улица, 13", "lat": 45.031477, "long": 39.031988, "population_x": 37000.0, "poi_count": 26, "type": "pvz", "hex_id": 42, "poi_amenity": 0, "poi_shop": 0, "poi_office": 0, "poi_leisure": 0, "poi_tourism": 0, "population_y": 37000.0, "car_traffic": 36000.0, "foot_traffic": 49000.0, "attractiveness": 0.0, "poi_transport": 2, "attractiveness_updated": 0.2 }, "geometry": { "type": "Point", "coordinates": [ 4345021.028809164650738, 5626478.257565220817924 ] } },
{ "type": "Feature", "properties": { "ID": 50007108, "Address": "Новгородская улица, 42", "lat": 45.033419, "long": 39.036434, "population_x": 25000.0, "poi_count": 15, "type": "pvz", "hex_id": 43, "poi_amenity": 0, "poi_shop": 0, "poi_office": 0, "poi_leisure": 0, "poi_tourism": 0, "population_y": 25000.0, "car_traffic": 42000.0, "foot_traffic": 41000.0, "attractiveness": 0.0, "poi_transport": 0, "attractiveness_updated": 0.0 }, "geometry": { "type": "Point", "coordinates": [ 4345515.955265231430531, 5626784.159008095040917 ] } },
{ "type": "Feature", "properties": { "ID": 305933, "Address": "Уральская улица, 71к2", "lat": 45.033617, "long": 39.043163, "population_x": 37000.0, "poi_count": 33, "type": "pvz", "hex_id": 42, "poi_amenity": 0, "poi_shop": 0, "poi_office": 0, "poi_leisure": 0, "poi_tourism": 0, "population_y": 37000.0, "car_traffic": 36000.0, "foot_traffic": 49000.0, "attractiveness": 0.0, "poi_transport": 0, "attractiveness_updated": 0.0 }, "geometry": { "type": "Point", "coordinates": [ 4346265.024118779227138, 5626815.348306814208627 ] } },
{ "type": "Feature", "properties": { "ID": 139563, "Address": "Уральская улица, 75к1", "lat": 45.033273, "long": 39.044411, "population_x": 37000.0, "poi_count": 43, "type": "pvz", "hex_id": 42, "poi_amenity": 0, "poi_shop": 0, "poi_office": 0, "poi_leisure": 0, "poi_tourism": 0, "population_y": 37000.0, "car_traffic": 36000.0, "foot_traffic": 49000.0, "attractiveness": 0.0, "poi_transport": 0, "attractiveness_updated": 0.0 }, "geometry": { "type": "Point", "coordinates": [ 4346403.950843288563192, 5626761.160907451063395 ] } },
{ "type": "Feature", "properties": { "ID": 6071, "Address": "Волжская улица, 54", "lat": 45.029406, "long": 39.03824, "population_x": 37000.0, "poi_count": 15, "type": "pvz", "hex_id": 42, "poi_amenity": 0, "poi_shop": 0, "poi_office": 0, "poi_leisure": 0, "poi_tourism": 0, "population_y": 37000.0, "car_traffic": 36000.0, "foot_traffic": 49000.0, "attractiveness": 0.0, "poi_transport": 2, "attractiveness_updated": 0.2 }, "geometry": { "type": "Point", "coordinates": [ 4345716.998265604488552, 5626152.047638202086091 ] } },
{ "type": "Feature", "properties": { "ID": 213810, "Address": "улица Стасова, 181", "lat": 45.028604, "long": 39.042911, "population_x": 37000.0, "poi_count": 48, "type": "pvz", "hex_id": 42, "poi_amenity": 0, "poi_shop": 0, "poi_office": 0, "poi_leisure": 0, "poi_tourism": 0, "population_y": 37000.0, "car_traffic": 36000.0, "foot_traffic": 49000.0, "attractiveness": 0.0, "poi_transport": 2, "attractiveness_updated": 0.2 }, "geometry": { "type": "Point", "coordinates": [ 4346236.971607099287212, 5626025.725187478587031 ] } },
{ "type": "Feature", "properties": { "ID": 50002962, "Address": "улица Лизы Чайкиной, 20А", "lat": 45.032929, "long": 39.058102, "population_x": 9000.0, "poi_count": 9, "type": "pvz", "hex_id": 51, "poi_amenity": 0, "poi_shop": 0, "poi_office": 0, "poi_leisure": 0, "poi_tourism": 0, "population_y": 9000.0, "car_traffic": 24000.0, "foot_traffic": 22000.0, "attractiveness": 0.0, "poi_transport": 1, "attractiveness_updated": 0.1 }, "geometry": { "type": "Point", "coordinates": [ 4347928.025991739705205, 5626706.973833804018795 ] } },
{ "type": "Feature", "properties": { "ID": 213591, "Address": "Старокубанская улица, 124", "lat": 45.028069, "long": 39.051948, "population_x": 37000.0, "poi_count": 13, "type": "pvz", "hex_id": 42, "poi_amenity": 0, "poi_shop": 0, "poi_office": 0, "poi_leisure": 0, "poi_tourism": 0, "population_y": 37000.0, "car_traffic": 36000.0, "foot_traffic": 49000.0, "attractiveness": 0.0, "poi_transport": 0, "attractiveness_updated": 0.0 }, "geometry": { "type": "Point", "coordinates": [ 4347242.96584539860487, 5625941.458701401948929 ] } },
{ "type": "Feature", "properties": { "ID": 217460, "Address": "Старокубанская улица, 131/1", "lat": 45.025342, "long": 39.048382, "population_x": 37000.0, "poi_count": 40, "type": "pvz", "hex_id": 42, "poi_amenity": 0, "poi_shop": 0, "poi_office": 0, "poi_leisure": 0, "poi_tourism": 0, "population_y": 37000.0, "car_traffic": 36000.0, "foot_traffic": 49000.0, "attractiveness": 0.0, "poi_transport": 0, "attractiveness_updated": 0.0 }, "geometry": { "type": "Point", "coordinates": [ 4346846.000541227869689, 5625511.948121996596456 ] } },
{ "type": "Feature", "properties": { "ID": 315869, "Address": "Старокубанская улица, 137/1", "lat": 45.024278, "long": 39.049155, "population_x": 37000.0, "poi_count": 38, "type": "pvz", "hex_id": 42, "poi_amenity": 0, "poi_shop": 0, "poi_office": 0, "poi_leisure": 0, "poi_tourism": 0, "population_y": 37000.0, "car_traffic": 36000.0, "foot_traffic": 49000.0, "attractiveness": 0.0, "poi_transport": 0, "attractiveness_updated": 0.0 }, "geometry": { "type": "Point", "coordinates": [ 4346932.050507612526417, 5625344.370518676936626 ] } },
{ "type": "Feature", "properties": { "ID": 319945, "Address": "Сормовская улица, 3", "lat": 45.023112, "long": 39.052775, "population_x": 37000.0, "poi_count": 29, "type": "pvz", "hex_id": 42, "poi_amenity": 0, "poi_shop": 0, "poi_office": 0, "poi_leisure": 0, "poi_tourism": 0, "population_y": 37000.0, "car_traffic": 36000.0, "foot_traffic": 49000.0, "attractiveness": 0.0, "poi_transport": 2, "attractiveness_updated": 0.2 }, "geometry": { "type": "Point", "coordinates": [ 4347335.027064284309745, 5625160.731721864081919 ] } },
{ "type": "Feature", "properties": { "ID": 202826, "Address": "улица Селезнёва, 176", "lat": 45.021411, "long": 39.047816, "population_x": 37000.0, "poi_count": 24, "type": "pvz", "hex_id": 42, "poi_amenity": 0, "poi_shop": 0, "poi_office": 0, "poi_leisure": 0, "poi_tourism": 0, "population_y": 37000.0, "car_traffic": 36000.0, "foot_traffic": 49000.0, "attractiveness": 0.0, "poi_transport": 1, "attractiveness_updated": 0.1 }, "geometry": { "type": "Point", "coordinates": [ 4346782.993709440343082, 5624892.839979189448059 ] } },
{ "type": "Feature", "properties": { "ID": 307082, "Address": "улица Селезнёва, 126", "lat": 45.023552, "long": 39.040989, "population_x": 37000.0, "poi_count": 40, "type": "pvz", "hex_id": 42, "poi_amenity": 0, "poi_shop": 0, "poi_office": 0, "poi_leisure": 0, "poi_tourism": 0, "population_y": 37000.0, "car_traffic": 36000.0, "foot_traffic": 49000.0, "attractiveness": 0.0, "poi_transport": 7, "attractiveness_updated": 0.7 }, "geometry": { "type": "Point", "coordinates": [ 4346023.015545795671642, 5625230.028941637836397 ] } },
{ "type": "Feature", "properties": { "ID": 50005846, "Address": "улица Селезнёва, 100", "lat": 45.024922, "long": 39.036452, "population_x": 37000.0, "poi_count": 30, "type": "pvz", "hex_id": 42, "poi_amenity": 0, "poi_shop": 0, "poi_office": 0, "poi_leisure": 0, "poi_tourism": 0, "population_y": 37000.0, "car_traffic": 36000.0, "foot_traffic": 49000.0, "attractiveness": 0.0, "poi_transport": 2, "attractiveness_updated": 0.2 }, "geometry": { "type": "Point", "coordinates": [ 4345517.959016065113246, 5625445.798695974051952 ] } },
{ "type": "Feature", "properties": { "ID": 50014180, "Address": "улица Селезнёва, 104/1", "lat": 45.023323, "long": 39.035886, "population_x": 37000.0, "poi_count": 26, "type": "pvz", "hex_id": 42, "poi_amenity": 0, "poi_shop": 0, "poi_office": 0, "poi_leisure": 0, "poi_tourism": 0, "population_y": 37000.0, "car_traffic": 36000.0, "foot_traffic": 49000.0, "attractiveness": 0.0, "poi_transport": 0, "attractiveness_updated": 0.0 }, "geometry": { "type": "Point", "coordinates": [ 4345454.952184276655316, 5625193.962822154164314 ] } },
{ "type": "Feature", "properties": { "ID": 147976, "Address": "Ставропольская улица, 183/2", "lat": 45.019768, "long": 39.039507, "population_x": 37000.0, "poi_count": 46, "type": "pvz", "hex_id": 42, "poi_amenity": 0, "poi_shop": 0, "poi_office": 0, "poi_leisure": 0, "poi_tourism": 0, "population_y": 37000.0, "car_traffic": 36000.0, "foot_traffic": 49000.0, "attractiveness": 0.0, "poi_transport": 0, "attractiveness_updated": 0.0 }, "geometry": { "type": "Point", "coordinates": [ 4345858.040060439147055, 5624634.090255798771977 ] } },
{ "type": "Feature", "properties": { "ID": 157598, "Address": "Ставропольская улица, 181", "lat": 45.01762, "long": 39.03868, "population_x": 37000.0, "poi_count": 88, "type": "pvz", "hex_id": 42, "poi_amenity": 0, "poi_shop": 0, "poi_office": 0, "poi_leisure": 0, "poi_tourism": 0, "population_y": 37000.0, "car_traffic": 36000.0, "foot_traffic": 49000.0, "attractiveness": 0.0, "poi_transport": 6, "attractiveness_updated": 0.6 }, "geometry": { "type": "Point", "coordinates": [ 4345765.978841552510858, 5624295.821231824345887 ] } },
{ "type": "Feature", "properties": { "ID": 50019260, "Address": "Ставропольская улица, 246", "lat": 45.016926, "long": 39.038599, "population_x": 37000.0, "poi_count": 91, "type": "pvz", "hex_id": 42, "poi_amenity": 0, "poi_shop": 0, "poi_office": 0, "poi_leisure": 0, "poi_tourism": 0, "population_y": 37000.0, "car_traffic": 36000.0, "foot_traffic": 49000.0, "attractiveness": 0.0, "poi_transport": 8, "attractiveness_updated": 0.8 }, "geometry": { "type": "Point", "coordinates": [ 4345756.96196279861033, 5624186.53218306414783 ] } },
{ "type": "Feature", "properties": { "ID": 1283, "Address": "Ставропольская улица, 159", "lat": 45.018111, "long": 39.036452, "population_x": 37000.0, "poi_count": 73, "type": "pvz", "hex_id": 42, "poi_amenity": 0, "poi_shop": 0, "poi_office": 0, "poi_leisure": 0, "poi_tourism": 0, "population_y": 37000.0, "car_traffic": 36000.0, "foot_traffic": 49000.0, "attractiveness": 0.0, "poi_transport": 5, "attractiveness_updated": 0.5 }, "geometry": { "type": "Point", "coordinates": [ 4345517.959016065113246, 5624373.143246515654027 ] } },
{ "type": "Feature", "properties": { "ID": 50005059, "Address": "улица Айвазовского, 106", "lat": 45.016595, "long": 39.033245, "population_x": 37000.0, "poi_count": 59, "type": "pvz", "hex_id": 42, "poi_amenity": 0, "poi_shop": 0, "poi_office": 0, "poi_leisure": 0, "poi_tourism": 0, "population_y": 37000.0, "car_traffic": 36000.0, "foot_traffic": 49000.0, "attractiveness": 0.0, "poi_transport": 2, "attractiveness_updated": 0.2 }, "geometry": { "type": "Point", "coordinates": [ 4345160.957409092225134, 5624134.407757455483079 ] } },
{ "type": "Feature", "properties": { "ID": 50013432, "Address": "улица Стасова, 168/1", "lat": 45.015913, "long": 39.041905, "population_x": 37000.0, "poi_count": 81, "type": "pvz", "hex_id": 42, "poi_amenity": 0, "poi_shop": 0, "poi_office": 0, "poi_leisure": 0, "poi_tourism": 0, "population_y": 37000.0, "car_traffic": 36000.0, "foot_traffic": 49000.0, "attractiveness": 0.0, "poi_transport": 10, "attractiveness_updated": 1.0 }, "geometry": { "type": "Point", "coordinates": [ 4346124.984199361875653, 5624027.010344068519771 ] } },
{ "type": "Feature", "properties": { "ID": 216293, "Address": "Старокубанская улица, 123А", "lat": 45.017264, "long": 39.04707, "population_x": 37000.0, "poi_count": 33, "type": "pvz", "hex_id": 42, "poi_amenity": 0, "poi_shop": 0, "poi_office": 0, "poi_leisure": 0, "poi_tourism": 0, "population_y": 37000.0, "car_traffic": 36000.0, "foot_traffic": 49000.0, "attractiveness": 0.0, "poi_transport": 3, "attractiveness_updated": 0.3 }, "geometry": { "type": "Point", "coordinates": [ 4346699.949369308538735, 5624239.759248843416572 ] } },
{ "type": "Feature", "properties": { "ID": 50001411, "Address": "Старокубанская улица, 121", "lat": 45.014734, "long": 39.045849, "population_x": 37000.0, "poi_count": 46, "type": "pvz", "hex_id": 42, "poi_amenity": 0, "poi_shop": 0, "poi_office": 0, "poi_leisure": 0, "poi_tourism": 0, "population_y": 37000.0, "car_traffic": 36000.0, "foot_traffic": 49000.0, "attractiveness": 0.0, "poi_transport": 6, "attractiveness_updated": 0.6 }, "geometry": { "type": "Point", "coordinates": [ 4346564.028271050192416, 5623841.351263573393226 ] } },
{ "type": "Feature", "properties": { "ID": 50031275, "Address": "Кубанская улица, 47", "lat": 45.013441, "long": 39.047277, "population_x": 37000.0, "poi_count": 34, "type": "pvz", "hex_id": 42, "poi_amenity": 0, "poi_shop": 0, "poi_office": 0, "poi_leisure": 0, "poi_tourism": 0, "population_y": 37000.0, "car_traffic": 36000.0, "foot_traffic": 49000.0, "attractiveness": 0.0, "poi_transport": 5, "attractiveness_updated": 0.5 }, "geometry": { "type": "Point", "coordinates": [ 4346722.992503902874887, 5623637.744809032417834 ] } },
{ "type": "Feature", "properties": { "ID": 5074, "Address": "Кубанская улица, 46", "lat": 45.01265, "long": 39.048535, "population_x": 10000.0, "poi_count": 26, "type": "pvz", "hex_id": 41, "poi_amenity": 0, "poi_shop": 0, "poi_office": 0, "poi_leisure": 0, "poi_tourism": 0, "population_y": 10000.0, "car_traffic": 5000.0, "foot_traffic": 9000.0, "attractiveness": 0.0, "poi_transport": 3, "attractiveness_updated": 0.3 }, "geometry": { "type": "Point", "coordinates": [ 4346863.032423321157694, 5623513.189685119315982 ] } },
{ "type": "Feature", "properties": { "ID": 145143, "Address": "Ставропольская улица", "lat": 45.021112, "long": 39.022223, "population_x": 25000.0, "poi_count": 39, "type": "pvz", "hex_id": 35, "poi_amenity": 0, "poi_shop": 0, "poi_office": 0, "poi_leisure": 0, "poi_tourism": 0, "population_y": 25000.0, "car_traffic": 47000.0, "foot_traffic": 50000.0, "attractiveness": 0.0, "poi_transport": 7, "attractiveness_updated": 0.7 }, "geometry": { "type": "Point", "coordinates": [ 4343933.993981567211449, 5624845.751071486622095 ] } },
{ "type": "Feature", "properties": { "ID": 50022127, "Address": "Ставропольская улица, 336/3", "lat": 45.012803, "long": 39.051445, "population_x": 10000.0, "poi_count": 34, "type": "pvz", "hex_id": 41, "poi_amenity": 0, "poi_shop": 0, "poi_office": 0, "poi_leisure": 0, "poi_tourism": 0, "population_y": 10000.0, "car_traffic": 5000.0, "foot_traffic": 9000.0, "attractiveness": 0.0, "poi_transport": 6, "attractiveness_updated": 0.6 }, "geometry": { "type": "Point", "coordinates": [ 4347186.972141529433429, 5623537.281755676493049 ] } },
{ "type": "Feature", "properties": { "ID": 50003019, "Address": "улица Стасова, 148", "lat": 45.013568, "long": 39.03983, "population_x": 37000.0, "poi_count": 52, "type": "pvz", "hex_id": 42, "poi_amenity": 0, "poi_shop": 0, "poi_office": 0, "poi_leisure": 0, "poi_tourism": 0, "population_y": 37000.0, "car_traffic": 36000.0, "foot_traffic": 49000.0, "attractiveness": 0.0, "poi_transport": 2, "attractiveness_updated": 0.2 }, "geometry": { "type": "Point", "coordinates": [ 4345893.996255965903401, 5623657.743073910474777 ] } },
{ "type": "Feature", "properties": { "ID": 321461, "Address": "улица Стасова, 121", "lat": 45.012128, "long": 39.036219, "population_x": 16000.0, "poi_count": 32, "type": "pvz", "hex_id": 34, "poi_amenity": 0, "poi_shop": 0, "poi_office": 0, "poi_leisure": 0, "poi_tourism": 0, "population_y": 16000.0, "car_traffic": 6500.0, "foot_traffic": 13000.0, "attractiveness": 0.0, "poi_transport": 4, "attractiveness_updated": 0.4 }, "geometry": { "type": "Point", "coordinates": [ 4345492.021574711427093, 5623430.993693495169282 ] } },
{ "type": "Feature", "properties": { "ID": 325824, "Address": "Бургасская улица, 56", "lat": 45.011682, "long": 39.037692, "population_x": 16000.0, "poi_count": 36, "type": "pvz", "hex_id": 34, "poi_amenity": 0, "poi_shop": 0, "poi_office": 0, "poi_leisure": 0, "poi_tourism": 0, "population_y": 16000.0, "car_traffic": 6500.0, "foot_traffic": 13000.0, "attractiveness": 0.0, "poi_transport": 4, "attractiveness_updated": 0.4 }, "geometry": { "type": "Point", "coordinates": [ 4345655.995184647850692, 5623360.765527868643403 ] } },
{ "type": "Feature", "properties": { "ID": 139490, "Address": "Бургасская улица, 45", "lat": 45.010637, "long": 39.0408, "population_x": 10000.0, "poi_count": 17, "type": "pvz", "hex_id": 41, "poi_amenity": 0, "poi_shop": 0, "poi_office": 0, "poi_leisure": 0, "poi_tourism": 0, "population_y": 10000.0, "car_traffic": 5000.0, "foot_traffic": 9000.0, "attractiveness": 0.0, "poi_transport": 0, "attractiveness_updated": 0.0 }, "geometry": { "type": "Point", "coordinates": [ 4346001.976162034086883, 5623196.219613479450345 ] } },
{ "type": "Feature", "properties": { "ID": 50010189, "Address": "Бургасская улица, 26", "lat": 45.013396, "long": 39.031781, "population_x": 16000.0, "poi_count": 36, "type": "pvz", "hex_id": 34, "poi_amenity": 0, "poi_shop": 0, "poi_office": 0, "poi_leisure": 0, "poi_tourism": 0, "population_y": 16000.0, "car_traffic": 6500.0, "foot_traffic": 13000.0, "attractiveness": 0.0, "poi_transport": 0, "attractiveness_updated": 0.0 }, "geometry": { "type": "Point", "coordinates": [ 4344997.985674569383264, 5623630.658820306882262 ] } },
{ "type": "Feature", "properties": { "ID": 6007, "Address": "улица Димитрова, 75", "lat": 45.013683, "long": 39.025771, "population_x": 16000.0, "poi_count": 28, "type": "pvz", "hex_id": 34, "poi_amenity": 0, "poi_shop": 0, "poi_office": 0, "poi_leisure": 0, "poi_tourism": 0, "population_y": 16000.0, "car_traffic": 6500.0, "foot_traffic": 13000.0, "attractiveness": 0.0, "poi_transport": 0, "attractiveness_updated": 0.0 }, "geometry": { "type": "Point", "coordinates": [ 4344328.955534902401268, 5623675.8517772173509 ] } },
{ "type": "Feature", "properties": { "ID": 327321, "Address": "улица Димитрова, 43", "lat": 45.010407, "long": 39.024478, "population_x": 16000.0, "poi_count": 6, "type": "pvz", "hex_id": 34, "poi_amenity": 0, "poi_shop": 0, "poi_office": 0, "poi_leisure": 0, "poi_tourism": 0, "population_y": 16000.0, "car_traffic": 6500.0, "foot_traffic": 13000.0, "attractiveness": 0.0, "poi_transport": 0, "attractiveness_updated": 0.0 }, "geometry": { "type": "Point", "coordinates": [ 4344185.019433306530118, 5623160.00416939985007 ] } },
{ "type": "Feature", "properties": { "ID": 314961, "Address": "улица Маяковского, 15", "lat": 45.011325, "long": 39.013438, "population_x": 16000.0, "poi_count": 4, "type": "pvz", "hex_id": 34, "poi_amenity": 0, "poi_shop": 0, "poi_office": 0, "poi_leisure": 0, "poi_tourism": 0, "population_y": 16000.0, "car_traffic": 6500.0, "foot_traffic": 13000.0, "attractiveness": 0.0, "poi_transport": 4, "attractiveness_updated": 0.4 }, "geometry": { "type": "Point", "coordinates": [ 4342956.052254949696362, 5623304.551896995864809 ] } },
{ "type": "Feature", "properties": { "ID": 162363, "Address": "улица Стасова, 97", "lat": 45.009248, "long": 39.033102, "population_x": 16000.0, "poi_count": 12, "type": "pvz", "hex_id": 34, "poi_amenity": 0, "poi_shop": 0, "poi_office": 0, "poi_leisure": 0, "poi_tourism": 0, "population_y": 16000.0, "car_traffic": 6500.0, "foot_traffic": 13000.0, "attractiveness": 0.0, "poi_transport": 4, "attractiveness_updated": 0.4 }, "geometry": { "type": "Point", "coordinates": [ 4345145.038721908815205, 5622977.512035764753819 ] } },
{ "type": "Feature", "properties": { "ID": 314488, "Address": "Старокубанская улица, 2/5", "lat": 45.004462, "long": 39.034808, "population_x": 16000.0, "poi_count": 40, "type": "pvz", "hex_id": 34, "poi_amenity": 0, "poi_shop": 0, "poi_office": 0, "poi_leisure": 0, "poi_tourism": 0, "population_y": 16000.0, "car_traffic": 6500.0, "foot_traffic": 13000.0, "attractiveness": 0.0, "poi_transport": 0, "attractiveness_updated": 0.0 }, "geometry": { "type": "Point", "coordinates": [ 4345334.949773201718926, 5622223.964125508442521 ] } },
{ "type": "Feature", "properties": { "ID": 150877, "Address": "Воронежская улица, 47/Г", "lat": 45.002454, "long": 39.031934, "population_x": 16000.0, "poi_count": 43, "type": "pvz", "hex_id": 34, "poi_amenity": 0, "poi_shop": 0, "poi_office": 0, "poi_leisure": 0, "poi_tourism": 0, "population_y": 16000.0, "car_traffic": 6500.0, "foot_traffic": 13000.0, "attractiveness": 0.0, "poi_transport": 0, "attractiveness_updated": 0.0 }, "geometry": { "type": "Point", "coordinates": [ 4345015.017556661739945, 5621907.826541338115931 ] } },
{ "type": "Feature", "properties": { "ID": 307799, "Address": "Воронежская улица, 47Д", "lat": 45.001428, "long": 39.032212, "population_x": 16000.0, "poi_count": 40, "type": "pvz", "hex_id": 34, "poi_amenity": 0, "poi_shop": 0, "poi_office": 0, "poi_leisure": 0, "poi_tourism": 0, "population_y": 16000.0, "car_traffic": 6500.0, "foot_traffic": 13000.0, "attractiveness": 0.0, "poi_transport": 0, "attractiveness_updated": 0.0 }, "geometry": { "type": "Point", "coordinates": [ 4345045.964375101961195, 5621746.298367664217949 ] } },
{ "type": "Feature", "properties": { "ID": 50003893, "Address": "Воронежская улица, 47/14", "lat": 44.999797, "long": 39.03117, "population_x": 16000.0, "poi_count": 20, "type": "pvz", "hex_id": 34, "poi_amenity": 0, "poi_shop": 0, "poi_office": 0, "poi_leisure": 0, "poi_tourism": 0, "population_y": 16000.0, "car_traffic": 6500.0, "foot_traffic": 13000.0, "attractiveness": 0.0, "poi_transport": 0, "attractiveness_updated": 0.0 }, "geometry": { "type": "Point", "coordinates": [ 4344929.969465696252882, 5621489.528053352609277 ] } },
{ "type": "Feature", "properties": { "ID": 50004592, "Address": "улица Стасова, 10", "lat": 45.003474, "long": 39.026984, "population_x": 16000.0, "poi_count": 3, "type": "pvz", "hex_id": 34, "poi_amenity": 0, "poi_shop": 0, "poi_office": 0, "poi_leisure": 0, "poi_tourism": 0, "population_y": 16000.0, "car_traffic": 6500.0, "foot_traffic": 13000.0, "attractiveness": 0.0, "poi_transport": 2, "attractiveness_updated": 0.2 }, "geometry": { "type": "Point", "coordinates": [ 4344463.986077235080302, 5622068.412973255850375 ] } },
{ "type": "Feature", "properties": { "ID": 50034184, "Address": "улица Димитрова, 1", "lat": 45.003034, "long": 39.021424, "population_x": 16000.0, "poi_count": 7, "type": "pvz", "hex_id": 34, "poi_amenity": 0, "poi_shop": 0, "poi_office": 0, "poi_leisure": 0, "poi_tourism": 0, "population_y": 16000.0, "car_traffic": 6500.0, "foot_traffic": 13000.0, "attractiveness": 0.0, "poi_transport": 4, "attractiveness_updated": 0.4 }, "geometry": { "type": "Point", "coordinates": [ 4343845.049708425067365, 5621999.140044124796987 ] } },
{ "type": "Feature", "properties": { "ID": 50007850, "Address": "Воронежская улица, 102", "lat": 45.002671, "long": 39.020768, "population_x": 16000.0, "poi_count": 5, "type": "pvz", "hex_id": 34, "poi_amenity": 0, "poi_shop": 0, "poi_office": 0, "poi_leisure": 0, "poi_tourism": 0, "population_y": 16000.0, "car_traffic": 6500.0, "foot_traffic": 13000.0, "attractiveness": 0.0, "poi_transport": 4, "attractiveness_updated": 0.4 }, "geometry": { "type": "Point", "coordinates": [ 4343772.02412246260792, 5621941.990278114564717 ] } },
{ "type": "Feature", "properties": { "ID": 50017267, "Address": "улица Красных Партизан, 62", "lat": 45.053175, "long": 38.942695, "population_x": 21000.0, "poi_count": 19, "type": "pvz", "hex_id": 21, "poi_amenity": 0, "poi_shop": 0, "poi_office": 0, "poi_leisure": 0, "poi_tourism": 0, "population_y": 21000.0, "car_traffic": 28000.0, "foot_traffic": 35000.0, "attractiveness": 0.0, "poi_transport": 2, "attractiveness_updated": 0.2 }, "geometry": { "type": "Point", "coordinates": [ 4335080.977517761290073, 5629896.689871805720031 ] } },
{ "type": "Feature", "properties": { "ID": 5285, "Address": "улица Гагарина, 132", "lat": 45.053945, "long": 38.949945, "population_x": 21000.0, "poi_count": 30, "type": "pvz", "hex_id": 21, "poi_amenity": 0, "poi_shop": 0, "poi_office": 0, "poi_leisure": 0, "poi_tourism": 0, "population_y": 21000.0, "car_traffic": 28000.0, "foot_traffic": 35000.0, "attractiveness": 0.0, "poi_transport": 3, "attractiveness_updated": 0.3 }, "geometry": { "type": "Point", "coordinates": [ 4335888.043826011940837, 5630018.024088729172945 ] } },
{ "type": "Feature", "properties": { "ID": 209978, "Address": "улица Герцена, 186", "lat": 45.057689, "long": 38.946091, "population_x": 21000.0, "poi_count": 74, "type": "pvz", "hex_id": 21, "poi_amenity": 0, "poi_shop": 0, "poi_office": 0, "poi_leisure": 0, "poi_tourism": 0, "population_y": 21000.0, "car_traffic": 28000.0, "foot_traffic": 35000.0, "attractiveness": 0.0, "poi_transport": 5, "attractiveness_updated": 0.5 }, "geometry": { "type": "Point", "coordinates": [ 4335459.018508494831622, 5630608.015306652523577 ] } },
{ "type": "Feature", "properties": { "ID": 50009042, "Address": "улица Каляева, 263/4", "lat": 45.06002, "long": 38.940755, "population_x": 21000.0, "poi_count": 21, "type": "pvz", "hex_id": 21, "poi_amenity": 0, "poi_shop": 0, "poi_office": 0, "poi_leisure": 0, "poi_tourism": 0, "population_y": 21000.0, "car_traffic": 28000.0, "foot_traffic": 35000.0, "attractiveness": 0.0, "poi_transport": 0, "attractiveness_updated": 0.0 }, "geometry": { "type": "Point", "coordinates": [ 4334865.017705622129142, 5630975.361082716844976 ] } },
{ "type": "Feature", "properties": { "ID": 307356, "Address": "улица Новицкого, 2/4", "lat": 45.060726, "long": 38.943486, "population_x": 21000.0, "poi_count": 59, "type": "pvz", "hex_id": 21, "poi_amenity": 0, "poi_shop": 0, "poi_office": 0, "poi_leisure": 0, "poi_tourism": 0, "population_y": 21000.0, "car_traffic": 28000.0, "foot_traffic": 35000.0, "attractiveness": 0.0, "poi_transport": 0, "attractiveness_updated": 0.0 }, "geometry": { "type": "Point", "coordinates": [ 4335169.031234977766871, 5631086.623633409850299 ] } },
{ "type": "Feature", "properties": { "ID": 162540, "Address": "Совхозная улица, 1к1", "lat": 45.061376, "long": 38.944079, "population_x": 21000.0, "poi_count": 58, "type": "pvz", "hex_id": 21, "poi_amenity": 0, "poi_shop": 0, "poi_office": 0, "poi_leisure": 0, "poi_tourism": 0, "population_y": 21000.0, "car_traffic": 28000.0, "foot_traffic": 35000.0, "attractiveness": 0.0, "poi_transport": 0, "attractiveness_updated": 0.0 }, "geometry": { "type": "Point", "coordinates": [ 4335235.043693019077182, 5631189.062040725722909 ] } },
{ "type": "Feature", "properties": { "ID": 206935, "Address": "улица Атарбекова, 30", "lat": 45.058434, "long": 38.951903, "population_x": 21000.0, "poi_count": 117, "type": "pvz", "hex_id": 21, "poi_amenity": 0, "poi_shop": 0, "poi_office": 0, "poi_leisure": 0, "poi_tourism": 0, "population_y": 21000.0, "car_traffic": 28000.0, "foot_traffic": 35000.0, "attractiveness": 0.0, "poi_transport": 2, "attractiveness_updated": 0.2 }, "geometry": { "type": "Point", "coordinates": [ 4336106.007388984784484, 5630725.419342535547912 ] } },
{ "type": "Feature", "properties": { "ID": 50016484, "Address": "улица Атарбекова, 28", "lat": 45.059077, "long": 38.95096, "population_x": 21000.0, "poi_count": 144, "type": "pvz", "hex_id": 21, "poi_amenity": 0, "poi_shop": 0, "poi_office": 0, "poi_leisure": 0, "poi_tourism": 0, "population_y": 21000.0, "car_traffic": 28000.0, "foot_traffic": 35000.0, "attractiveness": 0.0, "poi_transport": 2, "attractiveness_updated": 0.2 }, "geometry": { "type": "Point", "coordinates": [ 4336001.033109167590737, 5630826.750498691573739 ] } },
{ "type": "Feature", "properties": { "ID": 203190, "Address": "улица Ковалёва, 5", "lat": 45.061949, "long": 38.948947, "population_x": 21000.0, "poi_count": 115, "type": "pvz", "hex_id": 21, "poi_amenity": 0, "poi_shop": 0, "poi_office": 0, "poi_leisure": 0, "poi_tourism": 0, "population_y": 21000.0, "car_traffic": 28000.0, "foot_traffic": 35000.0, "attractiveness": 0.0, "poi_transport": 1, "attractiveness_updated": 0.1 }, "geometry": { "type": "Point", "coordinates": [ 4335776.946974200196564, 5631279.366402563638985 ] } },
{ "type": "Feature", "properties": { "ID": 139531, "Address": "улица Яна Полуяна, 33", "lat": 45.06433, "long": 38.951454, "population_x": 21000.0, "poi_count": 76, "type": "pvz", "hex_id": 21, "poi_amenity": 0, "poi_shop": 0, "poi_office": 0, "poi_leisure": 0, "poi_tourism": 0, "population_y": 21000.0, "car_traffic": 28000.0, "foot_traffic": 35000.0, "attractiveness": 0.0, "poi_transport": 3, "attractiveness_updated": 0.3 }, "geometry": { "type": "Point", "coordinates": [ 4336056.024937618523836, 5631654.619876387529075 ] } },
{ "type": "Feature", "properties": { "ID": 50016357, "Address": "улица Садоводов, 8", "lat": 45.065749, "long": 38.946827, "population_x": 21000.0, "poi_count": 18, "type": "pvz", "hex_id": 21, "poi_amenity": 0, "poi_shop": 0, "poi_office": 0, "poi_leisure": 0, "poi_tourism": 0, "population_y": 21000.0, "car_traffic": 28000.0, "foot_traffic": 35000.0, "attractiveness": 0.0, "poi_transport": 0, "attractiveness_updated": 0.0 }, "geometry": { "type": "Point", "coordinates": [ 4335540.949653718620539, 5631878.2664017919451 ] } },
{ "type": "Feature", "properties": { "ID": 173134, "Address": "проспект Константина Образцова, 2/2", "lat": 45.06785, "long": 38.949298, "population_x": 48000.0, "poi_count": 21, "type": "pvz", "hex_id": 29, "poi_amenity": 0, "poi_shop": 0, "poi_office": 0, "poi_leisure": 0, "poi_tourism": 0, "population_y": 48000.0, "car_traffic": 25000.0, "foot_traffic": 44000.0, "attractiveness": 0.0, "poi_transport": 0, "attractiveness_updated": 0.0 }, "geometry": { "type": "Point", "coordinates": [ 4335816.020115468651056, 5632209.412150280550122 ] } },
{ "type": "Feature", "properties": { "ID": 312276, "Address": "улица Архитектора Петина, 14", "lat": 45.068633, "long": 38.950978, "population_x": 48000.0, "poi_count": 21, "type": "pvz", "hex_id": 29, "poi_amenity": 0, "poi_shop": 0, "poi_office": 0, "poi_leisure": 0, "poi_tourism": 0, "population_y": 48000.0, "car_traffic": 25000.0, "foot_traffic": 44000.0, "attractiveness": 0.0, "poi_transport": 0, "attractiveness_updated": 0.0 }, "geometry": { "type": "Point", "coordinates": [ 4336003.036860000342131, 5632332.826553974300623 ] } },
{ "type": "Feature", "properties": { "ID": 141127, "Address": "проспект Константина Образцова, 6/2", "lat": 45.066838, "long": 38.952226, "population_x": 48000.0, "poi_count": 51, "type": "pvz", "hex_id": 29, "poi_amenity": 0, "poi_shop": 0, "poi_office": 0, "poi_leisure": 0, "poi_tourism": 0, "population_y": 48000.0, "car_traffic": 25000.0, "foot_traffic": 44000.0, "attractiveness": 0.0, "poi_transport": 0, "attractiveness_updated": 0.0 }, "geometry": { "type": "Point", "coordinates": [ 4336141.96358451154083, 5632049.905872481875122 ] } },
{ "type": "Feature", "properties": { "ID": 3852, "Address": "улица имени Симиренко, 37к1", "lat": 45.072465, "long": 38.949253, "population_x": 48000.0, "poi_count": 13, "type": "pvz", "hex_id": 29, "poi_amenity": 0, "poi_shop": 0, "poi_office": 0, "poi_leisure": 0, "poi_tourism": 0, "population_y": 48000.0, "car_traffic": 25000.0, "foot_traffic": 44000.0, "attractiveness": 0.0, "poi_transport": 1, "attractiveness_updated": 0.1 }, "geometry": { "type": "Point", "coordinates": [ 4335811.010738383047283, 5632936.840714989230037 ] } },
{ "type": "Feature", "properties": { "ID": 337942, "Address": "Круговая улица, 4Вк7", "lat": 45.073757, "long": 38.951364, "population_x": 48000.0, "poi_count": 11, "type": "pvz", "hex_id": 29, "poi_amenity": 0, "poi_shop": 0, "poi_office": 0, "poi_leisure": 0, "poi_tourism": 0, "population_y": 48000.0, "car_traffic": 25000.0, "foot_traffic": 44000.0, "attractiveness": 0.0, "poi_transport": 0, "attractiveness_updated": 0.0 }, "geometry": { "type": "Point", "coordinates": [ 4336046.006183446384966, 5633140.499712709337473 ] } },
{ "type": "Feature", "properties": { "ID": 50007604, "Address": "Круговая улица, 4Вк3", "lat": 45.074527, "long": 38.953367, "population_x": 48000.0, "poi_count": 6, "type": "pvz", "hex_id": 29, "poi_amenity": 0, "poi_shop": 0, "poi_office": 0, "poi_leisure": 0, "poi_tourism": 0, "population_y": 48000.0, "car_traffic": 25000.0, "foot_traffic": 44000.0, "attractiveness": 0.0, "poi_transport": 0, "attractiveness_updated": 0.0 }, "geometry": { "type": "Point", "coordinates": [ 4336268.979123506695032, 5633261.877620876766741 ] } },
{ "type": "Feature", "properties": { "ID": 139733, "Address": "Круговая улица, 4Вк1", "lat": 45.073687, "long": 38.953385, "population_x": 48000.0, "poi_count": 6, "type": "pvz", "hex_id": 29, "poi_amenity": 0, "poi_shop": 0, "poi_office": 0, "poi_leisure": 0, "poi_tourism": 0, "population_y": 48000.0, "car_traffic": 25000.0, "foot_traffic": 44000.0, "attractiveness": 0.0, "poi_transport": 0, "attractiveness_updated": 0.0 }, "geometry": { "type": "Point", "coordinates": [ 4336270.982874340377748, 5633129.465438516810536 ] } },
{ "type": "Feature", "properties": { "ID": 315637, "Address": "улица имени Симиренко, 71к2", "lat": 45.072077, "long": 38.954948, "population_x": 48000.0, "poi_count": 6, "type": "pvz", "hex_id": 29, "poi_amenity": 0, "poi_shop": 0, "poi_office": 0, "poi_leisure": 0, "poi_tourism": 0, "population_y": 48000.0, "car_traffic": 25000.0, "foot_traffic": 44000.0, "attractiveness": 0.0, "poi_transport": 0, "attractiveness_updated": 0.0 }, "geometry": { "type": "Point", "coordinates": [ 4336444.975238450802863, 5632875.680862290784717 ] } },
{ "type": "Feature", "properties": { "ID": 140341, "Address": "улица Архитектора Петина, 18/2", "lat": 45.068499, "long": 38.953951, "population_x": 48000.0, "poi_count": 25, "type": "pvz", "hex_id": 29, "poi_amenity": 0, "poi_shop": 0, "poi_office": 0, "poi_leisure": 0, "poi_tourism": 0, "population_y": 48000.0, "car_traffic": 25000.0, "foot_traffic": 44000.0, "attractiveness": 0.0, "poi_transport": 0, "attractiveness_updated": 0.0 }, "geometry": { "type": "Point", "coordinates": [ 4336333.989706130698323, 5632311.705705977976322 ] } },
{ "type": "Feature", "properties": { "ID": 50016337, "Address": "Казбекская улица, 14", "lat": 45.068499, "long": 38.953951, "population_x": 48000.0, "poi_count": 25, "type": "pvz", "hex_id": 29, "poi_amenity": 0, "poi_shop": 0, "poi_office": 0, "poi_leisure": 0, "poi_tourism": 0, "population_y": 48000.0, "car_traffic": 25000.0, "foot_traffic": 44000.0, "attractiveness": 0.0, "poi_transport": 0, "attractiveness_updated": 0.0 }, "geometry": { "type": "Point", "coordinates": [ 4336333.989706130698323, 5632311.705705977976322 ] } },
{ "type": "Feature", "properties": { "ID": 307384, "Address": "Казбекская улица, 15", "lat": 45.066017, "long": 38.955766, "population_x": 48000.0, "poi_count": 75, "type": "pvz", "hex_id": 29, "poi_amenity": 0, "poi_shop": 0, "poi_office": 0, "poi_leisure": 0, "poi_tourism": 0, "population_y": 48000.0, "car_traffic": 25000.0, "foot_traffic": 44000.0, "attractiveness": 0.0, "poi_transport": 0, "attractiveness_updated": 0.0 }, "geometry": { "type": "Point", "coordinates": [ 4336536.034581919200718, 5631920.50611512362957 ] } },
{ "type": "Feature", "properties": { "ID": 139581, "Address": "улица Архитектора Ишунина, 1", "lat": 45.064419, "long": 38.956466, "population_x": 48000.0, "poi_count": 65, "type": "pvz", "hex_id": 29, "poi_amenity": 0, "poi_shop": 0, "poi_office": 0, "poi_leisure": 0, "poi_tourism": 0, "population_y": 48000.0, "car_traffic": 25000.0, "foot_traffic": 44000.0, "attractiveness": 0.0, "poi_transport": 0, "attractiveness_updated": 0.0 }, "geometry": { "type": "Point", "coordinates": [ 4336613.958225474692881, 5631668.646873725578189 ] } },
{ "type": "Feature", "properties": { "ID": 50004254, "Address": "улица Архитектора Ишунина, 6", "lat": 45.06538, "long": 38.957212, "population_x": 48000.0, "poi_count": 62, "type": "pvz", "hex_id": 29, "poi_amenity": 0, "poi_shop": 0, "poi_office": 0, "poi_leisure": 0, "poi_tourism": 0, "population_y": 48000.0, "car_traffic": 25000.0, "foot_traffic": 44000.0, "attractiveness": 0.0, "poi_transport": 0, "attractiveness_updated": 0.0 }, "geometry": { "type": "Point", "coordinates": [ 4336697.002565605565906, 5631820.10831456258893 ] } },
{ "type": "Feature", "properties": { "ID": 126707, "Address": "проспект Константина Образцова, 25к1", "lat": 45.066806, "long": 38.958667, "population_x": 48000.0, "poi_count": 33, "type": "pvz", "hex_id": 29, "poi_amenity": 0, "poi_shop": 0, "poi_office": 0, "poi_leisure": 0, "poi_tourism": 0, "population_y": 48000.0, "car_traffic": 25000.0, "foot_traffic": 44000.0, "attractiveness": 0.0, "poi_transport": 0, "attractiveness_updated": 0.0 }, "geometry": { "type": "Point", "coordinates": [ 4336858.972424710169435, 5632044.86224177479744 ] } },
{ "type": "Feature", "properties": { "ID": 212229, "Address": "улица Архитектора Ишунина, 9", "lat": 45.068124, "long": 38.959431, "population_x": 48000.0, "poi_count": 19, "type": "pvz", "hex_id": 29, "poi_amenity": 0, "poi_shop": 0, "poi_office": 0, "poi_leisure": 0, "poi_tourism": 0, "population_y": 48000.0, "car_traffic": 25000.0, "foot_traffic": 44000.0, "attractiveness": 0.0, "poi_transport": 0, "attractiveness_updated": 0.0 }, "geometry": { "type": "Point", "coordinates": [ 4336944.020515677519143, 5632252.599118418060243 ] } },
{ "type": "Feature", "properties": { "ID": 2122, "Address": "улица имени Тургенева, 98", "lat": 45.050284, "long": 38.95961, "population_x": 39000.0, "poi_count": 67, "type": "pvz", "hex_id": 28, "poi_amenity": 0, "poi_shop": 0, "poi_office": 0, "poi_leisure": 0, "poi_tourism": 0, "population_y": 39000.0, "car_traffic": 51000.0, "foot_traffic": 95000.0, "attractiveness": 0.0, "poi_transport": 2, "attractiveness_updated": 0.2 }, "geometry": { "type": "Point", "coordinates": [ 4336963.946704528294504, 5629441.149619748815894 ] } },
{ "type": "Feature", "properties": { "ID": 50014074, "Address": "улица Красных Партизан, 443", "lat": 45.051545, "long": 38.958038, "population_x": 39000.0, "poi_count": 62, "type": "pvz", "hex_id": 28, "poi_amenity": 0, "poi_shop": 0, "poi_office": 0, "poi_leisure": 0, "poi_tourism": 0, "population_y": 39000.0, "car_traffic": 51000.0, "foot_traffic": 95000.0, "attractiveness": 0.0, "poi_transport": 3, "attractiveness_updated": 0.3 }, "geometry": { "type": "Point", "coordinates": [ 4336788.952465002425015, 5629639.844905831851065 ] } },
{ "type": "Feature", "properties": { "ID": 50034056, "Address": "улица имени Тургенева, 109", "lat": 45.052576, "long": 38.958676, "population_x": 39000.0, "poi_count": 65, "type": "pvz", "hex_id": 28, "poi_amenity": 0, "poi_shop": 0, "poi_office": 0, "poi_leisure": 0, "poi_tourism": 0, "population_y": 39000.0, "car_traffic": 51000.0, "foot_traffic": 95000.0, "attractiveness": 0.0, "poi_transport": 4, "attractiveness_updated": 0.4 }, "geometry": { "type": "Point", "coordinates": [ 4336859.974300128407776, 5629802.302435383200645 ] } },
{ "type": "Feature", "properties": { "ID": 50037986, "Address": "Фестивальная улица, 38", "lat": 45.054315, "long": 38.960599, "population_x": 39000.0, "poi_count": 65, "type": "pvz", "hex_id": 28, "poi_amenity": 0, "poi_shop": 0, "poi_office": 0, "poi_leisure": 0, "poi_tourism": 0, "population_y": 39000.0, "car_traffic": 51000.0, "foot_traffic": 95000.0, "attractiveness": 0.0, "poi_transport": 1, "attractiveness_updated": 0.1 }, "geometry": { "type": "Point", "coordinates": [ 4337074.04168092366308, 5630076.328124734573066 ] } },
{ "type": "Feature", "properties": { "ID": 161796, "Address": "улица Воровского, 197", "lat": 45.052831, "long": 38.954418, "population_x": 21000.0, "poi_count": 34, "type": "pvz", "hex_id": 21, "poi_amenity": 0, "poi_shop": 0, "poi_office": 0, "poi_leisure": 0, "poi_tourism": 0, "population_y": 21000.0, "car_traffic": 28000.0, "foot_traffic": 35000.0, "attractiveness": 0.0, "poi_transport": 3, "attractiveness_updated": 0.3 }, "geometry": { "type": "Point", "coordinates": [ 4336385.975908329710364, 5629842.483944397419691 ] } },
{ "type": "Feature", "properties": { "ID": 50031787, "Address": "Фестивальная улица, 7", "lat": 45.055282, "long": 38.956933, "population_x": 39000.0, "poi_count": 38, "type": "pvz", "hex_id": 28, "poi_amenity": 0, "poi_shop": 0, "poi_office": 0, "poi_leisure": 0, "poi_tourism": 0, "population_y": 39000.0, "car_traffic": 51000.0, "foot_traffic": 95000.0, "attractiveness": 0.0, "poi_transport": 0, "attractiveness_updated": 0.0 }, "geometry": { "type": "Point", "coordinates": [ 4336665.944427674636245, 5630228.708291999064386 ] } },
{ "type": "Feature", "properties": { "ID": 137644, "Address": "улица имени Тургенева, 135", "lat": 45.056333, "long": 38.959799, "population_x": 39000.0, "poi_count": 68, "type": "pvz", "hex_id": 28, "poi_amenity": 0, "poi_shop": 0, "poi_office": 0, "poi_leisure": 0, "poi_tourism": 0, "population_y": 39000.0, "car_traffic": 51000.0, "foot_traffic": 95000.0, "attractiveness": 0.0, "poi_transport": 2, "attractiveness_updated": 0.2 }, "geometry": { "type": "Point", "coordinates": [ 4336984.986088289879262, 5630394.328128195367754 ] } },
{ "type": "Feature", "properties": { "ID": 151739, "Address": "улица Атарбекова, 45", "lat": 45.059529, "long": 38.958515, "population_x": 39000.0, "poi_count": 112, "type": "pvz", "hex_id": 28, "poi_amenity": 0, "poi_shop": 0, "poi_office": 0, "poi_leisure": 0, "poi_tourism": 0, "population_y": 39000.0, "car_traffic": 51000.0, "foot_traffic": 95000.0, "attractiveness": 0.0, "poi_transport": 2, "attractiveness_updated": 0.2 }, "geometry": { "type": "Point", "coordinates": [ 4336842.051862110383809, 5630897.98241339251399 ] } },
{ "type": "Feature", "properties": { "ID": 322777, "Address": "улица имени Тургенева, 155", "lat": 45.062318, "long": 38.960491, "population_x": 48000.0, "poi_count": 80, "type": "pvz", "hex_id": 29, "poi_amenity": 0, "poi_shop": 0, "poi_office": 0, "poi_leisure": 0, "poi_tourism": 0, "population_y": 48000.0, "car_traffic": 25000.0, "foot_traffic": 44000.0, "attractiveness": 0.0, "poi_transport": 2, "attractiveness_updated": 0.2 }, "geometry": { "type": "Point", "coordinates": [ 4337062.019175916910172, 5631337.520999492146075 ] } },
{ "type": "Feature", "properties": { "ID": 213695, "Address": "улица имени Тургенева, 142", "lat": 45.065399, "long": 38.963671, "population_x": 48000.0, "poi_count": 45, "type": "pvz", "hex_id": 29, "poi_amenity": 0, "poi_shop": 0, "poi_office": 0, "poi_leisure": 0, "poi_tourism": 0, "population_y": 48000.0, "car_traffic": 25000.0, "foot_traffic": 44000.0, "attractiveness": 0.0, "poi_transport": 3, "attractiveness_updated": 0.3 }, "geometry": { "type": "Point", "coordinates": [ 4337416.015156640671194, 5631823.102895255200565 ] } },
{ "type": "Feature", "properties": { "ID": 50019696, "Address": "Дальний проезд, 9к2", "lat": 45.063247, "long": 38.964479, "population_x": 48000.0, "poi_count": 66, "type": "pvz", "hex_id": 29, "poi_amenity": 0, "poi_shop": 0, "poi_office": 0, "poi_leisure": 0, "poi_tourism": 0, "population_y": 48000.0, "car_traffic": 25000.0, "foot_traffic": 44000.0, "attractiveness": 0.0, "poi_transport": 0, "attractiveness_updated": 0.0 }, "geometry": { "type": "Point", "coordinates": [ 4337505.961305201053619, 5631483.933557328768075 ] } },
{ "type": "Feature", "properties": { "ID": 150386, "Address": "Дальняя улица, 39/3", "lat": 45.060904, "long": 38.964578, "population_x": 39000.0, "poi_count": 96, "type": "pvz", "hex_id": 28, "poi_amenity": 0, "poi_shop": 0, "poi_office": 0, "poi_leisure": 0, "poi_tourism": 0, "population_y": 39000.0, "car_traffic": 51000.0, "foot_traffic": 95000.0, "attractiveness": 0.0, "poi_transport": 0, "attractiveness_updated": 0.0 }, "geometry": { "type": "Point", "coordinates": [ 4337516.981934790499508, 5631114.675881465896964 ] } },
{ "type": "Feature", "properties": { "ID": 308738, "Address": "Дальняя улица, 39/2", "lat": 45.061325, "long": 38.965324, "population_x": 39000.0, "poi_count": 92, "type": "pvz", "hex_id": 28, "poi_amenity": 0, "poi_shop": 0, "poi_office": 0, "poi_leisure": 0, "poi_tourism": 0, "population_y": 39000.0, "car_traffic": 51000.0, "foot_traffic": 95000.0, "attractiveness": 0.0, "poi_transport": 0, "attractiveness_updated": 0.0 }, "geometry": { "type": "Point", "coordinates": [ 4337600.026274922303855, 5631181.024523586966097 ] } },
{ "type": "Feature", "properties": { "ID": 157869, "Address": "Гаражная улица, 87к1", "lat": 45.060892, "long": 38.967318, "population_x": 39000.0, "poi_count": 64, "type": "pvz", "hex_id": 28, "poi_amenity": 0, "poi_shop": 0, "poi_office": 0, "poi_leisure": 0, "poi_tourism": 0, "population_y": 39000.0, "car_traffic": 51000.0, "foot_traffic": 95000.0, "attractiveness": 0.0, "poi_transport": 1, "attractiveness_updated": 0.1 }, "geometry": { "type": "Point", "coordinates": [ 4337821.997339563444257, 5631112.784715929999948 ] } },
{ "type": "Feature", "properties": { "ID": 335761, "Address": "Гаражная улица, 87", "lat": 45.061395, "long": 38.968288, "population_x": 39000.0, "poi_count": 59, "type": "pvz", "hex_id": 28, "poi_amenity": 0, "poi_shop": 0, "poi_office": 0, "poi_leisure": 0, "poi_tourism": 0, "population_y": 39000.0, "car_traffic": 51000.0, "foot_traffic": 95000.0, "attractiveness": 0.0, "poi_transport": 2, "attractiveness_updated": 0.2 }, "geometry": { "type": "Point", "coordinates": [ 4337929.977245634421706, 5631192.056411690078676 ] } },
{ "type": "Feature", "properties": { "ID": 50004457, "Address": "улица Монтажников, 14", "lat": 45.059829, "long": 38.967857, "population_x": 39000.0, "poi_count": 57, "type": "pvz", "hex_id": 28, "poi_amenity": 0, "poi_shop": 0, "poi_office": 0, "poi_leisure": 0, "poi_tourism": 0, "population_y": 39000.0, "car_traffic": 51000.0, "foot_traffic": 95000.0, "attractiveness": 0.0, "poi_transport": 0, "attractiveness_updated": 0.0 }, "geometry": { "type": "Point", "coordinates": [ 4337881.998545101843774, 5630945.260543788783252 ] } },
{ "type": "Feature", "properties": { "ID": 114368, "Address": "Морская улица, 45", "lat": 45.055251, "long": 38.968118, "population_x": 39000.0, "poi_count": 22, "type": "pvz", "hex_id": 28, "poi_amenity": 0, "poi_shop": 0, "poi_office": 0, "poi_leisure": 0, "poi_tourism": 0, "population_y": 39000.0, "car_traffic": 51000.0, "foot_traffic": 95000.0, "attractiveness": 0.0, "poi_transport": 0, "attractiveness_updated": 0.0 }, "geometry": { "type": "Point", "coordinates": [ 4337911.052932199090719, 5630223.823262170888484 ] } },
{ "type": "Feature", "properties": { "ID": 214796, "Address": "Гаражная улица, 71", "lat": 45.055671, "long": 38.970543, "population_x": 39000.0, "poi_count": 21, "type": "pvz", "hex_id": 28, "poi_amenity": 0, "poi_shop": 0, "poi_office": 0, "poi_leisure": 0, "poi_tourism": 0, "population_y": 39000.0, "car_traffic": 51000.0, "foot_traffic": 95000.0, "attractiveness": 0.0, "poi_transport": 0, "attractiveness_updated": 0.0 }, "geometry": { "type": "Point", "coordinates": [ 4338181.00269737187773, 5630290.007762371562421 ] } },
{ "type": "Feature", "properties": { "ID": 50006439, "Address": "улица Гагарина, 147", "lat": 45.051793, "long": 38.966312, "population_x": 39000.0, "poi_count": 36, "type": "pvz", "hex_id": 28, "poi_amenity": 0, "poi_shop": 0, "poi_office": 0, "poi_leisure": 0, "poi_tourism": 0, "population_y": 39000.0, "car_traffic": 51000.0, "foot_traffic": 95000.0, "attractiveness": 0.0, "poi_transport": 0, "attractiveness_updated": 0.0 }, "geometry": { "type": "Point", "coordinates": [ 4337710.009931826032698, 5629678.922686176374555 ] } },
{ "type": "Feature", "properties": { "ID": 311711, "Address": "2-й Пластунский проезд, 13", "lat": 45.047552, "long": 38.968019, "population_x": 39000.0, "poi_count": 46, "type": "pvz", "hex_id": 28, "poi_amenity": 0, "poi_shop": 0, "poi_office": 0, "poi_leisure": 0, "poi_tourism": 0, "population_y": 39000.0, "car_traffic": 51000.0, "foot_traffic": 95000.0, "attractiveness": 0.0, "poi_transport": 1, "attractiveness_updated": 0.1 }, "geometry": { "type": "Point", "coordinates": [ 4337900.03230260964483, 5629010.68445426505059 ] } },
{ "type": "Feature", "properties": { "ID": 318390, "Address": "Гаражная улица, 156к1", "lat": 45.065208, "long": 38.968953, "population_x": 48000.0, "poi_count": 28, "type": "pvz", "hex_id": 29, "poi_amenity": 0, "poi_shop": 0, "poi_office": 0, "poi_leisure": 0, "poi_tourism": 0, "population_y": 48000.0, "car_traffic": 25000.0, "foot_traffic": 44000.0, "attractiveness": 0.0, "poi_transport": 0, "attractiveness_updated": 0.0 }, "geometry": { "type": "Point", "coordinates": [ 4338004.00470701046288, 5631792.999524132348597 ] } },
{ "type": "Feature", "properties": { "ID": 211591, "Address": "Рашпилевская улица, 333/1", "lat": 45.067646, "long": 38.969986, "population_x": 48000.0, "poi_count": 60, "type": "pvz", "hex_id": 29, "poi_amenity": 0, "poi_shop": 0, "poi_office": 0, "poi_leisure": 0, "poi_tourism": 0, "population_y": 48000.0, "car_traffic": 25000.0, "foot_traffic": 44000.0, "attractiveness": 0.0, "poi_transport": 1, "attractiveness_updated": 0.1 }, "geometry": { "type": "Point", "coordinates": [ 4338118.997740998864174, 5632177.25848363339901 ] } },
{ "type": "Feature", "properties": { "ID": 213621, "Address": "улица имени Тургенева, 174", "lat": 45.069792, "long": 38.970247, "population_x": 48000.0, "poi_count": 54, "type": "pvz", "hex_id": 29, "poi_amenity": 0, "poi_shop": 0, "poi_office": 0, "poi_leisure": 0, "poi_tourism": 0, "population_y": 48000.0, "car_traffic": 25000.0, "foot_traffic": 44000.0, "attractiveness": 0.0, "poi_transport": 3, "attractiveness_updated": 0.3 }, "geometry": { "type": "Point", "coordinates": [ 4338148.052128096111119, 5632515.508193566463888 ] } },
{ "type": "Feature", "properties": { "ID": 50005710, "Address": "улица имени Тургенева, 189", "lat": 45.068086, "long": 38.965297, "population_x": 48000.0, "poi_count": 51, "type": "pvz", "hex_id": 29, "poi_amenity": 0, "poi_shop": 0, "poi_office": 0, "poi_leisure": 0, "poi_tourism": 0, "population_y": 48000.0, "car_traffic": 25000.0, "foot_traffic": 44000.0, "attractiveness": 0.0, "poi_transport": 2, "attractiveness_updated": 0.2 }, "geometry": { "type": "Point", "coordinates": [ 4337597.020648670382798, 5632246.609672516584396 ] } },
{ "type": "Feature", "properties": { "ID": 319606, "Address": "Стахановская улица, 1/5к3", "lat": 45.073725, "long": 38.96677, "population_x": 48000.0, "poi_count": 15, "type": "pvz", "hex_id": 29, "poi_amenity": 0, "poi_shop": 0, "poi_office": 0, "poi_leisure": 0, "poi_tourism": 0, "population_y": 48000.0, "car_traffic": 25000.0, "foot_traffic": 44000.0, "attractiveness": 0.0, "poi_transport": 0, "attractiveness_updated": 0.0 }, "geometry": { "type": "Point", "coordinates": [ 4337760.99425860773772, 5633135.455471399240196 ] } },
{ "type": "Feature", "properties": { "ID": 316252, "Address": "Стахановская улица, 1/5к5", "lat": 45.073025, "long": 38.967893, "population_x": 48000.0, "poi_count": 26, "type": "pvz", "hex_id": 29, "poi_amenity": 0, "poi_shop": 0, "poi_office": 0, "poi_leisure": 0, "poi_tourism": 0, "population_y": 48000.0, "car_traffic": 25000.0, "foot_traffic": 44000.0, "attractiveness": 0.0, "poi_transport": 0, "attractiveness_updated": 0.0 }, "geometry": { "type": "Point", "coordinates": [ 4337886.006046769209206, 5633025.113399455323815 ] } },
{ "type": "Feature", "properties": { "ID": 140352, "Address": "Стахановская улица, 1/5", "lat": 45.073662, "long": 38.969213, "population_x": 48000.0, "poi_count": 25, "type": "pvz", "hex_id": 29, "poi_amenity": 0, "poi_shop": 0, "poi_office": 0, "poi_leisure": 0, "poi_tourism": 0, "population_y": 48000.0, "car_traffic": 25000.0, "foot_traffic": 44000.0, "attractiveness": 0.0, "poi_transport": 0, "attractiveness_updated": 0.0 }, "geometry": { "type": "Point", "coordinates": [ 4338032.947774616070092, 5633125.524629578925669 ] } },
{ "type": "Feature", "properties": { "ID": 320976, "Address": "улица Авиагородок, 8", "lat": 45.07538, "long": 38.973166, "population_x": 48000.0, "poi_count": 26, "type": "pvz", "hex_id": 29, "poi_amenity": 0, "poi_shop": 0, "poi_office": 0, "poi_leisure": 0, "poi_tourism": 0, "population_y": 48000.0, "car_traffic": 25000.0, "foot_traffic": 44000.0, "attractiveness": 0.0, "poi_transport": 2, "attractiveness_updated": 0.2 }, "geometry": { "type": "Point", "coordinates": [ 4338472.993721722625196, 5633396.341031144373119 ] } },
{ "type": "Feature", "properties": { "ID": 139037, "Address": "улица Циолковского, 7", "lat": 45.080402, "long": 38.976732, "population_x": 9500.0, "poi_count": 8, "type": "pvz", "hex_id": 38, "poi_amenity": 0, "poi_shop": 0, "poi_office": 0, "poi_leisure": 0, "poi_tourism": 0, "population_y": 9500.0, "car_traffic": 29000.0, "foot_traffic": 19000.0, "attractiveness": 0.0, "poi_transport": 2, "attractiveness_updated": 0.2 }, "geometry": { "type": "Point", "coordinates": [ 4338869.959025890566409, 5634188.029144955798984 ] } },
{ "type": "Feature", "properties": { "ID": 312535, "Address": "проезд Репина, 5", "lat": 45.075158, "long": 38.976427, "population_x": 48000.0, "poi_count": 39, "type": "pvz", "hex_id": 29, "poi_amenity": 0, "poi_shop": 0, "poi_office": 0, "poi_leisure": 0, "poi_tourism": 0, "population_y": 48000.0, "car_traffic": 25000.0, "foot_traffic": 44000.0, "attractiveness": 0.0, "poi_transport": 0, "attractiveness_updated": 0.0 }, "geometry": { "type": "Point", "coordinates": [ 4338836.006581199355423, 5633361.345671373419464 ] } },
{ "type": "Feature", "properties": { "ID": 212518, "Address": "улица Репина, 5", "lat": 45.074667, "long": 38.977199, "population_x": 48000.0, "poi_count": 42, "type": "pvz", "hex_id": 29, "poi_amenity": 0, "poi_shop": 0, "poi_office": 0, "poi_leisure": 0, "poi_tourism": 0, "population_y": 48000.0, "car_traffic": 25000.0, "foot_traffic": 44000.0, "attractiveness": 0.0, "poi_transport": 0, "attractiveness_updated": 0.0 }, "geometry": { "type": "Point", "coordinates": [ 4338921.945228090509772, 5633283.946507158689201 ] } },
{ "type": "Feature", "properties": { "ID": 309432, "Address": "проезд Репина, 3к1", "lat": 45.073484, "long": 38.97622, "population_x": 48000.0, "poi_count": 41, "type": "pvz", "hex_id": 29, "poi_amenity": 0, "poi_shop": 0, "poi_office": 0, "poi_leisure": 0, "poi_tourism": 0, "population_y": 48000.0, "car_traffic": 25000.0, "foot_traffic": 44000.0, "attractiveness": 0.0, "poi_transport": 0, "attractiveness_updated": 0.0 }, "geometry": { "type": "Point", "coordinates": [ 4338812.963446605019271, 5633097.466119787655771 ] } },
{ "type": "Feature", "properties": { "ID": 50017411, "Address": "проезд Репина, 42", "lat": 45.074088, "long": 38.977568, "population_x": 48000.0, "poi_count": 35, "type": "pvz", "hex_id": 29, "poi_amenity": 0, "poi_shop": 0, "poi_office": 0, "poi_leisure": 0, "poi_tourism": 0, "population_y": 48000.0, "car_traffic": 25000.0, "foot_traffic": 44000.0, "attractiveness": 0.0, "poi_transport": 0, "attractiveness_updated": 0.0 }, "geometry": { "type": "Point", "coordinates": [ 4338963.022120194509625, 5633192.676249450072646 ] } },
{ "type": "Feature", "properties": { "ID": 50016599, "Address": "Стахановская улица, 8", "lat": 45.071211, "long": 38.975008, "population_x": 48000.0, "poi_count": 35, "type": "pvz", "hex_id": 29, "poi_amenity": 0, "poi_shop": 0, "poi_office": 0, "poi_leisure": 0, "poi_tourism": 0, "population_y": 48000.0, "car_traffic": 25000.0, "foot_traffic": 44000.0, "attractiveness": 0.0, "poi_transport": 1, "attractiveness_updated": 0.1 }, "geometry": { "type": "Point", "coordinates": [ 4338678.044223763979971, 5632739.176090684719384 ] } },
{ "type": "Feature", "properties": { "ID": 135247, "Address": "проезд Репина, 22", "lat": 45.074082, "long": 38.980245, "population_x": 25000.0, "poi_count": 33, "type": "pvz", "hex_id": 37, "poi_amenity": 0, "poi_shop": 0, "poi_office": 0, "poi_leisure": 0, "poi_tourism": 0, "population_y": 25000.0, "car_traffic": 39000.0, "foot_traffic": 58000.0, "attractiveness": 0.0, "poi_transport": 0, "attractiveness_updated": 0.0 }, "geometry": { "type": "Point", "coordinates": [ 4339261.024397046305239, 5633191.730448511429131 ] } },
{ "type": "Feature", "properties": { "ID": 300686, "Address": "проезд Репина, 28", "lat": 45.072936, "long": 38.981691, "population_x": 25000.0, "poi_count": 37, "type": "pvz", "hex_id": 37, "poi_amenity": 0, "poi_shop": 0, "poi_office": 0, "poi_leisure": 0, "poi_tourism": 0, "population_y": 25000.0, "car_traffic": 39000.0, "foot_traffic": 58000.0, "attractiveness": 0.0, "poi_transport": 0, "attractiveness_updated": 0.0 }, "geometry": { "type": "Point", "coordinates": [ 4339421.992380735464394, 5633011.084290004335344 ] } },
{ "type": "Feature", "properties": { "ID": 114613, "Address": "Стахановская улица, 24", "lat": 45.071058, "long": 38.979571, "population_x": 25000.0, "poi_count": 68, "type": "pvz", "hex_id": 37, "poi_amenity": 0, "poi_shop": 0, "poi_office": 0, "poi_leisure": 0, "poi_tourism": 0, "population_y": 25000.0, "car_traffic": 39000.0, "foot_traffic": 58000.0, "attractiveness": 0.0, "poi_transport": 1, "attractiveness_updated": 0.1 }, "geometry": { "type": "Point", "coordinates": [ 4339185.995060253888369, 5632715.059411847032607 ] } },
{ "type": "Feature", "properties": { "ID": 158336, "Address": "улица Фёдора Лузана, 10", "lat": 45.068671, "long": 38.97932, "population_x": 25000.0, "poi_count": 65, "type": "pvz", "hex_id": 37, "poi_amenity": 0, "poi_shop": 0, "poi_office": 0, "poi_leisure": 0, "poi_tourism": 0, "population_y": 25000.0, "car_traffic": 39000.0, "foot_traffic": 58000.0, "attractiveness": 0.0, "poi_transport": 1, "attractiveness_updated": 0.1 }, "geometry": { "type": "Point", "coordinates": [ 4339158.053868064656854, 5632338.816057193093002 ] } },
{ "type": "Feature", "properties": { "ID": 216668, "Address": "улица Строителей, 21", "lat": 45.066628, "long": 38.981332, "population_x": 25000.0, "poi_count": 66, "type": "pvz", "hex_id": 37, "poi_amenity": 0, "poi_shop": 0, "poi_office": 0, "poi_leisure": 0, "poi_tourism": 0, "population_y": 25000.0, "car_traffic": 39000.0, "foot_traffic": 58000.0, "attractiveness": 0.0, "poi_transport": 3, "attractiveness_updated": 0.3 }, "geometry": { "type": "Point", "coordinates": [ 4339382.028683541342616, 5632016.807097487151623 ] } },
{ "type": "Feature", "properties": { "ID": 109221, "Address": "улица Шоссе Нефтяников, 37", "lat": 45.064788, "long": 38.980963, "population_x": 25000.0, "poi_count": 32, "type": "pvz", "hex_id": 37, "poi_amenity": 0, "poi_shop": 0, "poi_office": 0, "poi_leisure": 0, "poi_tourism": 0, "population_y": 25000.0, "car_traffic": 39000.0, "foot_traffic": 58000.0, "attractiveness": 0.0, "poi_transport": 3, "attractiveness_updated": 0.3 }, "geometry": { "type": "Point", "coordinates": [ 4339340.951791438274086, 5631726.803983280435205 ] } },
{ "type": "Feature", "properties": { "ID": 50005267, "Address": "улица Шоссе Нефтяников, 18к2", "lat": 45.062986, "long": 38.983236, "population_x": 25000.0, "poi_count": 33, "type": "pvz", "hex_id": 37, "poi_amenity": 0, "poi_shop": 0, "poi_office": 0, "poi_leisure": 0, "poi_tourism": 0, "population_y": 25000.0, "car_traffic": 39000.0, "foot_traffic": 58000.0, "attractiveness": 0.0, "poi_transport": 1, "attractiveness_updated": 0.1 }, "geometry": { "type": "Point", "coordinates": [ 4339593.980994010344148, 5631442.799110777676105 ] } },
{ "type": "Feature", "properties": { "ID": 130288, "Address": "улица имени Дзержинского, 93к6", "lat": 45.064024, "long": 38.974127, "population_x": 39000.0, "poi_count": 31, "type": "pvz", "hex_id": 28, "poi_amenity": 0, "poi_shop": 0, "poi_office": 0, "poi_leisure": 0, "poi_tourism": 0, "population_y": 39000.0, "car_traffic": 51000.0, "foot_traffic": 95000.0, "attractiveness": 0.0, "poi_transport": 1, "attractiveness_updated": 0.1 }, "geometry": { "type": "Point", "coordinates": [ 4338579.971752375364304, 5631606.3923892499879 ] } },
{ "type": "Feature", "properties": { "ID": 164045, "Address": "Зиповская улица, 1", "lat": 45.061726, "long": 38.986632, "population_x": 25000.0, "poi_count": 51, "type": "pvz", "hex_id": 37, "poi_amenity": 0, "poi_shop": 0, "poi_office": 0, "poi_leisure": 0, "poi_tourism": 0, "population_y": 25000.0, "car_traffic": 39000.0, "foot_traffic": 58000.0, "attractiveness": 0.0, "poi_transport": 2, "attractiveness_updated": 0.2 }, "geometry": { "type": "Point", "coordinates": [ 4339972.021984744817019, 5631244.221665512770414 ] } },
{ "type": "Feature", "properties": { "ID": 50008234, "Address": "Офицерская улица, 45", "lat": 45.059625, "long": 38.984673, "population_x": 25000.0, "poi_count": 130, "type": "pvz", "hex_id": 37, "poi_amenity": 0, "poi_shop": 0, "poi_office": 0, "poi_leisure": 0, "poi_tourism": 0, "population_y": 25000.0, "car_traffic": 39000.0, "foot_traffic": 58000.0, "attractiveness": 0.0, "poi_transport": 5, "attractiveness_updated": 0.5 }, "geometry": { "type": "Point", "coordinates": [ 4339753.947102281264961, 5630913.111388127319515 ] } },
{ "type": "Feature", "properties": { "ID": 130288, "Address": "улица имени Дзержинского, 93к6", "lat": 45.064024, "long": 38.974127, "population_x": 39000.0, "poi_count": 31, "type": "pvz", "hex_id": 28, "poi_amenity": 0, "poi_shop": 0, "poi_office": 0, "poi_leisure": 0, "poi_tourism": 0, "population_y": 39000.0, "car_traffic": 51000.0, "foot_traffic": 95000.0, "attractiveness": 0.0, "poi_transport": 1, "attractiveness_updated": 0.1 }, "geometry": { "type": "Point", "coordinates": [ 4338579.971752375364304, 5631606.3923892499879 ] } },
{ "type": "Feature", "properties": { "ID": 306686, "Address": "Красная улица, 176/1", "lat": 45.044922, "long": 38.978718, "population_x": 39000.0, "poi_count": 192, "type": "pvz", "hex_id": 28, "poi_amenity": 0, "poi_shop": 0, "poi_office": 0, "poi_leisure": 0, "poi_tourism": 0, "population_y": 39000.0, "car_traffic": 51000.0, "foot_traffic": 95000.0, "attractiveness": 0.0, "poi_transport": 3, "attractiveness_updated": 0.3 }, "geometry": { "type": "Point", "coordinates": [ 4339091.039534606970847, 5628596.310250839218497 ] } },
{ "type": "Feature", "properties": { "ID": 349561, "Address": "улица Бабушкина, 295", "lat": 45.047208, "long": 38.97437, "population_x": 39000.0, "poi_count": 65, "type": "pvz", "hex_id": 28, "poi_amenity": 0, "poi_shop": 0, "poi_office": 0, "poi_leisure": 0, "poi_tourism": 0, "population_y": 39000.0, "car_traffic": 51000.0, "foot_traffic": 95000.0, "attractiveness": 0.0, "poi_transport": 0, "attractiveness_updated": 0.0 }, "geometry": { "type": "Point", "coordinates": [ 4338607.02238863799721, 5628956.483855685219169 ] } },
{ "type": "Feature", "properties": { "ID": 208111, "Address": "Рашпилевская улица, 144", "lat": 45.049163, "long": 38.976795, "population_x": 39000.0, "poi_count": 112, "type": "pvz", "hex_id": 28, "poi_amenity": 0, "poi_shop": 0, "poi_office": 0, "poi_leisure": 0, "poi_tourism": 0, "population_y": 39000.0, "car_traffic": 51000.0, "foot_traffic": 95000.0, "attractiveness": 0.0, "poi_transport": 0, "attractiveness_updated": 0.0 }, "geometry": { "type": "Point", "coordinates": [ 4338876.972153811715543, 5629264.517758057452738 ] } },
{ "type": "Feature", "properties": { "ID": 127434, "Address": "улица имени П.М. Гаврилова, 60/3", "lat": 45.05236, "long": 38.973768, "population_x": 39000.0, "poi_count": 26, "type": "pvz", "hex_id": 28, "poi_amenity": 0, "poi_shop": 0, "poi_office": 0, "poi_leisure": 0, "poi_tourism": 0, "population_y": 39000.0, "car_traffic": 51000.0, "foot_traffic": 95000.0, "attractiveness": 0.0, "poi_transport": 0, "attractiveness_updated": 0.0 }, "geometry": { "type": "Point", "coordinates": [ 4338540.008055180311203, 5629768.266473779454827 ] } },
{ "type": "Feature", "properties": { "ID": 50006610, "Address": "улица имени П.М. Гаврилова, 93", "lat": 45.053977, "long": 38.978394, "population_x": 39000.0, "poi_count": 123, "type": "pvz", "hex_id": 28, "poi_amenity": 0, "poi_shop": 0, "poi_office": 0, "poi_leisure": 0, "poi_tourism": 0, "population_y": 39000.0, "car_traffic": 51000.0, "foot_traffic": 95000.0, "attractiveness": 0.0, "poi_transport": 1, "attractiveness_updated": 0.1 }, "geometry": { "type": "Point", "coordinates": [ 4339054.972019590437412, 5630023.066585051827133 ] } },
{ "type": "Feature", "properties": { "ID": 215050, "Address": "улица имени Дзержинского, 8", "lat": 45.057428, "long": 38.979158, "population_x": 39000.0, "poi_count": 138, "type": "pvz", "hex_id": 28, "poi_amenity": 0, "poi_shop": 0, "poi_office": 0, "poi_leisure": 0, "poi_tourism": 0, "population_y": 39000.0, "car_traffic": 51000.0, "foot_traffic": 95000.0, "attractiveness": 0.0, "poi_transport": 3, "attractiveness_updated": 0.3 }, "geometry": { "type": "Point", "coordinates": [ 4339140.020110554993153, 5630566.884858578443527 ] } },
{ "type": "Feature", "properties": { "ID": 313972, "Address": "Колхозная улица, 77", "lat": 45.058574, "long": 38.988779, "population_x": 25000.0, "poi_count": 67, "type": "pvz", "hex_id": 37, "poi_amenity": 0, "poi_shop": 0, "poi_office": 0, "poi_leisure": 0, "poi_tourism": 0, "population_y": 25000.0, "car_traffic": 39000.0, "foot_traffic": 58000.0, "attractiveness": 0.0, "poi_transport": 13, "attractiveness_updated": 1.3 }, "geometry": { "type": "Point", "coordinates": [ 4340211.024931477382779, 5630747.48201666213572 ] } },
{ "type": "Feature", "properties": { "ID": 327069, "Address": "Колхозная улица, 63", "lat": 45.055155, "long": 38.989102, "population_x": 25000.0, "poi_count": 37, "type": "pvz", "hex_id": 36, "poi_amenity": 0, "poi_shop": 0, "poi_office": 0, "poi_leisure": 0, "poi_tourism": 0, "population_y": 25000.0, "car_traffic": 41000.0, "foot_traffic": 52000.0, "attractiveness": 0.0, "poi_transport": 5, "attractiveness_updated": 0.5 }, "geometry": { "type": "Point", "coordinates": [ 4340246.981127004139125, 5630208.695444662123919 ] } },
{ "type": "Feature", "properties": { "ID": 313083, "Address": "улица имени П.М. Гаврилова, 100", "lat": 45.053404, "long": 38.984629, "population_x": 39000.0, "poi_count": 97, "type": "pvz", "hex_id": 28, "poi_amenity": 0, "poi_shop": 0, "poi_office": 0, "poi_leisure": 0, "poi_tourism": 0, "population_y": 39000.0, "car_traffic": 51000.0, "foot_traffic": 95000.0, "attractiveness": 0.0, "poi_transport": 5, "attractiveness_updated": 0.5 }, "geometry": { "type": "Point", "coordinates": [ 4339749.049044685438275, 5629932.774812391027808 ] } },
{ "type": "Feature", "properties": { "ID": 50007884, "Address": "улица имени 40-летия Победы, 10", "lat": 45.054359, "long": 38.993432, "population_x": 25000.0, "poi_count": 36, "type": "pvz", "hex_id": 36, "poi_amenity": 0, "poi_shop": 0, "poi_office": 0, "poi_leisure": 0, "poi_tourism": 0, "population_y": 25000.0, "car_traffic": 41000.0, "foot_traffic": 52000.0, "attractiveness": 0.0, "poi_transport": 1, "attractiveness_updated": 0.1 }, "geometry": { "type": "Point", "coordinates": [ 4340728.994522139430046, 5630083.26160276029259 ] } },
{ "type": "Feature", "properties": { "ID": 101224, "Address": "улица Юннатов, 19", "lat": 45.050933, "long": 38.99575, "population_x": 25000.0, "poi_count": 19, "type": "pvz", "hex_id": 36, "poi_amenity": 0, "poi_shop": 0, "poi_office": 0, "poi_leisure": 0, "poi_tourism": 0, "population_y": 25000.0, "car_traffic": 41000.0, "foot_traffic": 52000.0, "attractiveness": 0.0, "poi_transport": 0, "attractiveness_updated": 0.0 }, "geometry": { "type": "Point", "coordinates": [ 4340987.033101798035204, 5629543.411753564141691 ] } },
{ "type": "Feature", "properties": { "ID": 50000763, "Address": "Украинская улица, 15А", "lat": 45.047329, "long": 38.996073, "population_x": 25000.0, "poi_count": 19, "type": "pvz", "hex_id": 36, "poi_amenity": 0, "poi_shop": 0, "poi_office": 0, "poi_leisure": 0, "poi_tourism": 0, "population_y": 25000.0, "car_traffic": 41000.0, "foot_traffic": 52000.0, "attractiveness": 0.0, "poi_transport": 8, "attractiveness_updated": 0.8 }, "geometry": { "type": "Point", "coordinates": [ 4341022.989297324791551, 5628975.54856395535171 ] } },
{ "type": "Feature", "properties": { "ID": 50017787, "Address": "улица Коммунаров, 227", "lat": 45.049259, "long": 38.982814, "population_x": 39000.0, "poi_count": 130, "type": "pvz", "hex_id": 28, "poi_amenity": 0, "poi_shop": 0, "poi_office": 0, "poi_leisure": 0, "poi_tourism": 0, "population_y": 39000.0, "car_traffic": 51000.0, "foot_traffic": 95000.0, "attractiveness": 0.0, "poi_transport": 4, "attractiveness_updated": 0.4 }, "geometry": { "type": "Point", "coordinates": [ 4339547.004168896004558, 5629279.643990695476532 ] } },
{ "type": "Feature", "properties": { "ID": 150043, "Address": "улица Коммунаров, 268/3", "lat": 45.04775, "long": 38.984781, "population_x": 39000.0, "poi_count": 95, "type": "pvz", "hex_id": 28, "poi_amenity": 0, "poi_shop": 0, "poi_office": 0, "poi_leisure": 0, "poi_tourism": 0, "population_y": 39000.0, "car_traffic": 51000.0, "foot_traffic": 95000.0, "attractiveness": 0.0, "poi_transport": 0, "attractiveness_updated": 0.0 }, "geometry": { "type": "Point", "coordinates": [ 4339765.969607286155224, 5629041.881458225660026 ] } },
{ "type": "Feature", "properties": { "ID": 312025, "Address": "Промышленная улица, 19/1", "lat": 45.042139, "long": 38.986892, "population_x": 21000.0, "poi_count": 30, "type": "pvz", "hex_id": 27, "poi_amenity": 0, "poi_shop": 0, "poi_office": 0, "poi_leisure": 0, "poi_tourism": 0, "population_y": 21000.0, "car_traffic": 52000.0, "foot_traffic": 95000.0, "attractiveness": 0.0, "poi_transport": 0, "attractiveness_updated": 0.0 }, "geometry": { "type": "Point", "coordinates": [ 4340000.96505235042423, 5628157.850612139329314 ] } },
{ "type": "Feature", "properties": { "ID": 172245, "Address": "улица Леваневского, 187", "lat": 45.040139, "long": 38.986829, "population_x": 21000.0, "poi_count": 44, "type": "pvz", "hex_id": 27, "poi_amenity": 0, "poi_shop": 0, "poi_office": 0, "poi_leisure": 0, "poi_tourism": 0, "population_y": 21000.0, "car_traffic": 52000.0, "foot_traffic": 95000.0, "attractiveness": 0.0, "poi_transport": 0, "attractiveness_updated": 0.0 }, "geometry": { "type": "Point", "coordinates": [ 4339993.951924431137741, 5627842.765228845179081 ] } },
{ "type": "Feature", "properties": { "ID": 215440, "Address": "Колхозная улица, 5", "lat": 45.044406, "long": 38.993666, "population_x": 25000.0, "poi_count": 19, "type": "pvz", "hex_id": 36, "poi_amenity": 0, "poi_shop": 0, "poi_office": 0, "poi_leisure": 0, "poi_tourism": 0, "population_y": 25000.0, "car_traffic": 41000.0, "foot_traffic": 52000.0, "attractiveness": 0.0, "poi_transport": 0, "attractiveness_updated": 0.0 }, "geometry": { "type": "Point", "coordinates": [ 4340755.043282983824611, 5628515.013212992809713 ] } },
{ "type": "Feature", "properties": { "ID": 114183, "Address": "Садовая улица, 161/2к2", "lat": 45.04254, "long": 38.993594, "population_x": 25000.0, "poi_count": 27, "type": "pvz", "hex_id": 36, "poi_amenity": 0, "poi_shop": 0, "poi_office": 0, "poi_leisure": 0, "poi_tourism": 0, "population_y": 25000.0, "car_traffic": 41000.0, "foot_traffic": 52000.0, "attractiveness": 0.0, "poi_transport": 0, "attractiveness_updated": 0.0 }, "geometry": { "type": "Point", "coordinates": [ 4340747.028279648162425, 5628221.026557100005448 ] } },
{ "type": "Feature", "properties": { "ID": 50016730, "Address": "Садовая улица, 112", "lat": 45.040356, "long": 38.995211, "population_x": 25000.0, "poi_count": 40, "type": "pvz", "hex_id": 36, "poi_amenity": 0, "poi_shop": 0, "poi_office": 0, "poi_leisure": 0, "poi_tourism": 0, "population_y": 25000.0, "car_traffic": 41000.0, "foot_traffic": 52000.0, "attractiveness": 0.0, "poi_transport": 5, "attractiveness_updated": 0.5 }, "geometry": { "type": "Point", "coordinates": [ 4340927.031896259635687, 5627876.951460241340101 ] } },
{ "type": "Feature", "properties": { "ID": 130439, "Address": "Березанская улица, 89", "lat": 45.039929, "long": 38.998606, "population_x": 25000.0, "poi_count": 10, "type": "pvz", "hex_id": 36, "poi_amenity": 0, "poi_shop": 0, "poi_office": 0, "poi_leisure": 0, "poi_tourism": 0, "population_y": 25000.0, "car_traffic": 41000.0, "foot_traffic": 52000.0, "attractiveness": 0.0, "poi_transport": 0, "attractiveness_updated": 0.0 }, "geometry": { "type": "Point", "coordinates": [ 4341304.961567502468824, 5627809.68190255574882 ] } },
{ "type": "Feature", "properties": { "ID": 3090, "Address": "Промышленная улица, 49/2", "lat": 45.038751, "long": 39.003942, "population_x": 25000.0, "poi_count": 12, "type": "pvz", "hex_id": 36, "poi_amenity": 0, "poi_shop": 0, "poi_office": 0, "poi_leisure": 0, "poi_tourism": 0, "population_y": 25000.0, "car_traffic": 41000.0, "foot_traffic": 52000.0, "attractiveness": 0.0, "poi_transport": 0, "attractiveness_updated": 0.0 }, "geometry": { "type": "Point", "coordinates": [ 4341898.962370375171304, 5627624.102447009645402 ] } },
{ "type": "Feature", "properties": { "ID": 335637, "Address": "Передовая улица, 65", "lat": 45.039114, "long": 39.008605, "population_x": 25000.0, "poi_count": 9, "type": "pvz", "hex_id": 36, "poi_amenity": 0, "poi_shop": 0, "poi_office": 0, "poi_leisure": 0, "poi_tourism": 0, "population_y": 25000.0, "car_traffic": 41000.0, "foot_traffic": 52000.0, "attractiveness": 0.0, "poi_transport": 0, "attractiveness_updated": 0.0 }, "geometry": { "type": "Point", "coordinates": [ 4342418.045155945234001, 5627681.28823868278414 ] } },
{ "type": "Feature", "properties": { "ID": 50002697, "Address": "Московская улица, 2к1", "lat": 45.044062, "long": 39.002954, "population_x": 25000.0, "poi_count": 7, "type": "pvz", "hex_id": 36, "poi_amenity": 0, "poi_shop": 0, "poi_office": 0, "poi_leisure": 0, "poi_tourism": 0, "population_y": 25000.0, "car_traffic": 41000.0, "foot_traffic": 52000.0, "attractiveness": 0.0, "poi_transport": 2, "attractiveness_updated": 0.2 }, "geometry": { "type": "Point", "coordinates": [ 4341788.978713473305106, 5628460.815595145337284 ] } },
{ "type": "Feature", "properties": { "ID": 316453, "Address": "микрорайон Любимово, 16", "lat": 45.079091, "long": 39.03868, "population_x": 45000.0, "poi_count": 10, "type": "pvz", "hex_id": 53, "poi_amenity": 0, "poi_shop": 0, "poi_office": 0, "poi_leisure": 0, "poi_tourism": 0, "population_y": 45000.0, "car_traffic": 14000.0, "foot_traffic": 25000.0, "attractiveness": 0.0, "poi_transport": 0, "attractiveness_updated": 0.0 }, "geometry": { "type": "Point", "coordinates": [ 4345765.978841552510858, 5633981.351163775660098 ] } },
{ "type": "Feature", "properties": { "ID": 210485, "Address": "микрорайон Любимово, 16/1", "lat": 45.078194, "long": 39.038671, "population_x": 45000.0, "poi_count": 16, "type": "pvz", "hex_id": 53, "poi_amenity": 0, "poi_shop": 0, "poi_office": 0, "poi_leisure": 0, "poi_tourism": 0, "population_y": 45000.0, "car_traffic": 14000.0, "foot_traffic": 25000.0, "attractiveness": 0.0, "poi_transport": 0, "attractiveness_updated": 0.0 }, "geometry": { "type": "Point", "coordinates": [ 4345764.976966136135161, 5633839.942645788192749 ] } },
{ "type": "Feature", "properties": { "ID": 311572, "Address": "улица имени Героя Николая Шевелёва, 17", "lat": 45.077175, "long": 39.038411, "population_x": 45000.0, "poi_count": 26, "type": "pvz", "hex_id": 53, "poi_amenity": 0, "poi_shop": 0, "poi_office": 0, "poi_leisure": 0, "poi_tourism": 0, "population_y": 45000.0, "car_traffic": 14000.0, "foot_traffic": 25000.0, "attractiveness": 0.0, "poi_transport": 0, "attractiveness_updated": 0.0 }, "geometry": { "type": "Point", "coordinates": [ 4345736.033898529596627, 5633679.304001466371119 ] } },
{ "type": "Feature", "properties": { "ID": 50012866, "Address": "Боспорская улица, 12", "lat": 45.076532, "long": 39.036704, "population_x": 45000.0, "poi_count": 25, "type": "pvz", "hex_id": 53, "poi_amenity": 0, "poi_shop": 0, "poi_office": 0, "poi_leisure": 0, "poi_tourism": 0, "population_y": 45000.0, "car_traffic": 14000.0, "foot_traffic": 25000.0, "attractiveness": 0.0, "poi_transport": 0, "attractiveness_updated": 0.0 }, "geometry": { "type": "Point", "coordinates": [ 4345546.011527745984495, 5633577.940756944939494 ] } },
{ "type": "Feature", "properties": { "ID": 161349, "Address": "улица имени Героя Николая Шевелёва, 5", "lat": 45.075177, "long": 39.038456, "population_x": 45000.0, "poi_count": 43, "type": "pvz", "hex_id": 53, "poi_amenity": 0, "poi_shop": 0, "poi_office": 0, "poi_leisure": 0, "poi_tourism": 0, "population_y": 45000.0, "car_traffic": 14000.0, "foot_traffic": 25000.0, "attractiveness": 0.0, "poi_transport": 0, "attractiveness_updated": 0.0 }, "geometry": { "type": "Point", "coordinates": [ 4345741.0432756152004, 5633364.340764410793781 ] } },
{ "type": "Feature", "properties": { "ID": 127390, "Address": "Боспорская улица, 8", "lat": 45.075145, "long": 39.036659, "population_x": 45000.0, "poi_count": 32, "type": "pvz", "hex_id": 53, "poi_amenity": 0, "poi_shop": 0, "poi_office": 0, "poi_leisure": 0, "poi_tourism": 0, "population_y": 45000.0, "car_traffic": 14000.0, "foot_traffic": 25000.0, "attractiveness": 0.0, "poi_transport": 0, "attractiveness_updated": 0.0 }, "geometry": { "type": "Point", "coordinates": [ 4345541.002150660380721, 5633359.296397761441767 ] } },
{ "type": "Feature", "properties": { "ID": 306761, "Address": "микрорайон Любимово, 18", "lat": 45.079091, "long": 39.043324, "population_x": 45000.0, "poi_count": 10, "type": "pvz", "hex_id": 53, "poi_amenity": 0, "poi_shop": 0, "poi_office": 0, "poi_leisure": 0, "poi_tourism": 0, "population_y": 45000.0, "car_traffic": 14000.0, "foot_traffic": 25000.0, "attractiveness": 0.0, "poi_transport": 0, "attractiveness_updated": 0.0 }, "geometry": { "type": "Point", "coordinates": [ 4346282.94655679538846, 5633981.351163775660098 ] } },
{ "type": "Feature", "properties": { "ID": 50015544, "Address": "микрорайон Любимово, 18", "lat": 45.079091, "long": 39.043324, "population_x": 45000.0, "poi_count": 10, "type": "pvz", "hex_id": 53, "poi_amenity": 0, "poi_shop": 0, "poi_office": 0, "poi_leisure": 0, "poi_tourism": 0, "population_y": 45000.0, "car_traffic": 14000.0, "foot_traffic": 25000.0, "attractiveness": 0.0, "poi_transport": 0, "attractiveness_updated": 0.0 }, "geometry": { "type": "Point", "coordinates": [ 4346282.94655679538846, 5633981.351163775660098 ] } },
{ "type": "Feature", "properties": { "ID": 309346, "Address": "улица имени Героя Георгия Бочарникова, 14/1", "lat": 45.076774, "long": 39.043711, "population_x": 45000.0, "poi_count": 14, "type": "pvz", "hex_id": 53, "poi_amenity": 0, "poi_shop": 0, "poi_office": 0, "poi_leisure": 0, "poi_tourism": 0, "population_y": 45000.0, "car_traffic": 14000.0, "foot_traffic": 25000.0, "attractiveness": 0.0, "poi_transport": 0, "attractiveness_updated": 0.0 }, "geometry": { "type": "Point", "coordinates": [ 4346326.027199734002352, 5633616.089775768108666 ] } },
{ "type": "Feature", "properties": { "ID": 212022, "Address": "улица имени Героя Георгия Бочарникова, 12/2", "lat": 45.076119, "long": 39.043639, "population_x": 45000.0, "poi_count": 17, "type": "pvz", "hex_id": 53, "poi_amenity": 0, "poi_shop": 0, "poi_office": 0, "poi_leisure": 0, "poi_tourism": 0, "population_y": 45000.0, "car_traffic": 14000.0, "foot_traffic": 25000.0, "attractiveness": 0.0, "poi_transport": 0, "attractiveness_updated": 0.0 }, "geometry": { "type": "Point", "coordinates": [ 4346318.012196397408843, 5633512.835573160089552 ] } },
{ "type": "Feature", "properties": { "ID": 307327, "Address": "улица имени Героя Георгия Бочарникова, 8/1", "lat": 45.074967, "long": 39.042821, "population_x": 45000.0, "poi_count": 23, "type": "pvz", "hex_id": 53, "poi_amenity": 0, "poi_shop": 0, "poi_office": 0, "poi_leisure": 0, "poi_tourism": 0, "population_y": 45000.0, "car_traffic": 14000.0, "foot_traffic": 25000.0, "attractiveness": 0.0, "poi_transport": 0, "attractiveness_updated": 0.0 }, "geometry": { "type": "Point", "coordinates": [ 4346226.952852928079665, 5633331.237159828655422 ] } },
{ "type": "Feature", "properties": { "ID": 311374, "Address": "улица имени Героя Георгия Бочарникова, 4к2", "lat": 45.073891, "long": 39.042723, "population_x": 45000.0, "poi_count": 27, "type": "pvz", "hex_id": 53, "poi_amenity": 0, "poi_shop": 0, "poi_office": 0, "poi_leisure": 0, "poi_tourism": 0, "population_y": 45000.0, "car_traffic": 14000.0, "foot_traffic": 25000.0, "attractiveness": 0.0, "poi_transport": 0, "attractiveness_updated": 0.0 }, "geometry": { "type": "Point", "coordinates": [ 4346216.043542831204832, 5633161.622503865510225 ] } },
{ "type": "Feature", "properties": { "ID": 161349, "Address": "улица имени Героя Николая Шевелёва, 5", "lat": 45.075177, "long": 39.038456, "population_x": 45000.0, "poi_count": 43, "type": "pvz", "hex_id": 53, "poi_amenity": 0, "poi_shop": 0, "poi_office": 0, "poi_leisure": 0, "poi_tourism": 0, "population_y": 45000.0, "car_traffic": 14000.0, "foot_traffic": 25000.0, "attractiveness": 0.0, "poi_transport": 0, "attractiveness_updated": 0.0 }, "geometry": { "type": "Point", "coordinates": [ 4345741.0432756152004, 5633364.340764410793781 ] } },
{ "type": "Feature", "properties": { "ID": 211003, "Address": "улица им. Героя Яцкова И.В., 1/10\n", "lat": 45.073846, "long": 39.040764, "population_x": 45000.0, "poi_count": 58, "type": "pvz", "hex_id": 53, "poi_amenity": 0, "poi_shop": 0, "poi_office": 0, "poi_leisure": 0, "poi_tourism": 0, "population_y": 45000.0, "car_traffic": 14000.0, "foot_traffic": 25000.0, "attractiveness": 0.0, "poi_transport": 1, "attractiveness_updated": 0.1 }, "geometry": { "type": "Point", "coordinates": [ 4345997.968660366721451, 5633154.529023698531091 ] } },
{ "type": "Feature", "properties": { "ID": 50015044, "Address": "улица имени Героя Георгия Бочарникова, 3", "lat": 45.072834, "long": 39.040234, "population_x": 45000.0, "poi_count": 68, "type": "pvz", "hex_id": 53, "poi_amenity": 0, "poi_shop": 0, "poi_office": 0, "poi_leisure": 0, "poi_tourism": 0, "population_y": 45000.0, "car_traffic": 14000.0, "foot_traffic": 25000.0, "attractiveness": 0.0, "poi_transport": 1, "attractiveness_updated": 0.1 }, "geometry": { "type": "Point", "coordinates": [ 4345938.969330245628953, 5632995.006011660210788 ] } },
{ "type": "Feature", "properties": { "ID": 50011632, "Address": "Домбайская улица, 63", "lat": 45.073165, "long": 39.038501, "population_x": 45000.0, "poi_count": 67, "type": "pvz", "hex_id": 53, "poi_amenity": 0, "poi_shop": 0, "poi_office": 0, "poi_leisure": 0, "poi_tourism": 0, "population_y": 45000.0, "car_traffic": 14000.0, "foot_traffic": 25000.0, "attractiveness": 0.0, "poi_transport": 1, "attractiveness_updated": 0.1 }, "geometry": { "type": "Point", "coordinates": [ 4345746.052652700804174, 5633047.18170571886003 ] } },
{ "type": "Feature", "properties": { "ID": 127750, "Address": "Боспорская улица, 2", "lat": 45.073375, "long": 39.036713, "population_x": 45000.0, "poi_count": 49, "type": "pvz", "hex_id": 53, "poi_amenity": 0, "poi_shop": 0, "poi_office": 0, "poi_leisure": 0, "poi_tourism": 0, "population_y": 45000.0, "car_traffic": 14000.0, "foot_traffic": 25000.0, "attractiveness": 0.0, "poi_transport": 3, "attractiveness_updated": 0.3 }, "geometry": { "type": "Point", "coordinates": [ 4345547.013403162360191, 5633080.284266483969986 ] } },
{ "type": "Feature", "properties": { "ID": 50016159, "Address": "Домбайская улица, 55", "lat": 45.072802, "long": 39.03594, "population_x": 45000.0, "poi_count": 46, "type": "pvz", "hex_id": 53, "poi_amenity": 0, "poi_shop": 0, "poi_office": 0, "poi_leisure": 0, "poi_tourism": 0, "population_y": 45000.0, "car_traffic": 14000.0, "foot_traffic": 25000.0, "attractiveness": 0.0, "poi_transport": 4, "attractiveness_updated": 0.4 }, "geometry": { "type": "Point", "coordinates": [ 4345460.963436779566109, 5632989.961851823143661 ] } },
{ "type": "Feature", "properties": { "ID": 209219, "Address": "Домбайская улица, 55к3", "lat": 45.071841, "long": 39.035886, "population_x": 45000.0, "poi_count": 73, "type": "pvz", "hex_id": 53, "poi_amenity": 0, "poi_shop": 0, "poi_office": 0, "poi_leisure": 0, "poi_tourism": 0, "population_y": 45000.0, "car_traffic": 14000.0, "foot_traffic": 25000.0, "attractiveness": 0.0, "poi_transport": 4, "attractiveness_updated": 0.4 }, "geometry": { "type": "Point", "coordinates": [ 4345454.952184276655316, 5632838.48074259608984 ] } },
{ "type": "Feature", "properties": { "ID": 3196, "Address": "улица им. Героя Яцкова И.В., 9к3", "lat": 45.070867, "long": 39.038114, "population_x": 45000.0, "poi_count": 101, "type": "pvz", "hex_id": 53, "poi_amenity": 0, "poi_shop": 0, "poi_office": 0, "poi_leisure": 0, "poi_tourism": 0, "population_y": 45000.0, "car_traffic": 14000.0, "foot_traffic": 25000.0, "attractiveness": 0.0, "poi_transport": 1, "attractiveness_updated": 0.1 }, "geometry": { "type": "Point", "coordinates": [ 4345702.972009764052927, 5632684.953060244210064 ] } },
{ "type": "Feature", "properties": { "ID": 147663, "Address": "улица им. Героя Яцкова И.В., 15к1", "lat": 45.070848, "long": 39.039066, "population_x": 45000.0, "poi_count": 101, "type": "pvz", "hex_id": 53, "poi_amenity": 0, "poi_shop": 0, "poi_office": 0, "poi_leisure": 0, "poi_tourism": 0, "population_y": 45000.0, "car_traffic": 14000.0, "foot_traffic": 25000.0, "attractiveness": 0.0, "poi_transport": 2, "attractiveness_updated": 0.2 }, "geometry": { "type": "Point", "coordinates": [ 4345808.948164998553693, 5632681.958193073049188 ] } },
{ "type": "Feature", "properties": { "ID": 212422, "Address": "улица им. Героя Яцкова И.В., 15к2", "lat": 45.070855, "long": 39.040135, "population_x": 45000.0, "poi_count": 93, "type": "pvz", "hex_id": 53, "poi_amenity": 0, "poi_shop": 0, "poi_office": 0, "poi_leisure": 0, "poi_tourism": 0, "population_y": 45000.0, "car_traffic": 14000.0, "foot_traffic": 25000.0, "attractiveness": 0.0, "poi_transport": 1, "attractiveness_updated": 0.1 }, "geometry": { "type": "Point", "coordinates": [ 4345927.948700656183064, 5632683.061565074138343 ] } },
{ "type": "Feature", "properties": { "ID": 50007531, "Address": "улица им. Героя Яцкова И.В., 17к1", "lat": 45.070982, "long": 39.040692, "population_x": 45000.0, "poi_count": 96, "type": "pvz", "hex_id": 53, "poi_amenity": 0, "poi_shop": 0, "poi_office": 0, "poi_leisure": 0, "poi_tourism": 0, "population_y": 45000.0, "car_traffic": 14000.0, "foot_traffic": 25000.0, "attractiveness": 0.0, "poi_transport": 1, "attractiveness_updated": 0.1 }, "geometry": { "type": "Point", "coordinates": [ 4345989.953657028265297, 5632703.079909108579159 ] } },
{ "type": "Feature", "properties": { "ID": 215390, "Address": "улица им. Героя Яцкова И.В., 19к1", "lat": 45.070065, "long": 39.041474, "population_x": 45000.0, "poi_count": 74, "type": "pvz", "hex_id": 53, "poi_amenity": 0, "poi_shop": 0, "poi_office": 0, "poi_leisure": 0, "poi_tourism": 0, "population_y": 45000.0, "car_traffic": 14000.0, "foot_traffic": 25000.0, "attractiveness": 0.0, "poi_transport": 1, "attractiveness_updated": 0.1 }, "geometry": { "type": "Point", "coordinates": [ 4346077.005498829297721, 5632558.539006643928587 ] } },
{ "type": "Feature", "properties": { "ID": 308828, "Address": "улица им. Героя Яцкова И.В., 19к2", "lat": 45.070969, "long": 39.042588, "population_x": 45000.0, "poi_count": 44, "type": "pvz", "hex_id": 53, "poi_amenity": 0, "poi_shop": 0, "poi_office": 0, "poi_leisure": 0, "poi_tourism": 0, "population_y": 45000.0, "car_traffic": 14000.0, "foot_traffic": 25000.0, "attractiveness": 0.0, "poi_transport": 0, "attractiveness_updated": 0.0 }, "geometry": { "type": "Point", "coordinates": [ 4346201.015411573462188, 5632701.030785231851041 ] } },
{ "type": "Feature", "properties": { "ID": 50007876, "Address": "Константиновская улица, 5", "lat": 45.072777, "long": 39.0499, "population_x": 45000.0, "poi_count": 0, "type": "pvz", "hex_id": 53, "poi_amenity": 0, "poi_shop": 0, "poi_office": 0, "poi_leisure": 0, "poi_tourism": 0, "population_y": 45000.0, "car_traffic": 14000.0, "foot_traffic": 25000.0, "attractiveness": 0.0, "poi_transport": 0, "attractiveness_updated": 0.0 }, "geometry": { "type": "Point", "coordinates": [ 4347014.983528253622353, 5632986.021103910170496 ] } },
{ "type": "Feature", "properties": { "ID": 50005821, "Address": "улица Генерал-лейтенанта Александра Сапрунова, 37к1сА", "lat": 45.070027, "long": 39.069654, "population_x": 6500.0, "poi_count": 4, "type": "pvz", "hex_id": 60, "poi_amenity": 0, "poi_shop": 0, "poi_office": 0, "poi_leisure": 0, "poi_tourism": 0, "population_y": 6500.0, "car_traffic": 2400.0, "foot_traffic": 2200.0, "attractiveness": 0.0, "poi_transport": 0, "attractiveness_updated": 0.0 }, "geometry": { "type": "Point", "coordinates": [ 4349213.988749383948743, 5632552.54935734346509 ] } },
{ "type": "Feature", "properties": { "ID": 50022734, "Address": "улица имени 75-летия Победы, 26/1", "lat": 45.071529, "long": 39.069627, "population_x": 6500.0, "poi_count": 4, "type": "pvz", "hex_id": 60, "poi_amenity": 0, "poi_shop": 0, "poi_office": 0, "poi_leisure": 0, "poi_tourism": 0, "population_y": 6500.0, "car_traffic": 2400.0, "foot_traffic": 2200.0, "attractiveness": 0.0, "poi_transport": 0, "attractiveness_updated": 0.0 }, "geometry": { "type": "Point", "coordinates": [ 4349210.983123132959008, 5632789.301159116439521 ] } },
{ "type": "Feature", "properties": { "ID": 50008516, "Address": "улица имени 75-летия Победы, 26/1", "lat": 45.070174, "long": 39.066851, "population_x": 6500.0, "poi_count": 4, "type": "pvz", "hex_id": 60, "poi_amenity": 0, "poi_shop": 0, "poi_office": 0, "poi_leisure": 0, "poi_tourism": 0, "population_y": 6500.0, "car_traffic": 2400.0, "foot_traffic": 2200.0, "attractiveness": 0.0, "poi_transport": 0, "attractiveness_updated": 0.0 }, "geometry": { "type": "Point", "coordinates": [ 4348901.960216691717505, 5632575.719864881597459 ] } },
{ "type": "Feature", "properties": { "ID": 308733, "Address": "улица имени Героя Советского Союза Дмитрия Мирошниченко, 41", "lat": 45.066335, "long": 39.06386, "population_x": 18000.0, "poi_count": 2, "type": "pvz", "hex_id": 52, "poi_amenity": 0, "poi_shop": 0, "poi_office": 0, "poi_leisure": 0, "poi_tourism": 0, "population_y": 18000.0, "car_traffic": 9500.0, "foot_traffic": 14000.0, "attractiveness": 0.0, "poi_transport": 0, "attractiveness_updated": 0.0 }, "geometry": { "type": "Point", "coordinates": [ 4348569.003619726747274, 5631970.626628885045648 ] } },
{ "type": "Feature", "properties": { "ID": 50005386, "Address": "улица Генерал-лейтенанта Александра Сапрунова, 13", "lat": 45.065864, "long": 39.06183, "population_x": 18000.0, "poi_count": 3, "type": "pvz", "hex_id": 52, "poi_amenity": 0, "poi_shop": 0, "poi_office": 0, "poi_leisure": 0, "poi_tourism": 0, "population_y": 18000.0, "car_traffic": 9500.0, "foot_traffic": 14000.0, "attractiveness": 0.0, "poi_transport": 2, "attractiveness_updated": 0.2 }, "geometry": { "type": "Point", "coordinates": [ 4348343.025053417310119, 5631896.391627660952508 ] } },
{ "type": "Feature", "properties": { "ID": 323014, "Address": "улица имени Героя Советского Союза Якова Кобзаря, 2", "lat": 45.06454, "long": 39.060078, "population_x": 18000.0, "poi_count": 3, "type": "pvz", "hex_id": 52, "poi_amenity": 0, "poi_shop": 0, "poi_office": 0, "poi_leisure": 0, "poi_tourism": 0, "population_y": 18000.0, "car_traffic": 9500.0, "foot_traffic": 14000.0, "attractiveness": 0.0, "poi_transport": 2, "attractiveness_updated": 0.2 }, "geometry": { "type": "Point", "coordinates": [ 4348147.99330554716289, 5631687.717320858500898 ] } },
{ "type": "Feature", "properties": { "ID": 215599, "Address": "улица имени Героя Советского Союза Якова Кобзаря, 1", "lat": 45.064304, "long": 39.058497, "population_x": 18000.0, "poi_count": 3, "type": "pvz", "hex_id": 52, "poi_amenity": 0, "poi_shop": 0, "poi_office": 0, "poi_leisure": 0, "poi_tourism": 0, "population_y": 18000.0, "car_traffic": 9500.0, "foot_traffic": 14000.0, "attractiveness": 0.0, "poi_transport": 0, "attractiveness_updated": 0.0 }, "geometry": { "type": "Point", "coordinates": [ 4347971.997190603986382, 5631650.522106010466814 ] } },
{ "type": "Feature", "properties": { "ID": 160807, "Address": "улица имени Героя Советского Союза Николая Воробьёва, 11", "lat": 45.062095, "long": 39.056629, "population_x": 18000.0, "poi_count": 2, "type": "pvz", "hex_id": 52, "poi_amenity": 0, "poi_shop": 0, "poi_office": 0, "poi_leisure": 0, "poi_tourism": 0, "population_y": 18000.0, "car_traffic": 9500.0, "foot_traffic": 14000.0, "attractiveness": 0.0, "poi_transport": 2, "attractiveness_updated": 0.2 }, "geometry": { "type": "Point", "coordinates": [ 4347764.052381802350283, 5631302.376035605557263 ] } },
{ "type": "Feature", "properties": { "ID": 163510, "Address": "улица имени Героя Советского Союза Николая Воробьёва, 9", "lat": 45.062534, "long": 39.055883, "population_x": 18000.0, "poi_count": 2, "type": "pvz", "hex_id": 52, "poi_amenity": 0, "poi_shop": 0, "poi_office": 0, "poi_leisure": 0, "poi_tourism": 0, "population_y": 18000.0, "car_traffic": 9500.0, "foot_traffic": 14000.0, "attractiveness": 0.0, "poi_transport": 2, "attractiveness_updated": 0.2 }, "geometry": { "type": "Point", "coordinates": [ 4347681.00804166868329, 5631371.562888928689063 ] } },
{ "type": "Feature", "properties": { "ID": 50006280, "Address": "Лиственная улица, 2/6", "lat": 45.058644, "long": 39.048687, "population_x": 18000.0, "poi_count": 1, "type": "pvz", "hex_id": 52, "poi_amenity": 0, "poi_shop": 0, "poi_office": 0, "poi_leisure": 0, "poi_tourism": 0, "population_y": 18000.0, "car_traffic": 9500.0, "foot_traffic": 14000.0, "attractiveness": 0.0, "poi_transport": 0, "attractiveness_updated": 0.0 }, "geometry": { "type": "Point", "coordinates": [ 4346879.95298592094332, 5630758.513373983092606 ] } },
{ "type": "Feature", "properties": { "ID": 314947, "Address": "улица Генерала Трошева, 11", "lat": 45.052258, "long": 39.0423, "population_x": 25000.0, "poi_count": 8, "type": "pvz", "hex_id": 43, "poi_amenity": 0, "poi_shop": 0, "poi_office": 0, "poi_leisure": 0, "poi_tourism": 0, "population_y": 25000.0, "car_traffic": 42000.0, "foot_traffic": 41000.0, "attractiveness": 0.0, "poi_transport": 0, "attractiveness_updated": 0.0 }, "geometry": { "type": "Point", "coordinates": [ 4346168.955398224294186, 5629752.193981039337814 ] } },
{ "type": "Feature", "properties": { "ID": 315195, "Address": "улица Героя Владислава Посадского, 28", "lat": 45.054366, "long": 39.04027, "population_x": 18000.0, "poi_count": 23, "type": "pvz", "hex_id": 52, "poi_amenity": 0, "poi_shop": 0, "poi_office": 0, "poi_leisure": 0, "poi_tourism": 0, "population_y": 18000.0, "car_traffic": 9500.0, "foot_traffic": 14000.0, "attractiveness": 0.0, "poi_transport": 0, "attractiveness_updated": 0.0 }, "geometry": { "type": "Point", "coordinates": [ 4345942.976831913925707, 5630084.364656575955451 ] } },
{ "type": "Feature", "properties": { "ID": 162108, "Address": "улица имени 40-летия Победы, 188", "lat": 45.055849, "long": 39.041088, "population_x": 18000.0, "poi_count": 19, "type": "pvz", "hex_id": 52, "poi_amenity": 0, "poi_shop": 0, "poi_office": 0, "poi_leisure": 0, "poi_tourism": 0, "population_y": 18000.0, "car_traffic": 9500.0, "foot_traffic": 14000.0, "attractiveness": 0.0, "poi_transport": 3, "attractiveness_updated": 0.3 }, "geometry": { "type": "Point", "coordinates": [ 4346034.036175383254886, 5630318.057530550286174 ] } },
{ "type": "Feature", "properties": { "ID": 320500, "Address": "улица имени 40-летия Победы, 143", "lat": 45.056753, "long": 39.03815, "population_x": 18000.0, "poi_count": 41, "type": "pvz", "hex_id": 52, "poi_amenity": 0, "poi_shop": 0, "poi_office": 0, "poi_leisure": 0, "poi_tourism": 0, "population_y": 18000.0, "car_traffic": 9500.0, "foot_traffic": 14000.0, "attractiveness": 0.0, "poi_transport": 4, "attractiveness_updated": 0.4 }, "geometry": { "type": "Point", "coordinates": [ 4345706.979511432349682, 5630460.513880711980164 ] } },
{ "type": "Feature", "properties": { "ID": 50014582, "Address": "улица Героя Владислава Посадского, 17к1", "lat": 45.052016, "long": 39.038312, "population_x": 25000.0, "poi_count": 14, "type": "pvz", "hex_id": 43, "poi_amenity": 0, "poi_shop": 0, "poi_office": 0, "poi_leisure": 0, "poi_tourism": 0, "population_y": 25000.0, "car_traffic": 42000.0, "foot_traffic": 41000.0, "attractiveness": 0.0, "poi_transport": 0, "attractiveness_updated": 0.0 }, "geometry": { "type": "Point", "coordinates": [ 4345725.01326894108206, 5629714.061318832449615 ] } },
{ "type": "Feature", "properties": { "ID": 218396, "Address": "улица имени 40-летия Победы, 184к1", "lat": 45.055066, "long": 39.035491, "population_x": 25000.0, "poi_count": 55, "type": "pvz", "hex_id": 43, "poi_amenity": 0, "poi_shop": 0, "poi_office": 0, "poi_leisure": 0, "poi_tourism": 0, "population_y": 25000.0, "car_traffic": 42000.0, "foot_traffic": 41000.0, "attractiveness": 0.0, "poi_transport": 2, "attractiveness_updated": 0.2 }, "geometry": { "type": "Point", "coordinates": [ 4345410.980985413305461, 5630194.670719865709543 ] } },
{ "type": "Feature", "properties": { "ID": 50007243, "Address": "улица Героев-Разведчиков, 6к1", "lat": 45.04775, "long": 39.034368, "population_x": 25000.0, "poi_count": 44, "type": "pvz", "hex_id": 43, "poi_amenity": 0, "poi_shop": 0, "poi_office": 0, "poi_leisure": 0, "poi_tourism": 0, "population_y": 25000.0, "car_traffic": 42000.0, "foot_traffic": 41000.0, "attractiveness": 0.0, "poi_transport": 0, "attractiveness_updated": 0.0 }, "geometry": { "type": "Point", "coordinates": [ 4345285.969197252765298, 5629041.881458225660026 ] } },
{ "type": "Feature", "properties": { "ID": 144597, "Address": "улица имени Жлобы, 139", "lat": 45.046571, "long": 39.030847, "population_x": 25000.0, "poi_count": 97, "type": "pvz", "hex_id": 43, "poi_amenity": 0, "poi_shop": 0, "poi_office": 0, "poi_leisure": 0, "poi_tourism": 0, "population_y": 25000.0, "car_traffic": 42000.0, "foot_traffic": 41000.0, "attractiveness": 0.0, "poi_transport": 0, "attractiveness_updated": 0.0 }, "geometry": { "type": "Point", "coordinates": [ 4344894.013270169496536, 5628856.119073014706373 ] } },
{ "type": "Feature", "properties": { "ID": 159616, "Address": "Восточно-Кругликовская улица, 22/2", "lat": 45.047775, "long": 39.02914, "population_x": 25000.0, "poi_count": 101, "type": "pvz", "hex_id": 43, "poi_amenity": 0, "poi_shop": 0, "poi_office": 0, "poi_leisure": 0, "poi_tourism": 0, "population_y": 25000.0, "car_traffic": 42000.0, "foot_traffic": 41000.0, "attractiveness": 0.0, "poi_transport": 1, "attractiveness_updated": 0.1 }, "geometry": { "type": "Point", "coordinates": [ 4344703.990899384021759, 5629045.820481554605067 ] } },
{ "type": "Feature", "properties": { "ID": 50006544, "Address": "Восточно-Кругликовская улица, 22", "lat": 45.047762, "long": 39.027334, "population_x": 25000.0, "poi_count": 100, "type": "pvz", "hex_id": 43, "poi_amenity": 0, "poi_shop": 0, "poi_office": 0, "poi_leisure": 0, "poi_tourism": 0, "population_y": 25000.0, "car_traffic": 42000.0, "foot_traffic": 41000.0, "attractiveness": 0.0, "poi_transport": 2, "attractiveness_updated": 0.2 }, "geometry": { "type": "Point", "coordinates": [ 4344502.947899012826383, 5629043.77218920737505 ] } },
{ "type": "Feature", "properties": { "ID": 50014990, "Address": "Восточно-Кругликовская улица, 26", "lat": 45.049029, "long": 39.028107, "population_x": 25000.0, "poi_count": 91, "type": "pvz", "hex_id": 43, "poi_amenity": 0, "poi_shop": 0, "poi_office": 0, "poi_leisure": 0, "poi_tourism": 0, "population_y": 25000.0, "car_traffic": 42000.0, "foot_traffic": 41000.0, "attractiveness": 0.0, "poi_transport": 2, "attractiveness_updated": 0.2 }, "geometry": { "type": "Point", "coordinates": [ 4344588.997865395620465, 5629243.404100785031915 ] } },
{ "type": "Feature", "properties": { "ID": 102332, "Address": "Восточно-Кругликовская улица, 28", "lat": 45.04908, "long": 39.029499, "population_x": 25000.0, "poi_count": 104, "type": "pvz", "hex_id": 43, "poi_amenity": 0, "poi_shop": 0, "poi_office": 0, "poi_leisure": 0, "poi_tourism": 0, "population_y": 25000.0, "car_traffic": 42000.0, "foot_traffic": 41000.0, "attractiveness": 0.0, "poi_transport": 0, "attractiveness_updated": 0.0 }, "geometry": { "type": "Point", "coordinates": [ 4344743.954596580006182, 5629251.439889885485172 ] } },
{ "type": "Feature", "properties": { "ID": 50019620, "Address": "Восточно-Кругликовская улица, 28/2", "lat": 45.049087, "long": 39.030892, "population_x": 25000.0, "poi_count": 93, "type": "pvz", "hex_id": 43, "poi_amenity": 0, "poi_shop": 0, "poi_office": 0, "poi_leisure": 0, "poi_tourism": 0, "population_y": 25000.0, "car_traffic": 42000.0, "foot_traffic": 41000.0, "attractiveness": 0.0, "poi_transport": 0, "attractiveness_updated": 0.0 }, "geometry": { "type": "Point", "coordinates": [ 4344899.02264725510031, 5629252.542841889895499 ] } },
{ "type": "Feature", "properties": { "ID": 304381, "Address": "Восточно-Кругликовская улица, 28/3", "lat": 45.048221, "long": 39.0317, "population_x": 25000.0, "poi_count": 81, "type": "pvz", "hex_id": 43, "poi_amenity": 0, "poi_shop": 0, "poi_office": 0, "poi_leisure": 0, "poi_tourism": 0, "population_y": 25000.0, "car_traffic": 42000.0, "foot_traffic": 41000.0, "attractiveness": 0.0, "poi_transport": 0, "attractiveness_updated": 0.0 }, "geometry": { "type": "Point", "coordinates": [ 4344988.968795816414058, 5629116.092947076074779 ] } },
{ "type": "Feature", "properties": { "ID": 50007243, "Address": "улица Героев-Разведчиков, 6к1", "lat": 45.04775, "long": 39.034368, "population_x": 25000.0, "poi_count": 44, "type": "pvz", "hex_id": 43, "poi_amenity": 0, "poi_shop": 0, "poi_office": 0, "poi_leisure": 0, "poi_tourism": 0, "population_y": 25000.0, "car_traffic": 42000.0, "foot_traffic": 41000.0, "attractiveness": 0.0, "poi_transport": 0, "attractiveness_updated": 0.0 }, "geometry": { "type": "Point", "coordinates": [ 4345285.969197252765298, 5629041.881458225660026 ] } },
{ "type": "Feature", "properties": { "ID": 215971, "Address": "Восточно-Кругликовская улица, 30/2", "lat": 45.049864, "long": 39.031242, "population_x": 25000.0, "poi_count": 80, "type": "pvz", "hex_id": 43, "poi_amenity": 0, "poi_shop": 0, "poi_office": 0, "poi_leisure": 0, "poi_tourism": 0, "population_y": 25000.0, "car_traffic": 42000.0, "foot_traffic": 41000.0, "attractiveness": 0.0, "poi_transport": 0, "attractiveness_updated": 0.0 }, "geometry": { "type": "Point", "coordinates": [ 4344937.984469032846391, 5629374.97135345172137 ] } },
{ "type": "Feature", "properties": { "ID": 157827, "Address": "улица Героев-Разведчиков, 8к1", "lat": 45.050099, "long": 39.034278, "population_x": 25000.0, "poi_count": 42, "type": "pvz", "hex_id": 43, "poi_amenity": 0, "poi_shop": 0, "poi_office": 0, "poi_leisure": 0, "poi_tourism": 0, "population_y": 25000.0, "car_traffic": 42000.0, "foot_traffic": 41000.0, "attractiveness": 0.0, "poi_transport": 0, "attractiveness_updated": 0.0 }, "geometry": { "type": "Point", "coordinates": [ 4345275.950443081557751, 5629411.99960923474282 ] } },
{ "type": "Feature", "properties": { "ID": 208335, "Address": "улица им. Героя Сарабеева В.И., 9", "lat": 45.051831, "long": 39.033227, "population_x": 25000.0, "poi_count": 49, "type": "pvz", "hex_id": 43, "poi_amenity": 0, "poi_shop": 0, "poi_office": 0, "poi_leisure": 0, "poi_tourism": 0, "population_y": 25000.0, "car_traffic": 42000.0, "foot_traffic": 41000.0, "attractiveness": 0.0, "poi_transport": 0, "attractiveness_updated": 0.0 }, "geometry": { "type": "Point", "coordinates": [ 4345158.953658255748451, 5629684.910425554029644 ] } },
{ "type": "Feature", "properties": { "ID": 140119, "Address": "улица Героев-Разведчиков, 12/1к1", "lat": 45.053009, "long": 39.033739, "population_x": 25000.0, "poi_count": 54, "type": "pvz", "hex_id": 43, "poi_amenity": 0, "poi_shop": 0, "poi_office": 0, "poi_leisure": 0, "poi_tourism": 0, "population_y": 25000.0, "car_traffic": 42000.0, "foot_traffic": 41000.0, "attractiveness": 0.0, "poi_transport": 0, "attractiveness_updated": 0.0 }, "geometry": { "type": "Point", "coordinates": [ 4345215.949237543158233, 5629870.532319616526365 ] } },
{ "type": "Feature", "properties": { "ID": 127171, "Address": "Восточно-Кругликовская улица, 34", "lat": 45.051245, "long": 39.029194, "population_x": 25000.0, "poi_count": 72, "type": "pvz", "hex_id": 43, "poi_amenity": 0, "poi_shop": 0, "poi_office": 0, "poi_leisure": 0, "poi_tourism": 0, "population_y": 25000.0, "car_traffic": 42000.0, "foot_traffic": 41000.0, "attractiveness": 0.0, "poi_transport": 0, "attractiveness_updated": 0.0 }, "geometry": { "type": "Point", "coordinates": [ 4344710.002151887863874, 5629592.573623822070658 ] } },
{ "type": "Feature", "properties": { "ID": 309655, "Address": "улица им. Героя Сарабеева В.И., 3", "lat": 45.051914, "long": 39.029643, "population_x": 25000.0, "poi_count": 62, "type": "pvz", "hex_id": 43, "poi_amenity": 0, "poi_shop": 0, "poi_office": 0, "poi_leisure": 0, "poi_tourism": 0, "population_y": 25000.0, "car_traffic": 42000.0, "foot_traffic": 41000.0, "attractiveness": 0.0, "poi_transport": 0, "attractiveness_updated": 0.0 }, "geometry": { "type": "Point", "coordinates": [ 4344759.984603254124522, 5629697.988922766409814 ] } },
{ "type": "Feature", "properties": { "ID": 321022, "Address": "Восточно-Кругликовская улица, 42/3к1\n", "lat": 45.052716, "long": 39.028781, "population_x": 25000.0, "poi_count": 54, "type": "pvz", "hex_id": 43, "poi_amenity": 0, "poi_shop": 0, "poi_office": 0, "poi_leisure": 0, "poi_tourism": 0, "population_y": 25000.0, "car_traffic": 42000.0, "foot_traffic": 41000.0, "attractiveness": 0.0, "poi_transport": 0, "attractiveness_updated": 0.0 }, "geometry": { "type": "Point", "coordinates": [ 4344664.027202190831304, 5629824.362849525175989 ] } },
{ "type": "Feature", "properties": { "ID": 50003801, "Address": "улица им. Героя Сарабеева В.И., 5к1", "lat": 45.053219, "long": 39.029616, "population_x": 25000.0, "poi_count": 62, "type": "pvz", "hex_id": 43, "poi_amenity": 0, "poi_shop": 0, "poi_office": 0, "poi_leisure": 0, "poi_tourism": 0, "population_y": 25000.0, "car_traffic": 42000.0, "foot_traffic": 41000.0, "attractiveness": 0.0, "poi_transport": 0, "attractiveness_updated": 0.0 }, "geometry": { "type": "Point", "coordinates": [ 4344756.978977002203465, 5629903.623211620375514 ] } },
{ "type": "Feature", "properties": { "ID": 140527, "Address": "улица им. Героя Сарабеева В.И., 5к2", "lat": 45.053156, "long": 39.030649, "population_x": 25000.0, "poi_count": 57, "type": "pvz", "hex_id": 43, "poi_amenity": 0, "poi_shop": 0, "poi_office": 0, "poi_leisure": 0, "poi_tourism": 0, "population_y": 25000.0, "car_traffic": 42000.0, "foot_traffic": 41000.0, "attractiveness": 0.0, "poi_transport": 0, "attractiveness_updated": 0.0 }, "geometry": { "type": "Point", "coordinates": [ 4344871.972010992467403, 5629893.695931261405349 ] } },
{ "type": "Feature", "properties": { "ID": 217423, "Address": "улица им. Героя Сарабеева В.И., 5к5", "lat": 45.054168, "long": 39.031601, "population_x": 25000.0, "poi_count": 60, "type": "pvz", "hex_id": 43, "poi_amenity": 0, "poi_shop": 0, "poi_office": 0, "poi_leisure": 0, "poi_tourism": 0, "population_y": 25000.0, "car_traffic": 42000.0, "foot_traffic": 41000.0, "attractiveness": 0.0, "poi_transport": 2, "attractiveness_updated": 0.2 }, "geometry": { "type": "Point", "coordinates": [ 4344977.948166227899492, 5630053.164043642580509 ] } },
{ "type": "Feature", "properties": { "ID": 141797, "Address": "улица им. Героя Сарабеева В.И., 5к3", "lat": 45.054022, "long": 39.02958, "population_x": 25000.0, "poi_count": 68, "type": "pvz", "hex_id": 43, "poi_amenity": 0, "poi_shop": 0, "poi_office": 0, "poi_leisure": 0, "poi_tourism": 0, "population_y": 25000.0, "car_traffic": 42000.0, "foot_traffic": 41000.0, "attractiveness": 0.0, "poi_transport": 0, "attractiveness_updated": 0.0 }, "geometry": { "type": "Point", "coordinates": [ 4344752.971475334838033, 5630030.157600275240839 ] } },
{ "type": "Feature", "properties": { "ID": 202530, "Address": "улица имени 40-летия Победы, 178к2", "lat": 45.054658, "long": 39.03214, "population_x": 25000.0, "poi_count": 64, "type": "pvz", "hex_id": 43, "poi_amenity": 0, "poi_shop": 0, "poi_office": 0, "poi_leisure": 0, "poi_tourism": 0, "population_y": 25000.0, "car_traffic": 42000.0, "foot_traffic": 41000.0, "attractiveness": 0.0, "poi_transport": 2, "attractiveness_updated": 0.2 }, "geometry": { "type": "Point", "coordinates": [ 4345037.949371763505042, 5630130.377878835424781 ] } },
{ "type": "Feature", "properties": { "ID": 140119, "Address": "улица Героев-Разведчиков, 12/1к1", "lat": 45.053009, "long": 39.033739, "population_x": 25000.0, "poi_count": 54, "type": "pvz", "hex_id": 43, "poi_amenity": 0, "poi_shop": 0, "poi_office": 0, "poi_leisure": 0, "poi_tourism": 0, "population_y": 25000.0, "car_traffic": 42000.0, "foot_traffic": 41000.0, "attractiveness": 0.0, "poi_transport": 0, "attractiveness_updated": 0.0 }, "geometry": { "type": "Point", "coordinates": [ 4345215.949237543158233, 5629870.532319616526365 ] } },
{ "type": "Feature", "properties": { "ID": 208335, "Address": "улица им. Героя Сарабеева В.И., 9", "lat": 45.051831, "long": 39.033227, "population_x": 25000.0, "poi_count": 49, "type": "pvz", "hex_id": 43, "poi_amenity": 0, "poi_shop": 0, "poi_office": 0, "poi_leisure": 0, "poi_tourism": 0, "population_y": 25000.0, "car_traffic": 42000.0, "foot_traffic": 41000.0, "attractiveness": 0.0, "poi_transport": 0, "attractiveness_updated": 0.0 }, "geometry": { "type": "Point", "coordinates": [ 4345158.953658255748451, 5629684.910425554029644 ] } },
{ "type": "Feature", "properties": { "ID": 350046, "Address": "улица имени 40-летия Победы, 125", "lat": 45.056282, "long": 39.031404, "population_x": 85000.0, "poi_count": 66, "type": "pvz", "hex_id": 44, "poi_amenity": 0, "poi_shop": 0, "poi_office": 0, "poi_leisure": 0, "poi_tourism": 0, "population_y": 85000.0, "car_traffic": 34000.0, "foot_traffic": 78000.0, "attractiveness": 0.0, "poi_transport": 2, "attractiveness_updated": 0.2 }, "geometry": { "type": "Point", "coordinates": [ 4344956.01822654157877, 5630386.291319918818772 ] } },
{ "type": "Feature", "properties": { "ID": 2454, "Address": "улица имени 40-летия Победы, 129", "lat": 45.056282, "long": 39.032679, "population_x": 85000.0, "poi_count": 64, "type": "pvz", "hex_id": 44, "poi_amenity": 0, "poi_shop": 0, "poi_office": 0, "poi_leisure": 0, "poi_tourism": 0, "population_y": 85000.0, "car_traffic": 34000.0, "foot_traffic": 78000.0, "attractiveness": 0.0, "poi_transport": 2, "attractiveness_updated": 0.2 }, "geometry": { "type": "Point", "coordinates": [ 4345097.950577301904559, 5630386.291319918818772 ] } },
{ "type": "Feature", "properties": { "ID": 50007483, "Address": "улица Героев-Разведчиков, 22", "lat": 45.056785, "long": 39.034207, "population_x": 85000.0, "poi_count": 58, "type": "pvz", "hex_id": 44, "poi_amenity": 0, "poi_shop": 0, "poi_office": 0, "poi_leisure": 0, "poi_tourism": 0, "population_y": 85000.0, "car_traffic": 34000.0, "foot_traffic": 78000.0, "attractiveness": 0.0, "poi_transport": 2, "attractiveness_updated": 0.2 }, "geometry": { "type": "Point", "coordinates": [ 4345268.046759233810008, 5630465.556624644435942 ] } },
{ "type": "Feature", "properties": { "ID": 50013391, "Address": "улица Героев-Разведчиков, 21/2", "lat": 45.057568, "long": 39.032401, "population_x": 85000.0, "poi_count": 62, "type": "pvz", "hex_id": 44, "poi_amenity": 0, "poi_shop": 0, "poi_office": 0, "poi_leisure": 0, "poi_tourism": 0, "population_y": 85000.0, "car_traffic": 34000.0, "foot_traffic": 78000.0, "attractiveness": 0.0, "poi_transport": 1, "attractiveness_updated": 0.1 }, "geometry": { "type": "Point", "coordinates": [ 4345067.003758860751987, 5630588.947144548408687 ] } },
{ "type": "Feature", "properties": { "ID": 141500, "Address": "улица имени 40-летия Победы, 109", "lat": 45.057861, "long": 39.030083, "population_x": 85000.0, "poi_count": 63, "type": "pvz", "hex_id": 44, "poi_amenity": 0, "poi_shop": 0, "poi_office": 0, "poi_leisure": 0, "poi_tourism": 0, "population_y": 85000.0, "car_traffic": 34000.0, "foot_traffic": 78000.0, "attractiveness": 0.0, "poi_transport": 0, "attractiveness_updated": 0.0 }, "geometry": { "type": "Point", "coordinates": [ 4344808.965179202146828, 5630635.120532145723701 ] } },
{ "type": "Feature", "properties": { "ID": 50022479, "Address": "улица имени 40-летия Победы, 97/1", "lat": 45.058084, "long": 39.028601, "population_x": 85000.0, "poi_count": 47, "type": "pvz", "hex_id": 44, "poi_amenity": 0, "poi_shop": 0, "poi_office": 0, "poi_leisure": 0, "poi_tourism": 0, "population_y": 85000.0, "car_traffic": 34000.0, "foot_traffic": 78000.0, "attractiveness": 0.0, "poi_transport": 0, "attractiveness_updated": 0.0 }, "geometry": { "type": "Point", "coordinates": [ 4344643.989693848416209, 5630670.262893558479846 ] } },
{ "type": "Feature", "properties": { "ID": 50014102, "Address": "Восточно-Кругликовская улица, 46/А", "lat": 45.057753, "long": 39.026301, "population_x": 85000.0, "poi_count": 66, "type": "pvz", "hex_id": 44, "poi_amenity": 0, "poi_shop": 0, "poi_office": 0, "poi_leisure": 0, "poi_tourism": 0, "population_y": 85000.0, "car_traffic": 34000.0, "foot_traffic": 78000.0, "attractiveness": 0.0, "poi_transport": 0, "attractiveness_updated": 0.0 }, "geometry": { "type": "Point", "coordinates": [ 4344387.954865022562444, 5630618.100962425582111 ] } },
{ "type": "Feature", "properties": { "ID": 158526, "Address": "улица Героев-Разведчиков, 17", "lat": 45.058371, "long": 39.035904, "population_x": 85000.0, "poi_count": 35, "type": "pvz", "hex_id": 44, "poi_amenity": 0, "poi_shop": 0, "poi_office": 0, "poi_leisure": 0, "poi_tourism": 0, "population_y": 85000.0, "car_traffic": 34000.0, "foot_traffic": 78000.0, "attractiveness": 0.0, "poi_transport": 1, "attractiveness_updated": 0.1 }, "geometry": { "type": "Point", "coordinates": [ 4345456.955935111269355, 5630715.491156803444028 ] } },
{ "type": "Feature", "properties": { "ID": 332239, "Address": "улица Героя Владислава Посадского, 53", "lat": 45.059396, "long": 39.03709, "population_x": 85000.0, "poi_count": 32, "type": "pvz", "hex_id": 44, "poi_amenity": 0, "poi_shop": 0, "poi_office": 0, "poi_leisure": 0, "poi_tourism": 0, "population_y": 85000.0, "car_traffic": 34000.0, "foot_traffic": 78000.0, "attractiveness": 0.0, "poi_transport": 0, "attractiveness_updated": 0.0 }, "geometry": { "type": "Point", "coordinates": [ 4345588.98085119202733, 5630877.022521615028381 ] } },
{ "type": "Feature", "properties": { "ID": 144894, "Address": "улица Героя Владислава Посадского, 42", "lat": 45.059841, "long": 39.040908, "population_x": 18000.0, "poi_count": 14, "type": "pvz", "hex_id": 52, "poi_amenity": 0, "poi_shop": 0, "poi_office": 0, "poi_leisure": 0, "poi_tourism": 0, "population_y": 18000.0, "car_traffic": 9500.0, "foot_traffic": 14000.0, "attractiveness": 0.0, "poi_transport": 0, "attractiveness_updated": 0.0 }, "geometry": { "type": "Point", "coordinates": [ 4346013.998667040839791, 5630947.151674162596464 ] } },
{ "type": "Feature", "properties": { "ID": 209189, "Address": "улица Героя А.А. Аверкиева, 21", "lat": 45.062216, "long": 39.040863, "population_x": 18000.0, "poi_count": 12, "type": "pvz", "hex_id": 52, "poi_amenity": 0, "poi_shop": 0, "poi_office": 0, "poi_leisure": 0, "poi_tourism": 0, "population_y": 18000.0, "car_traffic": 9500.0, "foot_traffic": 14000.0, "attractiveness": 0.0, "poi_transport": 0, "attractiveness_updated": 0.0 }, "geometry": { "type": "Point", "coordinates": [ 4346008.989289955236018, 5631321.445707520470023 ] } },
{ "type": "Feature", "properties": { "ID": 218320, "Address": "улица Генерала Трошева, 35", "lat": 45.064896, "long": 39.04098, "population_x": 18000.0, "poi_count": 17, "type": "pvz", "hex_id": 52, "poi_amenity": 0, "poi_shop": 0, "poi_office": 0, "poi_leisure": 0, "poi_tourism": 0, "population_y": 18000.0, "car_traffic": 9500.0, "foot_traffic": 14000.0, "attractiveness": 0.0, "poi_transport": 1, "attractiveness_updated": 0.1 }, "geometry": { "type": "Point", "coordinates": [ 4346022.0136703774333, 5631743.825647334568202 ] } },
{ "type": "Feature", "properties": { "ID": 50014731, "Address": "улица Генерала Трошева, 47", "lat": 45.068499, "long": 39.040719, "population_x": 18000.0, "poi_count": 76, "type": "pvz", "hex_id": 52, "poi_amenity": 0, "poi_shop": 0, "poi_office": 0, "poi_leisure": 0, "poi_tourism": 0, "population_y": 18000.0, "car_traffic": 9500.0, "foot_traffic": 14000.0, "attractiveness": 0.0, "poi_transport": 1, "attractiveness_updated": 0.1 }, "geometry": { "type": "Point", "coordinates": [ 4345992.959283280186355, 5632311.705705977976322 ] } },
{ "type": "Feature", "properties": { "ID": 141130, "Address": "улица им. Героя Яцкова И.В., 28", "lat": 45.068518, "long": 39.039462, "population_x": 85000.0, "poi_count": 85, "type": "pvz", "hex_id": 44, "poi_amenity": 0, "poi_shop": 0, "poi_office": 0, "poi_leisure": 0, "poi_tourism": 0, "population_y": 85000.0, "car_traffic": 34000.0, "foot_traffic": 78000.0, "attractiveness": 0.0, "poi_transport": 1, "attractiveness_updated": 0.1 }, "geometry": { "type": "Point", "coordinates": [ 4345853.030683353543282, 5632314.700450071133673 ] } },
{ "type": "Feature", "properties": { "ID": 125938, "Address": "улица Героя А.А. Аверкиева, 30", "lat": 45.060898, "long": 39.037243, "population_x": 85000.0, "poi_count": 30, "type": "pvz", "hex_id": 44, "poi_amenity": 0, "poi_shop": 0, "poi_office": 0, "poi_leisure": 0, "poi_tourism": 0, "population_y": 85000.0, "car_traffic": 34000.0, "foot_traffic": 78000.0, "attractiveness": 0.0, "poi_transport": 0, "attractiveness_updated": 0.0 }, "geometry": { "type": "Point", "coordinates": [ 4345606.012733281590044, 5631113.730298649519682 ] } },
{ "type": "Feature", "properties": { "ID": 159387, "Address": "улица Героев-Разведчиков, 28", "lat": 45.060854, "long": 39.034269, "population_x": 85000.0, "poi_count": 24, "type": "pvz", "hex_id": 44, "poi_amenity": 0, "poi_shop": 0, "poi_office": 0, "poi_leisure": 0, "poi_tourism": 0, "population_y": 85000.0, "car_traffic": 34000.0, "foot_traffic": 78000.0, "attractiveness": 0.0, "poi_transport": 0, "attractiveness_updated": 0.0 }, "geometry": { "type": "Point", "coordinates": [ 4345274.948567664250731, 5631106.796027686446905 ] } },
{ "type": "Feature", "properties": { "ID": 306519, "Address": "улица Героя А.А. Аверкиева, 24", "lat": 45.06023, "long": 39.033497, "population_x": 85000.0, "poi_count": 26, "type": "pvz", "hex_id": 44, "poi_amenity": 0, "poi_shop": 0, "poi_office": 0, "poi_leisure": 0, "poi_tourism": 0, "population_y": 85000.0, "car_traffic": 34000.0, "foot_traffic": 78000.0, "attractiveness": 0.0, "poi_transport": 0, "attractiveness_updated": 0.0 }, "geometry": { "type": "Point", "coordinates": [ 4345189.009920771233737, 5631008.456032144837081 ] } },
{ "type": "Feature", "properties": { "ID": 163662, "Address": "улица Героя А.А. Аверкиева, 20", "lat": 45.060236, "long": 39.032149, "population_x": 85000.0, "poi_count": 23, "type": "pvz", "hex_id": 44, "poi_amenity": 0, "poi_shop": 0, "poi_office": 0, "poi_leisure": 0, "poi_tourism": 0, "population_y": 85000.0, "car_traffic": 34000.0, "foot_traffic": 78000.0, "attractiveness": 0.0, "poi_transport": 0, "attractiveness_updated": 0.0 }, "geometry": { "type": "Point", "coordinates": [ 4345038.951247181743383, 5631009.401603918522596 ] } },
{ "type": "Feature", "properties": { "ID": 162057, "Address": "улица Героя А.А. Аверкиева, 8", "lat": 45.060211, "long": 39.029302, "population_x": 85000.0, "poi_count": 33, "type": "pvz", "hex_id": 44, "poi_amenity": 0, "poi_shop": 0, "poi_office": 0, "poi_leisure": 0, "poi_tourism": 0, "population_y": 85000.0, "car_traffic": 34000.0, "foot_traffic": 78000.0, "attractiveness": 0.0, "poi_transport": 0, "attractiveness_updated": 0.0 }, "geometry": { "type": "Point", "coordinates": [ 4344722.02465689368546, 5631005.461722196079791 ] } },
{ "type": "Feature", "properties": { "ID": 309168, "Address": "улица Героя А.А. Аверкиева, 4", "lat": 45.061127, "long": 39.027855, "population_x": 85000.0, "poi_count": 23, "type": "pvz", "hex_id": 44, "poi_amenity": 0, "poi_shop": 0, "poi_office": 0, "poi_leisure": 0, "poi_tourism": 0, "population_y": 85000.0, "car_traffic": 34000.0, "foot_traffic": 78000.0, "attractiveness": 0.0, "poi_transport": 1, "attractiveness_updated": 0.1 }, "geometry": { "type": "Point", "coordinates": [ 4344560.945353714749217, 5631149.820113231427968 ] } },
{ "type": "Feature", "properties": { "ID": 124813, "Address": "улица Героя А.А. Аверкиева, 1", "lat": 45.061758, "long": 39.026301, "population_x": 85000.0, "poi_count": 23, "type": "pvz", "hex_id": 44, "poi_amenity": 0, "poi_shop": 0, "poi_office": 0, "poi_leisure": 0, "poi_tourism": 0, "population_y": 85000.0, "car_traffic": 34000.0, "foot_traffic": 78000.0, "attractiveness": 0.0, "poi_transport": 2, "attractiveness_updated": 0.2 }, "geometry": { "type": "Point", "coordinates": [ 4344387.954865022562444, 5631249.264848056249321 ] } },
{ "type": "Feature", "properties": { "ID": 159164, "Address": "улица Героя А.А. Аверкиева, 15", "lat": 45.06228, "long": 39.037288, "population_x": 85000.0, "poi_count": 26, "type": "pvz", "hex_id": 44, "poi_amenity": 0, "poi_shop": 0, "poi_office": 0, "poi_leisure": 0, "poi_tourism": 0, "population_y": 85000.0, "car_traffic": 34000.0, "foot_traffic": 78000.0, "attractiveness": 0.0, "poi_transport": 0, "attractiveness_updated": 0.0 }, "geometry": { "type": "Point", "coordinates": [ 4345611.022110368125141, 5631331.532161876559258 ] } },
{ "type": "Feature", "properties": { "ID": 208296, "Address": "улица Героев-Разведчиков, 34", "lat": 45.063126, "long": 39.034117, "population_x": 85000.0, "poi_count": 26, "type": "pvz", "hex_id": 44, "poi_amenity": 0, "poi_shop": 0, "poi_office": 0, "poi_leisure": 0, "poi_tourism": 0, "population_y": 85000.0, "car_traffic": 34000.0, "foot_traffic": 78000.0, "attractiveness": 0.0, "poi_transport": 0, "attractiveness_updated": 0.0 }, "geometry": { "type": "Point", "coordinates": [ 4345258.02800506260246, 5631464.863541516475379 ] } },
{ "type": "Feature", "properties": { "ID": 50022919, "Address": "улица Героев-Разведчиков, 23/1", "lat": 45.063699, "long": 39.036928, "population_x": 85000.0, "poi_count": 34, "type": "pvz", "hex_id": 44, "poi_amenity": 0, "poi_shop": 0, "poi_office": 0, "poi_leisure": 0, "poi_tourism": 0, "population_y": 85000.0, "car_traffic": 34000.0, "foot_traffic": 78000.0, "attractiveness": 0.0, "poi_transport": 0, "attractiveness_updated": 0.0 }, "geometry": { "type": "Point", "coordinates": [ 4345570.947093683294952, 5631555.170667617581785 ] } },
{ "type": "Feature", "properties": { "ID": 159923, "Address": "улица Героя Владислава Посадского, 69", "lat": 45.064559, "long": 39.038572, "population_x": 85000.0, "poi_count": 34, "type": "pvz", "hex_id": 44, "poi_amenity": 0, "poi_shop": 0, "poi_office": 0, "poi_leisure": 0, "poi_tourism": 0, "population_y": 85000.0, "car_traffic": 34000.0, "foot_traffic": 78000.0, "attractiveness": 0.0, "poi_transport": 0, "attractiveness_updated": 0.0 }, "geometry": { "type": "Point", "coordinates": [ 4345753.956336546689272, 5631690.711857544258237 ] } },
{ "type": "Feature", "properties": { "ID": 124049, "Address": "улица Героя Владислава Посадского, 69", "lat": 45.064559, "long": 39.038572, "population_x": 85000.0, "poi_count": 34, "type": "pvz", "hex_id": 44, "poi_amenity": 0, "poi_shop": 0, "poi_office": 0, "poi_leisure": 0, "poi_tourism": 0, "population_y": 85000.0, "car_traffic": 34000.0, "foot_traffic": 78000.0, "attractiveness": 0.0, "poi_transport": 0, "attractiveness_updated": 0.0 }, "geometry": { "type": "Point", "coordinates": [ 4345753.956336546689272, 5631690.711857544258237 ] } },
{ "type": "Feature", "properties": { "ID": 306446, "Address": "Черкасская улица, 62А", "lat": 45.065431, "long": 39.037243, "population_x": 85000.0, "poi_count": 39, "type": "pvz", "hex_id": 44, "poi_amenity": 0, "poi_shop": 0, "poi_office": 0, "poi_leisure": 0, "poi_tourism": 0, "population_y": 85000.0, "car_traffic": 34000.0, "foot_traffic": 78000.0, "attractiveness": 0.0, "poi_transport": 0, "attractiveness_updated": 0.0 }, "geometry": { "type": "Point", "coordinates": [ 4345606.012733281590044, 5631828.146401822566986 ] } },
{ "type": "Feature", "properties": { "ID": 111541, "Address": "Черкасская улица, 58", "lat": 45.064909, "long": 39.032518, "population_x": 85000.0, "poi_count": 35, "type": "pvz", "hex_id": 44, "poi_amenity": 0, "poi_shop": 0, "poi_office": 0, "poi_leisure": 0, "poi_tourism": 0, "population_y": 85000.0, "car_traffic": 34000.0, "foot_traffic": 78000.0, "attractiveness": 0.0, "poi_transport": 4, "attractiveness_updated": 0.4 }, "geometry": { "type": "Point", "coordinates": [ 4345080.028139284811914, 5631745.874553508125246 ] } },
{ "type": "Feature", "properties": { "ID": 159614, "Address": "Черкасская улица, 129/1", "lat": 45.06636, "long": 39.035815, "population_x": 85000.0, "poi_count": 44, "type": "pvz", "hex_id": 44, "poi_amenity": 0, "poi_shop": 0, "poi_office": 0, "poi_leisure": 0, "poi_tourism": 0, "population_y": 85000.0, "car_traffic": 34000.0, "foot_traffic": 78000.0, "attractiveness": 0.0, "poi_transport": 3, "attractiveness_updated": 0.3 }, "geometry": { "type": "Point", "coordinates": [ 4345447.048500429838896, 5631974.566932669840753 ] } },
{ "type": "Feature", "properties": { "ID": 50015381, "Address": "улица им. Героя Яцкова И.В., 16", "lat": 45.068398, "long": 39.03577, "population_x": 85000.0, "poi_count": 70, "type": "pvz", "hex_id": 44, "poi_amenity": 0, "poi_shop": 0, "poi_office": 0, "poi_leisure": 0, "poi_tourism": 0, "population_y": 85000.0, "car_traffic": 34000.0, "foot_traffic": 78000.0, "attractiveness": 0.0, "poi_transport": 2, "attractiveness_updated": 0.2 }, "geometry": { "type": "Point", "coordinates": [ 4345442.039123344235122, 5632295.786293575540185 ] } },
{ "type": "Feature", "properties": { "ID": 50006036, "Address": "Домбайская улица, 55к6", "lat": 45.069874, "long": 39.035743, "population_x": 85000.0, "poi_count": 81, "type": "pvz", "hex_id": 44, "poi_amenity": 0, "poi_shop": 0, "poi_office": 0, "poi_leisure": 0, "poi_tourism": 0, "population_y": 85000.0, "car_traffic": 34000.0, "foot_traffic": 78000.0, "attractiveness": 0.0, "poi_transport": 2, "attractiveness_updated": 0.2 }, "geometry": { "type": "Point", "coordinates": [ 4345439.033497091382742, 5632528.433178097009659 ] } },
{ "type": "Feature", "properties": { "ID": 320592, "Address": "улица им. Героя Яцкова И.В., 14", "lat": 45.068614, "long": 39.032832, "population_x": 85000.0, "poi_count": 33, "type": "pvz", "hex_id": 44, "poi_amenity": 0, "poi_shop": 0, "poi_office": 0, "poi_leisure": 0, "poi_tourism": 0, "population_y": 85000.0, "car_traffic": 34000.0, "foot_traffic": 78000.0, "attractiveness": 0.0, "poi_transport": 2, "attractiveness_updated": 0.2 }, "geometry": { "type": "Point", "coordinates": [ 4345114.982459393329918, 5632329.831803859211504 ] } },
{ "type": "Feature", "properties": { "ID": 50006952, "Address": "Черкасская улица, 109", "lat": 45.067341, "long": 39.031521, "population_x": 85000.0, "poi_count": 36, "type": "pvz", "hex_id": 44, "poi_amenity": 0, "poi_shop": 0, "poi_office": 0, "poi_leisure": 0, "poi_tourism": 0, "population_y": 85000.0, "car_traffic": 34000.0, "foot_traffic": 78000.0, "attractiveness": 0.0, "poi_transport": 1, "attractiveness_updated": 0.1 }, "geometry": { "type": "Point", "coordinates": [ 4344969.042606963776052, 5632129.185813706368208 ] } },
{ "type": "Feature", "properties": { "ID": 50014963, "Address": "Домбайская улица, 12", "lat": 45.071797, "long": 39.031431, "population_x": 85000.0, "poi_count": 13, "type": "pvz", "hex_id": 44, "poi_amenity": 0, "poi_shop": 0, "poi_office": 0, "poi_leisure": 0, "poi_tourism": 0, "population_y": 85000.0, "car_traffic": 34000.0, "foot_traffic": 78000.0, "attractiveness": 0.0, "poi_transport": 0, "attractiveness_updated": 0.0 }, "geometry": { "type": "Point", "coordinates": [ 4344959.023852792568505, 5632831.545144049450755 ] } },
{ "type": "Feature", "properties": { "ID": 160311, "Address": "Домбайская улица, 10/1к1", "lat": 45.071103, "long": 39.029967, "population_x": 85000.0, "poi_count": 21, "type": "pvz", "hex_id": 44, "poi_amenity": 0, "poi_shop": 0, "poi_office": 0, "poi_leisure": 0, "poi_tourism": 0, "population_y": 85000.0, "car_traffic": 34000.0, "foot_traffic": 78000.0, "attractiveness": 0.0, "poi_transport": 0, "attractiveness_updated": 0.0 }, "geometry": { "type": "Point", "coordinates": [ 4344796.052118270657957, 5632722.152545979246497 ] } },
{ "type": "Feature", "properties": { "ID": 303212, "Address": "Восточно-Кругликовская улица, 90", "lat": 45.069632, "long": 39.028466, "population_x": 85000.0, "poi_count": 35, "type": "pvz", "hex_id": 44, "poi_amenity": 0, "poi_shop": 0, "poi_office": 0, "poi_leisure": 0, "poi_tourism": 0, "population_y": 85000.0, "car_traffic": 34000.0, "foot_traffic": 78000.0, "attractiveness": 0.0, "poi_transport": 0, "attractiveness_updated": 0.0 }, "geometry": { "type": "Point", "coordinates": [ 4344628.961562590673566, 5632490.288764947094023 ] } },
{ "type": "Feature", "properties": { "ID": 206949, "Address": "улица им. Героя Яцкова И.В., 2", "lat": 45.068372, "long": 39.027927, "population_x": 85000.0, "poi_count": 43, "type": "pvz", "hex_id": 44, "poi_amenity": 0, "poi_shop": 0, "poi_office": 0, "poi_leisure": 0, "poi_tourism": 0, "population_y": 85000.0, "car_traffic": 34000.0, "foot_traffic": 78000.0, "attractiveness": 0.0, "poi_transport": 0, "attractiveness_updated": 0.0 }, "geometry": { "type": "Point", "coordinates": [ 4344568.960357053205371, 5632291.688231567852199 ] } },
{ "type": "Feature", "properties": { "ID": 169877, "Address": "Восточно-Кругликовская улица, 64", "lat": 45.068124, "long": 39.026733, "population_x": 85000.0, "poi_count": 45, "type": "pvz", "hex_id": 44, "poi_amenity": 0, "poi_shop": 0, "poi_office": 0, "poi_leisure": 0, "poi_tourism": 0, "population_y": 85000.0, "car_traffic": 34000.0, "foot_traffic": 78000.0, "attractiveness": 0.0, "poi_transport": 0, "attractiveness_updated": 0.0 }, "geometry": { "type": "Point", "coordinates": [ 4344436.044885045848787, 5632252.599118418060243 ] } },
{ "type": "Feature", "properties": { "ID": 50008920, "Address": "Восточно-Кругликовская улица, 72", "lat": 45.070345, "long": 39.025214, "population_x": 85000.0, "poi_count": 41, "type": "pvz", "hex_id": 44, "poi_amenity": 0, "poi_shop": 0, "poi_office": 0, "poi_leisure": 0, "poi_tourism": 0, "population_y": 85000.0, "car_traffic": 34000.0, "foot_traffic": 78000.0, "attractiveness": 0.0, "poi_transport": 2, "attractiveness_updated": 0.2 }, "geometry": { "type": "Point", "coordinates": [ 4344266.950578529387712, 5632602.673387406393886 ] } },
{ "type": "Feature", "properties": { "ID": 172437, "Address": "Восточно-Кругликовская улица, 65", "lat": 45.069862, "long": 39.024181, "population_x": 85000.0, "poi_count": 42, "type": "pvz", "hex_id": 44, "poi_amenity": 0, "poi_shop": 0, "poi_office": 0, "poi_leisure": 0, "poi_tourism": 0, "population_y": 85000.0, "car_traffic": 34000.0, "foot_traffic": 78000.0, "attractiveness": 0.0, "poi_transport": 2, "attractiveness_updated": 0.2 }, "geometry": { "type": "Point", "coordinates": [ 4344151.957544541917741, 5632526.541715788654983 ] } },
{ "type": "Feature", "properties": { "ID": 102778, "Address": "Восточно-Кругликовская улица, 76/4", "lat": 45.070244, "long": 39.027236, "population_x": 85000.0, "poi_count": 39, "type": "pvz", "hex_id": 44, "poi_amenity": 0, "poi_shop": 0, "poi_office": 0, "poi_leisure": 0, "poi_tourism": 0, "population_y": 85000.0, "car_traffic": 34000.0, "foot_traffic": 78000.0, "attractiveness": 0.0, "poi_transport": 0, "attractiveness_updated": 0.0 }, "geometry": { "type": "Point", "coordinates": [ 4344492.038588915020227, 5632586.753460844047368 ] } },
{ "type": "Feature", "properties": { "ID": 308003, "Address": "Черкасская улица, 49", "lat": 45.066787, "long": 39.024433, "population_x": 85000.0, "poi_count": 50, "type": "pvz", "hex_id": 44, "poi_amenity": 0, "poi_shop": 0, "poi_office": 0, "poi_leisure": 0, "poi_tourism": 0, "population_y": 85000.0, "car_traffic": 34000.0, "foot_traffic": 78000.0, "attractiveness": 0.0, "poi_transport": 5, "attractiveness_updated": 0.5 }, "geometry": { "type": "Point", "coordinates": [ 4344180.010056220926344, 5632041.867587375454605 ] } },
{ "type": "Feature", "properties": { "ID": 112934, "Address": "улица 1 Мая, 278", "lat": 45.066641, "long": 39.02225, "population_x": 85000.0, "poi_count": 49, "type": "pvz", "hex_id": 44, "poi_amenity": 0, "poi_shop": 0, "poi_office": 0, "poi_leisure": 0, "poi_tourism": 0, "population_y": 85000.0, "car_traffic": 34000.0, "foot_traffic": 78000.0, "attractiveness": 0.0, "poi_transport": 3, "attractiveness_updated": 0.3 }, "geometry": { "type": "Point", "coordinates": [ 4343936.999607819132507, 5632018.856065739877522 ] } },
{ "type": "Feature", "properties": { "ID": 50017741, "Address": "Яснополянская улица, 4/1", "lat": 45.07391, "long": 39.024343, "population_x": 85000.0, "poi_count": 22, "type": "pvz", "hex_id": 44, "poi_amenity": 0, "poi_shop": 0, "poi_office": 0, "poi_leisure": 0, "poi_tourism": 0, "population_y": 85000.0, "car_traffic": 34000.0, "foot_traffic": 78000.0, "attractiveness": 0.0, "poi_transport": 0, "attractiveness_updated": 0.0 }, "geometry": { "type": "Point", "coordinates": [ 4344169.991302048787475, 5633164.617530497722328 ] } },
{ "type": "Feature", "properties": { "ID": 161731, "Address": "Вологодская улица, 11", "lat": 45.073738, "long": 39.021936, "population_x": 85000.0, "poi_count": 20, "type": "pvz", "hex_id": 44, "poi_amenity": 0, "poi_shop": 0, "poi_office": 0, "poi_leisure": 0, "poi_tourism": 0, "population_y": 85000.0, "car_traffic": 34000.0, "foot_traffic": 78000.0, "attractiveness": 0.0, "poi_transport": 0, "attractiveness_updated": 0.0 }, "geometry": { "type": "Point", "coordinates": [ 4343902.045287710614502, 5633137.50469408929348 ] } },
{ "type": "Feature", "properties": { "ID": 313586, "Address": "Солнечная улица, 10", "lat": 45.071905, "long": 38.995911, "population_x": 25000.0, "poi_count": 16, "type": "pvz", "hex_id": 37, "poi_amenity": 0, "poi_shop": 0, "poi_office": 0, "poi_leisure": 0, "poi_tourism": 0, "population_y": 25000.0, "car_traffic": 39000.0, "foot_traffic": 58000.0, "attractiveness": 0.0, "poi_transport": 1, "attractiveness_updated": 0.1 }, "geometry": { "type": "Point", "coordinates": [ 4341004.95553981512785, 5632848.568895468488336 ] } },
{ "type": "Feature", "properties": { "ID": 169598, "Address": "улица имени Николая Семеновича Котлярова, 30", "lat": 45.070568, "long": 39.013168, "population_x": 85000.0, "poi_count": 44, "type": "pvz", "hex_id": 44, "poi_amenity": 0, "poi_shop": 0, "poi_office": 0, "poi_leisure": 0, "poi_tourism": 0, "population_y": 85000.0, "car_traffic": 34000.0, "foot_traffic": 78000.0, "attractiveness": 0.0, "poi_transport": 1, "attractiveness_updated": 0.1 }, "geometry": { "type": "Point", "coordinates": [ 4342925.995992435142398, 5632637.823423900641501 ] } },
{ "type": "Feature", "properties": { "ID": 101756, "Address": "улица имени Николая Семеновича Котлярова, 24", "lat": 45.070651, "long": 39.011937, "population_x": 85000.0, "poi_count": 62, "type": "pvz", "hex_id": 44, "poi_amenity": 0, "poi_shop": 0, "poi_office": 0, "poi_leisure": 0, "poi_tourism": 0, "population_y": 85000.0, "car_traffic": 34000.0, "foot_traffic": 78000.0, "attractiveness": 0.0, "poi_transport": 1, "attractiveness_updated": 0.1 }, "geometry": { "type": "Point", "coordinates": [ 4342788.961699267849326, 5632650.906207928434014 ] } },
{ "type": "Feature", "properties": { "ID": 211005, "Address": "улица имени Николая Семеновича Котлярова, 17", "lat": 45.069588, "long": 39.011039, "population_x": 85000.0, "poi_count": 62, "type": "pvz", "hex_id": 44, "poi_amenity": 0, "poi_shop": 0, "poi_office": 0, "poi_leisure": 0, "poi_tourism": 0, "population_y": 85000.0, "car_traffic": 34000.0, "foot_traffic": 78000.0, "attractiveness": 0.0, "poi_transport": 0, "attractiveness_updated": 0.0 }, "geometry": { "type": "Point", "coordinates": [ 4342688.996796535328031, 5632483.353434455581009 ] } },
{ "type": "Feature", "properties": { "ID": 214004, "Address": "улица им. Байбакова Н.К., 14", "lat": 45.07165, "long": 39.008488, "population_x": 25000.0, "poi_count": 114, "type": "pvz", "hex_id": 37, "poi_amenity": 0, "poi_shop": 0, "poi_office": 0, "poi_leisure": 0, "poi_tourism": 0, "population_y": 25000.0, "car_traffic": 39000.0, "foot_traffic": 58000.0, "attractiveness": 0.0, "poi_transport": 0, "attractiveness_updated": 0.0 }, "geometry": { "type": "Point", "coordinates": [ 4342405.020775521174073, 5632808.373978532850742 ] } },
{ "type": "Feature", "properties": { "ID": 123260, "Address": "улица им. Байбакова Н.К., 4", "lat": 45.069518, "long": 39.007868, "population_x": 25000.0, "poi_count": 73, "type": "pvz", "hex_id": 37, "poi_amenity": 0, "poi_shop": 0, "poi_office": 0, "poi_leisure": 0, "poi_tourism": 0, "population_y": 25000.0, "car_traffic": 39000.0, "foot_traffic": 58000.0, "attractiveness": 0.0, "poi_transport": 0, "attractiveness_updated": 0.0 }, "geometry": { "type": "Point", "coordinates": [ 4342336.00269122980535, 5632472.319965128786862 ] } },
{ "type": "Feature", "properties": { "ID": 50038086, "Address": "улица им. Байбакова Н.К., 2", "lat": 45.068557, "long": 39.007931, "population_x": 25000.0, "poi_count": 70, "type": "pvz", "hex_id": 37, "poi_amenity": 0, "poi_shop": 0, "poi_office": 0, "poi_leisure": 0, "poi_tourism": 0, "population_y": 25000.0, "car_traffic": 39000.0, "foot_traffic": 58000.0, "attractiveness": 0.0, "poi_transport": 0, "attractiveness_updated": 0.0 }, "geometry": { "type": "Point", "coordinates": [ 4342343.015819151885808, 5632320.847559483721852 ] } },
{ "type": "Feature", "properties": { "ID": 168525, "Address": "улица имени Николая Семеновича Котлярова, 15", "lat": 45.067805, "long": 39.009907, "population_x": 85000.0, "poi_count": 75, "type": "pvz", "hex_id": 44, "poi_amenity": 0, "poi_shop": 0, "poi_office": 0, "poi_leisure": 0, "poi_tourism": 0, "population_y": 85000.0, "car_traffic": 34000.0, "foot_traffic": 78000.0, "attractiveness": 0.0, "poi_transport": 0, "attractiveness_updated": 0.0 }, "geometry": { "type": "Point", "coordinates": [ 4342562.98313295841217, 5632202.319419831968844 ] } },
{ "type": "Feature", "properties": { "ID": 213026, "Address": "улица Карякина, 31", "lat": 45.066036, "long": 39.013914, "population_x": 85000.0, "poi_count": 62, "type": "pvz", "hex_id": 44, "poi_amenity": 0, "poi_shop": 0, "poi_office": 0, "poi_leisure": 0, "poi_tourism": 0, "population_y": 85000.0, "car_traffic": 34000.0, "foot_traffic": 78000.0, "attractiveness": 0.0, "poi_transport": 1, "attractiveness_updated": 0.1 }, "geometry": { "type": "Point", "coordinates": [ 4343009.040332566946745, 5631923.500729182735085 ] } },
{ "type": "Feature", "properties": { "ID": 312293, "Address": "улица Карякина, 29", "lat": 45.06601, "long": 39.012584, "population_x": 85000.0, "poi_count": 75, "type": "pvz", "hex_id": 44, "poi_amenity": 0, "poi_shop": 0, "poi_office": 0, "poi_leisure": 0, "poi_tourism": 0, "population_y": 85000.0, "car_traffic": 34000.0, "foot_traffic": 78000.0, "attractiveness": 0.0, "poi_transport": 0, "attractiveness_updated": 0.0 }, "geometry": { "type": "Point", "coordinates": [ 4342860.985409811139107, 5631919.402836510911584 ] } },
{ "type": "Feature", "properties": { "ID": 50013068, "Address": "улица имени Николая Семеновича Котлярова, 6", "lat": 45.065144, "long": 39.012413, "population_x": 85000.0, "poi_count": 80, "type": "pvz", "hex_id": 44, "poi_amenity": 0, "poi_shop": 0, "poi_office": 0, "poi_leisure": 0, "poi_tourism": 0, "population_y": 85000.0, "car_traffic": 34000.0, "foot_traffic": 78000.0, "attractiveness": 0.0, "poi_transport": 0, "attractiveness_updated": 0.0 }, "geometry": { "type": "Point", "coordinates": [ 4342841.949776886031032, 5631782.912553164176643 ] } },
{ "type": "Feature", "properties": { "ID": 149433, "Address": "улица имени Николая Семеновича Котлярова, 5", "lat": 45.064616, "long": 39.01156, "population_x": 85000.0, "poi_count": 97, "type": "pvz", "hex_id": 44, "poi_amenity": 0, "poi_shop": 0, "poi_office": 0, "poi_leisure": 0, "poi_tourism": 0, "population_y": 85000.0, "car_traffic": 34000.0, "foot_traffic": 78000.0, "attractiveness": 0.0, "poi_transport": 0, "attractiveness_updated": 0.0 }, "geometry": { "type": "Point", "coordinates": [ 4342746.994251240044832, 5631699.695473580621183 ] } },
{ "type": "Feature", "properties": { "ID": 50016618, "Address": "Зиповская улица, 45", "lat": 45.064215, "long": 39.010446, "population_x": 85000.0, "poi_count": 102, "type": "pvz", "hex_id": 44, "poi_amenity": 0, "poi_shop": 0, "poi_office": 0, "poi_leisure": 0, "poi_tourism": 0, "population_y": 85000.0, "car_traffic": 34000.0, "foot_traffic": 78000.0, "attractiveness": 0.0, "poi_transport": 0, "attractiveness_updated": 0.0 }, "geometry": { "type": "Point", "coordinates": [ 4342622.984338495880365, 5631636.495136890560389 ] } },
{ "type": "Feature", "properties": { "ID": 2182, "Address": "улица Карякина, 18", "lat": 45.064616, "long": 39.008308, "population_x": 85000.0, "poi_count": 85, "type": "pvz", "hex_id": 44, "poi_amenity": 0, "poi_shop": 0, "poi_office": 0, "poi_leisure": 0, "poi_tourism": 0, "population_y": 85000.0, "car_traffic": 34000.0, "foot_traffic": 78000.0, "attractiveness": 0.0, "poi_transport": 0, "attractiveness_updated": 0.0 }, "geometry": { "type": "Point", "coordinates": [ 4342384.983267179690301, 5631699.695473580621183 ] } },
{ "type": "Feature", "properties": { "ID": 157767, "Address": "улица Карякина, 15", "lat": 45.066246, "long": 39.008137, "population_x": 85000.0, "poi_count": 88, "type": "pvz", "hex_id": 44, "poi_amenity": 0, "poi_shop": 0, "poi_office": 0, "poi_leisure": 0, "poi_tourism": 0, "population_y": 85000.0, "car_traffic": 34000.0, "foot_traffic": 78000.0, "attractiveness": 0.0, "poi_transport": 0, "attractiveness_updated": 0.0 }, "geometry": { "type": "Point", "coordinates": [ 4342365.947634252719581, 5631956.599161399528384 ] } },
{ "type": "Feature", "properties": { "ID": 50011662, "Address": "улица Карякина, 10", "lat": 45.065011, "long": 39.006835, "population_x": 25000.0, "poi_count": 73, "type": "pvz", "hex_id": 37, "poi_amenity": 0, "poi_shop": 0, "poi_office": 0, "poi_leisure": 0, "poi_tourism": 0, "population_y": 25000.0, "car_traffic": 39000.0, "foot_traffic": 58000.0, "attractiveness": 0.0, "poi_transport": 0, "attractiveness_updated": 0.0 }, "geometry": { "type": "Point", "coordinates": [ 4342221.009657241404057, 5631761.950602745637298 ] } },
{ "type": "Feature", "properties": { "ID": 128155, "Address": "улица Карякина, 5к2", "lat": 45.066399, "long": 39.005757, "population_x": 25000.0, "poi_count": 84, "type": "pvz", "hex_id": 37, "poi_amenity": 0, "poi_shop": 0, "poi_office": 0, "poi_leisure": 0, "poi_tourism": 0, "population_y": 25000.0, "car_traffic": 39000.0, "foot_traffic": 58000.0, "attractiveness": 0.0, "poi_transport": 0, "attractiveness_updated": 0.0 }, "geometry": { "type": "Point", "coordinates": [ 4342101.007246166467667, 5631980.713810012675822 ] } },
{ "type": "Feature", "properties": { "ID": 212542, "Address": "Зиповская улица, 37", "lat": 45.06319, "long": 39.008973, "population_x": 85000.0, "poi_count": 79, "type": "pvz", "hex_id": 44, "poi_amenity": 0, "poi_shop": 0, "poi_office": 0, "poi_leisure": 0, "poi_tourism": 0, "population_y": 85000.0, "car_traffic": 34000.0, "foot_traffic": 78000.0, "attractiveness": 0.0, "poi_transport": 0, "attractiveness_updated": 0.0 }, "geometry": { "type": "Point", "coordinates": [ 4342459.010728557594121, 5631474.950156423263252 ] } },
{ "type": "Feature", "properties": { "ID": 50015344, "Address": "Московская улица, 77/2", "lat": 45.066959, "long": 39.001005, "population_x": 25000.0, "poi_count": 58, "type": "pvz", "hex_id": 37, "poi_amenity": 0, "poi_shop": 0, "poi_office": 0, "poi_leisure": 0, "poi_tourism": 0, "population_y": 25000.0, "car_traffic": 39000.0, "foot_traffic": 58000.0, "attractiveness": 0.0, "poi_transport": 6, "attractiveness_updated": 0.6 }, "geometry": { "type": "Point", "coordinates": [ 4341572.017025916837156, 5632068.977126628160477 ] } },
{ "type": "Feature", "properties": { "ID": 50008314, "Address": "Московская улица, 67", "lat": 45.063668, "long": 39.001445, "population_x": 25000.0, "poi_count": 135, "type": "pvz", "hex_id": 37, "poi_amenity": 0, "poi_shop": 0, "poi_office": 0, "poi_leisure": 0, "poi_tourism": 0, "population_y": 25000.0, "car_traffic": 39000.0, "foot_traffic": 58000.0, "attractiveness": 0.0, "poi_transport": 7, "attractiveness_updated": 0.7 }, "geometry": { "type": "Point", "coordinates": [ 4341620.997601865790784, 5631550.284918610937893 ] } },
{ "type": "Feature", "properties": { "ID": 50002618, "Address": "Зиповская улица, 16", "lat": 45.062159, "long": 39.004922, "population_x": 25000.0, "poi_count": 113, "type": "pvz", "hex_id": 37, "poi_amenity": 0, "poi_shop": 0, "poi_office": 0, "poi_leisure": 0, "poi_tourism": 0, "population_y": 25000.0, "car_traffic": 39000.0, "foot_traffic": 58000.0, "attractiveness": 0.0, "poi_transport": 0, "attractiveness_updated": 0.0 }, "geometry": { "type": "Point", "coordinates": [ 4342008.055471354164183, 5631312.462468614801764 ] } },
{ "type": "Feature", "properties": { "ID": 319831, "Address": "Зиповская улица, 20", "lat": 45.062184, "long": 39.005353, "population_x": 25000.0, "poi_count": 108, "type": "pvz", "hex_id": 37, "poi_amenity": 0, "poi_shop": 0, "poi_office": 0, "poi_leisure": 0, "poi_tourism": 0, "population_y": 25000.0, "car_traffic": 39000.0, "foot_traffic": 58000.0, "attractiveness": 0.0, "poi_transport": 0, "attractiveness_updated": 0.0 }, "geometry": { "type": "Point", "coordinates": [ 4342056.034171885810792, 5631316.402484577149153 ] } },
{ "type": "Feature", "properties": { "ID": 142678, "Address": "Московская улица, 46", "lat": 45.060707, "long": 39.002586, "population_x": 25000.0, "poi_count": 100, "type": "pvz", "hex_id": 37, "poi_amenity": 0, "poi_shop": 0, "poi_office": 0, "poi_leisure": 0, "poi_tourism": 0, "population_y": 25000.0, "car_traffic": 39000.0, "foot_traffic": 58000.0, "attractiveness": 0.0, "poi_transport": 0, "attractiveness_updated": 0.0 }, "geometry": { "type": "Point", "coordinates": [ 4341748.013140860944986, 5631083.629297482781112 ] } },
{ "type": "Feature", "properties": { "ID": 141151, "Address": "Зиповская улица, 34к1", "lat": 45.062012, "long": 39.008461, "population_x": 85000.0, "poi_count": 52, "type": "pvz", "hex_id": 44, "poi_amenity": 0, "poi_shop": 0, "poi_office": 0, "poi_leisure": 0, "poi_tourism": 0, "population_y": 85000.0, "car_traffic": 34000.0, "foot_traffic": 78000.0, "attractiveness": 0.0, "poi_transport": 0, "attractiveness_updated": 0.0 }, "geometry": { "type": "Point", "coordinates": [ 4342402.015149271115661, 5631289.295209614560008 ] } },
{ "type": "Feature", "properties": { "ID": 307325, "Address": "Зиповская улица, 36к1", "lat": 45.062146, "long": 39.009611, "population_x": 85000.0, "poi_count": 59, "type": "pvz", "hex_id": 44, "poi_amenity": 0, "poi_shop": 0, "poi_office": 0, "poi_leisure": 0, "poi_tourism": 0, "population_y": 85000.0, "car_traffic": 34000.0, "foot_traffic": 78000.0, "attractiveness": 0.0, "poi_transport": 0, "attractiveness_updated": 0.0 }, "geometry": { "type": "Point", "coordinates": [ 4342530.032563683576882, 5631310.413660997524858 ] } },
{ "type": "Feature", "properties": { "ID": 313139, "Address": "Зиповская улица, 38", "lat": 45.062171, "long": 39.011569, "population_x": 85000.0, "poi_count": 55, "type": "pvz", "hex_id": 44, "poi_amenity": 0, "poi_shop": 0, "poi_office": 0, "poi_leisure": 0, "poi_tourism": 0, "population_y": 85000.0, "car_traffic": 34000.0, "foot_traffic": 78000.0, "attractiveness": 0.0, "poi_transport": 0, "attractiveness_updated": 0.0 }, "geometry": { "type": "Point", "coordinates": [ 4342747.996126658283174, 5631314.353676062077284 ] } },
{ "type": "Feature", "properties": { "ID": 50015132, "Address": "Зиповская улица, 42", "lat": 45.060491, "long": 39.011794, "population_x": 85000.0, "poi_count": 23, "type": "pvz", "hex_id": 44, "poi_amenity": 0, "poi_shop": 0, "poi_office": 0, "poi_leisure": 0, "poi_tourism": 0, "population_y": 85000.0, "car_traffic": 34000.0, "foot_traffic": 78000.0, "attractiveness": 0.0, "poi_transport": 0, "attractiveness_updated": 0.0 }, "geometry": { "type": "Point", "coordinates": [ 4342773.043012084439397, 5631049.588495860807598 ] } },
{ "type": "Feature", "properties": { "ID": 50015722, "Address": "Российская улица, 79/3к1", "lat": 45.060331, "long": 39.014471, "population_x": 85000.0, "poi_count": 17, "type": "pvz", "hex_id": 44, "poi_amenity": 0, "poi_shop": 0, "poi_office": 0, "poi_leisure": 0, "poi_tourism": 0, "population_y": 85000.0, "car_traffic": 34000.0, "foot_traffic": 78000.0, "attractiveness": 0.0, "poi_transport": 1, "attractiveness_updated": 0.1 }, "geometry": { "type": "Point", "coordinates": [ 4343071.045288938097656, 5631024.373170163482428 ] } },
{ "type": "Feature", "properties": { "ID": 123745, "Address": "Российская улица, 79/3к2", "lat": 45.06, "long": 39.015773, "population_x": 85000.0, "poi_count": 13, "type": "pvz", "hex_id": 44, "poi_amenity": 0, "poi_shop": 0, "poi_office": 0, "poi_leisure": 0, "poi_tourism": 0, "population_y": 85000.0, "car_traffic": 34000.0, "foot_traffic": 78000.0, "attractiveness": 0.0, "poi_transport": 1, "attractiveness_updated": 0.1 }, "geometry": { "type": "Point", "coordinates": [ 4343215.983265952207148, 5630972.2091891085729 ] } },
{ "type": "Feature", "properties": { "ID": 142678, "Address": "Московская улица, 46", "lat": 45.060707, "long": 39.002586, "population_x": 25000.0, "poi_count": 100, "type": "pvz", "hex_id": 37, "poi_amenity": 0, "poi_shop": 0, "poi_office": 0, "poi_leisure": 0, "poi_tourism": 0, "population_y": 25000.0, "car_traffic": 39000.0, "foot_traffic": 58000.0, "attractiveness": 0.0, "poi_transport": 0, "attractiveness_updated": 0.0 }, "geometry": { "type": "Point", "coordinates": [ 4341748.013140860944986, 5631083.629297482781112 ] } },
{ "type": "Feature", "properties": { "ID": 50008314, "Address": "Московская улица, 67", "lat": 45.063668, "long": 39.001445, "population_x": 25000.0, "poi_count": 135, "type": "pvz", "hex_id": 37, "poi_amenity": 0, "poi_shop": 0, "poi_office": 0, "poi_leisure": 0, "poi_tourism": 0, "population_y": 25000.0, "car_traffic": 39000.0, "foot_traffic": 58000.0, "attractiveness": 0.0, "poi_transport": 7, "attractiveness_updated": 0.7 }, "geometry": { "type": "Point", "coordinates": [ 4341620.997601865790784, 5631550.284918610937893 ] } },
{ "type": "Feature", "properties": { "ID": 50015344, "Address": "Московская улица, 77/2", "lat": 45.066959, "long": 39.001005, "population_x": 25000.0, "poi_count": 58, "type": "pvz", "hex_id": 37, "poi_amenity": 0, "poi_shop": 0, "poi_office": 0, "poi_leisure": 0, "poi_tourism": 0, "population_y": 25000.0, "car_traffic": 39000.0, "foot_traffic": 58000.0, "attractiveness": 0.0, "poi_transport": 6, "attractiveness_updated": 0.6 }, "geometry": { "type": "Point", "coordinates": [ 4341572.017025916837156, 5632068.977126628160477 ] } },
{ "type": "Feature", "properties": { "ID": 110310, "Address": "улица имени 40-летия Победы, 33/6", "lat": 45.058167, "long": 39.007868, "population_x": 25000.0, "poi_count": 15, "type": "pvz", "hex_id": 36, "poi_amenity": 0, "poi_shop": 0, "poi_office": 0, "poi_leisure": 0, "poi_tourism": 0, "population_y": 25000.0, "car_traffic": 41000.0, "foot_traffic": 52000.0, "attractiveness": 0.0, "poi_transport": 0, "attractiveness_updated": 0.0 }, "geometry": { "type": "Point", "coordinates": [ 4342336.00269122980535, 5630683.342820919118822 ] } },
{ "type": "Feature", "properties": { "ID": 50022352, "Address": "улица имени 40-летия Победы, 33/8", "lat": 45.057619, "long": 39.009593, "population_x": 25000.0, "poi_count": 19, "type": "pvz", "hex_id": 36, "poi_amenity": 0, "poi_shop": 0, "poi_office": 0, "poi_leisure": 0, "poi_tourism": 0, "population_y": 25000.0, "car_traffic": 41000.0, "foot_traffic": 52000.0, "attractiveness": 0.0, "poi_transport": 0, "attractiveness_updated": 0.0 }, "geometry": { "type": "Point", "coordinates": [ 4342528.028812849894166, 5630596.984133569523692 ] } },
{ "type": "Feature", "properties": { "ID": 218499, "Address": "улица имени 40-летия Победы, 60", "lat": 45.05499, "long": 39.009476, "population_x": 25000.0, "poi_count": 17, "type": "pvz", "hex_id": 36, "poi_amenity": 0, "poi_shop": 0, "poi_office": 0, "poi_leisure": 0, "poi_tourism": 0, "population_y": 25000.0, "car_traffic": 41000.0, "foot_traffic": 52000.0, "attractiveness": 0.0, "poi_transport": 2, "attractiveness_updated": 0.2 }, "geometry": { "type": "Point", "coordinates": [ 4342515.004432425834239, 5630182.694567653350532 ] } },
{ "type": "Feature", "properties": { "ID": 50012770, "Address": "улица имени 40-летия Победы, 18", "lat": 45.054646, "long": 39.000735, "population_x": 25000.0, "poi_count": 52, "type": "pvz", "hex_id": 36, "poi_amenity": 0, "poi_shop": 0, "poi_office": 0, "poi_leisure": 0, "poi_tourism": 0, "population_y": 25000.0, "car_traffic": 41000.0, "foot_traffic": 52000.0, "attractiveness": 0.0, "poi_transport": 8, "attractiveness_updated": 0.8 }, "geometry": { "type": "Point", "coordinates": [ 4341541.960763402283192, 5630128.486919864080846 ] } },
{ "type": "Feature", "properties": { "ID": 50022393, "Address": "Московская улица, 28", "lat": 45.05371, "long": 39.003044, "population_x": 25000.0, "poi_count": 56, "type": "pvz", "hex_id": 36, "poi_amenity": 0, "poi_shop": 0, "poi_office": 0, "poi_leisure": 0, "poi_tourism": 0, "population_y": 25000.0, "car_traffic": 41000.0, "foot_traffic": 52000.0, "attractiveness": 0.0, "poi_transport": 6, "attractiveness_updated": 0.6 }, "geometry": { "type": "Point", "coordinates": [ 4341798.997467644512653, 5629980.993342820554972 ] } },
{ "type": "Feature", "properties": { "ID": 50014197, "Address": "Армавирский проезд, 19", "lat": 45.05164, "long": 39.007976, "population_x": 25000.0, "poi_count": 5, "type": "pvz", "hex_id": 36, "poi_amenity": 0, "poi_shop": 0, "poi_office": 0, "poi_leisure": 0, "poi_tourism": 0, "population_y": 25000.0, "car_traffic": 41000.0, "foot_traffic": 52000.0, "attractiveness": 0.0, "poi_transport": 4, "attractiveness_updated": 0.4 }, "geometry": { "type": "Point", "coordinates": [ 4342348.025196236558259, 5629654.814196827821434 ] } },
{ "type": "Feature", "properties": { "ID": 168833, "Address": "улица Красных Зорь, 27", "lat": 45.050571, "long": 39.006673, "population_x": 25000.0, "poi_count": 13, "type": "pvz", "hex_id": 36, "poi_amenity": 0, "poi_shop": 0, "poi_office": 0, "poi_leisure": 0, "poi_tourism": 0, "population_y": 25000.0, "car_traffic": 41000.0, "foot_traffic": 52000.0, "attractiveness": 0.0, "poi_transport": 4, "attractiveness_updated": 0.4 }, "geometry": { "type": "Point", "coordinates": [ 4342202.975899732671678, 5629486.371714548207819 ] } },
{ "type": "Feature", "properties": { "ID": 50007861, "Address": "улица Чернышевского, 36", "lat": 45.045565, "long": 39.00979, "population_x": 25000.0, "poi_count": 7, "type": "pvz", "hex_id": 36, "poi_amenity": 0, "poi_shop": 0, "poi_office": 0, "poi_leisure": 0, "poi_tourism": 0, "population_y": 25000.0, "car_traffic": 41000.0, "foot_traffic": 52000.0, "attractiveness": 0.0, "poi_transport": 4, "attractiveness_updated": 0.4 }, "geometry": { "type": "Point", "coordinates": [ 4342549.958752534352243, 5628697.617469592951238 ] } },
{ "type": "Feature", "properties": { "ID": 50001931, "Address": "Первомайская улица, 44", "lat": 45.046788, "long": 39.015495, "population_x": 25000.0, "poi_count": 20, "type": "pvz", "hex_id": 36, "poi_amenity": 0, "poi_shop": 0, "poi_office": 0, "poi_leisure": 0, "poi_tourism": 0, "population_y": 25000.0, "car_traffic": 41000.0, "foot_traffic": 52000.0, "attractiveness": 0.0, "poi_transport": 0, "attractiveness_updated": 0.0 }, "geometry": { "type": "Point", "coordinates": [ 4343185.036447511054575, 5628890.309148184023798 ] } },
{ "type": "Feature", "properties": { "ID": 314956, "Address": "Весенняя улица, 22", "lat": 45.050908, "long": 39.023058, "population_x": 25000.0, "poi_count": 19, "type": "pvz", "hex_id": 43, "poi_amenity": 0, "poi_shop": 0, "poi_office": 0, "poi_leisure": 0, "poi_tourism": 0, "population_y": 25000.0, "car_traffic": 42000.0, "foot_traffic": 41000.0, "attractiveness": 0.0, "poi_transport": 0, "attractiveness_updated": 0.0 }, "geometry": { "type": "Point", "coordinates": [ 4344026.945756379514933, 5629539.472512744367123 ] } },
{ "type": "Feature", "properties": { "ID": 141272, "Address": "Российская улица, 72/2", "lat": 45.05215, "long": 39.01995, "population_x": 25000.0, "poi_count": 56, "type": "pvz", "hex_id": 43, "poi_amenity": 0, "poi_shop": 0, "poi_office": 0, "poi_leisure": 0, "poi_tourism": 0, "population_y": 25000.0, "car_traffic": 42000.0, "foot_traffic": 41000.0, "attractiveness": 0.0, "poi_transport": 1, "attractiveness_updated": 0.1 }, "geometry": { "type": "Point", "coordinates": [ 4343680.964778994210064, 5629735.176078794524074 ] } },
{ "type": "Feature", "properties": { "ID": 215578, "Address": "Российская улица, 72/1к1", "lat": 45.052716, "long": 39.017956, "population_x": 25000.0, "poi_count": 74, "type": "pvz", "hex_id": 36, "poi_amenity": 0, "poi_shop": 0, "poi_office": 0, "poi_leisure": 0, "poi_tourism": 0, "population_y": 25000.0, "car_traffic": 41000.0, "foot_traffic": 52000.0, "attractiveness": 0.0, "poi_transport": 2, "attractiveness_updated": 0.2 }, "geometry": { "type": "Point", "coordinates": [ 4343458.99371435213834, 5629824.362849525175989 ] } },
{ "type": "Feature", "properties": { "ID": 50035925, "Address": "Российская улица, 63", "lat": 45.053277, "long": 39.016968, "population_x": 25000.0, "poi_count": 83, "type": "pvz", "hex_id": 36, "poi_amenity": 0, "poi_shop": 0, "poi_office": 0, "poi_leisure": 0, "poi_tourism": 0, "population_y": 25000.0, "car_traffic": 41000.0, "foot_traffic": 52000.0, "attractiveness": 0.0, "poi_transport": 3, "attractiveness_updated": 0.3 }, "geometry": { "type": "Point", "coordinates": [ 4343349.01005744934082, 5629912.762622254900634 ] } },
{ "type": "Feature", "properties": { "ID": 320015, "Address": "улица Достоевского, 84", "lat": 45.053194, "long": 39.015854, "population_x": 25000.0, "poi_count": 76, "type": "pvz", "hex_id": 36, "poi_amenity": 0, "poi_shop": 0, "poi_office": 0, "poi_leisure": 0, "poi_tourism": 0, "population_y": 25000.0, "car_traffic": 41000.0, "foot_traffic": 52000.0, "attractiveness": 0.0, "poi_transport": 6, "attractiveness_updated": 0.6 }, "geometry": { "type": "Point", "coordinates": [ 4343225.000144704245031, 5629899.683813342824578 ] } },
{ "type": "Feature", "properties": { "ID": 140070, "Address": "Российская улица, 74к2", "lat": 45.054633, "long": 39.018845, "population_x": 85000.0, "poi_count": 114, "type": "pvz", "hex_id": 44, "poi_amenity": 0, "poi_shop": 0, "poi_office": 0, "poi_leisure": 0, "poi_tourism": 0, "population_y": 85000.0, "car_traffic": 34000.0, "foot_traffic": 78000.0, "attractiveness": 0.0, "poi_transport": 4, "attractiveness_updated": 0.4 }, "geometry": { "type": "Point", "coordinates": [ 4343557.956741668283939, 5630126.438381430692971 ] } },
{ "type": "Feature", "properties": { "ID": 996, "Address": "улица имени 40-летия Победы, 144Б", "lat": 45.055314, "long": 39.018459, "population_x": 85000.0, "poi_count": 103, "type": "pvz", "hex_id": 44, "poi_amenity": 0, "poi_shop": 0, "poi_office": 0, "poi_leisure": 0, "poi_tourism": 0, "population_y": 85000.0, "car_traffic": 34000.0, "foot_traffic": 78000.0, "attractiveness": 0.0, "poi_transport": 4, "attractiveness_updated": 0.4 }, "geometry": { "type": "Point", "coordinates": [ 4343514.987418222241104, 5630233.750906213186681 ] } },
{ "type": "Feature", "properties": { "ID": 50006347, "Address": "улица имени 40-летия Победы, 63", "lat": 45.056308, "long": 39.018055, "population_x": 85000.0, "poi_count": 85, "type": "pvz", "hex_id": 44, "poi_amenity": 0, "poi_shop": 0, "poi_office": 0, "poi_leisure": 0, "poi_tourism": 0, "population_y": 85000.0, "car_traffic": 34000.0, "foot_traffic": 78000.0, "attractiveness": 0.0, "poi_transport": 6, "attractiveness_updated": 0.6 }, "geometry": { "type": "Point", "coordinates": [ 4343470.014343941584229, 5630390.388515397906303 ] } },
{ "type": "Feature", "properties": { "ID": 308958, "Address": "улица 1 Мая, 101", "lat": 45.057339, "long": 39.022277, "population_x": 85000.0, "poi_count": 70, "type": "pvz", "hex_id": 44, "poi_amenity": 0, "poi_shop": 0, "poi_office": 0, "poi_leisure": 0, "poi_tourism": 0, "population_y": 85000.0, "car_traffic": 34000.0, "foot_traffic": 78000.0, "attractiveness": 0.0, "poi_transport": 5, "attractiveness_updated": 0.5 }, "geometry": { "type": "Point", "coordinates": [ 4343940.005234071053565, 5630552.859576299786568 ] } },
{ "type": "Feature", "properties": { "ID": 125077, "Address": "Урюковая улица, 12", "lat": 45.028687, "long": 38.946432, "population_x": 12000.0, "poi_count": 0, "type": "pvz", "hex_id": 20, "poi_amenity": 0, "poi_shop": 0, "poi_office": 0, "poi_leisure": 0, "poi_tourism": 0, "population_y": 12000.0, "car_traffic": 35000.0, "foot_traffic": 35000.0, "attractiveness": 0.0, "poi_transport": 0, "attractiveness_updated": 0.0 }, "geometry": { "type": "Point", "coordinates": [ 4335496.978454855270684, 5626038.798376450315118 ] } },
{ "type": "Feature", "properties": { "ID": 50012899, "Address": "улица Тургеневское шоссе, 2", "lat": 45.027139, "long": 38.945866, "population_x": 12000.0, "poi_count": 0, "type": "pvz", "hex_id": 20, "poi_amenity": 0, "poi_shop": 0, "poi_office": 0, "poi_leisure": 0, "poi_tourism": 0, "population_y": 12000.0, "car_traffic": 35000.0, "foot_traffic": 35000.0, "attractiveness": 0.0, "poi_transport": 0, "attractiveness_updated": 0.0 }, "geometry": { "type": "Point", "coordinates": [ 4335433.971623066812754, 5625794.978646858595312 ] } },
{ "type": "Feature", "properties": { "ID": 50005687, "Address": "Красная улица, 1/1", "lat": 45.029464, "long": 38.941833, "population_x": 12000.0, "poi_count": 0, "type": "pvz", "hex_id": 20, "poi_amenity": 0, "poi_shop": 0, "poi_office": 0, "poi_leisure": 0, "poi_tourism": 0, "population_y": 12000.0, "car_traffic": 35000.0, "foot_traffic": 35000.0, "attractiveness": 0.0, "poi_transport": 0, "attractiveness_updated": 0.0 }, "geometry": { "type": "Point", "coordinates": [ 4334985.02011669613421, 5626161.183245662599802 ] } },
{ "type": "Feature", "properties": { "ID": 159686, "Address": "Красная улица, 48", "lat": 45.023921, "long": 38.93691, "population_x": 0.0, "poi_count": 0, "type": "pvz", "hex_id": 11, "poi_amenity": 0, "poi_shop": 0, "poi_office": 0, "poi_leisure": 0, "poi_tourism": 0, "population_y": 0.0, "car_traffic": null, "foot_traffic": null, "attractiveness": 0.0, "poi_transport": 0, "attractiveness_updated": 0.0 }, "geometry": { "type": "Point", "coordinates": [ 4334436.994263521395624, 5625288.144520661793649 ] } },
{ "type": "Feature", "properties": { "ID": 50027530, "Address": "Красная улица, 31", "lat": 45.022972, "long": 38.969204, "population_x": 20000.0, "poi_count": 161, "type": "pvz", "hex_id": 19, "poi_amenity": 0, "poi_shop": 0, "poi_office": 0, "poi_leisure": 0, "poi_tourism": 0, "population_y": 20000.0, "car_traffic": 29000.0, "foot_traffic": 46000.0, "attractiveness": 0.0, "poi_transport": 0, "attractiveness_updated": 0.0 }, "geometry": { "type": "Point", "coordinates": [ 4338031.945899199694395, 5625138.682718172669411 ] } },
{ "type": "Feature", "properties": { "ID": 205211, "Address": "Бжегокайская улица, 2/1", "lat": 45.024476, "long": 38.928538, "population_x": 0.0, "poi_count": 0, "type": "pvz", "hex_id": 11, "poi_amenity": 0, "poi_shop": 0, "poi_office": 0, "poi_leisure": 0, "poi_tourism": 0, "population_y": 0.0, "car_traffic": null, "foot_traffic": null, "attractiveness": 0.0, "poi_transport": 0, "attractiveness_updated": 0.0 }, "geometry": { "type": "Point", "coordinates": [ 4333505.027486600913107, 5625375.554836803115904 ] } },
{ "type": "Feature", "properties": { "ID": 205295, "Address": "Бжегокайская улица, 19к1", "lat": 45.021609, "long": 38.925106, "population_x": 0.0, "poi_count": 0, "type": "pvz", "hex_id": 11, "poi_amenity": 0, "poi_shop": 0, "poi_office": 0, "poi_leisure": 0, "poi_tourism": 0, "population_y": 0.0, "car_traffic": null, "foot_traffic": null, "attractiveness": 0.0, "poi_transport": 0, "attractiveness_updated": 0.0 }, "geometry": { "type": "Point", "coordinates": [ 4333122.978994198143482, 5624924.022735685110092 ] } },
{ "type": "Feature", "properties": { "ID": 307145, "Address": "Бжегокайская улица, 56", "lat": 45.019411, "long": 38.919608, "population_x": 0.0, "poi_count": 0, "type": "pvz", "hex_id": 11, "poi_amenity": 0, "poi_shop": 0, "poi_office": 0, "poi_leisure": 0, "poi_tourism": 0, "population_y": 0.0, "car_traffic": null, "foot_traffic": null, "attractiveness": 0.0, "poi_transport": 0, "attractiveness_updated": 0.0 }, "geometry": { "type": "Point", "coordinates": [ 4332510.944433815777302, 5624577.868686776608229 ] } },
{ "type": "Feature", "properties": { "ID": 122573, "Address": "Бжегокайская улица, 31/4к2", "lat": 45.01483, "long": 38.916276, "population_x": 0.0, "poi_count": 0, "type": "pvz", "hex_id": 11, "poi_amenity": 0, "poi_shop": 0, "poi_office": 0, "poi_leisure": 0, "poi_tourism": 0, "population_y": 0.0, "car_traffic": null, "foot_traffic": null, "attractiveness": 0.0, "poi_transport": 0, "attractiveness_updated": 0.0 }, "geometry": { "type": "Point", "coordinates": [ 4332140.027890493161976, 5623856.468399445526302 ] } },
{ "type": "Feature", "properties": { "ID": 306618, "Address": "Бжегокайская улица, 31/9к1", "lat": 45.015206, "long": 38.915737, "population_x": 0.0, "poi_count": 0, "type": "pvz", "hex_id": 11, "poi_amenity": 0, "poi_shop": 0, "poi_office": 0, "poi_leisure": 0, "poi_tourism": 0, "population_y": 0.0, "car_traffic": null, "foot_traffic": null, "attractiveness": 0.0, "poi_transport": 0, "attractiveness_updated": 0.0 }, "geometry": { "type": "Point", "coordinates": [ 4332080.026684955693781, 5623915.677425613626838 ] } },
{ "type": "Feature", "properties": { "ID": 50022727, "Address": "Бжегокайская улица, 88/1", "lat": 45.01627, "long": 38.913087, "population_x": 15000.0, "poi_count": 0, "type": "pvz", "hex_id": 4, "poi_amenity": 0, "poi_shop": 0, "poi_office": 0, "poi_leisure": 0, "poi_tourism": 0, "population_y": 15000.0, "car_traffic": 3800.0, "foot_traffic": 11000.0, "attractiveness": 0.0, "poi_transport": 0, "attractiveness_updated": 0.0 }, "geometry": { "type": "Point", "coordinates": [ 4331785.030034353025258, 5624083.228478639386594 ] } },
{ "type": "Feature", "properties": { "ID": 159308, "Address": "Береговая улица, 1А", "lat": 45.021972, "long": 38.944968, "population_x": 0.0, "poi_count": 0, "type": "pvz", "hex_id": 11, "poi_amenity": 0, "poi_shop": 0, "poi_office": 0, "poi_leisure": 0, "poi_tourism": 0, "population_y": 0.0, "car_traffic": null, "foot_traffic": null, "attractiveness": 0.0, "poi_transport": 0, "attractiveness_updated": 0.0 }, "geometry": { "type": "Point", "coordinates": [ 4335334.006720334291458, 5624981.19140268675983 ] } },
{ "type": "Feature", "properties": { "ID": 309818, "Address": "Береговая улица, 1/8", "lat": 45.020882, "long": 38.944833, "population_x": 0.0, "poi_count": 0, "type": "pvz", "hex_id": 11, "poi_amenity": 0, "poi_shop": 0, "poi_office": 0, "poi_leisure": 0, "poi_tourism": 0, "population_y": 0.0, "car_traffic": null, "foot_traffic": null, "attractiveness": 0.0, "poi_transport": 0, "attractiveness_updated": 0.0 }, "geometry": { "type": "Point", "coordinates": [ 4335318.978589076548815, 5624809.529002135619521 ] } },
{ "type": "Feature", "properties": { "ID": 305288, "Address": "Береговая улица, 3с3", "lat": 45.019494, "long": 38.943324, "population_x": 0.0, "poi_count": 0, "type": "pvz", "hex_id": 11, "poi_amenity": 0, "poi_shop": 0, "poi_office": 0, "poi_leisure": 0, "poi_tourism": 0, "population_y": 0.0, "car_traffic": null, "foot_traffic": null, "attractiveness": 0.0, "poi_transport": 0, "attractiveness_updated": 0.0 }, "geometry": { "type": "Point", "coordinates": [ 4335150.99747746810317, 5624590.93977659009397 ] } },
{ "type": "Feature", "properties": { "ID": 50010262, "Address": "улица Северная Дамба, 9", "lat": 45.015537, "long": 38.94274, "population_x": 0.0, "poi_count": 0, "type": "pvz", "hex_id": 11, "poi_amenity": 0, "poi_shop": 0, "poi_office": 0, "poi_leisure": 0, "poi_tourism": 0, "population_y": 0.0, "car_traffic": null, "foot_traffic": null, "attractiveness": 0.0, "poi_transport": 0, "attractiveness_updated": 0.0 }, "geometry": { "type": "Point", "coordinates": [ 4335085.986894846893847, 5623967.800586895085871 ] } },
{ "type": "Feature", "properties": { "ID": 50000939, "Address": "Абрикосовая улица, 111", "lat": 45.024565, "long": 38.947052, "population_x": 12000.0, "poi_count": 0, "type": "pvz", "hex_id": 20, "poi_amenity": 0, "poi_shop": 0, "poi_office": 0, "poi_leisure": 0, "poi_tourism": 0, "population_y": 12000.0, "car_traffic": 35000.0, "foot_traffic": 35000.0, "attractiveness": 0.0, "poi_transport": 0, "attractiveness_updated": 0.0 }, "geometry": { "type": "Point", "coordinates": [ 4335565.996539145708084, 5625389.57206544559449 ] } },
{ "type": "Feature", "properties": { "ID": 210964, "Address": "Адмиралтейский бульвар, 3", "lat": 45.09334, "long": 39.036875, "population_x": 26000.0, "poi_count": 33, "type": "pvz", "hex_id": 54, "poi_amenity": 0, "poi_shop": 0, "poi_office": 0, "poi_leisure": 0, "poi_tourism": 0, "population_y": 26000.0, "car_traffic": 13000.0, "foot_traffic": 15000.0, "attractiveness": 0.0, "poi_transport": 0, "attractiveness_updated": 0.0 }, "geometry": { "type": "Point", "coordinates": [ 4345565.047160672023892, 5636227.947701558470726 ] } },
{ "type": "Feature", "properties": { "ID": 50003803, "Address": "Светлая улица, 2", "lat": 44.986525, "long": 38.98744, "population_x": 0.0, "poi_count": 0, "type": "pvz", "hex_id": 25, "poi_amenity": 0, "poi_shop": 0, "poi_office": 0, "poi_leisure": 0, "poi_tourism": 0, "population_y": 0.0, "car_traffic": null, "foot_traffic": null, "attractiveness": 0.0, "poi_transport": 0, "attractiveness_updated": 0.0 }, "geometry": { "type": "Point", "coordinates": [ 4340061.968133306130767, 5619400.372622038237751 ] } },
{ "type": "Feature", "properties": { "ID": 50027531, "Address": "Шоссейная улица, 68", "lat": 44.99587, "long": 38.994995, "population_x": 0.0, "poi_count": 0, "type": "pvz", "hex_id": 25, "poi_amenity": 0, "poi_shop": 0, "poi_office": 0, "poi_leisure": 0, "poi_tourism": 0, "population_y": 0.0, "car_traffic": null, "foot_traffic": null, "attractiveness": 0.0, "poi_transport": 0, "attractiveness_updated": 0.0 }, "geometry": { "type": "Point", "coordinates": [ 4340902.986886248923838, 5620871.325649772770703 ] } },
{ "type": "Feature", "properties": { "ID": 167731, "Address": "Шоссейная улица, 77/1", "lat": 44.998012, "long": 38.992615, "population_x": 0.0, "poi_count": 0, "type": "pvz", "hex_id": 25, "poi_amenity": 0, "poi_shop": 0, "poi_office": 0, "poi_leisure": 0, "poi_tourism": 0, "population_y": 0.0, "car_traffic": null, "foot_traffic": null, "attractiveness": 0.0, "poi_transport": 0, "attractiveness_updated": 0.0 }, "geometry": { "type": "Point", "coordinates": [ 4340638.046498159877956, 5621208.521708589978516 ] } },
{ "type": "Feature", "properties": { "ID": 50027540, "Address": "улица Мира, 7", "lat": 45.022214, "long": 38.961138, "population_x": 20000.0, "poi_count": 64, "type": "pvz", "hex_id": 19, "poi_amenity": 0, "poi_shop": 0, "poi_office": 0, "poi_leisure": 0, "poi_tourism": 0, "population_y": 20000.0, "car_traffic": 29000.0, "foot_traffic": 46000.0, "attractiveness": 0.0, "poi_transport": 2, "attractiveness_updated": 0.2 }, "geometry": { "type": "Point", "coordinates": [ 4337134.042886460199952, 5625019.304048730991781 ] } },
{ "type": "Feature", "properties": { "ID": 308070, "Address": "улица Ленина, 33", "lat": 45.024705, "long": 38.965728, "population_x": 20000.0, "poi_count": 76, "type": "pvz", "hex_id": 19, "poi_amenity": 0, "poi_shop": 0, "poi_office": 0, "poi_leisure": 0, "poi_tourism": 0, "population_y": 20000.0, "car_traffic": 29000.0, "foot_traffic": 46000.0, "attractiveness": 0.0, "poi_transport": 2, "attractiveness_updated": 0.2 }, "geometry": { "type": "Point", "coordinates": [ 4337644.999349202029407, 5625411.621682686731219 ] } },
{ "type": "Feature", "properties": { "ID": 132495, "Address": "улица 70-летия Октября, 1/2", "lat": 45.026285, "long": 38.903861, "population_x": 15000.0, "poi_count": 31, "type": "pvz", "hex_id": 4, "poi_amenity": 0, "poi_shop": 0, "poi_office": 0, "poi_leisure": 0, "poi_tourism": 0, "population_y": 15000.0, "car_traffic": 3800.0, "foot_traffic": 11000.0, "attractiveness": 0.0, "poi_transport": 6, "attractiveness_updated": 0.6 }, "geometry": { "type": "Point", "coordinates": [ 4330757.996412293985486, 5625660.471101435832679 ] } },
{ "type": "Feature", "properties": { "ID": 103449, "Address": "проспект Чекистов, 1", "lat": 45.027483, "long": 38.903349, "population_x": 15000.0, "poi_count": 38, "type": "pvz", "hex_id": 4, "poi_amenity": 0, "poi_shop": 0, "poi_office": 0, "poi_leisure": 0, "poi_tourism": 0, "population_y": 15000.0, "car_traffic": 3800.0, "foot_traffic": 11000.0, "attractiveness": 0.0, "poi_transport": 1, "attractiveness_updated": 0.1 }, "geometry": { "type": "Point", "coordinates": [ 4330701.000833008438349, 5625849.160239152610302 ] } },
{ "type": "Feature", "properties": { "ID": 204296, "Address": "проспект Чекистов, 8/4", "lat": 45.026973, "long": 38.908487, "population_x": 15000.0, "poi_count": 54, "type": "pvz", "hex_id": 4, "poi_amenity": 0, "poi_shop": 0, "poi_office": 0, "poi_leisure": 0, "poi_tourism": 0, "population_y": 15000.0, "car_traffic": 3800.0, "foot_traffic": 11000.0, "attractiveness": 0.0, "poi_transport": 3, "attractiveness_updated": 0.3 }, "geometry": { "type": "Point", "coordinates": [ 4331272.960376704111695, 5625768.832994958385825 ] } },
{ "type": "Feature", "properties": { "ID": 325074, "Address": "улица 70-летия Октября, 10", "lat": 45.029967, "long": 38.9044, "population_x": 15000.0, "poi_count": 40, "type": "pvz", "hex_id": 4, "poi_amenity": 0, "poi_shop": 0, "poi_office": 0, "poi_leisure": 0, "poi_tourism": 0, "population_y": 15000.0, "car_traffic": 3800.0, "foot_traffic": 11000.0, "attractiveness": 0.0, "poi_transport": 1, "attractiveness_updated": 0.1 }, "geometry": { "type": "Point", "coordinates": [ 4330817.997617832385004, 5626240.411402099765837 ] } },
{ "type": "Feature", "properties": { "ID": 50001677, "Address": "проспект Чекистов, 12/1", "lat": 45.028495, "long": 38.908676, "population_x": 15000.0, "poi_count": 60, "type": "pvz", "hex_id": 4, "poi_amenity": 0, "poi_shop": 0, "poi_office": 0, "poi_leisure": 0, "poi_tourism": 0, "population_y": 15000.0, "car_traffic": 3800.0, "foot_traffic": 11000.0, "attractiveness": 0.0, "poi_transport": 5, "attractiveness_updated": 0.5 }, "geometry": { "type": "Point", "coordinates": [ 4331293.999760465696454, 5626008.556811473332345 ] } },
{ "type": "Feature", "properties": { "ID": 50035379, "Address": "проспект Чекистов, 22", "lat": 45.028566, "long": 38.912161, "population_x": 15000.0, "poi_count": 94, "type": "pvz", "hex_id": 4, "poi_amenity": 0, "poi_shop": 0, "poi_office": 0, "poi_leisure": 0, "poi_tourism": 0, "population_y": 15000.0, "car_traffic": 3800.0, "foot_traffic": 11000.0, "attractiveness": 0.0, "poi_transport": 0, "attractiveness_updated": 0.0 }, "geometry": { "type": "Point", "coordinates": [ 4331681.948185878805816, 5626019.739878367632627 ] } },
{ "type": "Feature", "properties": { "ID": 151795, "Address": "проспект Чекистов, 24/1", "lat": 45.029222, "long": 38.91332, "population_x": 15000.0, "poi_count": 97, "type": "pvz", "hex_id": 4, "poi_amenity": 0, "poi_shop": 0, "poi_office": 0, "poi_leisure": 0, "poi_tourism": 0, "population_y": 15000.0, "car_traffic": 3800.0, "foot_traffic": 11000.0, "attractiveness": 0.0, "poi_transport": 5, "attractiveness_updated": 0.5 }, "geometry": { "type": "Point", "coordinates": [ 4331810.967475708574057, 5626123.065772349946201 ] } },
{ "type": "Feature", "properties": { "ID": 115485, "Address": "проспект Чекистов, 26", "lat": 45.029929, "long": 38.914991, "population_x": 31000.0, "poi_count": 126, "type": "pvz", "hex_id": 12, "poi_amenity": 0, "poi_shop": 0, "poi_office": 0, "poi_leisure": 0, "poi_tourism": 0, "population_y": 31000.0, "car_traffic": 15000.0, "foot_traffic": 25000.0, "attractiveness": 0.0, "poi_transport": 3, "attractiveness_updated": 0.3 }, "geometry": { "type": "Point", "coordinates": [ 4331996.982344823889434, 5626234.425950461998582 ] } },
{ "type": "Feature", "properties": { "ID": 50007186, "Address": "проспект Чекистов, 34", "lat": 45.031394, "long": 38.916114, "population_x": 31000.0, "poi_count": 124, "type": "pvz", "hex_id": 12, "poi_amenity": 0, "poi_shop": 0, "poi_office": 0, "poi_leisure": 0, "poi_tourism": 0, "population_y": 31000.0, "car_traffic": 15000.0, "foot_traffic": 25000.0, "attractiveness": 0.0, "poi_transport": 6, "attractiveness_updated": 0.6 }, "geometry": { "type": "Point", "coordinates": [ 4332121.994132983498275, 5626465.183738967403769 ] } },
{ "type": "Feature", "properties": { "ID": 320938, "Address": "проспект Чекистов, 19", "lat": 45.031872, "long": 38.912871, "population_x": 31000.0, "poi_count": 122, "type": "pvz", "hex_id": 12, "poi_amenity": 0, "poi_shop": 0, "poi_office": 0, "poi_leisure": 0, "poi_tourism": 0, "population_y": 31000.0, "car_traffic": 15000.0, "foot_traffic": 25000.0, "attractiveness": 0.0, "poi_transport": 5, "attractiveness_updated": 0.5 }, "geometry": { "type": "Point", "coordinates": [ 4331760.985024342313409, 5626540.476636728271842 ] } },
{ "type": "Feature", "properties": { "ID": 142984, "Address": "проспект Чекистов, 25/1", "lat": 45.032821, "long": 38.915925, "population_x": 31000.0, "poi_count": 100, "type": "pvz", "hex_id": 12, "poi_amenity": 0, "poi_shop": 0, "poi_office": 0, "poi_leisure": 0, "poi_tourism": 0, "population_y": 31000.0, "car_traffic": 15000.0, "foot_traffic": 25000.0, "attractiveness": 0.0, "poi_transport": 6, "attractiveness_updated": 0.6 }, "geometry": { "type": "Point", "coordinates": [ 4332100.954749224707484, 5626689.961680190637708 ] } },
{ "type": "Feature", "properties": { "ID": 327421, "Address": "Платановый бульвар, 8", "lat": 45.032222, "long": 38.909269, "population_x": 15000.0, "poi_count": 77, "type": "pvz", "hex_id": 4, "poi_amenity": 0, "poi_shop": 0, "poi_office": 0, "poi_leisure": 0, "poi_tourism": 0, "population_y": 15000.0, "car_traffic": 3800.0, "foot_traffic": 11000.0, "attractiveness": 0.0, "poi_transport": 0, "attractiveness_updated": 0.0 }, "geometry": { "type": "Point", "coordinates": [ 4331360.012218505144119, 5626595.607818409800529 ] } },
{ "type": "Feature", "properties": { "ID": 161945, "Address": "улица Бульварное Кольцо, 7", "lat": 45.03491, "long": 38.908173, "population_x": 31000.0, "poi_count": 11, "type": "pvz", "hex_id": 12, "poi_amenity": 0, "poi_shop": 0, "poi_office": 0, "poi_leisure": 0, "poi_tourism": 0, "population_y": 31000.0, "car_traffic": 15000.0, "foot_traffic": 25000.0, "attractiveness": 0.0, "poi_transport": 2, "attractiveness_updated": 0.2 }, "geometry": { "type": "Point", "coordinates": [ 4331238.006056595593691, 5627019.026532026939094 ] } },
{ "type": "Feature", "properties": { "ID": 211389, "Address": "проспект Чекистов, 38", "lat": 45.032419, "long": 38.918701, "population_x": 31000.0, "poi_count": 94, "type": "pvz", "hex_id": 12, "poi_amenity": 0, "poi_shop": 0, "poi_office": 0, "poi_leisure": 0, "poi_tourism": 0, "population_y": 31000.0, "car_traffic": 15000.0, "foot_traffic": 25000.0, "attractiveness": 0.0, "poi_transport": 8, "attractiveness_updated": 0.8 }, "geometry": { "type": "Point", "coordinates": [ 4332409.97765566688031, 5626626.638946102932096 ] } },
{ "type": "Feature", "properties": { "ID": 151142, "Address": "Рождественская набережная, 45/1", "lat": 45.03191, "long": 38.921216, "population_x": 31000.0, "poi_count": 76, "type": "pvz", "hex_id": 12, "poi_amenity": 0, "poi_shop": 0, "poi_office": 0, "poi_leisure": 0, "poi_tourism": 0, "population_y": 31000.0, "car_traffic": 15000.0, "foot_traffic": 25000.0, "attractiveness": 0.0, "poi_transport": 1, "attractiveness_updated": 0.1 }, "geometry": { "type": "Point", "coordinates": [ 4332689.94617501180619, 5626546.462291567586362 ] } },
{ "type": "Feature", "properties": { "ID": 171326, "Address": "улица Думенко, 2", "lat": 45.035534, "long": 38.919402, "population_x": 31000.0, "poi_count": 66, "type": "pvz", "hex_id": 12, "poi_amenity": 0, "poi_shop": 0, "poi_office": 0, "poi_leisure": 0, "poi_tourism": 0, "population_y": 31000.0, "car_traffic": 15000.0, "foot_traffic": 25000.0, "attractiveness": 0.0, "poi_transport": 3, "attractiveness_updated": 0.3 }, "geometry": { "type": "Point", "coordinates": [ 4332488.012618713080883, 5627117.323006346821785 ] } },
{ "type": "Feature", "properties": { "ID": 321023, "Address": "улица Думенко, 12/1", "lat": 45.035706, "long": 38.914362, "population_x": 31000.0, "poi_count": 27, "type": "pvz", "hex_id": 12, "poi_amenity": 0, "poi_shop": 0, "poi_office": 0, "poi_leisure": 0, "poi_tourism": 0, "population_y": 31000.0, "car_traffic": 15000.0, "foot_traffic": 25000.0, "attractiveness": 0.0, "poi_transport": 0, "attractiveness_updated": 0.0 }, "geometry": { "type": "Point", "coordinates": [ 4331926.96238511428237, 5627144.417735790833831 ] } },
{ "type": "Feature", "properties": { "ID": 50000340, "Address": "улица Думенко, 27/1", "lat": 45.036802, "long": 38.915943, "population_x": 31000.0, "poi_count": 32, "type": "pvz", "hex_id": 12, "poi_amenity": 0, "poi_shop": 0, "poi_office": 0, "poi_leisure": 0, "poi_tourism": 0, "population_y": 31000.0, "car_traffic": 15000.0, "foot_traffic": 25000.0, "attractiveness": 0.0, "poi_transport": 0, "attractiveness_updated": 0.0 }, "geometry": { "type": "Point", "coordinates": [ 4332102.9585000583902, 5627317.069785091094673 ] } },
{ "type": "Feature", "properties": { "ID": 50006677, "Address": "улица 70-летия Октября, 15", "lat": 45.038477, "long": 38.910302, "population_x": 31000.0, "poi_count": 31, "type": "pvz", "hex_id": 12, "poi_amenity": 0, "poi_shop": 0, "poi_office": 0, "poi_leisure": 0, "poi_tourism": 0, "population_y": 31000.0, "car_traffic": 15000.0, "foot_traffic": 25000.0, "attractiveness": 0.0, "poi_transport": 2, "attractiveness_updated": 0.2 }, "geometry": { "type": "Point", "coordinates": [ 4331475.005252494476736, 5627580.937654449604452 ] } },
{ "type": "Feature", "properties": { "ID": 50022893, "Address": "бульвар Клары Лучко, 10", "lat": 45.039929, "long": 38.911865, "population_x": 31000.0, "poi_count": 34, "type": "pvz", "hex_id": 12, "poi_amenity": 0, "poi_shop": 0, "poi_office": 0, "poi_leisure": 0, "poi_tourism": 0, "population_y": 31000.0, "car_traffic": 15000.0, "foot_traffic": 25000.0, "attractiveness": 0.0, "poi_transport": 1, "attractiveness_updated": 0.1 }, "geometry": { "type": "Point", "coordinates": [ 4331648.997616603970528, 5627809.68190255574882 ] } },
{ "type": "Feature", "properties": { "ID": 171008, "Address": "улица Генерала Шифрина, 1", "lat": 45.039247, "long": 38.913383, "population_x": 31000.0, "poi_count": 38, "type": "pvz", "hex_id": 12, "poi_amenity": 0, "poi_shop": 0, "poi_office": 0, "poi_leisure": 0, "poi_tourism": 0, "population_y": 31000.0, "car_traffic": 15000.0, "foot_traffic": 25000.0, "attractiveness": 0.0, "poi_transport": 1, "attractiveness_updated": 0.1 }, "geometry": { "type": "Point", "coordinates": [ 4331817.980603628791869, 5627702.240699447691441 ] } },
{ "type": "Feature", "properties": { "ID": 132438, "Address": "улица Генерала Шифрина, 5", "lat": 45.041833, "long": 38.9127, "population_x": 31000.0, "poi_count": 23, "type": "pvz", "hex_id": 12, "poi_amenity": 0, "poi_shop": 0, "poi_office": 0, "poi_leisure": 0, "poi_tourism": 0, "population_y": 31000.0, "car_traffic": 15000.0, "foot_traffic": 25000.0, "attractiveness": 0.0, "poi_transport": 0, "attractiveness_updated": 0.0 }, "geometry": { "type": "Point", "coordinates": [ 4331741.949391416274011, 5628109.641834803856909 ] } },
{ "type": "Feature", "properties": { "ID": 312745, "Address": "улица имени Калинина, 13к60", "lat": 45.041018, "long": 38.91633, "population_x": 31000.0, "poi_count": 23, "type": "pvz", "hex_id": 12, "poi_amenity": 0, "poi_shop": 0, "poi_office": 0, "poi_leisure": 0, "poi_tourism": 0, "population_y": 31000.0, "car_traffic": 15000.0, "foot_traffic": 25000.0, "attractiveness": 0.0, "poi_transport": 0, "attractiveness_updated": 0.0 }, "geometry": { "type": "Point", "coordinates": [ 4332146.039142996072769, 5627981.243898169137537 ] } },
{ "type": "Feature", "properties": { "ID": 171038, "Address": "улица имени Калинина, 13к58", "lat": 45.041426, "long": 38.918108, "population_x": 31000.0, "poi_count": 19, "type": "pvz", "hex_id": 12, "poi_amenity": 0, "poi_shop": 0, "poi_office": 0, "poi_leisure": 0, "poi_tourism": 0, "population_y": 31000.0, "car_traffic": 15000.0, "foot_traffic": 25000.0, "attractiveness": 0.0, "poi_transport": 0, "attractiveness_updated": 0.0 }, "geometry": { "type": "Point", "coordinates": [ 4332343.965197625569999, 5628045.521409596316516 ] } },
{ "type": "Feature", "properties": { "ID": 313125, "Address": "проспект Чекистов, 39", "lat": 45.036426, "long": 38.923354, "population_x": 31000.0, "poi_count": 24, "type": "pvz", "hex_id": 12, "poi_amenity": 0, "poi_shop": 0, "poi_office": 0, "poi_leisure": 0, "poi_tourism": 0, "population_y": 31000.0, "car_traffic": 15000.0, "foot_traffic": 25000.0, "attractiveness": 0.0, "poi_transport": 3, "attractiveness_updated": 0.3 }, "geometry": { "type": "Point", "coordinates": [ 4332927.947246327064931, 5627257.838417442515492 ] } },
{ "type": "Feature", "properties": { "ID": 210928, "Address": "Минская улица, 57/1", "lat": 45.036923, "long": 38.926606, "population_x": 31000.0, "poi_count": 8, "type": "pvz", "hex_id": 12, "poi_amenity": 0, "poi_shop": 0, "poi_office": 0, "poi_leisure": 0, "poi_tourism": 0, "population_y": 31000.0, "car_traffic": 15000.0, "foot_traffic": 25000.0, "attractiveness": 0.0, "poi_transport": 7, "attractiveness_updated": 0.7 }, "geometry": { "type": "Point", "coordinates": [ 4333289.958230387419462, 5627336.131026075221598 ] } },
{ "type": "Feature", "properties": { "ID": 5297, "Address": "Минская улица, 118/2", "lat": 45.037031, "long": 38.92958, "population_x": 31000.0, "poi_count": 24, "type": "pvz", "hex_id": 12, "poi_amenity": 0, "poi_shop": 0, "poi_office": 0, "poi_leisure": 0, "poi_tourism": 0, "population_y": 31000.0, "car_traffic": 15000.0, "foot_traffic": 25000.0, "attractiveness": 0.0, "poi_transport": 4, "attractiveness_updated": 0.4 }, "geometry": { "type": "Point", "coordinates": [ 4333621.02239600662142, 5627353.144399175420403 ] } },
{ "type": "Feature", "properties": { "ID": 209491, "Address": "Минская улица, 122/7", "lat": 45.037464, "long": 38.935347, "population_x": 31000.0, "poi_count": 54, "type": "pvz", "hex_id": 12, "poi_amenity": 0, "poi_shop": 0, "poi_office": 0, "poi_leisure": 0, "poi_tourism": 0, "population_y": 31000.0, "car_traffic": 15000.0, "foot_traffic": 25000.0, "attractiveness": 0.0, "poi_transport": 0, "attractiveness_updated": 0.0 }, "geometry": { "type": "Point", "coordinates": [ 4334263.001899411901832, 5627421.355745268054307 ] } },
{ "type": "Feature", "properties": { "ID": 50015998, "Address": "Минская улица, 122/6", "lat": 45.038318, "long": 38.936218, "population_x": 31000.0, "poi_count": 58, "type": "pvz", "hex_id": 12, "poi_amenity": 0, "poi_shop": 0, "poi_office": 0, "poi_leisure": 0, "poi_tourism": 0, "population_y": 31000.0, "car_traffic": 15000.0, "foot_traffic": 25000.0, "attractiveness": 0.0, "poi_transport": 2, "attractiveness_updated": 0.2 }, "geometry": { "type": "Point", "coordinates": [ 4334359.961175892502069, 5627555.889566679485142 ] } },
{ "type": "Feature", "properties": { "ID": 204648, "Address": "Минская улица, 121", "lat": 45.040623, "long": 38.935176, "population_x": 31000.0, "poi_count": 31, "type": "pvz", "hex_id": 12, "poi_amenity": 0, "poi_shop": 0, "poi_office": 0, "poi_leisure": 0, "poi_tourism": 0, "population_y": 31000.0, "car_traffic": 15000.0, "foot_traffic": 25000.0, "attractiveness": 0.0, "poi_transport": 6, "attractiveness_updated": 0.6 }, "geometry": { "type": "Point", "coordinates": [ 4334243.966266485862434, 5627919.014881393872201 ] } },
{ "type": "Feature", "properties": { "ID": 50002690, "Address": "улица имени Калинина, 144", "lat": 45.043495, "long": 38.931835, "population_x": 31000.0, "poi_count": 17, "type": "pvz", "hex_id": 12, "poi_amenity": 0, "poi_shop": 0, "poi_office": 0, "poi_leisure": 0, "poi_tourism": 0, "population_y": 31000.0, "car_traffic": 15000.0, "foot_traffic": 25000.0, "attractiveness": 0.0, "poi_transport": 1, "attractiveness_updated": 0.1 }, "geometry": { "type": "Point", "coordinates": [ 4333872.047847745940089, 5628371.484767696820199 ] } },
{ "type": "Feature", "properties": { "ID": 309550, "Address": "Северная улица, 12", "lat": 45.046794, "long": 38.93223, "population_x": 31000.0, "poi_count": 10, "type": "pvz", "hex_id": 12, "poi_amenity": 0, "poi_shop": 0, "poi_office": 0, "poi_leisure": 0, "poi_tourism": 0, "population_y": 31000.0, "car_traffic": 15000.0, "foot_traffic": 25000.0, "attractiveness": 0.0, "poi_transport": 3, "attractiveness_updated": 0.3 }, "geometry": { "type": "Point", "coordinates": [ 4333916.019046608358622, 5628891.254497730173171 ] } },
{ "type": "Feature", "properties": { "ID": 50006188, "Address": "Восточная улица, 696", "lat": 45.05036, "long": 38.919617, "population_x": 31000.0, "poi_count": 2, "type": "pvz", "hex_id": 12, "poi_amenity": 0, "poi_shop": 0, "poi_office": 0, "poi_leisure": 0, "poi_tourism": 0, "population_y": 31000.0, "car_traffic": 15000.0, "foot_traffic": 25000.0, "attractiveness": 0.0, "poi_transport": 0, "attractiveness_updated": 0.0 }, "geometry": { "type": "Point", "coordinates": [ 4332511.946309234015644, 5629453.12478652689606 ] } },
{ "type": "Feature", "properties": { "ID": 209080, "Address": "Северная улица, 88", "lat": 45.045495, "long": 38.940665, "population_x": 21000.0, "poi_count": 9, "type": "pvz", "hex_id": 21, "poi_amenity": 0, "poi_shop": 0, "poi_office": 0, "poi_leisure": 0, "poi_tourism": 0, "population_y": 21000.0, "car_traffic": 28000.0, "foot_traffic": 35000.0, "attractiveness": 0.0, "poi_transport": 0, "attractiveness_updated": 0.0 }, "geometry": { "type": "Point", "coordinates": [ 4334854.998951450921595, 5628686.588634710758924 ] } },
{ "type": "Feature", "properties": { "ID": 50008049, "Address": "Кожевенная улица, 22", "lat": 45.0377, "long": 38.940782, "population_x": 12000.0, "poi_count": 34, "type": "pvz", "hex_id": 20, "poi_amenity": 0, "poi_shop": 0, "poi_office": 0, "poi_leisure": 0, "poi_tourism": 0, "population_y": 12000.0, "car_traffic": 35000.0, "foot_traffic": 35000.0, "attractiveness": 0.0, "poi_transport": 1, "attractiveness_updated": 0.1 }, "geometry": { "type": "Point", "coordinates": [ 4334868.023331873118877, 5627458.53350920137018 ] } },
{ "type": "Feature", "properties": { "ID": 212144, "Address": "Кожевенная улица, 26", "lat": 45.037719, "long": 38.943333, "population_x": 12000.0, "poi_count": 33, "type": "pvz", "hex_id": 20, "poi_amenity": 0, "poi_shop": 0, "poi_office": 0, "poi_leisure": 0, "poi_tourism": 0, "population_y": 12000.0, "car_traffic": 35000.0, "foot_traffic": 35000.0, "attractiveness": 0.0, "poi_transport": 1, "attractiveness_updated": 0.1 }, "geometry": { "type": "Point", "coordinates": [ 4335151.999352887272835, 5627461.526640932075679 ] } },
{ "type": "Feature", "properties": { "ID": 136188, "Address": "микрорайон Кожзавод", "lat": 45.041184, "long": 38.942632, "population_x": 12000.0, "poi_count": 11, "type": "pvz", "hex_id": 20, "poi_amenity": 0, "poi_shop": 0, "poi_office": 0, "poi_leisure": 0, "poi_tourism": 0, "population_y": 12000.0, "car_traffic": 35000.0, "foot_traffic": 35000.0, "attractiveness": 0.0, "poi_transport": 5, "attractiveness_updated": 0.5 }, "geometry": { "type": "Point", "coordinates": [ 4335073.964389841072261, 5628007.395967606455088 ] } },
{ "type": "Feature", "properties": { "ID": 50017374, "Address": "Кожевенная улица, 54/2", "lat": 45.038025, "long": 38.949172, "population_x": 12000.0, "poi_count": 29, "type": "pvz", "hex_id": 20, "poi_amenity": 0, "poi_shop": 0, "poi_office": 0, "poi_leisure": 0, "poi_tourism": 0, "population_y": 12000.0, "car_traffic": 35000.0, "foot_traffic": 35000.0, "attractiveness": 0.0, "poi_transport": 2, "attractiveness_updated": 0.2 }, "geometry": { "type": "Point", "coordinates": [ 4335801.99385962728411, 5627509.731952033936977 ] } },
{ "type": "Feature", "properties": { "ID": 50012911, "Address": "улица имени Калинина, 350", "lat": 45.039935, "long": 38.949495, "population_x": 12000.0, "poi_count": 34, "type": "pvz", "hex_id": 20, "poi_amenity": 0, "poi_shop": 0, "poi_office": 0, "poi_leisure": 0, "poi_tourism": 0, "population_y": 12000.0, "car_traffic": 35000.0, "foot_traffic": 35000.0, "attractiveness": 0.0, "poi_transport": 5, "attractiveness_updated": 0.5 }, "geometry": { "type": "Point", "coordinates": [ 4335837.950055154040456, 5627810.627138764597476 ] } },
{ "type": "Feature", "properties": { "ID": 144104, "Address": "улица Володи Головатого, 174", "lat": 45.042706, "long": 38.951085, "population_x": 12000.0, "poi_count": 30, "type": "pvz", "hex_id": 20, "poi_amenity": 0, "poi_shop": 0, "poi_office": 0, "poi_leisure": 0, "poi_tourism": 0, "population_y": 12000.0, "car_traffic": 35000.0, "foot_traffic": 35000.0, "attractiveness": 0.0, "poi_transport": 5, "attractiveness_updated": 0.5 }, "geometry": { "type": "Point", "coordinates": [ 4336014.948045515455306, 5628247.179322266019881 ] } },
{ "type": "Feature", "properties": { "ID": 50022857, "Address": "улица Карла Маркса, 14", "lat": 45.038814, "long": 38.953942, "population_x": 12000.0, "poi_count": 42, "type": "pvz", "hex_id": 20, "poi_amenity": 0, "poi_shop": 0, "poi_office": 0, "poi_leisure": 0, "poi_tourism": 0, "population_y": 12000.0, "car_traffic": 35000.0, "foot_traffic": 35000.0, "attractiveness": 0.0, "poi_transport": 5, "attractiveness_updated": 0.5 }, "geometry": { "type": "Point", "coordinates": [ 4336332.987830712459981, 5627634.027227809652686 ] } },
{ "type": "Feature", "properties": { "ID": 50002472, "Address": "Северная улица, 242", "lat": 45.042738, "long": 38.957544, "population_x": 12000.0, "poi_count": 25, "type": "pvz", "hex_id": 20, "poi_amenity": 0, "poi_shop": 0, "poi_office": 0, "poi_leisure": 0, "poi_tourism": 0, "population_y": 12000.0, "car_traffic": 35000.0, "foot_traffic": 35000.0, "attractiveness": 0.0, "poi_transport": 4, "attractiveness_updated": 0.4 }, "geometry": { "type": "Point", "coordinates": [ 4336733.960636549629271, 5628252.220827889628708 ] } },
{ "type": "Feature", "properties": { "ID": 50013041, "Address": "Северная улица, 265", "lat": 45.042948, "long": 38.961937, "population_x": 12000.0, "poi_count": 26, "type": "pvz", "hex_id": 20, "poi_amenity": 0, "poi_shop": 0, "poi_office": 0, "poi_leisure": 0, "poi_tourism": 0, "population_y": 12000.0, "car_traffic": 35000.0, "foot_traffic": 35000.0, "attractiveness": 0.0, "poi_transport": 2, "attractiveness_updated": 0.2 }, "geometry": { "type": "Point", "coordinates": [ 4337222.987159605138004, 5628285.305778520181775 ] } },
{ "type": "Feature", "properties": { "ID": 2890, "Address": "улица Будённого, 78", "lat": 45.037228, "long": 38.961847, "population_x": 12000.0, "poi_count": 18, "type": "pvz", "hex_id": 20, "poi_amenity": 0, "poi_shop": 0, "poi_office": 0, "poi_leisure": 0, "poi_tourism": 0, "population_y": 12000.0, "car_traffic": 35000.0, "foot_traffic": 35000.0, "attractiveness": 0.0, "poi_transport": 4, "attractiveness_updated": 0.4 }, "geometry": { "type": "Point", "coordinates": [ 4337212.968405433930457, 5627384.178134670481086 ] } },
{ "type": "Feature", "properties": { "ID": 215158, "Address": "Октябрьская улица, 181/2к1", "lat": 45.040063, "long": 38.969249, "population_x": 39000.0, "poi_count": 68, "type": "pvz", "hex_id": 28, "poi_amenity": 0, "poi_shop": 0, "poi_office": 0, "poi_leisure": 0, "poi_tourism": 0, "population_y": 39000.0, "car_traffic": 51000.0, "foot_traffic": 95000.0, "attractiveness": 0.0, "poi_transport": 2, "attractiveness_updated": 0.2 }, "geometry": { "type": "Point", "coordinates": [ 4338036.955276285298169, 5627830.792201499454677 ] } },
{ "type": "Feature", "properties": { "ID": 210688, "Address": "Пашковская улица, 16", "lat": 45.034356, "long": 38.964407, "population_x": 12000.0, "poi_count": 23, "type": "pvz", "hex_id": 20, "poi_amenity": 0, "poi_shop": 0, "poi_office": 0, "poi_leisure": 0, "poi_tourism": 0, "population_y": 12000.0, "car_traffic": 35000.0, "foot_traffic": 35000.0, "attractiveness": 0.0, "poi_transport": 4, "attractiveness_updated": 0.4 }, "geometry": { "type": "Point", "coordinates": [ 4337497.946301864460111, 5626931.757804007269442 ] } },
{ "type": "Feature", "properties": { "ID": 211507, "Address": "Длинная улица, 86", "lat": 45.035298, "long": 38.968153, "population_x": 21000.0, "poi_count": 67, "type": "pvz", "hex_id": 27, "poi_amenity": 0, "poi_shop": 0, "poi_office": 0, "poi_leisure": 0, "poi_tourism": 0, "population_y": 21000.0, "car_traffic": 52000.0, "foot_traffic": 95000.0, "attractiveness": 0.0, "poi_transport": 6, "attractiveness_updated": 0.6 }, "geometry": { "type": "Point", "coordinates": [ 4337914.94911437574774, 5627080.146649642847478 ] } },
{ "type": "Feature", "properties": { "ID": 211019, "Address": "Рашпилевская улица, 125", "lat": 45.03391, "long": 38.971172, "population_x": 21000.0, "poi_count": 114, "type": "pvz", "hex_id": 27, "poi_amenity": 0, "poi_shop": 0, "poi_office": 0, "poi_leisure": 0, "poi_tourism": 0, "population_y": 21000.0, "car_traffic": 52000.0, "foot_traffic": 95000.0, "attractiveness": 0.0, "poi_transport": 0, "attractiveness_updated": 0.0 }, "geometry": { "type": "Point", "coordinates": [ 4338251.022657080553472, 5626861.502366039901972 ] } },
{ "type": "Feature", "properties": { "ID": 50011757, "Address": "улица Горького, 82", "lat": 45.031865, "long": 38.969249, "population_x": 21000.0, "poi_count": 135, "type": "pvz", "hex_id": 27, "poi_amenity": 0, "poi_shop": 0, "poi_office": 0, "poi_leisure": 0, "poi_tourism": 0, "population_y": 21000.0, "car_traffic": 52000.0, "foot_traffic": 95000.0, "attractiveness": 0.0, "poi_transport": 6, "attractiveness_updated": 0.6 }, "geometry": { "type": "Point", "coordinates": [ 4338036.955276285298169, 5626539.3740165354684 ] } },
{ "type": "Feature", "properties": { "ID": 1809, "Address": "Карасунская улица, 61", "lat": 45.029011, "long": 38.968594, "population_x": 21000.0, "poi_count": 221, "type": "pvz", "hex_id": 27, "poi_amenity": 0, "poi_shop": 0, "poi_office": 0, "poi_leisure": 0, "poi_tourism": 0, "population_y": 21000.0, "car_traffic": 52000.0, "foot_traffic": 95000.0, "attractiveness": 0.0, "poi_transport": 1, "attractiveness_updated": 0.1 }, "geometry": { "type": "Point", "coordinates": [ 4337964.041009816341102, 5626089.831247380003333 ] } },
{ "type": "Feature", "properties": { "ID": 212080, "Address": "Рашпилевская улица, 47", "lat": 45.024374, "long": 38.96774, "population_x": 20000.0, "poi_count": 130, "type": "pvz", "hex_id": 19, "poi_amenity": 0, "poi_shop": 0, "poi_office": 0, "poi_leisure": 0, "poi_tourism": 0, "population_y": 20000.0, "car_traffic": 29000.0, "foot_traffic": 46000.0, "attractiveness": 0.0, "poi_transport": 2, "attractiveness_updated": 0.2 }, "geometry": { "type": "Point", "coordinates": [ 4337868.974164678715169, 5625359.490174602717161 ] } },
{ "type": "Feature", "properties": { "ID": 50013962, "Address": "улица Ленина, 13", "lat": 45.025291, "long": 38.962566, "population_x": 20000.0, "poi_count": 47, "type": "pvz", "hex_id": 19, "poi_amenity": 0, "poi_shop": 0, "poi_office": 0, "poi_leisure": 0, "poi_tourism": 0, "population_y": 20000.0, "car_traffic": 29000.0, "foot_traffic": 46000.0, "attractiveness": 0.0, "poi_transport": 1, "attractiveness_updated": 0.1 }, "geometry": { "type": "Point", "coordinates": [ 4337293.007119313813746, 5625503.915665809065104 ] } },
{ "type": "Feature", "properties": { "ID": 142316, "Address": "улица Кубанская Набережная, 37/11", "lat": 45.024336, "long": 38.958371, "population_x": 20000.0, "poi_count": 56, "type": "pvz", "hex_id": 19, "poi_amenity": 0, "poi_shop": 0, "poi_office": 0, "poi_leisure": 0, "poi_tourism": 0, "population_y": 20000.0, "car_traffic": 29000.0, "foot_traffic": 46000.0, "attractiveness": 0.0, "poi_transport": 1, "attractiveness_updated": 0.1 }, "geometry": { "type": "Point", "coordinates": [ 4336826.021855436265469, 5625353.505307768471539 ] } },
{ "type": "Feature", "properties": { "ID": 3106, "Address": "улица Орджоникидзе, 2", "lat": 45.023737, "long": 38.960194, "population_x": 20000.0, "poi_count": 53, "type": "pvz", "hex_id": 19, "poi_amenity": 0, "poi_shop": 0, "poi_office": 0, "poi_leisure": 0, "poi_tourism": 0, "population_y": 20000.0, "car_traffic": 29000.0, "foot_traffic": 46000.0, "attractiveness": 0.0, "poi_transport": 3, "attractiveness_updated": 0.3 }, "geometry": { "type": "Point", "coordinates": [ 4337028.957287152297795, 5625259.165431722998619 ] } },
{ "type": "Feature", "properties": { "ID": 319049, "Address": "улица Мира, 19", "lat": 45.021927, "long": 38.963572, "population_x": 20000.0, "poi_count": 76, "type": "pvz", "hex_id": 19, "poi_amenity": 0, "poi_shop": 0, "poi_office": 0, "poi_leisure": 0, "poi_tourism": 0, "population_y": 20000.0, "car_traffic": 29000.0, "foot_traffic": 46000.0, "attractiveness": 0.0, "poi_transport": 4, "attractiveness_updated": 0.4 }, "geometry": { "type": "Point", "coordinates": [ 4337404.994527052156627, 5624974.104358170181513 ] } },
{ "type": "Feature", "properties": { "ID": 50015771, "Address": "улица Кубанская Набережная, 31/1", "lat": 45.021908, "long": 38.95811, "population_x": 20000.0, "poi_count": 53, "type": "pvz", "hex_id": 19, "poi_amenity": 0, "poi_shop": 0, "poi_office": 0, "poi_leisure": 0, "poi_tourism": 0, "population_y": 20000.0, "car_traffic": 29000.0, "foot_traffic": 46000.0, "attractiveness": 0.0, "poi_transport": 1, "attractiveness_updated": 0.1 }, "geometry": { "type": "Point", "coordinates": [ 4336796.967468339018524, 5624971.112052159383893 ] } },
{ "type": "Feature", "properties": { "ID": 214583, "Address": "Постовая улица, 29", "lat": 45.016869, "long": 38.960437, "population_x": 20000.0, "poi_count": 84, "type": "pvz", "hex_id": 19, "poi_amenity": 0, "poi_shop": 0, "poi_office": 0, "poi_leisure": 0, "poi_tourism": 0, "population_y": 20000.0, "car_traffic": 29000.0, "foot_traffic": 46000.0, "attractiveness": 0.0, "poi_transport": 0, "attractiveness_updated": 0.0 }, "geometry": { "type": "Point", "coordinates": [ 4337056.007923414930701, 5624177.556052044034004 ] } },
{ "type": "Feature", "properties": { "ID": 155290, "Address": "улица Кубанская Набережная, 2", "lat": 45.014371, "long": 38.958766, "population_x": 20000.0, "poi_count": 68, "type": "pvz", "hex_id": 19, "poi_amenity": 0, "poi_shop": 0, "poi_office": 0, "poi_leisure": 0, "poi_tourism": 0, "population_y": 20000.0, "car_traffic": 29000.0, "foot_traffic": 46000.0, "attractiveness": 0.0, "poi_transport": 3, "attractiveness_updated": 0.3 }, "geometry": { "type": "Point", "coordinates": [ 4336869.993054299615324, 5623784.189822636544704 ] } },
{ "type": "Feature", "properties": { "ID": 213460, "Address": "улица Николая Кондратенко, 6к1", "lat": 45.013938, "long": 38.964515, "population_x": 20000.0, "poi_count": 112, "type": "pvz", "hex_id": 19, "poi_amenity": 0, "poi_shop": 0, "poi_office": 0, "poi_leisure": 0, "poi_tourism": 0, "population_y": 20000.0, "car_traffic": 29000.0, "foot_traffic": 46000.0, "attractiveness": 0.0, "poi_transport": 1, "attractiveness_updated": 0.1 }, "geometry": { "type": "Point", "coordinates": [ 4337509.968806868419051, 5623716.005988179706037 ] } },
{ "type": "Feature", "properties": { "ID": 5427, "Address": "улица Захарова, 31", "lat": 45.007444, "long": 38.967049, "population_x": 20000.0, "poi_count": 23, "type": "pvz", "hex_id": 19, "poi_amenity": 0, "poi_shop": 0, "poi_office": 0, "poi_leisure": 0, "poi_tourism": 0, "population_y": 20000.0, "car_traffic": 29000.0, "foot_traffic": 46000.0, "attractiveness": 0.0, "poi_transport": 2, "attractiveness_updated": 0.2 }, "geometry": { "type": "Point", "coordinates": [ 4337792.052396540530026, 5622693.467778677120805 ] } },
{ "type": "Feature", "properties": { "ID": 360286, "Address": "1-й Нефтезаводской проезд, 4", "lat": 45.004608, "long": 38.965045, "population_x": 20000.0, "poi_count": 21, "type": "pvz", "hex_id": 19, "poi_amenity": 0, "poi_shop": 0, "poi_office": 0, "poi_leisure": 0, "poi_tourism": 0, "population_y": 20000.0, "car_traffic": 29000.0, "foot_traffic": 46000.0, "attractiveness": 0.0, "poi_transport": 6, "attractiveness_updated": 0.6 }, "geometry": { "type": "Point", "coordinates": [ 4337568.968136991374195, 5622246.950656890869141 ] } },
{ "type": "Feature", "properties": { "ID": 312402, "Address": "Песчаная улица, 9", "lat": 45.007126, "long": 38.963024, "population_x": 20000.0, "poi_count": 17, "type": "pvz", "hex_id": 19, "poi_amenity": 0, "poi_shop": 0, "poi_office": 0, "poi_leisure": 0, "poi_tourism": 0, "population_y": 20000.0, "car_traffic": 29000.0, "foot_traffic": 46000.0, "attractiveness": 0.0, "poi_transport": 1, "attractiveness_updated": 0.1 }, "geometry": { "type": "Point", "coordinates": [ 4337343.99144609645009, 5622643.398820448666811 ] } },
{ "type": "Feature", "properties": { "ID": 125903, "Address": "Индустриальная улица, 54/1", "lat": 45.006979, "long": 38.96076, "population_x": 20000.0, "poi_count": 10, "type": "pvz", "hex_id": 19, "poi_amenity": 0, "poi_shop": 0, "poi_office": 0, "poi_leisure": 0, "poi_tourism": 0, "population_y": 20000.0, "car_traffic": 29000.0, "foot_traffic": 46000.0, "attractiveness": 0.0, "poi_transport": 3, "attractiveness_updated": 0.3 }, "geometry": { "type": "Point", "coordinates": [ 4337091.964118941687047, 5622620.25382992438972 ] } },
{ "type": "Feature", "properties": { "ID": 321994, "Address": "улица Коммунаров, 12", "lat": 45.015365, "long": 38.972061, "population_x": 20000.0, "poi_count": 60, "type": "pvz", "hex_id": 19, "poi_amenity": 0, "poi_shop": 0, "poi_office": 0, "poi_leisure": 0, "poi_tourism": 0, "population_y": 20000.0, "car_traffic": 29000.0, "foot_traffic": 46000.0, "attractiveness": 0.0, "poi_transport": 9, "attractiveness_updated": 0.9 }, "geometry": { "type": "Point", "coordinates": [ 4338349.985684395767748, 5623940.715402041561902 ] } },
{ "type": "Feature", "properties": { "ID": 50008881, "Address": "Советская улица, 59", "lat": 45.016945, "long": 38.97454, "population_x": 20000.0, "poi_count": 33, "type": "pvz", "hex_id": 19, "poi_amenity": 0, "poi_shop": 0, "poi_office": 0, "poi_leisure": 0, "poi_tourism": 0, "population_y": 20000.0, "car_traffic": 29000.0, "foot_traffic": 46000.0, "attractiveness": 0.0, "poi_transport": 7, "attractiveness_updated": 0.7 }, "geometry": { "type": "Point", "coordinates": [ 4338625.946702072396874, 5624189.524228722788393 ] } },
{ "type": "Feature", "properties": { "ID": 50019523, "Address": "улица Коммунаров, 33", "lat": 45.019831, "long": 38.973067, "population_x": 20000.0, "poi_count": 74, "type": "pvz", "hex_id": 19, "poi_amenity": 0, "poi_shop": 0, "poi_office": 0, "poi_leisure": 0, "poi_tourism": 0, "population_y": 20000.0, "car_traffic": 29000.0, "foot_traffic": 46000.0, "attractiveness": 0.0, "poi_transport": 8, "attractiveness_updated": 0.8 }, "geometry": { "type": "Point", "coordinates": [ 4338461.973092133179307, 5624644.011745546013117 ] } },
{ "type": "Feature", "properties": { "ID": 306046, "Address": "улица Мира, 55", "lat": 45.019621, "long": 38.978125, "population_x": 21000.0, "poi_count": 26, "type": "pvz", "hex_id": 27, "poi_amenity": 0, "poi_shop": 0, "poi_office": 0, "poi_leisure": 0, "poi_tourism": 0, "population_y": 21000.0, "car_traffic": 52000.0, "foot_traffic": 95000.0, "attractiveness": 0.0, "poi_transport": 3, "attractiveness_updated": 0.3 }, "geometry": { "type": "Point", "coordinates": [ 4339025.027076567523181, 5624610.940155512653291 ] } },
{ "type": "Feature", "properties": { "ID": 172240, "Address": "улица Ленина, 90/2", "lat": 45.019774, "long": 38.983613, "population_x": 7500.0, "poi_count": 36, "type": "pvz", "hex_id": 26, "poi_amenity": 0, "poi_shop": 0, "poi_office": 0, "poi_leisure": 0, "poi_tourism": 0, "population_y": 7500.0, "car_traffic": 20000.0, "foot_traffic": 20000.0, "attractiveness": 0.0, "poi_transport": 2, "attractiveness_updated": 0.2 }, "geometry": { "type": "Point", "coordinates": [ 4339635.948442040011287, 5624635.035159112885594 ] } },
{ "type": "Feature", "properties": { "ID": 159277, "Address": "улица Ленина, 52", "lat": 45.023087, "long": 38.973741, "population_x": 21000.0, "poi_count": 117, "type": "pvz", "hex_id": 27, "poi_amenity": 0, "poi_shop": 0, "poi_office": 0, "poi_leisure": 0, "poi_tourism": 0, "population_y": 21000.0, "car_traffic": 52000.0, "foot_traffic": 95000.0, "attractiveness": 0.0, "poi_transport": 4, "attractiveness_updated": 0.4 }, "geometry": { "type": "Point", "coordinates": [ 4338537.002428928390145, 5625156.794395822100341 ] } },
{ "type": "Feature", "properties": { "ID": 50006259, "Address": "улица Митрофана Седина, 51А", "lat": 45.023469, "long": 38.976723, "population_x": 21000.0, "poi_count": 47, "type": "pvz", "hex_id": 27, "poi_amenity": 0, "poi_shop": 0, "poi_office": 0, "poi_leisure": 0, "poi_tourism": 0, "population_y": 21000.0, "car_traffic": 52000.0, "foot_traffic": 95000.0, "attractiveness": 0.0, "poi_transport": 4, "attractiveness_updated": 0.4 }, "geometry": { "type": "Point", "coordinates": [ 4338868.957150474190712, 5625216.956925330683589 ] } },
{ "type": "Feature", "properties": { "ID": 50017354, "Address": "улица Гоголя, 75", "lat": 45.026132, "long": 38.976454, "population_x": 21000.0, "poi_count": 156, "type": "pvz", "hex_id": 27, "poi_amenity": 0, "poi_shop": 0, "poi_office": 0, "poi_leisure": 0, "poi_tourism": 0, "population_y": 21000.0, "car_traffic": 52000.0, "foot_traffic": 95000.0, "attractiveness": 0.0, "poi_transport": 6, "attractiveness_updated": 0.6 }, "geometry": { "type": "Point", "coordinates": [ 4338839.012207449413836, 5625636.373357363976538 ] } },
{ "type": "Feature", "properties": { "ID": 50005049, "Address": "улица Леваневского, 40", "lat": 45.026393, "long": 38.98232, "population_x": 21000.0, "poi_count": 12, "type": "pvz", "hex_id": 27, "poi_amenity": 0, "poi_shop": 0, "poi_office": 0, "poi_leisure": 0, "poi_tourism": 0, "population_y": 21000.0, "car_traffic": 52000.0, "foot_traffic": 95000.0, "attractiveness": 0.0, "poi_transport": 2, "attractiveness_updated": 0.2 }, "geometry": { "type": "Point", "coordinates": [ 4339492.012340444140136, 5625677.481312496587634 ] } },
{ "type": "Feature", "properties": { "ID": 50008255, "Address": "улица Горького, 169", "lat": 45.02984, "long": 38.982868, "population_x": 21000.0, "poi_count": 14, "type": "pvz", "hex_id": 27, "poi_amenity": 0, "poi_shop": 0, "poi_office": 0, "poi_leisure": 0, "poi_tourism": 0, "population_y": 21000.0, "car_traffic": 52000.0, "foot_traffic": 95000.0, "attractiveness": 0.0, "poi_transport": 4, "attractiveness_updated": 0.4 }, "geometry": { "type": "Point", "coordinates": [ 4339553.01542139891535, 5626220.407408229075372 ] } },
{ "type": "Feature", "properties": { "ID": 50011386, "Address": "улица Митрофана Седина, 102", "lat": 45.02982, "long": 38.979266, "population_x": 21000.0, "poi_count": 28, "type": "pvz", "hex_id": 27, "poi_amenity": 0, "poi_shop": 0, "poi_office": 0, "poi_leisure": 0, "poi_tourism": 0, "population_y": 21000.0, "car_traffic": 52000.0, "foot_traffic": 95000.0, "attractiveness": 0.0, "poi_transport": 4, "attractiveness_updated": 0.4 }, "geometry": { "type": "Point", "coordinates": [ 4339152.042615560814738, 5626217.257177016697824 ] } },
{ "type": "Feature", "properties": { "ID": 134871, "Address": "улица Коммунаров, 109", "lat": 45.032407, "long": 38.977262, "population_x": 21000.0, "poi_count": 68, "type": "pvz", "hex_id": 27, "poi_amenity": 0, "poi_shop": 0, "poi_office": 0, "poi_leisure": 0, "poi_tourism": 0, "population_y": 21000.0, "car_traffic": 52000.0, "foot_traffic": 95000.0, "attractiveness": 0.0, "poi_transport": 6, "attractiveness_updated": 0.6 }, "geometry": { "type": "Point", "coordinates": [ 4338928.95835601259023, 5626624.748722072690725 ] } },
{ "type": "Feature", "properties": { "ID": 329651, "Address": "улица Митрофана Седина, 141", "lat": 45.033986, "long": 38.9802, "population_x": 21000.0, "poi_count": 26, "type": "pvz", "hex_id": 27, "poi_amenity": 0, "poi_shop": 0, "poi_office": 0, "poi_leisure": 0, "poi_tourism": 0, "population_y": 21000.0, "car_traffic": 52000.0, "foot_traffic": 95000.0, "attractiveness": 0.0, "poi_transport": 2, "attractiveness_updated": 0.2 }, "geometry": { "type": "Point", "coordinates": [ 4339256.015019963495433, 5626873.474106007255614 ] } },
{ "type": "Feature", "properties": { "ID": 317079, "Address": "улица Суворова, 137", "lat": 45.023297, "long": 38.987099, "population_x": 21000.0, "poi_count": 36, "type": "pvz", "hex_id": 27, "poi_amenity": 0, "poi_shop": 0, "poi_office": 0, "poi_leisure": 0, "poi_tourism": 0, "population_y": 21000.0, "car_traffic": 52000.0, "foot_traffic": 95000.0, "attractiveness": 0.0, "poi_transport": 7, "attractiveness_updated": 0.7 }, "geometry": { "type": "Point", "coordinates": [ 4340024.008186945691705, 5625189.867988015525043 ] } },
{ "type": "Feature", "properties": { "ID": 327650, "Address": "Железнодорожная улица, 23/1", "lat": 45.023597, "long": 38.991213, "population_x": 21000.0, "poi_count": 39, "type": "pvz", "hex_id": 27, "poi_amenity": 0, "poi_shop": 0, "poi_office": 0, "poi_leisure": 0, "poi_tourism": 0, "population_y": 21000.0, "car_traffic": 52000.0, "foot_traffic": 95000.0, "attractiveness": 0.0, "poi_transport": 5, "attractiveness_updated": 0.5 }, "geometry": { "type": "Point", "coordinates": [ 4340481.976572069339454, 5625237.116187319159508 ] } },
{ "type": "Feature", "properties": { "ID": 144910, "Address": "Железнодорожная улица, 31", "lat": 45.023896, "long": 38.992192, "population_x": 21000.0, "poi_count": 31, "type": "pvz", "hex_id": 27, "poi_amenity": 0, "poi_shop": 0, "poi_office": 0, "poi_leisure": 0, "poi_tourism": 0, "population_y": 21000.0, "car_traffic": 52000.0, "foot_traffic": 95000.0, "attractiveness": 0.0, "poi_transport": 4, "attractiveness_updated": 0.4 }, "geometry": { "type": "Point", "coordinates": [ 4340590.958353555761278, 5625284.207138982601464 ] } },
{ "type": "Feature", "properties": { "ID": 50022194, "Address": "Казачья улица, 22/1", "lat": 45.03019, "long": 38.99495, "population_x": 21000.0, "poi_count": 8, "type": "pvz", "hex_id": 27, "poi_amenity": 0, "poi_shop": 0, "poi_office": 0, "poi_leisure": 0, "poi_tourism": 0, "population_y": 21000.0, "car_traffic": 52000.0, "foot_traffic": 95000.0, "attractiveness": 0.0, "poi_transport": 0, "attractiveness_updated": 0.0 }, "geometry": { "type": "Point", "coordinates": [ 4340897.977509163320065, 5626275.536632591858506 ] } },
{ "type": "Feature", "properties": { "ID": 169830, "Address": "Садовая улица, 6", "lat": 45.029158, "long": 38.991231, "population_x": 21000.0, "poi_count": 22, "type": "pvz", "hex_id": 27, "poi_amenity": 0, "poi_shop": 0, "poi_office": 0, "poi_leisure": 0, "poi_tourism": 0, "population_y": 21000.0, "car_traffic": 52000.0, "foot_traffic": 95000.0, "attractiveness": 0.0, "poi_transport": 6, "attractiveness_updated": 0.6 }, "geometry": { "type": "Point", "coordinates": [ 4340483.98032290302217, 5626112.985145195387304 ] } },
{ "type": "Feature", "properties": { "ID": 50002078, "Address": "Длинная улица, 203", "lat": 45.032738, "long": 38.984961, "population_x": 21000.0, "poi_count": 9, "type": "pvz", "hex_id": 27, "poi_amenity": 0, "poi_shop": 0, "poi_office": 0, "poi_leisure": 0, "poi_tourism": 0, "population_y": 21000.0, "car_traffic": 52000.0, "foot_traffic": 95000.0, "attractiveness": 0.0, "poi_transport": 0, "attractiveness_updated": 0.0 }, "geometry": { "type": "Point", "coordinates": [ 4339786.007115628570318, 5626676.887546917423606 ] } },
{ "type": "Feature", "properties": { "ID": 311084, "Address": "улица Володарского, 5/1", "lat": 45.029502, "long": 39.003646, "population_x": 25000.0, "poi_count": 13, "type": "pvz", "hex_id": 35, "poi_amenity": 0, "poi_shop": 0, "poi_office": 0, "poi_leisure": 0, "poi_tourism": 0, "population_y": 25000.0, "car_traffic": 47000.0, "foot_traffic": 50000.0, "attractiveness": 0.0, "poi_transport": 2, "attractiveness_updated": 0.2 }, "geometry": { "type": "Point", "coordinates": [ 4341866.01180110219866, 5626167.168648675084114 ] } },
{ "type": "Feature", "properties": { "ID": 312025, "Address": "Промышленная улица, 19/1", "lat": 45.042139, "long": 38.986892, "population_x": 21000.0, "poi_count": 30, "type": "pvz", "hex_id": 27, "poi_amenity": 0, "poi_shop": 0, "poi_office": 0, "poi_leisure": 0, "poi_tourism": 0, "population_y": 21000.0, "car_traffic": 52000.0, "foot_traffic": 95000.0, "attractiveness": 0.0, "poi_transport": 0, "attractiveness_updated": 0.0 }, "geometry": { "type": "Point", "coordinates": [ 4340000.96505235042423, 5628157.850612139329314 ] } },
{ "type": "Feature", "properties": { "ID": 50032099, "Address": "Промышленная улица, 21/9", "lat": 45.041031, "long": 38.989435, "population_x": 21000.0, "poi_count": 37, "type": "pvz", "hex_id": 27, "poi_amenity": 0, "poi_shop": 0, "poi_office": 0, "poi_leisure": 0, "poi_tourism": 0, "population_y": 21000.0, "car_traffic": 52000.0, "foot_traffic": 95000.0, "attractiveness": 0.0, "poi_transport": 0, "attractiveness_updated": 0.0 }, "geometry": { "type": "Point", "coordinates": [ 4340284.050517438910902, 5627983.291949059814215 ] } },
{ "type": "Feature", "properties": { "ID": 172245, "Address": "улица Леваневского, 187", "lat": 45.040139, "long": 38.986829, "population_x": 21000.0, "poi_count": 44, "type": "pvz", "hex_id": 27, "poi_amenity": 0, "poi_shop": 0, "poi_office": 0, "poi_leisure": 0, "poi_tourism": 0, "population_y": 21000.0, "car_traffic": 52000.0, "foot_traffic": 95000.0, "attractiveness": 0.0, "poi_transport": 0, "attractiveness_updated": 0.0 }, "geometry": { "type": "Point", "coordinates": [ 4339993.951924431137741, 5627842.765228845179081 ] } },
{ "type": "Feature", "properties": { "ID": 206380, "Address": "улица Володи Головатого, 335", "lat": 45.038063, "long": 38.979921, "population_x": 21000.0, "poi_count": 66, "type": "pvz", "hex_id": 27, "poi_amenity": 0, "poi_shop": 0, "poi_office": 0, "poi_leisure": 0, "poi_tourism": 0, "population_y": 21000.0, "car_traffic": 52000.0, "foot_traffic": 95000.0, "attractiveness": 0.0, "poi_transport": 6, "attractiveness_updated": 0.6 }, "geometry": { "type": "Point", "coordinates": [ 4339224.956882029771805, 5627515.718250492587686 ] } },
{ "type": "Feature", "properties": { "ID": 50013942, "Address": "Красноармейская улица, 131", "lat": 45.038993, "long": 38.977199, "population_x": 21000.0, "poi_count": 170, "type": "pvz", "hex_id": 27, "poi_amenity": 0, "poi_shop": 0, "poi_office": 0, "poi_leisure": 0, "poi_tourism": 0, "population_y": 21000.0, "car_traffic": 52000.0, "foot_traffic": 95000.0, "attractiveness": 0.0, "poi_transport": 1, "attractiveness_updated": 0.1 }, "geometry": { "type": "Point", "coordinates": [ 4338921.945228090509772, 5627662.226267812773585 ] } },
{ "type": "Feature", "properties": { "ID": 50006250, "Address": "улица Хакурате, 10к1", "lat": 45.041674, "long": 38.978628, "population_x": 21000.0, "poi_count": 103, "type": "pvz", "hex_id": 27, "poi_amenity": 0, "poi_shop": 0, "poi_office": 0, "poi_leisure": 0, "poi_tourism": 0, "population_y": 21000.0, "car_traffic": 52000.0, "foot_traffic": 95000.0, "attractiveness": 0.0, "poi_transport": 6, "attractiveness_updated": 0.6 }, "geometry": { "type": "Point", "coordinates": [ 4339081.020780435763299, 5628084.59227779135108 ] } },
{ "type": "Feature", "properties": { "ID": 213607, "Address": "улица Хакурате, 4", "lat": 45.042305, "long": 38.975475, "population_x": 39000.0, "poi_count": 127, "type": "pvz", "hex_id": 28, "poi_amenity": 0, "poi_shop": 0, "poi_office": 0, "poi_leisure": 0, "poi_tourism": 0, "population_y": 39000.0, "car_traffic": 51000.0, "foot_traffic": 95000.0, "attractiveness": 0.0, "poi_transport": 3, "attractiveness_updated": 0.3 }, "geometry": { "type": "Point", "coordinates": [ 4338730.030425963923335, 5628184.003193995915353 ] } },
{ "type": "Feature", "properties": { "ID": 50016730, "Address": "Садовая улица, 112", "lat": 45.040356, "long": 38.995211, "population_x": 25000.0, "poi_count": 40, "type": "pvz", "hex_id": 36, "poi_amenity": 0, "poi_shop": 0, "poi_office": 0, "poi_leisure": 0, "poi_tourism": 0, "population_y": 25000.0, "car_traffic": 41000.0, "foot_traffic": 52000.0, "attractiveness": 0.0, "poi_transport": 5, "attractiveness_updated": 0.5 }, "geometry": { "type": "Point", "coordinates": [ 4340927.031896259635687, 5627876.951460241340101 ] } },
{ "type": "Feature", "properties": { "ID": 130439, "Address": "Березанская улица, 89", "lat": 45.039929, "long": 38.998606, "population_x": 25000.0, "poi_count": 10, "type": "pvz", "hex_id": 36, "poi_amenity": 0, "poi_shop": 0, "poi_office": 0, "poi_leisure": 0, "poi_tourism": 0, "population_y": 25000.0, "car_traffic": 41000.0, "foot_traffic": 52000.0, "attractiveness": 0.0, "poi_transport": 0, "attractiveness_updated": 0.0 }, "geometry": { "type": "Point", "coordinates": [ 4341304.961567502468824, 5627809.68190255574882 ] } },
{ "type": "Feature", "properties": { "ID": 50001545, "Address": "Садовая улица, 85", "lat": 45.035598, "long": 38.993046, "population_x": 21000.0, "poi_count": 52, "type": "pvz", "hex_id": 27, "poi_amenity": 0, "poi_shop": 0, "poi_office": 0, "poi_leisure": 0, "poi_tourism": 0, "population_y": 21000.0, "car_traffic": 52000.0, "foot_traffic": 95000.0, "attractiveness": 0.0, "poi_transport": 3, "attractiveness_updated": 0.3 }, "geometry": { "type": "Point", "coordinates": [ 4340686.025198692455888, 5627127.404756627976894 ] } },
{ "type": "Feature", "properties": { "ID": 126997, "Address": "Северная улица, 411", "lat": 45.037228, "long": 38.996576, "population_x": 25000.0, "poi_count": 44, "type": "pvz", "hex_id": 36, "poi_amenity": 0, "poi_shop": 0, "poi_office": 0, "poi_leisure": 0, "poi_tourism": 0, "population_y": 25000.0, "car_traffic": 41000.0, "foot_traffic": 52000.0, "attractiveness": 0.0, "poi_transport": 3, "attractiveness_updated": 0.3 }, "geometry": { "type": "Point", "coordinates": [ 4341078.983001192100346, 5627384.178134670481086 ] } },
{ "type": "Feature", "properties": { "ID": 50009505, "Address": "Северная улица, 500", "lat": 45.036502, "long": 38.998238, "population_x": 25000.0, "poi_count": 27, "type": "pvz", "hex_id": 36, "poi_amenity": 0, "poi_shop": 0, "poi_office": 0, "poi_leisure": 0, "poi_tourism": 0, "population_y": 25000.0, "car_traffic": 41000.0, "foot_traffic": 52000.0, "attractiveness": 0.0, "poi_transport": 2, "attractiveness_updated": 0.2 }, "geometry": { "type": "Point", "coordinates": [ 4341263.99599489197135, 5627269.810683776624501 ] } },
{ "type": "Feature", "properties": { "ID": 311084, "Address": "улица Володарского, 5/1", "lat": 45.029502, "long": 39.003646, "population_x": 25000.0, "poi_count": 13, "type": "pvz", "hex_id": 35, "poi_amenity": 0, "poi_shop": 0, "poi_office": 0, "poi_leisure": 0, "poi_tourism": 0, "population_y": 25000.0, "car_traffic": 47000.0, "foot_traffic": 50000.0, "attractiveness": 0.0, "poi_transport": 2, "attractiveness_updated": 0.2 }, "geometry": { "type": "Point", "coordinates": [ 4341866.01180110219866, 5626167.168648675084114 ] } },
{ "type": "Feature", "properties": { "ID": 214958, "Address": "улица Володарского, 47", "lat": 45.034286, "long": 39.005263, "population_x": 25000.0, "poi_count": 21, "type": "pvz", "hex_id": 35, "poi_amenity": 0, "poi_shop": 0, "poi_office": 0, "poi_leisure": 0, "poi_tourism": 0, "population_y": 25000.0, "car_traffic": 47000.0, "foot_traffic": 50000.0, "attractiveness": 0.0, "poi_transport": 0, "attractiveness_updated": 0.0 }, "geometry": { "type": "Point", "coordinates": [ 4342046.015417714603245, 5626920.731129538267851 ] } },
{ "type": "Feature", "properties": { "ID": 3090, "Address": "Промышленная улица, 49/2", "lat": 45.038751, "long": 39.003942, "population_x": 25000.0, "poi_count": 12, "type": "pvz", "hex_id": 36, "poi_amenity": 0, "poi_shop": 0, "poi_office": 0, "poi_leisure": 0, "poi_tourism": 0, "population_y": 25000.0, "car_traffic": 41000.0, "foot_traffic": 52000.0, "attractiveness": 0.0, "poi_transport": 0, "attractiveness_updated": 0.0 }, "geometry": { "type": "Point", "coordinates": [ 4341898.962370375171304, 5627624.102447009645402 ] } },
{ "type": "Feature", "properties": { "ID": 335637, "Address": "Передовая улица, 65", "lat": 45.039114, "long": 39.008605, "population_x": 25000.0, "poi_count": 9, "type": "pvz", "hex_id": 36, "poi_amenity": 0, "poi_shop": 0, "poi_office": 0, "poi_leisure": 0, "poi_tourism": 0, "population_y": 25000.0, "car_traffic": 41000.0, "foot_traffic": 52000.0, "attractiveness": 0.0, "poi_transport": 0, "attractiveness_updated": 0.0 }, "geometry": { "type": "Point", "coordinates": [ 4342418.045155945234001, 5627681.28823868278414 ] } },
{ "type": "Feature", "properties": { "ID": 314375, "Address": "улица 9 Мая, 48/1к1", "lat": 45.033095, "long": 39.019941, "population_x": 25000.0, "poi_count": 20, "type": "pvz", "hex_id": 35, "poi_amenity": 0, "poi_shop": 0, "poi_office": 0, "poi_leisure": 0, "poi_tourism": 0, "population_y": 25000.0, "car_traffic": 47000.0, "foot_traffic": 50000.0, "attractiveness": 0.0, "poi_transport": 1, "attractiveness_updated": 0.1 }, "geometry": { "type": "Point", "coordinates": [ 4343679.96290357876569, 5626733.122206587344408 ] } },
{ "type": "Feature", "properties": { "ID": 50034108, "Address": "Плановый проезд, 9", "lat": 45.034165, "long": 39.01721, "population_x": 25000.0, "poi_count": 29, "type": "pvz", "hex_id": 35, "poi_amenity": 0, "poi_shop": 0, "poi_office": 0, "poi_leisure": 0, "poi_tourism": 0, "population_y": 25000.0, "car_traffic": 47000.0, "foot_traffic": 50000.0, "attractiveness": 0.0, "poi_transport": 3, "attractiveness_updated": 0.3 }, "geometry": { "type": "Point", "coordinates": [ 4343375.949374221265316, 5626901.670766903087497 ] } },
{ "type": "Feature", "properties": { "ID": 137023, "Address": "улица Филатова, 19", "lat": 45.035725, "long": 39.015549, "population_x": 25000.0, "poi_count": 35, "type": "pvz", "hex_id": 35, "poi_amenity": 0, "poi_shop": 0, "poi_office": 0, "poi_leisure": 0, "poi_tourism": 0, "population_y": 25000.0, "car_traffic": 47000.0, "foot_traffic": 50000.0, "attractiveness": 0.0, "poi_transport": 2, "attractiveness_updated": 0.2 }, "geometry": { "type": "Point", "coordinates": [ 4343191.047700013965368, 5627147.410763224586844 ] } },
{ "type": "Feature", "properties": { "ID": 50017960, "Address": "Школьная улица, 5", "lat": 45.036604, "long": 39.017938, "population_x": 25000.0, "poi_count": 45, "type": "pvz", "hex_id": 35, "poi_amenity": 0, "poi_shop": 0, "poi_office": 0, "poi_leisure": 0, "poi_tourism": 0, "population_y": 25000.0, "car_traffic": 47000.0, "foot_traffic": 50000.0, "attractiveness": 0.0, "poi_transport": 2, "attractiveness_updated": 0.2 }, "geometry": { "type": "Point", "coordinates": [ 4343456.989963519386947, 5627285.87875042296946 ] } },
{ "type": "Feature", "properties": { "ID": 123498, "Address": "Школьная улица, 13", "lat": 45.03663, "long": 39.022331, "population_x": 25000.0, "poi_count": 51, "type": "pvz", "hex_id": 43, "poi_amenity": 0, "poi_shop": 0, "poi_office": 0, "poi_leisure": 0, "poi_tourism": 0, "population_y": 25000.0, "car_traffic": 42000.0, "foot_traffic": 41000.0, "attractiveness": 0.0, "poi_transport": 2, "attractiveness_updated": 0.2 }, "geometry": { "type": "Point", "coordinates": [ 4343946.016486573033035, 5627289.974536701105535 ] } },
{ "type": "Feature", "properties": { "ID": 308981, "Address": "улица Академика Пустовойта, 4/1", "lat": 45.038502, "long": 39.019636, "population_x": 25000.0, "poi_count": 53, "type": "pvz", "hex_id": 43, "poi_amenity": 0, "poi_shop": 0, "poi_office": 0, "poi_leisure": 0, "poi_tourism": 0, "population_y": 25000.0, "car_traffic": 42000.0, "foot_traffic": 41000.0, "attractiveness": 0.0, "poi_transport": 0, "attractiveness_updated": 0.0 }, "geometry": { "type": "Point", "coordinates": [ 4343646.01045888569206, 5627584.876039362512529 ] } },
{ "type": "Feature", "properties": { "ID": 110564, "Address": "Черниговская улица, 8", "lat": 45.039419, "long": 39.019295, "population_x": 25000.0, "poi_count": 38, "type": "pvz", "hex_id": 43, "poi_amenity": 0, "poi_shop": 0, "poi_office": 0, "poi_leisure": 0, "poi_tourism": 0, "population_y": 25000.0, "car_traffic": 42000.0, "foot_traffic": 41000.0, "attractiveness": 0.0, "poi_transport": 0, "attractiveness_updated": 0.0 }, "geometry": { "type": "Point", "coordinates": [ 4343608.050512525252998, 5627729.337187095545232 ] } },
{ "type": "Feature", "properties": { "ID": 317467, "Address": "улица Академика Пустовойта, 25", "lat": 45.041311, "long": 39.024235, "population_x": 25000.0, "poi_count": 46, "type": "pvz", "hex_id": 43, "poi_amenity": 0, "poi_shop": 0, "poi_office": 0, "poi_leisure": 0, "poi_tourism": 0, "population_y": 25000.0, "car_traffic": 42000.0, "foot_traffic": 41000.0, "attractiveness": 0.0, "poi_transport": 0, "attractiveness_updated": 0.0 }, "geometry": { "type": "Point", "coordinates": [ 4344157.968797042965889, 5628027.403927387669683 ] } },
{ "type": "Feature", "properties": { "ID": 50016277, "Address": "\nулица имени Валерия Гассия, 22", "lat": 44.989585, "long": 39.075089, "population_x": 36000.0, "poi_count": 9, "type": "pvz", "hex_id": 49, "poi_amenity": 0, "poi_shop": 0, "poi_office": 0, "poi_leisure": 0, "poi_tourism": 0, "population_y": 36000.0, "car_traffic": 6500.0, "foot_traffic": 21000.0, "attractiveness": 0.0, "poi_transport": 0, "attractiveness_updated": 0.0 }, "geometry": { "type": "Point", "coordinates": [ 4349819.010181845165789, 5619882.006594757549465 ] } },
{ "type": "Feature", "properties": { "ID": 207218, "Address": "улица имени Валерия Гассия, 13", "lat": 44.99174, "long": 39.074271, "population_x": 36000.0, "poi_count": 18, "type": "pvz", "hex_id": 49, "poi_amenity": 0, "poi_shop": 0, "poi_office": 0, "poi_leisure": 0, "poi_tourism": 0, "population_y": 36000.0, "car_traffic": 6500.0, "foot_traffic": 21000.0, "attractiveness": 0.0, "poi_transport": 1, "attractiveness_updated": 0.1 }, "geometry": { "type": "Point", "coordinates": [ 4349727.950838375836611, 5620221.211963970214128 ] } },
{ "type": "Feature", "properties": { "ID": 3849, "Address": "улица Автолюбителей, 1Дк1", "lat": 44.995883, "long": 39.068136, "population_x": 36000.0, "poi_count": 14, "type": "pvz", "hex_id": 49, "poi_amenity": 0, "poi_shop": 0, "poi_office": 0, "poi_leisure": 0, "poi_tourism": 0, "population_y": 36000.0, "car_traffic": 6500.0, "foot_traffic": 21000.0, "attractiveness": 0.0, "poi_transport": 2, "attractiveness_updated": 0.2 }, "geometry": { "type": "Point", "coordinates": [ 4349045.005762360058725, 5620873.372086435556412 ] } },
{ "type": "Feature", "properties": { "ID": 50017560, "Address": "улица Автолюбителей, 1Гк2", "lat": 44.99647, "long": 39.066178, "population_x": 10000.0, "poi_count": 13, "type": "pvz", "hex_id": 41, "poi_amenity": 0, "poi_shop": 0, "poi_office": 0, "poi_leisure": 0, "poi_tourism": 0, "population_y": 10000.0, "car_traffic": 5000.0, "foot_traffic": 9000.0, "attractiveness": 0.0, "poi_transport": 0, "attractiveness_updated": 0.0 }, "geometry": { "type": "Point", "coordinates": [ 4348827.042199386283755, 5620965.777056456543505 ] } },
{ "type": "Feature", "properties": { "ID": 323326, "Address": "улица Автолюбителей, 1/7к3", "lat": 44.997967, "long": 39.067265, "population_x": 10000.0, "poi_count": 13, "type": "pvz", "hex_id": 41, "poi_amenity": 0, "poi_shop": 0, "poi_office": 0, "poi_leisure": 0, "poi_tourism": 0, "population_y": 10000.0, "car_traffic": 5000.0, "foot_traffic": 9000.0, "attractiveness": 0.0, "poi_transport": 0, "attractiveness_updated": 0.0 }, "geometry": { "type": "Point", "coordinates": [ 4348948.046485877595842, 5621201.437628152780235 ] } },
{ "type": "Feature", "properties": { "ID": 161324, "Address": "улица Автолюбителей, 1/7к2", "lat": 44.999127, "long": 39.065818, "population_x": 10000.0, "poi_count": 8, "type": "pvz", "hex_id": 41, "poi_amenity": 0, "poi_shop": 0, "poi_office": 0, "poi_leisure": 0, "poi_tourism": 0, "population_y": 10000.0, "car_traffic": 5000.0, "foot_traffic": 9000.0, "attractiveness": 0.0, "poi_transport": 0, "attractiveness_updated": 0.0 }, "geometry": { "type": "Point", "coordinates": [ 4348786.967182701453567, 5621384.051256224513054 ] } },
{ "type": "Feature", "properties": { "ID": 150554, "Address": "улица Автолюбителей, 1/3к1", "lat": 45.000313, "long": 39.067292, "population_x": 10000.0, "poi_count": 13, "type": "pvz", "hex_id": 41, "poi_amenity": 0, "poi_shop": 0, "poi_office": 0, "poi_leisure": 0, "poi_tourism": 0, "population_y": 10000.0, "car_traffic": 5000.0, "foot_traffic": 9000.0, "attractiveness": 0.0, "poi_transport": 0, "attractiveness_updated": 0.0 }, "geometry": { "type": "Point", "coordinates": [ 4348951.0521121295169, 5621570.761770687997341 ] } },
{ "type": "Feature", "properties": { "ID": 150729, "Address": "улица имени Валерия Гассия, 21", "lat": 44.99283, "long": 39.076526, "population_x": 36000.0, "poi_count": 17, "type": "pvz", "hex_id": 49, "poi_amenity": 0, "poi_shop": 0, "poi_office": 0, "poi_leisure": 0, "poi_tourism": 0, "population_y": 36000.0, "car_traffic": 6500.0, "foot_traffic": 21000.0, "attractiveness": 0.0, "poi_transport": 2, "attractiveness_updated": 0.2 }, "geometry": { "type": "Point", "coordinates": [ 4349978.97629011515528, 5620392.787054241634905 ] } },
{ "type": "Feature", "properties": { "ID": 308260, "Address": "проспект имени писателя Знаменского, 32", "lat": 44.994309, "long": 39.075251, "population_x": 36000.0, "poi_count": 22, "type": "pvz", "hex_id": 49, "poi_amenity": 0, "poi_shop": 0, "poi_office": 0, "poi_leisure": 0, "poi_tourism": 0, "population_y": 36000.0, "car_traffic": 6500.0, "foot_traffic": 21000.0, "attractiveness": 0.0, "poi_transport": 0, "attractiveness_updated": 0.0 }, "geometry": { "type": "Point", "coordinates": [ 4349837.043939353898168, 5620625.599206675775349 ] } },
{ "type": "Feature", "properties": { "ID": 170609, "Address": "проспект имени писателя Знаменского, 12", "lat": 44.996642, "long": 39.073535, "population_x": 36000.0, "poi_count": 31, "type": "pvz", "hex_id": 49, "poi_amenity": 0, "poi_shop": 0, "poi_office": 0, "poi_leisure": 0, "poi_tourism": 0, "population_y": 36000.0, "car_traffic": 6500.0, "foot_traffic": 21000.0, "attractiveness": 0.0, "poi_transport": 0, "attractiveness_updated": 0.0 }, "geometry": { "type": "Point", "coordinates": [ 4349646.019693152979016, 5620992.853308762423694 ] } },
{ "type": "Feature", "properties": { "ID": 308296, "Address": "проспект имени писателя Знаменского, 9к2", "lat": 44.996266, "long": 39.075673, "population_x": 36000.0, "poi_count": 27, "type": "pvz", "hex_id": 49, "poi_amenity": 0, "poi_shop": 0, "poi_office": 0, "poi_leisure": 0, "poi_tourism": 0, "population_y": 36000.0, "car_traffic": 6500.0, "foot_traffic": 21000.0, "attractiveness": 0.0, "poi_transport": 0, "attractiveness_updated": 0.0 }, "geometry": { "type": "Point", "coordinates": [ 4349884.02076446916908, 5620933.663467222824693 ] } },
{ "type": "Feature", "properties": { "ID": 211593, "Address": "проспект имени писателя Знаменского, 9к3", "lat": 44.995386, "long": 39.076391, "population_x": 36000.0, "poi_count": 25, "type": "pvz", "hex_id": 49, "poi_amenity": 0, "poi_shop": 0, "poi_office": 0, "poi_leisure": 0, "poi_tourism": 0, "population_y": 36000.0, "car_traffic": 6500.0, "foot_traffic": 21000.0, "attractiveness": 0.0, "poi_transport": 0, "attractiveness_updated": 0.0 }, "geometry": { "type": "Point", "coordinates": [ 4349963.948158857412636, 5620795.135569015517831 ] } },
{ "type": "Feature", "properties": { "ID": 308296, "Address": "проспект имени писателя Знаменского, 9к2", "lat": 44.996266, "long": 39.075673, "population_x": 36000.0, "poi_count": 27, "type": "pvz", "hex_id": 49, "poi_amenity": 0, "poi_shop": 0, "poi_office": 0, "poi_leisure": 0, "poi_tourism": 0, "population_y": 36000.0, "car_traffic": 6500.0, "foot_traffic": 21000.0, "attractiveness": 0.0, "poi_transport": 0, "attractiveness_updated": 0.0 }, "geometry": { "type": "Point", "coordinates": [ 4349884.02076446916908, 5620933.663467222824693 ] } },
{ "type": "Feature", "properties": { "ID": 50016142, "Address": "улица имени Снесарева, 18", "lat": 44.995105, "long": 39.078808, "population_x": 36000.0, "poi_count": 13, "type": "pvz", "hex_id": 49, "poi_amenity": 0, "poi_shop": 0, "poi_office": 0, "poi_leisure": 0, "poi_tourism": 0, "population_y": 36000.0, "car_traffic": 6500.0, "foot_traffic": 21000.0, "attractiveness": 0.0, "poi_transport": 0, "attractiveness_updated": 0.0 }, "geometry": { "type": "Point", "coordinates": [ 4350233.007368106395006, 5620750.901540523394942 ] } },
{ "type": "Feature", "properties": { "ID": 151814, "Address": "улица имени Снесарева, 10к3", "lat": 44.996304, "long": 39.078682, "population_x": 36000.0, "poi_count": 21, "type": "pvz", "hex_id": 49, "poi_amenity": 0, "poi_shop": 0, "poi_office": 0, "poi_leisure": 0, "poi_tourism": 0, "population_y": 36000.0, "car_traffic": 6500.0, "foot_traffic": 21000.0, "attractiveness": 0.0, "poi_transport": 0, "attractiveness_updated": 0.0 }, "geometry": { "type": "Point", "coordinates": [ 4350218.981112265959382, 5620939.645401651971042 ] } },
{ "type": "Feature", "properties": { "ID": 308309, "Address": "улица имени Снесарева, 10к1", "lat": 44.996948, "long": 39.079122, "population_x": 36000.0, "poi_count": 21, "type": "pvz", "hex_id": 49, "poi_amenity": 0, "poi_shop": 0, "poi_office": 0, "poi_leisure": 0, "poi_tourism": 0, "population_y": 36000.0, "car_traffic": 6500.0, "foot_traffic": 21000.0, "attractiveness": 0.0, "poi_transport": 0, "attractiveness_updated": 0.0 }, "geometry": { "type": "Point", "coordinates": [ 4350267.961688214913011, 5621041.024051564745605 ] } },
{ "type": "Feature", "properties": { "ID": 50008206, "Address": "улица имени Невкипелого, 10", "lat": 44.998375, "long": 39.076266, "population_x": 36000.0, "poi_count": 41, "type": "pvz", "hex_id": 49, "poi_amenity": 0, "poi_shop": 0, "poi_office": 0, "poi_leisure": 0, "poi_tourism": 0, "population_y": 36000.0, "car_traffic": 6500.0, "foot_traffic": 21000.0, "attractiveness": 0.0, "poi_transport": 1, "attractiveness_updated": 0.1 }, "geometry": { "type": "Point", "coordinates": [ 4349950.033222508616745, 5621265.66682758089155 ] } },
{ "type": "Feature", "properties": { "ID": 125738, "Address": "улица имени Невкипелого, 6", "lat": 44.999797, "long": 39.075655, "population_x": 36000.0, "poi_count": 33, "type": "pvz", "hex_id": 49, "poi_amenity": 0, "poi_shop": 0, "poi_office": 0, "poi_leisure": 0, "poi_tourism": 0, "population_y": 36000.0, "car_traffic": 6500.0, "foot_traffic": 21000.0, "attractiveness": 0.0, "poi_transport": 4, "attractiveness_updated": 0.4 }, "geometry": { "type": "Point", "coordinates": [ 4349882.017013634555042, 5621489.528053352609277 ] } },
{ "type": "Feature", "properties": { "ID": 160054, "Address": "улица имени Невкипелого, 21/4", "lat": 45.00044, "long": 39.076553, "population_x": 36000.0, "poi_count": 28, "type": "pvz", "hex_id": 49, "poi_amenity": 0, "poi_shop": 0, "poi_office": 0, "poi_leisure": 0, "poi_tourism": 0, "population_y": 36000.0, "car_traffic": 6500.0, "foot_traffic": 21000.0, "attractiveness": 0.0, "poi_transport": 5, "attractiveness_updated": 0.5 }, "geometry": { "type": "Point", "coordinates": [ 4349981.981916366145015, 5621590.755452842451632 ] } },
{ "type": "Feature", "properties": { "ID": 50005090, "Address": "улица имени Снесарева, 17/1к1", "lat": 44.995118, "long": 39.089192, "population_x": 36000.0, "poi_count": 2, "type": "pvz", "hex_id": 49, "poi_amenity": 0, "poi_shop": 0, "poi_office": 0, "poi_leisure": 0, "poi_tourism": 0, "population_y": 36000.0, "car_traffic": 6500.0, "foot_traffic": 21000.0, "attractiveness": 0.0, "poi_transport": 0, "attractiveness_updated": 0.0 }, "geometry": { "type": "Point", "coordinates": [ 4351388.948960502631962, 5620752.947949865832925 ] } },
{ "type": "Feature", "properties": { "ID": 132759, "Address": "улица имени Невкипелого, 24/2к1", "lat": 44.997853, "long": 39.08718, "population_x": 36000.0, "poi_count": 2, "type": "pvz", "hex_id": 49, "poi_amenity": 0, "poi_shop": 0, "poi_office": 0, "poi_leisure": 0, "poi_tourism": 0, "population_y": 36000.0, "car_traffic": 6500.0, "foot_traffic": 21000.0, "attractiveness": 0.0, "poi_transport": 0, "attractiveness_updated": 0.0 }, "geometry": { "type": "Point", "coordinates": [ 4351164.974145026877522, 5621183.491315940394998 ] } },
{ "type": "Feature", "properties": { "ID": 211201, "Address": "улица Гидростроителей, 59/2лит1", "lat": 45.001957, "long": 39.087162, "population_x": 36000.0, "poi_count": 12, "type": "pvz", "hex_id": 49, "poi_amenity": 0, "poi_shop": 0, "poi_office": 0, "poi_leisure": 0, "poi_tourism": 0, "population_y": 36000.0, "car_traffic": 6500.0, "foot_traffic": 21000.0, "attractiveness": 0.0, "poi_transport": 0, "attractiveness_updated": 0.0 }, "geometry": { "type": "Point", "coordinates": [ 4351162.970394192263484, 5621829.581051138229668 ] } },
{ "type": "Feature", "properties": { "ID": 157562, "Address": "улица Гидростроителей, 62к2", "lat": 45.002798, "long": 39.085743, "population_x": 36000.0, "poi_count": 17, "type": "pvz", "hex_id": 49, "poi_amenity": 0, "poi_shop": 0, "poi_office": 0, "poi_leisure": 0, "poi_tourism": 0, "population_y": 36000.0, "car_traffic": 6500.0, "foot_traffic": 21000.0, "attractiveness": 0.0, "poi_transport": 0, "attractiveness_updated": 0.0 }, "geometry": { "type": "Point", "coordinates": [ 4351005.008036756888032, 5621961.984783167019486 ] } },
{ "type": "Feature", "properties": { "ID": 211055, "Address": "улица имени Дмитрия Благоева, 31к2", "lat": 45.002206, "long": 39.082805, "population_x": 36000.0, "poi_count": 24, "type": "pvz", "hex_id": 49, "poi_amenity": 0, "poi_shop": 0, "poi_office": 0, "poi_leisure": 0, "poi_tourism": 0, "population_y": 36000.0, "car_traffic": 6500.0, "foot_traffic": 21000.0, "attractiveness": 0.0, "poi_transport": 1, "attractiveness_updated": 0.1 }, "geometry": { "type": "Point", "coordinates": [ 4350677.951372806914151, 5621868.782429190352559 ] } },
{ "type": "Feature", "properties": { "ID": 211508, "Address": "улица имени Дмитрия Благоева, 48", "lat": 45.00262, "long": 39.081458, "population_x": 36000.0, "poi_count": 26, "type": "pvz", "hex_id": 49, "poi_amenity": 0, "poi_shop": 0, "poi_office": 0, "poi_leisure": 0, "poi_tourism": 0, "population_y": 36000.0, "car_traffic": 6500.0, "foot_traffic": 21000.0, "attractiveness": 0.0, "poi_transport": 2, "attractiveness_updated": 0.2 }, "geometry": { "type": "Point", "coordinates": [ 4350528.004018708132207, 5621933.961001156829298 ] } },
{ "type": "Feature", "properties": { "ID": 103125, "Address": "улица Гидростроителей, 61", "lat": 45.003538, "long": 39.084548, "population_x": 36000.0, "poi_count": 24, "type": "pvz", "hex_id": 49, "poi_amenity": 0, "poi_shop": 0, "poi_office": 0, "poi_leisure": 0, "poi_tourism": 0, "population_y": 36000.0, "car_traffic": 6500.0, "foot_traffic": 21000.0, "attractiveness": 0.0, "poi_transport": 0, "attractiveness_updated": 0.0 }, "geometry": { "type": "Point", "coordinates": [ 4350871.981245258823037, 5622078.489079996012151 ] } },
{ "type": "Feature", "properties": { "ID": 50018097, "Address": "улица Гидростроителей, 65", "lat": 45.004086, "long": 39.085851, "population_x": 36000.0, "poi_count": 22, "type": "pvz", "hex_id": 49, "poi_amenity": 0, "poi_shop": 0, "poi_office": 0, "poi_leisure": 0, "poi_tourism": 0, "population_y": 36000.0, "car_traffic": 6500.0, "foot_traffic": 21000.0, "attractiveness": 0.0, "poi_transport": 0, "attractiveness_updated": 0.0 }, "geometry": { "type": "Point", "coordinates": [ 4351017.030541762709618, 5622164.766204806044698 ] } },
{ "type": "Feature", "properties": { "ID": 50016375, "Address": "улица Трудовой Славы, 62Ак3", "lat": 45.006208, "long": 39.088447, "population_x": 36000.0, "poi_count": 5, "type": "pvz", "hex_id": 49, "poi_amenity": 0, "poi_shop": 0, "poi_office": 0, "poi_leisure": 0, "poi_tourism": 0, "population_y": 36000.0, "car_traffic": 6500.0, "foot_traffic": 21000.0, "attractiveness": 0.0, "poi_transport": 0, "attractiveness_updated": 0.0 }, "geometry": { "type": "Point", "coordinates": [ 4351306.015939862467349, 5622498.861689085140824 ] } },
{ "type": "Feature", "properties": { "ID": 211709, "Address": "улица Трудовой Славы, 29/1", "lat": 45.006858, "long": 39.086336, "population_x": 36000.0, "poi_count": 9, "type": "pvz", "hex_id": 49, "poi_amenity": 0, "poi_shop": 0, "poi_office": 0, "poi_leisure": 0, "poi_tourism": 0, "population_y": 36000.0, "car_traffic": 6500.0, "foot_traffic": 21000.0, "attractiveness": 0.0, "poi_transport": 0, "attractiveness_updated": 0.0 }, "geometry": { "type": "Point", "coordinates": [ 4351071.020494796335697, 5622601.202555762603879 ] } },
{ "type": "Feature", "properties": { "ID": 202312, "Address": "улица имени Дмитрия Благоева, 29к1", "lat": 45.005297, "long": 39.083021, "population_x": 36000.0, "poi_count": 40, "type": "pvz", "hex_id": 49, "poi_amenity": 0, "poi_shop": 0, "poi_office": 0, "poi_leisure": 0, "poi_tourism": 0, "population_y": 36000.0, "car_traffic": 6500.0, "foot_traffic": 21000.0, "attractiveness": 0.0, "poi_transport": 0, "attractiveness_updated": 0.0 }, "geometry": { "type": "Point", "coordinates": [ 4350701.996382817625999, 5622355.428982561454177 ] } },
{ "type": "Feature", "properties": { "ID": 134717, "Address": "улица имени Дмитрия Благоева, 27/6", "lat": 45.005928, "long": 39.08162, "population_x": 36000.0, "poi_count": 38, "type": "pvz", "hex_id": 49, "poi_amenity": 0, "poi_shop": 0, "poi_office": 0, "poi_leisure": 0, "poi_tourism": 0, "population_y": 36000.0, "car_traffic": 6500.0, "foot_traffic": 21000.0, "attractiveness": 0.0, "poi_transport": 1, "attractiveness_updated": 0.1 }, "geometry": { "type": "Point", "coordinates": [ 4350546.037776215001941, 5622454.77675053384155 ] } },
{ "type": "Feature", "properties": { "ID": 214183, "Address": "улица имени Дмитрия Благоева, 19", "lat": 45.007725, "long": 39.080425, "population_x": 36000.0, "poi_count": 33, "type": "pvz", "hex_id": 49, "poi_amenity": 0, "poi_shop": 0, "poi_office": 0, "poi_leisure": 0, "poi_tourism": 0, "population_y": 36000.0, "car_traffic": 6500.0, "foot_traffic": 21000.0, "attractiveness": 0.0, "poi_transport": 2, "attractiveness_updated": 0.2 }, "geometry": { "type": "Point", "coordinates": [ 4350413.010984717868268, 5622737.711334737017751 ] } },
{ "type": "Feature", "properties": { "ID": 312425, "Address": "улица имени Игнатова, 63/1", "lat": 45.003149, "long": 39.071585, "population_x": 36000.0, "poi_count": 54, "type": "pvz", "hex_id": 49, "poi_amenity": 0, "poi_shop": 0, "poi_office": 0, "poi_leisure": 0, "poi_tourism": 0, "population_y": 36000.0, "car_traffic": 6500.0, "foot_traffic": 21000.0, "attractiveness": 0.0, "poi_transport": 3, "attractiveness_updated": 0.3 }, "geometry": { "type": "Point", "coordinates": [ 4349428.946686105802655, 5622017.24541742913425 ] } },
{ "type": "Feature", "properties": { "ID": 173129, "Address": "улица Трудовой Славы, 10", "lat": 45.005354, "long": 39.071136, "population_x": 36000.0, "poi_count": 67, "type": "pvz", "hex_id": 49, "poi_amenity": 0, "poi_shop": 0, "poi_office": 0, "poi_leisure": 0, "poi_tourism": 0, "population_y": 36000.0, "car_traffic": 6500.0, "foot_traffic": 21000.0, "attractiveness": 0.0, "poi_transport": 1, "attractiveness_updated": 0.1 }, "geometry": { "type": "Point", "coordinates": [ 4349378.964234739542007, 5622364.40330016054213 ] } },
{ "type": "Feature", "properties": { "ID": 322864, "Address": "улица имени Игнатова, 55", "lat": 45.006476, "long": 39.072663, "population_x": 36000.0, "poi_count": 66, "type": "pvz", "hex_id": 49, "poi_amenity": 0, "poi_shop": 0, "poi_office": 0, "poi_leisure": 0, "poi_tourism": 0, "population_y": 36000.0, "car_traffic": 6500.0, "foot_traffic": 21000.0, "attractiveness": 0.0, "poi_transport": 1, "attractiveness_updated": 0.1 }, "geometry": { "type": "Point", "coordinates": [ 4349548.949097180739045, 5622541.057474958710372 ] } },
{ "type": "Feature", "properties": { "ID": 111208, "Address": "улица имени Игнатова, 16", "lat": 45.007425, "long": 39.071936, "population_x": 28000.0, "poi_count": 74, "type": "pvz", "hex_id": 50, "poi_amenity": 0, "poi_shop": 0, "poi_office": 0, "poi_leisure": 0, "poi_tourism": 0, "population_y": 28000.0, "car_traffic": 24000.0, "foot_traffic": 34000.0, "attractiveness": 0.0, "poi_transport": 2, "attractiveness_updated": 0.2 }, "geometry": { "type": "Point", "coordinates": [ 4349468.019827373325825, 5622690.476229339838028 ] } },
{ "type": "Feature", "properties": { "ID": 162886, "Address": "улица Автолюбителей, 52/3", "lat": 45.008623, "long": 39.068163, "population_x": 28000.0, "poi_count": 53, "type": "pvz", "hex_id": 50, "poi_amenity": 0, "poi_shop": 0, "poi_office": 0, "poi_leisure": 0, "poi_tourism": 0, "population_y": 28000.0, "car_traffic": 24000.0, "foot_traffic": 34000.0, "attractiveness": 0.0, "poi_transport": 0, "attractiveness_updated": 0.0 }, "geometry": { "type": "Point", "coordinates": [ 4349048.011388610117137, 5622879.103228804655373 ] } },
{ "type": "Feature", "properties": { "ID": 364170, "Address": "Парусная улица, 20/2", "lat": 45.004468, "long": 39.064094, "population_x": 10000.0, "poi_count": 9, "type": "pvz", "hex_id": 41, "poi_amenity": 0, "poi_shop": 0, "poi_office": 0, "poi_leisure": 0, "poi_tourism": 0, "population_y": 10000.0, "car_traffic": 5000.0, "foot_traffic": 9000.0, "attractiveness": 0.0, "poi_transport": 0, "attractiveness_updated": 0.0 }, "geometry": { "type": "Point", "coordinates": [ 4348595.052380572073162, 5622224.908776328898966 ] } },
{ "type": "Feature", "properties": { "ID": 50015247, "Address": "Парусная улица, 10к1", "lat": 45.005603, "long": 39.062962, "population_x": 10000.0, "poi_count": 9, "type": "pvz", "hex_id": 41, "poi_amenity": 0, "poi_shop": 0, "poi_office": 0, "poi_leisure": 0, "poi_tourism": 0, "population_y": 10000.0, "car_traffic": 5000.0, "foot_traffic": 9000.0, "attractiveness": 0.0, "poi_transport": 0, "attractiveness_updated": 0.0 }, "geometry": { "type": "Point", "coordinates": [ 4348469.038716995157301, 5622403.607002786360681 ] } },
{ "type": "Feature", "properties": { "ID": 50019608, "Address": "улица имени Игнатова, 41", "lat": 45.009235, "long": 39.073319, "population_x": 28000.0, "poi_count": 31, "type": "pvz", "hex_id": 50, "poi_amenity": 0, "poi_shop": 0, "poi_office": 0, "poi_leisure": 0, "poi_tourism": 0, "population_y": 28000.0, "car_traffic": 24000.0, "foot_traffic": 34000.0, "attractiveness": 0.0, "poi_transport": 1, "attractiveness_updated": 0.1 }, "geometry": { "type": "Point", "coordinates": [ 4349621.974683141335845, 5622975.465121642686427 ] } },
{ "type": "Feature", "properties": { "ID": 323085, "Address": "улица имени Игнатова, 4/4", "lat": 45.011032, "long": 39.070795, "population_x": 28000.0, "poi_count": 55, "type": "pvz", "hex_id": 50, "poi_amenity": 0, "poi_shop": 0, "poi_office": 0, "poi_leisure": 0, "poi_tourism": 0, "population_y": 28000.0, "car_traffic": 24000.0, "foot_traffic": 34000.0, "attractiveness": 0.0, "poi_transport": 1, "attractiveness_updated": 0.1 }, "geometry": { "type": "Point", "coordinates": [ 4349341.0042883772403, 5623258.416041580960155 ] } },
{ "type": "Feature", "properties": { "ID": 124885, "Address": "улица имени В.Н. Мачуги, 6", "lat": 45.011867, "long": 39.069789, "population_x": 28000.0, "poi_count": 47, "type": "pvz", "hex_id": 50, "poi_amenity": 0, "poi_shop": 0, "poi_office": 0, "poi_leisure": 0, "poi_tourism": 0, "population_y": 28000.0, "car_traffic": 24000.0, "foot_traffic": 34000.0, "attractiveness": 0.0, "poi_transport": 2, "attractiveness_updated": 0.2 }, "geometry": { "type": "Point", "coordinates": [ 4349229.016880639828742, 5623389.895978623069823 ] } },
{ "type": "Feature", "properties": { "ID": 164144, "Address": "улица имени Игнатова, 5", "lat": 45.011057, "long": 39.0749, "population_x": 28000.0, "poi_count": 27, "type": "pvz", "hex_id": 50, "poi_amenity": 0, "poi_shop": 0, "poi_office": 0, "poi_leisure": 0, "poi_tourism": 0, "population_y": 28000.0, "car_traffic": 24000.0, "foot_traffic": 34000.0, "attractiveness": 0.0, "poi_transport": 2, "attractiveness_updated": 0.2 }, "geometry": { "type": "Point", "coordinates": [ 4349797.970798085443676, 5623262.352538804523647 ] } },
{ "type": "Feature", "properties": { "ID": 311985, "Address": "улица имени В.Н. Мачуги, 68/4", "lat": 45.011663, "long": 39.076796, "population_x": 28000.0, "poi_count": 21, "type": "pvz", "hex_id": 50, "poi_amenity": 0, "poi_shop": 0, "poi_office": 0, "poi_leisure": 0, "poi_tourism": 0, "population_y": 28000.0, "car_traffic": 24000.0, "foot_traffic": 34000.0, "attractiveness": 0.0, "poi_transport": 0, "attractiveness_updated": 0.0 }, "geometry": { "type": "Point", "coordinates": [ 4350009.032552629709244, 5623357.773757173679769 ] } },
{ "type": "Feature", "properties": { "ID": 340344, "Address": "Трамвайная улица, 15", "lat": 45.015358, "long": 39.064282, "population_x": 28000.0, "poi_count": 25, "type": "pvz", "hex_id": 50, "poi_amenity": 0, "poi_shop": 0, "poi_office": 0, "poi_leisure": 0, "poi_tourism": 0, "population_y": 28000.0, "car_traffic": 24000.0, "foot_traffic": 34000.0, "attractiveness": 0.0, "poi_transport": 6, "attractiveness_updated": 0.6 }, "geometry": { "type": "Point", "coordinates": [ 4348615.980444841086864, 5623939.613099729642272 ] } },
{ "type": "Feature", "properties": { "ID": 307096, "Address": "улица Кирова, 28", "lat": 45.01388, "long": 39.073328, "population_x": 28000.0, "poi_count": 20, "type": "pvz", "hex_id": 50, "poi_amenity": 0, "poi_shop": 0, "poi_office": 0, "poi_leisure": 0, "poi_tourism": 0, "population_y": 28000.0, "car_traffic": 24000.0, "foot_traffic": 34000.0, "attractiveness": 0.0, "poi_transport": 2, "attractiveness_updated": 0.2 }, "geometry": { "type": "Point", "coordinates": [ 4349622.976558557711542, 5623706.872857822105289 ] } },
{ "type": "Feature", "properties": { "ID": 327619, "Address": "улица имени Дмитрия Благоева, 5", "lat": 45.011542, "long": 39.08091, "population_x": 28000.0, "poi_count": 16, "type": "pvz", "hex_id": 50, "poi_amenity": 0, "poi_shop": 0, "poi_office": 0, "poi_leisure": 0, "poi_tourism": 0, "population_y": 28000.0, "car_traffic": 24000.0, "foot_traffic": 34000.0, "attractiveness": 0.0, "poi_transport": 2, "attractiveness_updated": 0.2 }, "geometry": { "type": "Point", "coordinates": [ 4350467.000937753356993, 5623338.720924979075789 ] } },
{ "type": "Feature", "properties": { "ID": 322154, "Address": "Колхозная улица, 17", "lat": 45.014511, "long": 39.080218, "population_x": 28000.0, "poi_count": 17, "type": "pvz", "hex_id": 50, "poi_amenity": 0, "poi_shop": 0, "poi_office": 0, "poi_leisure": 0, "poi_tourism": 0, "population_y": 28000.0, "car_traffic": 24000.0, "foot_traffic": 34000.0, "attractiveness": 0.0, "poi_transport": 3, "attractiveness_updated": 0.3 }, "geometry": { "type": "Point", "coordinates": [ 4350389.967850124463439, 5623806.235514511354268 ] } },
{ "type": "Feature", "properties": { "ID": 50002241, "Address": "улица имени Евдокии Бершанской, 1/3", "lat": 45.018213, "long": 39.079715, "population_x": 28000.0, "poi_count": 9, "type": "pvz", "hex_id": 50, "poi_amenity": 0, "poi_shop": 0, "poi_office": 0, "poi_leisure": 0, "poi_tourism": 0, "population_y": 28000.0, "car_traffic": 24000.0, "foot_traffic": 34000.0, "attractiveness": 0.0, "poi_transport": 4, "attractiveness_updated": 0.4 }, "geometry": { "type": "Point", "coordinates": [ 4350333.974146254360676, 5624389.206151482649148 ] } },
{ "type": "Feature", "properties": { "ID": 143503, "Address": "Садовая улица, 6", "lat": 45.029158, "long": 38.991231, "population_x": 21000.0, "poi_count": 22, "type": "pvz", "hex_id": 27, "poi_amenity": 0, "poi_shop": 0, "poi_office": 0, "poi_leisure": 0, "poi_tourism": 0, "population_y": 21000.0, "car_traffic": 52000.0, "foot_traffic": 95000.0, "attractiveness": 0.0, "poi_transport": 6, "attractiveness_updated": 0.6 }, "geometry": { "type": "Point", "coordinates": [ 4340483.98032290302217, 5626112.985145195387304 ] } },
{ "type": "Feature", "properties": { "ID": 310983, "Address": "улица Трудовой Славы, 43", "lat": 45.008241, "long": 39.093819, "population_x": 14000.0, "poi_count": 2, "type": "pvz", "hex_id": 57, "poi_amenity": 0, "poi_shop": 0, "poi_office": 0, "poi_leisure": 0, "poi_tourism": 0, "population_y": 14000.0, "car_traffic": 30000.0, "foot_traffic": 14000.0, "attractiveness": 0.0, "poi_transport": 0, "attractiveness_updated": 0.0 }, "geometry": { "type": "Point", "coordinates": [ 4351904.024244403466582, 5622818.956294710747898 ] } },
{ "type": "Feature", "properties": { "ID": 5719, "Address": "Горячеключевская улица, 7", "lat": 45.004991, "long": 39.108982, "population_x": 14000.0, "poi_count": 15, "type": "pvz", "hex_id": 57, "poi_amenity": 0, "poi_shop": 0, "poi_office": 0, "poi_leisure": 0, "poi_tourism": 0, "population_y": 14000.0, "car_traffic": 30000.0, "foot_traffic": 14000.0, "attractiveness": 0.0, "poi_transport": 1, "attractiveness_updated": 0.1 }, "geometry": { "type": "Point", "coordinates": [ 4353591.961683301255107, 5622307.251219688914716 ] } },
{ "type": "Feature", "properties": { "ID": 157560, "Address": "улица Леонида Лаврова, 8к1ск3", "lat": 45.006061, "long": 39.10697, "population_x": 14000.0, "poi_count": 14, "type": "pvz", "hex_id": 57, "poi_amenity": 0, "poi_shop": 0, "poi_office": 0, "poi_leisure": 0, "poi_tourism": 0, "population_y": 14000.0, "car_traffic": 30000.0, "foot_traffic": 14000.0, "attractiveness": 0.0, "poi_transport": 2, "attractiveness_updated": 0.2 }, "geometry": { "type": "Point", "coordinates": [ 4353367.986867825500667, 5622475.717069478705525 ] } },
{ "type": "Feature", "properties": { "ID": 50007996, "Address": "улица Леонида Лаврова, 4", "lat": 45.007106, "long": 39.105245, "population_x": 14000.0, "poi_count": 12, "type": "pvz", "hex_id": 57, "poi_amenity": 0, "poi_shop": 0, "poi_office": 0, "poi_leisure": 0, "poi_tourism": 0, "population_y": 14000.0, "car_traffic": 30000.0, "foot_traffic": 14000.0, "attractiveness": 0.0, "poi_transport": 1, "attractiveness_updated": 0.1 }, "geometry": { "type": "Point", "coordinates": [ 4353175.960746207274497, 5622640.249838652089238 ] } },
{ "type": "Feature", "properties": { "ID": 50009382, "Address": "Бородинская улица, 156/2", "lat": 45.009369, "long": 39.100951, "population_x": 14000.0, "poi_count": 13, "type": "pvz", "hex_id": 57, "poi_amenity": 0, "poi_shop": 0, "poi_office": 0, "poi_leisure": 0, "poi_tourism": 0, "population_y": 14000.0, "car_traffic": 30000.0, "foot_traffic": 14000.0, "attractiveness": 0.0, "poi_transport": 2, "attractiveness_updated": 0.2 }, "geometry": { "type": "Point", "coordinates": [ 4352697.954852741211653, 5622996.564104860648513 ] } },
{ "type": "Feature", "properties": { "ID": 143340, "Address": "Бородинская улица, 152/А", "lat": 45.010777, "long": 39.099577, "population_x": 14000.0, "poi_count": 19, "type": "pvz", "hex_id": 57, "poi_amenity": 0, "poi_shop": 0, "poi_office": 0, "poi_leisure": 0, "poi_tourism": 0, "population_y": 14000.0, "car_traffic": 30000.0, "foot_traffic": 14000.0, "attractiveness": 0.0, "poi_transport": 2, "attractiveness_updated": 0.2 }, "geometry": { "type": "Point", "coordinates": [ 4352545.001872390508652, 5623218.263868034817278 ] } },
{ "type": "Feature", "properties": { "ID": 310983, "Address": "улица Трудовой Славы, 43", "lat": 45.008241, "long": 39.093819, "population_x": 14000.0, "poi_count": 2, "type": "pvz", "hex_id": 57, "poi_amenity": 0, "poi_shop": 0, "poi_office": 0, "poi_leisure": 0, "poi_tourism": 0, "population_y": 14000.0, "car_traffic": 30000.0, "foot_traffic": 14000.0, "attractiveness": 0.0, "poi_transport": 0, "attractiveness_updated": 0.0 }, "geometry": { "type": "Point", "coordinates": [ 4351904.024244403466582, 5622818.956294710747898 ] } },
{ "type": "Feature", "properties": { "ID": 171863, "Address": "улица имени В.Н. Мачуги, 166к1", "lat": 45.013899, "long": 39.094537, "population_x": 14000.0, "poi_count": 13, "type": "pvz", "hex_id": 57, "poi_amenity": 0, "poi_shop": 0, "poi_office": 0, "poi_leisure": 0, "poi_tourism": 0, "population_y": 14000.0, "car_traffic": 30000.0, "foot_traffic": 14000.0, "attractiveness": 0.0, "poi_transport": 0, "attractiveness_updated": 0.0 }, "geometry": { "type": "Point", "coordinates": [ 4351983.951638793572783, 5623709.864744333550334 ] } },
{ "type": "Feature", "properties": { "ID": 50005901, "Address": "\nулица имени В.Н. Мачуги, 166Ак1", "lat": 45.013874, "long": 39.09222, "population_x": 14000.0, "poi_count": 9, "type": "pvz", "hex_id": 57, "poi_amenity": 0, "poi_shop": 0, "poi_office": 0, "poi_leisure": 0, "poi_tourism": 0, "population_y": 14000.0, "car_traffic": 30000.0, "foot_traffic": 14000.0, "attractiveness": 0.0, "poi_transport": 0, "attractiveness_updated": 0.0 }, "geometry": { "type": "Point", "coordinates": [ 4351726.024378624744713, 5623705.928051759488881 ] } },
{ "type": "Feature", "properties": { "ID": 318076, "Address": "улица Леонида Лаврова, 91", "lat": 45.011733, "long": 39.117013, "population_x": 14000.0, "poi_count": 12, "type": "pvz", "hex_id": 57, "poi_amenity": 0, "poi_shop": 0, "poi_office": 0, "poi_leisure": 0, "poi_tourism": 0, "population_y": 14000.0, "car_traffic": 30000.0, "foot_traffic": 14000.0, "attractiveness": 0.0, "poi_transport": 0, "attractiveness_updated": 0.0 }, "geometry": { "type": "Point", "coordinates": [ 4354485.968513861298561, 5623368.796075169928372 ] } },
{ "type": "Feature", "properties": { "ID": 50001625, "Address": "Новопочтовая улица, 66", "lat": 45.015531, "long": 39.106907, "population_x": 14000.0, "poi_count": 4, "type": "pvz", "hex_id": 57, "poi_amenity": 0, "poi_shop": 0, "poi_office": 0, "poi_leisure": 0, "poi_tourism": 0, "population_y": 14000.0, "car_traffic": 30000.0, "foot_traffic": 14000.0, "attractiveness": 0.0, "poi_transport": 1, "attractiveness_updated": 0.1 }, "geometry": { "type": "Point", "coordinates": [ 4353360.973739905282855, 5623966.855753496289253 ] } },
{ "type": "Feature", "properties": { "ID": 311591, "Address": "улица Ярославского, 101", "lat": 45.02273, "long": 39.1113, "population_x": 14000.0, "poi_count": 9, "type": "pvz", "hex_id": 57, "poi_amenity": 0, "poi_shop": 0, "poi_office": 0, "poi_leisure": 0, "poi_tourism": 0, "population_y": 14000.0, "car_traffic": 30000.0, "foot_traffic": 14000.0, "attractiveness": 0.0, "poi_transport": 0, "attractiveness_updated": 0.0 }, "geometry": { "type": "Point", "coordinates": [ 4353850.000262959860265, 5625100.569567516446114 ] } },
{ "type": "Feature", "properties": { "ID": 105020, "Address": "улица Фадеева, 243", "lat": 45.020112, "long": 39.10441, "population_x": 14000.0, "poi_count": 1, "type": "pvz", "hex_id": 57, "poi_amenity": 0, "poi_shop": 0, "poi_office": 0, "poi_leisure": 0, "poi_tourism": 0, "population_y": 14000.0, "car_traffic": 30000.0, "foot_traffic": 14000.0, "attractiveness": 0.0, "poi_transport": 2, "attractiveness_updated": 0.2 }, "geometry": { "type": "Point", "coordinates": [ 4353083.008971394971013, 5624688.264872424304485 ] } },
{ "type": "Feature", "properties": { "ID": 302926, "Address": "Пролетарская улица, 39", "lat": 45.024648, "long": 39.106422, "population_x": 14000.0, "poi_count": 25, "type": "pvz", "hex_id": 57, "poi_amenity": 0, "poi_shop": 0, "poi_office": 0, "poi_leisure": 0, "poi_tourism": 0, "population_y": 14000.0, "car_traffic": 30000.0, "foot_traffic": 14000.0, "attractiveness": 0.0, "poi_transport": 0, "attractiveness_updated": 0.0 }, "geometry": { "type": "Point", "coordinates": [ 4353306.983786871656775, 5625402.644332015886903 ] } },
{ "type": "Feature", "properties": { "ID": 309320, "Address": "улица Марии Демченко, 41", "lat": 45.023106, "long": 39.100071, "population_x": 14000.0, "poi_count": 5, "type": "pvz", "hex_id": 57, "poi_amenity": 0, "poi_shop": 0, "poi_office": 0, "poi_leisure": 0, "poi_tourism": 0, "population_y": 14000.0, "car_traffic": 30000.0, "foot_traffic": 14000.0, "attractiveness": 0.0, "poi_transport": 0, "attractiveness_updated": 0.0 }, "geometry": { "type": "Point", "coordinates": [ 4352599.993700842373073, 5625159.786763457581401 ] } },
{ "type": "Feature", "properties": { "ID": 314888, "Address": "улица Кирова, 167", "lat": 45.020175, "long": 39.091753, "population_x": 14000.0, "poi_count": 3, "type": "pvz", "hex_id": 57, "poi_amenity": 0, "poi_shop": 0, "poi_office": 0, "poi_leisure": 0, "poi_tourism": 0, "population_y": 14000.0, "car_traffic": 30000.0, "foot_traffic": 14000.0, "attractiveness": 0.0, "poi_transport": 0, "attractiveness_updated": 0.0 }, "geometry": { "type": "Point", "coordinates": [ 4351674.038176422938704, 5624698.186421781778336 ] } },
{ "type": "Feature", "properties": { "ID": 50010294, "Address": "улица Максима Горького, 59", "lat": 45.023163, "long": 39.093415, "population_x": 14000.0, "poi_count": 12, "type": "pvz", "hex_id": 57, "poi_amenity": 0, "poi_shop": 0, "poi_office": 0, "poi_leisure": 0, "poi_tourism": 0, "population_y": 14000.0, "car_traffic": 30000.0, "foot_traffic": 14000.0, "attractiveness": 0.0, "poi_transport": 6, "attractiveness_updated": 0.6 }, "geometry": { "type": "Point", "coordinates": [ 4351859.051170122809708, 5625168.763872320763767 ] } },
{ "type": "Feature", "properties": { "ID": 50001022, "Address": "Сормовская улица, 32", "lat": 45.026967, "long": 39.074307, "population_x": 28000.0, "poi_count": 5, "type": "pvz", "hex_id": 50, "poi_amenity": 0, "poi_shop": 0, "poi_office": 0, "poi_leisure": 0, "poi_tourism": 0, "population_y": 28000.0, "car_traffic": 24000.0, "foot_traffic": 34000.0, "attractiveness": 0.0, "poi_transport": 1, "attractiveness_updated": 0.1 }, "geometry": { "type": "Point", "coordinates": [ 4349731.958340045064688, 5625767.887972816824913 ] } },
{ "type": "Feature", "properties": { "ID": 308215, "Address": "Онежская улица, 1", "lat": 45.024144, "long": 39.069654, "population_x": 28000.0, "poi_count": 34, "type": "pvz", "hex_id": 50, "poi_amenity": 0, "poi_shop": 0, "poi_office": 0, "poi_leisure": 0, "poi_tourism": 0, "population_y": 28000.0, "car_traffic": 24000.0, "foot_traffic": 34000.0, "attractiveness": 0.0, "poi_transport": 0, "attractiveness_updated": 0.0 }, "geometry": { "type": "Point", "coordinates": [ 4349213.988749383948743, 5625323.266041343100369 ] } },
{ "type": "Feature", "properties": { "ID": 3892, "Address": "Камвольная улица, 3", "lat": 45.026253, "long": 39.066375, "population_x": 28000.0, "poi_count": 37, "type": "pvz", "hex_id": 50, "poi_amenity": 0, "poi_shop": 0, "poi_office": 0, "poi_leisure": 0, "poi_tourism": 0, "population_y": 28000.0, "car_traffic": 24000.0, "foot_traffic": 34000.0, "attractiveness": 0.0, "poi_transport": 1, "attractiveness_updated": 0.1 }, "geometry": { "type": "Point", "coordinates": [ 4348848.9721390735358, 5625655.431045061908662 ] } },
{ "type": "Feature", "properties": { "ID": 306539, "Address": "Магистральная улица, 11к2", "lat": 45.031852, "long": 39.071046, "population_x": 9000.0, "poi_count": 10, "type": "pvz", "hex_id": 51, "poi_amenity": 0, "poi_shop": 0, "poi_office": 0, "poi_leisure": 0, "poi_tourism": 0, "population_y": 9000.0, "car_traffic": 24000.0, "foot_traffic": 22000.0, "attractiveness": 0.0, "poi_transport": 4, "attractiveness_updated": 0.4 }, "geometry": { "type": "Point", "coordinates": [ 4349368.94548056833446, 5626537.326293671503663 ] } },
{ "type": "Feature", "properties": { "ID": 50003086, "Address": "улица Дежнёва, 29/3", "lat": 45.033044, "long": 39.073553, "population_x": 9000.0, "poi_count": 16, "type": "pvz", "hex_id": 51, "poi_amenity": 0, "poi_shop": 0, "poi_office": 0, "poi_leisure": 0, "poi_tourism": 0, "population_y": 9000.0, "car_traffic": 24000.0, "foot_traffic": 22000.0, "attractiveness": 0.0, "poi_transport": 0, "attractiveness_updated": 0.0 }, "geometry": { "type": "Point", "coordinates": [ 4349648.023443986661732, 5626725.088662297464907 ] } },
{ "type": "Feature", "properties": { "ID": 50035050, "Address": "\nУральская улица, 134Б", "lat": 45.036286, "long": 39.073607, "population_x": 9000.0, "poi_count": 18, "type": "pvz", "hex_id": 51, "poi_amenity": 0, "poi_shop": 0, "poi_office": 0, "poi_leisure": 0, "poi_tourism": 0, "population_y": 9000.0, "car_traffic": 24000.0, "foot_traffic": 22000.0, "attractiveness": 0.0, "poi_transport": 0, "attractiveness_updated": 0.0 }, "geometry": { "type": "Point", "coordinates": [ 4349654.034696488641202, 5627235.784284244291484 ] } },
{ "type": "Feature", "properties": { "ID": 213578, "Address": "улица Максима Горького, 34/1", "lat": 45.027037, "long": 39.089821, "population_x": 29000.0, "poi_count": 14, "type": "pvz", "hex_id": 58, "poi_amenity": 0, "poi_shop": 0, "poi_office": 0, "poi_leisure": 0, "poi_tourism": 0, "population_y": 29000.0, "car_traffic": 20000.0, "foot_traffic": 29000.0, "attractiveness": 0.0, "poi_transport": 2, "attractiveness_updated": 0.2 }, "geometry": { "type": "Point", "coordinates": [ 4351458.968920212239027, 5625778.913237310945988 ] } },
{ "type": "Feature", "properties": { "ID": 208642, "Address": "1-я Заречная улица, 45", "lat": 45.02775, "long": 39.087683, "population_x": 29000.0, "poi_count": 16, "type": "pvz", "hex_id": 58, "poi_amenity": 0, "poi_shop": 0, "poi_office": 0, "poi_leisure": 0, "poi_tourism": 0, "population_y": 29000.0, "car_traffic": 20000.0, "foot_traffic": 29000.0, "attractiveness": 0.0, "poi_transport": 2, "attractiveness_updated": 0.2 }, "geometry": { "type": "Point", "coordinates": [ 4351220.96784889511764, 5625891.214199480600655 ] } },
{ "type": "Feature", "properties": { "ID": 5426, "Address": "1-я Заречная улица, 15/1", "lat": 45.027037, "long": 39.084521, "population_x": 29000.0, "poi_count": 9, "type": "pvz", "hex_id": 58, "poi_amenity": 0, "poi_shop": 0, "poi_office": 0, "poi_leisure": 0, "poi_tourism": 0, "population_y": 29000.0, "car_traffic": 20000.0, "foot_traffic": 29000.0, "attractiveness": 0.0, "poi_transport": 0, "attractiveness_updated": 0.0 }, "geometry": { "type": "Point", "coordinates": [ 4350868.975619007833302, 5625778.913237310945988 ] } },
{ "type": "Feature", "properties": { "ID": 50032032, "Address": "Сормовская улица, 105", "lat": 45.030018, "long": 39.08259, "population_x": 29000.0, "poi_count": 7, "type": "pvz", "hex_id": 58, "poi_amenity": 0, "poi_shop": 0, "poi_office": 0, "poi_leisure": 0, "poi_tourism": 0, "population_y": 29000.0, "car_traffic": 20000.0, "foot_traffic": 29000.0, "attractiveness": 0.0, "poi_transport": 2, "attractiveness_updated": 0.2 }, "geometry": { "type": "Point", "coordinates": [ 4350654.017682285048068, 5626248.444514491595328 ] } },
{ "type": "Feature", "properties": { "ID": 327229, "Address": "Монтажная улица, 43", "lat": 45.03419, "long": 39.082976, "population_x": 29000.0, "poi_count": 2, "type": "pvz", "hex_id": 58, "poi_amenity": 0, "poi_shop": 0, "poi_office": 0, "poi_leisure": 0, "poi_tourism": 0, "population_y": 29000.0, "car_traffic": 20000.0, "foot_traffic": 29000.0, "attractiveness": 0.0, "poi_transport": 4, "attractiveness_updated": 0.4 }, "geometry": { "type": "Point", "coordinates": [ 4350696.987005732022226, 5626905.608855053782463 ] } },
{ "type": "Feature", "properties": { "ID": 325414, "Address": "Карасунская улица, 235/1", "lat": 45.027291, "long": 39.09814, "population_x": 29000.0, "poi_count": 2, "type": "pvz", "hex_id": 58, "poi_amenity": 0, "poi_shop": 0, "poi_office": 0, "poi_leisure": 0, "poi_tourism": 0, "population_y": 29000.0, "car_traffic": 20000.0, "foot_traffic": 29000.0, "attractiveness": 0.0, "poi_transport": 0, "attractiveness_updated": 0.0 }, "geometry": { "type": "Point", "coordinates": [ 4352385.035764121450484, 5625818.919310277327895 ] } },
{ "type": "Feature", "properties": { "ID": 50008666, "Address": "улица Тюляева, 3/2", "lat": 45.029024, "long": 39.095517, "population_x": 29000.0, "poi_count": 7, "type": "pvz", "hex_id": 58, "poi_amenity": 0, "poi_shop": 0, "poi_office": 0, "poi_leisure": 0, "poi_tourism": 0, "population_y": 29000.0, "car_traffic": 20000.0, "foot_traffic": 29000.0, "attractiveness": 0.0, "poi_transport": 0, "attractiveness_updated": 0.0 }, "geometry": { "type": "Point", "coordinates": [ 4352093.044739770703018, 5626091.878868598490953 ] } },
{ "type": "Feature", "properties": { "ID": 312626, "Address": "Сормовская улица, 106", "lat": 45.031496, "long": 39.090854, "population_x": 29000.0, "poi_count": 32, "type": "pvz", "hex_id": 58, "poi_amenity": 0, "poi_shop": 0, "poi_office": 0, "poi_leisure": 0, "poi_tourism": 0, "population_y": 29000.0, "car_traffic": 20000.0, "foot_traffic": 29000.0, "attractiveness": 0.0, "poi_transport": 2, "attractiveness_updated": 0.2 }, "geometry": { "type": "Point", "coordinates": [ 4351573.961954201571643, 5626481.250371486879885 ] } },
{ "type": "Feature", "properties": { "ID": 164078, "Address": "Сормовская улица, 163", "lat": 45.032222, "long": 39.089947, "population_x": 29000.0, "poi_count": 29, "type": "pvz", "hex_id": 58, "poi_amenity": 0, "poi_shop": 0, "poi_office": 0, "poi_leisure": 0, "poi_tourism": 0, "population_y": 29000.0, "car_traffic": 20000.0, "foot_traffic": 29000.0, "attractiveness": 0.0, "poi_transport": 2, "attractiveness_updated": 0.2 }, "geometry": { "type": "Point", "coordinates": [ 4351472.995176052674651, 5626595.607818409800529 ] } },
{ "type": "Feature", "properties": { "ID": 213822, "Address": "Симферопольская улица, 40", "lat": 45.035802, "long": 39.088375, "population_x": 29000.0, "poi_count": 31, "type": "pvz", "hex_id": 58, "poi_amenity": 0, "poi_shop": 0, "poi_office": 0, "poi_leisure": 0, "poi_tourism": 0, "population_y": 29000.0, "car_traffic": 20000.0, "foot_traffic": 29000.0, "attractiveness": 0.0, "poi_transport": 4, "attractiveness_updated": 0.4 }, "geometry": { "type": "Point", "coordinates": [ 4351298.000936524942517, 5627159.540410888381302 ] } },
{ "type": "Feature", "properties": { "ID": 50016554, "Address": "Сормовская улица, 177", "lat": 45.032942, "long": 39.095957, "population_x": 29000.0, "poi_count": 49, "type": "pvz", "hex_id": 58, "poi_amenity": 0, "poi_shop": 0, "poi_office": 0, "poi_leisure": 0, "poi_tourism": 0, "population_y": 29000.0, "car_traffic": 20000.0, "foot_traffic": 29000.0, "attractiveness": 0.0, "poi_transport": 2, "attractiveness_updated": 0.2 }, "geometry": { "type": "Point", "coordinates": [ 4352142.025315718725324, 5626709.021595199592412 ] } },
{ "type": "Feature", "properties": { "ID": 206678, "Address": "Сормовская улица, 179/1", "lat": 45.033808, "long": 39.099757, "population_x": 29000.0, "poi_count": 34, "type": "pvz", "hex_id": 58, "poi_amenity": 0, "poi_shop": 0, "poi_office": 0, "poi_leisure": 0, "poi_tourism": 0, "population_y": 29000.0, "car_traffic": 20000.0, "foot_traffic": 29000.0, "attractiveness": 0.0, "poi_transport": 2, "attractiveness_updated": 0.2 }, "geometry": { "type": "Point", "coordinates": [ 4352565.039380733855069, 5626845.43505581188947 ] } },
{ "type": "Feature", "properties": { "ID": 208163, "Address": "улица Тюляева, 8\n", "lat": 45.035795, "long": 39.099379, "population_x": 29000.0, "poi_count": 36, "type": "pvz", "hex_id": 58, "poi_amenity": 0, "poi_shop": 0, "poi_office": 0, "poi_leisure": 0, "poi_tourism": 0, "population_y": 29000.0, "car_traffic": 20000.0, "foot_traffic": 29000.0, "attractiveness": 0.0, "poi_transport": 2, "attractiveness_updated": 0.2 }, "geometry": { "type": "Point", "coordinates": [ 4352522.960613212548196, 5627158.437714971601963 ] } },
{ "type": "Feature", "properties": { "ID": 50007203, "Address": "улица Тюляева, 16/1", "lat": 45.037884, "long": 39.097538, "population_x": 29000.0, "poi_count": 44, "type": "pvz", "hex_id": 58, "poi_amenity": 0, "poi_shop": 0, "poi_office": 0, "poi_leisure": 0, "poi_tourism": 0, "population_y": 29000.0, "car_traffic": 20000.0, "foot_traffic": 29000.0, "attractiveness": 0.0, "poi_transport": 2, "attractiveness_updated": 0.2 }, "geometry": { "type": "Point", "coordinates": [ 4352318.021430663764477, 5627487.519668815657496 ] } },
{ "type": "Feature", "properties": { "ID": 155751, "Address": "Уральская улица, 158/2", "lat": 45.036324, "long": 39.092849, "population_x": 29000.0, "poi_count": 46, "type": "pvz", "hex_id": 58, "poi_amenity": 0, "poi_shop": 0, "poi_office": 0, "poi_leisure": 0, "poi_tourism": 0, "population_y": 29000.0, "car_traffic": 20000.0, "foot_traffic": 29000.0, "attractiveness": 0.0, "poi_transport": 0, "attractiveness_updated": 0.0 }, "geometry": { "type": "Point", "coordinates": [ 4351796.044338334351778, 5627241.77040077932179 ] } },
{ "type": "Feature", "properties": { "ID": 304427, "Address": "Уральская улица, 156А", "lat": 45.037369, "long": 39.091851, "population_x": 29000.0, "poi_count": 50, "type": "pvz", "hex_id": 58, "poi_amenity": 0, "poi_shop": 0, "poi_office": 0, "poi_leisure": 0, "poi_tourism": 0, "population_y": 29000.0, "car_traffic": 20000.0, "foot_traffic": 29000.0, "attractiveness": 0.0, "poi_transport": 4, "attractiveness_updated": 0.4 }, "geometry": { "type": "Point", "coordinates": [ 4351684.947486523538828, 5627406.390163243748248 ] } },
{ "type": "Feature", "properties": { "ID": 315568, "Address": "Уральская улица, 162", "lat": 45.038534, "long": 39.094052, "population_x": 29000.0, "poi_count": 74, "type": "pvz", "hex_id": 58, "poi_amenity": 0, "poi_shop": 0, "poi_office": 0, "poi_leisure": 0, "poi_tourism": 0, "population_y": 29000.0, "car_traffic": 20000.0, "foot_traffic": 29000.0, "attractiveness": 0.0, "poi_transport": 5, "attractiveness_updated": 0.5 }, "geometry": { "type": "Point", "coordinates": [ 4351929.961685758084059, 5627589.917174561880529 ] } },
{ "type": "Feature", "properties": { "ID": 151807, "Address": "\nУральская улица, 162/1", "lat": 45.03891, "long": 39.093711, "population_x": 29000.0, "poi_count": 72, "type": "pvz", "hex_id": 58, "poi_amenity": 0, "poi_shop": 0, "poi_office": 0, "poi_leisure": 0, "poi_tourism": 0, "population_y": 29000.0, "car_traffic": 20000.0, "foot_traffic": 29000.0, "attractiveness": 0.0, "poi_transport": 5, "attractiveness_updated": 0.5 }, "geometry": { "type": "Point", "coordinates": [ 4351892.001739397644997, 5627649.15072432719171 ] } },
{ "type": "Feature", "properties": { "ID": 213822, "Address": "Симферопольская улица, 40", "lat": 45.035802, "long": 39.088375, "population_x": 29000.0, "poi_count": 31, "type": "pvz", "hex_id": 58, "poi_amenity": 0, "poi_shop": 0, "poi_office": 0, "poi_leisure": 0, "poi_tourism": 0, "population_y": 29000.0, "car_traffic": 20000.0, "foot_traffic": 29000.0, "attractiveness": 0.0, "poi_transport": 4, "attractiveness_updated": 0.4 }, "geometry": { "type": "Point", "coordinates": [ 4351298.000936524942517, 5627159.540410888381302 ] } },
{ "type": "Feature", "properties": { "ID": 160973, "Address": "Симферопольская улица, 58", "lat": 45.040591, "long": 39.089031, "population_x": 29000.0, "poi_count": 22, "type": "pvz", "hex_id": 58, "poi_amenity": 0, "poi_shop": 0, "poi_office": 0, "poi_leisure": 0, "poi_tourism": 0, "population_y": 29000.0, "car_traffic": 20000.0, "foot_traffic": 29000.0, "attractiveness": 0.0, "poi_transport": 0, "attractiveness_updated": 0.0 }, "geometry": { "type": "Point", "coordinates": [ 4351371.026522483676672, 5627913.97356214094907 ] } },
{ "type": "Feature", "properties": { "ID": 316959, "Address": "Уральская улица, 162/4\n", "lat": 45.040687, "long": 39.095328, "population_x": 29000.0, "poi_count": 39, "type": "pvz", "hex_id": 58, "poi_amenity": 0, "poi_shop": 0, "poi_office": 0, "poi_leisure": 0, "poi_tourism": 0, "population_y": 29000.0, "car_traffic": 20000.0, "foot_traffic": 29000.0, "attractiveness": 0.0, "poi_transport": 0, "attractiveness_updated": 0.0 }, "geometry": { "type": "Point", "coordinates": [ 4352072.005356010980904, 5627929.097528365440667 ] } },
{ "type": "Feature", "properties": { "ID": 158705, "Address": "улица 30-й Иркутской Дивизии, 3", "lat": 45.037509, "long": 39.102649, "population_x": 29000.0, "poi_count": 11, "type": "pvz", "hex_id": 58, "poi_amenity": 0, "poi_shop": 0, "poi_office": 0, "poi_leisure": 0, "poi_tourism": 0, "population_y": 29000.0, "car_traffic": 20000.0, "foot_traffic": 29000.0, "attractiveness": 0.0, "poi_transport": 2, "attractiveness_updated": 0.2 }, "geometry": { "type": "Point", "coordinates": [ 4352886.975348108448088, 5627428.444713847711682 ] } },
{ "type": "Feature", "properties": { "ID": 205939, "Address": "Сормовская улица, 204", "lat": 45.038056, "long": 39.105793, "population_x": 29000.0, "poi_count": 18, "type": "pvz", "hex_id": 58, "poi_amenity": 0, "poi_shop": 0, "poi_office": 0, "poi_leisure": 0, "poi_tourism": 0, "population_y": 29000.0, "car_traffic": 20000.0, "foot_traffic": 29000.0, "attractiveness": 0.0, "poi_transport": 3, "attractiveness_updated": 0.3 }, "geometry": { "type": "Point", "coordinates": [ 4353236.963827162049711, 5627514.615511004813015 ] } },
{ "type": "Feature", "properties": { "ID": 208736, "Address": "Сормовская улица, 191/1", "lat": 45.039037, "long": 39.107635, "population_x": 29000.0, "poi_count": 20, "type": "pvz", "hex_id": 58, "poi_amenity": 0, "poi_shop": 0, "poi_office": 0, "poi_leisure": 0, "poi_tourism": 0, "population_y": 29000.0, "car_traffic": 20000.0, "foot_traffic": 29000.0, "attractiveness": 0.0, "poi_transport": 2, "attractiveness_updated": 0.2 }, "geometry": { "type": "Point", "coordinates": [ 4353442.014329202473164, 5627669.157888920977712 ] } },
{ "type": "Feature", "properties": { "ID": 50022480, "Address": "Уральская улица, 184/4", "lat": 45.042426, "long": 39.10432, "population_x": 29000.0, "poi_count": 12, "type": "pvz", "hex_id": 58, "poi_amenity": 0, "poi_shop": 0, "poi_office": 0, "poi_leisure": 0, "poi_tourism": 0, "population_y": 29000.0, "car_traffic": 20000.0, "foot_traffic": 29000.0, "attractiveness": 0.0, "poi_transport": 2, "attractiveness_updated": 0.2 }, "geometry": { "type": "Point", "coordinates": [ 4353072.990217223763466, 5628203.066268343478441 ] } },
{ "type": "Feature", "properties": { "ID": 313388, "Address": "Войсковая улица, 4к10", "lat": 45.045349, "long": 39.110411, "population_x": 24000.0, "poi_count": 9, "type": "pvz", "hex_id": 67, "poi_amenity": 0, "poi_shop": 0, "poi_office": 0, "poi_leisure": 0, "poi_tourism": 0, "population_y": 24000.0, "car_traffic": 27000.0, "foot_traffic": 19000.0, "attractiveness": 0.0, "poi_transport": 0, "attractiveness_updated": 0.0 }, "geometry": { "type": "Point", "coordinates": [ 4353751.037235645577312, 5628663.585679670795798 ] } },
{ "type": "Feature", "properties": { "ID": 320330, "Address": "Уральская улица, 196/2", "lat": 45.043177, "long": 39.109414, "population_x": 24000.0, "poi_count": 15, "type": "pvz", "hex_id": 67, "poi_amenity": 0, "poi_shop": 0, "poi_office": 0, "poi_leisure": 0, "poi_tourism": 0, "population_y": 24000.0, "car_traffic": 27000.0, "foot_traffic": 19000.0, "attractiveness": 0.0, "poi_transport": 2, "attractiveness_updated": 0.2 }, "geometry": { "type": "Point", "coordinates": [ 4353640.051703323610127, 5628321.384267865680158 ] } },
{ "type": "Feature", "properties": { "ID": 208913, "Address": "Сормовская улица, 208", "lat": 45.038528, "long": 39.112073, "population_x": 6500.0, "poi_count": 17, "type": "pvz", "hex_id": 66, "poi_amenity": 0, "poi_shop": 0, "poi_office": 0, "poi_leisure": 0, "poi_tourism": 0, "population_y": 6500.0, "car_traffic": 21000.0, "foot_traffic": 9500.0, "attractiveness": 0.0, "poi_transport": 1, "attractiveness_updated": 0.1 }, "geometry": { "type": "Point", "coordinates": [ 4353936.050229342654347, 5627588.971961494535208 ] } },
{ "type": "Feature", "properties": { "ID": 310663, "Address": "Сормовская улица, 208/2", "lat": 45.038706, "long": 39.113681, "population_x": 6500.0, "poi_count": 11, "type": "pvz", "hex_id": 66, "poi_amenity": 0, "poi_shop": 0, "poi_office": 0, "poi_leisure": 0, "poi_tourism": 0, "population_y": 6500.0, "car_traffic": 21000.0, "foot_traffic": 9500.0, "attractiveness": 0.0, "poi_transport": 2, "attractiveness_updated": 0.2 }, "geometry": { "type": "Point", "coordinates": [ 4354115.051970538683236, 5627617.013324557803571 ] } },
{ "type": "Feature", "properties": { "ID": 207679, "Address": "Сормовская улица, 212", "lat": 45.038222, "long": 39.114498, "population_x": 6500.0, "poi_count": 12, "type": "pvz", "hex_id": 66, "poi_amenity": 0, "poi_shop": 0, "poi_office": 0, "poi_leisure": 0, "poi_tourism": 0, "population_y": 6500.0, "car_traffic": 21000.0, "foot_traffic": 9500.0, "attractiveness": 0.0, "poi_transport": 1, "attractiveness_updated": 0.1 }, "geometry": { "type": "Point", "coordinates": [ 4354205.999994517304003, 5627540.766226632520556 ] } },
{ "type": "Feature", "properties": { "ID": 50016366, "Address": "Сормовская улица, 210", "lat": 45.039133, "long": 39.114767, "population_x": 6500.0, "poi_count": 11, "type": "pvz", "hex_id": 66, "poi_amenity": 0, "poi_shop": 0, "poi_office": 0, "poi_leisure": 0, "poi_tourism": 0, "population_y": 6500.0, "car_traffic": 21000.0, "foot_traffic": 9500.0, "attractiveness": 0.0, "poi_transport": 2, "attractiveness_updated": 0.2 }, "geometry": { "type": "Point", "coordinates": [ 4354235.944937541149557, 5627684.281444379128516 ] } },
{ "type": "Feature", "properties": { "ID": 50001050, "Address": "Карасунская улица, 272/1литД", "lat": 45.034967, "long": 39.112522, "population_x": 6500.0, "poi_count": 1, "type": "pvz", "hex_id": 66, "poi_amenity": 0, "poi_shop": 0, "poi_office": 0, "poi_leisure": 0, "poi_tourism": 0, "population_y": 6500.0, "car_traffic": 21000.0, "foot_traffic": 9500.0, "attractiveness": 0.0, "poi_transport": 0, "attractiveness_updated": 0.0 }, "geometry": { "type": "Point", "coordinates": [ 4353986.032680709846318, 5627028.005492407828569 ] } },
{ "type": "Feature", "properties": { "ID": 50002790, "Address": "улица Фадеева, 324/9", "lat": 45.027776, "long": 39.120418, "population_x": 6500.0, "poi_count": 13, "type": "pvz", "hex_id": 66, "poi_amenity": 0, "poi_shop": 0, "poi_office": 0, "poi_leisure": 0, "poi_tourism": 0, "population_y": 6500.0, "car_traffic": 21000.0, "foot_traffic": 9500.0, "attractiveness": 0.0, "poi_transport": 2, "attractiveness_updated": 0.2 }, "geometry": { "type": "Point", "coordinates": [ 4354865.011380014009774, 5625895.309352166950703 ] } },
{ "type": "Feature", "properties": { "ID": 316637, "Address": "улица имени Евдокии Бершанской, 394", "lat": 45.031356, "long": 39.118828, "population_x": 6500.0, "poi_count": 5, "type": "pvz", "hex_id": 66, "poi_amenity": 0, "poi_shop": 0, "poi_office": 0, "poi_leisure": 0, "poi_tourism": 0, "population_y": 6500.0, "car_traffic": 21000.0, "foot_traffic": 9500.0, "attractiveness": 0.0, "poi_transport": 0, "attractiveness_updated": 0.0 }, "geometry": { "type": "Point", "coordinates": [ 4354688.013389652594924, 5626459.19813809543848 ] } },
{ "type": "Feature", "properties": { "ID": 145033, "Address": "улица 1 Мая, 67", "lat": 45.031986, "long": 39.121613, "population_x": 6500.0, "poi_count": 17, "type": "pvz", "hex_id": 66, "poi_amenity": 0, "poi_shop": 0, "poi_office": 0, "poi_leisure": 0, "poi_tourism": 0, "population_y": 6500.0, "car_traffic": 21000.0, "foot_traffic": 9500.0, "attractiveness": 0.0, "poi_transport": 0, "attractiveness_updated": 0.0 }, "geometry": { "type": "Point", "coordinates": [ 4354998.038171512074769, 5626558.433613169007003 ] } },
{ "type": "Feature", "properties": { "ID": 50016546, "Address": "улица Фадеева, 429", "lat": 45.031521, "long": 39.127551, "population_x": 6500.0, "poi_count": 23, "type": "pvz", "hex_id": 66, "poi_amenity": 0, "poi_shop": 0, "poi_office": 0, "poi_leisure": 0, "poi_tourism": 0, "population_y": 6500.0, "car_traffic": 21000.0, "foot_traffic": 9500.0, "attractiveness": 0.0, "poi_transport": 0, "attractiveness_updated": 0.0 }, "geometry": { "type": "Point", "coordinates": [ 4355659.053307842463255, 5626485.188275986351073 ] } },
{ "type": "Feature", "properties": { "ID": 150368, "Address": "улица Фадеева, 425/1", "lat": 45.032349, "long": 39.127263, "population_x": 6500.0, "poi_count": 18, "type": "pvz", "hex_id": 66, "poi_amenity": 0, "poi_shop": 0, "poi_office": 0, "poi_leisure": 0, "poi_tourism": 0, "population_y": 6500.0, "car_traffic": 21000.0, "foot_traffic": 9500.0, "attractiveness": 0.0, "poi_transport": 0, "attractiveness_updated": 0.0 }, "geometry": { "type": "Point", "coordinates": [ 4355626.993294493295252, 5626615.612644841894507 ] } },
{ "type": "Feature", "properties": { "ID": 102612, "Address": "улица Лавочкина, 13/3", "lat": 45.035834, "long": 39.122763, "population_x": 6500.0, "poi_count": 18, "type": "pvz", "hex_id": 66, "poi_amenity": 0, "poi_shop": 0, "poi_office": 0, "poi_leisure": 0, "poi_tourism": 0, "population_y": 6500.0, "car_traffic": 21000.0, "foot_traffic": 9500.0, "attractiveness": 0.0, "poi_transport": 0, "attractiveness_updated": 0.0 }, "geometry": { "type": "Point", "coordinates": [ 4355126.055585922673345, 5627164.581308228895068 ] } },
{ "type": "Feature", "properties": { "ID": 304602, "Address": "улица Лавочкина, 13", "lat": 45.036986, "long": 39.122529, "population_x": 6500.0, "poi_count": 19, "type": "pvz", "hex_id": 66, "poi_amenity": 0, "poi_shop": 0, "poi_office": 0, "poi_leisure": 0, "poi_tourism": 0, "population_y": 6500.0, "car_traffic": 21000.0, "foot_traffic": 9500.0, "attractiveness": 0.0, "poi_transport": 0, "attractiveness_updated": 0.0 }, "geometry": { "type": "Point", "coordinates": [ 4355100.00682507827878, 5627346.055489814840257 ] } },
{ "type": "Feature", "properties": { "ID": 301928, "Address": "улица Лавочкина, 31", "lat": 45.039158, "long": 39.123831, "population_x": 6500.0, "poi_count": 22, "type": "pvz", "hex_id": 66, "poi_amenity": 0, "poi_shop": 0, "poi_office": 0, "poi_leisure": 0, "poi_tourism": 0, "population_y": 6500.0, "car_traffic": 21000.0, "foot_traffic": 9500.0, "attractiveness": 0.0, "poi_transport": 0, "attractiveness_updated": 0.0 }, "geometry": { "type": "Point", "coordinates": [ 4355244.944802090525627, 5627688.219874444417655 ] } },
{ "type": "Feature", "properties": { "ID": 50009520, "Address": "улица Лавочкина, 2", "lat": 45.038719, "long": 39.121235, "population_x": 6500.0, "poi_count": 12, "type": "pvz", "hex_id": 66, "poi_amenity": 0, "poi_shop": 0, "poi_office": 0, "poi_leisure": 0, "poi_tourism": 0, "population_y": 6500.0, "car_traffic": 21000.0, "foot_traffic": 9500.0, "attractiveness": 0.0, "poi_transport": 0, "attractiveness_updated": 0.0 }, "geometry": { "type": "Point", "coordinates": [ 4354955.959403990767896, 5627619.061292693018913 ] } },
{ "type": "Feature", "properties": { "ID": 150726, "Address": "Становая улица, 1", "lat": 45.047508, "long": 39.118549, "population_x": 24000.0, "poi_count": 4, "type": "pvz", "hex_id": 67, "poi_amenity": 0, "poi_shop": 0, "poi_office": 0, "poi_leisure": 0, "poi_tourism": 0, "population_y": 24000.0, "car_traffic": 27000.0, "foot_traffic": 19000.0, "attractiveness": 0.0, "poi_transport": 1, "attractiveness_updated": 0.1 }, "geometry": { "type": "Point", "coordinates": [ 4354656.955251721665263, 5629003.751801384612918 ] } },
{ "type": "Feature", "properties": { "ID": 50011399, "Address": "Производственная улица, 19", "lat": 45.046278, "long": 39.123257, "population_x": 24000.0, "poi_count": 2, "type": "pvz", "hex_id": 67, "poi_amenity": 0, "poi_shop": 0, "poi_office": 0, "poi_leisure": 0, "poi_tourism": 0, "population_y": 24000.0, "car_traffic": 27000.0, "foot_traffic": 19000.0, "attractiveness": 0.0, "poi_transport": 0, "attractiveness_updated": 0.0 }, "geometry": { "type": "Point", "coordinates": [ 4355181.047414374537766, 5628809.954799425788224 ] } },
{ "type": "Feature", "properties": { "ID": 320010, "Address": "Войсковая улица, 117", "lat": 45.047769, "long": 39.127739, "population_x": 24000.0, "poi_count": 5, "type": "pvz", "hex_id": 67, "poi_amenity": 0, "poi_shop": 0, "poi_office": 0, "poi_leisure": 0, "poi_tourism": 0, "population_y": 24000.0, "car_traffic": 27000.0, "foot_traffic": 19000.0, "attractiveness": 0.0, "poi_transport": 0, "attractiveness_updated": 0.0 }, "geometry": { "type": "Point", "coordinates": [ 4355679.981372111476958, 5629044.875115799717605 ] } },
{ "type": "Feature", "properties": { "ID": 302990, "Address": "Марьянская улица, 42", "lat": 45.048093, "long": 39.12888, "population_x": 24000.0, "poi_count": 5, "type": "pvz", "hex_id": 67, "poi_amenity": 0, "poi_shop": 0, "poi_office": 0, "poi_leisure": 0, "poi_tourism": 0, "population_y": 24000.0, "car_traffic": 27000.0, "foot_traffic": 19000.0, "attractiveness": 0.0, "poi_transport": 0, "attractiveness_updated": 0.0 }, "geometry": { "type": "Point", "coordinates": [ 4355806.99691110663116, 5629095.925008534453809 ] } },
{ "type": "Feature", "properties": { "ID": 50006225, "Address": "Богатырская улица, 5/1", "lat": 45.059835, "long": 39.111462, "population_x": 24000.0, "poi_count": 5, "type": "pvz", "hex_id": 67, "poi_amenity": 0, "poi_shop": 0, "poi_office": 0, "poi_leisure": 0, "poi_tourism": 0, "population_y": 24000.0, "car_traffic": 27000.0, "foot_traffic": 19000.0, "attractiveness": 0.0, "poi_transport": 0, "attractiveness_updated": 0.0 }, "geometry": { "type": "Point", "coordinates": [ 4353868.034020469523966, 5630946.206108924001455 ] } },
{ "type": "Feature", "properties": { "ID": 309400, "Address": "улица имени Владимира Жириновского, 1к1", "lat": 45.058982, "long": 39.114148, "population_x": 24000.0, "poi_count": 3, "type": "pvz", "hex_id": 67, "poi_amenity": 0, "poi_shop": 0, "poi_office": 0, "poi_leisure": 0, "poi_tourism": 0, "population_y": 24000.0, "car_traffic": 27000.0, "foot_traffic": 19000.0, "attractiveness": 0.0, "poi_transport": 0, "attractiveness_updated": 0.0 }, "geometry": { "type": "Point", "coordinates": [ 4354167.038172738626599, 5630811.779260800220072 ] } },
{ "type": "Feature", "properties": { "ID": 209681, "Address": "Богатырская улица, 80", "lat": 45.058039, "long": 39.11687, "population_x": 24000.0, "poi_count": 3, "type": "pvz", "hex_id": 67, "poi_amenity": 0, "poi_shop": 0, "poi_office": 0, "poi_leisure": 0, "poi_tourism": 0, "population_y": 24000.0, "car_traffic": 27000.0, "foot_traffic": 19000.0, "attractiveness": 0.0, "poi_transport": 1, "attractiveness_updated": 0.1 }, "geometry": { "type": "Point", "coordinates": [ 4354470.049826677888632, 5630663.17137461155653 ] } },
{ "type": "Feature", "properties": { "ID": 50006622, "Address": "Андреевская улица, 41", "lat": 45.056747, "long": 39.129464, "population_x": 24000.0, "poi_count": 6, "type": "pvz", "hex_id": 67, "poi_amenity": 0, "poi_shop": 0, "poi_office": 0, "poi_leisure": 0, "poi_tourism": 0, "population_y": 24000.0, "car_traffic": 27000.0, "foot_traffic": 19000.0, "attractiveness": 0.0, "poi_transport": 1, "attractiveness_updated": 0.1 }, "geometry": { "type": "Point", "coordinates": [ 4355872.007493729703128, 5630459.568366539664567 ] } },
{ "type": "Feature", "properties": { "ID": 50018225, "Address": "Центровая улица, 23/2", "lat": 45.061535, "long": 39.129392, "population_x": 1700.0, "poi_count": 1, "type": "pvz", "hex_id": 75, "poi_amenity": 0, "poi_shop": 0, "poi_office": 0, "poi_leisure": 0, "poi_tourism": 0, "population_y": 1700.0, "car_traffic": 20000.0, "foot_traffic": 4600.0, "attractiveness": 0.0, "poi_transport": 0, "attractiveness_updated": 0.0 }, "geometry": { "type": "Point", "coordinates": [ 4355863.99249039310962, 5631214.120228414423764 ] } },
{ "type": "Feature", "properties": { "ID": 212461, "Address": "улица имени Виктора Нарыкова, 6", "lat": 45.067704, "long": 39.125628, "population_x": 1700.0, "poi_count": 5, "type": "pvz", "hex_id": 75, "poi_amenity": 0, "poi_shop": 0, "poi_office": 0, "poi_leisure": 0, "poi_tourism": 0, "population_y": 1700.0, "car_traffic": 20000.0, "foot_traffic": 4600.0, "attractiveness": 0.0, "poi_transport": 0, "attractiveness_updated": 0.0 }, "geometry": { "type": "Point", "coordinates": [ 4355444.985927045345306, 5632186.400200709700584 ] } },
{ "type": "Feature", "properties": { "ID": 50034058, "Address": "Природная улица, 10Бк2", "lat": 45.062534, "long": 39.142094, "population_x": 1700.0, "poi_count": 0, "type": "pvz", "hex_id": 75, "poi_amenity": 0, "poi_shop": 0, "poi_office": 0, "poi_leisure": 0, "poi_tourism": 0, "population_y": 1700.0, "car_traffic": 20000.0, "foot_traffic": 4600.0, "attractiveness": 0.0, "poi_transport": 0, "attractiveness_updated": 0.0 }, "geometry": { "type": "Point", "coordinates": [ 4357277.972662448883057, 5631371.562888928689063 ] } },
{ "type": "Feature", "properties": { "ID": 216142, "Address": "Природная улица, 10Бк6", "lat": 45.061643, "long": 39.144547, "population_x": 1700.0, "poi_count": 0, "type": "pvz", "hex_id": 75, "poi_amenity": 0, "poi_shop": 0, "poi_office": 0, "poi_leisure": 0, "poi_tourism": 0, "population_y": 1700.0, "car_traffic": 20000.0, "foot_traffic": 4600.0, "attractiveness": 0.0, "poi_transport": 0, "attractiveness_updated": 0.0 }, "geometry": { "type": "Point", "coordinates": [ 4357551.039373365230858, 5631231.140923948027194 ] } },
{ "type": "Feature", "properties": { "ID": 207915, "Address": "улица Гагарина, 4", "lat": 45.057161, "long": 39.141825, "population_x": 0.0, "poi_count": 0, "type": "pvz", "hex_id": 74, "poi_amenity": 0, "poi_shop": 0, "poi_office": 0, "poi_leisure": 0, "poi_tourism": 0, "population_y": 0.0, "car_traffic": null, "foot_traffic": null, "attractiveness": 0.0, "poi_transport": 0, "attractiveness_updated": 0.0 }, "geometry": { "type": "Point", "coordinates": [ 4357248.027719425037503, 5630524.809077229350805 ] } },
{ "type": "Feature", "properties": { "ID": 305325, "Address": "Виноградная улица, 63", "lat": 45.05469, "long": 39.149137, "population_x": 0.0, "poi_count": 0, "type": "pvz", "hex_id": 74, "poi_amenity": 0, "poi_shop": 0, "poi_office": 0, "poi_leisure": 0, "poi_tourism": 0, "population_y": 0.0, "car_traffic": null, "foot_traffic": null, "attractiveness": 0.0, "poi_transport": 0, "attractiveness_updated": 0.0 }, "geometry": { "type": "Point", "coordinates": [ 4358061.995836106128991, 5630135.420438023284078 ] } },
{ "type": "Feature", "properties": { "ID": 114495, "Address": "Первомайская улица, 47", "lat": 45.055346, "long": 39.150125, "population_x": 0.0, "poi_count": 0, "type": "pvz", "hex_id": 74, "poi_amenity": 0, "poi_shop": 0, "poi_office": 0, "poi_leisure": 0, "poi_tourism": 0, "population_y": 0.0, "car_traffic": null, "foot_traffic": null, "attractiveness": 0.0, "poi_transport": 0, "attractiveness_updated": 0.0 }, "geometry": { "type": "Point", "coordinates": [ 4358171.979493009857833, 5630238.793523248285055 ] } },
{ "type": "Feature", "properties": { "ID": 50027099, "Address": "Первомайская улица, 47", "lat": 45.047055, "long": 39.015117, "population_x": 25000.0, "poi_count": 20, "type": "pvz", "hex_id": 36, "poi_amenity": 0, "poi_shop": 0, "poi_office": 0, "poi_leisure": 0, "poi_tourism": 0, "population_y": 25000.0, "car_traffic": 41000.0, "foot_traffic": 52000.0, "attractiveness": 0.0, "poi_transport": 0, "attractiveness_updated": 0.0 }, "geometry": { "type": "Point", "coordinates": [ 4343142.957679990679026, 5628932.377298834733665 ] } },
{ "type": "Feature", "properties": { "ID": 317386, "Address": "Курчанская улица, 141к1", "lat": 45.086435, "long": 39.074837, "population_x": 6500.0, "poi_count": 0, "type": "pvz", "hex_id": 60, "poi_amenity": 0, "poi_shop": 0, "poi_office": 0, "poi_leisure": 0, "poi_tourism": 0, "population_y": 6500.0, "car_traffic": 2400.0, "foot_traffic": 2200.0, "attractiveness": 0.0, "poi_transport": 0, "attractiveness_updated": 0.0 }, "geometry": { "type": "Point", "coordinates": [ 4349790.957670166157186, 5635139.187347680330276 ] } },
{ "type": "Feature", "properties": { "ID": 330065, "Address": "Приморско-Ахтарская улица, 11", "lat": 45.095503, "long": 39.073149, "population_x": 11000.0, "poi_count": 0, "type": "pvz", "hex_id": 61, "poi_amenity": 0, "poi_shop": 0, "poi_office": 0, "poi_leisure": 0, "poi_tourism": 0, "population_y": 11000.0, "car_traffic": 7500.0, "foot_traffic": 4400.0, "attractiveness": 0.0, "poi_transport": 2, "attractiveness_updated": 0.2 }, "geometry": { "type": "Point", "coordinates": [ 4349603.050369706936181, 5636569.030338383279741 ] } },
{ "type": "Feature", "properties": { "ID": 1005, "Address": "Советская улица, 2/1", "lat": 45.151512, "long": 39.004302, "population_x": 12000.0, "poi_count": 0, "type": "rent", "hex_id": 56, "poi_amenity": 0, "poi_shop": 0, "poi_office": 0, "poi_leisure": 0, "poi_tourism": 0, "population_y": 12000.0, "car_traffic": 23000.0, "foot_traffic": 13000.0, "attractiveness": 0.0, "poi_transport": 0, "attractiveness_updated": 0.0 }, "geometry": { "type": "Point", "coordinates": [ 4341939.03738706279546, 5645405.57081994228065 ] } },
{ "type": "Feature", "properties": { "ID": 1006, "Address": "Линейная улица, 57", "lat": 45.14539, "long": 39.004742, "population_x": 12000.0, "poi_count": 0, "type": "rent", "hex_id": 56, "poi_amenity": 0, "poi_shop": 0, "poi_office": 0, "poi_leisure": 0, "poi_tourism": 0, "population_y": 12000.0, "car_traffic": 23000.0, "foot_traffic": 13000.0, "attractiveness": 0.0, "poi_transport": 0, "attractiveness_updated": 0.0 }, "geometry": { "type": "Point", "coordinates": [ 4341988.017963009886444, 5644439.280354337766767 ] } },
{ "type": "Feature", "properties": { "ID": 1008, "Address": "Сенная улица, 1/4", "lat": 45.126926, "long": 38.946405, "population_x": 5000.0, "poi_count": 0, "type": "rent", "hex_id": 40, "poi_amenity": 0, "poi_shop": 0, "poi_office": 0, "poi_leisure": 0, "poi_tourism": 0, "population_y": 5000.0, "car_traffic": 4600.0, "foot_traffic": 7000.0, "attractiveness": 0.0, "poi_transport": 0, "attractiveness_updated": 0.0 }, "geometry": { "type": "Point", "coordinates": [ 4335493.972828603349626, 5641525.569027177989483 ] } },
{ "type": "Feature", "properties": { "ID": 1009, "Address": "Пригородная улица, 1", "lat": 45.127365, "long": 38.949253, "population_x": 5000.0, "poi_count": 3, "type": "rent", "hex_id": 40, "poi_amenity": 0, "poi_shop": 0, "poi_office": 0, "poi_leisure": 0, "poi_tourism": 0, "population_y": 5000.0, "car_traffic": 4600.0, "foot_traffic": 7000.0, "attractiveness": 0.0, "poi_transport": 0, "attractiveness_updated": 0.0 }, "geometry": { "type": "Point", "coordinates": [ 4335811.010738383047283, 5641594.834470337256789 ] } },
{ "type": "Feature", "properties": { "ID": 1010, "Address": "Пригородная улица, 65", "lat": 45.125845, "long": 38.962773, "population_x": 5000.0, "poi_count": 4, "type": "rent", "hex_id": 40, "poi_amenity": 0, "poi_shop": 0, "poi_office": 0, "poi_leisure": 0, "poi_tourism": 0, "population_y": 5000.0, "car_traffic": 4600.0, "foot_traffic": 7000.0, "attractiveness": 0.0, "poi_transport": 0, "attractiveness_updated": 0.0 }, "geometry": { "type": "Point", "coordinates": [ 4337316.050253908149898, 5641355.011062561534345 ] } },
{ "type": "Feature", "properties": { "ID": 1011, "Address": "Большевистская улица, 286/1", "lat": 45.125858, "long": 38.99345, "population_x": 7000.0, "poi_count": 11, "type": "rent", "hex_id": 47, "poi_amenity": 0, "poi_shop": 0, "poi_office": 0, "poi_leisure": 0, "poi_tourism": 0, "population_y": 7000.0, "car_traffic": 26000.0, "foot_traffic": 15000.0, "attractiveness": 0.0, "poi_transport": 2, "attractiveness_updated": 0.2 }, "geometry": { "type": "Point", "coordinates": [ 4340730.998272973112762, 5641357.062156716361642 ] } },
{ "type": "Feature", "properties": { "ID": 1012, "Address": "3-я Трудовая улица, 104/2", "lat": 45.125756, "long": 39.004652, "population_x": 7000.0, "poi_count": 6, "type": "rent", "hex_id": 47, "poi_amenity": 0, "poi_shop": 0, "poi_office": 0, "poi_leisure": 0, "poi_tourism": 0, "population_y": 7000.0, "car_traffic": 26000.0, "foot_traffic": 15000.0, "attractiveness": 0.0, "poi_transport": 2, "attractiveness_updated": 0.2 }, "geometry": { "type": "Point", "coordinates": [ 4341977.999208838678896, 5641340.968968962319195 ] } },
{ "type": "Feature", "properties": { "ID": 1013, "Address": "улица имени В.М. Комарова, 90", "lat": 45.115866, "long": 39.042022, "population_x": 7000.0, "poi_count": 6, "type": "rent", "hex_id": 62, "poi_amenity": 0, "poi_shop": 0, "poi_office": 0, "poi_leisure": 0, "poi_tourism": 0, "population_y": 7000.0, "car_traffic": 1100.0, "foot_traffic": 3200.0, "attractiveness": 0.0, "poi_transport": 0, "attractiveness_updated": 0.0 }, "geometry": { "type": "Point", "coordinates": [ 4346138.008579783141613, 5639780.697499462403357 ] } },
{ "type": "Feature", "properties": { "ID": 1014, "Address": "улица Академика Королёва, 22", "lat": 45.115994, "long": 39.040845, "population_x": 7000.0, "poi_count": 2, "type": "rent", "hex_id": 62, "poi_amenity": 0, "poi_shop": 0, "poi_office": 0, "poi_leisure": 0, "poi_tourism": 0, "population_y": 7000.0, "car_traffic": 1100.0, "foot_traffic": 3200.0, "attractiveness": 0.0, "poi_transport": 0, "attractiveness_updated": 0.0 }, "geometry": { "type": "Point", "coordinates": [ 4346006.985539119690657, 5639800.889376514591277 ] } },
{ "type": "Feature", "properties": { "ID": 1015, "Address": "улица Академика Королёва, 26", "lat": 45.116604, "long": 39.041591, "population_x": 7000.0, "poi_count": 2, "type": "rent", "hex_id": 62, "poi_amenity": 0, "poi_shop": 0, "poi_office": 0, "poi_leisure": 0, "poi_tourism": 0, "population_y": 7000.0, "car_traffic": 1100.0, "foot_traffic": 3200.0, "attractiveness": 0.0, "poi_transport": 0, "attractiveness_updated": 0.0 }, "geometry": { "type": "Point", "coordinates": [ 4346090.029879250563681, 5639897.116912830621004 ] } },
{ "type": "Feature", "properties": { "ID": 1016, "Address": "Островная улица, 14", "lat": 45.11233, "long": 38.997798, "population_x": 38000.0, "poi_count": 3, "type": "rent", "hex_id": 46, "poi_amenity": 0, "poi_shop": 0, "poi_office": 0, "poi_leisure": 0, "poi_tourism": 0, "population_y": 38000.0, "car_traffic": 38000.0, "foot_traffic": 37000.0, "attractiveness": 0.0, "poi_transport": 0, "attractiveness_updated": 0.0 }, "geometry": { "type": "Point", "coordinates": [ 4341215.015418943017721, 5639222.914802489802241 ] } },
{ "type": "Feature", "properties": { "ID": 1017, "Address": "улица Степана Неустроева, 32/8", "lat": 45.107966, "long": 38.990459, "population_x": 38000.0, "poi_count": 0, "type": "rent", "hex_id": 46, "poi_amenity": 0, "poi_shop": 0, "poi_office": 0, "poi_leisure": 0, "poi_tourism": 0, "population_y": 38000.0, "car_traffic": 38000.0, "foot_traffic": 37000.0, "attractiveness": 0.0, "poi_transport": 0, "attractiveness_updated": 0.0 }, "geometry": { "type": "Point", "coordinates": [ 4340398.041676010936499, 5638534.567736464552581 ] } },
{ "type": "Feature", "properties": { "ID": 1018, "Address": "улица им. Мурата Ахеджака, 20", "lat": 45.111592, "long": 38.969231, "population_x": 26000.0, "poi_count": 0, "type": "rent", "hex_id": 39, "poi_amenity": 0, "poi_shop": 0, "poi_office": 0, "poi_leisure": 0, "poi_tourism": 0, "population_y": 26000.0, "car_traffic": 26000.0, "foot_traffic": 21000.0, "attractiveness": 0.0, "poi_transport": 2, "attractiveness_updated": 0.2 }, "geometry": { "type": "Point", "coordinates": [ 4338034.951525449752808, 5639106.504107803106308 ] } },
{ "type": "Feature", "properties": { "ID": 1019, "Address": "улица им. Мурата Ахеджака, 12к10", "lat": 45.112438, "long": 38.966114, "population_x": 26000.0, "poi_count": 2, "type": "rent", "hex_id": 39, "poi_amenity": 0, "poi_shop": 0, "poi_office": 0, "poi_leisure": 0, "poi_tourism": 0, "population_y": 26000.0, "car_traffic": 26000.0, "foot_traffic": 21000.0, "attractiveness": 0.0, "poi_transport": 0, "attractiveness_updated": 0.0 }, "geometry": { "type": "Point", "coordinates": [ 4337687.968672648072243, 5639239.950640169903636 ] } },
{ "type": "Feature", "properties": { "ID": 1020, "Address": "улица Александра Покрышкина, 3", "lat": 45.107686, "long": 38.949262, "population_x": 13000.0, "poi_count": 6, "type": "rent", "hex_id": 31, "poi_amenity": 0, "poi_shop": 0, "poi_office": 0, "poi_leisure": 0, "poi_tourism": 0, "population_y": 13000.0, "car_traffic": 13000.0, "foot_traffic": 9500.0, "attractiveness": 0.0, "poi_transport": 2, "attractiveness_updated": 0.2 }, "geometry": { "type": "Point", "coordinates": [ 4335812.012613798491657, 5638490.404276848770678 ] } },
{ "type": "Feature", "properties": { "ID": 1021, "Address": "Средняя улица, 32/17", "lat": 45.114537, "long": 38.937853, "population_x": 13000.0, "poi_count": 1, "type": "rent", "hex_id": 31, "poi_amenity": 0, "poi_shop": 0, "poi_office": 0, "poi_leisure": 0, "poi_tourism": 0, "population_y": 13000.0, "car_traffic": 13000.0, "foot_traffic": 9500.0, "attractiveness": 0.0, "poi_transport": 0, "attractiveness_updated": 0.0 }, "geometry": { "type": "Point", "coordinates": [ 4334541.968543339520693, 5639571.051702388562262 ] } },
{ "type": "Feature", "properties": { "ID": 1023, "Address": "улица Западный Обход, 29", "lat": 45.080485, "long": 38.893809, "population_x": 30000.0, "poi_count": 18, "type": "rent", "hex_id": 14, "poi_amenity": 0, "poi_shop": 0, "poi_office": 0, "poi_leisure": 0, "poi_tourism": 0, "population_y": 30000.0, "car_traffic": 12000.0, "foot_traffic": 14000.0, "attractiveness": 0.0, "poi_transport": 0, "attractiveness_updated": 0.0 }, "geometry": { "type": "Point", "coordinates": [ 4329639.01289083994925, 5634201.11418057885021 ] } },
{ "type": "Feature", "properties": { "ID": 1024, "Address": "улица имени Генерала Корнилова, 9А", "lat": 45.09451, "long": 38.914632, "population_x": 26000.0, "poi_count": 1, "type": "rent", "hex_id": 23, "poi_amenity": 0, "poi_shop": 0, "poi_office": 0, "poi_leisure": 0, "poi_tourism": 0, "population_y": 26000.0, "car_traffic": 11000.0, "foot_traffic": 10000.0, "attractiveness": 0.0, "poi_transport": 0, "attractiveness_updated": 0.0 }, "geometry": { "type": "Point", "coordinates": [ 4331957.018647628836334, 5636412.442946831695735 ] } },
{ "type": "Feature", "properties": { "ID": 1025, "Address": "улица имени Генерала Корнилова, 9А", "lat": 45.09451, "long": 38.914632, "population_x": 26000.0, "poi_count": 1, "type": "rent", "hex_id": 23, "poi_amenity": 0, "poi_shop": 0, "poi_office": 0, "poi_leisure": 0, "poi_tourism": 0, "population_y": 26000.0, "car_traffic": 11000.0, "foot_traffic": 10000.0, "attractiveness": 0.0, "poi_transport": 0, "attractiveness_updated": 0.0 }, "geometry": { "type": "Point", "coordinates": [ 4331957.018647628836334, 5636412.442946831695735 ] } },
{ "type": "Feature", "properties": { "ID": 1026, "Address": "улица Западный Обход, 48", "lat": 45.09661, "long": 38.912386, "population_x": 26000.0, "poi_count": 11, "type": "rent", "hex_id": 23, "poi_amenity": 0, "poi_shop": 0, "poi_office": 0, "poi_leisure": 0, "poi_tourism": 0, "population_y": 26000.0, "car_traffic": 11000.0, "foot_traffic": 10000.0, "attractiveness": 0.0, "poi_transport": 1, "attractiveness_updated": 0.1 }, "geometry": { "type": "Point", "coordinates": [ 4331706.995071305893362, 5636743.597739943303168 ] } },
{ "type": "Feature", "properties": { "ID": 1027, "Address": "улица Западный Обход, 48", "lat": 45.09661, "long": 38.912386, "population_x": 26000.0, "poi_count": 11, "type": "rent", "hex_id": 23, "poi_amenity": 0, "poi_shop": 0, "poi_office": 0, "poi_leisure": 0, "poi_tourism": 0, "population_y": 26000.0, "car_traffic": 11000.0, "foot_traffic": 10000.0, "attractiveness": 0.0, "poi_transport": 1, "attractiveness_updated": 0.1 }, "geometry": { "type": "Point", "coordinates": [ 4331706.995071305893362, 5636743.597739943303168 ] } },
{ "type": "Feature", "properties": { "ID": 1028, "Address": "улица Константина Гондаря, 98", "lat": 45.102183, "long": 38.910796, "population_x": 26000.0, "poi_count": 8, "type": "rent", "hex_id": 23, "poi_amenity": 0, "poi_shop": 0, "poi_office": 0, "poi_leisure": 0, "poi_tourism": 0, "population_y": 26000.0, "car_traffic": 11000.0, "foot_traffic": 10000.0, "attractiveness": 0.0, "poi_transport": 0, "attractiveness_updated": 0.0 }, "geometry": { "type": "Point", "coordinates": [ 4331529.997080944478512, 5637622.478532733395696 ] } },
{ "type": "Feature", "properties": { "ID": 1029, "Address": "улица Западный Обход, 65/1", "lat": 45.10268, "long": 38.913707, "population_x": 26000.0, "poi_count": 5, "type": "rent", "hex_id": 23, "poi_amenity": 0, "poi_shop": 0, "poi_office": 0, "poi_leisure": 0, "poi_tourism": 0, "population_y": 26000.0, "car_traffic": 11000.0, "foot_traffic": 10000.0, "attractiveness": 0.0, "poi_transport": 1, "attractiveness_updated": 0.1 }, "geometry": { "type": "Point", "coordinates": [ 4331854.048118645325303, 5637700.861266194842756 ] } },
{ "type": "Feature", "properties": { "ID": 1030, "Address": "улица имени Генерала Корнилова, 24", "lat": 45.101344, "long": 38.91792, "population_x": 26000.0, "poi_count": 5, "type": "rent", "hex_id": 23, "poi_amenity": 0, "poi_shop": 0, "poi_office": 0, "poi_leisure": 0, "poi_tourism": 0, "population_y": 26000.0, "car_traffic": 11000.0, "foot_traffic": 10000.0, "attractiveness": 0.0, "poi_transport": 1, "attractiveness_updated": 0.1 }, "geometry": { "type": "Point", "coordinates": [ 4332323.037133356556296, 5637490.159933287650347 ] } },
{ "type": "Feature", "properties": { "ID": 1031, "Address": "Клеверная улица, 2/4", "lat": 45.103284, "long": 38.917336, "population_x": 26000.0, "poi_count": 6, "type": "rent", "hex_id": 23, "poi_amenity": 0, "poi_shop": 0, "poi_office": 0, "poi_leisure": 0, "poi_tourism": 0, "population_y": 26000.0, "car_traffic": 11000.0, "foot_traffic": 10000.0, "attractiveness": 0.0, "poi_transport": 2, "attractiveness_updated": 0.2 }, "geometry": { "type": "Point", "coordinates": [ 4332258.026550732553005, 5637796.120074087753892 ] } },
{ "type": "Feature", "properties": { "ID": 1032, "Address": "Персиковая улица, 208", "lat": 45.101636, "long": 38.941411, "population_x": 11000.0, "poi_count": 2, "type": "rent", "hex_id": 30, "poi_amenity": 0, "poi_shop": 0, "poi_office": 0, "poi_leisure": 0, "poi_tourism": 0, "population_y": 11000.0, "car_traffic": 2600.0, "foot_traffic": 3400.0, "attractiveness": 0.0, "poi_transport": 3, "attractiveness_updated": 0.3 }, "geometry": { "type": "Point", "coordinates": [ 4334938.043291582725942, 5637536.211001165211201 ] } },
{ "type": "Feature", "properties": { "ID": 1033, "Address": "Грушевая улица, 365", "lat": 45.101897, "long": 38.940198, "population_x": 11000.0, "poi_count": 2, "type": "rent", "hex_id": 30, "poi_amenity": 0, "poi_shop": 0, "poi_office": 0, "poi_leisure": 0, "poi_tourism": 0, "population_y": 11000.0, "car_traffic": 2600.0, "foot_traffic": 3400.0, "attractiveness": 0.0, "poi_transport": 3, "attractiveness_updated": 0.3 }, "geometry": { "type": "Point", "coordinates": [ 4334803.012749250046909, 5637577.373285155743361 ] } },
{ "type": "Feature", "properties": { "ID": 1034, "Address": "садовое товарищество Животновод, 362", "lat": 45.102578, "long": 38.940952, "population_x": 11000.0, "poi_count": 3, "type": "rent", "hex_id": 30, "poi_amenity": 0, "poi_shop": 0, "poi_office": 0, "poi_leisure": 0, "poi_tourism": 0, "population_y": 11000.0, "car_traffic": 2600.0, "foot_traffic": 3400.0, "attractiveness": 0.0, "poi_transport": 3, "attractiveness_updated": 0.3 }, "geometry": { "type": "Point", "coordinates": [ 4334886.947645308449864, 5637684.774613334797323 ] } },
{ "type": "Feature", "properties": { "ID": 1036, "Address": "улица Александра Покрышкина, 21", "lat": 45.1031, "long": 38.974028, "population_x": 26000.0, "poi_count": 12, "type": "rent", "hex_id": 39, "poi_amenity": 0, "poi_shop": 0, "poi_office": 0, "poi_leisure": 0, "poi_tourism": 0, "population_y": 26000.0, "car_traffic": 26000.0, "foot_traffic": 21000.0, "attractiveness": 0.0, "poi_transport": 2, "attractiveness_updated": 0.2 }, "geometry": { "type": "Point", "coordinates": [ 4338568.951122784987092, 5637767.100727850571275 ] } },
{ "type": "Feature", "properties": { "ID": 1037, "Address": "улица имени Дзержинского, 100", "lat": 45.102209, "long": 38.983892, "population_x": 26000.0, "poi_count": 114, "type": "rent", "hex_id": 39, "poi_amenity": 0, "poi_shop": 0, "poi_office": 0, "poi_leisure": 0, "poi_tourism": 0, "population_y": 26000.0, "car_traffic": 26000.0, "foot_traffic": 21000.0, "attractiveness": 0.0, "poi_transport": 2, "attractiveness_updated": 0.2 }, "geometry": { "type": "Point", "coordinates": [ 4339667.006579970940948, 5637626.579020988196135 ] } },
{ "type": "Feature", "properties": { "ID": 1038, "Address": "улица имени Дзержинского, 98/5", "lat": 45.09857, "long": 38.981556, "population_x": 9500.0, "poi_count": 40, "type": "rent", "hex_id": 38, "poi_amenity": 0, "poi_shop": 0, "poi_office": 0, "poi_leisure": 0, "poi_tourism": 0, "population_y": 9500.0, "car_traffic": 29000.0, "foot_traffic": 19000.0, "attractiveness": 0.0, "poi_transport": 2, "attractiveness_updated": 0.2 }, "geometry": { "type": "Point", "coordinates": [ 4339406.964249477721751, 5637052.686534700915217 ] } },
{ "type": "Feature", "properties": { "ID": 1039, "Address": "Конечная улица, 4", "lat": 45.041266, "long": 39.122044, "population_x": 6500.0, "poi_count": 7, "type": "rent", "hex_id": 66, "poi_amenity": 0, "poi_shop": 0, "poi_office": 0, "poi_leisure": 0, "poi_tourism": 0, "population_y": 6500.0, "car_traffic": 21000.0, "foot_traffic": 9500.0, "attractiveness": 0.0, "poi_transport": 0, "attractiveness_updated": 0.0 }, "geometry": { "type": "Point", "coordinates": [ 4355046.016872043721378, 5628020.314487737603486 ] } },
{ "type": "Feature", "properties": { "ID": 1040, "Address": "улица Грибоедова, 4Ж", "lat": 45.088491, "long": 38.987252, "population_x": 9500.0, "poi_count": 9, "type": "rent", "hex_id": 38, "poi_amenity": 0, "poi_shop": 0, "poi_office": 0, "poi_leisure": 0, "poi_tourism": 0, "population_y": 9500.0, "car_traffic": 29000.0, "foot_traffic": 19000.0, "attractiveness": 0.0, "poi_transport": 2, "attractiveness_updated": 0.2 }, "geometry": { "type": "Point", "coordinates": [ 4340041.040069035254419, 5635463.357698052190244 ] } },
{ "type": "Feature", "properties": { "ID": 1041, "Address": "4-й проезд Сафонова, 10", "lat": 45.087562, "long": 38.988015, "population_x": 9500.0, "poi_count": 8, "type": "rent", "hex_id": 38, "poi_amenity": 0, "poi_shop": 0, "poi_office": 0, "poi_leisure": 0, "poi_tourism": 0, "population_y": 9500.0, "car_traffic": 29000.0, "foot_traffic": 19000.0, "attractiveness": 0.0, "poi_transport": 1, "attractiveness_updated": 0.1 }, "geometry": { "type": "Point", "coordinates": [ 4340125.976840511895716, 5635316.88044786080718 ] } },
{ "type": "Feature", "properties": { "ID": 1042, "Address": "Московская улица, 158", "lat": 45.091946, "long": 39.002622, "population_x": 46000.0, "poi_count": 53, "type": "rent", "hex_id": 45, "poi_amenity": 0, "poi_shop": 0, "poi_office": 0, "poi_leisure": 0, "poi_tourism": 0, "population_y": 46000.0, "car_traffic": 29000.0, "foot_traffic": 46000.0, "attractiveness": 0.0, "poi_transport": 3, "attractiveness_updated": 0.3 }, "geometry": { "type": "Point", "coordinates": [ 4341752.020642528310418, 5636008.135224088095129 ] } },
{ "type": "Feature", "properties": { "ID": 1043, "Address": "улица Петра Метальникова, 17", "lat": 45.094033, "long": 39.012755, "population_x": 46000.0, "poi_count": 61, "type": "rent", "hex_id": 45, "poi_amenity": 0, "poi_shop": 0, "poi_office": 0, "poi_leisure": 0, "poi_tourism": 0, "population_y": 46000.0, "car_traffic": 29000.0, "foot_traffic": 46000.0, "attractiveness": 0.0, "poi_transport": 2, "attractiveness_updated": 0.2 }, "geometry": { "type": "Point", "coordinates": [ 4342880.021042736247182, 5636337.225198150612414 ] } },
{ "type": "Feature", "properties": { "ID": 1044, "Address": "улица Петра Метальникова, 17", "lat": 45.098417, "long": 39.01121, "population_x": 38000.0, "poi_count": 11, "type": "rent", "hex_id": 46, "poi_amenity": 0, "poi_shop": 0, "poi_office": 0, "poi_leisure": 0, "poi_tourism": 0, "population_y": 38000.0, "car_traffic": 38000.0, "foot_traffic": 37000.0, "attractiveness": 0.0, "poi_transport": 0, "attractiveness_updated": 0.0 }, "geometry": { "type": "Point", "coordinates": [ 4342708.032429460436106, 5637028.558303131721914 ] } },
{ "type": "Feature", "properties": { "ID": 1045, "Address": "улица Петра Метальникова, 2", "lat": 45.094758, "long": 39.013033, "population_x": 46000.0, "poi_count": 56, "type": "rent", "hex_id": 45, "poi_amenity": 0, "poi_shop": 0, "poi_office": 0, "poi_leisure": 0, "poi_tourism": 0, "population_y": 46000.0, "car_traffic": 29000.0, "foot_traffic": 46000.0, "attractiveness": 0.0, "poi_transport": 2, "attractiveness_updated": 0.2 }, "geometry": { "type": "Point", "coordinates": [ 4342910.967861177399755, 5636451.55011681560427 ] } },
{ "type": "Feature", "properties": { "ID": 1046, "Address": "Российская улица, 271", "lat": 45.09486, "long": 39.01342, "population_x": 46000.0, "poi_count": 57, "type": "rent", "hex_id": 45, "poi_amenity": 0, "poi_shop": 0, "poi_office": 0, "poi_leisure": 0, "poi_tourism": 0, "population_y": 46000.0, "car_traffic": 29000.0, "foot_traffic": 46000.0, "attractiveness": 0.0, "poi_transport": 2, "attractiveness_updated": 0.2 }, "geometry": { "type": "Point", "coordinates": [ 4342954.048504114151001, 5636467.63456666469574 ] } },
{ "type": "Feature", "properties": { "ID": 1047, "Address": "2-я Ямальская улица, 43", "lat": 45.095535, "long": 39.02755, "population_x": 26000.0, "poi_count": 0, "type": "rent", "hex_id": 54, "poi_amenity": 0, "poi_shop": 0, "poi_office": 0, "poi_leisure": 0, "poi_tourism": 0, "population_y": 26000.0, "car_traffic": 13000.0, "foot_traffic": 15000.0, "attractiveness": 0.0, "poi_transport": 0, "attractiveness_updated": 0.0 }, "geometry": { "type": "Point", "coordinates": [ 4344526.992909023538232, 5636574.076503032818437 ] } },
{ "type": "Feature", "properties": { "ID": 1048, "Address": "улица Лётчика Позднякова, 2/22", "lat": 45.102317, "long": 39.060276, "population_x": 11000.0, "poi_count": 4, "type": "rent", "hex_id": 61, "poi_amenity": 0, "poi_shop": 0, "poi_office": 0, "poi_leisure": 0, "poi_tourism": 0, "population_y": 11000.0, "car_traffic": 7500.0, "foot_traffic": 4400.0, "attractiveness": 0.0, "poi_transport": 0, "attractiveness_updated": 0.0 }, "geometry": { "type": "Point", "coordinates": [ 4348170.034564725123346, 5637643.611838351003826 ] } },
{ "type": "Feature", "properties": { "ID": 1050, "Address": "улица 1 Мая, 395", "lat": 45.087269, "long": 39.019744, "population_x": 46000.0, "poi_count": 26, "type": "rent", "hex_id": 45, "poi_amenity": 0, "poi_shop": 0, "poi_office": 0, "poi_leisure": 0, "poi_tourism": 0, "population_y": 46000.0, "car_traffic": 29000.0, "foot_traffic": 46000.0, "attractiveness": 0.0, "poi_transport": 0, "attractiveness_updated": 0.0 }, "geometry": { "type": "Point", "coordinates": [ 4343658.032963891513646, 5635270.683057949878275 ] } },
{ "type": "Feature", "properties": { "ID": 1051, "Address": "улица 1 Мая, 393", "lat": 45.087135, "long": 39.019708, "population_x": 46000.0, "poi_count": 26, "type": "rent", "hex_id": 45, "poi_amenity": 0, "poi_shop": 0, "poi_office": 0, "poi_leisure": 0, "poi_tourism": 0, "population_y": 46000.0, "car_traffic": 29000.0, "foot_traffic": 46000.0, "attractiveness": 0.0, "poi_transport": 0, "attractiveness_updated": 0.0 }, "geometry": { "type": "Point", "coordinates": [ 4343654.025462223216891, 5635249.555320371873677 ] } },
{ "type": "Feature", "properties": { "ID": 1052, "Address": "Сергиевская улица, 64", "lat": 45.088026, "long": 39.022259, "population_x": 46000.0, "poi_count": 17, "type": "rent", "hex_id": 45, "poi_amenity": 0, "poi_shop": 0, "poi_office": 0, "poi_leisure": 0, "poi_tourism": 0, "population_y": 46000.0, "car_traffic": 29000.0, "foot_traffic": 46000.0, "attractiveness": 0.0, "poi_transport": 1, "attractiveness_updated": 0.1 }, "geometry": { "type": "Point", "coordinates": [ 4343938.001483236439526, 5635390.039939191192389 ] } },
{ "type": "Feature", "properties": { "ID": 1053, "Address": "Батуринская улица, 39", "lat": 45.082655, "long": 39.033847, "population_x": 45000.0, "poi_count": 5, "type": "rent", "hex_id": 53, "poi_amenity": 0, "poi_shop": 0, "poi_office": 0, "poi_leisure": 0, "poi_tourism": 0, "population_y": 45000.0, "car_traffic": 14000.0, "foot_traffic": 25000.0, "attractiveness": 0.0, "poi_transport": 0, "attractiveness_updated": 0.0 }, "geometry": { "type": "Point", "coordinates": [ 4345227.971742549911141, 5634543.22366448957473 ] } },
{ "type": "Feature", "properties": { "ID": 1054, "Address": "Батуринская улица, 75", "lat": 45.08648, "long": 39.033955, "population_x": 45000.0, "poi_count": 20, "type": "rent", "hex_id": 53, "poi_amenity": 0, "poi_shop": 0, "poi_office": 0, "poi_leisure": 0, "poi_tourism": 0, "population_y": 45000.0, "car_traffic": 14000.0, "foot_traffic": 25000.0, "attractiveness": 0.0, "poi_transport": 0, "attractiveness_updated": 0.0 }, "geometry": { "type": "Point", "coordinates": [ 4345239.994247554801404, 5635146.282390960492194 ] } },
{ "type": "Feature", "properties": { "ID": 1055, "Address": "Уссурийская улица, 17", "lat": 45.075419, "long": 39.020552, "population_x": 85000.0, "poi_count": 9, "type": "rent", "hex_id": 44, "poi_amenity": 0, "poi_shop": 0, "poi_office": 0, "poi_leisure": 0, "poi_tourism": 0, "population_y": 85000.0, "car_traffic": 34000.0, "foot_traffic": 78000.0, "attractiveness": 0.0, "poi_transport": 0, "attractiveness_updated": 0.0 }, "geometry": { "type": "Point", "coordinates": [ 4343747.979112451896071, 5633402.488878656178713 ] } },
{ "type": "Feature", "properties": { "ID": 1056, "Address": "улица 1 Мая, 307", "lat": 45.077188, "long": 39.020444, "population_x": 46000.0, "poi_count": 8, "type": "rent", "hex_id": 45, "poi_amenity": 0, "poi_shop": 0, "poi_office": 0, "poi_leisure": 0, "poi_tourism": 0, "population_y": 46000.0, "car_traffic": 29000.0, "foot_traffic": 46000.0, "attractiveness": 0.0, "poi_transport": 0, "attractiveness_updated": 0.0 }, "geometry": { "type": "Point", "coordinates": [ 4343735.956607446074486, 5633681.353347878903151 ] } },
{ "type": "Feature", "properties": { "ID": 1057, "Address": "Российская улица, 352", "lat": 45.077793, "long": 39.015567, "population_x": 46000.0, "poi_count": 21, "type": "rent", "hex_id": 45, "poi_amenity": 0, "poi_shop": 0, "poi_office": 0, "poi_leisure": 0, "poi_tourism": 0, "population_y": 46000.0, "car_traffic": 29000.0, "foot_traffic": 46000.0, "attractiveness": 0.0, "poi_transport": 2, "attractiveness_updated": 0.2 }, "geometry": { "type": "Point", "coordinates": [ 4343193.051450847648084, 5633776.727292777039111 ] } },
{ "type": "Feature", "properties": { "ID": 1058, "Address": "Российская улица, 129/1", "lat": 45.075947, "long": 39.015117, "population_x": 46000.0, "poi_count": 22, "type": "rent", "hex_id": 45, "poi_amenity": 0, "poi_shop": 0, "poi_office": 0, "poi_leisure": 0, "poi_tourism": 0, "population_y": 46000.0, "car_traffic": 29000.0, "foot_traffic": 46000.0, "attractiveness": 0.0, "poi_transport": 3, "attractiveness_updated": 0.3 }, "geometry": { "type": "Point", "coordinates": [ 4343142.957679990679026, 5633485.721688675694168 ] } },
{ "type": "Feature", "properties": { "ID": 1059, "Address": "Черкасская улица, 26", "lat": 45.065087, "long": 39.019941, "population_x": 85000.0, "poi_count": 36, "type": "rent", "hex_id": 44, "poi_amenity": 0, "poi_shop": 0, "poi_office": 0, "poi_leisure": 0, "poi_tourism": 0, "population_y": 85000.0, "car_traffic": 34000.0, "foot_traffic": 78000.0, "attractiveness": 0.0, "poi_transport": 0, "attractiveness_updated": 0.0 }, "geometry": { "type": "Point", "coordinates": [ 4343679.96290357876569, 5631773.928854154422879 ] } },
{ "type": "Feature", "properties": { "ID": 1060, "Address": "Памирская улица, 1", "lat": 45.068646, "long": 39.016294, "population_x": 85000.0, "poi_count": 15, "type": "rent", "hex_id": 44, "poi_amenity": 0, "poi_shop": 0, "poi_office": 0, "poi_leisure": 0, "poi_tourism": 0, "population_y": 85000.0, "car_traffic": 34000.0, "foot_traffic": 78000.0, "attractiveness": 0.0, "poi_transport": 1, "attractiveness_updated": 0.1 }, "geometry": { "type": "Point", "coordinates": [ 4343273.980720655061305, 5632334.875594103708863 ] } },
{ "type": "Feature", "properties": { "ID": 1061, "Address": "улица имени Сергея Есенина, 2/4", "lat": 45.07279, "long": 39.009099, "population_x": 25000.0, "poi_count": 90, "type": "rent", "hex_id": 37, "poi_amenity": 0, "poi_shop": 0, "poi_office": 0, "poi_leisure": 0, "poi_tourism": 0, "population_y": 25000.0, "car_traffic": 39000.0, "foot_traffic": 58000.0, "attractiveness": 0.0, "poi_transport": 1, "attractiveness_updated": 0.1 }, "geometry": { "type": "Point", "coordinates": [ 4342473.036984397098422, 5632988.070292609743774 ] } },
{ "type": "Feature", "properties": { "ID": 1062, "Address": "Солнечная улица, 4Б", "lat": 45.071548, "long": 38.989686, "population_x": 25000.0, "poi_count": 16, "type": "rent", "hex_id": 37, "poi_amenity": 0, "poi_shop": 0, "poi_office": 0, "poi_leisure": 0, "poi_tourism": 0, "population_y": 25000.0, "car_traffic": 39000.0, "foot_traffic": 58000.0, "attractiveness": 0.0, "poi_transport": 0, "attractiveness_updated": 0.0 }, "geometry": { "type": "Point", "coordinates": [ 4340311.991709627211094, 5632792.296061971224844 ] } },
{ "type": "Feature", "properties": { "ID": 1063, "Address": "улица Шоссе Нефтяников, 42", "lat": 45.07144, "long": 38.984, "population_x": 25000.0, "poi_count": 38, "type": "rent", "hex_id": 37, "poi_amenity": 0, "poi_shop": 0, "poi_office": 0, "poi_leisure": 0, "poi_tourism": 0, "population_y": 25000.0, "car_traffic": 39000.0, "foot_traffic": 58000.0, "attractiveness": 0.0, "poi_transport": 2, "attractiveness_updated": 0.2 }, "geometry": { "type": "Point", "coordinates": [ 4339679.029084975831211, 5632775.272416890598834 ] } },
{ "type": "Feature", "properties": { "ID": 1064, "Address": "улица Красных Партизан, 2/3", "lat": 45.070976, "long": 38.901642, "population_x": 30000.0, "poi_count": 5, "type": "rent", "hex_id": 14, "poi_amenity": 0, "poi_shop": 0, "poi_office": 0, "poi_leisure": 0, "poi_tourism": 0, "population_y": 30000.0, "car_traffic": 12000.0, "foot_traffic": 14000.0, "attractiveness": 0.0, "poi_transport": 1, "attractiveness_updated": 0.1 }, "geometry": { "type": "Point", "coordinates": [ 4330510.978462224826217, 5632702.134159567765892 ] } },
{ "type": "Feature", "properties": { "ID": 1065, "Address": "улица Красных Партизан, 2/4", "lat": 45.070053, "long": 38.903699, "population_x": 13000.0, "poi_count": 7, "type": "rent", "hex_id": 13, "poi_amenity": 0, "poi_shop": 0, "poi_office": 0, "poi_leisure": 0, "poi_tourism": 0, "population_y": 13000.0, "car_traffic": 13000.0, "foot_traffic": 9500.0, "attractiveness": 0.0, "poi_transport": 1, "attractiveness_updated": 0.1 }, "geometry": { "type": "Point", "coordinates": [ 4330739.962654787115753, 5632556.647538012824953 ] } },
{ "type": "Feature", "properties": { "ID": 1066, "Address": "улица Красных Партизан, 2/4", "lat": 45.065883, "long": 38.898399, "population_x": 13000.0, "poi_count": 0, "type": "rent", "hex_id": 13, "poi_amenity": 0, "poi_shop": 0, "poi_office": 0, "poi_leisure": 0, "poi_tourism": 0, "population_y": 13000.0, "car_traffic": 13000.0, "foot_traffic": 9500.0, "attractiveness": 0.0, "poi_transport": 0, "attractiveness_updated": 0.0 }, "geometry": { "type": "Point", "coordinates": [ 4330149.969353581778705, 5631899.386233704164624 ] } },
{ "type": "Feature", "properties": { "ID": 1067, "Address": "улица Красных Партизан, 129", "lat": 45.063107, "long": 38.919977, "population_x": 13000.0, "poi_count": 36, "type": "rent", "hex_id": 13, "poi_amenity": 0, "poi_shop": 0, "poi_office": 0, "poi_leisure": 0, "poi_tourism": 0, "population_y": 13000.0, "car_traffic": 13000.0, "foot_traffic": 9500.0, "attractiveness": 0.0, "poi_transport": 1, "attractiveness_updated": 0.1 }, "geometry": { "type": "Point", "coordinates": [ 4332552.021325918845832, 5631461.869079891592264 ] } },
{ "type": "Feature", "properties": { "ID": 1068, "Address": "Клубная улица, 12А", "lat": 45.06249, "long": 38.979077, "population_x": 25000.0, "poi_count": 22, "type": "rent", "hex_id": 37, "poi_amenity": 0, "poi_shop": 0, "poi_office": 0, "poi_leisure": 0, "poi_tourism": 0, "population_y": 25000.0, "car_traffic": 39000.0, "foot_traffic": 58000.0, "attractiveness": 0.0, "poi_transport": 0, "attractiveness_updated": 0.0 }, "geometry": { "type": "Point", "coordinates": [ 4339131.003231801092625, 5631364.628419536165893 ] } },
{ "type": "Feature", "properties": { "ID": 1069, "Address": "улица Шоссе Нефтяников, 11", "lat": 45.058345, "long": 38.981395, "population_x": 39000.0, "poi_count": 148, "type": "rent", "hex_id": 28, "poi_amenity": 0, "poi_shop": 0, "poi_office": 0, "poi_leisure": 0, "poi_tourism": 0, "population_y": 39000.0, "car_traffic": 51000.0, "foot_traffic": 95000.0, "attractiveness": 0.0, "poi_transport": 1, "attractiveness_updated": 0.1 }, "geometry": { "type": "Point", "coordinates": [ 4339389.041811460629106, 5630711.39381350018084 ] } },
{ "type": "Feature", "properties": { "ID": 1070, "Address": "улица Монтажников, 2", "lat": 45.058441, "long": 38.962494, "population_x": 39000.0, "poi_count": 105, "type": "rent", "hex_id": 28, "poi_amenity": 0, "poi_shop": 0, "poi_office": 0, "poi_leisure": 0, "poi_tourism": 0, "population_y": 39000.0, "car_traffic": 51000.0, "foot_traffic": 95000.0, "attractiveness": 0.0, "poi_transport": 2, "attractiveness_updated": 0.2 }, "geometry": { "type": "Point", "coordinates": [ 4337284.992115977220237, 5630726.522474961355329 ] } },
{ "type": "Feature", "properties": { "ID": 1071, "Address": "улица имени Тургенева, 136", "lat": 45.057912, "long": 38.962413, "population_x": 39000.0, "poi_count": 97, "type": "rent", "hex_id": 28, "poi_amenity": 0, "poi_shop": 0, "poi_office": 0, "poi_leisure": 0, "poi_tourism": 0, "population_y": 39000.0, "car_traffic": 51000.0, "foot_traffic": 95000.0, "attractiveness": 0.0, "poi_transport": 2, "attractiveness_updated": 0.2 }, "geometry": { "type": "Point", "coordinates": [ 4337275.975237222388387, 5630643.157562354579568 ] } },
{ "type": "Feature", "properties": { "ID": 1072, "Address": "Алма-Атинская улица, 85", "lat": 45.040114, "long": 38.922654, "population_x": 31000.0, "poi_count": 19, "type": "rent", "hex_id": 12, "poi_amenity": 0, "poi_shop": 0, "poi_office": 0, "poi_leisure": 0, "poi_tourism": 0, "population_y": 31000.0, "car_traffic": 15000.0, "foot_traffic": 25000.0, "attractiveness": 0.0, "poi_transport": 2, "attractiveness_updated": 0.2 }, "geometry": { "type": "Point", "coordinates": [ 4332850.023602771572769, 5627838.826731253415346 ] } },
{ "type": "Feature", "properties": { "ID": 1073, "Address": "улица Академика Трубилина, 120", "lat": 45.050475, "long": 38.932427, "population_x": 21000.0, "poi_count": 9, "type": "rent", "hex_id": 21, "poi_amenity": 0, "poi_shop": 0, "poi_office": 0, "poi_leisure": 0, "poi_tourism": 0, "population_y": 21000.0, "car_traffic": 28000.0, "foot_traffic": 35000.0, "attractiveness": 0.0, "poi_transport": 2, "attractiveness_updated": 0.2 }, "geometry": { "type": "Point", "coordinates": [ 4333937.948986295610666, 5629471.245134932920337 ] } },
{ "type": "Feature", "properties": { "ID": 1074, "Address": "улица Каляева, 213/1", "lat": 45.051831, "long": 38.93903, "population_x": 21000.0, "poi_count": 17, "type": "rent", "hex_id": 21, "poi_amenity": 0, "poi_shop": 0, "poi_office": 0, "poi_leisure": 0, "poi_tourism": 0, "population_y": 21000.0, "car_traffic": 28000.0, "foot_traffic": 35000.0, "attractiveness": 0.0, "poi_transport": 6, "attractiveness_updated": 0.6 }, "geometry": { "type": "Point", "coordinates": [ 4334672.991584003902972, 5629684.910425554029644 ] } },
{ "type": "Feature", "properties": { "ID": 1075, "Address": "улица Герцена, 30", "lat": 45.042203, "long": 38.941006, "population_x": 12000.0, "poi_count": 6, "type": "rent", "hex_id": 20, "poi_amenity": 0, "poi_shop": 0, "poi_office": 0, "poi_leisure": 0, "poi_tourism": 0, "population_y": 12000.0, "car_traffic": 35000.0, "foot_traffic": 35000.0, "attractiveness": 0.0, "poi_transport": 4, "attractiveness_updated": 0.4 }, "geometry": { "type": "Point", "coordinates": [ 4334892.958897811360657, 5628167.933526272885501 ] } },
{ "type": "Feature", "properties": { "ID": 1076, "Address": "улица имени Калинина, 290", "lat": 45.041617, "long": 38.944645, "population_x": 12000.0, "poi_count": 10, "type": "rent", "hex_id": 20, "poi_amenity": 0, "poi_shop": 0, "poi_office": 0, "poi_leisure": 0, "poi_tourism": 0, "population_y": 12000.0, "car_traffic": 35000.0, "foot_traffic": 35000.0, "attractiveness": 0.0, "poi_transport": 5, "attractiveness_updated": 0.5 }, "geometry": { "type": "Point", "coordinates": [ 4335298.050524807535112, 5628075.612264870665967 ] } },
{ "type": "Feature", "properties": { "ID": 1077, "Address": "улица Кропоткина, 50", "lat": 45.043069, "long": 38.948696, "population_x": 12000.0, "poi_count": 26, "type": "rent", "hex_id": 20, "poi_amenity": 0, "poi_shop": 0, "poi_office": 0, "poi_leisure": 0, "poi_tourism": 0, "population_y": 12000.0, "car_traffic": 35000.0, "foot_traffic": 35000.0, "attractiveness": 0.0, "poi_transport": 2, "attractiveness_updated": 0.2 }, "geometry": { "type": "Point", "coordinates": [ 4335749.005782010965049, 5628304.369067122228444 ] } },
{ "type": "Feature", "properties": { "ID": 1078, "Address": "Северная улица, 207/1", "lat": 45.043954, "long": 38.953053, "population_x": 12000.0, "poi_count": 19, "type": "rent", "hex_id": 20, "poi_amenity": 0, "poi_shop": 0, "poi_office": 0, "poi_leisure": 0, "poi_tourism": 0, "population_y": 12000.0, "car_traffic": 35000.0, "foot_traffic": 35000.0, "attractiveness": 0.0, "poi_transport": 1, "attractiveness_updated": 0.1 }, "geometry": { "type": "Point", "coordinates": [ 4336234.024803397245705, 5628443.80013118032366 ] } },
{ "type": "Feature", "properties": { "ID": 1079, "Address": "улица Рылеева, 175", "lat": 45.048049, "long": 38.95714, "population_x": 39000.0, "poi_count": 21, "type": "rent", "hex_id": 28, "poi_amenity": 0, "poi_shop": 0, "poi_office": 0, "poi_leisure": 0, "poi_tourism": 0, "population_y": 39000.0, "car_traffic": 51000.0, "foot_traffic": 95000.0, "attractiveness": 0.0, "poi_transport": 2, "attractiveness_updated": 0.2 }, "geometry": { "type": "Point", "coordinates": [ 4336688.987562269903719, 5629088.992290082387626 ] } },
{ "type": "Feature", "properties": { "ID": 1080, "Address": "улица Красных Партизан, 108", "lat": 45.051647, "long": 38.952289, "population_x": 21000.0, "poi_count": 32, "type": "rent", "hex_id": 21, "poi_amenity": 0, "poi_shop": 0, "poi_office": 0, "poi_leisure": 0, "poi_tourism": 0, "population_y": 21000.0, "car_traffic": 28000.0, "foot_traffic": 35000.0, "attractiveness": 0.0, "poi_transport": 0, "attractiveness_updated": 0.0 }, "geometry": { "type": "Point", "coordinates": [ 4336148.97671243082732, 5629655.917198200710118 ] } },
{ "type": "Feature", "properties": { "ID": 1081, "Address": "улица Гагарина, 75/4", "lat": 45.054448, "long": 38.951831, "population_x": 21000.0, "poi_count": 35, "type": "rent", "hex_id": 21, "poi_amenity": 0, "poi_shop": 0, "poi_office": 0, "poi_leisure": 0, "poi_tourism": 0, "population_y": 21000.0, "car_traffic": 28000.0, "foot_traffic": 35000.0, "attractiveness": 0.0, "poi_transport": 3, "attractiveness_updated": 0.3 }, "geometry": { "type": "Point", "coordinates": [ 4336097.992385648190975, 5630097.286154169589281 ] } },
{ "type": "Feature", "properties": { "ID": 1082, "Address": "улица Бабушкина, 233", "lat": 45.048915, "long": 38.962126, "population_x": 39000.0, "poi_count": 47, "type": "rent", "hex_id": 28, "poi_amenity": 0, "poi_shop": 0, "poi_office": 0, "poi_leisure": 0, "poi_tourism": 0, "population_y": 39000.0, "car_traffic": 51000.0, "foot_traffic": 95000.0, "attractiveness": 0.0, "poi_transport": 2, "attractiveness_updated": 0.2 }, "geometry": { "type": "Point", "coordinates": [ 4337244.026543364860117, 5629225.441774585284293 ] } },
{ "type": "Feature", "properties": { "ID": 1083, "Address": "улица Атарбекова, 35", "lat": 45.060204, "long": 38.956736, "population_x": 21000.0, "poi_count": 84, "type": "rent", "hex_id": 21, "poi_amenity": 0, "poi_shop": 0, "poi_office": 0, "poi_leisure": 0, "poi_tourism": 0, "population_y": 21000.0, "car_traffic": 28000.0, "foot_traffic": 35000.0, "attractiveness": 0.0, "poi_transport": 3, "attractiveness_updated": 0.3 }, "geometry": { "type": "Point", "coordinates": [ 4336644.014487989246845, 5631004.358555624261498 ] } },
{ "type": "Feature", "properties": { "ID": 1084, "Address": "улица имени Тургенева, 136", "lat": 45.057912, "long": 38.962413, "population_x": 39000.0, "poi_count": 97, "type": "rent", "hex_id": 28, "poi_amenity": 0, "poi_shop": 0, "poi_office": 0, "poi_leisure": 0, "poi_tourism": 0, "population_y": 39000.0, "car_traffic": 51000.0, "foot_traffic": 95000.0, "attractiveness": 0.0, "poi_transport": 2, "attractiveness_updated": 0.2 }, "geometry": { "type": "Point", "coordinates": [ 4337275.975237222388387, 5630643.157562354579568 ] } },
{ "type": "Feature", "properties": { "ID": 1085, "Address": "улица Монтажников, 2", "lat": 45.058441, "long": 38.962494, "population_x": 39000.0, "poi_count": 105, "type": "rent", "hex_id": 28, "poi_amenity": 0, "poi_shop": 0, "poi_office": 0, "poi_leisure": 0, "poi_tourism": 0, "population_y": 39000.0, "car_traffic": 51000.0, "foot_traffic": 95000.0, "attractiveness": 0.0, "poi_transport": 2, "attractiveness_updated": 0.2 }, "geometry": { "type": "Point", "coordinates": [ 4337284.992115977220237, 5630726.522474961355329 ] } },
{ "type": "Feature", "properties": { "ID": 1086, "Address": "улица имени Тургенева, 164", "lat": 45.06904, "long": 38.96774, "population_x": 48000.0, "poi_count": 60, "type": "rent", "hex_id": 29, "poi_amenity": 0, "poi_shop": 0, "poi_office": 0, "poi_leisure": 0, "poi_tourism": 0, "population_y": 48000.0, "car_traffic": 25000.0, "foot_traffic": 44000.0, "attractiveness": 0.0, "poi_transport": 2, "attractiveness_updated": 0.2 }, "geometry": { "type": "Point", "coordinates": [ 4337868.974164678715169, 5632396.977492894977331 ] } },
{ "type": "Feature", "properties": { "ID": 1087, "Address": "улица Фёдора Лузана, 6", "lat": 45.068773, "long": 38.97702, "population_x": 25000.0, "poi_count": 57, "type": "rent", "hex_id": 37, "poi_amenity": 0, "poi_shop": 0, "poi_office": 0, "poi_leisure": 0, "poi_tourism": 0, "population_y": 25000.0, "car_traffic": 39000.0, "foot_traffic": 58000.0, "attractiveness": 0.0, "poi_transport": 1, "attractiveness_updated": 0.1 }, "geometry": { "type": "Point", "coordinates": [ 4338902.019039239734411, 5632354.893164473585784 ] } },
{ "type": "Feature", "properties": { "ID": 1088, "Address": "улица Шоссе Нефтяников, 42", "lat": 45.07144, "long": 38.984, "population_x": 25000.0, "poi_count": 38, "type": "rent", "hex_id": 37, "poi_amenity": 0, "poi_shop": 0, "poi_office": 0, "poi_leisure": 0, "poi_tourism": 0, "population_y": 25000.0, "car_traffic": 39000.0, "foot_traffic": 58000.0, "attractiveness": 0.0, "poi_transport": 2, "attractiveness_updated": 0.2 }, "geometry": { "type": "Point", "coordinates": [ 4339679.029084975831211, 5632775.272416890598834 ] } },
{ "type": "Feature", "properties": { "ID": 1089, "Address": "Солнечная улица, 4Б", "lat": 45.071548, "long": 38.989686, "population_x": 25000.0, "poi_count": 16, "type": "rent", "hex_id": 37, "poi_amenity": 0, "poi_shop": 0, "poi_office": 0, "poi_leisure": 0, "poi_tourism": 0, "population_y": 25000.0, "car_traffic": 39000.0, "foot_traffic": 58000.0, "attractiveness": 0.0, "poi_transport": 0, "attractiveness_updated": 0.0 }, "geometry": { "type": "Point", "coordinates": [ 4340311.991709627211094, 5632792.296061971224844 ] } },
{ "type": "Feature", "properties": { "ID": 1090, "Address": "улица Генерал-лейтенанта Александра Сапрунова, 35", "lat": 45.0692, "long": 39.06969, "population_x": 6500.0, "poi_count": 4, "type": "rent", "hex_id": 60, "poi_amenity": 0, "poi_shop": 0, "poi_office": 0, "poi_leisure": 0, "poi_tourism": 0, "population_y": 6500.0, "car_traffic": 2400.0, "foot_traffic": 2200.0, "attractiveness": 0.0, "poi_transport": 0, "attractiveness_updated": 0.0 }, "geometry": { "type": "Point", "coordinates": [ 4349217.996251052245498, 5632422.196660309098661 ] } },
{ "type": "Feature", "properties": { "ID": 1091, "Address": "Красная улица, 155", "lat": 45.049615, "long": 38.978709, "population_x": 39000.0, "poi_count": 136, "type": "rent", "hex_id": 28, "poi_amenity": 0, "poi_shop": 0, "poi_office": 0, "poi_leisure": 0, "poi_tourism": 0, "population_y": 39000.0, "car_traffic": 51000.0, "foot_traffic": 95000.0, "attractiveness": 0.0, "poi_transport": 1, "attractiveness_updated": 0.1 }, "geometry": { "type": "Point", "coordinates": [ 4339090.037659188732505, 5629335.737325026653707 ] } },
{ "type": "Feature", "properties": { "ID": 1092, "Address": "Красная улица, 149", "lat": 45.048348, "long": 38.978197, "population_x": 39000.0, "poi_count": 177, "type": "rent", "hex_id": 28, "poi_amenity": 0, "poi_shop": 0, "poi_office": 0, "poi_leisure": 0, "poi_tourism": 0, "population_y": 39000.0, "car_traffic": 51000.0, "foot_traffic": 95000.0, "attractiveness": 0.0, "poi_transport": 1, "attractiveness_updated": 0.1 }, "geometry": { "type": "Point", "coordinates": [ 4339033.042079903185368, 5629136.103368205949664 ] } },
{ "type": "Feature", "properties": { "ID": 1093, "Address": "улица имени Дзержинского, 18", "lat": 45.059625, "long": 38.978125, "population_x": 39000.0, "poi_count": 75, "type": "rent", "hex_id": 28, "poi_amenity": 0, "poi_shop": 0, "poi_office": 0, "poi_leisure": 0, "poi_tourism": 0, "population_y": 39000.0, "car_traffic": 51000.0, "foot_traffic": 95000.0, "attractiveness": 0.0, "poi_transport": 2, "attractiveness_updated": 0.2 }, "geometry": { "type": "Point", "coordinates": [ 4339025.027076567523181, 5630913.111388127319515 ] } },
{ "type": "Feature", "properties": { "ID": 1094, "Address": "улица Коммунаров, 254", "lat": 45.043355, "long": 38.9817, "population_x": 39000.0, "poi_count": 97, "type": "rent", "hex_id": 28, "poi_amenity": 0, "poi_shop": 0, "poi_office": 0, "poi_leisure": 0, "poi_tourism": 0, "population_y": 39000.0, "car_traffic": 51000.0, "foot_traffic": 95000.0, "attractiveness": 0.0, "poi_transport": 2, "attractiveness_updated": 0.2 }, "geometry": { "type": "Point", "coordinates": [ 4339422.994256150908768, 5628349.427909557707608 ] } },
{ "type": "Feature", "properties": { "ID": 1095, "Address": "улица Коммунаров, 258", "lat": 45.043693, "long": 38.981727, "population_x": 39000.0, "poi_count": 119, "type": "rent", "hex_id": 28, "poi_amenity": 0, "poi_shop": 0, "poi_office": 0, "poi_leisure": 0, "poi_tourism": 0, "population_y": 39000.0, "car_traffic": 51000.0, "foot_traffic": 95000.0, "attractiveness": 0.0, "poi_transport": 0, "attractiveness_updated": 0.0 }, "geometry": { "type": "Point", "coordinates": [ 4339425.999882402829826, 5628402.679559217765927 ] } },
{ "type": "Feature", "properties": { "ID": 1096, "Address": "улица Коммунаров, 266Л", "lat": 45.045361, "long": 38.983416, "population_x": 39000.0, "poi_count": 117, "type": "rent", "hex_id": 28, "poi_amenity": 0, "poi_shop": 0, "poi_office": 0, "poi_leisure": 0, "poi_tourism": 0, "population_y": 39000.0, "car_traffic": 51000.0, "foot_traffic": 95000.0, "attractiveness": 0.0, "poi_transport": 4, "attractiveness_updated": 0.4 }, "geometry": { "type": "Point", "coordinates": [ 4339614.018502353690565, 5628665.476331297308207 ] } },
{ "type": "Feature", "properties": { "ID": 1097, "Address": "Одесская улица, 48/3", "lat": 45.045374, "long": 38.987458, "population_x": 25000.0, "poi_count": 13, "type": "rent", "hex_id": 36, "poi_amenity": 0, "poi_shop": 0, "poi_office": 0, "poi_leisure": 0, "poi_tourism": 0, "population_y": 25000.0, "car_traffic": 41000.0, "foot_traffic": 52000.0, "attractiveness": 0.0, "poi_transport": 0, "attractiveness_updated": 0.0 }, "geometry": { "type": "Point", "coordinates": [ 4340063.971884139813483, 5628667.524537671357393 ] } },
{ "type": "Feature", "properties": { "ID": 1098, "Address": "улица Володи Головатого, 289", "lat": 45.040426, "long": 38.965189, "population_x": 12000.0, "poi_count": 31, "type": "rent", "hex_id": 20, "poi_amenity": 0, "poi_shop": 0, "poi_office": 0, "poi_leisure": 0, "poi_tourism": 0, "population_y": 12000.0, "car_traffic": 35000.0, "foot_traffic": 35000.0, "attractiveness": 0.0, "poi_transport": 1, "attractiveness_updated": 0.1 }, "geometry": { "type": "Point", "coordinates": [ 4337584.998143664561212, 5627887.979304477572441 ] } },
{ "type": "Feature", "properties": { "ID": 1099, "Address": "улица Володи Головатого, 291А", "lat": 45.040368, "long": 38.965602, "population_x": 12000.0, "poi_count": 36, "type": "rent", "hex_id": 20, "poi_amenity": 0, "poi_shop": 0, "poi_office": 0, "poi_leisure": 0, "poi_tourism": 0, "population_y": 12000.0, "car_traffic": 35000.0, "foot_traffic": 35000.0, "attractiveness": 0.0, "poi_transport": 1, "attractiveness_updated": 0.1 }, "geometry": { "type": "Point", "coordinates": [ 4337630.973093361593783, 5627878.841946866363287 ] } },
{ "type": "Feature", "properties": { "ID": 1100, "Address": "Северная улица, 324В", "lat": 45.040419, "long": 38.970642, "population_x": 39000.0, "poi_count": 123, "type": "rent", "hex_id": 28, "poi_amenity": 0, "poi_shop": 0, "poi_office": 0, "poi_leisure": 0, "poi_tourism": 0, "population_y": 39000.0, "car_traffic": 51000.0, "foot_traffic": 95000.0, "attractiveness": 0.0, "poi_transport": 3, "attractiveness_updated": 0.3 }, "geometry": { "type": "Point", "coordinates": [ 4338192.023326960392296, 5627886.876519449055195 ] } },
{ "type": "Feature", "properties": { "ID": 1101, "Address": "Октябрьская улица, 179", "lat": 45.0384, "long": 38.970354, "population_x": 21000.0, "poi_count": 140, "type": "rent", "hex_id": 27, "poi_amenity": 0, "poi_shop": 0, "poi_office": 0, "poi_leisure": 0, "poi_tourism": 0, "population_y": 21000.0, "car_traffic": 52000.0, "foot_traffic": 95000.0, "attractiveness": 0.0, "poi_transport": 8, "attractiveness_updated": 0.8 }, "geometry": { "type": "Point", "coordinates": [ 4338159.963313612155616, 5627568.807439733296633 ] } },
{ "type": "Feature", "properties": { "ID": 1102, "Address": "улица Кирова, 139", "lat": 45.03784, "long": 38.96801, "population_x": 21000.0, "poi_count": 79, "type": "rent", "hex_id": 27, "poi_amenity": 0, "poi_shop": 0, "poi_office": 0, "poi_leisure": 0, "poi_tourism": 0, "population_y": 21000.0, "car_traffic": 52000.0, "foot_traffic": 95000.0, "attractiveness": 0.0, "poi_transport": 8, "attractiveness_updated": 0.8 }, "geometry": { "type": "Point", "coordinates": [ 4337899.030427192337811, 5627480.588187383487821 ] } },
{ "type": "Feature", "properties": { "ID": 1103, "Address": "Северная улица, 378", "lat": 45.039126, "long": 38.981547, "population_x": 21000.0, "poi_count": 50, "type": "rent", "hex_id": 27, "poi_amenity": 0, "poi_shop": 0, "poi_office": 0, "poi_leisure": 0, "poi_tourism": 0, "population_y": 21000.0, "car_traffic": 52000.0, "foot_traffic": 95000.0, "attractiveness": 0.0, "poi_transport": 7, "attractiveness_updated": 0.7 }, "geometry": { "type": "Point", "coordinates": [ 4339405.962374062277377, 5627683.178684270940721 ] } },
{ "type": "Feature", "properties": { "ID": 1104, "Address": "улица Янковского, 170", "lat": 45.038521, "long": 38.984521, "population_x": 21000.0, "poi_count": 38, "type": "rent", "hex_id": 27, "poi_amenity": 0, "poi_shop": 0, "poi_office": 0, "poi_leisure": 0, "poi_tourism": 0, "population_y": 21000.0, "car_traffic": 52000.0, "foot_traffic": 95000.0, "attractiveness": 0.0, "poi_transport": 2, "attractiveness_updated": 0.2 }, "geometry": { "type": "Point", "coordinates": [ 4339737.026539680548012, 5627587.869213044643402 ] } },
{ "type": "Feature", "properties": { "ID": 1105, "Address": "улица Будённого, 129", "lat": 45.03705, "long": 38.972043, "population_x": 21000.0, "poi_count": 156, "type": "rent", "hex_id": 27, "poi_amenity": 0, "poi_shop": 0, "poi_office": 0, "poi_leisure": 0, "poi_tourism": 0, "population_y": 21000.0, "car_traffic": 52000.0, "foot_traffic": 95000.0, "attractiveness": 0.0, "poi_transport": 5, "attractiveness_updated": 0.5 }, "geometry": { "type": "Point", "coordinates": [ 4338347.98193356115371, 5627356.137495912611485 ] } },
{ "type": "Feature", "properties": { "ID": 1106, "Address": "улица Кубанская Набережная, 192", "lat": 45.031413, "long": 38.959467, "population_x": 12000.0, "poi_count": 14, "type": "rent", "hex_id": 20, "poi_amenity": 0, "poi_shop": 0, "poi_office": 0, "poi_leisure": 0, "poi_tourism": 0, "population_y": 12000.0, "car_traffic": 35000.0, "foot_traffic": 35000.0, "attractiveness": 0.0, "poi_transport": 0, "attractiveness_updated": 0.0 }, "geometry": { "type": "Point", "coordinates": [ 4336948.028017344884574, 5626468.176540894433856 ] } },
{ "type": "Feature", "properties": { "ID": 1107, "Address": "улица Кирова, 77", "lat": 45.03084, "long": 38.965683, "population_x": 12000.0, "poi_count": 36, "type": "rent", "hex_id": 20, "poi_amenity": 0, "poi_shop": 0, "poi_office": 0, "poi_leisure": 0, "poi_tourism": 0, "population_y": 12000.0, "car_traffic": 35000.0, "foot_traffic": 35000.0, "attractiveness": 0.0, "poi_transport": 0, "attractiveness_updated": 0.0 }, "geometry": { "type": "Point", "coordinates": [ 4337639.989972116425633, 5626377.920372244901955 ] } },
{ "type": "Feature", "properties": { "ID": 1108, "Address": "Октябрьская улица, 97", "lat": 45.02782, "long": 38.96686, "population_x": 21000.0, "poi_count": 109, "type": "rent", "hex_id": 27, "poi_amenity": 0, "poi_shop": 0, "poi_office": 0, "poi_leisure": 0, "poi_tourism": 0, "population_y": 21000.0, "car_traffic": 52000.0, "foot_traffic": 95000.0, "attractiveness": 0.0, "poi_transport": 3, "attractiveness_updated": 0.3 }, "geometry": { "type": "Point", "coordinates": [ 4337771.01301277987659, 5625902.239614791236818 ] } },
{ "type": "Feature", "properties": { "ID": 1109, "Address": "Гимназическая улица, 53", "lat": 45.026164, "long": 38.967453, "population_x": 21000.0, "poi_count": 138, "type": "rent", "hex_id": 27, "poi_amenity": 0, "poi_shop": 0, "poi_office": 0, "poi_leisure": 0, "poi_tourism": 0, "population_y": 21000.0, "car_traffic": 52000.0, "foot_traffic": 95000.0, "attractiveness": 0.0, "poi_transport": 3, "attractiveness_updated": 0.3 }, "geometry": { "type": "Point", "coordinates": [ 4337837.025470819324255, 5625641.413403086364269 ] } },
{ "type": "Feature", "properties": { "ID": 1110, "Address": "Карасунская улица, 82/2", "lat": 45.028056, "long": 38.972843, "population_x": 21000.0, "poi_count": 368, "type": "rent", "hex_id": 27, "poi_amenity": 0, "poi_shop": 0, "poi_office": 0, "poi_leisure": 0, "poi_tourism": 0, "population_y": 21000.0, "car_traffic": 52000.0, "foot_traffic": 95000.0, "attractiveness": 0.0, "poi_transport": 0, "attractiveness_updated": 0.0 }, "geometry": { "type": "Point", "coordinates": [ 4338437.03752619586885, 5625939.411114348098636 ] } },
{ "type": "Feature", "properties": { "ID": 1111, "Address": "Красноармейская улица, 62", "lat": 45.027183, "long": 38.974576, "population_x": 21000.0, "poi_count": 289, "type": "rent", "hex_id": 27, "poi_amenity": 0, "poi_shop": 0, "poi_office": 0, "poi_leisure": 0, "poi_tourism": 0, "population_y": 21000.0, "car_traffic": 52000.0, "foot_traffic": 95000.0, "attractiveness": 0.0, "poi_transport": 6, "attractiveness_updated": 0.6 }, "geometry": { "type": "Point", "coordinates": [ 4338629.954203741624951, 5625801.908832363784313 ] } },
{ "type": "Feature", "properties": { "ID": 1112, "Address": "улица Горького, 104", "lat": 45.031005, "long": 38.974199, "population_x": 21000.0, "poi_count": 223, "type": "rent", "hex_id": 27, "poi_amenity": 0, "poi_shop": 0, "poi_office": 0, "poi_leisure": 0, "poi_tourism": 0, "population_y": 21000.0, "car_traffic": 52000.0, "foot_traffic": 95000.0, "attractiveness": 0.0, "poi_transport": 6, "attractiveness_updated": 0.6 }, "geometry": { "type": "Point", "coordinates": [ 4338587.986755711957812, 5626403.910275817848742 ] } },
{ "type": "Feature", "properties": { "ID": 1113, "Address": "улица Горького, 104", "lat": 45.031005, "long": 38.974199, "population_x": 21000.0, "poi_count": 223, "type": "rent", "hex_id": 27, "poi_amenity": 0, "poi_shop": 0, "poi_office": 0, "poi_leisure": 0, "poi_tourism": 0, "population_y": 21000.0, "car_traffic": 52000.0, "foot_traffic": 95000.0, "attractiveness": 0.0, "poi_transport": 6, "attractiveness_updated": 0.6 }, "geometry": { "type": "Point", "coordinates": [ 4338587.986755711957812, 5626403.910275817848742 ] } },
{ "type": "Feature", "properties": { "ID": 1114, "Address": "Красноармейская улица, 80", "lat": 45.031668, "long": 38.975529, "population_x": 21000.0, "poi_count": 121, "type": "rent", "hex_id": 27, "poi_amenity": 0, "poi_shop": 0, "poi_office": 0, "poi_leisure": 0, "poi_tourism": 0, "population_y": 21000.0, "car_traffic": 52000.0, "foot_traffic": 95000.0, "attractiveness": 0.0, "poi_transport": 10, "attractiveness_updated": 1.0 }, "geometry": { "type": "Point", "coordinates": [ 4338736.04167846776545, 5626508.343189216218889 ] } },
{ "type": "Feature", "properties": { "ID": 1115, "Address": "Красная улица, 104", "lat": 45.0324, "long": 38.9734, "population_x": 21000.0, "poi_count": 142, "type": "rent", "hex_id": 27, "poi_amenity": 0, "poi_shop": 0, "poi_office": 0, "poi_leisure": 0, "poi_tourism": 0, "population_y": 21000.0, "car_traffic": 52000.0, "foot_traffic": 95000.0, "attractiveness": 0.0, "poi_transport": 4, "attractiveness_updated": 0.4 }, "geometry": { "type": "Point", "coordinates": [ 4338499.042482567951083, 5626623.646091572009027 ] } },
{ "type": "Feature", "properties": { "ID": 1116, "Address": "улица Кубанская Набережная, 5", "lat": 45.017977, "long": 38.958029, "population_x": 20000.0, "poi_count": 41, "type": "rent", "hex_id": 19, "poi_amenity": 0, "poi_shop": 0, "poi_office": 0, "poi_leisure": 0, "poi_tourism": 0, "population_y": 20000.0, "car_traffic": 29000.0, "foot_traffic": 46000.0, "attractiveness": 0.0, "poi_transport": 0, "attractiveness_updated": 0.0 }, "geometry": { "type": "Point", "coordinates": [ 4336787.950589584186673, 5624352.041042304597795 ] } },
{ "type": "Feature", "properties": { "ID": 1117, "Address": "Береговая улица, 146с18", "lat": 45.022405, "long": 38.955164, "population_x": 20000.0, "poi_count": 30, "type": "rent", "hex_id": 19, "poi_amenity": 0, "poi_shop": 0, "poi_office": 0, "poi_leisure": 0, "poi_tourism": 0, "population_y": 20000.0, "car_traffic": 29000.0, "foot_traffic": 46000.0, "attractiveness": 0.0, "poi_transport": 0, "attractiveness_updated": 0.0 }, "geometry": { "type": "Point", "coordinates": [ 4336469.020248462446034, 5625049.384804603643715 ] } },
{ "type": "Feature", "properties": { "ID": 1118, "Address": "улица Тургеневское шоссе, 13/1", "lat": 45.025234, "long": 38.942354, "population_x": 0.0, "poi_count": 0, "type": "rent", "hex_id": 11, "poi_amenity": 0, "poi_shop": 0, "poi_office": 0, "poi_leisure": 0, "poi_tourism": 0, "population_y": 0.0, "car_traffic": null, "foot_traffic": null, "attractiveness": 0.0, "poi_transport": 0, "attractiveness_updated": 0.0 }, "geometry": { "type": "Point", "coordinates": [ 4335043.017571400851011, 5625494.938223239034414 ] } },
{ "type": "Feature", "properties": { "ID": 1119, "Address": "улица Тургеневское шоссе, 8", "lat": 45.024004, "long": 38.943046, "population_x": 0.0, "poi_count": 0, "type": "rent", "hex_id": 11, "poi_amenity": 0, "poi_shop": 0, "poi_office": 0, "poi_leisure": 0, "poi_tourism": 0, "population_y": 0.0, "car_traffic": null, "foot_traffic": null, "attractiveness": 0.0, "poi_transport": 0, "attractiveness_updated": 0.0 }, "geometry": { "type": "Point", "coordinates": [ 4335120.050659029744565, 5625301.216640177182853 ] } },
{ "type": "Feature", "properties": { "ID": 1120, "Address": "улица Тургеневское шоссе, 8А", "lat": 45.023654, "long": 38.943728, "population_x": 0.0, "poi_count": 0, "type": "rent", "hex_id": 11, "poi_amenity": 0, "poi_shop": 0, "poi_office": 0, "poi_leisure": 0, "poi_tourism": 0, "population_y": 0.0, "car_traffic": null, "foot_traffic": null, "attractiveness": 0.0, "poi_transport": 0, "attractiveness_updated": 0.0 }, "geometry": { "type": "Point", "coordinates": [ 4335195.97055175062269, 5625246.093373176641762 ] } },
{ "type": "Feature", "properties": { "ID": 1121, "Address": "улица Тургеневское шоссе, 19", "lat": 45.021698, "long": 38.939093, "population_x": 0.0, "poi_count": 0, "type": "rent", "hex_id": 11, "poi_amenity": 0, "poi_shop": 0, "poi_office": 0, "poi_leisure": 0, "poi_tourism": 0, "population_y": 0.0, "car_traffic": null, "foot_traffic": null, "attractiveness": 0.0, "poi_transport": 0, "attractiveness_updated": 0.0 }, "geometry": { "type": "Point", "coordinates": [ 4334680.004711923189461, 5624938.039262375794351 ] } },
{ "type": "Feature", "properties": { "ID": 1122, "Address": "улица Тургеневское шоссе, 8", "lat": 45.024004, "long": 38.943046, "population_x": 0.0, "poi_count": 0, "type": "rent", "hex_id": 11, "poi_amenity": 0, "poi_shop": 0, "poi_office": 0, "poi_leisure": 0, "poi_tourism": 0, "population_y": 0.0, "car_traffic": null, "foot_traffic": null, "attractiveness": 0.0, "poi_transport": 0, "attractiveness_updated": 0.0 }, "geometry": { "type": "Point", "coordinates": [ 4335120.050659029744565, 5625301.216640177182853 ] } },
{ "type": "Feature", "properties": { "ID": 1123, "Address": "улица Тургеневское шоссе, 8", "lat": 45.024004, "long": 38.943046, "population_x": 0.0, "poi_count": 0, "type": "rent", "hex_id": 11, "poi_amenity": 0, "poi_shop": 0, "poi_office": 0, "poi_leisure": 0, "poi_tourism": 0, "population_y": 0.0, "car_traffic": null, "foot_traffic": null, "attractiveness": 0.0, "poi_transport": 0, "attractiveness_updated": 0.0 }, "geometry": { "type": "Point", "coordinates": [ 4335120.050659029744565, 5625301.216640177182853 ] } },
{ "type": "Feature", "properties": { "ID": 1124, "Address": "улица Тургеневское шоссе, 13/1", "lat": 45.025234, "long": 38.942354, "population_x": 0.0, "poi_count": 0, "type": "rent", "hex_id": 11, "poi_amenity": 0, "poi_shop": 0, "poi_office": 0, "poi_leisure": 0, "poi_tourism": 0, "population_y": 0.0, "car_traffic": null, "foot_traffic": null, "attractiveness": 0.0, "poi_transport": 0, "attractiveness_updated": 0.0 }, "geometry": { "type": "Point", "coordinates": [ 4335043.017571400851011, 5625494.938223239034414 ] } },
{ "type": "Feature", "properties": { "ID": 1132, "Address": "улица Тургеневское Шоссе, 2/2", "lat": 45.026584, "long": 38.945318, "population_x": 12000.0, "poi_count": 0, "type": "rent", "hex_id": 20, "poi_amenity": 0, "poi_shop": 0, "poi_office": 0, "poi_leisure": 0, "poi_tourism": 0, "population_y": 12000.0, "car_traffic": 35000.0, "foot_traffic": 35000.0, "attractiveness": 0.0, "poi_transport": 0, "attractiveness_updated": 0.0 }, "geometry": { "type": "Point", "coordinates": [ 4335372.968542110174894, 5625707.564264331944287 ] } },
{ "type": "Feature", "properties": { "ID": 1133, "Address": "улица Тургеневское Шоссе, 2/2", "lat": 45.026877, "long": 38.945498, "population_x": 12000.0, "poi_count": 0, "type": "rent", "hex_id": 20, "poi_amenity": 0, "poi_shop": 0, "poi_office": 0, "poi_leisure": 0, "poi_tourism": 0, "population_y": 12000.0, "car_traffic": 35000.0, "foot_traffic": 35000.0, "attractiveness": 0.0, "poi_transport": 0, "attractiveness_updated": 0.0 }, "geometry": { "type": "Point", "coordinates": [ 4335393.006050454452634, 5625753.712652559392154 ] } },
{ "type": "Feature", "properties": { "ID": 1134, "Address": "Сквозная улица, 25", "lat": 45.024246, "long": 38.938195, "population_x": 0.0, "poi_count": 0, "type": "rent", "hex_id": 11, "poi_amenity": 0, "poi_shop": 0, "poi_office": 0, "poi_leisure": 0, "poi_tourism": 0, "population_y": 0.0, "car_traffic": null, "foot_traffic": null, "attractiveness": 0.0, "poi_transport": 0, "attractiveness_updated": 0.0 }, "geometry": { "type": "Point", "coordinates": [ 4334580.039809190668166, 5625339.330639003776014 ] } },
{ "type": "Feature", "properties": { "ID": 1137, "Address": "Товарная улица, 7", "lat": 45.017729, "long": 38.982104, "population_x": 7500.0, "poi_count": 23, "type": "rent", "hex_id": 26, "poi_amenity": 0, "poi_shop": 0, "poi_office": 0, "poi_leisure": 0, "poi_tourism": 0, "population_y": 7500.0, "car_traffic": 20000.0, "foot_traffic": 20000.0, "attractiveness": 0.0, "poi_transport": 2, "attractiveness_updated": 0.2 }, "geometry": { "type": "Point", "coordinates": [ 4339467.967330432496965, 5624312.986346872523427 ] } },
{ "type": "Feature", "properties": { "ID": 1138, "Address": "улица Вишняковой, 1/12", "lat": 45.00956, "long": 38.991429, "population_x": 7500.0, "poi_count": 2, "type": "rent", "hex_id": 26, "poi_amenity": 0, "poi_shop": 0, "poi_office": 0, "poi_leisure": 0, "poi_tourism": 0, "population_y": 7500.0, "car_traffic": 20000.0, "foot_traffic": 20000.0, "attractiveness": 0.0, "poi_transport": 0, "attractiveness_updated": 0.0 }, "geometry": { "type": "Point", "coordinates": [ 4340506.021582080051303, 5623026.638114020228386 ] } },
{ "type": "Feature", "properties": { "ID": 1139, "Address": "улица Вишняковой, 2А", "lat": 45.013096, "long": 38.996352, "population_x": 7500.0, "poi_count": 21, "type": "rent", "hex_id": 26, "poi_amenity": 0, "poi_shop": 0, "poi_office": 0, "poi_leisure": 0, "poi_tourism": 0, "population_y": 7500.0, "car_traffic": 20000.0, "foot_traffic": 20000.0, "attractiveness": 0.0, "poi_transport": 0, "attractiveness_updated": 0.0 }, "geometry": { "type": "Point", "coordinates": [ 4341054.047435255721211, 5623583.419037760235369 ] } },
{ "type": "Feature", "properties": { "ID": 1140, "Address": "Новороссийская улица, 2А", "lat": 45.022666, "long": 39.000601, "population_x": 25000.0, "poi_count": 42, "type": "rent", "hex_id": 35, "poi_amenity": 0, "poi_shop": 0, "poi_office": 0, "poi_leisure": 0, "poi_tourism": 0, "population_y": 25000.0, "car_traffic": 47000.0, "foot_traffic": 50000.0, "attractiveness": 0.0, "poi_transport": 0, "attractiveness_updated": 0.0 }, "geometry": { "type": "Point", "coordinates": [ 4341527.043951636180282, 5625090.490083537064493 ] } },
{ "type": "Feature", "properties": { "ID": 1141, "Address": "Озёрная улица, 17", "lat": 45.022354, "long": 39.003269, "population_x": 25000.0, "poi_count": 41, "type": "rent", "hex_id": 35, "poi_amenity": 0, "poi_shop": 0, "poi_office": 0, "poi_leisure": 0, "poi_tourism": 0, "population_y": 25000.0, "car_traffic": 47000.0, "foot_traffic": 50000.0, "attractiveness": 0.0, "poi_transport": 0, "attractiveness_updated": 0.0 }, "geometry": { "type": "Point", "coordinates": [ 4341824.044353072531521, 5625041.352760490961373 ] } },
{ "type": "Feature", "properties": { "ID": 1142, "Address": "Озёрная улица, 25", "lat": 45.022297, "long": 39.005784, "population_x": 25000.0, "poi_count": 43, "type": "rent", "hex_id": 35, "poi_amenity": 0, "poi_shop": 0, "poi_office": 0, "poi_leisure": 0, "poi_tourism": 0, "population_y": 25000.0, "car_traffic": 47000.0, "foot_traffic": 50000.0, "attractiveness": 0.0, "poi_transport": 0, "attractiveness_updated": 0.0 }, "geometry": { "type": "Point", "coordinates": [ 4342104.012872417457402, 5625032.375778482295573 ] } },
{ "type": "Feature", "properties": { "ID": 1143, "Address": "Озёрная улица, 15/3", "lat": 45.023647, "long": 39.005254, "population_x": 25000.0, "poi_count": 27, "type": "rent", "hex_id": 35, "poi_amenity": 0, "poi_shop": 0, "poi_office": 0, "poi_leisure": 0, "poi_tourism": 0, "population_y": 25000.0, "car_traffic": 47000.0, "foot_traffic": 50000.0, "attractiveness": 0.0, "poi_transport": 0, "attractiveness_updated": 0.0 }, "geometry": { "type": "Point", "coordinates": [ 4342045.013542296364903, 5625244.990911272354424 ] } },
{ "type": "Feature", "properties": { "ID": 1144, "Address": "Ставропольская улица, 105", "lat": 45.02166, "long": 39.016582, "population_x": 25000.0, "poi_count": 60, "type": "rent", "hex_id": 35, "poi_amenity": 0, "poi_shop": 0, "poi_office": 0, "poi_leisure": 0, "poi_tourism": 0, "population_y": 25000.0, "car_traffic": 47000.0, "foot_traffic": 50000.0, "attractiveness": 0.0, "poi_transport": 9, "attractiveness_updated": 0.9 }, "geometry": { "type": "Point", "coordinates": [ 4343306.040734003297985, 5624932.054675281047821 ] } },
{ "type": "Feature", "properties": { "ID": 1145, "Address": "Ставропольская улица, 204", "lat": 45.02101, "long": 39.015234, "population_x": 25000.0, "poi_count": 58, "type": "rent", "hex_id": 35, "poi_amenity": 0, "poi_shop": 0, "poi_office": 0, "poi_leisure": 0, "poi_tourism": 0, "population_y": 25000.0, "car_traffic": 47000.0, "foot_traffic": 50000.0, "attractiveness": 0.0, "poi_transport": 5, "attractiveness_updated": 0.5 }, "geometry": { "type": "Point", "coordinates": [ 4343155.982060412876308, 5624829.687353209592402 ] } },
{ "type": "Feature", "properties": { "ID": 1146, "Address": "Ставропольская улица, 210", "lat": 45.021048, "long": 39.016447, "population_x": 25000.0, "poi_count": 57, "type": "rent", "hex_id": 35, "poi_amenity": 0, "poi_shop": 0, "poi_office": 0, "poi_leisure": 0, "poi_tourism": 0, "population_y": 25000.0, "car_traffic": 47000.0, "foot_traffic": 50000.0, "attractiveness": 0.0, "poi_transport": 7, "attractiveness_updated": 0.7 }, "geometry": { "type": "Point", "coordinates": [ 4343291.012602746486664, 5624835.671872361563146 ] } },
{ "type": "Feature", "properties": { "ID": 1147, "Address": "Ставропольская улица, 212/1", "lat": 45.021086, "long": 39.016842, "population_x": 25000.0, "poi_count": 57, "type": "rent", "hex_id": 35, "poi_amenity": 0, "poi_shop": 0, "poi_office": 0, "poi_leisure": 0, "poi_tourism": 0, "population_y": 25000.0, "car_traffic": 47000.0, "foot_traffic": 50000.0, "attractiveness": 0.0, "poi_transport": 8, "attractiveness_updated": 0.8 }, "geometry": { "type": "Point", "coordinates": [ 4343334.983801607973874, 5624841.656395482830703 ] } },
{ "type": "Feature", "properties": { "ID": 1148, "Address": "Ставропольская улица, 212/5", "lat": 45.021137, "long": 39.017929, "population_x": 25000.0, "poi_count": 55, "type": "rent", "hex_id": 35, "poi_amenity": 0, "poi_shop": 0, "poi_office": 0, "poi_leisure": 0, "poi_tourism": 0, "population_y": 25000.0, "car_traffic": 47000.0, "foot_traffic": 50000.0, "attractiveness": 0.0, "poi_transport": 6, "attractiveness_updated": 0.6 }, "geometry": { "type": "Point", "coordinates": [ 4343455.988088102079928, 5624849.688261709176004 ] } },
{ "type": "Feature", "properties": { "ID": 1149, "Address": "улица Шевченко, 61", "lat": 45.016639, "long": 39.010231, "population_x": 25000.0, "poi_count": 2, "type": "rent", "hex_id": 35, "poi_amenity": 0, "poi_shop": 0, "poi_office": 0, "poi_leisure": 0, "poi_tourism": 0, "population_y": 25000.0, "car_traffic": 47000.0, "foot_traffic": 50000.0, "attractiveness": 0.0, "poi_transport": 0, "attractiveness_updated": 0.0 }, "geometry": { "type": "Point", "coordinates": [ 4342599.050647974945605, 5624141.336666759103537 ] } },
{ "type": "Feature", "properties": { "ID": 1150, "Address": "Воронежская улица, 24", "lat": 45.008993, "long": 39.014129, "population_x": 16000.0, "poi_count": 7, "type": "rent", "hex_id": 34, "poi_amenity": 0, "poi_shop": 0, "poi_office": 0, "poi_leisure": 0, "poi_tourism": 0, "population_y": 16000.0, "car_traffic": 6500.0, "foot_traffic": 13000.0, "attractiveness": 0.0, "poi_transport": 0, "attractiveness_updated": 0.0 }, "geometry": { "type": "Point", "coordinates": [ 4343032.974023086950183, 5622937.361112844198942 ] } },
{ "type": "Feature", "properties": { "ID": 1151, "Address": "улица Болотникова, 24/2", "lat": 45.008101, "long": 39.018738, "population_x": 16000.0, "poi_count": 4, "type": "rent", "hex_id": 34, "poi_amenity": 0, "poi_shop": 0, "poi_office": 0, "poi_leisure": 0, "poi_tourism": 0, "population_y": 16000.0, "car_traffic": 6500.0, "foot_traffic": 13000.0, "attractiveness": 0.0, "poi_transport": 0, "attractiveness_updated": 0.0 }, "geometry": { "type": "Point", "coordinates": [ 4343546.045556153170764, 5622796.913016168400645 ] } },
{ "type": "Feature", "properties": { "ID": 1152, "Address": "Обрывная улица, 133/2", "lat": 44.995526, "long": 39.024873, "population_x": 16000.0, "poi_count": 1, "type": "rent", "hex_id": 34, "poi_amenity": 0, "poi_shop": 0, "poi_office": 0, "poi_leisure": 0, "poi_tourism": 0, "population_y": 16000.0, "car_traffic": 6500.0, "foot_traffic": 13000.0, "attractiveness": 0.0, "poi_transport": 0, "attractiveness_updated": 0.0 }, "geometry": { "type": "Point", "coordinates": [ 4344228.990632170811296, 5620817.173955977894366 ] } },
{ "type": "Feature", "properties": { "ID": 1153, "Address": "Ставропольская улица, 226", "lat": 45.018487, "long": 39.031161, "population_x": 37000.0, "poi_count": 81, "type": "rent", "hex_id": 42, "poi_amenity": 0, "poi_shop": 0, "poi_office": 0, "poi_leisure": 0, "poi_tourism": 0, "population_y": 37000.0, "car_traffic": 36000.0, "foot_traffic": 49000.0, "attractiveness": 0.0, "poi_transport": 7, "attractiveness_updated": 0.7 }, "geometry": { "type": "Point", "coordinates": [ 4344928.967590278014541, 5624432.355665314011276 ] } },
{ "type": "Feature", "properties": { "ID": 1154, "Address": "Ставропольская улица, 151", "lat": 45.018678, "long": 39.034117, "population_x": 37000.0, "poi_count": 57, "type": "rent", "hex_id": 42, "poi_amenity": 0, "poi_shop": 0, "poi_office": 0, "poi_leisure": 0, "poi_tourism": 0, "population_y": 37000.0, "car_traffic": 36000.0, "foot_traffic": 49000.0, "attractiveness": 0.0, "poi_transport": 6, "attractiveness_updated": 0.6 }, "geometry": { "type": "Point", "coordinates": [ 4345258.02800506260246, 5624462.434463150799274 ] } },
{ "type": "Feature", "properties": { "ID": 1155, "Address": "улица Володарского, 91", "lat": 45.038419, "long": 39.006449, "population_x": 25000.0, "poi_count": 10, "type": "rent", "hex_id": 36, "poi_amenity": 0, "poi_shop": 0, "poi_office": 0, "poi_leisure": 0, "poi_tourism": 0, "population_y": 25000.0, "car_traffic": 41000.0, "foot_traffic": 52000.0, "attractiveness": 0.0, "poi_transport": 0, "attractiveness_updated": 0.0 }, "geometry": { "type": "Point", "coordinates": [ 4342178.040333795361221, 5627571.800608080811799 ] } },
{ "type": "Feature", "properties": { "ID": 1156, "Address": "Передовая улица, 36", "lat": 45.034069, "long": 39.012611, "population_x": 25000.0, "poi_count": 26, "type": "rent", "hex_id": 35, "poi_amenity": 0, "poi_shop": 0, "poi_office": 0, "poi_leisure": 0, "poi_tourism": 0, "population_y": 25000.0, "car_traffic": 47000.0, "foot_traffic": 50000.0, "attractiveness": 0.0, "poi_transport": 2, "attractiveness_updated": 0.2 }, "geometry": { "type": "Point", "coordinates": [ 4342863.991036063060164, 5626886.548524396494031 ] } },
{ "type": "Feature", "properties": { "ID": 1157, "Address": "Новороссийская улица, 3/6", "lat": 45.031177, "long": 39.020768, "population_x": 25000.0, "poi_count": 12, "type": "rent", "hex_id": 35, "poi_amenity": 0, "poi_shop": 0, "poi_office": 0, "poi_leisure": 0, "poi_tourism": 0, "population_y": 25000.0, "car_traffic": 47000.0, "foot_traffic": 50000.0, "attractiveness": 0.0, "poi_transport": 0, "attractiveness_updated": 0.0 }, "geometry": { "type": "Point", "coordinates": [ 4343772.02412246260792, 5626431.002861117944121 ] } },
{ "type": "Feature", "properties": { "ID": 1158, "Address": "Новороссийская улица, 3/4", "lat": 45.031515, "long": 39.021621, "population_x": 25000.0, "poi_count": 8, "type": "rent", "hex_id": 35, "poi_amenity": 0, "poi_shop": 0, "poi_office": 0, "poi_leisure": 0, "poi_tourism": 0, "population_y": 25000.0, "car_traffic": 47000.0, "foot_traffic": 50000.0, "attractiveness": 0.0, "poi_transport": 0, "attractiveness_updated": 0.0 }, "geometry": { "type": "Point", "coordinates": [ 4343866.979648111388087, 5626484.243178749457002 ] } },
{ "type": "Feature", "properties": { "ID": 1159, "Address": "Новороссийская улица, 172", "lat": 45.031559, "long": 39.023427, "population_x": 25000.0, "poi_count": 12, "type": "rent", "hex_id": 35, "poi_amenity": 0, "poi_shop": 0, "poi_office": 0, "poi_leisure": 0, "poi_tourism": 0, "population_y": 25000.0, "car_traffic": 47000.0, "foot_traffic": 50000.0, "attractiveness": 0.0, "poi_transport": 0, "attractiveness_updated": 0.0 }, "geometry": { "type": "Point", "coordinates": [ 4344068.022648482583463, 5626491.173894113861024 ] } },
{ "type": "Feature", "properties": { "ID": 1160, "Address": "улица Шишкина, 13", "lat": 45.029757, "long": 39.02349, "population_x": 25000.0, "poi_count": 18, "type": "rent", "hex_id": 35, "poi_amenity": 0, "poi_shop": 0, "poi_office": 0, "poi_leisure": 0, "poi_tourism": 0, "population_y": 25000.0, "car_traffic": 47000.0, "foot_traffic": 50000.0, "attractiveness": 0.0, "poi_transport": 0, "attractiveness_updated": 0.0 }, "geometry": { "type": "Point", "coordinates": [ 4344075.035776403732598, 5626207.333955901674926 ] } },
{ "type": "Feature", "properties": { "ID": 1161, "Address": "Новороссийская улица, 7Б", "lat": 45.033088, "long": 39.025331, "population_x": 25000.0, "poi_count": 10, "type": "rent", "hex_id": 35, "poi_amenity": 0, "poi_shop": 0, "poi_office": 0, "poi_leisure": 0, "poi_tourism": 0, "population_y": 25000.0, "car_traffic": 47000.0, "foot_traffic": 50000.0, "attractiveness": 0.0, "poi_transport": 0, "attractiveness_updated": 0.0 }, "geometry": { "type": "Point", "coordinates": [ 4344279.97495895344764, 5626732.019562828354537 ] } },
{ "type": "Feature", "properties": { "ID": 1162, "Address": "Новороссийская улица, 7Б", "lat": 45.033088, "long": 39.025331, "population_x": 25000.0, "poi_count": 10, "type": "rent", "hex_id": 35, "poi_amenity": 0, "poi_shop": 0, "poi_office": 0, "poi_leisure": 0, "poi_tourism": 0, "population_y": 25000.0, "car_traffic": 47000.0, "foot_traffic": 50000.0, "attractiveness": 0.0, "poi_transport": 0, "attractiveness_updated": 0.0 }, "geometry": { "type": "Point", "coordinates": [ 4344279.97495895344764, 5626732.019562828354537 ] } },
{ "type": "Feature", "properties": { "ID": 1163, "Address": "Уральская улица, 6", "lat": 45.030292, "long": 39.028969, "population_x": 25000.0, "poi_count": 23, "type": "rent", "hex_id": 35, "poi_amenity": 0, "poi_shop": 0, "poi_office": 0, "poi_leisure": 0, "poi_tourism": 0, "population_y": 25000.0, "car_traffic": 47000.0, "foot_traffic": 50000.0, "attractiveness": 0.0, "poi_transport": 3, "attractiveness_updated": 0.3 }, "geometry": { "type": "Point", "coordinates": [ 4344684.955266458913684, 5626291.602927129715681 ] } },
{ "type": "Feature", "properties": { "ID": 1164, "Address": "Уральская улица, 68", "lat": 45.031069, "long": 39.03594, "population_x": 37000.0, "poi_count": 9, "type": "rent", "hex_id": 42, "poi_amenity": 0, "poi_shop": 0, "poi_office": 0, "poi_leisure": 0, "poi_tourism": 0, "population_y": 37000.0, "car_traffic": 36000.0, "foot_traffic": 49000.0, "attractiveness": 0.0, "poi_transport": 3, "attractiveness_updated": 0.3 }, "geometry": { "type": "Point", "coordinates": [ 4345460.963436779566109, 5626413.991228275932372 ] } },
{ "type": "Feature", "properties": { "ID": 1165, "Address": "Новороссийская улица, 214", "lat": 45.03598, "long": 39.042965, "population_x": 25000.0, "poi_count": 13, "type": "rent", "hex_id": 43, "poi_amenity": 0, "poi_shop": 0, "poi_office": 0, "poi_leisure": 0, "poi_tourism": 0, "population_y": 25000.0, "car_traffic": 42000.0, "foot_traffic": 41000.0, "attractiveness": 0.0, "poi_transport": 1, "attractiveness_updated": 0.1 }, "geometry": { "type": "Point", "coordinates": [ 4346242.982859601266682, 5627187.580438104458153 ] } },
{ "type": "Feature", "properties": { "ID": 1166, "Address": "Новороссийская улица, 220/Р2", "lat": 45.036228, "long": 39.046172, "population_x": 25000.0, "poi_count": 16, "type": "rent", "hex_id": 43, "poi_amenity": 0, "poi_shop": 0, "poi_office": 0, "poi_leisure": 0, "poi_tourism": 0, "population_y": 25000.0, "car_traffic": 42000.0, "foot_traffic": 41000.0, "attractiveness": 0.0, "poi_transport": 1, "attractiveness_updated": 0.1 }, "geometry": { "type": "Point", "coordinates": [ 4346599.984466576017439, 5627226.647587725892663 ] } },
{ "type": "Feature", "properties": { "ID": 1167, "Address": "Новороссийская улица, 226", "lat": 45.036426, "long": 39.048732, "population_x": 9000.0, "poi_count": 40, "type": "rent", "hex_id": 51, "poi_amenity": 0, "poi_shop": 0, "poi_office": 0, "poi_leisure": 0, "poi_tourism": 0, "population_y": 9000.0, "car_traffic": 24000.0, "foot_traffic": 22000.0, "attractiveness": 0.0, "poi_transport": 2, "attractiveness_updated": 0.2 }, "geometry": { "type": "Point", "coordinates": [ 4346884.962363006547093, 5627257.838417442515492 ] } },
{ "type": "Feature", "properties": { "ID": 1168, "Address": "Новороссийская улица, 232", "lat": 45.036974, "long": 39.050197, "population_x": 9000.0, "poi_count": 59, "type": "rent", "hex_id": 51, "poi_amenity": 0, "poi_shop": 0, "poi_office": 0, "poi_leisure": 0, "poi_tourism": 0, "population_y": 9000.0, "car_traffic": 24000.0, "foot_traffic": 22000.0, "attractiveness": 0.0, "poi_transport": 2, "attractiveness_updated": 0.2 }, "geometry": { "type": "Point", "coordinates": [ 4347048.045417019166052, 5627344.165114927105606 ] } },
{ "type": "Feature", "properties": { "ID": 1169, "Address": "Уральская улица, 79/1к2", "lat": 45.035853, "long": 39.050807, "population_x": 9000.0, "poi_count": 74, "type": "rent", "hex_id": 51, "poi_amenity": 0, "poi_shop": 0, "poi_office": 0, "poi_leisure": 0, "poi_tourism": 0, "population_y": 9000.0, "car_traffic": 24000.0, "foot_traffic": 22000.0, "attractiveness": 0.0, "poi_transport": 2, "attractiveness_updated": 0.2 }, "geometry": { "type": "Point", "coordinates": [ 4347115.950306402519345, 5627167.574342359788716 ] } },
{ "type": "Feature", "properties": { "ID": 1170, "Address": "Уральская улица, 79/1к2", "lat": 45.035853, "long": 39.050807, "population_x": 9000.0, "poi_count": 74, "type": "rent", "hex_id": 51, "poi_amenity": 0, "poi_shop": 0, "poi_office": 0, "poi_leisure": 0, "poi_tourism": 0, "population_y": 9000.0, "car_traffic": 24000.0, "foot_traffic": 22000.0, "attractiveness": 0.0, "poi_transport": 2, "attractiveness_updated": 0.2 }, "geometry": { "type": "Point", "coordinates": [ 4347115.950306402519345, 5627167.574342359788716 ] } },
{ "type": "Feature", "properties": { "ID": 1171, "Address": "Уральская улица, 79/2", "lat": 45.034483, "long": 39.052631, "population_x": 9000.0, "poi_count": 76, "type": "rent", "hex_id": 51, "poi_amenity": 0, "poi_shop": 0, "poi_office": 0, "poi_leisure": 0, "poi_tourism": 0, "population_y": 9000.0, "car_traffic": 24000.0, "foot_traffic": 22000.0, "attractiveness": 0.0, "poi_transport": 0, "attractiveness_updated": 0.0 }, "geometry": { "type": "Point", "coordinates": [ 4347318.997057609260082, 5626951.76337640825659 ] } },
{ "type": "Feature", "properties": { "ID": 1172, "Address": "Уральская улица, 106", "lat": 45.032916, "long": 39.054086, "population_x": 9000.0, "poi_count": 69, "type": "rent", "hex_id": 51, "poi_amenity": 0, "poi_shop": 0, "poi_office": 0, "poi_leisure": 0, "poi_tourism": 0, "population_y": 9000.0, "car_traffic": 24000.0, "foot_traffic": 22000.0, "attractiveness": 0.0, "poi_transport": 0, "attractiveness_updated": 0.0 }, "geometry": { "type": "Point", "coordinates": [ 4347480.966916713863611, 5626704.926072873175144 ] } },
{ "type": "Feature", "properties": { "ID": 1173, "Address": "Уральская улица, 102", "lat": 45.032636, "long": 39.051787, "population_x": 9000.0, "poi_count": 83, "type": "rent", "hex_id": 51, "poi_amenity": 0, "poi_shop": 0, "poi_office": 0, "poi_leisure": 0, "poi_tourism": 0, "population_y": 9000.0, "car_traffic": 24000.0, "foot_traffic": 22000.0, "attractiveness": 0.0, "poi_transport": 1, "attractiveness_updated": 0.1 }, "geometry": { "type": "Point", "coordinates": [ 4347225.043407380580902, 5626660.820565725676715 ] } },
{ "type": "Feature", "properties": { "ID": 1174, "Address": "Уральская улица, 100/6", "lat": 45.031661, "long": 39.050628, "population_x": 37000.0, "poi_count": 70, "type": "rent", "hex_id": 42, "poi_amenity": 0, "poi_shop": 0, "poi_office": 0, "poi_leisure": 0, "poi_tourism": 0, "population_y": 37000.0, "car_traffic": 36000.0, "foot_traffic": 49000.0, "attractiveness": 0.0, "poi_transport": 1, "attractiveness_updated": 0.1 }, "geometry": { "type": "Point", "coordinates": [ 4347096.024117551743984, 5626507.240572953596711 ] } },
{ "type": "Feature", "properties": { "ID": 1175, "Address": "Уральская улица, 98/11", "lat": 45.02982, "long": 39.046235, "population_x": 37000.0, "poi_count": 64, "type": "rent", "hex_id": 42, "poi_amenity": 0, "poi_shop": 0, "poi_office": 0, "poi_leisure": 0, "poi_tourism": 0, "population_y": 37000.0, "car_traffic": 36000.0, "foot_traffic": 49000.0, "attractiveness": 0.0, "poi_transport": 0, "attractiveness_updated": 0.0 }, "geometry": { "type": "Point", "coordinates": [ 4346606.997594497166574, 5626217.257177016697824 ] } },
{ "type": "Feature", "properties": { "ID": 1176, "Address": "Уральская улица, 98/11", "lat": 45.02982, "long": 39.046235, "population_x": 37000.0, "poi_count": 64, "type": "rent", "hex_id": 42, "poi_amenity": 0, "poi_shop": 0, "poi_office": 0, "poi_leisure": 0, "poi_tourism": 0, "population_y": 37000.0, "car_traffic": 36000.0, "foot_traffic": 49000.0, "attractiveness": 0.0, "poi_transport": 0, "attractiveness_updated": 0.0 }, "geometry": { "type": "Point", "coordinates": [ 4346606.997594497166574, 5626217.257177016697824 ] } },
{ "type": "Feature", "properties": { "ID": 1177, "Address": "улица Стасова, 182/1", "lat": 45.02654, "long": 39.046298, "population_x": 37000.0, "poi_count": 38, "type": "rent", "hex_id": 42, "poi_amenity": 0, "poi_shop": 0, "poi_office": 0, "poi_leisure": 0, "poi_tourism": 0, "population_y": 37000.0, "car_traffic": 36000.0, "foot_traffic": 49000.0, "attractiveness": 0.0, "poi_transport": 0, "attractiveness_updated": 0.0 }, "geometry": { "type": "Point", "coordinates": [ 4346614.010722416453063, 5625700.634151346981525 ] } },
{ "type": "Feature", "properties": { "ID": 1178, "Address": "улица Селезнёва, 191/1", "lat": 45.022552, "long": 39.046675, "population_x": 37000.0, "poi_count": 40, "type": "rent", "hex_id": 42, "poi_amenity": 0, "poi_shop": 0, "poi_office": 0, "poi_leisure": 0, "poi_tourism": 0, "population_y": 37000.0, "car_traffic": 36000.0, "foot_traffic": 49000.0, "attractiveness": 0.0, "poi_transport": 1, "attractiveness_updated": 0.1 }, "geometry": { "type": "Point", "coordinates": [ 4346655.97817044518888, 5625072.536030608229339 ] } },
{ "type": "Feature", "properties": { "ID": 1179, "Address": "улица Селезнёва, 150", "lat": 45.022068, "long": 39.04566, "population_x": 37000.0, "poi_count": 34, "type": "rent", "hex_id": 42, "poi_amenity": 0, "poi_shop": 0, "poi_office": 0, "poi_leisure": 0, "poi_tourism": 0, "population_y": 37000.0, "car_traffic": 36000.0, "foot_traffic": 49000.0, "attractiveness": 0.0, "poi_transport": 5, "attractiveness_updated": 0.5 }, "geometry": { "type": "Point", "coordinates": [ 4346542.988887288607657, 5624996.310449606738985 ] } },
{ "type": "Feature", "properties": { "ID": 1180, "Address": "Старокубанская улица, 127А", "lat": 45.02001, "long": 39.049092, "population_x": 37000.0, "poi_count": 18, "type": "rent", "hex_id": 42, "poi_amenity": 0, "poi_shop": 0, "poi_office": 0, "poi_leisure": 0, "poi_tourism": 0, "population_y": 37000.0, "car_traffic": 36000.0, "foot_traffic": 49000.0, "attractiveness": 0.0, "poi_transport": 1, "attractiveness_updated": 0.1 }, "geometry": { "type": "Point", "coordinates": [ 4346925.037379693239927, 5624672.201434712857008 ] } },
{ "type": "Feature", "properties": { "ID": 1181, "Address": "Сормовская улица, 1/2к3", "lat": 45.024221, "long": 39.051876, "population_x": 37000.0, "poi_count": 28, "type": "rent", "hex_id": 42, "poi_amenity": 0, "poi_shop": 0, "poi_office": 0, "poi_leisure": 0, "poi_tourism": 0, "population_y": 37000.0, "car_traffic": 36000.0, "foot_traffic": 49000.0, "attractiveness": 0.0, "poi_transport": 1, "attractiveness_updated": 0.1 }, "geometry": { "type": "Point", "coordinates": [ 4347234.950842060148716, 5625335.393234969116747 ] } },
{ "type": "Feature", "properties": { "ID": 1182, "Address": "Сормовская улица, 1/4к1", "lat": 45.025055, "long": 39.052586, "population_x": 37000.0, "poi_count": 26, "type": "rent", "hex_id": 42, "poi_amenity": 0, "poi_shop": 0, "poi_office": 0, "poi_leisure": 0, "poi_tourism": 0, "population_y": 37000.0, "car_traffic": 36000.0, "foot_traffic": 49000.0, "attractiveness": 0.0, "poi_transport": 0, "attractiveness_updated": 0.0 }, "geometry": { "type": "Point", "coordinates": [ 4347313.987680523656309, 5625466.745961709879339 ] } },
{ "type": "Feature", "properties": { "ID": 1183, "Address": "улица Лизы Чайкиной, 2/3", "lat": 45.027298, "long": 39.057796, "population_x": 37000.0, "poi_count": 17, "type": "rent", "hex_id": 42, "poi_amenity": 0, "poi_shop": 0, "poi_office": 0, "poi_leisure": 0, "poi_tourism": 0, "population_y": 37000.0, "car_traffic": 36000.0, "foot_traffic": 49000.0, "attractiveness": 0.0, "poi_transport": 2, "attractiveness_updated": 0.2 }, "geometry": { "type": "Point", "coordinates": [ 4347893.962227557785809, 5625820.021842364221811 ] } },
{ "type": "Feature", "properties": { "ID": 1184, "Address": "Трамвайная улица, 4/1", "lat": 45.013122, "long": 39.058605, "population_x": 10000.0, "poi_count": 38, "type": "rent", "hex_id": 41, "poi_amenity": 0, "poi_shop": 0, "poi_office": 0, "poi_leisure": 0, "poi_tourism": 0, "population_y": 10000.0, "car_traffic": 5000.0, "foot_traffic": 9000.0, "attractiveness": 0.0, "poi_transport": 6, "attractiveness_updated": 0.6 }, "geometry": { "type": "Point", "coordinates": [ 4347984.019695607945323, 5623587.513142454437912 ] } },
{ "type": "Feature", "properties": { "ID": 1185, "Address": "улица Автолюбителей, 13/1", "lat": 45.00464, "long": 39.067687, "population_x": 10000.0, "poi_count": 26, "type": "rent", "hex_id": 41, "poi_amenity": 0, "poi_shop": 0, "poi_office": 0, "poi_leisure": 0, "poi_tourism": 0, "population_y": 10000.0, "car_traffic": 5000.0, "foot_traffic": 9000.0, "attractiveness": 0.0, "poi_transport": 1, "attractiveness_updated": 0.1 }, "geometry": { "type": "Point", "coordinates": [ 4348995.023310993798077, 5622251.988808585330844 ] } },
{ "type": "Feature", "properties": { "ID": 1186, "Address": "улица Автолюбителей, 15/1", "lat": 45.00508, "long": 39.067651, "population_x": 10000.0, "poi_count": 31, "type": "rent", "hex_id": 41, "poi_amenity": 0, "poi_shop": 0, "poi_office": 0, "poi_leisure": 0, "poi_tourism": 0, "population_y": 10000.0, "car_traffic": 5000.0, "foot_traffic": 9000.0, "attractiveness": 0.0, "poi_transport": 2, "attractiveness_updated": 0.2 }, "geometry": { "type": "Point", "coordinates": [ 4348991.01580932457, 5622321.26367973536253 ] } },
{ "type": "Feature", "properties": { "ID": 1187, "Address": "Сормовская улица, 12/12", "lat": 45.022711, "long": 39.063932, "population_x": 28000.0, "poi_count": 25, "type": "rent", "hex_id": 50, "poi_amenity": 0, "poi_shop": 0, "poi_office": 0, "poi_leisure": 0, "poi_tourism": 0, "population_y": 28000.0, "car_traffic": 24000.0, "foot_traffic": 34000.0, "attractiveness": 0.0, "poi_transport": 3, "attractiveness_updated": 0.3 }, "geometry": { "type": "Point", "coordinates": [ 4348577.018623065203428, 5625097.577219532802701 ] } },
{ "type": "Feature", "properties": { "ID": 1188, "Address": "Сормовская улица, 7/6", "lat": 45.024374, "long": 39.065225, "population_x": 28000.0, "poi_count": 42, "type": "rent", "hex_id": 50, "poi_amenity": 0, "poi_shop": 0, "poi_office": 0, "poi_leisure": 0, "poi_tourism": 0, "population_y": 28000.0, "car_traffic": 24000.0, "foot_traffic": 34000.0, "attractiveness": 0.0, "poi_transport": 6, "attractiveness_updated": 0.6 }, "geometry": { "type": "Point", "coordinates": [ 4348720.954724659211934, 5625359.490174602717161 ] } },
{ "type": "Feature", "properties": { "ID": 1189, "Address": "Краевая улица, 10", "lat": 45.014906, "long": 39.073661, "population_x": 28000.0, "poi_count": 19, "type": "rent", "hex_id": 50, "poi_amenity": 0, "poi_shop": 0, "poi_office": 0, "poi_leisure": 0, "poi_tourism": 0, "population_y": 28000.0, "car_traffic": 24000.0, "foot_traffic": 34000.0, "attractiveness": 0.0, "poi_transport": 4, "attractiveness_updated": 0.4 }, "geometry": { "type": "Point", "coordinates": [ 4349660.045948992483318, 5623868.436149981804192 ] } },
{ "type": "Feature", "properties": { "ID": 1190, "Address": "Магистральная улица, 1", "lat": 45.03133, "long": 39.063132, "population_x": 9000.0, "poi_count": 7, "type": "rent", "hex_id": 51, "poi_amenity": 0, "poi_shop": 0, "poi_office": 0, "poi_leisure": 0, "poi_tourism": 0, "population_y": 9000.0, "car_traffic": 24000.0, "foot_traffic": 22000.0, "attractiveness": 0.0, "poi_transport": 4, "attractiveness_updated": 0.4 }, "geometry": { "type": "Point", "coordinates": [ 4348487.963030430488288, 5626455.102729262784123 ] } },
{ "type": "Feature", "properties": { "ID": 1191, "Address": "Уральская улица, 87/1", "lat": 45.035935, "long": 39.066995, "population_x": 9000.0, "poi_count": 25, "type": "rent", "hex_id": 51, "poi_amenity": 0, "poi_shop": 0, "poi_office": 0, "poi_leisure": 0, "poi_tourism": 0, "population_y": 9000.0, "car_traffic": 24000.0, "foot_traffic": 22000.0, "attractiveness": 0.0, "poi_transport": 0, "attractiveness_updated": 0.0 }, "geometry": { "type": "Point", "coordinates": [ 4348917.990223364904523, 5627180.491658940911293 ] } },
{ "type": "Feature", "properties": { "ID": 1192, "Address": "Новороссийская улица, 240А", "lat": 45.037604, "long": 39.067732, "population_x": 9000.0, "poi_count": 21, "type": "rent", "hex_id": 51, "poi_amenity": 0, "poi_shop": 0, "poi_office": 0, "poi_leisure": 0, "poi_tourism": 0, "population_y": 9000.0, "car_traffic": 24000.0, "foot_traffic": 22000.0, "attractiveness": 0.0, "poi_transport": 0, "attractiveness_updated": 0.0 }, "geometry": { "type": "Point", "coordinates": [ 4349000.032688079401851, 5627443.41033248975873 ] } },
{ "type": "Feature", "properties": { "ID": 1193, "Address": "улица Дежнёва, 37", "lat": 45.03954, "long": 39.074227, "population_x": 9000.0, "poi_count": 1, "type": "rent", "hex_id": 51, "poi_amenity": 0, "poi_shop": 0, "poi_office": 0, "poi_leisure": 0, "poi_tourism": 0, "population_y": 9000.0, "car_traffic": 24000.0, "foot_traffic": 22000.0, "attractiveness": 0.0, "poi_transport": 0, "attractiveness_updated": 0.0 }, "geometry": { "type": "Point", "coordinates": [ 4349723.052780781872571, 5627748.399299884214997 ] } },
{ "type": "Feature", "properties": { "ID": 1194, "Address": "Уральская улица, 138", "lat": 45.036426, "long": 39.078871, "population_x": 29000.0, "poi_count": 10, "type": "rent", "hex_id": 58, "poi_amenity": 0, "poi_shop": 0, "poi_office": 0, "poi_leisure": 0, "poi_tourism": 0, "population_y": 29000.0, "car_traffic": 20000.0, "foot_traffic": 29000.0, "attractiveness": 0.0, "poi_transport": 0, "attractiveness_updated": 0.0 }, "geometry": { "type": "Point", "coordinates": [ 4350240.020496025681496, 5627257.838417442515492 ] } },
{ "type": "Feature", "properties": { "ID": 1195, "Address": "Новороссийская улица, 250/1", "lat": 45.040158, "long": 39.079832, "population_x": 29000.0, "poi_count": 8, "type": "rent", "hex_id": 58, "poi_amenity": 0, "poi_shop": 0, "poi_office": 0, "poi_leisure": 0, "poi_tourism": 0, "population_y": 29000.0, "car_traffic": 20000.0, "foot_traffic": 29000.0, "attractiveness": 0.0, "poi_transport": 0, "attractiveness_updated": 0.0 }, "geometry": { "type": "Point", "coordinates": [ 4350346.998526678420603, 5627845.758488163352013 ] } },
{ "type": "Feature", "properties": { "ID": 1196, "Address": "Уральская улица, 97литЭ", "lat": 45.0377, "long": 39.082473, "population_x": 29000.0, "poi_count": 17, "type": "rent", "hex_id": 58, "poi_amenity": 0, "poi_shop": 0, "poi_office": 0, "poi_leisure": 0, "poi_tourism": 0, "population_y": 29000.0, "car_traffic": 20000.0, "foot_traffic": 29000.0, "attractiveness": 0.0, "poi_transport": 0, "attractiveness_updated": 0.0 }, "geometry": { "type": "Point", "coordinates": [ 4350640.993301862850785, 5627458.53350920137018 ] } },
{ "type": "Feature", "properties": { "ID": 1197, "Address": "Уральская улица, 97литД", "lat": 45.037942, "long": 39.083731, "population_x": 29000.0, "poi_count": 29, "type": "rent", "hex_id": 58, "poi_amenity": 0, "poi_shop": 0, "poi_office": 0, "poi_leisure": 0, "poi_tourism": 0, "population_y": 29000.0, "car_traffic": 20000.0, "foot_traffic": 29000.0, "attractiveness": 0.0, "poi_transport": 0, "attractiveness_updated": 0.0 }, "geometry": { "type": "Point", "coordinates": [ 4350781.033221281133592, 5627496.656629752367735 ] } },
{ "type": "Feature", "properties": { "ID": 1198, "Address": "Уральская улица, 97Б", "lat": 45.038674, "long": 39.083039, "population_x": 29000.0, "poi_count": 24, "type": "rent", "hex_id": 58, "poi_amenity": 0, "poi_shop": 0, "poi_office": 0, "poi_leisure": 0, "poi_tourism": 0, "population_y": 29000.0, "car_traffic": 20000.0, "foot_traffic": 29000.0, "attractiveness": 0.0, "poi_transport": 0, "attractiveness_updated": 0.0 }, "geometry": { "type": "Point", "coordinates": [ 4350704.000133651308715, 5627611.97217420488596 ] } },
{ "type": "Feature", "properties": { "ID": 1199, "Address": "улица имени Мецената Лю Трахова, 14", "lat": 44.999236, "long": 39.085509, "population_x": 36000.0, "poi_count": 3, "type": "rent", "hex_id": 49, "poi_amenity": 0, "poi_shop": 0, "poi_office": 0, "poi_leisure": 0, "poi_tourism": 0, "population_y": 36000.0, "car_traffic": 6500.0, "foot_traffic": 21000.0, "attractiveness": 0.0, "poi_transport": 0, "attractiveness_updated": 0.0 }, "geometry": { "type": "Point", "coordinates": [ 4350978.959275911562145, 5621401.210830259136856 ] } },
{ "type": "Feature", "properties": { "ID": 1200, "Address": "Бородинская улица, 131А", "lat": 45.012587, "long": 39.099685, "population_x": 14000.0, "poi_count": 15, "type": "rent", "hex_id": 57, "poi_amenity": 0, "poi_shop": 0, "poi_office": 0, "poi_leisure": 0, "poi_tourism": 0, "population_y": 14000.0, "car_traffic": 30000.0, "foot_traffic": 14000.0, "attractiveness": 0.0, "poi_transport": 2, "attractiveness_updated": 0.2 }, "geometry": { "type": "Point", "coordinates": [ 4352557.024377395398915, 5623503.269439481198788 ] } },
{ "type": "Feature", "properties": { "ID": 1201, "Address": "улица имени В.Н. Мачуги, 166/1", "lat": 45.014836, "long": 39.094933, "population_x": 14000.0, "poi_count": 13, "type": "rent", "hex_id": 57, "poi_amenity": 0, "poi_shop": 0, "poi_office": 0, "poi_leisure": 0, "poi_tourism": 0, "population_y": 14000.0, "car_traffic": 30000.0, "foot_traffic": 14000.0, "attractiveness": 0.0, "poi_transport": 2, "attractiveness_updated": 0.2 }, "geometry": { "type": "Point", "coordinates": [ 4352028.034157146699727, 5623857.413221279159188 ] } },
{ "type": "Feature", "properties": { "ID": 1202, "Address": "улица Кирова, 198", "lat": 45.021418, "long": 39.096074, "population_x": 14000.0, "poi_count": 10, "type": "rent", "hex_id": 57, "poi_amenity": 0, "poi_shop": 0, "poi_office": 0, "poi_leisure": 0, "poi_tourism": 0, "population_y": 14000.0, "car_traffic": 30000.0, "foot_traffic": 14000.0, "attractiveness": 0.0, "poi_transport": 2, "attractiveness_updated": 0.2 }, "geometry": { "type": "Point", "coordinates": [ 4352155.049696142785251, 5624893.942398032173514 ] } },
{ "type": "Feature", "properties": { "ID": 1204, "Address": "Крылатая улица, 2", "lat": 45.01144, "long": 39.122574, "population_x": 400.0, "poi_count": 69, "type": "rent", "hex_id": 65, "poi_amenity": 0, "poi_shop": 0, "poi_office": 0, "poi_leisure": 0, "poi_tourism": 0, "population_y": 400.0, "car_traffic": 9500.0, "foot_traffic": 2800.0, "attractiveness": 0.0, "poi_transport": 3, "attractiveness_updated": 0.3 }, "geometry": { "type": "Point", "coordinates": [ 4355105.016202163882554, 5623322.659891089424491 ] } },
{ "type": "Feature", "properties": { "ID": 1205, "Address": "Криничная улица, 173", "lat": 45.013294, "long": 39.118657, "population_x": 14000.0, "poi_count": 20, "type": "rent", "hex_id": 57, "poi_amenity": 0, "poi_shop": 0, "poi_office": 0, "poi_leisure": 0, "poi_tourism": 0, "population_y": 14000.0, "car_traffic": 30000.0, "foot_traffic": 14000.0, "attractiveness": 0.0, "poi_transport": 2, "attractiveness_updated": 0.2 }, "geometry": { "type": "Point", "coordinates": [ 4354668.977756726555526, 5623614.597266474738717 ] } }
]
}
