{
"type": "FeatureCollection",
"name": "cleaned_transport",
"crs": { "type": "name", "properties": { "name": "urn:ogc:def:crs:OGC:1.3:CRS84" } },
"features": [
{ "type": "Feature", "properties": { "NAME": "Тургеневский мост" }, "geometry": { "type": "Point", "coordinates": [ 38.9528119, 45.0371434 ] } },
{ "type": "Feature", "properties": { "NAME": "Западное депо" }, "geometry": { "type": "Point", "coordinates": [ 38.9237203, 45.0680759 ] } },
{ "type": "Feature", "properties": { "NAME": "Железнодорожный вокзал" }, "geometry": { "type": "Point", "coordinates": [ 38.98908, 45.0198662 ] } },
{ "type": "Feature", "properties": { "NAME": "Харьковская" }, "geometry": { "type": "Point", "coordinates": [ 38.9261618, 45.0360233 ] } },
{ "type": "Feature", "properties": { "NAME": "Драмтеатр" }, "geometry": { "type": "Point", "coordinates": [ 38.9784804, 45.0351046 ] } },
{ "type": "Feature", "properties": { "NAME": "улица Шевченко" }, "geometry": { "type": "Point", "coordinates": [ 39.0092947, 45.0208649 ] } },
{ "type": "Feature", "properties": { "NAME": "улица Павлова" }, "geometry": { "type": "Point", "coordinates": [ 39.0049434, 45.0204608 ] } },
{ "type": "Feature", "properties": { "NAME": "улица Вишняковой" }, "geometry": { "type": "Point", "coordinates": [ 38.9985696, 45.0195966 ] } },
{ "type": "Feature", "properties": { "NAME": "улица КИМ" }, "geometry": { "type": "Point", "coordinates": [ 38.993307, 45.0178738 ] } },
{ "type": "Feature", "properties": { "NAME": "переулок Лунный" }, "geometry": { "type": "Point", "coordinates": [ 38.9895183, 45.0160303 ] } },
{ "type": "Feature", "properties": { "NAME": "переулок Переправный" }, "geometry": { "type": "Point", "coordinates": [ 38.982581, 45.0136929 ] } },
{ "type": "Feature", "properties": { "NAME": "улица Зиповская" }, "geometry": { "type": "Point", "coordinates": [ 39.0019933, 45.0626403 ] } },
{ "type": "Feature", "properties": { "NAME": "Стадион \"Кубань\"" }, "geometry": { "type": "Point", "coordinates": [ 39.0040709, 45.0258876 ] } },
{ "type": "Feature", "properties": { "NAME": "Поликлиника водников" }, "geometry": { "type": "Point", "coordinates": [ 39.080315, 45.0092917 ] } },
{ "type": "Feature", "properties": { "NAME": "Кафе \"Русь\"" }, "geometry": { "type": "Point", "coordinates": [ 39.0779727, 45.0060682 ] } },
{ "type": "Feature", "properties": { "NAME": "улица Трудовой Славы" }, "geometry": { "type": "Point", "coordinates": [ 39.0722183, 45.0058978 ] } },
{ "type": "Feature", "properties": { "NAME": "Гидрострой" }, "geometry": { "type": "Point", "coordinates": [ 39.0721874, 45.0090728 ] } },
{ "type": "Feature", "properties": { "NAME": "улица Игнатова" }, "geometry": { "type": "Point", "coordinates": [ 39.0722241, 45.0118155 ] } },
{ "type": "Feature", "properties": { "NAME": "улица имени Дмитрия Благоева" }, "geometry": { "type": "Point", "coordinates": [ 39.0808745, 45.012884 ] } },
{ "type": "Feature", "properties": { "NAME": "улица Стасова (улица Селезнева)" }, "geometry": { "type": "Point", "coordinates": [ 39.0426976, 45.0234834 ] } },
{ "type": "Feature", "properties": { "NAME": "переулок Лунный" }, "geometry": { "type": "Point", "coordinates": [ 38.9894748, 45.01626 ] } },
{ "type": "Feature", "properties": { "NAME": "улица Вишняковой" }, "geometry": { "type": "Point", "coordinates": [ 38.9990064, 45.0199886 ] } },
{ "type": "Feature", "properties": { "NAME": "улица Павлова" }, "geometry": { "type": "Point", "coordinates": [ 39.0048003, 45.0201494 ] } },
{ "type": "Feature", "properties": { "NAME": "Аврора" }, "geometry": { "type": "Point", "coordinates": [ 38.9819397, 45.0594293 ] } },
{ "type": "Feature", "properties": { "NAME": "улица им. Гаврилова" }, "geometry": { "type": "Point", "coordinates": [ 38.9799561, 45.0531846 ] } },
{ "type": "Feature", "properties": { "NAME": "улица Гаврилова" }, "geometry": { "type": "Point", "coordinates": [ 38.9822189, 45.0547181 ] } },
{ "type": "Feature", "properties": { "NAME": "улица Одесская" }, "geometry": { "type": "Point", "coordinates": [ 38.9790828, 45.050428 ] } },
{ "type": "Feature", "properties": { "NAME": "Одесская улица" }, "geometry": { "type": "Point", "coordinates": [ 38.9805834, 45.05106 ] } },
{ "type": "Feature", "properties": { "NAME": "Дом Союзов" }, "geometry": { "type": "Point", "coordinates": [ 38.9774265, 45.0454739 ] } },
{ "type": "Feature", "properties": { "NAME": "Дом Союзов" }, "geometry": { "type": "Point", "coordinates": [ 38.9786798, 45.0464402 ] } },
{ "type": "Feature", "properties": { "NAME": "ТРК \"Галерея\"" }, "geometry": { "type": "Point", "coordinates": [ 38.9745876, 45.0405674 ] } },
{ "type": "Feature", "properties": { "NAME": "улица Аэродромная" }, "geometry": { "type": "Point", "coordinates": [ 38.968855, 45.0413043 ] } },
{ "type": "Feature", "properties": { "NAME": "Гагарина/Тургенева" }, "geometry": { "type": "Point", "coordinates": [ 38.9593651, 45.0521771 ] } },
{ "type": "Feature", "properties": { "NAME": "Гагарина/Тургенева" }, "geometry": { "type": "Point", "coordinates": [ 38.9598472, 45.0530412 ] } },
{ "type": "Feature", "properties": { "NAME": "Монтажников/Олимпийская" }, "geometry": { "type": "Point", "coordinates": [ 38.9613466, 45.0576034 ] } },
{ "type": "Feature", "properties": { "NAME": "Универмаг \"Фестивальный\"" }, "geometry": { "type": "Point", "coordinates": [ 38.9599195, 45.0592332 ] } },
{ "type": "Feature", "properties": { "NAME": "Универмаг \"Фестивальный\"" }, "geometry": { "type": "Point", "coordinates": [ 38.9584416, 45.059061 ] } },
{ "type": "Feature", "properties": { "NAME": "Гастроном" }, "geometry": { "type": "Point", "coordinates": [ 38.9511661, 45.0593944 ] } },
{ "type": "Feature", "properties": { "NAME": "МУП КТТУ" }, "geometry": { "type": "Point", "coordinates": [ 38.9830897, 45.018785 ] } },
{ "type": "Feature", "properties": { "NAME": "МУП КТТУ" }, "geometry": { "type": "Point", "coordinates": [ 38.9827055, 45.0188698 ] } },
{ "type": "Feature", "properties": { "NAME": "улица Будённого" }, "geometry": { "type": "Point", "coordinates": [ 38.9700181, 45.0359702 ] } },
{ "type": "Feature", "properties": { "NAME": "улица Горького" }, "geometry": { "type": "Point", "coordinates": [ 38.9686132, 45.0321666 ] } },
{ "type": "Feature", "properties": { "NAME": "улица Горького" }, "geometry": { "type": "Point", "coordinates": [ 38.9683099, 45.0317383 ] } },
{ "type": "Feature", "properties": { "NAME": "улица Гоголя" }, "geometry": { "type": "Point", "coordinates": [ 38.9672715, 45.028288 ] } },
{ "type": "Feature", "properties": { "NAME": "улица Гоголя" }, "geometry": { "type": "Point", "coordinates": [ 38.966668, 45.0269779 ] } },
{ "type": "Feature", "properties": { "NAME": "улица Ленина" }, "geometry": { "type": "Point", "coordinates": [ 38.9663129, 45.0253456 ] } },
{ "type": "Feature", "properties": { "NAME": "улица Ленина" }, "geometry": { "type": "Point", "coordinates": [ 38.9655914, 45.0237928 ] } },
{ "type": "Feature", "properties": { "NAME": "улица Тульская" }, "geometry": { "type": "Point", "coordinates": [ 38.9296155, 45.037773 ] } },
{ "type": "Feature", "properties": { "NAME": "улица Лузана" }, "geometry": { "type": "Point", "coordinates": [ 38.9805568, 45.0689111 ] } },
{ "type": "Feature", "properties": { "NAME": "улица Стахановская" }, "geometry": { "type": "Point", "coordinates": [ 38.9730898, 45.0708148 ] } },
{ "type": "Feature", "properties": { "NAME": "Дзержинского" }, "geometry": { "type": "Point", "coordinates": [ 38.9724601, 45.0700827 ] } },
{ "type": "Feature", "properties": { "NAME": "Стахановская" }, "geometry": { "type": "Point", "coordinates": [ 38.9724036, 45.0717439 ] } },
{ "type": "Feature", "properties": { "NAME": "Новаторов" }, "geometry": { "type": "Point", "coordinates": [ 38.9679264, 45.0698409 ] } },
{ "type": "Feature", "properties": { "NAME": "Новаторов" }, "geometry": { "type": "Point", "coordinates": [ 38.9683504, 45.0696676 ] } },
{ "type": "Feature", "properties": { "NAME": "Нефтемашремонт" }, "geometry": { "type": "Point", "coordinates": [ 38.9830466, 45.0647741 ] } },
{ "type": "Feature", "properties": { "NAME": "Станция Юннатов" }, "geometry": { "type": "Point", "coordinates": [ 38.9907117, 45.0543866 ] } },
{ "type": "Feature", "properties": { "NAME": "Больница скорой помощи" }, "geometry": { "type": "Point", "coordinates": [ 38.9975963, 45.0547369 ] } },
{ "type": "Feature", "properties": { "NAME": "Больница скорой помощи" }, "geometry": { "type": "Point", "coordinates": [ 38.9982744, 45.0549782 ] } },
{ "type": "Feature", "properties": { "NAME": "Депо №1" }, "geometry": { "type": "Point", "coordinates": [ 38.9726968, 45.0682941 ] } },
{ "type": "Feature", "properties": { "NAME": "Депо №1" }, "geometry": { "type": "Point", "coordinates": [ 38.9726498, 45.067379 ] } },
{ "type": "Feature", "properties": { "NAME": "улица Дальняя" }, "geometry": { "type": "Point", "coordinates": [ 38.9758861, 45.0633293 ] } },
{ "type": "Feature", "properties": { "NAME": "улица Офицерская" }, "geometry": { "type": "Point", "coordinates": [ 38.9779107, 45.0590972 ] } },
{ "type": "Feature", "properties": { "NAME": "Морская" }, "geometry": { "type": "Point", "coordinates": [ 38.979319, 45.0561372 ] } },
{ "type": "Feature", "properties": { "NAME": "Цирк" }, "geometry": { "type": "Point", "coordinates": [ 38.9730284, 45.0393867 ] } },
{ "type": "Feature", "properties": { "NAME": "ТРЦ \"Галерея\"" }, "geometry": { "type": "Point", "coordinates": [ 38.9723516, 45.0404583 ] } },
{ "type": "Feature", "properties": { "NAME": "ЦКР" }, "geometry": { "type": "Point", "coordinates": [ 38.9706072, 45.0387903 ] } },
{ "type": "Feature", "properties": { "NAME": "улица Аэродромная" }, "geometry": { "type": "Point", "coordinates": [ 38.9661028, 45.0414363 ] } },
{ "type": "Feature", "properties": { "NAME": "улица Севастопольская" }, "geometry": { "type": "Point", "coordinates": [ 38.9625017, 45.0420668 ] } },
{ "type": "Feature", "properties": { "NAME": "улица Тургенева" }, "geometry": { "type": "Point", "coordinates": [ 38.9578809, 45.0428132 ] } },
{ "type": "Feature", "properties": { "NAME": "ЦКР" }, "geometry": { "type": "Point", "coordinates": [ 38.9706096, 45.0381838 ] } },
{ "type": "Feature", "properties": { "NAME": "ЦКР" }, "geometry": { "type": "Point", "coordinates": [ 38.9717213, 45.0377692 ] } },
{ "type": "Feature", "properties": { "NAME": "улица Будённого" }, "geometry": { "type": "Point", "coordinates": [ 38.9699303, 45.036733 ] } },
{ "type": "Feature", "properties": { "NAME": "улица Рашпилевская" }, "geometry": { "type": "Point", "coordinates": [ 38.9657674, 45.0214577 ] } },
{ "type": "Feature", "properties": { "NAME": "улица Рашпилевская" }, "geometry": { "type": "Point", "coordinates": [ 38.9664056, 45.0212043 ] } },
{ "type": "Feature", "properties": { "NAME": "улица Мира" }, "geometry": { "type": "Point", "coordinates": [ 38.9647606, 45.0207643 ] } },
{ "type": "Feature", "properties": { "NAME": "улица Постовая" }, "geometry": { "type": "Point", "coordinates": [ 38.9629009, 45.0151254 ] } },
{ "type": "Feature", "properties": { "NAME": "улица Постовая" }, "geometry": { "type": "Point", "coordinates": [ 38.9629451, 45.0159398 ] } },
{ "type": "Feature", "properties": { "NAME": "Медуниверситет" }, "geometry": { "type": "Point", "coordinates": [ 38.9738654, 45.0147552 ] } },
{ "type": "Feature", "properties": { "NAME": "Медуниверситет" }, "geometry": { "type": "Point", "coordinates": [ 38.9743339, 45.0153308 ] } },
{ "type": "Feature", "properties": { "NAME": "улица Стасова" }, "geometry": { "type": "Point", "coordinates": [ 39.0430173, 45.0161206 ] } },
{ "type": "Feature", "properties": { "NAME": "Старокубанская улица" }, "geometry": { "type": "Point", "coordinates": [ 39.0458483, 45.0158064 ] } },
{ "type": "Feature", "properties": { "NAME": "улица Старокубанская" }, "geometry": { "type": "Point", "coordinates": [ 39.0482239, 45.0144281 ] } },
{ "type": "Feature", "properties": { "NAME": "ТЭЦ" }, "geometry": { "type": "Point", "coordinates": [ 39.0628863, 45.0137359 ] } },
{ "type": "Feature", "properties": { "NAME": "ТЭЦ" }, "geometry": { "type": "Point", "coordinates": [ 39.0629379, 45.0142634 ] } },
{ "type": "Feature", "properties": { "NAME": "Первомайская улица" }, "geometry": { "type": "Point", "coordinates": [ 39.06662, 45.0241872 ] } },
{ "type": "Feature", "properties": { "NAME": "Первомайская улица" }, "geometry": { "type": "Point", "coordinates": [ 39.0649217, 45.0241985 ] } },
{ "type": "Feature", "properties": { "NAME": "Троллейбусное депо №2" }, "geometry": { "type": "Point", "coordinates": [ 39.0554438, 45.0230654 ] } },
{ "type": "Feature", "properties": { "NAME": "улица Лизы Чайкиной" }, "geometry": { "type": "Point", "coordinates": [ 39.0614767, 45.0235919 ] } },
{ "type": "Feature", "properties": { "NAME": "улица Лизы Чайкиной" }, "geometry": { "type": "Point", "coordinates": [ 39.0595249, 45.0235438 ] } },
{ "type": "Feature", "properties": { "NAME": "улица Старокубанская" }, "geometry": { "type": "Point", "coordinates": [ 39.0477448, 45.0162591 ] } },
{ "type": "Feature", "properties": { "NAME": "улица Селезнева (Старокубанская улица)" }, "geometry": { "type": "Point", "coordinates": [ 39.0486792, 45.0181243 ] } },
{ "type": "Feature", "properties": { "NAME": "улица Ялтинская" }, "geometry": { "type": "Point", "coordinates": [ 39.0298568, 45.0266497 ] } },
{ "type": "Feature", "properties": { "NAME": "улица Уральская/Торговый дом \"Лекарства Кубани\"" }, "geometry": { "type": "Point", "coordinates": [ 39.0281817, 45.0313712 ] } },
{ "type": "Feature", "properties": { "NAME": "улица Уральская/Торговый дом \"Лекарства Кубани\"" }, "geometry": { "type": "Point", "coordinates": [ 39.0279801, 45.0302799 ] } },
{ "type": "Feature", "properties": { "NAME": "улица Филатова" }, "geometry": { "type": "Point", "coordinates": [ 39.0163135, 45.0345246 ] } },
{ "type": "Feature", "properties": { "NAME": "улица Филатова" }, "geometry": { "type": "Point", "coordinates": [ 39.0184682, 45.0342717 ] } },
{ "type": "Feature", "properties": { "NAME": "улица Ломоносова" }, "geometry": { "type": "Point", "coordinates": [ 39.0025199, 45.0358173 ] } },
{ "type": "Feature", "properties": { "NAME": "улица Ломоносова" }, "geometry": { "type": "Point", "coordinates": [ 39.001916, 45.0362469 ] } },
{ "type": "Feature", "properties": { "NAME": "улица Коммунаров" }, "geometry": { "type": "Point", "coordinates": [ 38.9804999, 45.0395818 ] } },
{ "type": "Feature", "properties": { "NAME": "улица Коммунаров" }, "geometry": { "type": "Point", "coordinates": [ 38.979586, 45.0394917 ] } },
{ "type": "Feature", "properties": { "NAME": "Центральный вход парка \"Солнечный остров\"" }, "geometry": { "type": "Point", "coordinates": [ 39.0531928, 45.0125674 ] } },
{ "type": "Feature", "properties": { "NAME": "Яна-Полуяна" }, "geometry": { "type": "Point", "coordinates": [ 38.9616482, 45.0646215 ] } },
{ "type": "Feature", "properties": { "NAME": "Гагарина/Тургенева" }, "geometry": { "type": "Point", "coordinates": [ 38.9585698, 45.0528916 ] } },
{ "type": "Feature", "properties": { "NAME": "Железнодорожный вокзал \"Краснодар-1\"" }, "geometry": { "type": "Point", "coordinates": [ 38.9871372, 45.0184606 ] } },
{ "type": "Feature", "properties": { "NAME": "Переезд" }, "geometry": { "type": "Point", "coordinates": [ 38.9970972, 45.1289332 ] } },
{ "type": "Feature", "properties": { "NAME": "3-я Линия" }, "geometry": { "type": "Point", "coordinates": [ 38.9320171, 45.0554646 ] } },
{ "type": "Feature", "properties": { "NAME": "улица 3-я Линия" }, "geometry": { "type": "Point", "coordinates": [ 38.9307844, 45.0564697 ] } },
{ "type": "Feature", "properties": { "NAME": "Детская инфекционная больница" }, "geometry": { "type": "Point", "coordinates": [ 38.9265541, 45.0585296 ] } },
{ "type": "Feature", "properties": { "NAME": "Микрохирургия глаза" }, "geometry": { "type": "Point", "coordinates": [ 38.9217203, 45.0612162 ] } },
{ "type": "Feature", "properties": { "NAME": "Медицинский центр" }, "geometry": { "type": "Point", "coordinates": [ 38.9249471, 45.0595366 ] } },
{ "type": "Feature", "properties": { "NAME": "Медицинский центр" }, "geometry": { "type": "Point", "coordinates": [ 38.9247828, 45.0598982 ] } },
{ "type": "Feature", "properties": { "NAME": "Школа №45" }, "geometry": { "type": "Point", "coordinates": [ 38.9325991, 45.0515806 ] } },
{ "type": "Feature", "properties": { "NAME": "Школа №45" }, "geometry": { "type": "Point", "coordinates": [ 38.9321728, 45.051075 ] } },
{ "type": "Feature", "properties": { "NAME": "улица Академика Трубилина" }, "geometry": { "type": "Point", "coordinates": [ 38.9315663, 45.0472434 ] } },
{ "type": "Feature", "properties": { "NAME": "улица Академика Трубилина" }, "geometry": { "type": "Point", "coordinates": [ 38.9316017, 45.04705 ] } },
{ "type": "Feature", "properties": { "NAME": "улица им. Каляева" }, "geometry": { "type": "Point", "coordinates": [ 38.9371685, 45.0463544 ] } },
{ "type": "Feature", "properties": { "NAME": "улица им. Каляева" }, "geometry": { "type": "Point", "coordinates": [ 38.9378585, 45.0461167 ] } },
{ "type": "Feature", "properties": { "NAME": "Московская" }, "geometry": { "type": "Point", "coordinates": [ 39.0026749, 45.0558091 ] } },
{ "type": "Feature", "properties": { "NAME": "Чистяковская Роща" }, "geometry": { "type": "Point", "coordinates": [ 38.9893228, 45.0580758 ] } },
{ "type": "Feature", "properties": { "NAME": "Московская улица" }, "geometry": { "type": "Point", "coordinates": [ 39.0036242, 45.0549819 ] } },
{ "type": "Feature", "properties": { "NAME": "Индустриальная улица" }, "geometry": { "type": "Point", "coordinates": [ 38.9626686, 45.0000229 ] } },
{ "type": "Feature", "properties": { "NAME": "Монтажников/Олимпийская" }, "geometry": { "type": "Point", "coordinates": [ 38.9607557, 45.0569907 ] } },
{ "type": "Feature", "properties": { "NAME": "Герцена/Гагарина" }, "geometry": { "type": "Point", "coordinates": [ 38.945198, 45.0559316 ] } },
{ "type": "Feature", "properties": { "NAME": "улица Атарбекова" }, "geometry": { "type": "Point", "coordinates": [ 38.9460419, 45.0586115 ] } },
{ "type": "Feature", "properties": { "NAME": "Герцена/Гагарина" }, "geometry": { "type": "Point", "coordinates": [ 38.9453803, 45.0548764 ] } },
{ "type": "Feature", "properties": { "NAME": "Энгельса" }, "geometry": { "type": "Point", "coordinates": [ 38.9495752, 45.0541967 ] } },
{ "type": "Feature", "properties": { "NAME": "Калинина" }, "geometry": { "type": "Point", "coordinates": [ 38.9559238, 45.0404914 ] } },
{ "type": "Feature", "properties": { "NAME": "Калинина" }, "geometry": { "type": "Point", "coordinates": [ 38.955674, 45.0405322 ] } },
{ "type": "Feature", "properties": { "NAME": "Школа №46" }, "geometry": { "type": "Point", "coordinates": [ 39.0736281, 45.0025758 ] } },
{ "type": "Feature", "properties": { "NAME": "Детский сад" }, "geometry": { "type": "Point", "coordinates": [ 39.0765788, 45.0028325 ] } },
{ "type": "Feature", "properties": { "NAME": "улица Минская" }, "geometry": { "type": "Point", "coordinates": [ 38.934204, 45.0396458 ] } },
{ "type": "Feature", "properties": { "NAME": "Проспект Чекистов" }, "geometry": { "type": "Point", "coordinates": [ 38.9166126, 45.0326869 ] } },
{ "type": "Feature", "properties": { "NAME": "Бальнеолечебница" }, "geometry": { "type": "Point", "coordinates": [ 38.9455317, 45.0589408 ] } },
{ "type": "Feature", "properties": { "NAME": "Библиотека им. Толстого" }, "geometry": { "type": "Point", "coordinates": [ 38.9628176, 45.0650518 ] } },
{ "type": "Feature", "properties": { "NAME": "улица Северная" }, "geometry": { "type": "Point", "coordinates": [ 38.956398, 45.0428813 ] } },
{ "type": "Feature", "properties": { "NAME": "Рынок (Сормовская улица)" }, "geometry": { "type": "Point", "coordinates": [ 39.0950828, 45.0326337 ] } },
{ "type": "Feature", "properties": { "NAME": "Аэропорт" }, "geometry": { "type": "Point", "coordinates": [ 39.1386555, 45.0343417 ] } },
{ "type": "Feature", "properties": { "NAME": "Аэропорт" }, "geometry": { "type": "Point", "coordinates": [ 39.1379981, 45.0345459 ] } },
{ "type": "Feature", "properties": { "NAME": "Санэпидемстанция" }, "geometry": { "type": "Point", "coordinates": [ 38.9646084, 45.066526 ] } },
{ "type": "Feature", "properties": { "NAME": "Санэпидемстанция" }, "geometry": { "type": "Point", "coordinates": [ 38.9649152, 45.0673965 ] } },
{ "type": "Feature", "properties": { "NAME": "улица Севастопольская" }, "geometry": { "type": "Point", "coordinates": [ 38.9615299, 45.0425686 ] } },
{ "type": "Feature", "properties": { "NAME": "улица Юннатов" }, "geometry": { "type": "Point", "coordinates": [ 38.9939891, 45.054767 ] } },
{ "type": "Feature", "properties": { "NAME": "Московская улица" }, "geometry": { "type": "Point", "coordinates": [ 39.0011055, 45.055149 ] } },
{ "type": "Feature", "properties": { "NAME": "Ростовская" }, "geometry": { "type": "Point", "coordinates": [ 39.0059759, 45.0550896 ] } },
{ "type": "Feature", "properties": { "NAME": "Университет культуры" }, "geometry": { "type": "Point", "coordinates": [ 39.0095045, 45.0555945 ] } },
{ "type": "Feature", "properties": { "NAME": "Российская улица (ул. 40 лет Победы)" }, "geometry": { "type": "Point", "coordinates": [ 39.0158634, 45.0558498 ] } },
{ "type": "Feature", "properties": { "NAME": "40 лет Победы" }, "geometry": { "type": "Point", "coordinates": [ 39.0207012, 45.0555369 ] } },
{ "type": "Feature", "properties": { "NAME": "1 Мая улица" }, "geometry": { "type": "Point", "coordinates": [ 39.0225095, 45.0556472 ] } },
{ "type": "Feature", "properties": { "NAME": "Черкасская" }, "geometry": { "type": "Point", "coordinates": [ 39.0226201, 45.0654721 ] } },
{ "type": "Feature", "properties": { "NAME": "Восточно-Кругликовская (ул. Черкасская)" }, "geometry": { "type": "Point", "coordinates": [ 39.0245536, 45.0653957 ] } },
{ "type": "Feature", "properties": { "NAME": "ВНИИМК" }, "geometry": { "type": "Point", "coordinates": [ 39.0138973, 45.0344268 ] } },
{ "type": "Feature", "properties": { "NAME": "улица Суворова" }, "geometry": { "type": "Point", "coordinates": [ 38.979109, 45.0192804 ] } },
{ "type": "Feature", "properties": { "NAME": null }, "geometry": { "type": "Point", "coordinates": [ 38.9982281, 45.1373937 ] } },
{ "type": "Feature", "properties": { "NAME": "9 Тихая" }, "geometry": { "type": "Point", "coordinates": [ 38.9988271, 45.1363932 ] } },
{ "type": "Feature", "properties": { "NAME": null }, "geometry": { "type": "Point", "coordinates": [ 38.985989, 45.0543295 ] } },
{ "type": "Feature", "properties": { "NAME": "Школа" }, "geometry": { "type": "Point", "coordinates": [ 38.9605841, 45.0133322 ] } },
{ "type": "Feature", "properties": { "NAME": "Автовокзал \"Южный\"" }, "geometry": { "type": "Point", "coordinates": [ 38.9597799, 44.9976505 ] } },
{ "type": "Feature", "properties": { "NAME": "Горгаз" }, "geometry": { "type": "Point", "coordinates": [ 38.9602677, 45.0102711 ] } },
{ "type": "Feature", "properties": { "NAME": "Горгаз" }, "geometry": { "type": "Point", "coordinates": [ 38.9599432, 45.0107127 ] } },
{ "type": "Feature", "properties": { "NAME": "Парк 30-летия Победы" }, "geometry": { "type": "Point", "coordinates": [ 38.9580284, 45.0134494 ] } },
{ "type": "Feature", "properties": { "NAME": "Школа" }, "geometry": { "type": "Point", "coordinates": [ 38.960625, 45.0135122 ] } },
{ "type": "Feature", "properties": { "NAME": "Промышленная" }, "geometry": { "type": "Point", "coordinates": [ 38.9941446, 45.0393631 ] } },
{ "type": "Feature", "properties": { "NAME": "Екатерининский зал" }, "geometry": { "type": "Point", "coordinates": [ 38.9880484, 45.0593878 ] } },
{ "type": "Feature", "properties": { "NAME": "Екатерининский зал" }, "geometry": { "type": "Point", "coordinates": [ 38.9888203, 45.0596398 ] } },
{ "type": "Feature", "properties": { "NAME": "ДК ЗИП" }, "geometry": { "type": "Point", "coordinates": [ 38.9860115, 45.0605853 ] } },
{ "type": "Feature", "properties": { "NAME": "улица Краевая" }, "geometry": { "type": "Point", "coordinates": [ 39.0742195, 45.0126567 ] } },
{ "type": "Feature", "properties": { "NAME": "поселок Кирпичного завода" }, "geometry": { "type": "Point", "coordinates": [ 38.8543459, 45.0542375 ] } },
{ "type": "Feature", "properties": { "NAME": "1-е отделение учхоз \"Кубань\"" }, "geometry": { "type": "Point", "coordinates": [ 38.8843623, 45.0566638 ] } },
{ "type": "Feature", "properties": { "NAME": "2-е отделения совхоза «Солнечный»" }, "geometry": { "type": "Point", "coordinates": [ 38.902882, 45.0880631 ] } },
{ "type": "Feature", "properties": { "NAME": "2-е отделения совхоза «Солнечный»" }, "geometry": { "type": "Point", "coordinates": [ 38.9044631, 45.089208 ] } },
{ "type": "Feature", "properties": { "NAME": "Западный обход" }, "geometry": { "type": "Point", "coordinates": [ 38.9230155, 45.1109513 ] } },
{ "type": "Feature", "properties": { "NAME": "Западный обход" }, "geometry": { "type": "Point", "coordinates": [ 38.9236346, 45.111145 ] } },
{ "type": "Feature", "properties": { "NAME": null }, "geometry": { "type": "Point", "coordinates": [ 38.9851634, 45.1132736 ] } },
{ "type": "Feature", "properties": { "NAME": "Школа искусств" }, "geometry": { "type": "Point", "coordinates": [ 38.9176708, 45.039078 ] } },
{ "type": "Feature", "properties": { "NAME": "Школа №60" }, "geometry": { "type": "Point", "coordinates": [ 39.1130613, 45.0242944 ] } },
{ "type": "Feature", "properties": { "NAME": "Школа №60" }, "geometry": { "type": "Point", "coordinates": [ 39.1127908, 45.0243493 ] } },
{ "type": "Feature", "properties": { "NAME": "улица 1 Мая" }, "geometry": { "type": "Point", "coordinates": [ 39.1215743, 45.0287143 ] } },
{ "type": "Feature", "properties": { "NAME": "улица 1 Мая" }, "geometry": { "type": "Point", "coordinates": [ 39.1238659, 45.0292483 ] } },
{ "type": "Feature", "properties": { "NAME": "8 марта" }, "geometry": { "type": "Point", "coordinates": [ 39.1182599, 45.0268542 ] } },
{ "type": "Feature", "properties": { "NAME": "8 марта" }, "geometry": { "type": "Point", "coordinates": [ 39.1169757, 45.0264218 ] } },
{ "type": "Feature", "properties": { "NAME": "Хлебозавод" }, "geometry": { "type": "Point", "coordinates": [ 39.0955402, 45.0165408 ] } },
{ "type": "Feature", "properties": { "NAME": "улица Гоголя" }, "geometry": { "type": "Point", "coordinates": [ 39.0997271, 45.0181945 ] } },
{ "type": "Feature", "properties": { "NAME": "Демченко" }, "geometry": { "type": "Point", "coordinates": [ 39.1042111, 45.0197857 ] } },
{ "type": "Feature", "properties": { "NAME": "Демченко" }, "geometry": { "type": "Point", "coordinates": [ 39.1031452, 45.0194482 ] } },
{ "type": "Feature", "properties": { "NAME": "Криничная" }, "geometry": { "type": "Point", "coordinates": [ 39.108268, 45.0216306 ] } },
{ "type": "Feature", "properties": { "NAME": "Криничная" }, "geometry": { "type": "Point", "coordinates": [ 39.1079628, 45.0216346 ] } },
{ "type": "Feature", "properties": { "NAME": "улица Дзержинского" }, "geometry": { "type": "Point", "coordinates": [ 38.9755811, 45.0689596 ] } },
{ "type": "Feature", "properties": { "NAME": "Тургеневский мост" }, "geometry": { "type": "Point", "coordinates": [ 38.9517032, 45.0372006 ] } },
{ "type": "Feature", "properties": { "NAME": "Брюсова" }, "geometry": { "type": "Point", "coordinates": [ 38.9469751, 45.038578 ] } },
{ "type": "Feature", "properties": { "NAME": "ВНИИ Биологической защиты растений" }, "geometry": { "type": "Point", "coordinates": [ 38.8753201, 45.0567805 ] } },
{ "type": "Feature", "properties": { "NAME": "ССК «Сокол»" }, "geometry": { "type": "Point", "coordinates": [ 38.9160404, 45.1025561 ] } },
{ "type": "Feature", "properties": { "NAME": "Дачи" }, "geometry": { "type": "Point", "coordinates": [ 38.9174225, 45.1042215 ] } },
{ "type": "Feature", "properties": { "NAME": "Продукты" }, "geometry": { "type": "Point", "coordinates": [ 38.9340063, 45.1094024 ] } },
{ "type": "Feature", "properties": { "NAME": null }, "geometry": { "type": "Point", "coordinates": [ 38.9290109, 45.1111041 ] } },
{ "type": "Feature", "properties": { "NAME": null }, "geometry": { "type": "Point", "coordinates": [ 38.9421716, 45.1017652 ] } },
{ "type": "Feature", "properties": { "NAME": "ККБ" }, "geometry": { "type": "Point", "coordinates": [ 39.021986, 45.0631085 ] } },
{ "type": "Feature", "properties": { "NAME": "Пригородная улица" }, "geometry": { "type": "Point", "coordinates": [ 39.0000035, 45.1209094 ] } },
{ "type": "Feature", "properties": { "NAME": "Пригородная улица" }, "geometry": { "type": "Point", "coordinates": [ 38.9999401, 45.1203762 ] } },
{ "type": "Feature", "properties": { "NAME": "Большевистская улица" }, "geometry": { "type": "Point", "coordinates": [ 39.0069187, 45.1249154 ] } },
{ "type": "Feature", "properties": { "NAME": "Большевистская улица" }, "geometry": { "type": "Point", "coordinates": [ 39.006216, 45.1242658 ] } },
{ "type": "Feature", "properties": { "NAME": "Геологическая улица" }, "geometry": { "type": "Point", "coordinates": [ 38.996432, 45.1150153 ] } },
{ "type": "Feature", "properties": { "NAME": "Центральная улица" }, "geometry": { "type": "Point", "coordinates": [ 38.9936138, 45.0723945 ] } },
{ "type": "Feature", "properties": { "NAME": "Компрессорный завод" }, "geometry": { "type": "Point", "coordinates": [ 38.9871688, 45.0748343 ] } },
{ "type": "Feature", "properties": { "NAME": "Солнечная" }, "geometry": { "type": "Point", "coordinates": [ 38.9865519, 45.0718537 ] } },
{ "type": "Feature", "properties": { "NAME": "Бауцентр" }, "geometry": { "type": "Point", "coordinates": [ 38.9921909, 45.0953331 ] } },
{ "type": "Feature", "properties": { "NAME": "Ягодина" }, "geometry": { "type": "Point", "coordinates": [ 38.9950872, 45.1083928 ] } },
{ "type": "Feature", "properties": { "NAME": "Метро" }, "geometry": { "type": "Point", "coordinates": [ 38.9917318, 45.0960085 ] } },
{ "type": "Feature", "properties": { "NAME": "Ягодина" }, "geometry": { "type": "Point", "coordinates": [ 38.9941267, 45.1072329 ] } },
{ "type": "Feature", "properties": { "NAME": "улица Гоголя" }, "geometry": { "type": "Point", "coordinates": [ 39.0990695, 45.0176391 ] } },
{ "type": "Feature", "properties": { "NAME": "улица Свободы" }, "geometry": { "type": "Point", "coordinates": [ 38.9825931, 45.0677749 ] } },
{ "type": "Feature", "properties": { "NAME": "Поликлиника" }, "geometry": { "type": "Point", "coordinates": [ 38.9554537, 45.0593203 ] } },
{ "type": "Feature", "properties": { "NAME": "Геологическая улица" }, "geometry": { "type": "Point", "coordinates": [ 38.9963249, 45.115815 ] } },
{ "type": "Feature", "properties": { "NAME": "улица Тургенева" }, "geometry": { "type": "Point", "coordinates": [ 38.9584387, 45.042997 ] } },
{ "type": "Feature", "properties": { "NAME": "улица Северная (кинотеатр Северный)" }, "geometry": { "type": "Point", "coordinates": [ 38.9568779, 45.0436285 ] } },
{ "type": "Feature", "properties": { "NAME": "Чекистов" }, "geometry": { "type": "Point", "coordinates": [ 38.9172467, 45.0323006 ] } },
{ "type": "Feature", "properties": { "NAME": "Думенко" }, "geometry": { "type": "Point", "coordinates": [ 38.911941, 45.0380451 ] } },
{ "type": "Feature", "properties": { "NAME": "Западное депо" }, "geometry": { "type": "Point", "coordinates": [ 38.9233138, 45.0677739 ] } },
{ "type": "Feature", "properties": { "NAME": "улица Гоголя" }, "geometry": { "type": "Point", "coordinates": [ 38.9595754, 45.0294148 ] } },
{ "type": "Feature", "properties": { "NAME": "улица Стасова" }, "geometry": { "type": "Point", "coordinates": [ 39.0411211, 45.0168858 ] } },
{ "type": "Feature", "properties": { "NAME": "Думенко" }, "geometry": { "type": "Point", "coordinates": [ 38.9200233, 45.0338927 ] } },
{ "type": "Feature", "properties": { "NAME": "Думенко" }, "geometry": { "type": "Point", "coordinates": [ 38.9206066, 45.0336796 ] } },
{ "type": "Feature", "properties": { "NAME": "Чекистов" }, "geometry": { "type": "Point", "coordinates": [ 38.9171976, 45.0327792 ] } },
{ "type": "Feature", "properties": { "NAME": null }, "geometry": { "type": "Point", "coordinates": [ 38.9397205, 45.105676 ] } },
{ "type": "Feature", "properties": { "NAME": "Магазин" }, "geometry": { "type": "Point", "coordinates": [ 39.0805085, 45.0064028 ] } },
{ "type": "Feature", "properties": { "NAME": "Уральская улица" }, "geometry": { "type": "Point", "coordinates": [ 39.0967729, 45.0385181 ] } },
{ "type": "Feature", "properties": { "NAME": "9 Тихая" }, "geometry": { "type": "Point", "coordinates": [ 38.9983136, 45.1364706 ] } },
{ "type": "Feature", "properties": { "NAME": "Техносклад" }, "geometry": { "type": "Point", "coordinates": [ 38.990211, 45.0861176 ] } },
{ "type": "Feature", "properties": { "NAME": "Техносклад" }, "geometry": { "type": "Point", "coordinates": [ 38.9893043, 45.0841297 ] } },
{ "type": "Feature", "properties": { "NAME": "улица Ялтинская" }, "geometry": { "type": "Point", "coordinates": [ 39.0313179, 45.0266554 ] } },
{ "type": "Feature", "properties": { "NAME": "Поликлиника" }, "geometry": { "type": "Point", "coordinates": [ 39.0345795, 45.0256898 ] } },
{ "type": "Feature", "properties": { "NAME": "Поликлиника" }, "geometry": { "type": "Point", "coordinates": [ 39.0348611, 45.025758 ] } },
{ "type": "Feature", "properties": { "NAME": "улица Волжская" }, "geometry": { "type": "Point", "coordinates": [ 39.0397775, 45.0241054 ] } },
{ "type": "Feature", "properties": { "NAME": "улица Волжская" }, "geometry": { "type": "Point", "coordinates": [ 39.0398141, 45.0243089 ] } },
{ "type": "Feature", "properties": { "NAME": "улица Корницкого" }, "geometry": { "type": "Point", "coordinates": [ 38.9987911, 45.0365089 ] } },
{ "type": "Feature", "properties": { "NAME": "улица Березанская" }, "geometry": { "type": "Point", "coordinates": [ 38.9979738, 45.0368298 ] } },
{ "type": "Feature", "properties": { "NAME": "Торговый центр \"Юбилейный\"" }, "geometry": { "type": "Point", "coordinates": [ 38.9127836, 45.0305591 ] } },
{ "type": "Feature", "properties": { "NAME": "Микрорайон Солнечный" }, "geometry": { "type": "Point", "coordinates": [ 38.9530717, 45.0637826 ] } },
{ "type": "Feature", "properties": { "NAME": "Микрорайон Солнечный" }, "geometry": { "type": "Point", "coordinates": [ 38.953505, 45.0638705 ] } },
{ "type": "Feature", "properties": { "NAME": "Гоголя" }, "geometry": { "type": "Point", "coordinates": [ 38.966598, 45.0275716 ] } },
{ "type": "Feature", "properties": { "NAME": "Гоголя" }, "geometry": { "type": "Point", "coordinates": [ 38.9593359, 45.0281925 ] } },
{ "type": "Feature", "properties": { "NAME": "Рождественский храм" }, "geometry": { "type": "Point", "coordinates": [ 38.9048485, 45.0257512 ] } },
{ "type": "Feature", "properties": { "NAME": "Почта" }, "geometry": { "type": "Point", "coordinates": [ 38.9083339, 45.0287824 ] } },
{ "type": "Feature", "properties": { "NAME": "Рождественский храм" }, "geometry": { "type": "Point", "coordinates": [ 38.9060842, 45.0265644 ] } },
{ "type": "Feature", "properties": { "NAME": "Скорняжная" }, "geometry": { "type": "Point", "coordinates": [ 38.94862, 45.039491 ] } },
{ "type": "Feature", "properties": { "NAME": "Ленина" }, "geometry": { "type": "Point", "coordinates": [ 38.9595349, 45.0252858 ] } },
{ "type": "Feature", "properties": { "NAME": "улица Советская" }, "geometry": { "type": "Point", "coordinates": [ 38.9723089, 45.0172677 ] } },
{ "type": "Feature", "properties": { "NAME": "Исправительная колония" }, "geometry": { "type": "Point", "coordinates": [ 38.8621996, 45.0559431 ] } },
{ "type": "Feature", "properties": { "NAME": null }, "geometry": { "type": "Point", "coordinates": [ 38.9685724, 45.0380531 ] } },
{ "type": "Feature", "properties": { "NAME": "улица Свободная" }, "geometry": { "type": "Point", "coordinates": [ 39.0325861, 45.0086351 ] } },
{ "type": "Feature", "properties": { "NAME": "улица Димитрова" }, "geometry": { "type": "Point", "coordinates": [ 39.0219876, 45.0021888 ] } },
{ "type": "Feature", "properties": { "NAME": "улица Хакурате" }, "geometry": { "type": "Point", "coordinates": [ 38.9769168, 45.0412744 ] } },
{ "type": "Feature", "properties": { "NAME": "улица Хакурате" }, "geometry": { "type": "Point", "coordinates": [ 38.9759855, 45.0414321 ] } },
{ "type": "Feature", "properties": { "NAME": "Дачи" }, "geometry": { "type": "Point", "coordinates": [ 38.8326823, 45.0510986 ] } },
{ "type": "Feature", "properties": { "NAME": "по Требованию" }, "geometry": { "type": "Point", "coordinates": [ 38.8373823, 45.051699 ] } },
{ "type": "Feature", "properties": { "NAME": "Исправительная колония" }, "geometry": { "type": "Point", "coordinates": [ 38.8623625, 45.0555831 ] } },
{ "type": "Feature", "properties": { "NAME": "Фитопатология;ВНИИ Биологической защиты растений" }, "geometry": { "type": "Point", "coordinates": [ 38.8765332, 45.0565396 ] } },
{ "type": "Feature", "properties": { "NAME": "Октябрьская улица (улица Будённого)" }, "geometry": { "type": "Point", "coordinates": [ 38.9694281, 45.0366061 ] } },
{ "type": "Feature", "properties": { "NAME": null }, "geometry": { "type": "Point", "coordinates": [ 38.9559962, 45.0399045 ] } },
{ "type": "Feature", "properties": { "NAME": "улица Суворова" }, "geometry": { "type": "Point", "coordinates": [ 38.979931, 45.0189752 ] } },
{ "type": "Feature", "properties": { "NAME": "улица Мира/улица Коммунаров" }, "geometry": { "type": "Point", "coordinates": [ 38.9736347, 45.0201696 ] } },
{ "type": "Feature", "properties": { "NAME": "улица Мира/улица Коммунаров" }, "geometry": { "type": "Point", "coordinates": [ 38.973062, 45.0200872 ] } },
{ "type": "Feature", "properties": { "NAME": "жилой комплекс «Спортивная деревня»" }, "geometry": { "type": "Point", "coordinates": [ 38.9096181, 45.0948883 ] } },
{ "type": "Feature", "properties": { "NAME": "Стадион «Кубань»" }, "geometry": { "type": "Point", "coordinates": [ 38.9931939, 45.0237568 ] } },
{ "type": "Feature", "properties": { "NAME": "Авиагородок" }, "geometry": { "type": "Point", "coordinates": [ 38.9731267, 45.0741278 ] } },
{ "type": "Feature", "properties": { "NAME": "Авиагородок" }, "geometry": { "type": "Point", "coordinates": [ 38.9736604, 45.0749403 ] } },
{ "type": "Feature", "properties": { "NAME": "улица Азовская" }, "geometry": { "type": "Point", "coordinates": [ 38.9182652, 45.0634944 ] } },
{ "type": "Feature", "properties": { "NAME": "улица Азовская" }, "geometry": { "type": "Point", "coordinates": [ 38.9166206, 45.0641007 ] } },
{ "type": "Feature", "properties": { "NAME": "Минская улица" }, "geometry": { "type": "Point", "coordinates": [ 38.934196, 45.0396243 ] } },
{ "type": "Feature", "properties": { "NAME": "улица Кирова" }, "geometry": { "type": "Point", "coordinates": [ 38.9623575, 45.0219202 ] } },
{ "type": "Feature", "properties": { "NAME": "Почта" }, "geometry": { "type": "Point", "coordinates": [ 38.9076637, 45.0289374 ] } },
{ "type": "Feature", "properties": { "NAME": "Харьковская улица" }, "geometry": { "type": "Point", "coordinates": [ 38.925488, 45.0358881 ] } },
{ "type": "Feature", "properties": { "NAME": "Хлебозавод" }, "geometry": { "type": "Point", "coordinates": [ 38.9408541, 45.0383831 ] } },
{ "type": "Feature", "properties": { "NAME": "Хлебозавод" }, "geometry": { "type": "Point", "coordinates": [ 38.9441435, 45.0397822 ] } },
{ "type": "Feature", "properties": { "NAME": "3 Тихая" }, "geometry": { "type": "Point", "coordinates": [ 38.9980257, 45.1313825 ] } },
{ "type": "Feature", "properties": { "NAME": "3 Тихая" }, "geometry": { "type": "Point", "coordinates": [ 38.9974823, 45.131468 ] } },
{ "type": "Feature", "properties": { "NAME": "Школа №83" }, "geometry": { "type": "Point", "coordinates": [ 39.1075674, 45.0388395 ] } },
{ "type": "Feature", "properties": { "NAME": "СБС" }, "geometry": { "type": "Point", "coordinates": [ 39.050832, 45.0326774 ] } },
{ "type": "Feature", "properties": { "NAME": "Магазин" }, "geometry": { "type": "Point", "coordinates": [ 39.0310817, 45.0657966 ] } },
{ "type": "Feature", "properties": { "NAME": "Магазин" }, "geometry": { "type": "Point", "coordinates": [ 39.0297036, 45.0658993 ] } },
{ "type": "Feature", "properties": { "NAME": "Ленинский переулок" }, "geometry": { "type": "Point", "coordinates": [ 39.0129278, 45.1046686 ] } },
{ "type": "Feature", "properties": { "NAME": "Ростовское шоссе, 9 км" }, "geometry": { "type": "Point", "coordinates": [ 39.0236795, 45.1331333 ] } },
{ "type": "Feature", "properties": { "NAME": "Ростовское шоссе, 9 км" }, "geometry": { "type": "Point", "coordinates": [ 39.0236751, 45.1327678 ] } },
{ "type": "Feature", "properties": { "NAME": "Улица Благоева/ Улица Василия Мачуги" }, "geometry": { "type": "Point", "coordinates": [ 39.0791074, 45.0132234 ] } },
{ "type": "Feature", "properties": { "NAME": "Елисейская" }, "geometry": { "type": "Point", "coordinates": [ 39.0486911, 45.0691852 ] } },
{ "type": "Feature", "properties": { "NAME": "ВАИ им. Серова" }, "geometry": { "type": "Point", "coordinates": [ 38.9742475, 45.0785762 ] } },
{ "type": "Feature", "properties": { "NAME": "ВАИ им. Серова" }, "geometry": { "type": "Point", "coordinates": [ 38.9747804, 45.0797439 ] } },
{ "type": "Feature", "properties": { "NAME": "улица им. Сафонова" }, "geometry": { "type": "Point", "coordinates": [ 38.975886, 45.0858077 ] } },
{ "type": "Feature", "properties": { "NAME": "улица им. Сафонова" }, "geometry": { "type": "Point", "coordinates": [ 38.9763377, 45.0868016 ] } },
{ "type": "Feature", "properties": { "NAME": "улица им. Талалихина" }, "geometry": { "type": "Point", "coordinates": [ 38.9756497, 45.0836828 ] } },
{ "type": "Feature", "properties": { "NAME": "улица Нахимова" }, "geometry": { "type": "Point", "coordinates": [ 38.9774933, 45.0919745 ] } },
{ "type": "Feature", "properties": { "NAME": "улица Нахимова" }, "geometry": { "type": "Point", "coordinates": [ 38.9771834, 45.0919782 ] } },
{ "type": "Feature", "properties": { "NAME": "ГУ МЧС" }, "geometry": { "type": "Point", "coordinates": [ 38.9756875, 45.0194991 ] } },
{ "type": "Feature", "properties": { "NAME": "ГУ МЧС" }, "geometry": { "type": "Point", "coordinates": [ 38.9752156, 45.0187808 ] } },
{ "type": "Feature", "properties": { "NAME": "Минская" }, "geometry": { "type": "Point", "coordinates": [ 38.9348278, 45.0397098 ] } },
{ "type": "Feature", "properties": { "NAME": "улица Мира" }, "geometry": { "type": "Point", "coordinates": [ 38.9646769, 45.0211141 ] } },
{ "type": "Feature", "properties": { "NAME": "Восточное трамвайное депо" }, "geometry": { "type": "Point", "coordinates": [ 39.0234801, 45.0205231 ] } },
{ "type": "Feature", "properties": { "NAME": "Восточное трамвайное депо" }, "geometry": { "type": "Point", "coordinates": [ 39.0233858, 45.020448 ] } },
{ "type": "Feature", "properties": { "NAME": "Старокубанская улица" }, "geometry": { "type": "Point", "coordinates": [ 39.0468672, 45.0151757 ] } },
{ "type": "Feature", "properties": { "NAME": "Старокубанская улица" }, "geometry": { "type": "Point", "coordinates": [ 39.0470908, 45.0151757 ] } },
{ "type": "Feature", "properties": { "NAME": "Супермаркет" }, "geometry": { "type": "Point", "coordinates": [ 39.051562, 45.0132537 ] } },
{ "type": "Feature", "properties": { "NAME": "Супермаркет" }, "geometry": { "type": "Point", "coordinates": [ 39.0517791, 45.0133967 ] } },
{ "type": "Feature", "properties": { "NAME": "Супермаркет" }, "geometry": { "type": "Point", "coordinates": [ 39.0506187, 45.0135479 ] } },
{ "type": "Feature", "properties": { "NAME": "Университет" }, "geometry": { "type": "Point", "coordinates": [ 39.0318353, 45.0188924 ] } },
{ "type": "Feature", "properties": { "NAME": "Университет" }, "geometry": { "type": "Point", "coordinates": [ 39.0289134, 45.0193591 ] } },
{ "type": "Feature", "properties": { "NAME": "Университет" }, "geometry": { "type": "Point", "coordinates": [ 39.027623, 45.0194731 ] } },
{ "type": "Feature", "properties": { "NAME": "Университет" }, "geometry": { "type": "Point", "coordinates": [ 39.028022, 45.0194925 ] } },
{ "type": "Feature", "properties": { "NAME": "Кинотеатр «Болгария»" }, "geometry": { "type": "Point", "coordinates": [ 39.037821, 45.0174825 ] } },
{ "type": "Feature", "properties": { "NAME": "Кинотеатр «Болгария»" }, "geometry": { "type": "Point", "coordinates": [ 39.0369005, 45.0175849 ] } },
{ "type": "Feature", "properties": { "NAME": "кинотеатр Болгария" }, "geometry": { "type": "Point", "coordinates": [ 39.03618, 45.0176166 ] } },
{ "type": "Feature", "properties": { "NAME": "Парк «Солнечный остров»" }, "geometry": { "type": "Point", "coordinates": [ 39.0568313, 45.0131768 ] } },
{ "type": "Feature", "properties": { "NAME": "Парк «Солнечный остров»" }, "geometry": { "type": "Point", "coordinates": [ 39.0574979, 45.0132243 ] } },
{ "type": "Feature", "properties": { "NAME": "Парк «Солнечный остров»" }, "geometry": { "type": "Point", "coordinates": [ 39.0574546, 45.0134281 ] } },
{ "type": "Feature", "properties": { "NAME": "парк \"Солнечный остров\"" }, "geometry": { "type": "Point", "coordinates": [ 39.0576446, 45.013649 ] } },
{ "type": "Feature", "properties": { "NAME": "улица 2-я Пятилетка" }, "geometry": { "type": "Point", "coordinates": [ 39.0231239, 45.0207001 ] } },
{ "type": "Feature", "properties": { "NAME": "улица Айвазовского" }, "geometry": { "type": "Point", "coordinates": [ 39.0333405, 45.018428 ] } },
{ "type": "Feature", "properties": { "NAME": "улица Айвазовского" }, "geometry": { "type": "Point", "coordinates": [ 39.0324957, 45.0185324 ] } },
{ "type": "Feature", "properties": { "NAME": "улица Вишняковой" }, "geometry": { "type": "Point", "coordinates": [ 39.0004394, 45.0199025 ] } },
{ "type": "Feature", "properties": { "NAME": "улица Вишняковой" }, "geometry": { "type": "Point", "coordinates": [ 39.0004271, 45.0199903 ] } },
{ "type": "Feature", "properties": { "NAME": "улица Павлова" }, "geometry": { "type": "Point", "coordinates": [ 39.0038691, 45.0201742 ] } },
{ "type": "Feature", "properties": { "NAME": "улица Павлова" }, "geometry": { "type": "Point", "coordinates": [ 39.004612, 45.0203152 ] } },
{ "type": "Feature", "properties": { "NAME": "улица Полины Осипенко" }, "geometry": { "type": "Point", "coordinates": [ 39.0195344, 45.0211169 ] } },
{ "type": "Feature", "properties": { "NAME": "улица Полины Осипенко" }, "geometry": { "type": "Point", "coordinates": [ 39.0184207, 45.0213966 ] } },
{ "type": "Feature", "properties": { "NAME": "улица Полины Осипенко" }, "geometry": { "type": "Point", "coordinates": [ 39.0191437, 45.0213938 ] } },
{ "type": "Feature", "properties": { "NAME": "улица Полины Осипенко" }, "geometry": { "type": "Point", "coordinates": [ 39.0181178, 45.0215758 ] } },
{ "type": "Feature", "properties": { "NAME": "улица Стасова" }, "geometry": { "type": "Point", "coordinates": [ 39.0426672, 45.0164264 ] } },
{ "type": "Feature", "properties": { "NAME": "улица Стасова" }, "geometry": { "type": "Point", "coordinates": [ 39.0411465, 45.0166769 ] } },
{ "type": "Feature", "properties": { "NAME": "улица Таманская" }, "geometry": { "type": "Point", "coordinates": [ 39.0133302, 45.0209141 ] } },
{ "type": "Feature", "properties": { "NAME": "Таманская улица" }, "geometry": { "type": "Point", "coordinates": [ 39.0140859, 45.0211193 ] } },
{ "type": "Feature", "properties": { "NAME": "Таманская улица" }, "geometry": { "type": "Point", "coordinates": [ 39.014864, 45.0212678 ] } },
{ "type": "Feature", "properties": { "NAME": "улица Шевченко" }, "geometry": { "type": "Point", "coordinates": [ 39.0103486, 45.0208666 ] } },
{ "type": "Feature", "properties": { "NAME": "Площадь" }, "geometry": { "type": "Point", "coordinates": [ 39.0944267, 45.0229723 ] } },
{ "type": "Feature", "properties": { "NAME": "Площадь" }, "geometry": { "type": "Point", "coordinates": [ 39.0947434, 45.0231921 ] } },
{ "type": "Feature", "properties": { "NAME": "ТЭЦ" }, "geometry": { "type": "Point", "coordinates": [ 39.0630608, 45.014682 ] } },
{ "type": "Feature", "properties": { "NAME": "ТЭЦ" }, "geometry": { "type": "Point", "coordinates": [ 39.0630379, 45.0147725 ] } },
{ "type": "Feature", "properties": { "NAME": "Школа №57" }, "geometry": { "type": "Point", "coordinates": [ 39.0776707, 45.017268 ] } },
{ "type": "Feature", "properties": { "NAME": "Школа №57" }, "geometry": { "type": "Point", "coordinates": [ 39.0783348, 45.0176037 ] } },
{ "type": "Feature", "properties": { "NAME": "Комсомольская улица" }, "geometry": { "type": "Point", "coordinates": [ 39.1007996, 45.0251911 ] } },
{ "type": "Feature", "properties": { "NAME": "Комсомольская улица" }, "geometry": { "type": "Point", "coordinates": [ 39.1012595, 45.025489 ] } },
{ "type": "Feature", "properties": { "NAME": "Краевая улица" }, "geometry": { "type": "Point", "coordinates": [ 39.0732835, 45.0157972 ] } },
{ "type": "Feature", "properties": { "NAME": "Краевая улица" }, "geometry": { "type": "Point", "coordinates": [ 39.0738373, 45.0160714 ] } },
{ "type": "Feature", "properties": { "NAME": "Октябрьская улица" }, "geometry": { "type": "Point", "coordinates": [ 39.0838076, 45.0193543 ] } },
{ "type": "Feature", "properties": { "NAME": "Октябрьская улица" }, "geometry": { "type": "Point", "coordinates": [ 39.0845051, 45.0196942 ] } },
{ "type": "Feature", "properties": { "NAME": "улица Плиева" }, "geometry": { "type": "Point", "coordinates": [ 39.0884358, 45.0209339 ] } },
{ "type": "Feature", "properties": { "NAME": "улица Плиева" }, "geometry": { "type": "Point", "coordinates": [ 39.0888669, 45.0212115 ] } },
{ "type": "Feature", "properties": { "NAME": "улица Энергетиков" }, "geometry": { "type": "Point", "coordinates": [ 39.0691848, 45.0153283 ] } },
{ "type": "Feature", "properties": { "NAME": "улица Энергетиков" }, "geometry": { "type": "Point", "coordinates": [ 39.0699905, 45.0153557 ] } },
{ "type": "Feature", "properties": { "NAME": "улица Ярославского" }, "geometry": { "type": "Point", "coordinates": [ 39.1058048, 45.0268599 ] } },
{ "type": "Feature", "properties": { "NAME": "улица Ярославского" }, "geometry": { "type": "Point", "coordinates": [ 39.1065207, 45.0271836 ] } },
{ "type": "Feature", "properties": { "NAME": "Детский сад «Ясли»" }, "geometry": { "type": "Point", "coordinates": [ 39.0682266, 45.0190984 ] } },
{ "type": "Feature", "properties": { "NAME": "Детский сад «Ясли»" }, "geometry": { "type": "Point", "coordinates": [ 39.0680184, 45.0192867 ] } },
{ "type": "Feature", "properties": { "NAME": "Жилой комплекс на Магистральной улице" }, "geometry": { "type": "Point", "coordinates": [ 39.0715097, 45.0311976 ] } },
{ "type": "Feature", "properties": { "NAME": "Жилой комплекс на Магистральной улице" }, "geometry": { "type": "Point", "coordinates": [ 39.0720526, 45.0313594 ] } },
{ "type": "Feature", "properties": { "NAME": "Сормовская улица" }, "geometry": { "type": "Point", "coordinates": [ 39.0659072, 45.0240032 ] } },
{ "type": "Feature", "properties": { "NAME": "Сормовская улица" }, "geometry": { "type": "Point", "coordinates": [ 39.0655969, 45.0244421 ] } },
{ "type": "Feature", "properties": { "NAME": "Магистральная улица" }, "geometry": { "type": "Point", "coordinates": [ 39.0637316, 45.0303909 ] } },
{ "type": "Feature", "properties": { "NAME": "Магистральная улица" }, "geometry": { "type": "Point", "coordinates": [ 39.0642002, 45.0308068 ] } },
{ "type": "Feature", "properties": { "NAME": "Нежинская улица" }, "geometry": { "type": "Point", "coordinates": [ 39.0643391, 45.0276305 ] } },
{ "type": "Feature", "properties": { "NAME": "Онежская улица" }, "geometry": { "type": "Point", "coordinates": [ 39.0667829, 45.0308968 ] } },
{ "type": "Feature", "properties": { "NAME": "Онежская улица" }, "geometry": { "type": "Point", "coordinates": [ 39.0674331, 45.0310025 ] } },
{ "type": "Feature", "properties": { "NAME": "Симферопольская улица" }, "geometry": { "type": "Point", "coordinates": [ 39.0867463, 45.0358826 ] } },
{ "type": "Feature", "properties": { "NAME": "Симферопольская улица" }, "geometry": { "type": "Point", "coordinates": [ 39.0866291, 45.0359942 ] } },
{ "type": "Feature", "properties": { "NAME": "улица Тюляева" }, "geometry": { "type": "Point", "coordinates": [ 39.093959, 45.0388955 ] } },
{ "type": "Feature", "properties": { "NAME": "улица Тюляева" }, "geometry": { "type": "Point", "coordinates": [ 39.0938798, 45.0389806 ] } },
{ "type": "Feature", "properties": { "NAME": "Уральская улица" }, "geometry": { "type": "Point", "coordinates": [ 39.0901559, 45.0377761 ] } },
{ "type": "Feature", "properties": { "NAME": "Уральская улица" }, "geometry": { "type": "Point", "coordinates": [ 39.0899815, 45.0378578 ] } },
{ "type": "Feature", "properties": { "NAME": "улица Нефтезаводская" }, "geometry": { "type": "Point", "coordinates": [ 38.9609816, 45.0041711 ] } },
{ "type": "Feature", "properties": { "NAME": "улица Заводская" }, "geometry": { "type": "Point", "coordinates": [ 38.9605964, 45.00579 ] } },
{ "type": "Feature", "properties": { "NAME": "ВНИИМК" }, "geometry": { "type": "Point", "coordinates": [ 39.0138609, 45.0341297 ] } },
{ "type": "Feature", "properties": { "NAME": "улица Индустриальная" }, "geometry": { "type": "Point", "coordinates": [ 38.9615455, 44.9998715 ] } },
{ "type": "Feature", "properties": { "NAME": "улица Индустриальная" }, "geometry": { "type": "Point", "coordinates": [ 38.9612956, 44.9998385 ] } },
{ "type": "Feature", "properties": { "NAME": "проезд Затонный" }, "geometry": { "type": "Point", "coordinates": [ 38.9606706, 45.0069553 ] } },
{ "type": "Feature", "properties": { "NAME": "переулок Затонный" }, "geometry": { "type": "Point", "coordinates": [ 38.9602545, 45.0082354 ] } },
{ "type": "Feature", "properties": { "NAME": "улица Базовская" }, "geometry": { "type": "Point", "coordinates": [ 38.9890387, 45.0380153 ] } },
{ "type": "Feature", "properties": { "NAME": "улица Базовская" }, "geometry": { "type": "Point", "coordinates": [ 38.9881429, 45.0383688 ] } },
{ "type": "Feature", "properties": { "NAME": "улица Нефтезаводская" }, "geometry": { "type": "Point", "coordinates": [ 38.9608227, 45.003738 ] } },
{ "type": "Feature", "properties": { "NAME": "улица Садовая" }, "geometry": { "type": "Point", "coordinates": [ 38.9939996, 45.0372823 ] } },
{ "type": "Feature", "properties": { "NAME": "улица Садовая" }, "geometry": { "type": "Point", "coordinates": [ 38.9934326, 45.0375379 ] } },
{ "type": "Feature", "properties": { "NAME": "улица Селезнева (Старокубанская улица)" }, "geometry": { "type": "Point", "coordinates": [ 39.0491566, 45.0198899 ] } },
{ "type": "Feature", "properties": { "NAME": "улица Советская" }, "geometry": { "type": "Point", "coordinates": [ 38.9638937, 45.018239 ] } },
{ "type": "Feature", "properties": { "NAME": "улица Советская" }, "geometry": { "type": "Point", "coordinates": [ 38.9640556, 45.0191815 ] } },
{ "type": "Feature", "properties": { "NAME": "улица Стасова (улица Селезнева)" }, "geometry": { "type": "Point", "coordinates": [ 39.044229, 45.022801 ] } },
{ "type": "Feature", "properties": { "NAME": "улица Янковского" }, "geometry": { "type": "Point", "coordinates": [ 38.9847192, 45.0387213 ] } },
{ "type": "Feature", "properties": { "NAME": "улица Янковского" }, "geometry": { "type": "Point", "coordinates": [ 38.9841236, 45.0390075 ] } },
{ "type": "Feature", "properties": { "NAME": "улица Шевченко" }, "geometry": { "type": "Point", "coordinates": [ 39.0094939, 45.0206994 ] } },
{ "type": "Feature", "properties": { "NAME": "переулок Переправный" }, "geometry": { "type": "Point", "coordinates": [ 38.9816264, 45.0136244 ] } },
{ "type": "Feature", "properties": { "NAME": "улица КИМ" }, "geometry": { "type": "Point", "coordinates": [ 38.9940722, 45.0184224 ] } },
{ "type": "Feature", "properties": { "NAME": "Монтажная улица" }, "geometry": { "type": "Point", "coordinates": [ 39.0825049, 45.0345051 ] } },
{ "type": "Feature", "properties": { "NAME": "Монтажная улица" }, "geometry": { "type": "Point", "coordinates": [ 39.0830241, 45.0348281 ] } },
{ "type": "Feature", "properties": { "NAME": "Просторная улица" }, "geometry": { "type": "Point", "coordinates": [ 39.0795056, 45.0335476 ] } },
{ "type": "Feature", "properties": { "NAME": "Просторная улица" }, "geometry": { "type": "Point", "coordinates": [ 39.0787773, 45.0334421 ] } },
{ "type": "Feature", "properties": { "NAME": "Улица Благоева/ Улица Василия Мачуги" }, "geometry": { "type": "Point", "coordinates": [ 39.0800641, 45.0131484 ] } },
{ "type": "Feature", "properties": { "NAME": "улица Автолюбителей (О'Кей)" }, "geometry": { "type": "Point", "coordinates": [ 39.0679675, 45.0123827 ] } },
{ "type": "Feature", "properties": { "NAME": "улица Краевая" }, "geometry": { "type": "Point", "coordinates": [ 39.0740377, 45.0123365 ] } },
{ "type": "Feature", "properties": { "NAME": "Водолечебница" }, "geometry": { "type": "Point", "coordinates": [ 38.96865, 45.009747 ] } },
{ "type": "Feature", "properties": { "NAME": "Водолечебница" }, "geometry": { "type": "Point", "coordinates": [ 38.9687812, 45.0104694 ] } },
{ "type": "Feature", "properties": { "NAME": "Екатерининский зал" }, "geometry": { "type": "Point", "coordinates": [ 38.9880239, 45.0593068 ] } },
{ "type": "Feature", "properties": { "NAME": "Екатерининский зал" }, "geometry": { "type": "Point", "coordinates": [ 38.987905, 45.0593688 ] } },
{ "type": "Feature", "properties": { "NAME": "Драмтеатр" }, "geometry": { "type": "Point", "coordinates": [ 38.9785286, 45.0356351 ] } },
{ "type": "Feature", "properties": { "NAME": "Завод имени Седина" }, "geometry": { "type": "Point", "coordinates": [ 38.9670202, 45.0054723 ] } },
{ "type": "Feature", "properties": { "NAME": "Завод имени Седина" }, "geometry": { "type": "Point", "coordinates": [ 38.9671028, 45.0057836 ] } },
{ "type": "Feature", "properties": { "NAME": "Кооперативный рынок" }, "geometry": { "type": "Point", "coordinates": [ 38.9753389, 45.0258643 ] } },
{ "type": "Feature", "properties": { "NAME": "Кооперативный рынок" }, "geometry": { "type": "Point", "coordinates": [ 38.9758549, 45.0261061 ] } },
{ "type": "Feature", "properties": { "NAME": "Кооперативный рынок" }, "geometry": { "type": "Point", "coordinates": [ 38.9754389, 45.0265059 ] } },
{ "type": "Feature", "properties": { "NAME": "Почта" }, "geometry": { "type": "Point", "coordinates": [ 39.001504, 45.0664198 ] } },
{ "type": "Feature", "properties": { "NAME": "Почта" }, "geometry": { "type": "Point", "coordinates": [ 39.0013631, 45.0667512 ] } },
{ "type": "Feature", "properties": { "NAME": "РИП" }, "geometry": { "type": "Point", "coordinates": [ 39.0010557, 45.0702136 ] } },
{ "type": "Feature", "properties": { "NAME": "РИП" }, "geometry": { "type": "Point", "coordinates": [ 39.000951, 45.0705136 ] } },
{ "type": "Feature", "properties": { "NAME": "ТК «Центр города»" }, "geometry": { "type": "Point", "coordinates": [ 38.9818477, 45.0456225 ] } },
{ "type": "Feature", "properties": { "NAME": "ТК «Центр города»" }, "geometry": { "type": "Point", "coordinates": [ 38.9817466, 45.0456672 ] } },
{ "type": "Feature", "properties": { "NAME": "Институт культуры" }, "geometry": { "type": "Point", "coordinates": [ 39.0027268, 45.0548417 ] } },
{ "type": "Feature", "properties": { "NAME": "Институт культуры" }, "geometry": { "type": "Point", "coordinates": [ 39.0025422, 45.0554227 ] } },
{ "type": "Feature", "properties": { "NAME": "Чистяковская роща" }, "geometry": { "type": "Point", "coordinates": [ 38.989335, 45.0573384 ] } },
{ "type": "Feature", "properties": { "NAME": "Чистяковская роща" }, "geometry": { "type": "Point", "coordinates": [ 38.9892097, 45.057466 ] } },
{ "type": "Feature", "properties": { "NAME": "Парк «Городской сад»" }, "geometry": { "type": "Point", "coordinates": [ 38.9713987, 45.0144314 ] } },
{ "type": "Feature", "properties": { "NAME": "Парк «Городской сад»" }, "geometry": { "type": "Point", "coordinates": [ 38.9716326, 45.0146702 ] } },
{ "type": "Feature", "properties": { "NAME": "улица 40 лет Победы" }, "geometry": { "type": "Point", "coordinates": [ 38.9894864, 45.0540788 ] } },
{ "type": "Feature", "properties": { "NAME": "улица 40 лет Победы" }, "geometry": { "type": "Point", "coordinates": [ 38.9895904, 45.0540875 ] } },
{ "type": "Feature", "properties": { "NAME": "улица Гаврилова - Краснодар-2" }, "geometry": { "type": "Point", "coordinates": [ 38.9836735, 45.0539695 ] } },
{ "type": "Feature", "properties": { "NAME": "улица Гаврилова - Краснодар-2" }, "geometry": { "type": "Point", "coordinates": [ 38.9835331, 45.0539569 ] } },
{ "type": "Feature", "properties": { "NAME": "улица Горького" }, "geometry": { "type": "Point", "coordinates": [ 38.9768873, 45.0304629 ] } },
{ "type": "Feature", "properties": { "NAME": "улица Горького" }, "geometry": { "type": "Point", "coordinates": [ 38.9769238, 45.0308724 ] } },
{ "type": "Feature", "properties": { "NAME": "Зиповская улица" }, "geometry": { "type": "Point", "coordinates": [ 39.0018376, 45.0625498 ] } },
{ "type": "Feature", "properties": { "NAME": "Зиповская улица" }, "geometry": { "type": "Point", "coordinates": [ 39.0019388, 45.0626958 ] } },
{ "type": "Feature", "properties": { "NAME": "Клиническая улица" }, "geometry": { "type": "Point", "coordinates": [ 38.9925261, 45.0521713 ] } },
{ "type": "Feature", "properties": { "NAME": "улица Коммунаров" }, "geometry": { "type": "Point", "coordinates": [ 38.9770599, 45.0306302 ] } },
{ "type": "Feature", "properties": { "NAME": "улица Коммунаров" }, "geometry": { "type": "Point", "coordinates": [ 38.97641, 45.0307151 ] } },
{ "type": "Feature", "properties": { "NAME": "улица Крупской" }, "geometry": { "type": "Point", "coordinates": [ 38.9989236, 45.0525173 ] } },
{ "type": "Feature", "properties": { "NAME": "улица Крупской" }, "geometry": { "type": "Point", "coordinates": [ 38.9989653, 45.0526017 ] } },
{ "type": "Feature", "properties": { "NAME": "улица Ленина" }, "geometry": { "type": "Point", "coordinates": [ 38.9743177, 45.0229297 ] } },
{ "type": "Feature", "properties": { "NAME": "улица Ленина" }, "geometry": { "type": "Point", "coordinates": [ 38.9743415, 45.023339 ] } },
{ "type": "Feature", "properties": { "NAME": "улица Мира" }, "geometry": { "type": "Point", "coordinates": [ 38.9733205, 45.0199094 ] } },
{ "type": "Feature", "properties": { "NAME": "улица Мира" }, "geometry": { "type": "Point", "coordinates": [ 38.9733645, 45.0203348 ] } },
{ "type": "Feature", "properties": { "NAME": "Нефтезавод" }, "geometry": { "type": "Point", "coordinates": [ 38.9648338, 45.0026598 ] } },
{ "type": "Feature", "properties": { "NAME": "Нефтезавод" }, "geometry": { "type": "Point", "coordinates": [ 38.9647863, 45.002781 ] } },
{ "type": "Feature", "properties": { "NAME": "Одесская улица" }, "geometry": { "type": "Point", "coordinates": [ 38.9834368, 45.049865 ] } },
{ "type": "Feature", "properties": { "NAME": "Одесская улица" }, "geometry": { "type": "Point", "coordinates": [ 38.9833507, 45.0499379 ] } },
{ "type": "Feature", "properties": { "NAME": "Северная улица" }, "geometry": { "type": "Point", "coordinates": [ 38.9798922, 45.0393709 ] } },
{ "type": "Feature", "properties": { "NAME": "Северная улица" }, "geometry": { "type": "Point", "coordinates": [ 38.9799414, 45.0397945 ] } },
{ "type": "Feature", "properties": { "NAME": "улица Советская" }, "geometry": { "type": "Point", "coordinates": [ 38.9723095, 45.0168857 ] } },
{ "type": "Feature", "properties": { "NAME": "улица Хакурате" }, "geometry": { "type": "Point", "coordinates": [ 38.9805045, 45.0414572 ] } },
{ "type": "Feature", "properties": { "NAME": "улица Хакурате" }, "geometry": { "type": "Point", "coordinates": [ 38.9804916, 45.0418569 ] } },
{ "type": "Feature", "properties": { "NAME": "Офицерская улица" }, "geometry": { "type": "Point", "coordinates": [ 38.9847711, 45.0583311 ] } },
{ "type": "Feature", "properties": { "NAME": "Офицерская улица" }, "geometry": { "type": "Point", "coordinates": [ 38.984899, 45.0580169 ] } },
{ "type": "Feature", "properties": { "NAME": "Стадион «Кубань»" }, "geometry": { "type": "Point", "coordinates": [ 38.9921305, 45.0234239 ] } },
{ "type": "Feature", "properties": { "NAME": "Базовская улица" }, "geometry": { "type": "Point", "coordinates": [ 38.9841645, 45.0246656 ] } },
{ "type": "Feature", "properties": { "NAME": "Базовская улица" }, "geometry": { "type": "Point", "coordinates": [ 38.9835523, 45.0247324 ] } },
{ "type": "Feature", "properties": { "NAME": "Железнодорожная улица" }, "geometry": { "type": "Point", "coordinates": [ 38.9886852, 45.0217611 ] } },
{ "type": "Feature", "properties": { "NAME": "Железнодорожная улица" }, "geometry": { "type": "Point", "coordinates": [ 38.9882757, 45.0220815 ] } },
{ "type": "Feature", "properties": { "NAME": "Железнодорожная улица" }, "geometry": { "type": "Point", "coordinates": [ 38.9887737, 45.0220938 ] } },
{ "type": "Feature", "properties": { "NAME": "улица Янковского" }, "geometry": { "type": "Point", "coordinates": [ 38.9798191, 45.0254385 ] } },
{ "type": "Feature", "properties": { "NAME": "улица Янковского" }, "geometry": { "type": "Point", "coordinates": [ 38.9793046, 45.025452 ] } },
{ "type": "Feature", "properties": { "NAME": "Восточный рынок" }, "geometry": { "type": "Point", "coordinates": [ 39.0427523, 45.0194856 ] } },
{ "type": "Feature", "properties": { "NAME": "Восточный рынок" }, "geometry": { "type": "Point", "coordinates": [ 39.0426518, 45.0199208 ] } },
{ "type": "Feature", "properties": { "NAME": "Кирпичный завод" }, "geometry": { "type": "Point", "coordinates": [ 39.0171471, 45.006332 ] } },
{ "type": "Feature", "properties": { "NAME": "Кирпичный завод" }, "geometry": { "type": "Point", "coordinates": [ 39.0171381, 45.0064279 ] } },
{ "type": "Feature", "properties": { "NAME": "Жилой комплекс «Фонтаны»" }, "geometry": { "type": "Point", "coordinates": [ 39.0238752, 45.0015531 ] } },
{ "type": "Feature", "properties": { "NAME": "Жилой комплекс «Фонтаны»" }, "geometry": { "type": "Point", "coordinates": [ 39.0238483, 45.0016478 ] } },
{ "type": "Feature", "properties": { "NAME": "ТРК «Меридиан»" }, "geometry": { "type": "Point", "coordinates": [ 39.0435112, 45.0258894 ] } },
{ "type": "Feature", "properties": { "NAME": "ТРК «Меридиан»" }, "geometry": { "type": "Point", "coordinates": [ 39.0433589, 45.0261297 ] } },
{ "type": "Feature", "properties": { "NAME": "Хладокомбинат" }, "geometry": { "type": "Point", "coordinates": [ 39.0432816, 45.0301934 ] } },
{ "type": "Feature", "properties": { "NAME": "Хладокомбинат" }, "geometry": { "type": "Point", "coordinates": [ 39.0434771, 45.0307681 ] } },
{ "type": "Feature", "properties": { "NAME": "Армавирская улица" }, "geometry": { "type": "Point", "coordinates": [ 39.0079895, 45.0498804 ] } },
{ "type": "Feature", "properties": { "NAME": "Армавирская улица" }, "geometry": { "type": "Point", "coordinates": [ 39.0080319, 45.0499593 ] } },
{ "type": "Feature", "properties": { "NAME": "Бургасская улица" }, "geometry": { "type": "Point", "coordinates": [ 39.0368299, 45.0119008 ] } },
{ "type": "Feature", "properties": { "NAME": "Бургасская улица" }, "geometry": { "type": "Point", "coordinates": [ 39.0374939, 45.0126504 ] } },
{ "type": "Feature", "properties": { "NAME": "улица Димитрова" }, "geometry": { "type": "Point", "coordinates": [ 39.0220292, 45.0022144 ] } },
{ "type": "Feature", "properties": { "NAME": "улица Димитрова" }, "geometry": { "type": "Point", "coordinates": [ 39.0217717, 45.002257 ] } },
{ "type": "Feature", "properties": { "NAME": "улица Достоевского" }, "geometry": { "type": "Point", "coordinates": [ 39.0138127, 45.049165 ] } },
{ "type": "Feature", "properties": { "NAME": "улица Достоевского" }, "geometry": { "type": "Point", "coordinates": [ 39.0143623, 45.0495273 ] } },
{ "type": "Feature", "properties": { "NAME": "улица Ковтюха" }, "geometry": { "type": "Point", "coordinates": [ 39.0121789, 45.0147039 ] } },
{ "type": "Feature", "properties": { "NAME": "улица Ковтюха" }, "geometry": { "type": "Point", "coordinates": [ 39.0119682, 45.0150632 ] } },
{ "type": "Feature", "properties": { "NAME": "Майкопская улица" }, "geometry": { "type": "Point", "coordinates": [ 39.0126604, 45.0112298 ] } },
{ "type": "Feature", "properties": { "NAME": "Майкопская улица" }, "geometry": { "type": "Point", "coordinates": [ 39.0124787, 45.0116216 ] } },
{ "type": "Feature", "properties": { "NAME": "улица Некрасова" }, "geometry": { "type": "Point", "coordinates": [ 39.0122647, 45.049456 ] } },
{ "type": "Feature", "properties": { "NAME": "улица Некрасова" }, "geometry": { "type": "Point", "coordinates": [ 39.0114425, 45.0494627 ] } },
{ "type": "Feature", "properties": { "NAME": "Новая улица" }, "geometry": { "type": "Point", "coordinates": [ 39.0279707, 45.0048268 ] } },
{ "type": "Feature", "properties": { "NAME": "Новая улица" }, "geometry": { "type": "Point", "coordinates": [ 39.0282938, 45.0052502 ] } },
{ "type": "Feature", "properties": { "NAME": "Свободная улица" }, "geometry": { "type": "Point", "coordinates": [ 39.0322222, 45.0082487 ] } },
{ "type": "Feature", "properties": { "NAME": "Свободная улица" }, "geometry": { "type": "Point", "coordinates": [ 39.0325623, 45.0086776 ] } },
{ "type": "Feature", "properties": { "NAME": "улица Селезнева" }, "geometry": { "type": "Point", "coordinates": [ 39.0430432, 45.0224438 ] } },
{ "type": "Feature", "properties": { "NAME": "улица Селезнева" }, "geometry": { "type": "Point", "coordinates": [ 39.0432533, 45.0226257 ] } },
{ "type": "Feature", "properties": { "NAME": "Ставропольская улица" }, "geometry": { "type": "Point", "coordinates": [ 39.0113025, 45.02054 ] } },
{ "type": "Feature", "properties": { "NAME": "улица Ставропольская" }, "geometry": { "type": "Point", "coordinates": [ 39.0421382, 45.0170252 ] } },
{ "type": "Feature", "properties": { "NAME": "Баня" }, "geometry": { "type": "Point", "coordinates": [ 38.9328059, 45.0608722 ] } },
{ "type": "Feature", "properties": { "NAME": "Баня" }, "geometry": { "type": "Point", "coordinates": [ 38.9326894, 45.0608906 ] } },
{ "type": "Feature", "properties": { "NAME": "Западное депо" }, "geometry": { "type": "Point", "coordinates": [ 38.923291, 45.0677565 ] } },
{ "type": "Feature", "properties": { "NAME": "Западное депо" }, "geometry": { "type": "Point", "coordinates": [ 38.9237513, 45.0681031 ] } },
{ "type": "Feature", "properties": { "NAME": "улица Брюсова" }, "geometry": { "type": "Point", "coordinates": [ 38.9498047, 45.04101 ] } },
{ "type": "Feature", "properties": { "NAME": "улица Брюсова" }, "geometry": { "type": "Point", "coordinates": [ 38.9496427, 45.0411311 ] } },
{ "type": "Feature", "properties": { "NAME": "Почта" }, "geometry": { "type": "Point", "coordinates": [ 38.9081888, 45.0290097 ] } },
{ "type": "Feature", "properties": { "NAME": "Проспект Чекистов" }, "geometry": { "type": "Point", "coordinates": [ 38.917037, 45.0325519 ] } },
{ "type": "Feature", "properties": { "NAME": "Рождественский храм" }, "geometry": { "type": "Point", "coordinates": [ 38.90577, 45.0264555 ] } },
{ "type": "Feature", "properties": { "NAME": "Торговый центр" }, "geometry": { "type": "Point", "coordinates": [ 38.9127824, 45.0308494 ] } },
{ "type": "Feature", "properties": { "NAME": "ЦКР" }, "geometry": { "type": "Point", "coordinates": [ 38.9682105, 45.0376648 ] } },
{ "type": "Feature", "properties": { "NAME": "ЦКР" }, "geometry": { "type": "Point", "coordinates": [ 38.9676571, 45.0381333 ] } },
{ "type": "Feature", "properties": { "NAME": "улица 2-я Линия" }, "geometry": { "type": "Point", "coordinates": [ 38.9344956, 45.0567722 ] } },
{ "type": "Feature", "properties": { "NAME": "улица 2-я Линия" }, "geometry": { "type": "Point", "coordinates": [ 38.9337836, 45.0567989 ] } },
{ "type": "Feature", "properties": { "NAME": "улица 3-я Линия" }, "geometry": { "type": "Point", "coordinates": [ 38.9319262, 45.0580928 ] } },
{ "type": "Feature", "properties": { "NAME": "улица 3-я Линия" }, "geometry": { "type": "Point", "coordinates": [ 38.9318132, 45.0581086 ] } },
{ "type": "Feature", "properties": { "NAME": "улица Бабушкина" }, "geometry": { "type": "Point", "coordinates": [ 38.9390327, 45.051255 ] } },
{ "type": "Feature", "properties": { "NAME": "улица Бабушкина" }, "geometry": { "type": "Point", "coordinates": [ 38.9393564, 45.0519068 ] } },
{ "type": "Feature", "properties": { "NAME": "улица Буденного" }, "geometry": { "type": "Point", "coordinates": [ 38.992521, 45.0329152 ] } },
{ "type": "Feature", "properties": { "NAME": "улица Буденного" }, "geometry": { "type": "Point", "coordinates": [ 38.9925375, 45.0334142 ] } },
{ "type": "Feature", "properties": { "NAME": "Виноградная улица" }, "geometry": { "type": "Point", "coordinates": [ 38.9278948, 45.0658148 ] } },
{ "type": "Feature", "properties": { "NAME": "улица Власова" }, "geometry": { "type": "Point", "coordinates": [ 38.938429, 45.048982 ] } },
{ "type": "Feature", "properties": { "NAME": "улица Власова" }, "geometry": { "type": "Point", "coordinates": [ 38.9384618, 45.0494588 ] } },
{ "type": "Feature", "properties": { "NAME": "улица Гагарина" }, "geometry": { "type": "Point", "coordinates": [ 38.9399006, 45.0558258 ] } },
{ "type": "Feature", "properties": { "NAME": "улица Гагарина" }, "geometry": { "type": "Point", "coordinates": [ 38.9399256, 45.0558972 ] } },
{ "type": "Feature", "properties": { "NAME": "улица Дмитриевская Дамба" }, "geometry": { "type": "Point", "coordinates": [ 38.9903787, 45.0281422 ] } },
{ "type": "Feature", "properties": { "NAME": "улица Дмитриевская Дамба" }, "geometry": { "type": "Point", "coordinates": [ 38.9897419, 45.0284383 ] } },
{ "type": "Feature", "properties": { "NAME": "улица Дмитриевская Дамба" }, "geometry": { "type": "Point", "coordinates": [ 38.9903624, 45.0286396 ] } },
{ "type": "Feature", "properties": { "NAME": "улица Доватора" }, "geometry": { "type": "Point", "coordinates": [ 38.9261066, 45.0667653 ] } },
{ "type": "Feature", "properties": { "NAME": "улица Думенко" }, "geometry": { "type": "Point", "coordinates": [ 38.9211703, 45.0342196 ] } },
{ "type": "Feature", "properties": { "NAME": "Калининградская улица" }, "geometry": { "type": "Point", "coordinates": [ 38.962358, 45.0390668 ] } },
{ "type": "Feature", "properties": { "NAME": "Калининградская улица" }, "geometry": { "type": "Point", "coordinates": [ 38.9616256, 45.0390938 ] } },
{ "type": "Feature", "properties": { "NAME": "улица Каляева" }, "geometry": { "type": "Point", "coordinates": [ 38.9373083, 45.0429957 ] } },
{ "type": "Feature", "properties": { "NAME": "улица Каляева" }, "geometry": { "type": "Point", "coordinates": [ 38.9372782, 45.0430983 ] } },
{ "type": "Feature", "properties": { "NAME": "Красная улица" }, "geometry": { "type": "Point", "coordinates": [ 38.9725641, 45.031353 ] } },
{ "type": "Feature", "properties": { "NAME": "Красная улица" }, "geometry": { "type": "Point", "coordinates": [ 38.9730468, 45.0313454 ] } },
{ "type": "Feature", "properties": { "NAME": "улица Красных Партизан" }, "geometry": { "type": "Point", "coordinates": [ 38.9398914, 45.053556 ] } },
{ "type": "Feature", "properties": { "NAME": "улица Красных Партизан" }, "geometry": { "type": "Point", "coordinates": [ 38.9399171, 45.0540653 ] } },
{ "type": "Feature", "properties": { "NAME": "улица Леваневского" }, "geometry": { "type": "Point", "coordinates": [ 38.9830456, 45.029647 ] } },
{ "type": "Feature", "properties": { "NAME": "улица Леваневского" }, "geometry": { "type": "Point", "coordinates": [ 38.983513, 45.0296029 ] } },
{ "type": "Feature", "properties": { "NAME": "улица МОПР" }, "geometry": { "type": "Point", "coordinates": [ 38.9966076, 45.0468678 ] } },
{ "type": "Feature", "properties": { "NAME": "улица МОПР" }, "geometry": { "type": "Point", "coordinates": [ 38.996502, 45.0468983 ] } },
{ "type": "Feature", "properties": { "NAME": "Минская улица" }, "geometry": { "type": "Point", "coordinates": [ 38.9336215, 45.0394543 ] } },
{ "type": "Feature", "properties": { "NAME": "Пашковская улица" }, "geometry": { "type": "Point", "coordinates": [ 38.9669899, 45.0338906 ] } },
{ "type": "Feature", "properties": { "NAME": "Пашковская улица" }, "geometry": { "type": "Point", "coordinates": [ 38.9669431, 45.0341454 ] } },
{ "type": "Feature", "properties": { "NAME": "улица Передерия" }, "geometry": { "type": "Point", "coordinates": [ 38.9433096, 45.0421423 ] } },
{ "type": "Feature", "properties": { "NAME": "улица Передерия" }, "geometry": { "type": "Point", "coordinates": [ 38.942625, 45.0421488 ] } },
{ "type": "Feature", "properties": { "NAME": "Промышленная улица" }, "geometry": { "type": "Point", "coordinates": [ 38.9944094, 45.0395153 ] } },
{ "type": "Feature", "properties": { "NAME": "Промышленная улица" }, "geometry": { "type": "Point", "coordinates": [ 38.9942931, 45.0395433 ] } },
{ "type": "Feature", "properties": { "NAME": "Северная улица" }, "geometry": { "type": "Point", "coordinates": [ 38.9937071, 45.0371451 ] } },
{ "type": "Feature", "properties": { "NAME": "Северная улмца" }, "geometry": { "type": "Point", "coordinates": [ 38.9937038, 45.0375757 ] } },
{ "type": "Feature", "properties": { "NAME": "Северная улица" }, "geometry": { "type": "Point", "coordinates": [ 38.9374888, 45.0459557 ] } },
{ "type": "Feature", "properties": { "NAME": "Северная улица" }, "geometry": { "type": "Point", "coordinates": [ 38.9375177, 45.0464641 ] } },
{ "type": "Feature", "properties": { "NAME": "улица Серова" }, "geometry": { "type": "Point", "coordinates": [ 38.9975064, 45.0482589 ] } },
{ "type": "Feature", "properties": { "NAME": "улица Серова" }, "geometry": { "type": "Point", "coordinates": [ 38.997707, 45.0485788 ] } },
{ "type": "Feature", "properties": { "NAME": "Славянская улица" }, "geometry": { "type": "Point", "coordinates": [ 38.9333717, 45.0626494 ] } },
{ "type": "Feature", "properties": { "NAME": "Славянская улица" }, "geometry": { "type": "Point", "coordinates": [ 38.9332564, 45.0626596 ] } },
{ "type": "Feature", "properties": { "NAME": "улица Толстого" }, "geometry": { "type": "Point", "coordinates": [ 38.9301232, 45.0647742 ] } },
{ "type": "Feature", "properties": { "NAME": "Тульская улица" }, "geometry": { "type": "Point", "coordinates": [ 38.9295214, 45.0376868 ] } },
{ "type": "Feature", "properties": { "NAME": "Тульская улица" }, "geometry": { "type": "Point", "coordinates": [ 38.9294564, 45.0377537 ] } },
{ "type": "Feature", "properties": { "NAME": "улица Тургенева" }, "geometry": { "type": "Point", "coordinates": [ 38.9560666, 45.0400688 ] } },
{ "type": "Feature", "properties": { "NAME": "улица Тургенева" }, "geometry": { "type": "Point", "coordinates": [ 38.9552295, 45.0401162 ] } },
{ "type": "Feature", "properties": { "NAME": "Харьковская улица" }, "geometry": { "type": "Point", "coordinates": [ 38.9262092, 45.0363212 ] } },
{ "type": "Feature", "properties": { "NAME": "улица Декабристов" }, "geometry": { "type": "Point", "coordinates": [ 39.0151184, 45.0518316 ] } },
{ "type": "Feature", "properties": { "NAME": "Ставропольская улица" }, "geometry": { "type": "Point", "coordinates": [ 39.0419665, 45.0160361 ] } },
{ "type": "Feature", "properties": { "NAME": "БЗО" }, "geometry": { "type": "Point", "coordinates": [ 38.9040865, 45.0556925 ] } },
{ "type": "Feature", "properties": { "NAME": "БЗО" }, "geometry": { "type": "Point", "coordinates": [ 38.9047203, 45.0552788 ] } },
{ "type": "Feature", "properties": { "NAME": "Веселый переулок" }, "geometry": { "type": "Point", "coordinates": [ 39.0229109, 45.0365977 ] } },
{ "type": "Feature", "properties": { "NAME": "Стадион ФК \"Краснодар\"" }, "geometry": { "type": "Point", "coordinates": [ 39.0272322, 45.0430677 ] } },
{ "type": "Feature", "properties": { "NAME": "улица Восточно-Кругликовская" }, "geometry": { "type": "Point", "coordinates": [ 39.0260378, 45.0376719 ] } },
{ "type": "Feature", "properties": { "NAME": "улица Восточно-Кругликовская" }, "geometry": { "type": "Point", "coordinates": [ 39.0258714, 45.0378173 ] } },
{ "type": "Feature", "properties": { "NAME": "Троллейбусное депо №2" }, "geometry": { "type": "Point", "coordinates": [ 39.0522524, 45.0224473 ] } },
{ "type": "Feature", "properties": { "NAME": "Гуманитарно-Технологический колледж" }, "geometry": { "type": "Point", "coordinates": [ 39.0223546, 45.0592381 ] } },
{ "type": "Feature", "properties": { "NAME": "микрорайон Панорама" }, "geometry": { "type": "Point", "coordinates": [ 39.0262577, 45.0477326 ] } },
{ "type": "Feature", "properties": { "NAME": "микрорайон Панорама" }, "geometry": { "type": "Point", "coordinates": [ 39.0265883, 45.0475131 ] } },
{ "type": "Feature", "properties": { "NAME": "улица Весенняя" }, "geometry": { "type": "Point", "coordinates": [ 39.02597, 45.0508766 ] } },
{ "type": "Feature", "properties": { "NAME": "улица Весенняя" }, "geometry": { "type": "Point", "coordinates": [ 39.0262155, 45.0514353 ] } },
{ "type": "Feature", "properties": { "NAME": "Гастроном" }, "geometry": { "type": "Point", "coordinates": [ 38.9517678, 45.0592776 ] } },
{ "type": "Feature", "properties": { "NAME": "Поликлиника" }, "geometry": { "type": "Point", "coordinates": [ 38.9552477, 45.0591677 ] } },
{ "type": "Feature", "properties": { "NAME": "КНИИСХ" }, "geometry": { "type": "Point", "coordinates": [ 38.9122407, 45.0664222 ] } },
{ "type": "Feature", "properties": { "NAME": "КНИИСХ" }, "geometry": { "type": "Point", "coordinates": [ 38.9132613, 45.0661707 ] } },
{ "type": "Feature", "properties": { "NAME": "Военный городок имени Жукова (Энка)" }, "geometry": { "type": "Point", "coordinates": [ 38.9794636, 45.0984406 ] } },
{ "type": "Feature", "properties": { "NAME": "Кореновская улица" }, "geometry": { "type": "Point", "coordinates": [ 38.9779616, 45.0976927 ] } },
{ "type": "Feature", "properties": { "NAME": "улица Александра Покрышкина" }, "geometry": { "type": "Point", "coordinates": [ 38.9788117, 45.1022556 ] } },
{ "type": "Feature", "properties": { "NAME": "Мегацентр \"Красная Площадь\"" }, "geometry": { "type": "Point", "coordinates": [ 38.9810969, 45.1016024 ] } },
{ "type": "Feature", "properties": { "NAME": "улица Круговая" }, "geometry": { "type": "Point", "coordinates": [ 38.9105803, 45.0677816 ] } },
{ "type": "Feature", "properties": { "NAME": "улица им. Брюсова" }, "geometry": { "type": "Point", "coordinates": [ 38.9506697, 45.0440963 ] } },
{ "type": "Feature", "properties": { "NAME": "улица им. Брюсова" }, "geometry": { "type": "Point", "coordinates": [ 38.9498249, 45.0443787 ] } },
{ "type": "Feature", "properties": { "NAME": "Передерия улица" }, "geometry": { "type": "Point", "coordinates": [ 38.9442349, 45.0451043 ] } },
{ "type": "Feature", "properties": { "NAME": "Передерия улица" }, "geometry": { "type": "Point", "coordinates": [ 38.9435846, 45.0453657 ] } },
{ "type": "Feature", "properties": { "NAME": "Стоматологическая Поликлиника" }, "geometry": { "type": "Point", "coordinates": [ 39.0805981, 45.0031193 ] } },
{ "type": "Feature", "properties": { "NAME": "улица Толстого" }, "geometry": { "type": "Point", "coordinates": [ 38.93009, 45.0647492 ] } },
{ "type": "Feature", "properties": { "NAME": null }, "geometry": { "type": "Point", "coordinates": [ 39.1079038, 45.0020422 ] } },
{ "type": "Feature", "properties": { "NAME": "Дружная улица" }, "geometry": { "type": "Point", "coordinates": [ 39.0143084, 45.0895386 ] } },
{ "type": "Feature", "properties": { "NAME": null }, "geometry": { "type": "Point", "coordinates": [ 38.9591445, 45.1030548 ] } },
{ "type": "Feature", "properties": { "NAME": "Стадионная улица" }, "geometry": { "type": "Point", "coordinates": [ 38.9841631, 45.1090876 ] } },
{ "type": "Feature", "properties": { "NAME": "Артезианская улица" }, "geometry": { "type": "Point", "coordinates": [ 39.0716489, 45.0001109 ] } },
{ "type": "Feature", "properties": { "NAME": "Черкасская" }, "geometry": { "type": "Point", "coordinates": [ 39.0237135, 45.0656578 ] } },
{ "type": "Feature", "properties": { "NAME": "Стадион ФК \"Краснодар\"" }, "geometry": { "type": "Point", "coordinates": [ 39.026715, 45.0429762 ] } },
{ "type": "Feature", "properties": { "NAME": "Кафе" }, "geometry": { "type": "Point", "coordinates": [ 39.0258995, 45.054803 ] } },
{ "type": "Feature", "properties": { "NAME": "Восточно-Кругликовская (ул. 40 лет Победы)" }, "geometry": { "type": "Point", "coordinates": [ 39.0249406, 45.0557192 ] } },
{ "type": "Feature", "properties": { "NAME": "Солнечная улица" }, "geometry": { "type": "Point", "coordinates": [ 39.0007806, 45.0724388 ] } },
{ "type": "Feature", "properties": { "NAME": "Ангарская улица" }, "geometry": { "type": "Point", "coordinates": [ 39.0147232, 45.0811775 ] } },
{ "type": "Feature", "properties": { "NAME": "улица 1 Мая" }, "geometry": { "type": "Point", "coordinates": [ 39.0238244, 45.0458661 ] } },
{ "type": "Feature", "properties": { "NAME": "улица 1 Мая" }, "geometry": { "type": "Point", "coordinates": [ 39.0233234, 45.0459765 ] } },
{ "type": "Feature", "properties": { "NAME": "улица Монтажная" }, "geometry": { "type": "Point", "coordinates": [ 39.0830363, 45.0347711 ] } },
{ "type": "Feature", "properties": { "NAME": "улица Тюляева" }, "geometry": { "type": "Point", "coordinates": [ 39.093932, 45.0389477 ] } },
{ "type": "Feature", "properties": { "NAME": "улица Сормовская" }, "geometry": { "type": "Point", "coordinates": [ 39.0656783, 45.0243363 ] } },
{ "type": "Feature", "properties": { "NAME": "улица Магистральная" }, "geometry": { "type": "Point", "coordinates": [ 39.0636696, 45.0304277 ] } },
{ "type": "Feature", "properties": { "NAME": "улица Октябрьская" }, "geometry": { "type": "Point", "coordinates": [ 39.0837789, 45.0193959 ] } },
{ "type": "Feature", "properties": { "NAME": "улица Стасова" }, "geometry": { "type": "Point", "coordinates": [ 39.0411487, 45.0167139 ] } },
{ "type": "Feature", "properties": { "NAME": "Железнодорожная улица" }, "geometry": { "type": "Point", "coordinates": [ 38.9882742, 45.0221446 ] } },
{ "type": "Feature", "properties": { "NAME": "улица Дмитриевская Дамба" }, "geometry": { "type": "Point", "coordinates": [ 38.9903104, 45.0281348 ] } },
{ "type": "Feature", "properties": { "NAME": "Проспект Чекистов" }, "geometry": { "type": "Point", "coordinates": [ 38.9170523, 45.0325191 ] } },
{ "type": "Feature", "properties": { "NAME": "улица Хакурате" }, "geometry": { "type": "Point", "coordinates": [ 38.9804843, 45.0414604 ] } },
{ "type": "Feature", "properties": { "NAME": "улица Ставропольская" }, "geometry": { "type": "Point", "coordinates": [ 39.0418936, 45.016048 ] } },
{ "type": "Feature", "properties": { "NAME": "КубГТУ" }, "geometry": { "type": "Point", "coordinates": [ 39.0016616, 45.0501832 ] } },
{ "type": "Feature", "properties": { "NAME": "улица Серова" }, "geometry": { "type": "Point", "coordinates": [ 38.9977658, 45.0485316 ] } },
{ "type": "Feature", "properties": { "NAME": "Топольковый переулок" }, "geometry": { "type": "Point", "coordinates": [ 39.0137109, 45.093184 ] } },
{ "type": "Feature", "properties": { "NAME": "улица Петра Метальникова" }, "geometry": { "type": "Point", "coordinates": [ 39.0137531, 45.0956453 ] } },
{ "type": "Feature", "properties": { "NAME": "Хладокомбинат" }, "geometry": { "type": "Point", "coordinates": [ 39.043427, 45.0307707 ] } },
{ "type": "Feature", "properties": { "NAME": "Архитектурный техникум" }, "geometry": { "type": "Point", "coordinates": [ 39.0165645, 45.0614066 ] } },
{ "type": "Feature", "properties": { "NAME": "Архитектурный техникум" }, "geometry": { "type": "Point", "coordinates": [ 39.0168735, 45.0619342 ] } },
{ "type": "Feature", "properties": { "NAME": "Хлебозавод" }, "geometry": { "type": "Point", "coordinates": [ 39.0168386, 45.0575457 ] } },
{ "type": "Feature", "properties": { "NAME": "проспект Знаменского" }, "geometry": { "type": "Point", "coordinates": [ 39.0740991, 45.000103 ] } },
{ "type": "Feature", "properties": { "NAME": "Баррикадная" }, "geometry": { "type": "Point", "coordinates": [ 39.0329747, 45.1161723 ] } },
{ "type": "Feature", "properties": { "NAME": "Куликова поля" }, "geometry": { "type": "Point", "coordinates": [ 39.0263459, 45.1113728 ] } },
{ "type": "Feature", "properties": { "NAME": "Веселый переулок" }, "geometry": { "type": "Point", "coordinates": [ 39.0228495, 45.036388 ] } },
{ "type": "Feature", "properties": { "NAME": "Школьная улица" }, "geometry": { "type": "Point", "coordinates": [ 39.018482, 45.0352038 ] } },
{ "type": "Feature", "properties": { "NAME": "Школьная улица" }, "geometry": { "type": "Point", "coordinates": [ 39.019115, 45.0355511 ] } },
{ "type": "Feature", "properties": { "NAME": "Ангарская улица" }, "geometry": { "type": "Point", "coordinates": [ 39.0015721, 45.0821547 ] } },
{ "type": "Feature", "properties": { "NAME": "Ангарская улица" }, "geometry": { "type": "Point", "coordinates": [ 39.0011974, 45.0820867 ] } },
{ "type": "Feature", "properties": { "NAME": null }, "geometry": { "type": "Point", "coordinates": [ 38.9240447, 45.1143554 ] } },
{ "type": "Feature", "properties": { "NAME": "Школа №53" }, "geometry": { "type": "Point", "coordinates": [ 39.0718412, 45.0261658 ] } },
{ "type": "Feature", "properties": { "NAME": "Школа №53" }, "geometry": { "type": "Point", "coordinates": [ 39.0718322, 45.026463 ] } },
{ "type": "Feature", "properties": { "NAME": "улица Дежнёва" }, "geometry": { "type": "Point", "coordinates": [ 39.0768114, 45.0279291 ] } },
{ "type": "Feature", "properties": { "NAME": "Братская улица" }, "geometry": { "type": "Point", "coordinates": [ 39.0830726, 45.0299905 ] } },
{ "type": "Feature", "properties": { "NAME": "Симферопольская улица (Сормоская улица)" }, "geometry": { "type": "Point", "coordinates": [ 39.0905744, 45.0319029 ] } },
{ "type": "Feature", "properties": { "NAME": "Симферопольская улица (Сормоская улица)" }, "geometry": { "type": "Point", "coordinates": [ 39.0914374, 45.0322001 ] } },
{ "type": "Feature", "properties": { "NAME": "Рынок (Сормовская улица)" }, "geometry": { "type": "Point", "coordinates": [ 39.0949906, 45.0324441 ] } },
{ "type": "Feature", "properties": { "NAME": "Свято-Духов храм" }, "geometry": { "type": "Point", "coordinates": [ 39.0998803, 45.0330564 ] } },
{ "type": "Feature", "properties": { "NAME": "Свято-Духов храм" }, "geometry": { "type": "Point", "coordinates": [ 39.0996488, 45.0332148 ] } },
{ "type": "Feature", "properties": { "NAME": "улица 30-й Иркутской Дивизии" }, "geometry": { "type": "Point", "coordinates": [ 39.1045058, 45.0377381 ] } },
{ "type": "Feature", "properties": { "NAME": "улица 30-й Иркутской Дивизии" }, "geometry": { "type": "Point", "coordinates": [ 39.1032357, 45.0372529 ] } },
{ "type": "Feature", "properties": { "NAME": "Школа №83" }, "geometry": { "type": "Point", "coordinates": [ 39.1080905, 45.0387099 ] } },
{ "type": "Feature", "properties": { "NAME": "улица 1 Мая (улица Сормовская)" }, "geometry": { "type": "Point", "coordinates": [ 39.1137797, 45.0400975 ] } },
{ "type": "Feature", "properties": { "NAME": "улица 1 Мая (улица Сормовская)" }, "geometry": { "type": "Point", "coordinates": [ 39.1135525, 45.0393138 ] } },
{ "type": "Feature", "properties": { "NAME": "улица Тюляева" }, "geometry": { "type": "Point", "coordinates": [ 39.0970547, 45.035163 ] } },
{ "type": "Feature", "properties": { "NAME": "улица Тюляева" }, "geometry": { "type": "Point", "coordinates": [ 39.0974638, 45.0351886 ] } },
{ "type": "Feature", "properties": { "NAME": "улица Рылеева (улица Тургенева)" }, "geometry": { "type": "Point", "coordinates": [ 38.9578756, 45.0475195 ] } },
{ "type": "Feature", "properties": { "NAME": "улица Рылеева (улица Тургенева)" }, "geometry": { "type": "Point", "coordinates": [ 38.9582457, 45.0478938 ] } },
{ "type": "Feature", "properties": { "NAME": "Уральская улица" }, "geometry": { "type": "Point", "coordinates": [ 39.0962795, 45.038337 ] } },
{ "type": "Feature", "properties": { "NAME": "ЖК \"Немецкая деревня\"" }, "geometry": { "type": "Point", "coordinates": [ 38.9221898, 45.1137168 ] } },
{ "type": "Feature", "properties": { "NAME": "ККБ" }, "geometry": { "type": "Point", "coordinates": [ 39.022216, 45.0627605 ] } },
{ "type": "Feature", "properties": { "NAME": "Гуманитарно-Технологический колледж" }, "geometry": { "type": "Point", "coordinates": [ 39.022496, 45.0596022 ] } },
{ "type": "Feature", "properties": { "NAME": "Университет культуры" }, "geometry": { "type": "Point", "coordinates": [ 39.009447, 45.0552858 ] } },
{ "type": "Feature", "properties": { "NAME": "Российская улица (ул. 40 лет Победы)" }, "geometry": { "type": "Point", "coordinates": [ 39.0157636, 45.0555303 ] } },
{ "type": "Feature", "properties": { "NAME": "Стадионная улица" }, "geometry": { "type": "Point", "coordinates": [ 38.9835685, 45.1088228 ] } },
{ "type": "Feature", "properties": { "NAME": "\"Баскет-Холл\"" }, "geometry": { "type": "Point", "coordinates": [ 38.9851543, 45.1157422 ] } },
{ "type": "Feature", "properties": { "NAME": "улица Вавилова" }, "geometry": { "type": "Point", "coordinates": [ 38.8913914, 45.0565914 ] } },
{ "type": "Feature", "properties": { "NAME": "улица Вавилова" }, "geometry": { "type": "Point", "coordinates": [ 38.8916138, 45.0563264 ] } },
{ "type": "Feature", "properties": { "NAME": "Рубероидный завод" }, "geometry": { "type": "Point", "coordinates": [ 38.8963728, 45.0561912 ] } },
{ "type": "Feature", "properties": { "NAME": "ДК \"МЖК\"" }, "geometry": { "type": "Point", "coordinates": [ 39.0038602, 45.0286945 ] } },
{ "type": "Feature", "properties": { "NAME": "улица Володарского" }, "geometry": { "type": "Point", "coordinates": [ 39.0050062, 45.0320833 ] } },
{ "type": "Feature", "properties": { "NAME": "ДК \"МЖК\"" }, "geometry": { "type": "Point", "coordinates": [ 39.0035233, 45.0284777 ] } },
{ "type": "Feature", "properties": { "NAME": "улица Володарского" }, "geometry": { "type": "Point", "coordinates": [ 39.0047468, 45.031843 ] } },
{ "type": "Feature", "properties": { "NAME": "Кузнечная улица" }, "geometry": { "type": "Point", "coordinates": [ 39.0002146, 45.0331229 ] } },
{ "type": "Feature", "properties": { "NAME": "Кузнечная улица" }, "geometry": { "type": "Point", "coordinates": [ 38.9998541, 45.0330164 ] } },
{ "type": "Feature", "properties": { "NAME": "Военный городок имени Жукова (Энка)" }, "geometry": { "type": "Point", "coordinates": [ 38.979988, 45.0983836 ] } },
{ "type": "Feature", "properties": { "NAME": "Мегацентр \"Красная Площадь\"" }, "geometry": { "type": "Point", "coordinates": [ 38.9816133, 45.101348 ] } },
{ "type": "Feature", "properties": { "NAME": "Микрохирургия глаза" }, "geometry": { "type": "Point", "coordinates": [ 38.9230783, 45.0608199 ] } },
{ "type": "Feature", "properties": { "NAME": "Восточное депо" }, "geometry": { "type": "Point", "coordinates": [ 39.0235919, 45.0202784 ] } },
{ "type": "Feature", "properties": { "NAME": "улица Плиева" }, "geometry": { "type": "Point", "coordinates": [ 39.0882938, 45.0146994 ] } },
{ "type": "Feature", "properties": { "NAME": "улица Плиева" }, "geometry": { "type": "Point", "coordinates": [ 39.0897605, 45.0153466 ] } },
{ "type": "Feature", "properties": { "NAME": "Хлебозавод" }, "geometry": { "type": "Point", "coordinates": [ 39.0948963, 45.0165206 ] } },
{ "type": "Feature", "properties": { "NAME": "Торговый центр \"Юбилейный\"" }, "geometry": { "type": "Point", "coordinates": [ 38.9121929, 45.0307574 ] } },
{ "type": "Feature", "properties": { "NAME": "Беговая" }, "geometry": { "type": "Point", "coordinates": [ 39.0234515, 45.1259655 ] } },
{ "type": "Feature", "properties": { "NAME": "улица Достоевского" }, "geometry": { "type": "Point", "coordinates": [ 39.0138545, 45.0491912 ] } },
{ "type": "Feature", "properties": { "NAME": "Заполярная улица" }, "geometry": { "type": "Point", "coordinates": [ 38.9018553, 45.0727828 ] } },
{ "type": "Feature", "properties": { "NAME": "жилой комплекс «Светлоград»" }, "geometry": { "type": "Point", "coordinates": [ 38.8971683, 45.0763511 ] } },
{ "type": "Feature", "properties": { "NAME": "улица Круговая" }, "geometry": { "type": "Point", "coordinates": [ 38.9063025, 45.0701164 ] } },
{ "type": "Feature", "properties": { "NAME": "Заполярная улица" }, "geometry": { "type": "Point", "coordinates": [ 38.9017963, 45.073167 ] } },
{ "type": "Feature", "properties": { "NAME": "Рождественский парк" }, "geometry": { "type": "Point", "coordinates": [ 38.9017249, 45.0292527 ] } },
{ "type": "Feature", "properties": { "NAME": "Супермаркет \"Маяк\"" }, "geometry": { "type": "Point", "coordinates": [ 38.9039786, 45.0330614 ] } },
{ "type": "Feature", "properties": { "NAME": "Школа №80" }, "geometry": { "type": "Point", "coordinates": [ 38.9066347, 45.0360226 ] } },
{ "type": "Feature", "properties": { "NAME": "Думенко" }, "geometry": { "type": "Point", "coordinates": [ 38.9105366, 45.0381724 ] } },
{ "type": "Feature", "properties": { "NAME": "Харьковская улица" }, "geometry": { "type": "Point", "coordinates": [ 38.9238756, 45.0400936 ] } },
{ "type": "Feature", "properties": { "NAME": "Харьковская улица" }, "geometry": { "type": "Point", "coordinates": [ 38.9226766, 45.0400196 ] } },
{ "type": "Feature", "properties": { "NAME": "Алма-Атинская улица" }, "geometry": { "type": "Point", "coordinates": [ 38.9286928, 45.0413369 ] } },
{ "type": "Feature", "properties": { "NAME": "КубГАУ" }, "geometry": { "type": "Point", "coordinates": [ 38.9306482, 45.0461183 ] } },
{ "type": "Feature", "properties": { "NAME": "жилой комплекс «Спортивная деревня»" }, "geometry": { "type": "Point", "coordinates": [ 38.9085903, 45.094188 ] } },
{ "type": "Feature", "properties": { "NAME": "ЖК \"Немецкая деревня\"" }, "geometry": { "type": "Point", "coordinates": [ 38.930913, 45.1181916 ] } },
{ "type": "Feature", "properties": { "NAME": "Народная улица" }, "geometry": { "type": "Point", "coordinates": [ 38.9381805, 45.1082835 ] } },
{ "type": "Feature", "properties": { "NAME": "СНТ \"Лесник\"" }, "geometry": { "type": "Point", "coordinates": [ 38.941774, 45.1018832 ] } },
{ "type": "Feature", "properties": { "NAME": "2-й Лиговский проезд" }, "geometry": { "type": "Point", "coordinates": [ 38.961578, 45.0995697 ] } },
{ "type": "Feature", "properties": { "NAME": "Автоколонна №1683" }, "geometry": { "type": "Point", "coordinates": [ 38.9679201, 45.098837 ] } },
{ "type": "Feature", "properties": { "NAME": "улица Достоевского" }, "geometry": { "type": "Point", "coordinates": [ 39.0144007, 45.0494949 ] } },
{ "type": "Feature", "properties": { "NAME": "улица Гаврилова - Краснодар-2" }, "geometry": { "type": "Point", "coordinates": [ 38.9836374, 45.0539743 ] } },
{ "type": "Feature", "properties": { "NAME": "улица Клиническая" }, "geometry": { "type": "Point", "coordinates": [ 38.9925304, 45.0521342 ] } },
{ "type": "Feature", "properties": { "NAME": "Клиническая улица" }, "geometry": { "type": "Point", "coordinates": [ 38.9917855, 45.0517503 ] } },
{ "type": "Feature", "properties": { "NAME": "улица Димитрова" }, "geometry": { "type": "Point", "coordinates": [ 39.0218242, 45.0022529 ] } },
{ "type": "Feature", "properties": { "NAME": "Железнодорожный вокзал" }, "geometry": { "type": "Point", "coordinates": [ 38.9890707, 45.0198636 ] } },
{ "type": "Feature", "properties": { "NAME": "Почта" }, "geometry": { "type": "Point", "coordinates": [ 38.90788, 45.0287925 ] } },
{ "type": "Feature", "properties": { "NAME": "Индустриальная улица" }, "geometry": { "type": "Point", "coordinates": [ 38.9626325, 45.0000648 ] } },
{ "type": "Feature", "properties": { "NAME": "улица Толстого" }, "geometry": { "type": "Point", "coordinates": [ 38.9297749, 45.0648341 ] } },
{ "type": "Feature", "properties": { "NAME": "улица Толбухина" }, "geometry": { "type": "Point", "coordinates": [ 38.9246854, 45.0674654 ] } },
{ "type": "Feature", "properties": { "NAME": "улица Доватора" }, "geometry": { "type": "Point", "coordinates": [ 38.9263878, 45.0667082 ] } },
{ "type": "Feature", "properties": { "NAME": "Виноградная улица" }, "geometry": { "type": "Point", "coordinates": [ 38.9282724, 45.0657259 ] } },
{ "type": "Feature", "properties": { "NAME": "улица Декабристов" }, "geometry": { "type": "Point", "coordinates": [ 39.0151631, 45.0518339 ] } },
{ "type": "Feature", "properties": { "NAME": "Октябрьская улица" }, "geometry": { "type": "Point", "coordinates": [ 38.9681689, 45.0321141 ] } },
{ "type": "Feature", "properties": { "NAME": "Октябрьская улица" }, "geometry": { "type": "Point", "coordinates": [ 38.9689001, 45.0320589 ] } },
{ "type": "Feature", "properties": { "NAME": "улица Тюляева" }, "geometry": { "type": "Point", "coordinates": [ 39.0939111, 45.0389685 ] } },
{ "type": "Feature", "properties": { "NAME": "улица 8-го Марта" }, "geometry": { "type": "Point", "coordinates": [ 39.1139858, 45.0298241 ] } },
{ "type": "Feature", "properties": { "NAME": "улица 8-го Марта" }, "geometry": { "type": "Point", "coordinates": [ 39.1140056, 45.0298025 ] } },
{ "type": "Feature", "properties": { "NAME": "Кирпичный завод" }, "geometry": { "type": "Point", "coordinates": [ 39.0172408, 45.0062878 ] } },
{ "type": "Feature", "properties": { "NAME": "Кирпичный завод" }, "geometry": { "type": "Point", "coordinates": [ 39.0171023, 45.0064197 ] } },
{ "type": "Feature", "properties": { "NAME": "Хладокомбинат" }, "geometry": { "type": "Point", "coordinates": [ 39.0433939, 45.0301917 ] } },
{ "type": "Feature", "properties": { "NAME": "Восточное трамвайное депо" }, "geometry": { "type": "Point", "coordinates": [ 39.0234015, 45.0204776 ] } },
{ "type": "Feature", "properties": { "NAME": "улица Энгельса" }, "geometry": { "type": "Point", "coordinates": [ 38.9485073, 45.0545303 ] } },
{ "type": "Feature", "properties": { "NAME": "Рынок (Уральская улица)" }, "geometry": { "type": "Point", "coordinates": [ 39.1096696, 45.042904 ] } },
{ "type": "Feature", "properties": { "NAME": "улица Брюсова" }, "geometry": { "type": "Point", "coordinates": [ 38.9527799, 45.0538632 ] } },
{ "type": "Feature", "properties": { "NAME": "улица 30-й Иркутской Дивизии" }, "geometry": { "type": "Point", "coordinates": [ 39.1033773, 45.0420201 ] } },
{ "type": "Feature", "properties": { "NAME": "Рынок (Уральская улица)" }, "geometry": { "type": "Point", "coordinates": [ 39.1093137, 45.0429644 ] } },
{ "type": "Feature", "properties": { "NAME": "улица 1 Мая (улица Сормовская)" }, "geometry": { "type": "Point", "coordinates": [ 39.1139268, 45.0409557 ] } },
{ "type": "Feature", "properties": { "NAME": "Почта" }, "geometry": { "type": "Point", "coordinates": [ 39.1001975, 45.041472 ] } },
{ "type": "Feature", "properties": { "NAME": "Уральская улица" }, "geometry": { "type": "Point", "coordinates": [ 39.1134363, 45.0430061 ] } },
{ "type": "Feature", "properties": { "NAME": "улица Брюсова" }, "geometry": { "type": "Point", "coordinates": [ 38.9540702, 45.0535165 ] } },
{ "type": "Feature", "properties": { "NAME": "улица 30-й Иркутской Дивизии" }, "geometry": { "type": "Point", "coordinates": [ 39.1053407, 45.0424883 ] } },
{ "type": "Feature", "properties": { "NAME": "Почта" }, "geometry": { "type": "Point", "coordinates": [ 39.0985969, 45.0409204 ] } },
{ "type": "Feature", "properties": { "NAME": "Супермаркет" }, "geometry": { "type": "Point", "coordinates": [ 39.0515408, 45.0132233 ] } },
{ "type": "Feature", "properties": { "NAME": "Стадион ФК \"Краснодар\"" }, "geometry": { "type": "Point", "coordinates": [ 39.0269854, 45.0455404 ] } },
{ "type": "Feature", "properties": { "NAME": "Ипподром" }, "geometry": { "type": "Point", "coordinates": [ 39.0129989, 45.1276195 ] } },
{ "type": "Feature", "properties": { "NAME": "Оз молл" }, "geometry": { "type": "Point", "coordinates": [ 39.1206001, 45.0122539 ] } },
{ "type": "Feature", "properties": { "NAME": "ТРК Oz молл" }, "geometry": { "type": "Point", "coordinates": [ 39.124836, 45.0104121 ] } },
{ "type": "Feature", "properties": { "NAME": "ССК «Сокол»" }, "geometry": { "type": "Point", "coordinates": [ 38.9146185, 45.1003618 ] } },
{ "type": "Feature", "properties": { "NAME": "жилой комплекс «Западный Город»" }, "geometry": { "type": "Point", "coordinates": [ 38.9124347, 45.0983989 ] } },
{ "type": "Feature", "properties": { "NAME": "жилой комплекс «Светлоград»" }, "geometry": { "type": "Point", "coordinates": [ 38.8974285, 45.0758275 ] } },
{ "type": "Feature", "properties": { "NAME": "Тепличная улица" }, "geometry": { "type": "Point", "coordinates": [ 39.0121705, 45.1099496 ] } },
{ "type": "Feature", "properties": { "NAME": "Городская психиатрическая больница" }, "geometry": { "type": "Point", "coordinates": [ 39.0239531, 45.1215796 ] } },
{ "type": "Feature", "properties": { "NAME": "Беговая" }, "geometry": { "type": "Point", "coordinates": [ 39.0232734, 45.1263775 ] } },
{ "type": "Feature", "properties": { "NAME": "Ипподром" }, "geometry": { "type": "Point", "coordinates": [ 39.0179547, 45.1255545 ] } },
{ "type": "Feature", "properties": { "NAME": "Беговая улица" }, "geometry": { "type": "Point", "coordinates": [ 39.0212594, 45.1264115 ] } },
{ "type": "Feature", "properties": { "NAME": "Российская (ул. Беговая)" }, "geometry": { "type": "Point", "coordinates": [ 39.0119224, 45.1261091 ] } },
{ "type": "Feature", "properties": { "NAME": "Российская (ул. Беговая)" }, "geometry": { "type": "Point", "coordinates": [ 39.0114806, 45.1263119 ] } },
{ "type": "Feature", "properties": { "NAME": "40 лет Победы" }, "geometry": { "type": "Point", "coordinates": [ 39.0197478, 45.0556973 ] } },
{ "type": "Feature", "properties": { "NAME": "улица Ивана Рослого" }, "geometry": { "type": "Point", "coordinates": [ 39.0133921, 45.099589 ] } },
{ "type": "Feature", "properties": { "NAME": "улица Ивана Рослого" }, "geometry": { "type": "Point", "coordinates": [ 39.0130175, 45.1002053 ] } },
{ "type": "Feature", "properties": { "NAME": "переулок Гаражный" }, "geometry": { "type": "Point", "coordinates": [ 39.0161123, 45.0848538 ] } },
{ "type": "Feature", "properties": { "NAME": "переулок Гаражный" }, "geometry": { "type": "Point", "coordinates": [ 39.0146882, 45.085362 ] } },
{ "type": "Feature", "properties": { "NAME": "Ивановская улица" }, "geometry": { "type": "Point", "coordinates": [ 39.0255609, 45.0884342 ] } },
{ "type": "Feature", "properties": { "NAME": "Ивановская улица" }, "geometry": { "type": "Point", "coordinates": [ 39.0248391, 45.0885401 ] } },
{ "type": "Feature", "properties": { "NAME": "поселок Краснодарский" }, "geometry": { "type": "Point", "coordinates": [ 39.0440016, 45.0886847 ] } },
{ "type": "Feature", "properties": { "NAME": "Магазин \"Магнит\"" }, "geometry": { "type": "Point", "coordinates": [ 39.0311914, 45.0557182 ] } },
{ "type": "Feature", "properties": { "NAME": "Магазин \"Магнит\"" }, "geometry": { "type": "Point", "coordinates": [ 39.0309104, 45.0558125 ] } },
{ "type": "Feature", "properties": { "NAME": null }, "geometry": { "type": "Point", "coordinates": [ 39.035923, 45.0558698 ] } },
{ "type": "Feature", "properties": { "NAME": null }, "geometry": { "type": "Point", "coordinates": [ 39.036761, 45.0556655 ] } },
{ "type": "Feature", "properties": { "NAME": "улица героя Владислава Посадского" }, "geometry": { "type": "Point", "coordinates": [ 39.0411562, 45.0569689 ] } },
{ "type": "Feature", "properties": { "NAME": "улица героя Владислава Посадского" }, "geometry": { "type": "Point", "coordinates": [ 39.0400486, 45.0566429 ] } },
{ "type": "Feature", "properties": { "NAME": "ЖК \"Олимп\"" }, "geometry": { "type": "Point", "coordinates": [ 39.0342355, 45.0689261 ] } },
{ "type": "Feature", "properties": { "NAME": "Губернский" }, "geometry": { "type": "Point", "coordinates": [ 39.0340389, 45.0689479 ] } },
{ "type": "Feature", "properties": { "NAME": "улица Ковалёва" }, "geometry": { "type": "Point", "coordinates": [ 38.9504101, 45.0639576 ] } },
{ "type": "Feature", "properties": { "NAME": "Солнечная" }, "geometry": { "type": "Point", "coordinates": [ 38.9872371, 45.0730939 ] } },
{ "type": "Feature", "properties": { "NAME": "Ипподром" }, "geometry": { "type": "Point", "coordinates": [ 39.0147686, 45.1287422 ] } },
{ "type": "Feature", "properties": { "NAME": "Пригородная улица" }, "geometry": { "type": "Point", "coordinates": [ 38.9874141, 45.1234708 ] } },
{ "type": "Feature", "properties": { "NAME": "\"Баскет-Холл\"" }, "geometry": { "type": "Point", "coordinates": [ 38.9855701, 45.115728 ] } },
{ "type": "Feature", "properties": { "NAME": "Екатерининский зал" }, "geometry": { "type": "Point", "coordinates": [ 38.9854413, 45.0615434 ] } },
{ "type": "Feature", "properties": { "NAME": "ТЦ \"Лента\"" }, "geometry": { "type": "Point", "coordinates": [ 39.0141092, 45.0872738 ] } },
{ "type": "Feature", "properties": { "NAME": "переулок Гаражный" }, "geometry": { "type": "Point", "coordinates": [ 39.0145034, 45.0838396 ] } },
{ "type": "Feature", "properties": { "NAME": "улица Зиповская" }, "geometry": { "type": "Point", "coordinates": [ 39.0018677, 45.0625483 ] } },
{ "type": "Feature", "properties": { "NAME": "улица Зиповская" }, "geometry": { "type": "Point", "coordinates": [ 39.0019226, 45.0626887 ] } },
{ "type": "Feature", "properties": { "NAME": "улица Зиповская" }, "geometry": { "type": "Point", "coordinates": [ 39.0021209, 45.0626459 ] } },
{ "type": "Feature", "properties": { "NAME": "Московская" }, "geometry": { "type": "Point", "coordinates": [ 39.0027382, 45.0558216 ] } },
{ "type": "Feature", "properties": { "NAME": "РИП" }, "geometry": { "type": "Point", "coordinates": [ 39.0010752, 45.0702202 ] } },
{ "type": "Feature", "properties": { "NAME": "Железнодорожная больница" }, "geometry": { "type": "Point", "coordinates": [ 39.0014027, 45.0688465 ] } },
{ "type": "Feature", "properties": { "NAME": "ДК ВОС" }, "geometry": { "type": "Point", "coordinates": [ 39.0015938, 45.0631496 ] } },
{ "type": "Feature", "properties": { "NAME": "Почта" }, "geometry": { "type": "Point", "coordinates": [ 39.001374, 45.0661883 ] } },
{ "type": "Feature", "properties": { "NAME": "Московская" }, "geometry": { "type": "Point", "coordinates": [ 39.0023084, 45.0562252 ] } },
{ "type": "Feature", "properties": { "NAME": "Ростовская" }, "geometry": { "type": "Point", "coordinates": [ 39.0055116, 45.055364 ] } },
{ "type": "Feature", "properties": { "NAME": "улица Каляева" }, "geometry": { "type": "Point", "coordinates": [ 38.939357, 45.0539713 ] } },
{ "type": "Feature", "properties": { "NAME": "Нефтемашремонт" }, "geometry": { "type": "Point", "coordinates": [ 38.9830904, 45.0658203 ] } },
{ "type": "Feature", "properties": { "NAME": "Уссурийская улица" }, "geometry": { "type": "Point", "coordinates": [ 39.0152433, 45.075429 ] } },
{ "type": "Feature", "properties": { "NAME": "Большевистская улица" }, "geometry": { "type": "Point", "coordinates": [ 39.0110423, 45.1236388 ] } },
{ "type": "Feature", "properties": { "NAME": "Пригородная улица" }, "geometry": { "type": "Point", "coordinates": [ 39.0114601, 45.1180675 ] } },
{ "type": "Feature", "properties": { "NAME": "Тенистая улица" }, "geometry": { "type": "Point", "coordinates": [ 39.0119482, 45.1124893 ] } },
{ "type": "Feature", "properties": { "NAME": "Ленинский переулок" }, "geometry": { "type": "Point", "coordinates": [ 39.0126021, 45.1052283 ] } },
{ "type": "Feature", "properties": { "NAME": "Большевистская улица" }, "geometry": { "type": "Point", "coordinates": [ 39.011149, 45.124471 ] } },
{ "type": "Feature", "properties": { "NAME": "Пригородная улица" }, "geometry": { "type": "Point", "coordinates": [ 39.0114842, 45.1207172 ] } },
{ "type": "Feature", "properties": { "NAME": "Тенистая улица" }, "geometry": { "type": "Point", "coordinates": [ 39.0119858, 45.1152236 ] } },
{ "type": "Feature", "properties": { "NAME": "Тепличная улица" }, "geometry": { "type": "Point", "coordinates": [ 39.0123559, 45.1112211 ] } },
{ "type": "Feature", "properties": { "NAME": "Ангарская улица" }, "geometry": { "type": "Point", "coordinates": [ 39.0149805, 45.0819869 ] } },
{ "type": "Feature", "properties": { "NAME": "Детский сад" }, "geometry": { "type": "Point", "coordinates": [ 39.0152715, 45.0786588 ] } },
{ "type": "Feature", "properties": { "NAME": "Уссурийская улица" }, "geometry": { "type": "Point", "coordinates": [ 39.0156523, 45.0746368 ] } },
{ "type": "Feature", "properties": { "NAME": "Экспоцентр" }, "geometry": { "type": "Point", "coordinates": [ 38.9954674, 45.0618608 ] } },
{ "type": "Feature", "properties": { "NAME": "Яна-Полуяна" }, "geometry": { "type": "Point", "coordinates": [ 38.949379, 45.0630363 ] } },
{ "type": "Feature", "properties": { "NAME": "улица Каляева" }, "geometry": { "type": "Point", "coordinates": [ 38.9391169, 45.0538188 ] } },
{ "type": "Feature", "properties": { "NAME": "КубГАУ" }, "geometry": { "type": "Point", "coordinates": [ 38.9300725, 45.0437327 ] } },
{ "type": "Feature", "properties": { "NAME": "Тульская улица" }, "geometry": { "type": "Point", "coordinates": [ 38.9268914, 45.040761 ] } },
{ "type": "Feature", "properties": { "NAME": "Школа искусств" }, "geometry": { "type": "Point", "coordinates": [ 38.918142, 45.0390239 ] } },
{ "type": "Feature", "properties": { "NAME": "Школа №80" }, "geometry": { "type": "Point", "coordinates": [ 38.9069143, 45.0360605 ] } },
{ "type": "Feature", "properties": { "NAME": "Супермаркет \"Маяк\"" }, "geometry": { "type": "Point", "coordinates": [ 38.9046357, 45.0334107 ] } },
{ "type": "Feature", "properties": { "NAME": "Рождественский парк" }, "geometry": { "type": "Point", "coordinates": [ 38.9025772, 45.0301371 ] } },
{ "type": "Feature", "properties": { "NAME": "улица 70 лет Октября" }, "geometry": { "type": "Point", "coordinates": [ 38.9037896, 45.0270727 ] } },
{ "type": "Feature", "properties": { "NAME": "РИП" }, "geometry": { "type": "Point", "coordinates": [ 39.0009377, 45.0705036 ] } },
{ "type": "Feature", "properties": { "NAME": "Почта" }, "geometry": { "type": "Point", "coordinates": [ 39.001386, 45.066733 ] } },
{ "type": "Feature", "properties": { "NAME": "Почта" }, "geometry": { "type": "Point", "coordinates": [ 39.0014947, 45.0664034 ] } },
{ "type": "Feature", "properties": { "NAME": "п. Пригородный-Канал" }, "geometry": { "type": "Point", "coordinates": [ 39.1848993, 45.0645272 ] } },
{ "type": "Feature", "properties": { "NAME": "Автомобилист" }, "geometry": { "type": "Point", "coordinates": [ 39.1794081, 45.0640569 ] } },
{ "type": "Feature", "properties": { "NAME": "поселок Кирпичного завода" }, "geometry": { "type": "Point", "coordinates": [ 38.8483429, 45.0524469 ] } },
{ "type": "Feature", "properties": { "NAME": "Электростанция" }, "geometry": { "type": "Point", "coordinates": [ 38.9118643, 45.0550371 ] } },
{ "type": "Feature", "properties": { "NAME": "Детская городская клиническая больница №1" }, "geometry": { "type": "Point", "coordinates": [ 38.9157093, 45.059088 ] } },
{ "type": "Feature", "properties": { "NAME": "Сочинская улица" }, "geometry": { "type": "Point", "coordinates": [ 38.9249769, 45.0597505 ] } },
{ "type": "Feature", "properties": { "NAME": "улица 2-я Линия" }, "geometry": { "type": "Point", "coordinates": [ 38.9351365, 45.0546487 ] } },
{ "type": "Feature", "properties": { "NAME": "Гаражная улица" }, "geometry": { "type": "Point", "coordinates": [ 38.9679815, 45.0623922 ] } },
{ "type": "Feature", "properties": { "NAME": "Нефтемашремонт" }, "geometry": { "type": "Point", "coordinates": [ 38.9831608, 45.0653447 ] } },
{ "type": "Feature", "properties": { "NAME": "Экспоцентр" }, "geometry": { "type": "Point", "coordinates": [ 38.9956243, 45.0619972 ] } },
{ "type": "Feature", "properties": { "NAME": "Почта" }, "geometry": { "type": "Point", "coordinates": [ 39.0172751, 45.1108605 ] } },
{ "type": "Feature", "properties": { "NAME": "Гомельская улица" }, "geometry": { "type": "Point", "coordinates": [ 39.0017371, 45.0843121 ] } },
{ "type": "Feature", "properties": { "NAME": "Чистяковская Роща" }, "geometry": { "type": "Point", "coordinates": [ 38.9893292, 45.0571829 ] } },
{ "type": "Feature", "properties": { "NAME": "Медицинский центр" }, "geometry": { "type": "Point", "coordinates": [ 38.9248569, 45.0594831 ] } },
{ "type": "Feature", "properties": { "NAME": "улица Круговая" }, "geometry": { "type": "Point", "coordinates": [ 38.9106412, 45.0678468 ] } },
{ "type": "Feature", "properties": { "NAME": "Чистяковская Роща" }, "geometry": { "type": "Point", "coordinates": [ 38.9894184, 45.0580789 ] } },
{ "type": "Feature", "properties": { "NAME": "Институт культуры" }, "geometry": { "type": "Point", "coordinates": [ 39.0026983, 45.0548377 ] } },
{ "type": "Feature", "properties": { "NAME": "Институт культуры" }, "geometry": { "type": "Point", "coordinates": [ 39.0025818, 45.0554175 ] } },
{ "type": "Feature", "properties": { "NAME": "улица Островского/КубГТУ" }, "geometry": { "type": "Point", "coordinates": [ 39.0020254, 45.0513223 ] } },
{ "type": "Feature", "properties": { "NAME": "КубГТУ" }, "geometry": { "type": "Point", "coordinates": [ 39.00383, 45.050419 ] } },
{ "type": "Feature", "properties": { "NAME": "Магнит" }, "geometry": { "type": "Point", "coordinates": [ 39.0019778, 45.087166 ] } },
{ "type": "Feature", "properties": { "NAME": "Магнит" }, "geometry": { "type": "Point", "coordinates": [ 39.0015623, 45.0870461 ] } },
{ "type": "Feature", "properties": { "NAME": "Жигулёвская улица" }, "geometry": { "type": "Point", "coordinates": [ 39.0015138, 45.0808175 ] } },
{ "type": "Feature", "properties": { "NAME": "ЖК Новый Город" }, "geometry": { "type": "Point", "coordinates": [ 39.0486456, 45.0961406 ] } },
{ "type": "Feature", "properties": { "NAME": "Детский сад" }, "geometry": { "type": "Point", "coordinates": [ 39.0150703, 45.0775617 ] } },
{ "type": "Feature", "properties": { "NAME": "улица Седина" }, "geometry": { "type": "Point", "coordinates": [ 38.9703633, 45.017381 ] } },
{ "type": "Feature", "properties": { "NAME": "улица Пушкина" }, "geometry": { "type": "Point", "coordinates": [ 38.9733674, 45.0154091 ] } },
{ "type": "Feature", "properties": { "NAME": "ЖК \"Светлый\"" }, "geometry": { "type": "Point", "coordinates": [ 39.0020536, 45.0880168 ] } },
{ "type": "Feature", "properties": { "NAME": "Школа №32" }, "geometry": { "type": "Point", "coordinates": [ 38.9988423, 45.0182063 ] } },
{ "type": "Feature", "properties": { "NAME": "Жигулёвская улица" }, "geometry": { "type": "Point", "coordinates": [ 39.0010629, 45.080075 ] } },
{ "type": "Feature", "properties": { "NAME": "ЖК \"Светлый\"" }, "geometry": { "type": "Point", "coordinates": [ 39.0016767, 45.0879524 ] } },
{ "type": "Feature", "properties": { "NAME": "улица Петра Метальникова" }, "geometry": { "type": "Point", "coordinates": [ 39.0018216, 45.0929979 ] } },
{ "type": "Feature", "properties": { "NAME": "Переяславская улица" }, "geometry": { "type": "Point", "coordinates": [ 39.0317, 45.0884561 ] } },
{ "type": "Feature", "properties": { "NAME": "Переяславская улица" }, "geometry": { "type": "Point", "coordinates": [ 39.0310161, 45.0885707 ] } },
{ "type": "Feature", "properties": { "NAME": "Губернский Конечная" }, "geometry": { "type": "Point", "coordinates": [ 39.0399099, 45.0691653 ] } },
{ "type": "Feature", "properties": { "NAME": "Кружевная" }, "geometry": { "type": "Point", "coordinates": [ 39.0678231, 44.9928103 ] } },
{ "type": "Feature", "properties": { "NAME": "Кружевная" }, "geometry": { "type": "Point", "coordinates": [ 39.0691529, 44.9937372 ] } },
{ "type": "Feature", "properties": { "NAME": "Валерия Гассия" }, "geometry": { "type": "Point", "coordinates": [ 39.0684378, 44.9882152 ] } },
{ "type": "Feature", "properties": { "NAME": "улица имени Невкипелова" }, "geometry": { "type": "Point", "coordinates": [ 39.0787102, 45.0002781 ] } },
{ "type": "Feature", "properties": { "NAME": null }, "geometry": { "type": "Point", "coordinates": [ 39.0741007, 45.0000587 ] } },
{ "type": "Feature", "properties": { "NAME": "Торговый центр \"Западный\"" }, "geometry": { "type": "Point", "coordinates": [ 38.902543, 45.0862116 ] } },
{ "type": "Feature", "properties": { "NAME": null }, "geometry": { "type": "Point", "coordinates": [ 38.9292202, 45.1003224 ] } },
{ "type": "Feature", "properties": { "NAME": "Кореновская улица" }, "geometry": { "type": "Point", "coordinates": [ 38.9783314, 45.0974647 ] } },
{ "type": "Feature", "properties": { "NAME": "СОШ №66" }, "geometry": { "type": "Point", "coordinates": [ 39.0387583, 45.0726905 ] } },
{ "type": "Feature", "properties": { "NAME": "поселок Кирпичного завода" }, "geometry": { "type": "Point", "coordinates": [ 38.8545146, 45.0538803 ] } },
{ "type": "Feature", "properties": { "NAME": "Ипподромная улица" }, "geometry": { "type": "Point", "coordinates": [ 39.0046044, 45.0426306 ] } },
{ "type": "Feature", "properties": { "NAME": "Ипподромная улица" }, "geometry": { "type": "Point", "coordinates": [ 39.0053876, 45.0429585 ] } },
{ "type": "Feature", "properties": { "NAME": "Больница скорой помощи" }, "geometry": { "type": "Point", "coordinates": [ 38.9965785, 45.0548894 ] } },
{ "type": "Feature", "properties": { "NAME": "ТРК \"СБС\"" }, "geometry": { "type": "Point", "coordinates": [ 39.0506013, 45.0360384 ] } },
{ "type": "Feature", "properties": { "NAME": null }, "geometry": { "type": "Point", "coordinates": [ 38.9770979, 45.105462 ] } },
{ "type": "Feature", "properties": { "NAME": "Поющие Фонтаны" }, "geometry": { "type": "Point", "coordinates": [ 39.0768884, 45.0000408 ] } },
{ "type": "Feature", "properties": { "NAME": "Детский сад" }, "geometry": { "type": "Point", "coordinates": [ 39.0759712, 45.0029248 ] } },
{ "type": "Feature", "properties": { "NAME": "Стоматологическая поликлиника" }, "geometry": { "type": "Point", "coordinates": [ 39.0798457, 45.00325 ] } },
{ "type": "Feature", "properties": { "NAME": "Горячеключевская улица" }, "geometry": { "type": "Point", "coordinates": [ 39.1065578, 45.004653 ] } },
{ "type": "Feature", "properties": { "NAME": "улица Бородинская" }, "geometry": { "type": "Point", "coordinates": [ 39.1008863, 45.0102828 ] } },
{ "type": "Feature", "properties": { "NAME": "улица Крупской" }, "geometry": { "type": "Point", "coordinates": [ 39.098243, 45.0132883 ] } },
{ "type": "Feature", "properties": { "NAME": "Солнечная улица" }, "geometry": { "type": "Point", "coordinates": [ 39.0158978, 45.0717874 ] } },
{ "type": "Feature", "properties": { "NAME": "Памирская улица" }, "geometry": { "type": "Point", "coordinates": [ 39.0161406, 45.0686604 ] } },
{ "type": "Feature", "properties": { "NAME": "Черкасская улица" }, "geometry": { "type": "Point", "coordinates": [ 39.0164222, 45.0661404 ] } },
{ "type": "Feature", "properties": { "NAME": "Хлебозавод" }, "geometry": { "type": "Point", "coordinates": [ 39.0171504, 45.057982 ] } },
{ "type": "Feature", "properties": { "NAME": "улица Крупской" }, "geometry": { "type": "Point", "coordinates": [ 39.0983784, 45.0136391 ] } },
{ "type": "Feature", "properties": { "NAME": "улица Бородинская" }, "geometry": { "type": "Point", "coordinates": [ 39.1011009, 45.0105236 ] } },
{ "type": "Feature", "properties": { "NAME": "ЖК Империал" }, "geometry": { "type": "Point", "coordinates": [ 39.1046038, 45.0066172 ] } },
{ "type": "Feature", "properties": { "NAME": null }, "geometry": { "type": "Point", "coordinates": [ 38.9867627, 45.1230256 ] } },
{ "type": "Feature", "properties": { "NAME": "Пригородная улица" }, "geometry": { "type": "Point", "coordinates": [ 38.9859991, 45.1223375 ] } },
{ "type": "Feature", "properties": { "NAME": "4-й Пригородный проезд" }, "geometry": { "type": "Point", "coordinates": [ 38.9914691, 45.1251735 ] } },
{ "type": "Feature", "properties": { "NAME": "4-й Пригородный проезд" }, "geometry": { "type": "Point", "coordinates": [ 38.9915539, 45.1249459 ] } },
{ "type": "Feature", "properties": { "NAME": null }, "geometry": { "type": "Point", "coordinates": [ 38.9964308, 45.1279687 ] } },
{ "type": "Feature", "properties": { "NAME": null }, "geometry": { "type": "Point", "coordinates": [ 38.9850932, 45.1292631 ] } },
{ "type": "Feature", "properties": { "NAME": "Полевой проезд" }, "geometry": { "type": "Point", "coordinates": [ 38.978772, 45.0788913 ] } },
{ "type": "Feature", "properties": { "NAME": "Школа №17" }, "geometry": { "type": "Point", "coordinates": [ 38.982161, 45.0784888 ] } },
{ "type": "Feature", "properties": { "NAME": "улица Сафонова" }, "geometry": { "type": "Point", "coordinates": [ 38.9849304, 45.0856411 ] } },
{ "type": "Feature", "properties": { "NAME": "улица Талалихина" }, "geometry": { "type": "Point", "coordinates": [ 38.9843805, 45.0832331 ] } },
{ "type": "Feature", "properties": { "NAME": "Полевая улица" }, "geometry": { "type": "Point", "coordinates": [ 38.9816179, 45.0888632 ] } },
{ "type": "Feature", "properties": { "NAME": "улица Грибоедова" }, "geometry": { "type": "Point", "coordinates": [ 38.9854708, 45.0880821 ] } },
{ "type": "Feature", "properties": { "NAME": "улица Грибоедова" }, "geometry": { "type": "Point", "coordinates": [ 38.9852965, 45.088493 ] } },
{ "type": "Feature", "properties": { "NAME": "улица Грибоедова" }, "geometry": { "type": "Point", "coordinates": [ 38.9826183, 45.0886672 ] } },
{ "type": "Feature", "properties": { "NAME": "улица Сафонова" }, "geometry": { "type": "Point", "coordinates": [ 38.984921, 45.0849773 ] } },
{ "type": "Feature", "properties": { "NAME": "улица Талалихина" }, "geometry": { "type": "Point", "coordinates": [ 38.9843751, 45.0826593 ] } },
{ "type": "Feature", "properties": { "NAME": "Ярославская улица" }, "geometry": { "type": "Point", "coordinates": [ 38.9835705, 45.0789841 ] } },
{ "type": "Feature", "properties": { "NAME": "Полевой проезд" }, "geometry": { "type": "Point", "coordinates": [ 38.9777434, 45.0788865 ] } },
{ "type": "Feature", "properties": { "NAME": "Уральская улица" }, "geometry": { "type": "Point", "coordinates": [ 39.1132043, 45.0429291 ] } },
{ "type": "Feature", "properties": { "NAME": "Гипермаркет \"Касторама\"" }, "geometry": { "type": "Point", "coordinates": [ 38.9818311, 45.0705647 ] } },
{ "type": "Feature", "properties": { "NAME": "8-я Урожайная улица" }, "geometry": { "type": "Point", "coordinates": [ 38.9854107, 45.1291307 ] } },
{ "type": "Feature", "properties": { "NAME": null }, "geometry": { "type": "Point", "coordinates": [ 38.9851316, 45.1292493 ] } },
{ "type": "Feature", "properties": { "NAME": null }, "geometry": { "type": "Point", "coordinates": [ 39.0145095, 45.0285759 ] } },
{ "type": "Feature", "properties": { "NAME": "Бауцентр" }, "geometry": { "type": "Point", "coordinates": [ 39.0206925, 45.0279646 ] } },
{ "type": "Feature", "properties": { "NAME": "Рождественский храм" }, "geometry": { "type": "Point", "coordinates": [ 38.9057141, 45.026468 ] } },
{ "type": "Feature", "properties": { "NAME": "Рождественский храм" }, "geometry": { "type": "Point", "coordinates": [ 38.9052568, 45.0256805 ] } },
{ "type": "Feature", "properties": { "NAME": "улица Солнечная" }, "geometry": { "type": "Point", "coordinates": [ 39.0006575, 45.0728756 ] } },
{ "type": "Feature", "properties": { "NAME": "Домбайская улица" }, "geometry": { "type": "Point", "coordinates": [ 39.0247893, 45.0710998 ] } },
{ "type": "Feature", "properties": { "NAME": "Восточно-Кругликовская улица" }, "geometry": { "type": "Point", "coordinates": [ 39.0251005, 45.0663715 ] } },
{ "type": "Feature", "properties": { "NAME": "Восточно-Кругликовская улица" }, "geometry": { "type": "Point", "coordinates": [ 39.0256048, 45.0600912 ] } },
{ "type": "Feature", "properties": { "NAME": "Восточно-Кругликовская улица" }, "geometry": { "type": "Point", "coordinates": [ 39.0253178, 45.0603262 ] } },
{ "type": "Feature", "properties": { "NAME": "улица 40 лет Победы" }, "geometry": { "type": "Point", "coordinates": [ 39.0226892, 45.0565179 ] } },
{ "type": "Feature", "properties": { "NAME": "улица 40 лет Победы" }, "geometry": { "type": "Point", "coordinates": [ 39.0227292, 45.0566359 ] } },
{ "type": "Feature", "properties": { "NAME": "улица Советская" }, "geometry": { "type": "Point", "coordinates": [ 38.9702386, 45.0172464 ] } },
{ "type": "Feature", "properties": { "NAME": "улица Ярославского" }, "geometry": { "type": "Point", "coordinates": [ 39.1152616, 45.0189452 ] } },
{ "type": "Feature", "properties": { "NAME": "Куренная улица" }, "geometry": { "type": "Point", "coordinates": [ 39.1250436, 45.0241836 ] } },
{ "type": "Feature", "properties": { "NAME": "улица 8 Марта" }, "geometry": { "type": "Point", "coordinates": [ 39.1228174, 45.0229267 ] } },
{ "type": "Feature", "properties": { "NAME": "улица 8 Марта" }, "geometry": { "type": "Point", "coordinates": [ 39.1212443, 45.0222622 ] } },
{ "type": "Feature", "properties": { "NAME": "улица Ярославского" }, "geometry": { "type": "Point", "coordinates": [ 39.1147593, 45.0184992 ] } },
{ "type": "Feature", "properties": { "NAME": "улица Демченко" }, "geometry": { "type": "Point", "coordinates": [ 39.109004, 45.0161287 ] } },
{ "type": "Feature", "properties": { "NAME": "улица Гоголя" }, "geometry": { "type": "Point", "coordinates": [ 39.1021335, 45.0141321 ] } },
{ "type": "Feature", "properties": { "NAME": "Кооперативный рынок" }, "geometry": { "type": "Point", "coordinates": [ 38.9729691, 45.0253306 ] } },
{ "type": "Feature", "properties": { "NAME": "ж/д \"Станция Пашковская\"" }, "geometry": { "type": "Point", "coordinates": [ 39.1240539, 45.0429699 ] } },
{ "type": "Feature", "properties": { "NAME": "Лента" }, "geometry": { "type": "Point", "coordinates": [ 39.1270579, 45.0371712 ] } },
{ "type": "Feature", "properties": { "NAME": null }, "geometry": { "type": "Point", "coordinates": [ 38.9748908, 45.1020482 ] } },
{ "type": "Feature", "properties": { "NAME": "улица Циолковского" }, "geometry": { "type": "Point", "coordinates": [ 38.9792964, 45.0890024 ] } },
{ "type": "Feature", "properties": { "NAME": "3-я Трудовая улица" }, "geometry": { "type": "Point", "coordinates": [ 38.9961997, 45.1279105 ] } },
{ "type": "Feature", "properties": { "NAME": "ЖК \"Тургенев\"" }, "geometry": { "type": "Point", "coordinates": [ 38.9609041, 45.0612011 ] } },
{ "type": "Feature", "properties": { "NAME": "улица Гидростроителей" }, "geometry": { "type": "Point", "coordinates": [ 39.0710581, 45.0023671 ] } },
{ "type": "Feature", "properties": { "NAME": "улица Невкипелого" }, "geometry": { "type": "Point", "coordinates": [ 39.0703758, 45.0010403 ] } },
{ "type": "Feature", "properties": { "NAME": "Биофабрика" }, "geometry": { "type": "Point", "coordinates": [ 39.0174133, 45.0548069 ] } },
{ "type": "Feature", "properties": { "NAME": "улица Чернышевского" }, "geometry": { "type": "Point", "coordinates": [ 39.0086317, 45.0451502 ] } },
{ "type": "Feature", "properties": { "NAME": "улица Красных Зорь" }, "geometry": { "type": "Point", "coordinates": [ 39.0177284, 45.0484211 ] } },
{ "type": "Feature", "properties": { "NAME": "Первомайская улица" }, "geometry": { "type": "Point", "coordinates": [ 39.0111302, 45.0462219 ] } },
{ "type": "Feature", "properties": { "NAME": "улица Декабристов" }, "geometry": { "type": "Point", "coordinates": [ 39.0174347, 45.0516738 ] } },
{ "type": "Feature", "properties": { "NAME": "Биофабрика" }, "geometry": { "type": "Point", "coordinates": [ 39.0172443, 45.0541878 ] } },
{ "type": "Feature", "properties": { "NAME": "улица Воровского" }, "geometry": { "type": "Point", "coordinates": [ 38.9553107, 45.0513014 ] } },
{ "type": "Feature", "properties": { "NAME": "улица Автолюбителей" }, "geometry": { "type": "Point", "coordinates": [ 39.0666908, 45.0062208 ] } },
{ "type": "Feature", "properties": { "NAME": "Невкипелого" }, "geometry": { "type": "Point", "coordinates": [ 39.074496, 45.0002545 ] } },
{ "type": "Feature", "properties": { "NAME": "улица Гидростроителей" }, "geometry": { "type": "Point", "coordinates": [ 39.0715751, 45.0025616 ] } },
{ "type": "Feature", "properties": { "NAME": "улица Лизы Чайкиной" }, "geometry": { "type": "Point", "coordinates": [ 39.0572655, 45.0282585 ] } },
{ "type": "Feature", "properties": { "NAME": "ГАИ" }, "geometry": { "type": "Point", "coordinates": [ 39.0568538, 45.0307711 ] } },
{ "type": "Feature", "properties": { "NAME": "СБС" }, "geometry": { "type": "Point", "coordinates": [ 39.0502354, 45.0372888 ] } },
{ "type": "Feature", "properties": { "NAME": "Галактика" }, "geometry": { "type": "Point", "coordinates": [ 39.0467137, 45.0322345 ] } },
{ "type": "Feature", "properties": { "NAME": "ЗАГС" }, "geometry": { "type": "Point", "coordinates": [ 39.0437445, 45.0234964 ] } },
{ "type": "Feature", "properties": { "NAME": "Харьковская улица" }, "geometry": { "type": "Point", "coordinates": [ 38.9250098, 45.0356862 ] } },
{ "type": "Feature", "properties": { "NAME": "улица Харьковская" }, "geometry": { "type": "Point", "coordinates": [ 38.926359, 45.0361345 ] } },
{ "type": "Feature", "properties": { "NAME": "Гипермаркет \"ОКЕЙ\"" }, "geometry": { "type": "Point", "coordinates": [ 38.9315926, 45.0383497 ] } },
{ "type": "Feature", "properties": { "NAME": null }, "geometry": { "type": "Point", "coordinates": [ 39.0113649, 45.0270993 ] } },
{ "type": "Feature", "properties": { "NAME": "Ставропольская улица" }, "geometry": { "type": "Point", "coordinates": [ 39.0099031, 45.0214972 ] } },
{ "type": "Feature", "properties": { "NAME": "Домбайская улица" }, "geometry": { "type": "Point", "coordinates": [ 39.0243441, 45.0709407 ] } },
{ "type": "Feature", "properties": { "NAME": null }, "geometry": { "type": "Point", "coordinates": [ 39.0173851, 45.1109874 ] } },
{ "type": "Feature", "properties": { "NAME": "Автомобильная улица" }, "geometry": { "type": "Point", "coordinates": [ 38.9906666, 45.0899285 ] } },
{ "type": "Feature", "properties": { "NAME": "Автомобильная улица" }, "geometry": { "type": "Point", "coordinates": [ 38.9907944, 45.0886677 ] } },
{ "type": "Feature", "properties": { "NAME": "улица Героев-Разведчиков" }, "geometry": { "type": "Point", "coordinates": [ 39.0335226, 45.0659197 ] } },
{ "type": "Feature", "properties": { "NAME": "улица Героев-Разведчиков" }, "geometry": { "type": "Point", "coordinates": [ 39.0339692, 45.0660441 ] } },
{ "type": "Feature", "properties": { "NAME": null }, "geometry": { "type": "Point", "coordinates": [ 39.041871, 45.0661452 ] } },
{ "type": "Feature", "properties": { "NAME": null }, "geometry": { "type": "Point", "coordinates": [ 39.0341985, 45.0717429 ] } },
{ "type": "Feature", "properties": { "NAME": "КП Николино парк" }, "geometry": { "type": "Point", "coordinates": [ 39.0572011, 45.0960795 ] } },
{ "type": "Feature", "properties": { "NAME": "КП Николино парк" }, "geometry": { "type": "Point", "coordinates": [ 39.0555543, 45.0962462 ] } },
{ "type": "Feature", "properties": { "NAME": "улица Толбухина" }, "geometry": { "type": "Point", "coordinates": [ 38.9385751, 45.069913 ] } },
{ "type": "Feature", "properties": { "NAME": "Автоколонна" }, "geometry": { "type": "Point", "coordinates": [ 38.9712806, 45.0982948 ] } },
{ "type": "Feature", "properties": { "NAME": "Поселок имени Демьяна Бедного" }, "geometry": { "type": "Point", "coordinates": [ 38.962196, 45.0993797 ] } },
{ "type": "Feature", "properties": { "NAME": null }, "geometry": { "type": "Point", "coordinates": [ 38.9392523, 45.1058005 ] } },
{ "type": "Feature", "properties": { "NAME": null }, "geometry": { "type": "Point", "coordinates": [ 38.9421625, 45.1017245 ] } },
{ "type": "Feature", "properties": { "NAME": "ЖК «Лиговский»" }, "geometry": { "type": "Point", "coordinates": [ 38.9478636, 45.1011673 ] } },
{ "type": "Feature", "properties": { "NAME": null }, "geometry": { "type": "Point", "coordinates": [ 39.1234128, 45.0434645 ] } },
{ "type": "Feature", "properties": { "NAME": null }, "geometry": { "type": "Point", "coordinates": [ 39.1310987, 45.0559608 ] } },
{ "type": "Feature", "properties": { "NAME": null }, "geometry": { "type": "Point", "coordinates": [ 39.1282327, 45.0510873 ] } },
{ "type": "Feature", "properties": { "NAME": null }, "geometry": { "type": "Point", "coordinates": [ 39.1297388, 45.053797 ] } },
{ "type": "Feature", "properties": { "NAME": null }, "geometry": { "type": "Point", "coordinates": [ 39.1299306, 45.0527671 ] } },
{ "type": "Feature", "properties": { "NAME": "Андреевская улица" }, "geometry": { "type": "Point", "coordinates": [ 39.130058, 45.0587991 ] } },
{ "type": "Feature", "properties": { "NAME": null }, "geometry": { "type": "Point", "coordinates": [ 39.1259354, 45.0587195 ] } },
{ "type": "Feature", "properties": { "NAME": null }, "geometry": { "type": "Point", "coordinates": [ 39.118841, 45.058405 ] } },
{ "type": "Feature", "properties": { "NAME": "2-й Знаменский проезд" }, "geometry": { "type": "Point", "coordinates": [ 39.1178137, 45.0560584 ] } },
{ "type": "Feature", "properties": { "NAME": "Соборная улица" }, "geometry": { "type": "Point", "coordinates": [ 39.1183528, 45.0517856 ] } },
{ "type": "Feature", "properties": { "NAME": null }, "geometry": { "type": "Point", "coordinates": [ 39.1184467, 45.0470908 ] } },
{ "type": "Feature", "properties": { "NAME": null }, "geometry": { "type": "Point", "coordinates": [ 39.1142504, 45.0468321 ] } },
{ "type": "Feature", "properties": { "NAME": null }, "geometry": { "type": "Point", "coordinates": [ 39.1113804, 45.0476925 ] } },
{ "type": "Feature", "properties": { "NAME": null }, "geometry": { "type": "Point", "coordinates": [ 39.1110599, 45.0499295 ] } },
{ "type": "Feature", "properties": { "NAME": null }, "geometry": { "type": "Point", "coordinates": [ 39.1107327, 45.0529083 ] } },
{ "type": "Feature", "properties": { "NAME": "Слободская улица" }, "geometry": { "type": "Point", "coordinates": [ 39.1103518, 45.0559225 ] } },
{ "type": "Feature", "properties": { "NAME": null }, "geometry": { "type": "Point", "coordinates": [ 39.0029937, 45.04313 ] } },
{ "type": "Feature", "properties": { "NAME": "Первомайская улица" }, "geometry": { "type": "Point", "coordinates": [ 39.0103349, 45.0459537 ] } },
{ "type": "Feature", "properties": { "NAME": "улица Чернышевского" }, "geometry": { "type": "Point", "coordinates": [ 39.0091185, 45.0454032 ] } },
{ "type": "Feature", "properties": { "NAME": "ЖК Инсити" }, "geometry": { "type": "Point", "coordinates": [ 39.0347973, 45.0884528 ] } },
{ "type": "Feature", "properties": { "NAME": "ЖК Инсити" }, "geometry": { "type": "Point", "coordinates": [ 39.0343286, 45.0885991 ] } },
{ "type": "Feature", "properties": { "NAME": "Оз молл" }, "geometry": { "type": "Point", "coordinates": [ 39.1205429, 45.0124179 ] } },
{ "type": "Feature", "properties": { "NAME": "Цветочный рынок" }, "geometry": { "type": "Point", "coordinates": [ 39.0392572, 45.0570872 ] } },
{ "type": "Feature", "properties": { "NAME": "Заречная улица" }, "geometry": { "type": "Point", "coordinates": [ 39.0874363, 45.0278026 ] } },
{ "type": "Feature", "properties": { "NAME": "Площадь" }, "geometry": { "type": "Point", "coordinates": [ 39.0942653, 45.0224598 ] } },
{ "type": "Feature", "properties": { "NAME": "Площадь" }, "geometry": { "type": "Point", "coordinates": [ 39.093883, 45.022483 ] } },
{ "type": "Feature", "properties": { "NAME": "ул. Бородинская, 14" }, "geometry": { "type": "Point", "coordinates": [ 39.0882772, 45.0265139 ] } },
{ "type": "Feature", "properties": { "NAME": "Черкасская" }, "geometry": { "type": "Point", "coordinates": [ 39.0345164, 45.0657293 ] } },
{ "type": "Feature", "properties": { "NAME": "ЖК \"Времена Года\"" }, "geometry": { "type": "Point", "coordinates": [ 39.0060488, 45.0945657 ] } },
{ "type": "Feature", "properties": { "NAME": "Урожайная улица" }, "geometry": { "type": "Point", "coordinates": [ 38.9815682, 45.1295672 ] } },
{ "type": "Feature", "properties": { "NAME": "Гранатовая улица" }, "geometry": { "type": "Point", "coordinates": [ 38.9750893, 45.1302967 ] } },
{ "type": "Feature", "properties": { "NAME": "улица Симиренко" }, "geometry": { "type": "Point", "coordinates": [ 38.9481224, 45.0716671 ] } },
{ "type": "Feature", "properties": { "NAME": "ЖК \"Немецкая деревня\"" }, "geometry": { "type": "Point", "coordinates": [ 38.9202248, 45.1149529 ] } },
{ "type": "Feature", "properties": { "NAME": null }, "geometry": { "type": "Point", "coordinates": [ 39.0782927, 44.9922303 ] } },
{ "type": "Feature", "properties": { "NAME": null }, "geometry": { "type": "Point", "coordinates": [ 39.0765841, 44.9918301 ] } },
{ "type": "Feature", "properties": { "NAME": "Валерия Гассия" }, "geometry": { "type": "Point", "coordinates": [ 39.0700214, 44.990462 ] } },
{ "type": "Feature", "properties": { "NAME": "Валерия Гассия" }, "geometry": { "type": "Point", "coordinates": [ 39.0690738, 44.9906929 ] } },
{ "type": "Feature", "properties": { "NAME": "Магнит Гипермаркет" }, "geometry": { "type": "Point", "coordinates": [ 38.9480017, 45.1065473 ] } },
{ "type": "Feature", "properties": { "NAME": "ТЦ \"Восточно кругликово\"" }, "geometry": { "type": "Point", "coordinates": [ 39.0270565, 45.0401374 ] } },
{ "type": "Feature", "properties": { "NAME": "улица Герцена" }, "geometry": { "type": "Point", "coordinates": [ 38.9433829, 45.053328 ] } },
{ "type": "Feature", "properties": { "NAME": "Гаражная улица" }, "geometry": { "type": "Point", "coordinates": [ 38.9688599, 45.0625348 ] } },
{ "type": "Feature", "properties": { "NAME": null }, "geometry": { "type": "Point", "coordinates": [ 38.9444102, 45.0529642 ] } },
{ "type": "Feature", "properties": { "NAME": "Детская городская клиническая больница №1" }, "geometry": { "type": "Point", "coordinates": [ 38.9168707, 45.0598984 ] } },
{ "type": "Feature", "properties": { "NAME": "Электростанция" }, "geometry": { "type": "Point", "coordinates": [ 38.9125121, 45.0554208 ] } },
{ "type": "Feature", "properties": { "NAME": "1-е отделение учхоз \"Кубань\"" }, "geometry": { "type": "Point", "coordinates": [ 38.886166, 45.0563966 ] } },
{ "type": "Feature", "properties": { "NAME": "Енисейская улица" }, "geometry": { "type": "Point", "coordinates": [ 39.0292338, 45.0346674 ] } },
{ "type": "Feature", "properties": { "NAME": "Волжская улица" }, "geometry": { "type": "Point", "coordinates": [ 39.0375446, 45.0359838 ] } },
{ "type": "Feature", "properties": { "NAME": "Краснодарпродукт" }, "geometry": { "type": "Point", "coordinates": [ 39.0441307, 45.0366249 ] } },
{ "type": "Feature", "properties": { "NAME": "Гипермаркет \"Магнит\"" }, "geometry": { "type": "Point", "coordinates": [ 39.0574747, 45.0254111 ] } },
{ "type": "Feature", "properties": { "NAME": "улица Коммунаров" }, "geometry": { "type": "Point", "coordinates": [ 38.976405, 45.0306986 ] } },
{ "type": "Feature", "properties": { "NAME": "улица Коммунаров" }, "geometry": { "type": "Point", "coordinates": [ 38.9770591, 45.0306399 ] } },
{ "type": "Feature", "properties": { "NAME": "улица Леваневского" }, "geometry": { "type": "Point", "coordinates": [ 38.9830367, 45.0296234 ] } },
{ "type": "Feature", "properties": { "NAME": "улица Леваневского" }, "geometry": { "type": "Point", "coordinates": [ 38.9835249, 45.0296433 ] } },
{ "type": "Feature", "properties": { "NAME": "улица Мира" }, "geometry": { "type": "Point", "coordinates": [ 38.9599349, 45.0223949 ] } },
{ "type": "Feature", "properties": { "NAME": "Минская улица" }, "geometry": { "type": "Point", "coordinates": [ 38.9348803, 45.0397081 ] } },
{ "type": "Feature", "properties": { "NAME": "Пригородная улица" }, "geometry": { "type": "Point", "coordinates": [ 39.0028998, 45.1225946 ] } },
{ "type": "Feature", "properties": { "NAME": null }, "geometry": { "type": "Point", "coordinates": [ 39.0375996, 45.0306375 ] } },
{ "type": "Feature", "properties": { "NAME": "Енисейская улица" }, "geometry": { "type": "Point", "coordinates": [ 39.0311998, 45.0307678 ] } },
{ "type": "Feature", "properties": { "NAME": "Дунайская улица" }, "geometry": { "type": "Point", "coordinates": [ 39.0334569, 45.0309683 ] } },
{ "type": "Feature", "properties": { "NAME": "Школа №14" }, "geometry": { "type": "Point", "coordinates": [ 39.0375084, 45.0295418 ] } },
{ "type": "Feature", "properties": { "NAME": "Автовокзал \"Южный\"" }, "geometry": { "type": "Point", "coordinates": [ 38.9585673, 44.997426 ] } },
{ "type": "Feature", "properties": { "NAME": "Автовокзал \"Южный\"" }, "geometry": { "type": "Point", "coordinates": [ 38.9590122, 44.9975441 ] } },
{ "type": "Feature", "properties": { "NAME": "ЖК Спортивная деревня" }, "geometry": { "type": "Point", "coordinates": [ 38.9098674, 45.0917317 ] } },
{ "type": "Feature", "properties": { "NAME": "Мегацентр \"Красная Площадь\"" }, "geometry": { "type": "Point", "coordinates": [ 38.981844, 45.1017649 ] } },
{ "type": "Feature", "properties": { "NAME": "Магнит" }, "geometry": { "type": "Point", "coordinates": [ 38.9504099, 45.1061784 ] } },
{ "type": "Feature", "properties": { "NAME": "улица Восточно-Кругликовская" }, "geometry": { "type": "Point", "coordinates": [ 39.0246271, 45.0668811 ] } },
{ "type": "Feature", "properties": { "NAME": "Деловые линии" }, "geometry": { "type": "Point", "coordinates": [ 38.9670475, 45.1040162 ] } },
{ "type": "Feature", "properties": { "NAME": "улица Крупской" }, "geometry": { "type": "Point", "coordinates": [ 38.9989189, 45.0525457 ] } },
{ "type": "Feature", "properties": { "NAME": "улица Клиническая" }, "geometry": { "type": "Point", "coordinates": [ 38.9917725, 45.0517712 ] } },
{ "type": "Feature", "properties": { "NAME": "улица 40 лет Победы" }, "geometry": { "type": "Point", "coordinates": [ 38.9895103, 45.0540777 ] } },
{ "type": "Feature", "properties": { "NAME": "Чистяковская роща" }, "geometry": { "type": "Point", "coordinates": [ 38.9892417, 45.0574671 ] } },
{ "type": "Feature", "properties": { "NAME": "Екатерининский зал" }, "geometry": { "type": "Point", "coordinates": [ 38.9880199, 45.0593256 ] } },
{ "type": "Feature", "properties": { "NAME": "улица Офицерская" }, "geometry": { "type": "Point", "coordinates": [ 38.9848665, 45.0580145 ] } },
{ "type": "Feature", "properties": { "NAME": "улица Одесская" }, "geometry": { "type": "Point", "coordinates": [ 38.9834069, 45.0498886 ] } },
{ "type": "Feature", "properties": { "NAME": "ТК «Центр города»" }, "geometry": { "type": "Point", "coordinates": [ 38.9818161, 45.0456251 ] } },
{ "type": "Feature", "properties": { "NAME": "улица Северная" }, "geometry": { "type": "Point", "coordinates": [ 38.9798665, 45.039373 ] } },
{ "type": "Feature", "properties": { "NAME": "Драмтеатр" }, "geometry": { "type": "Point", "coordinates": [ 38.978429, 45.0351131 ] } },
{ "type": "Feature", "properties": { "NAME": "улица Горького" }, "geometry": { "type": "Point", "coordinates": [ 38.9768102, 45.0303188 ] } },
{ "type": "Feature", "properties": { "NAME": "Кооперативный рынок" }, "geometry": { "type": "Point", "coordinates": [ 38.9758489, 45.0260785 ] } },
{ "type": "Feature", "properties": { "NAME": "улица Янковского" }, "geometry": { "type": "Point", "coordinates": [ 38.9798158, 45.0254248 ] } },
{ "type": "Feature", "properties": { "NAME": "улица Базовская" }, "geometry": { "type": "Point", "coordinates": [ 38.9841586, 45.0246413 ] } },
{ "type": "Feature", "properties": { "NAME": "улица Железнодорожная" }, "geometry": { "type": "Point", "coordinates": [ 38.9887906, 45.0220711 ] } },
{ "type": "Feature", "properties": { "NAME": "Стадион «Кубань»" }, "geometry": { "type": "Point", "coordinates": [ 38.992139, 45.0234043 ] } },
{ "type": "Feature", "properties": { "NAME": "улица Вишняковой" }, "geometry": { "type": "Point", "coordinates": [ 39.0004304, 45.019951 ] } },
{ "type": "Feature", "properties": { "NAME": "улица Павлова" }, "geometry": { "type": "Point", "coordinates": [ 39.0046122, 45.0202935 ] } },
{ "type": "Feature", "properties": { "NAME": "улица Шевченко" }, "geometry": { "type": "Point", "coordinates": [ 39.0103519, 45.0208419 ] } },
{ "type": "Feature", "properties": { "NAME": "улица Таманская" }, "geometry": { "type": "Point", "coordinates": [ 39.0148636, 45.0212463 ] } },
{ "type": "Feature", "properties": { "NAME": "улица Полины Осипенко" }, "geometry": { "type": "Point", "coordinates": [ 39.0191367, 45.0213743 ] } },
{ "type": "Feature", "properties": { "NAME": "Восточное трамвайное депо" }, "geometry": { "type": "Point", "coordinates": [ 39.0234694, 45.0204969 ] } },
{ "type": "Feature", "properties": { "NAME": "Университет" }, "geometry": { "type": "Point", "coordinates": [ 39.0289082, 45.01935 ] } },
{ "type": "Feature", "properties": { "NAME": "улица Айвазовского" }, "geometry": { "type": "Point", "coordinates": [ 39.0333325, 45.0184064 ] } },
{ "type": "Feature", "properties": { "NAME": "Кинотеатр «Болгария»" }, "geometry": { "type": "Point", "coordinates": [ 39.0378126, 45.0174578 ] } },
{ "type": "Feature", "properties": { "NAME": "улица Стасова" }, "geometry": { "type": "Point", "coordinates": [ 39.0426611, 45.0164024 ] } },
{ "type": "Feature", "properties": { "NAME": "улица Старокубанская" }, "geometry": { "type": "Point", "coordinates": [ 39.0470709, 45.0151451 ] } },
{ "type": "Feature", "properties": { "NAME": "Парк «Солнечный остров»" }, "geometry": { "type": "Point", "coordinates": [ 39.0574666, 45.0133986 ] } },
{ "type": "Feature", "properties": { "NAME": "ТЭЦ" }, "geometry": { "type": "Point", "coordinates": [ 39.0630562, 45.0147477 ] } },
{ "type": "Feature", "properties": { "NAME": "улица Энергетиков" }, "geometry": { "type": "Point", "coordinates": [ 39.0699866, 45.0153215 ] } },
{ "type": "Feature", "properties": { "NAME": "улица Краевая" }, "geometry": { "type": "Point", "coordinates": [ 39.0738503, 45.0160453 ] } },
{ "type": "Feature", "properties": { "NAME": "Школа №57" }, "geometry": { "type": "Point", "coordinates": [ 39.0783556, 45.0175832 ] } },
{ "type": "Feature", "properties": { "NAME": "улица Октябрьская" }, "geometry": { "type": "Point", "coordinates": [ 39.0845177, 45.0196776 ] } },
{ "type": "Feature", "properties": { "NAME": "улица Плиева" }, "geometry": { "type": "Point", "coordinates": [ 39.0889059, 45.0211701 ] } },
{ "type": "Feature", "properties": { "NAME": "Площадь" }, "geometry": { "type": "Point", "coordinates": [ 39.09476, 45.0231663 ] } },
{ "type": "Feature", "properties": { "NAME": "улица Комсомольская" }, "geometry": { "type": "Point", "coordinates": [ 39.1012876, 45.0254457 ] } },
{ "type": "Feature", "properties": { "NAME": "улица Ярославского" }, "geometry": { "type": "Point", "coordinates": [ 39.1065408, 45.0271584 ] } },
{ "type": "Feature", "properties": { "NAME": "улица Ярославского" }, "geometry": { "type": "Point", "coordinates": [ 39.1057904, 45.0268843 ] } },
{ "type": "Feature", "properties": { "NAME": "улица Комсомольская" }, "geometry": { "type": "Point", "coordinates": [ 39.1007711, 45.0252326 ] } },
{ "type": "Feature", "properties": { "NAME": "Площадь" }, "geometry": { "type": "Point", "coordinates": [ 39.0944026, 45.0230108 ] } },
{ "type": "Feature", "properties": { "NAME": "улица Плиева" }, "geometry": { "type": "Point", "coordinates": [ 39.0884087, 45.0209714 ] } },
{ "type": "Feature", "properties": { "NAME": "Школа №57" }, "geometry": { "type": "Point", "coordinates": [ 39.0776399, 45.0173095 ] } },
{ "type": "Feature", "properties": { "NAME": "Краевая улица" }, "geometry": { "type": "Point", "coordinates": [ 39.0732667, 45.0158183 ] } },
{ "type": "Feature", "properties": { "NAME": "улица Энергетиков" }, "geometry": { "type": "Point", "coordinates": [ 39.0691877, 45.0153495 ] } },
{ "type": "Feature", "properties": { "NAME": "ТЭЦ" }, "geometry": { "type": "Point", "coordinates": [ 39.0630469, 45.0147189 ] } },
{ "type": "Feature", "properties": { "NAME": "Парк «Солнечный остров»" }, "geometry": { "type": "Point", "coordinates": [ 39.0568161, 45.0132074 ] } },
{ "type": "Feature", "properties": { "NAME": "Супермаркет" }, "geometry": { "type": "Point", "coordinates": [ 39.0506371, 45.0135678 ] } },
{ "type": "Feature", "properties": { "NAME": "улица Старокубанская" }, "geometry": { "type": "Point", "coordinates": [ 39.0468815, 45.0151922 ] } },
{ "type": "Feature", "properties": { "NAME": "Кинотеатр «Болгария»" }, "geometry": { "type": "Point", "coordinates": [ 39.0369159, 45.0176181 ] } },
{ "type": "Feature", "properties": { "NAME": "улица Айвазовского" }, "geometry": { "type": "Point", "coordinates": [ 39.0325031, 45.0185518 ] } },
{ "type": "Feature", "properties": { "NAME": "Университет" }, "geometry": { "type": "Point", "coordinates": [ 39.028024, 45.019502 ] } },
{ "type": "Feature", "properties": { "NAME": "улица Полины Осипенко" }, "geometry": { "type": "Point", "coordinates": [ 39.0184234, 45.0214146 ] } },
{ "type": "Feature", "properties": { "NAME": "улица Таманская" }, "geometry": { "type": "Point", "coordinates": [ 39.0140802, 45.0211447 ] } },
{ "type": "Feature", "properties": { "NAME": "улица Шевченко" }, "geometry": { "type": "Point", "coordinates": [ 39.0094869, 45.0207303 ] } },
{ "type": "Feature", "properties": { "NAME": "улица Павлова" }, "geometry": { "type": "Point", "coordinates": [ 39.0038643, 45.0201961 ] } },
{ "type": "Feature", "properties": { "NAME": "улица Вишняковой" }, "geometry": { "type": "Point", "coordinates": [ 39.0004372, 45.0199201 ] } },
{ "type": "Feature", "properties": { "NAME": "Стадион «Кубань»" }, "geometry": { "type": "Point", "coordinates": [ 38.9931721, 45.0237865 ] } },
{ "type": "Feature", "properties": { "NAME": "улица Базовская" }, "geometry": { "type": "Point", "coordinates": [ 38.9835563, 45.0247529 ] } },
{ "type": "Feature", "properties": { "NAME": "улица Янковского" }, "geometry": { "type": "Point", "coordinates": [ 38.9793137, 45.0254769 ] } },
{ "type": "Feature", "properties": { "NAME": "Кооперативный рынок" }, "geometry": { "type": "Point", "coordinates": [ 38.9754778, 45.0265015 ] } },
{ "type": "Feature", "properties": { "NAME": "улица Горького" }, "geometry": { "type": "Point", "coordinates": [ 38.9769341, 45.0308706 ] } },
{ "type": "Feature", "properties": { "NAME": "Драмтеатр" }, "geometry": { "type": "Point", "coordinates": [ 38.9785682, 45.0356296 ] } },
{ "type": "Feature", "properties": { "NAME": "улица Северная" }, "geometry": { "type": "Point", "coordinates": [ 38.9799564, 45.0397917 ] } },
{ "type": "Feature", "properties": { "NAME": "улица Хакурате" }, "geometry": { "type": "Point", "coordinates": [ 38.9805284, 45.0418492 ] } },
{ "type": "Feature", "properties": { "NAME": "ТК «Центр города»" }, "geometry": { "type": "Point", "coordinates": [ 38.9817715, 45.0456614 ] } },
{ "type": "Feature", "properties": { "NAME": "улица Одесская" }, "geometry": { "type": "Point", "coordinates": [ 38.98337, 45.0499134 ] } },
{ "type": "Feature", "properties": { "NAME": "улица Гаврилова - Краснодар-2" }, "geometry": { "type": "Point", "coordinates": [ 38.9835845, 45.0539498 ] } },
{ "type": "Feature", "properties": { "NAME": "улица Офицерская" }, "geometry": { "type": "Point", "coordinates": [ 38.984802, 45.058331 ] } },
{ "type": "Feature", "properties": { "NAME": "Екатерининский зал" }, "geometry": { "type": "Point", "coordinates": [ 38.9879052, 45.0593526 ] } },
{ "type": "Feature", "properties": { "NAME": "Чистяковская роща" }, "geometry": { "type": "Point", "coordinates": [ 38.9893005, 45.0573326 ] } },
{ "type": "Feature", "properties": { "NAME": "улица 40 лет Победы" }, "geometry": { "type": "Point", "coordinates": [ 38.9895497, 45.0540859 ] } },
{ "type": "Feature", "properties": { "NAME": "улица Крупской" }, "geometry": { "type": "Point", "coordinates": [ 38.998967, 45.0525799 ] } },
{ "type": "Feature", "properties": { "NAME": "улица Дежнёва" }, "geometry": { "type": "Point", "coordinates": [ 39.0770254, 45.0281703 ] } },
{ "type": "Feature", "properties": { "NAME": "Братская улица" }, "geometry": { "type": "Point", "coordinates": [ 39.0824226, 45.0299158 ] } },
{ "type": "Feature", "properties": { "NAME": "Артезианская улица" }, "geometry": { "type": "Point", "coordinates": [ 39.0703491, 44.9962872 ] } },
{ "type": "Feature", "properties": { "NAME": "Артезианская" }, "geometry": { "type": "Point", "coordinates": [ 39.0702297, 44.9965031 ] } },
{ "type": "Feature", "properties": { "NAME": "улица Железнодорожная" }, "geometry": { "type": "Point", "coordinates": [ 38.9886623, 45.0217521 ] } },
{ "type": "Feature", "properties": { "NAME": "улица Ставропольская" }, "geometry": { "type": "Point", "coordinates": [ 39.0422208, 45.0170212 ] } },
{ "type": "Feature", "properties": { "NAME": "Восточный рынок" }, "geometry": { "type": "Point", "coordinates": [ 39.0427285, 45.0199145 ] } },
{ "type": "Feature", "properties": { "NAME": "улица Селезнева" }, "geometry": { "type": "Point", "coordinates": [ 39.0431282, 45.0224382 ] } },
{ "type": "Feature", "properties": { "NAME": "ТРК «Меридиан»" }, "geometry": { "type": "Point", "coordinates": [ 39.0434236, 45.0261296 ] } },
{ "type": "Feature", "properties": { "NAME": "ТРК «Меридиан»" }, "geometry": { "type": "Point", "coordinates": [ 39.0434659, 45.0258874 ] } },
{ "type": "Feature", "properties": { "NAME": "улица Селезнева" }, "geometry": { "type": "Point", "coordinates": [ 39.0432052, 45.0226267 ] } },
{ "type": "Feature", "properties": { "NAME": "Восточный рынок" }, "geometry": { "type": "Point", "coordinates": [ 39.042708, 45.0194856 ] } },
{ "type": "Feature", "properties": { "NAME": "Жилой комплекс «Фонтаны»" }, "geometry": { "type": "Point", "coordinates": [ 39.0238865, 45.0016255 ] } },
{ "type": "Feature", "properties": { "NAME": "улица Новая" }, "geometry": { "type": "Point", "coordinates": [ 39.0283464, 45.0052183 ] } },
{ "type": "Feature", "properties": { "NAME": "улица Бургасская" }, "geometry": { "type": "Point", "coordinates": [ 39.0375856, 45.012583 ] } },
{ "type": "Feature", "properties": { "NAME": "улица Серова" }, "geometry": { "type": "Point", "coordinates": [ 38.9974818, 45.0482768 ] } },
{ "type": "Feature", "properties": { "NAME": "улица МОПР" }, "geometry": { "type": "Point", "coordinates": [ 38.9965985, 45.0469621 ] } },
{ "type": "Feature", "properties": { "NAME": "улица Промышленная" }, "geometry": { "type": "Point", "coordinates": [ 38.9943765, 45.0395162 ] } },
{ "type": "Feature", "properties": { "NAME": "улица Северная" }, "geometry": { "type": "Point", "coordinates": [ 38.9936887, 45.0371491 ] } },
{ "type": "Feature", "properties": { "NAME": "улица Буденного" }, "geometry": { "type": "Point", "coordinates": [ 38.9924686, 45.03292 ] } },
{ "type": "Feature", "properties": { "NAME": "улица Дмитриевская Дамба" }, "geometry": { "type": "Point", "coordinates": [ 38.9897607, 45.0285055 ] } },
{ "type": "Feature", "properties": { "NAME": "улица Красная" }, "geometry": { "type": "Point", "coordinates": [ 38.9725713, 45.031372 ] } },
{ "type": "Feature", "properties": { "NAME": "Октябрьская улица" }, "geometry": { "type": "Point", "coordinates": [ 38.9681795, 45.0321316 ] } },
{ "type": "Feature", "properties": { "NAME": "улица Пашковская" }, "geometry": { "type": "Point", "coordinates": [ 38.9669956, 45.0341362 ] } },
{ "type": "Feature", "properties": { "NAME": "ЦКР" }, "geometry": { "type": "Point", "coordinates": [ 38.9677182, 45.0381629 ] } },
{ "type": "Feature", "properties": { "NAME": "улица Калининградская" }, "geometry": { "type": "Point", "coordinates": [ 38.9616414, 45.0391178 ] } },
{ "type": "Feature", "properties": { "NAME": "улица Тургенева" }, "geometry": { "type": "Point", "coordinates": [ 38.9552416, 45.0401434 ] } },
{ "type": "Feature", "properties": { "NAME": "улица Брюсова" }, "geometry": { "type": "Point", "coordinates": [ 38.9498824, 45.0410326 ] } },
{ "type": "Feature", "properties": { "NAME": "улица Передерия" }, "geometry": { "type": "Point", "coordinates": [ 38.942715, 45.0421685 ] } },
{ "type": "Feature", "properties": { "NAME": "улица Каляева" }, "geometry": { "type": "Point", "coordinates": [ 38.9373488, 45.0430286 ] } },
{ "type": "Feature", "properties": { "NAME": "улица Харьковская" }, "geometry": { "type": "Point", "coordinates": [ 38.9254521, 45.0359222 ] } },
{ "type": "Feature", "properties": { "NAME": "улица Думенко" }, "geometry": { "type": "Point", "coordinates": [ 38.9213462, 45.0342164 ] } },
{ "type": "Feature", "properties": { "NAME": "Проспект Чекистов" }, "geometry": { "type": "Point", "coordinates": [ 38.916888, 45.0324112 ] } },
{ "type": "Feature", "properties": { "NAME": "Торговый центр" }, "geometry": { "type": "Point", "coordinates": [ 38.9124656, 45.0306442 ] } },
{ "type": "Feature", "properties": { "NAME": "КП Кубанский стан" }, "geometry": { "type": "Point", "coordinates": [ 39.0733615, 45.0963351 ] } },
{ "type": "Feature", "properties": { "NAME": "КП Кубанский стан" }, "geometry": { "type": "Point", "coordinates": [ 39.0716757, 45.0964923 ] } },
{ "type": "Feature", "properties": { "NAME": "КП Николино парк" }, "geometry": { "type": "Point", "coordinates": [ 39.0555542, 45.0961591 ] } },
{ "type": "Feature", "properties": { "NAME": "КП Николино парк" }, "geometry": { "type": "Point", "coordinates": [ 39.0571955, 45.0961876 ] } },
{ "type": "Feature", "properties": { "NAME": "улица Передерия" }, "geometry": { "type": "Point", "coordinates": [ 38.9433015, 45.0421079 ] } },
{ "type": "Feature", "properties": { "NAME": null }, "geometry": { "type": "Point", "coordinates": [ 39.0356596, 45.0721431 ] } },
{ "type": "Feature", "properties": { "NAME": null }, "geometry": { "type": "Point", "coordinates": [ 39.035661, 45.0720618 ] } },
{ "type": "Feature", "properties": { "NAME": null }, "geometry": { "type": "Point", "coordinates": [ 39.0343314, 45.0717439 ] } },
{ "type": "Feature", "properties": { "NAME": "улица Армавирская" }, "geometry": { "type": "Point", "coordinates": [ 39.0080234, 45.0499403 ] } },
{ "type": "Feature", "properties": { "NAME": "улица Некрасова" }, "geometry": { "type": "Point", "coordinates": [ 39.0122591, 45.0494193 ] } },
{ "type": "Feature", "properties": { "NAME": "улица Некрасова" }, "geometry": { "type": "Point", "coordinates": [ 39.0114492, 45.0494873 ] } },
{ "type": "Feature", "properties": { "NAME": "улица Армавирская" }, "geometry": { "type": "Point", "coordinates": [ 39.0080066, 45.0499045 ] } },
{ "type": "Feature", "properties": { "NAME": "улица Декабристов" }, "geometry": { "type": "Point", "coordinates": [ 39.0152326, 45.0518074 ] } },
{ "type": "Feature", "properties": { "NAME": "улица Декабристов" }, "geometry": { "type": "Point", "coordinates": [ 39.0151995, 45.0518136 ] } },
{ "type": "Feature", "properties": { "NAME": "Почта" }, "geometry": { "type": "Point", "coordinates": [ 38.9081155, 45.0289414 ] } },
{ "type": "Feature", "properties": { "NAME": "Торговый центр" }, "geometry": { "type": "Point", "coordinates": [ 38.9126442, 45.0307588 ] } },
{ "type": "Feature", "properties": { "NAME": "улица Думенко" }, "geometry": { "type": "Point", "coordinates": [ 38.9211885, 45.0341915 ] } },
{ "type": "Feature", "properties": { "NAME": "улица Харьковская" }, "geometry": { "type": "Point", "coordinates": [ 38.9262211, 45.0363026 ] } },
{ "type": "Feature", "properties": { "NAME": "улица Тульская" }, "geometry": { "type": "Point", "coordinates": [ 38.9294622, 45.0377464 ] } },
{ "type": "Feature", "properties": { "NAME": "улица Минская" }, "geometry": { "type": "Point", "coordinates": [ 38.9336301, 45.0394434 ] } },
{ "type": "Feature", "properties": { "NAME": "улица Каляева" }, "geometry": { "type": "Point", "coordinates": [ 38.9372682, 45.0430721 ] } },
{ "type": "Feature", "properties": { "NAME": "улица Брюсова" }, "geometry": { "type": "Point", "coordinates": [ 38.9496359, 45.0411104 ] } },
{ "type": "Feature", "properties": { "NAME": "улица Тургенева" }, "geometry": { "type": "Point", "coordinates": [ 38.9560592, 45.0400483 ] } },
{ "type": "Feature", "properties": { "NAME": "улица Калининградская" }, "geometry": { "type": "Point", "coordinates": [ 38.9623512, 45.039039 ] } },
{ "type": "Feature", "properties": { "NAME": "ЦКР" }, "geometry": { "type": "Point", "coordinates": [ 38.968179, 45.0376693 ] } },
{ "type": "Feature", "properties": { "NAME": "Пашковская улица" }, "geometry": { "type": "Point", "coordinates": [ 38.9669638, 45.0338965 ] } },
{ "type": "Feature", "properties": { "NAME": "Октябрьская улица" }, "geometry": { "type": "Point", "coordinates": [ 38.9688906, 45.0320324 ] } },
{ "type": "Feature", "properties": { "NAME": "улица Красная" }, "geometry": { "type": "Point", "coordinates": [ 38.9730406, 45.03132 ] } },
{ "type": "Feature", "properties": { "NAME": "улица Дмитриевская Дамба" }, "geometry": { "type": "Point", "coordinates": [ 38.9903983, 45.028596 ] } },
{ "type": "Feature", "properties": { "NAME": "улица Буденного" }, "geometry": { "type": "Point", "coordinates": [ 38.9925722, 45.0334072 ] } },
{ "type": "Feature", "properties": { "NAME": "улица Северная" }, "geometry": { "type": "Point", "coordinates": [ 38.9937463, 45.0375604 ] } },
{ "type": "Feature", "properties": { "NAME": "улица Промышленная" }, "geometry": { "type": "Point", "coordinates": [ 38.9943319, 45.0395366 ] } },
{ "type": "Feature", "properties": { "NAME": "улица МОПР" }, "geometry": { "type": "Point", "coordinates": [ 38.9965316, 45.0468927 ] } },
{ "type": "Feature", "properties": { "NAME": null }, "geometry": { "type": "Point", "coordinates": [ 39.0021101, 45.0892466 ] } },
{ "type": "Feature", "properties": { "NAME": "улица Майкопская" }, "geometry": { "type": "Point", "coordinates": [ 39.0125321, 45.0116215 ] } },
{ "type": "Feature", "properties": { "NAME": "улица Ковтюха" }, "geometry": { "type": "Point", "coordinates": [ 39.0120281, 45.0150631 ] } },
{ "type": "Feature", "properties": { "NAME": "улица Красных Партизан" }, "geometry": { "type": "Point", "coordinates": [ 38.9680601, 45.0493423 ] } },
{ "type": "Feature", "properties": { "NAME": "улица Красных Партизан" }, "geometry": { "type": "Point", "coordinates": [ 38.9681297, 45.0495877 ] } },
{ "type": "Feature", "properties": { "NAME": "улица Котовского" }, "geometry": { "type": "Point", "coordinates": [ 38.9629616, 45.0500465 ] } },
{ "type": "Feature", "properties": { "NAME": "улица Энгельса" }, "geometry": { "type": "Point", "coordinates": [ 38.9481032, 45.0523693 ] } },
{ "type": "Feature", "properties": { "NAME": "улица Энгельса" }, "geometry": { "type": "Point", "coordinates": [ 38.9481539, 45.0526241 ] } },
{ "type": "Feature", "properties": { "NAME": "улица Тургенева" }, "geometry": { "type": "Point", "coordinates": [ 38.9577389, 45.0511262 ] } },
{ "type": "Feature", "properties": { "NAME": "улица Котовского" }, "geometry": { "type": "Point", "coordinates": [ 38.9623335, 45.0504018 ] } },
{ "type": "Feature", "properties": { "NAME": "Дом Союзов" }, "geometry": { "type": "Point", "coordinates": [ 38.9774798, 45.046535 ] } },
{ "type": "Feature", "properties": { "NAME": "Всясвятское кладбище" }, "geometry": { "type": "Point", "coordinates": [ 38.9690343, 45.0455179 ] } },
{ "type": "Feature", "properties": { "NAME": "улица Братьев Игнатовых" }, "geometry": { "type": "Point", "coordinates": [ 38.9558834, 45.0380147 ] } },
{ "type": "Feature", "properties": { "NAME": "улица Фрунзе" }, "geometry": { "type": "Point", "coordinates": [ 38.9609286, 45.0254377 ] } },
{ "type": "Feature", "properties": { "NAME": "Темрюкская улица" }, "geometry": { "type": "Point", "coordinates": [ 38.9188609, 45.0652188 ] } },
{ "type": "Feature", "properties": { "NAME": "Всясвятское кладбище" }, "geometry": { "type": "Point", "coordinates": [ 38.9686748, 45.0452564 ] } },
{ "type": "Feature", "properties": { "NAME": "Кореновская улица" }, "geometry": { "type": "Point", "coordinates": [ 38.9715502, 45.1033025 ] } },
{ "type": "Feature", "properties": { "NAME": "Карасунская улица" }, "geometry": { "type": "Point", "coordinates": [ 38.9887103, 45.0238318 ] } },
{ "type": "Feature", "properties": { "NAME": "улица Автолюбителей" }, "geometry": { "type": "Point", "coordinates": [ 39.0666559, 45.0064958 ] } },
{ "type": "Feature", "properties": { "NAME": "Яна-Полуяна" }, "geometry": { "type": "Point", "coordinates": [ 38.9613933, 45.0620417 ] } },
{ "type": "Feature", "properties": { "NAME": "Автовокзал \"Южный\"" }, "geometry": { "type": "Point", "coordinates": [ 38.9598278, 44.9980416 ] } },
{ "type": "Feature", "properties": { "NAME": null }, "geometry": { "type": "Point", "coordinates": [ 38.9784012, 45.0588403 ] } },
{ "type": "Feature", "properties": { "NAME": "улица 40 лет Победы" }, "geometry": { "type": "Point", "coordinates": [ 39.0225752, 45.0565378 ] } },
{ "type": "Feature", "properties": { "NAME": "остановка Конгрессная" }, "geometry": { "type": "Point", "coordinates": [ 38.9635424, 45.1066145 ] } },
{ "type": "Feature", "properties": { "NAME": "ЖК «Лиговский»" }, "geometry": { "type": "Point", "coordinates": [ 38.948169, 45.1009703 ] } },
{ "type": "Feature", "properties": { "NAME": "Дачи" }, "geometry": { "type": "Point", "coordinates": [ 38.8344812, 45.0510987 ] } },
{ "type": "Feature", "properties": { "NAME": "Рубероидный завод" }, "geometry": { "type": "Point", "coordinates": [ 38.8961348, 45.0565596 ] } },
{ "type": "Feature", "properties": { "NAME": "улица Котлярова" }, "geometry": { "type": "Point", "coordinates": [ 39.0114132, 45.0718618 ] } },
{ "type": "Feature", "properties": { "NAME": "улица Мира" }, "geometry": { "type": "Point", "coordinates": [ 38.9732885, 45.0199128 ] } },
{ "type": "Feature", "properties": { "NAME": "улица Советская" }, "geometry": { "type": "Point", "coordinates": [ 38.9722681, 45.0168914 ] } },
{ "type": "Feature", "properties": { "NAME": "Парк «Городской сад»" }, "geometry": { "type": "Point", "coordinates": [ 38.9715638, 45.014679 ] } },
{ "type": "Feature", "properties": { "NAME": "Водолечебница" }, "geometry": { "type": "Point", "coordinates": [ 38.9686244, 45.009749 ] } },
{ "type": "Feature", "properties": { "NAME": "Завод имени «Седина»" }, "geometry": { "type": "Point", "coordinates": [ 38.967001, 45.0054817 ] } },
{ "type": "Feature", "properties": { "NAME": "Нефтезавод" }, "geometry": { "type": "Point", "coordinates": [ 38.9647974, 45.0026714 ] } },
{ "type": "Feature", "properties": { "NAME": "улица Доватора" }, "geometry": { "type": "Point", "coordinates": [ 38.9263593, 45.0666892 ] } },
{ "type": "Feature", "properties": { "NAME": "улица Виноградная" }, "geometry": { "type": "Point", "coordinates": [ 38.9282433, 45.0657005 ] } },
{ "type": "Feature", "properties": { "NAME": "улица Славянская" }, "geometry": { "type": "Point", "coordinates": [ 38.9333357, 45.0626497 ] } },
{ "type": "Feature", "properties": { "NAME": "Баня" }, "geometry": { "type": "Point", "coordinates": [ 38.9327784, 45.0608744 ] } },
{ "type": "Feature", "properties": { "NAME": "улица 3-я Линия" }, "geometry": { "type": "Point", "coordinates": [ 38.9318983, 45.0580965 ] } },
{ "type": "Feature", "properties": { "NAME": "улица 2-я Линия" }, "geometry": { "type": "Point", "coordinates": [ 38.934486, 45.0567493 ] } },
{ "type": "Feature", "properties": { "NAME": "улица Гагарина" }, "geometry": { "type": "Point", "coordinates": [ 38.939917, 45.0558754 ] } },
{ "type": "Feature", "properties": { "NAME": "улица Красных Партизан" }, "geometry": { "type": "Point", "coordinates": [ 38.9398355, 45.0535602 ] } },
{ "type": "Feature", "properties": { "NAME": "улица Бабушкина" }, "geometry": { "type": "Point", "coordinates": [ 38.9393376, 45.0519101 ] } },
{ "type": "Feature", "properties": { "NAME": "улица Власова" }, "geometry": { "type": "Point", "coordinates": [ 38.938402, 45.0489814 ] } },
{ "type": "Feature", "properties": { "NAME": "улица Северная" }, "geometry": { "type": "Point", "coordinates": [ 38.9374457, 45.0459556 ] } },
{ "type": "Feature", "properties": { "NAME": "улица Северная" }, "geometry": { "type": "Point", "coordinates": [ 38.9375553, 45.0464584 ] } },
{ "type": "Feature", "properties": { "NAME": "улица Власова" }, "geometry": { "type": "Point", "coordinates": [ 38.9385033, 45.0494524 ] } },
{ "type": "Feature", "properties": { "NAME": "улица Бабушкина" }, "geometry": { "type": "Point", "coordinates": [ 38.9390761, 45.0512485 ] } },
{ "type": "Feature", "properties": { "NAME": "улица Красных Партизан" }, "geometry": { "type": "Point", "coordinates": [ 38.9399461, 45.0540588 ] } },
{ "type": "Feature", "properties": { "NAME": "улица Гагарина" }, "geometry": { "type": "Point", "coordinates": [ 38.9399105, 45.0558485 ] } },
{ "type": "Feature", "properties": { "NAME": "улица 2-я Линия" }, "geometry": { "type": "Point", "coordinates": [ 38.9337911, 45.0568253 ] } },
{ "type": "Feature", "properties": { "NAME": "улица 3-я Линия" }, "geometry": { "type": "Point", "coordinates": [ 38.931854, 45.0581003 ] } },
{ "type": "Feature", "properties": { "NAME": "Баня" }, "geometry": { "type": "Point", "coordinates": [ 38.932735, 45.0608815 ] } },
{ "type": "Feature", "properties": { "NAME": "улица Славянская" }, "geometry": { "type": "Point", "coordinates": [ 38.9332949, 45.0626548 ] } },
{ "type": "Feature", "properties": { "NAME": "улица Толстого" }, "geometry": { "type": "Point", "coordinates": [ 38.9298094, 45.0648614 ] } },
{ "type": "Feature", "properties": { "NAME": "улица Доватора" }, "geometry": { "type": "Point", "coordinates": [ 38.9261244, 45.0667761 ] } },
{ "type": "Feature", "properties": { "NAME": "улица Виноградная" }, "geometry": { "type": "Point", "coordinates": [ 38.9279216, 45.0658329 ] } },
{ "type": "Feature", "properties": { "NAME": "улица Толбухина" }, "geometry": { "type": "Point", "coordinates": [ 38.9247331, 45.0675062 ] } },
{ "type": "Feature", "properties": { "NAME": "Нефтезавод" }, "geometry": { "type": "Point", "coordinates": [ 38.9648158, 45.0027664 ] } },
{ "type": "Feature", "properties": { "NAME": "Завод имени «Седина»" }, "geometry": { "type": "Point", "coordinates": [ 38.9671527, 45.0057721 ] } },
{ "type": "Feature", "properties": { "NAME": "Водолечебница" }, "geometry": { "type": "Point", "coordinates": [ 38.9688258, 45.010461 ] } },
{ "type": "Feature", "properties": { "NAME": "Парк «Городской сад»" }, "geometry": { "type": "Point", "coordinates": [ 38.9714327, 45.0144242 ] } },
{ "type": "Feature", "properties": { "NAME": "улица Советская" }, "geometry": { "type": "Point", "coordinates": [ 38.9723388, 45.01726 ] } },
{ "type": "Feature", "properties": { "NAME": "улица Мира" }, "geometry": { "type": "Point", "coordinates": [ 38.9733856, 45.0203287 ] } },
{ "type": "Feature", "properties": { "NAME": "улица Ленина" }, "geometry": { "type": "Point", "coordinates": [ 38.9743825, 45.0233287 ] } },
{ "type": "Feature", "properties": { "NAME": "Кооперативный рынок" }, "geometry": { "type": "Point", "coordinates": [ 38.9753032, 45.0258669 ] } },
{ "type": "Feature", "properties": { "NAME": "улица Ленина" }, "geometry": { "type": "Point", "coordinates": [ 38.9742975, 45.0229335 ] } },
{ "type": "Feature", "properties": { "NAME": "улица Уральская" }, "geometry": { "type": "Point", "coordinates": [ 39.0902682, 45.0378316 ] } },
{ "type": "Feature", "properties": { "NAME": "улица Симферопольская" }, "geometry": { "type": "Point", "coordinates": [ 39.0868524, 45.0359727 ] } },
{ "type": "Feature", "properties": { "NAME": "улица Монтажная" }, "geometry": { "type": "Point", "coordinates": [ 39.0824688, 45.034558 ] } },
{ "type": "Feature", "properties": { "NAME": "улица Просторная" }, "geometry": { "type": "Point", "coordinates": [ 39.0796537, 45.0336456 ] } },
{ "type": "Feature", "properties": { "NAME": "ЖК на Магистральной" }, "geometry": { "type": "Point", "coordinates": [ 39.0716308, 45.0312624 ] } },
{ "type": "Feature", "properties": { "NAME": "улица Онежская" }, "geometry": { "type": "Point", "coordinates": [ 39.0668373, 45.0309265 ] } },
{ "type": "Feature", "properties": { "NAME": "улица Нежинская" }, "geometry": { "type": "Point", "coordinates": [ 39.0642071, 45.0277246 ] } },
{ "type": "Feature", "properties": { "NAME": "Сормовская улица" }, "geometry": { "type": "Point", "coordinates": [ 39.0658725, 45.0240017 ] } },
{ "type": "Feature", "properties": { "NAME": "Детский сад «Ясли»" }, "geometry": { "type": "Point", "coordinates": [ 39.0681809, 45.0191023 ] } },
{ "type": "Feature", "properties": { "NAME": "Детский сад «Ясли»" }, "geometry": { "type": "Point", "coordinates": [ 39.0680888, 45.019219 ] } },
{ "type": "Feature", "properties": { "NAME": "улица Магистральная" }, "geometry": { "type": "Point", "coordinates": [ 39.0642033, 45.0307664 ] } },
{ "type": "Feature", "properties": { "NAME": "улица Онежская" }, "geometry": { "type": "Point", "coordinates": [ 39.0672812, 45.0309803 ] } },
{ "type": "Feature", "properties": { "NAME": "ЖК на Магистральной" }, "geometry": { "type": "Point", "coordinates": [ 39.0719203, 45.0313041 ] } },
{ "type": "Feature", "properties": { "NAME": "улица Просторная" }, "geometry": { "type": "Point", "coordinates": [ 39.0787665, 45.0333835 ] } },
{ "type": "Feature", "properties": { "NAME": "улица Симферопольская" }, "geometry": { "type": "Point", "coordinates": [ 39.0865643, 45.0359059 ] } },
{ "type": "Feature", "properties": { "NAME": "улица Уральская" }, "geometry": { "type": "Point", "coordinates": [ 39.0899193, 45.0378232 ] } },
{ "type": "Feature", "properties": { "NAME": "Жилой комплекс «Фонтаны»" }, "geometry": { "type": "Point", "coordinates": [ 39.0237677, 45.0014934 ] } },
{ "type": "Feature", "properties": { "NAME": "улица Ковтюха" }, "geometry": { "type": "Point", "coordinates": [ 39.0121041, 45.0147841 ] } },
{ "type": "Feature", "properties": { "NAME": "улица Майкопская" }, "geometry": { "type": "Point", "coordinates": [ 39.0126207, 45.0112462 ] } },
{ "type": "Feature", "properties": { "NAME": "улица Бургасская" }, "geometry": { "type": "Point", "coordinates": [ 39.0368271, 45.0119344 ] } },
{ "type": "Feature", "properties": { "NAME": "улица Свободная" }, "geometry": { "type": "Point", "coordinates": [ 39.0322296, 45.0083001 ] } },
{ "type": "Feature", "properties": { "NAME": "улица Новая" }, "geometry": { "type": "Point", "coordinates": [ 39.0279501, 45.0048518 ] } },
{ "type": "Feature", "properties": { "NAME": "Солнечная улица" }, "geometry": { "type": "Point", "coordinates": [ 39.0008237, 45.0726418 ] } },
{ "type": "Feature", "properties": { "NAME": "Гомельская улица" }, "geometry": { "type": "Point", "coordinates": [ 39.0012879, 45.0834859 ] } },
{ "type": "Feature", "properties": { "NAME": "Гомельская улица" }, "geometry": { "type": "Point", "coordinates": [ 39.001501, 45.0836999 ] } },
{ "type": "Feature", "properties": { "NAME": "Гомельская улица" }, "geometry": { "type": "Point", "coordinates": [ 39.0014791, 45.0838673 ] } },
{ "type": "Feature", "properties": { "NAME": "Жигулёвская улица" }, "geometry": { "type": "Point", "coordinates": [ 39.0012447, 45.0802223 ] } },
{ "type": "Feature", "properties": { "NAME": "Жигулёвская улица" }, "geometry": { "type": "Point", "coordinates": [ 39.0012692, 45.0800821 ] } },
{ "type": "Feature", "properties": { "NAME": "улица Петра Метальникова" }, "geometry": { "type": "Point", "coordinates": [ 39.0023175, 45.0933746 ] } },
{ "type": "Feature", "properties": { "NAME": "Ахтарская улица" }, "geometry": { "type": "Point", "coordinates": [ 39.0018904, 45.0889364 ] } },
{ "type": "Feature", "properties": { "NAME": "Ахтарская улица" }, "geometry": { "type": "Point", "coordinates": [ 39.0018716, 45.0893015 ] } },
{ "type": "Feature", "properties": { "NAME": "Почта" }, "geometry": { "type": "Point", "coordinates": [ 39.0015884, 45.0668375 ] } },
{ "type": "Feature", "properties": { "NAME": "улица Петра Метальникова" }, "geometry": { "type": "Point", "coordinates": [ 39.002233, 45.0933785 ] } },
{ "type": "Feature", "properties": { "NAME": "Гипермаркет \"ОКЕЙ\"" }, "geometry": { "type": "Point", "coordinates": [ 38.9325348, 45.038299 ] } },
{ "type": "Feature", "properties": { "NAME": "улица Фрунзе" }, "geometry": { "type": "Point", "coordinates": [ 38.9652751, 45.0371551 ] } },
{ "type": "Feature", "properties": { "NAME": "Рынок \"Гарант\" вторые ворота" }, "geometry": { "type": "Point", "coordinates": [ 39.0574388, 45.0337267 ] } },
{ "type": "Feature", "properties": { "NAME": "Бальнеолечебница" }, "geometry": { "type": "Point", "coordinates": [ 38.9453489, 45.0590709 ] } },
{ "type": "Feature", "properties": { "NAME": "улица Круговая" }, "geometry": { "type": "Point", "coordinates": [ 38.9070852, 45.0693011 ] } },
{ "type": "Feature", "properties": { "NAME": "улица Венецианская" }, "geometry": { "type": "Point", "coordinates": [ 38.9259928, 45.1134898 ] } },
{ "type": "Feature", "properties": { "NAME": "улица Венецианская" }, "geometry": { "type": "Point", "coordinates": [ 38.9237693, 45.1136147 ] } },
{ "type": "Feature", "properties": { "NAME": "жилой комплекс «Немецкая Деревня»" }, "geometry": { "type": "Point", "coordinates": [ 38.9301905, 45.1177854 ] } },
{ "type": "Feature", "properties": { "NAME": "жилой комплекс «Немецкая Деревня»" }, "geometry": { "type": "Point", "coordinates": [ 38.9298525, 45.1171722 ] } },
{ "type": "Feature", "properties": { "NAME": null }, "geometry": { "type": "Point", "coordinates": [ 38.9672361, 45.1064763 ] } },
{ "type": "Feature", "properties": { "NAME": null }, "geometry": { "type": "Point", "coordinates": [ 38.9680952, 45.1087082 ] } },
{ "type": "Feature", "properties": { "NAME": null }, "geometry": { "type": "Point", "coordinates": [ 38.9682045, 45.1103424 ] } },
{ "type": "Feature", "properties": { "NAME": null }, "geometry": { "type": "Point", "coordinates": [ 38.9688047, 45.1115043 ] } },
{ "type": "Feature", "properties": { "NAME": null }, "geometry": { "type": "Point", "coordinates": [ 39.0616195, 45.0964022 ] } },
{ "type": "Feature", "properties": { "NAME": null }, "geometry": { "type": "Point", "coordinates": [ 39.0630109, 45.0961763 ] } },
{ "type": "Feature", "properties": { "NAME": null }, "geometry": { "type": "Point", "coordinates": [ 39.0525757, 45.0610306 ] } },
{ "type": "Feature", "properties": { "NAME": null }, "geometry": { "type": "Point", "coordinates": [ 39.0563014, 45.0610681 ] } },
{ "type": "Feature", "properties": { "NAME": null }, "geometry": { "type": "Point", "coordinates": [ 39.0627046, 45.0642033 ] } },
{ "type": "Feature", "properties": { "NAME": null }, "geometry": { "type": "Point", "coordinates": [ 39.0619691, 45.0639922 ] } },
{ "type": "Feature", "properties": { "NAME": null }, "geometry": { "type": "Point", "coordinates": [ 39.0348794, 45.0579977 ] } },
{ "type": "Feature", "properties": { "NAME": "ЖК «Дыхание»" }, "geometry": { "type": "Point", "coordinates": [ 39.0590331, 45.098274 ] } },
{ "type": "Feature", "properties": { "NAME": "Московская улица" }, "geometry": { "type": "Point", "coordinates": [ 39.0029204, 45.0522219 ] } },
{ "type": "Feature", "properties": { "NAME": null }, "geometry": { "type": "Point", "coordinates": [ 38.946103, 45.0589741 ] } },
{ "type": "Feature", "properties": { "NAME": "Поликлиника" }, "geometry": { "type": "Point", "coordinates": [ 38.9144726, 45.0685948 ] } },
{ "type": "Feature", "properties": { "NAME": "Поликлиника" }, "geometry": { "type": "Point", "coordinates": [ 38.9144869, 45.068686 ] } },
{ "type": "Feature", "properties": { "NAME": null }, "geometry": { "type": "Point", "coordinates": [ 39.0578327, 45.0613765 ] } }
]
}
