{
"type": "FeatureCollection",
"name": "cleaned_pvz",
"crs": { "type": "name", "properties": { "name": "urn:ogc:def:crs:OGC:1.3:CRS84" } },
"features": [
{ "type": "Feature", "properties": { "ID": 50016316, "Address": "Зелёная улица, 230", "lat": 45.145918, "long": 39.051427, "population": 4200.0, "Pedestrian traffic": 3200.0, "car traffic": 11000.0, "poi_count": 0 }, "geometry": { "type": "Point", "coordinates": [ 39.051427, 45.145918 ] } },
{ "type": "Feature", "properties": { "ID": 217006, "Address": "Зелёная улица, 174\n", "lat": 45.142911, "long": 39.04504, "population": 4200.0, "Pedestrian traffic": 3200.0, "car traffic": 11000.0, "poi_count": 0 }, "geometry": { "type": "Point", "coordinates": [ 39.04504, 45.142911 ] } },
{ "type": "Feature", "properties": { "ID": 161947, "Address": "Зелёная улица, 108\n", "lat": 45.12299, "long": 39.166843, "population": 0.0, "Pedestrian traffic": 0.0, "car traffic": 0.0, "poi_count": 0 }, "geometry": { "type": "Point", "coordinates": [ 39.166843, 45.12299 ] } },
{ "type": "Feature", "properties": { "ID": 325506, "Address": "Земляничная улица, 122\n", "lat": 45.139224, "long": 39.032563, "population": 4200.0, "Pedestrian traffic": 3200.0, "car traffic": 11000.0, "poi_count": 0 }, "geometry": { "type": "Point", "coordinates": [ 39.032563, 45.139224 ] } },
{ "type": "Feature", "properties": { "ID": 112779, "Address": "Вишнёвая улица, 2", "lat": 45.144678, "long": 39.038761, "population": 4200.0, "Pedestrian traffic": 3200.0, "car traffic": 11000.0, "poi_count": 0 }, "geometry": { "type": "Point", "coordinates": [ 39.038761, 45.144678 ] } },
{ "type": "Feature", "properties": { "ID": 314626, "Address": "Ореховая улица, 621", "lat": 45.134188, "long": 39.019627, "population": 12000.0, "Pedestrian traffic": 13000.0, "car traffic": 23000.0, "poi_count": 1 }, "geometry": { "type": "Point", "coordinates": [ 39.019627, 45.134188 ] } },
{ "type": "Feature", "properties": { "ID": 168523, "Address": "Рябиновая улица, 241/1", "lat": 45.134881, "long": 39.015827, "population": 12000.0, "Pedestrian traffic": 13000.0, "car traffic": 23000.0, "poi_count": 0 }, "geometry": { "type": "Point", "coordinates": [ 39.015827, 45.134881 ] } },
{ "type": "Feature", "properties": { "ID": 307362, "Address": "Ростовское шоссе, 52/2\n", "lat": 45.125979, "long": 39.010132, "population": 10000.0, "Pedestrian traffic": 15000.0, "car traffic": 22000.0, "poi_count": 9 }, "geometry": { "type": "Point", "coordinates": [ 39.010132, 45.125979 ] } },
{ "type": "Feature", "properties": { "ID": 50019822, "Address": "бульвар Строителей, 130", "lat": 45.122557, "long": 39.014507, "population": 10000.0, "Pedestrian traffic": 15000.0, "car traffic": 22000.0, "poi_count": 2 }, "geometry": { "type": "Point", "coordinates": [ 39.014507, 45.122557 ] } },
{ "type": "Feature", "properties": { "ID": 162912, "Address": "Пригородная улица, 307", "lat": 45.120573, "long": 39.008829, "population": 10000.0, "Pedestrian traffic": 15000.0, "car traffic": 22000.0, "poi_count": 8 }, "geometry": { "type": "Point", "coordinates": [ 39.008829, 45.120573 ] } },
{ "type": "Feature", "properties": { "ID": 212451, "Address": "улица Силантьева, 76\n", "lat": 45.116172, "long": 38.997789, "population": 38000.0, "Pedestrian traffic": 37000.0, "car traffic": 38000.0, "poi_count": 7 }, "geometry": { "type": "Point", "coordinates": [ 38.997789, 45.116172 ] } },
{ "type": "Feature", "properties": { "ID": 162433, "Address": "улица имени М.Е. Соколова, 86к1", "lat": 45.114849, "long": 38.986228, "population": 26000.0, "Pedestrian traffic": 21000.0, "car traffic": 26000.0, "poi_count": 28 }, "geometry": { "type": "Point", "coordinates": [ 38.986228, 45.114849 ] } },
{ "type": "Feature", "properties": { "ID": 317624, "Address": "улица имени Дзержинского, 110Ак1", "lat": 45.117539, "long": 38.986928, "population": 7000.0, "Pedestrian traffic": 15000.0, "car traffic": 26000.0, "poi_count": 22 }, "geometry": { "type": "Point", "coordinates": [ 38.986928, 45.117539 ] } },
{ "type": "Feature", "properties": { "ID": 50035892, "Address": "жилой комплекс Архитектор", "lat": 45.116522, "long": 38.973148, "population": 26000.0, "Pedestrian traffic": 21000.0, "car traffic": 26000.0, "poi_count": 4 }, "geometry": { "type": "Point", "coordinates": [ 38.973148, 45.116522 ] } },
{ "type": "Feature", "properties": { "ID": 326073, "Address": "Пригородная улица, 161", "lat": 45.123969, "long": 38.979014, "population": 7000.0, "Pedestrian traffic": 15000.0, "car traffic": 26000.0, "poi_count": 13 }, "geometry": { "type": "Point", "coordinates": [ 38.979014, 45.123969 ] } },
{ "type": "Feature", "properties": { "ID": 310391, "Address": "Гороховецкая улица, 1", "lat": 45.123689, "long": 38.976804, "population": 7000.0, "Pedestrian traffic": 15000.0, "car traffic": 26000.0, "poi_count": 2 }, "geometry": { "type": "Point", "coordinates": [ 38.976804, 45.123689 ] } },
{ "type": "Feature", "properties": { "ID": 310169, "Address": "3-й Звенигородский проезд, 79", "lat": 45.124541, "long": 38.969276, "population": 5000.0, "Pedestrian traffic": 7000.0, "car traffic": 4600.0, "poi_count": 8 }, "geometry": { "type": "Point", "coordinates": [ 38.969276, 45.124541 ] } },
{ "type": "Feature", "properties": { "ID": 162837, "Address": "улица Изосимова, 10", "lat": 45.126983, "long": 38.970462, "population": 5000.0, "Pedestrian traffic": 7000.0, "car traffic": 4600.0, "poi_count": 8 }, "geometry": { "type": "Point", "coordinates": [ 38.970462, 45.126983 ] } },
{ "type": "Feature", "properties": { "ID": 137621, "Address": "3-й Звенигородский проезд, 41", "lat": 45.125018, "long": 38.965189, "population": 5000.0, "Pedestrian traffic": 7000.0, "car traffic": 4600.0, "poi_count": 8 }, "geometry": { "type": "Point", "coordinates": [ 38.965189, 45.125018 ] } },
{ "type": "Feature", "properties": { "ID": 50017284, "Address": "Звенигородская улица, 1А", "lat": 45.126138, "long": 38.955182, "population": 5000.0, "Pedestrian traffic": 7000.0, "car traffic": 4600.0, "poi_count": 7 }, "geometry": { "type": "Point", "coordinates": [ 38.955182, 45.126138 ] } },
{ "type": "Feature", "properties": { "ID": 165263, "Address": "Пригородная улица, 11", "lat": 45.127104, "long": 38.951714, "population": 5000.0, "Pedestrian traffic": 7000.0, "car traffic": 4600.0, "poi_count": 6 }, "geometry": { "type": "Point", "coordinates": [ 38.951714, 45.127104 ] } },
{ "type": "Feature", "properties": { "ID": 156999, "Address": "Ягодная улица, 487\n", "lat": 45.131861, "long": 38.960284, "population": 5000.0, "Pedestrian traffic": 7000.0, "car traffic": 4600.0, "poi_count": 1 }, "geometry": { "type": "Point", "coordinates": [ 38.960284, 45.131861 ] } },
{ "type": "Feature", "properties": { "ID": 156977, "Address": "Лимонная улица, 193", "lat": 45.130347, "long": 38.973597, "population": 5000.0, "Pedestrian traffic": 7000.0, "car traffic": 4600.0, "poi_count": 10 }, "geometry": { "type": "Point", "coordinates": [ 38.973597, 45.130347 ] } },
{ "type": "Feature", "properties": { "ID": 308179, "Address": "улица Садовое Кольцо, 3", "lat": 45.132071, "long": 38.974765, "population": 5000.0, "Pedestrian traffic": 7000.0, "car traffic": 4600.0, "poi_count": 8 }, "geometry": { "type": "Point", "coordinates": [ 38.974765, 45.132071 ] } },
{ "type": "Feature", "properties": { "ID": 214131, "Address": "3-я Трудовая улица, 1/3", "lat": 45.13043, "long": 38.978754, "population": 7000.0, "Pedestrian traffic": 15000.0, "car traffic": 26000.0, "poi_count": 5 }, "geometry": { "type": "Point", "coordinates": [ 38.978754, 45.13043 ] } },
{ "type": "Feature", "properties": { "ID": 319050, "Address": "улица Садовое Кольцо, 9/1", "lat": 45.132795, "long": 38.978358, "population": 7000.0, "Pedestrian traffic": 15000.0, "car traffic": 26000.0, "poi_count": 3 }, "geometry": { "type": "Point", "coordinates": [ 38.978358, 45.132795 ] } },
{ "type": "Feature", "properties": { "ID": 50034918, "Address": "Апрельская улица, 5", "lat": 45.13366, "long": 38.985482, "population": 7000.0, "Pedestrian traffic": 15000.0, "car traffic": 26000.0, "poi_count": 10 }, "geometry": { "type": "Point", "coordinates": [ 38.985482, 45.13366 ] } },
{ "type": "Feature", "properties": { "ID": 164023, "Address": "3-я Трудовая улица, 1", "lat": 45.129215, "long": 38.986892, "population": 7000.0, "Pedestrian traffic": 15000.0, "car traffic": 26000.0, "poi_count": 8 }, "geometry": { "type": "Point", "coordinates": [ 38.986892, 45.129215 ] } },
{ "type": "Feature", "properties": { "ID": 103929, "Address": "3-я Трудовая улица, 43", "lat": 45.128433, "long": 38.993728, "population": 7000.0, "Pedestrian traffic": 15000.0, "car traffic": 26000.0, "poi_count": 12 }, "geometry": { "type": "Point", "coordinates": [ 38.993728, 45.128433 ] } },
{ "type": "Feature", "properties": { "ID": 50007090, "Address": "1-я Первомайская улица, 23", "lat": 45.127327, "long": 39.002173, "population": 7000.0, "Pedestrian traffic": 15000.0, "car traffic": 26000.0, "poi_count": 4 }, "geometry": { "type": "Point", "coordinates": [ 39.002173, 45.127327 ] } },
{ "type": "Feature", "properties": { "ID": 326835, "Address": "Магистральная улица, 15А", "lat": 45.136006, "long": 39.002613, "population": 12000.0, "Pedestrian traffic": 13000.0, "car traffic": 23000.0, "poi_count": 1 }, "geometry": { "type": "Point", "coordinates": [ 39.002613, 45.136006 ] } },
{ "type": "Feature", "properties": { "ID": 123078, "Address": "9-я Тихая улица, 11/1", "lat": 45.137793, "long": 38.998283, "population": 7000.0, "Pedestrian traffic": 15000.0, "car traffic": 26000.0, "poi_count": 22 }, "geometry": { "type": "Point", "coordinates": [ 38.998283, 45.137793 ] } },
{ "type": "Feature", "properties": { "ID": 50006425, "Address": "5-я Дорожная улица, 47", "lat": 45.137043, "long": 38.993971, "population": 7000.0, "Pedestrian traffic": 15000.0, "car traffic": 26000.0, "poi_count": 20 }, "geometry": { "type": "Point", "coordinates": [ 38.993971, 45.137043 ] } },
{ "type": "Feature", "properties": { "ID": 324782, "Address": "Дубравная улица, 1", "lat": 45.139732, "long": 38.986677, "population": 9000.0, "Pedestrian traffic": 5000.0, "car traffic": 2200.0, "poi_count": 5 }, "geometry": { "type": "Point", "coordinates": [ 38.986677, 45.139732 ] } },
{ "type": "Feature", "properties": { "ID": 137365, "Address": "Душистая улица, 24", "lat": 45.1415, "long": 38.988994, "population": 9000.0, "Pedestrian traffic": 5000.0, "car traffic": 2200.0, "poi_count": 6 }, "geometry": { "type": "Point", "coordinates": [ 38.988994, 45.1415 ] } },
{ "type": "Feature", "properties": { "ID": 142978, "Address": "Душистая улица, 23", "lat": 45.142345, "long": 38.985931, "population": 9000.0, "Pedestrian traffic": 5000.0, "car traffic": 2200.0, "poi_count": 5 }, "geometry": { "type": "Point", "coordinates": [ 38.985931, 45.142345 ] } },
{ "type": "Feature", "properties": { "ID": 50015985, "Address": "Душистая улица, 30к2", "lat": 45.141093, "long": 38.990513, "population": 9000.0, "Pedestrian traffic": 5000.0, "car traffic": 2200.0, "poi_count": 13 }, "geometry": { "type": "Point", "coordinates": [ 38.990513, 45.141093 ] } },
{ "type": "Feature", "properties": { "ID": 308364, "Address": "Душистая улица, 50", "lat": 45.141099, "long": 38.993998, "population": 9000.0, "Pedestrian traffic": 5000.0, "car traffic": 2200.0, "poi_count": 24 }, "geometry": { "type": "Point", "coordinates": [ 38.993998, 45.141099 ] } },
{ "type": "Feature", "properties": { "ID": 137674, "Address": "5-я Дорожная улица, 68к2", "lat": 45.140482, "long": 38.995804, "population": 9000.0, "Pedestrian traffic": 5000.0, "car traffic": 2200.0, "poi_count": 34 }, "geometry": { "type": "Point", "coordinates": [ 38.995804, 45.140482 ] } },
{ "type": "Feature", "properties": { "ID": 141025, "Address": "Душистая улица, 60к2", "lat": 45.140635, "long": 38.998121, "population": 12000.0, "Pedestrian traffic": 13000.0, "car traffic": 23000.0, "poi_count": 27 }, "geometry": { "type": "Point", "coordinates": [ 38.998121, 45.140635 ] } },
{ "type": "Feature", "properties": { "ID": 141910, "Address": "Душистая улица, 79к1", "lat": 45.141932, "long": 38.998651, "population": 12000.0, "Pedestrian traffic": 13000.0, "car traffic": 23000.0, "poi_count": 27 }, "geometry": { "type": "Point", "coordinates": [ 38.998651, 45.141932 ] } },
{ "type": "Feature", "properties": { "ID": 307996, "Address": "Душистая улица, 79к2", "lat": 45.141964, "long": 38.99787, "population": 12000.0, "Pedestrian traffic": 13000.0, "car traffic": 23000.0, "poi_count": 33 }, "geometry": { "type": "Point", "coordinates": [ 38.99787, 45.141964 ] } },
{ "type": "Feature", "properties": { "ID": 214779, "Address": "Душистая улица, 53", "lat": 45.142968, "long": 38.9946, "population": 9000.0, "Pedestrian traffic": 5000.0, "car traffic": 2200.0, "poi_count": 41 }, "geometry": { "type": "Point", "coordinates": [ 38.9946, 45.142968 ] } },
{ "type": "Feature", "properties": { "ID": 331720, "Address": "3-я Целиноградская улица, 10", "lat": 45.144806, "long": 38.995642, "population": 9000.0, "Pedestrian traffic": 5000.0, "car traffic": 2200.0, "poi_count": 27 }, "geometry": { "type": "Point", "coordinates": [ 38.995642, 45.144806 ] } },
{ "type": "Feature", "properties": { "ID": 127374, "Address": "Целиноградская улица, 4/6", "lat": 45.145969, "long": 38.993288, "population": 9000.0, "Pedestrian traffic": 5000.0, "car traffic": 2200.0, "poi_count": 17 }, "geometry": { "type": "Point", "coordinates": [ 38.993288, 45.145969 ] } },
{ "type": "Feature", "properties": { "ID": 301416, "Address": "Целиноградская улица, 4/2к3", "lat": 45.146547, "long": 38.995795, "population": 9000.0, "Pedestrian traffic": 5000.0, "car traffic": 2200.0, "poi_count": 19 }, "geometry": { "type": "Point", "coordinates": [ 38.995795, 45.146547 ] } },
{ "type": "Feature", "properties": { "ID": 310086, "Address": "Ейское шоссе, 1/5", "lat": 45.148849, "long": 38.998813, "population": 12000.0, "Pedestrian traffic": 13000.0, "car traffic": 23000.0, "poi_count": 0 }, "geometry": { "type": "Point", "coordinates": [ 38.998813, 45.148849 ] } },
{ "type": "Feature", "properties": { "ID": 50027095, "Address": "улица Профессора Рудакова, 1", "lat": 45.149815, "long": 38.998427, "population": 9000.0, "Pedestrian traffic": 5000.0, "car traffic": 2200.0, "poi_count": 0 }, "geometry": { "type": "Point", "coordinates": [ 38.998427, 45.149815 ] } },
{ "type": "Feature", "properties": { "ID": 312340, "Address": "улица Мира, 38/1", "lat": 45.150253, "long": 39.016016, "population": 12000.0, "Pedestrian traffic": 13000.0, "car traffic": 23000.0, "poi_count": 0 }, "geometry": { "type": "Point", "coordinates": [ 39.016016, 45.150253 ] } },
{ "type": "Feature", "properties": { "ID": 319966, "Address": "улица Мира, 37В", "lat": 45.150571, "long": 39.013024, "population": 12000.0, "Pedestrian traffic": 13000.0, "car traffic": 23000.0, "poi_count": 0 }, "geometry": { "type": "Point", "coordinates": [ 39.013024, 45.150571 ] } },
{ "type": "Feature", "properties": { "ID": 203076, "Address": "улица Мира, 17", "lat": 45.150571, "long": 39.00697, "population": 12000.0, "Pedestrian traffic": 13000.0, "car traffic": 23000.0, "poi_count": 0 }, "geometry": { "type": "Point", "coordinates": [ 39.00697, 45.150571 ] } },
{ "type": "Feature", "properties": { "ID": 300485, "Address": "Главная улица, 1/8", "lat": 45.152593, "long": 38.94362, "population": 0.0, "Pedestrian traffic": 0.0, "car traffic": 0.0, "poi_count": 0 }, "geometry": { "type": "Point", "coordinates": [ 38.94362, 45.152593 ] } },
{ "type": "Feature", "properties": { "ID": 50027103, "Address": "Главная улица, 24/1", "lat": 45.15408, "long": 38.933505, "population": 0.0, "Pedestrian traffic": 0.0, "car traffic": 0.0, "poi_count": 0 }, "geometry": { "type": "Point", "coordinates": [ 38.933505, 45.15408 ] } },
{ "type": "Feature", "properties": { "ID": 50004211, "Address": "улица имени Профессора Малигонова, 7", "lat": 45.152898, "long": 38.960446, "population": 0.0, "Pedestrian traffic": 0.0, "car traffic": 0.0, "poi_count": 0 }, "geometry": { "type": "Point", "coordinates": [ 38.960446, 45.152898 ] } },
{ "type": "Feature", "properties": { "ID": 50001712, "Address": "улица имени Профессора Малигонова, 38А", "lat": 45.152637, "long": 38.973139, "population": 9000.0, "Pedestrian traffic": 5000.0, "car traffic": 2200.0, "poi_count": 0 }, "geometry": { "type": "Point", "coordinates": [ 38.973139, 45.152637 ] } },
{ "type": "Feature", "properties": { "ID": 216427, "Address": "улица Мечникова, 1", "lat": 45.157016, "long": 38.965989, "population": 0.0, "Pedestrian traffic": 0.0, "car traffic": 0.0, "poi_count": 0 }, "geometry": { "type": "Point", "coordinates": [ 38.965989, 45.157016 ] } },
{ "type": "Feature", "properties": { "ID": 145264, "Address": "улица имени А.Н. Лодыгина, 1", "lat": 45.157309, "long": 38.966545, "population": 0.0, "Pedestrian traffic": 0.0, "car traffic": 0.0, "poi_count": 0 }, "geometry": { "type": "Point", "coordinates": [ 38.966545, 45.157309 ] } },
{ "type": "Feature", "properties": { "ID": 321676, "Address": "Полевая улица, 20", "lat": 45.163582, "long": 38.988033, "population": 0.0, "Pedestrian traffic": 0.0, "car traffic": 0.0, "poi_count": 0 }, "geometry": { "type": "Point", "coordinates": [ 38.988033, 45.163582 ] } },
{ "type": "Feature", "properties": { "ID": 50014467, "Address": "Лекарственная улица, 26/1", "lat": 45.161154, "long": 38.986668, "population": 0.0, "Pedestrian traffic": 0.0, "car traffic": 0.0, "poi_count": 0 }, "geometry": { "type": "Point", "coordinates": [ 38.986668, 45.161154 ] } },
{ "type": "Feature", "properties": { "ID": 308142, "Address": "улица Археолога Веселовского, 25Б", "lat": 45.156915, "long": 38.998211, "population": 0.0, "Pedestrian traffic": 0.0, "car traffic": 0.0, "poi_count": 0 }, "geometry": { "type": "Point", "coordinates": [ 38.998211, 45.156915 ] } },
{ "type": "Feature", "properties": { "ID": 307167, "Address": "Смоленская улица, 3", "lat": 45.157817, "long": 39.016393, "population": 0.0, "Pedestrian traffic": 0.0, "car traffic": 0.0, "poi_count": 0 }, "geometry": { "type": "Point", "coordinates": [ 39.016393, 45.157817 ] } },
{ "type": "Feature", "properties": { "ID": 214020, "Address": "Северная улица, 50", "lat": 45.159559, "long": 39.023597, "population": 1000.0, "Pedestrian traffic": 0.0, "car traffic": 0.0, "poi_count": 0 }, "geometry": { "type": "Point", "coordinates": [ 39.023597, 45.159559 ] } },
{ "type": "Feature", "properties": { "ID": 158314, "Address": "Войсковая улица, 2", "lat": 45.160245, "long": 39.016402, "population": 0.0, "Pedestrian traffic": 0.0, "car traffic": 0.0, "poi_count": 0 }, "geometry": { "type": "Point", "coordinates": [ 39.016402, 45.160245 ] } },
{ "type": "Feature", "properties": { "ID": 50016739, "Address": "Северная улица, 26/3", "lat": 45.160671, "long": 39.015737, "population": 0.0, "Pedestrian traffic": 0.0, "car traffic": 0.0, "poi_count": 0 }, "geometry": { "type": "Point", "coordinates": [ 39.015737, 45.160671 ] } },
{ "type": "Feature", "properties": { "ID": 307160, "Address": "Войсковая улица, 8/5", "lat": 45.161465, "long": 39.018324, "population": 1000.0, "Pedestrian traffic": 0.0, "car traffic": 0.0, "poi_count": 0 }, "geometry": { "type": "Point", "coordinates": [ 39.018324, 45.161465 ] } },
{ "type": "Feature", "properties": { "ID": 309765, "Address": "Казачья улица, 2к1", "lat": 45.162368, "long": 39.010482, "population": 0.0, "Pedestrian traffic": 0.0, "car traffic": 0.0, "poi_count": 0 }, "geometry": { "type": "Point", "coordinates": [ 39.010482, 45.162368 ] } },
{ "type": "Feature", "properties": { "ID": 50009360, "Address": "Северная улица, 30/4", "lat": 45.163251, "long": 39.016016, "population": 0.0, "Pedestrian traffic": 0.0, "car traffic": 0.0, "poi_count": 0 }, "geometry": { "type": "Point", "coordinates": [ 39.016016, 45.163251 ] } },
{ "type": "Feature", "properties": { "ID": 327040, "Address": "Никольская улица, 25", "lat": 45.166975, "long": 39.010617, "population": 0.0, "Pedestrian traffic": 0.0, "car traffic": 0.0, "poi_count": 0 }, "geometry": { "type": "Point", "coordinates": [ 39.010617, 45.166975 ] } },
{ "type": "Feature", "properties": { "ID": 50004460, "Address": "Бисерная улица, 18", "lat": 45.122316, "long": 39.04151, "population": 7000.0, "Pedestrian traffic": 3200.0, "car traffic": 1100.0, "poi_count": 0 }, "geometry": { "type": "Point", "coordinates": [ 39.04151, 45.122316 ] } },
{ "type": "Feature", "properties": { "ID": 202818, "Address": "улица Академика Королёва, 51", "lat": 45.12063, "long": 39.040531, "population": 7000.0, "Pedestrian traffic": 3200.0, "car traffic": 1100.0, "poi_count": 0 }, "geometry": { "type": "Point", "coordinates": [ 39.040531, 45.12063 ] } },
{ "type": "Feature", "properties": { "ID": 215368, "Address": "Альпийский проезд, 25", "lat": 45.115434, "long": 39.043495, "population": 7000.0, "Pedestrian traffic": 3200.0, "car traffic": 1100.0, "poi_count": 19 }, "geometry": { "type": "Point", "coordinates": [ 39.043495, 45.115434 ] } },
{ "type": "Feature", "properties": { "ID": 50013072, "Address": "улица Ратной Славы, 108", "lat": 45.112966, "long": 39.043262, "population": 7000.0, "Pedestrian traffic": 3200.0, "car traffic": 1100.0, "poi_count": 26 }, "geometry": { "type": "Point", "coordinates": [ 39.043262, 45.112966 ] } },
{ "type": "Feature", "properties": { "ID": 144158, "Address": "Измаильская улица, 85", "lat": 45.114136, "long": 39.048912, "population": 7000.0, "Pedestrian traffic": 3200.0, "car traffic": 1100.0, "poi_count": 113 }, "geometry": { "type": "Point", "coordinates": [ 39.048912, 45.114136 ] } },
{ "type": "Feature", "properties": { "ID": 349000, "Address": "улица имени В.М. Комарова, 106Бк7", "lat": 45.115968, "long": 39.053179, "population": 7000.0, "Pedestrian traffic": 3200.0, "car traffic": 1100.0, "poi_count": 76 }, "geometry": { "type": "Point", "coordinates": [ 39.053179, 45.115968 ] } },
{ "type": "Feature", "properties": { "ID": 308375, "Address": "Чукотская улица, 29", "lat": 45.103659, "long": 39.043423, "population": 26000.0, "Pedestrian traffic": 15000.0, "car traffic": 13000.0, "poi_count": 0 }, "geometry": { "type": "Point", "coordinates": [ 39.043423, 45.103659 ] } },
{ "type": "Feature", "properties": { "ID": 313489, "Address": "улица Лётчика Позднякова, 2к16", "lat": 45.104315, "long": 39.0605, "population": 11000.0, "Pedestrian traffic": 4400.0, "car traffic": 7500.0, "poi_count": 2 }, "geometry": { "type": "Point", "coordinates": [ 39.0605, 45.104315 ] } },
{ "type": "Feature", "properties": { "ID": 313489, "Address": "улица Лётчика Позднякова, 2к19", "lat": 45.104327, "long": 39.062126, "population": 11000.0, "Pedestrian traffic": 4400.0, "car traffic": 7500.0, "poi_count": 2 }, "geometry": { "type": "Point", "coordinates": [ 39.062126, 45.104327 ] } },
{ "type": "Feature", "properties": { "ID": 313489, "Address": "улица Лётчика Позднякова, 2к22", "lat": 45.101897, "long": 39.061345, "population": 11000.0, "Pedestrian traffic": 4400.0, "car traffic": 7500.0, "poi_count": 4 }, "geometry": { "type": "Point", "coordinates": [ 39.061345, 45.101897 ] } },
{ "type": "Feature", "properties": { "ID": 313489, "Address": "улица Лётчика Позднякова, 2к7", "lat": 45.099613, "long": 39.060024, "population": 11000.0, "Pedestrian traffic": 4400.0, "car traffic": 7500.0, "poi_count": 6 }, "geometry": { "type": "Point", "coordinates": [ 39.060024, 45.099613 ] } },
{ "type": "Feature", "properties": { "ID": 143568, "Address": "улица Лётчика Позднякова, 2к2", "lat": 45.09794, "long": 39.060572, "population": 11000.0, "Pedestrian traffic": 4400.0, "car traffic": 7500.0, "poi_count": 6 }, "geometry": { "type": "Point", "coordinates": [ 39.060572, 45.09794 ] } },
{ "type": "Feature", "properties": { "ID": 305044, "Address": "улица Шевцова, 36/1", "lat": 45.095038, "long": 39.048858, "population": 11000.0, "Pedestrian traffic": 4400.0, "car traffic": 7500.0, "poi_count": 2 }, "geometry": { "type": "Point", "coordinates": [ 39.048858, 45.095038 ] } },
{ "type": "Feature", "properties": { "ID": 162151, "Address": "улица Краеведа Соловьёва, 6к1", "lat": 45.092474, "long": 39.045292, "population": 45000.0, "Pedestrian traffic": 25000.0, "car traffic": 14000.0, "poi_count": 21 }, "geometry": { "type": "Point", "coordinates": [ 39.045292, 45.092474 ] } },
{ "type": "Feature", "properties": { "ID": 306178, "Address": "улица Краеведа Соловьёва, 6к6", "lat": 45.091335, "long": 39.046522, "population": 45000.0, "Pedestrian traffic": 25000.0, "car traffic": 14000.0, "poi_count": 20 }, "geometry": { "type": "Point", "coordinates": [ 39.046522, 45.091335 ] } },
{ "type": "Feature", "properties": { "ID": 363859, "Address": "улица Шевцова, 8", "lat": 45.090094, "long": 39.048086, "population": 45000.0, "Pedestrian traffic": 25000.0, "car traffic": 14000.0, "poi_count": 18 }, "geometry": { "type": "Point", "coordinates": [ 39.048086, 45.090094 ] } },
{ "type": "Feature", "properties": { "ID": 160805, "Address": "улица Краеведа Соловьёва, 2к1", "lat": 45.088815, "long": 39.045292, "population": 45000.0, "Pedestrian traffic": 25000.0, "car traffic": 14000.0, "poi_count": 22 }, "geometry": { "type": "Point", "coordinates": [ 39.045292, 45.088815 ] } },
{ "type": "Feature", "properties": { "ID": 217229, "Address": "посёлок Краснодарский, 66к2", "lat": 45.087339, "long": 39.046648, "population": 45000.0, "Pedestrian traffic": 25000.0, "car traffic": 14000.0, "poi_count": 7 }, "geometry": { "type": "Point", "coordinates": [ 39.046648, 45.087339 ] } },
{ "type": "Feature", "properties": { "ID": 317394, "Address": "улица им. Сорока А.М., 4/1", "lat": 45.088618, "long": 39.050861, "population": 45000.0, "Pedestrian traffic": 25000.0, "car traffic": 14000.0, "poi_count": 4 }, "geometry": { "type": "Point", "coordinates": [ 39.050861, 45.088618 ] } },
{ "type": "Feature", "properties": { "ID": 50027102, "Address": "посёлок Краснодарский, 63", "lat": 45.085003, "long": 39.044888, "population": 45000.0, "Pedestrian traffic": 25000.0, "car traffic": 14000.0, "poi_count": 1 }, "geometry": { "type": "Point", "coordinates": [ 39.044888, 45.085003 ] } },
{ "type": "Feature", "properties": { "ID": 50009353, "Address": "микрорайон Любимово, 10", "lat": 45.081643, "long": 39.03568, "population": 45000.0, "Pedestrian traffic": 25000.0, "car traffic": 14000.0, "poi_count": 4 }, "geometry": { "type": "Point", "coordinates": [ 39.03568, 45.081643 ] } },
{ "type": "Feature", "properties": { "ID": 50017222, "Address": "микрорайон Любимово, 8", "lat": 45.083081, "long": 39.035698, "population": 45000.0, "Pedestrian traffic": 25000.0, "car traffic": 14000.0, "poi_count": 5 }, "geometry": { "type": "Point", "coordinates": [ 39.035698, 45.083081 ] } },
{ "type": "Feature", "properties": { "ID": 311273, "Address": "микрорайон Любимово, 7", "lat": 45.084087, "long": 39.037629, "population": 45000.0, "Pedestrian traffic": 25000.0, "car traffic": 14000.0, "poi_count": 5 }, "geometry": { "type": "Point", "coordinates": [ 39.037629, 45.084087 ] } },
{ "type": "Feature", "properties": { "ID": 50007038, "Address": "микрорайон Любимово, 5", "lat": 45.084526, "long": 39.035698, "population": 45000.0, "Pedestrian traffic": 25000.0, "car traffic": 14000.0, "poi_count": 5 }, "geometry": { "type": "Point", "coordinates": [ 39.035698, 45.084526 ] } },
{ "type": "Feature", "properties": { "ID": 50019221, "Address": "микрорайон Любимово, 2", "lat": 45.087574, "long": 39.03798, "population": 45000.0, "Pedestrian traffic": 25000.0, "car traffic": 14000.0, "poi_count": 13 }, "geometry": { "type": "Point", "coordinates": [ 39.03798, 45.087574 ] } },
{ "type": "Feature", "properties": { "ID": 163597, "Address": "улица Адмирала Крузенштерна, 6", "lat": 45.09173, "long": 39.041833, "population": 45000.0, "Pedestrian traffic": 25000.0, "car traffic": 14000.0, "poi_count": 30 }, "geometry": { "type": "Point", "coordinates": [ 39.041833, 45.09173 ] } },
{ "type": "Feature", "properties": { "ID": 213012, "Address": "улица Адмирала Крузенштерна, 6/3", "lat": 45.093276, "long": 39.04204, "population": 26000.0, "Pedestrian traffic": 15000.0, "car traffic": 13000.0, "poi_count": 23 }, "geometry": { "type": "Point", "coordinates": [ 39.04204, 45.093276 ] } },
{ "type": "Feature", "properties": { "ID": 50014330, "Address": "улица Адмирала Крузенштерна, 5/2", "lat": 45.093098, "long": 39.039641, "population": 26000.0, "Pedestrian traffic": 15000.0, "car traffic": 13000.0, "poi_count": 24 }, "geometry": { "type": "Point", "coordinates": [ 39.039641, 45.093098 ] } },
{ "type": "Feature", "properties": { "ID": 207969, "Address": "улица Адмирала Серебрякова, 3к3", "lat": 45.091666, "long": 39.038536, "population": 45000.0, "Pedestrian traffic": 25000.0, "car traffic": 14000.0, "poi_count": 37 }, "geometry": { "type": "Point", "coordinates": [ 39.038536, 45.091666 ] } },
{ "type": "Feature", "properties": { "ID": 324796, "Address": "Адмиралтейский бульвар, 3", "lat": 45.09334, "long": 39.036875, "population": 26000.0, "Pedestrian traffic": 15000.0, "car traffic": 13000.0, "poi_count": 33 }, "geometry": { "type": "Point", "coordinates": [ 39.036875, 45.09334 ] } },
{ "type": "Feature", "properties": { "ID": 305535, "Address": "Адмиралтейский бульвар, 3к2", "lat": 45.093804, "long": 39.037674, "population": 26000.0, "Pedestrian traffic": 15000.0, "car traffic": 13000.0, "poi_count": 26 }, "geometry": { "type": "Point", "coordinates": [ 39.037674, 45.093804 ] } },
{ "type": "Feature", "properties": { "ID": 312789, "Address": "бульвар Адмирала Пустошкина, 11/1", "lat": 45.095573, "long": 39.037387, "population": 26000.0, "Pedestrian traffic": 15000.0, "car traffic": 13000.0, "poi_count": 9 }, "geometry": { "type": "Point", "coordinates": [ 39.037387, 45.095573 ] } },
{ "type": "Feature", "properties": { "ID": 153612, "Address": "Командорская улица, 6", "lat": 45.091704, "long": 39.035231, "population": 26000.0, "Pedestrian traffic": 15000.0, "car traffic": 13000.0, "poi_count": 48 }, "geometry": { "type": "Point", "coordinates": [ 39.035231, 45.091704 ] } },
{ "type": "Feature", "properties": { "ID": 50015868, "Address": "Командорская улица, 5/3", "lat": 45.091838, "long": 39.033748, "population": 26000.0, "Pedestrian traffic": 15000.0, "car traffic": 13000.0, "poi_count": 51 }, "geometry": { "type": "Point", "coordinates": [ 39.033748, 45.091838 ] } },
{ "type": "Feature", "properties": { "ID": 159145, "Address": "Командорская улица, 9/1", "lat": 45.094434, "long": 39.032167, "population": 26000.0, "Pedestrian traffic": 15000.0, "car traffic": 13000.0, "poi_count": 12 }, "geometry": { "type": "Point", "coordinates": [ 39.032167, 45.094434 ] } },
{ "type": "Feature", "properties": { "ID": 162237, "Address": "Командорская улица, 3к2", "lat": 45.090629, "long": 39.032554, "population": 26000.0, "Pedestrian traffic": 15000.0, "car traffic": 13000.0, "poi_count": 40 }, "geometry": { "type": "Point", "coordinates": [ 39.032554, 45.090629 ] } },
{ "type": "Feature", "properties": { "ID": 50013422, "Address": "Командорская улица, 1к1", "lat": 45.089509, "long": 39.032042, "population": 45000.0, "Pedestrian traffic": 25000.0, "car traffic": 14000.0, "poi_count": 34 }, "geometry": { "type": "Point", "coordinates": [ 39.032042, 45.089509 ] } },
{ "type": "Feature", "properties": { "ID": 50013422, "Address": "Командорская улица, 1/3", "lat": 45.089515, "long": 39.033811, "population": 45000.0, "Pedestrian traffic": 25000.0, "car traffic": 14000.0, "poi_count": 43 }, "geometry": { "type": "Point", "coordinates": [ 39.033811, 45.089515 ] } },
{ "type": "Feature", "properties": { "ID": 50034737, "Address": "Штурвальная улица, 8", "lat": 45.090953, "long": 39.025547, "population": 46000.0, "Pedestrian traffic": 46000.0, "car traffic": 29000.0, "poi_count": 3 }, "geometry": { "type": "Point", "coordinates": [ 39.025547, 45.090953 ] } },
{ "type": "Feature", "properties": { "ID": 311410, "Address": "жилой комплекс Хорошая Погода", "lat": 45.08984, "long": 39.023517, "population": 46000.0, "Pedestrian traffic": 46000.0, "car traffic": 29000.0, "poi_count": 15 }, "geometry": { "type": "Point", "coordinates": [ 39.023517, 45.08984 ] } },
{ "type": "Feature", "properties": { "ID": 316508, "Address": "улица 1 Мая, 484", "lat": 45.09229, "long": 39.019789, "population": 46000.0, "Pedestrian traffic": 46000.0, "car traffic": 29000.0, "poi_count": 10 }, "geometry": { "type": "Point", "coordinates": [ 39.019789, 45.09229 ] } },
{ "type": "Feature", "properties": { "ID": 209125, "Address": "2-я Ямальская улица, 3с2", "lat": 45.09542, "long": 39.021837, "population": 26000.0, "Pedestrian traffic": 15000.0, "car traffic": 13000.0, "poi_count": 18 }, "geometry": { "type": "Point", "coordinates": [ 39.021837, 45.09542 ] } },
{ "type": "Feature", "properties": { "ID": 307131, "Address": "улица Крашенинникова, 41", "lat": 45.095573, "long": 39.020139, "population": 26000.0, "Pedestrian traffic": 15000.0, "car traffic": 13000.0, "poi_count": 26 }, "geometry": { "type": "Point", "coordinates": [ 39.020139, 45.095573 ] } },
{ "type": "Feature", "properties": { "ID": 112685, "Address": "Топольковый переулок, 13", "lat": 45.095032, "long": 39.017336, "population": 46000.0, "Pedestrian traffic": 46000.0, "car traffic": 29000.0, "poi_count": 34 }, "geometry": { "type": "Point", "coordinates": [ 39.017336, 45.095032 ] } },
{ "type": "Feature", "properties": { "ID": 5428, "Address": "Гаражный переулок, 9", "lat": 45.085493, "long": 39.019133, "population": 46000.0, "Pedestrian traffic": 46000.0, "car traffic": 29000.0, "poi_count": 31 }, "geometry": { "type": "Point", "coordinates": [ 39.019133, 45.085493 ] } },
{ "type": "Feature", "properties": { "ID": 315660, "Address": "2-я Российская улица, 162", "lat": 45.082744, "long": 39.016366, "population": 46000.0, "Pedestrian traffic": 46000.0, "car traffic": 29000.0, "poi_count": 51 }, "geometry": { "type": "Point", "coordinates": [ 39.016366, 45.082744 ] } },
{ "type": "Feature", "properties": { "ID": 157910, "Address": "Российская улица, 257Б", "lat": 45.087269, "long": 39.013959, "population": 46000.0, "Pedestrian traffic": 46000.0, "car traffic": 29000.0, "poi_count": 192 }, "geometry": { "type": "Point", "coordinates": [ 39.013959, 45.087269 ] } },
{ "type": "Feature", "properties": { "ID": 212274, "Address": "Аксайская улица, 40/3", "lat": 45.080644, "long": 39.014021, "population": 46000.0, "Pedestrian traffic": 46000.0, "car traffic": 29000.0, "poi_count": 32 }, "geometry": { "type": "Point", "coordinates": [ 39.014021, 45.080644 ] } },
{ "type": "Feature", "properties": { "ID": 50005499, "Address": "Ангарская улица, 34", "lat": 45.081567, "long": 39.01121, "population": 46000.0, "Pedestrian traffic": 46000.0, "car traffic": 29000.0, "poi_count": 50 }, "geometry": { "type": "Point", "coordinates": [ 39.01121, 45.081567 ] } },
{ "type": "Feature", "properties": { "ID": 156711, "Address": "улица имени Ф.И. Шаляпина, 31В", "lat": 45.084736, "long": 39.011434, "population": 46000.0, "Pedestrian traffic": 46000.0, "car traffic": 29000.0, "poi_count": 224 }, "geometry": { "type": "Point", "coordinates": [ 39.011434, 45.084736 ] } },
{ "type": "Feature", "properties": { "ID": 141401, "Address": "улица имени С.В. Рахманинова, 30", "lat": 45.086263, "long": 39.00979, "population": 46000.0, "Pedestrian traffic": 46000.0, "car traffic": 29000.0, "poi_count": 250 }, "geometry": { "type": "Point", "coordinates": [ 39.00979, 45.086263 ] } },
{ "type": "Feature", "properties": { "ID": 50010084, "Address": "улица имени Сергея Есенина, 84", "lat": 45.08613, "long": 39.00776, "population": 46000.0, "Pedestrian traffic": 46000.0, "car traffic": 29000.0, "poi_count": 199 }, "geometry": { "type": "Point", "coordinates": [ 39.00776, 45.08613 ] } },
{ "type": "Feature", "properties": { "ID": 306743, "Address": "Гомельская улица, 7", "lat": 45.086664, "long": 39.005838, "population": 46000.0, "Pedestrian traffic": 46000.0, "car traffic": 29000.0, "poi_count": 178 }, "geometry": { "type": "Point", "coordinates": [ 39.005838, 45.086664 ] } },
{ "type": "Feature", "properties": { "ID": 110623, "Address": "Московская улица, 118к1", "lat": 45.078168, "long": 39.00308, "population": 46000.0, "Pedestrian traffic": 46000.0, "car traffic": 29000.0, "poi_count": 110 }, "geometry": { "type": "Point", "coordinates": [ 39.00308, 45.078168 ] } },
{ "type": "Feature", "properties": { "ID": 323098, "Address": "Московская улица, 112", "lat": 45.077742, "long": 39.002406, "population": 46000.0, "Pedestrian traffic": 46000.0, "car traffic": 29000.0, "poi_count": 110 }, "geometry": { "type": "Point", "coordinates": [ 39.002406, 45.077742 ] } },
{ "type": "Feature", "properties": { "ID": 323036, "Address": "Жигулёвская улица, 8", "lat": 45.079549, "long": 39.001939, "population": 46000.0, "Pedestrian traffic": 46000.0, "car traffic": 29000.0, "poi_count": 130 }, "geometry": { "type": "Point", "coordinates": [ 39.001939, 45.079549 ] } },
{ "type": "Feature", "properties": { "ID": 50010060, "Address": "Ангарская улица, 1/5", "lat": 45.081853, "long": 39.002891, "population": 46000.0, "Pedestrian traffic": 46000.0, "car traffic": 29000.0, "poi_count": 126 }, "geometry": { "type": "Point", "coordinates": [ 39.002891, 45.081853 ] } },
{ "type": "Feature", "properties": { "ID": 50006771, "Address": "Суздальская улица, 9", "lat": 45.083667, "long": 39.002074, "population": 46000.0, "Pedestrian traffic": 46000.0, "car traffic": 29000.0, "poi_count": 150 }, "geometry": { "type": "Point", "coordinates": [ 39.002074, 45.083667 ] } },
{ "type": "Feature", "properties": { "ID": 155932, "Address": "Суздальская улица, 11", "lat": 45.084017, "long": 39.002218, "population": 46000.0, "Pedestrian traffic": 46000.0, "car traffic": 29000.0, "poi_count": 157 }, "geometry": { "type": "Point", "coordinates": [ 39.002218, 45.084017 ] } },
{ "type": "Feature", "properties": { "ID": 142568, "Address": "Московская улица, 144к2", "lat": 45.088338, "long": 39.003349, "population": 46000.0, "Pedestrian traffic": 46000.0, "car traffic": 29000.0, "poi_count": 135 }, "geometry": { "type": "Point", "coordinates": [ 39.003349, 45.088338 ] } },
{ "type": "Feature", "properties": { "ID": 308100, "Address": "улица имени С.С. Прокофьева, 3А", "lat": 45.088173, "long": 39.00476, "population": 46000.0, "Pedestrian traffic": 46000.0, "car traffic": 29000.0, "poi_count": 158 }, "geometry": { "type": "Point", "coordinates": [ 39.00476, 45.088173 ] } },
{ "type": "Feature", "properties": { "ID": 312473, "Address": "улица имени Сергея Есенина, 98/1", "lat": 45.088542, "long": 39.009584, "population": 46000.0, "Pedestrian traffic": 46000.0, "car traffic": 29000.0, "poi_count": 171 }, "geometry": { "type": "Point", "coordinates": [ 39.009584, 45.088542 ] } },
{ "type": "Feature", "properties": { "ID": 157770, "Address": "улица имени Дунаевского И.И., 22А", "lat": 45.089019, "long": 39.009898, "population": 46000.0, "Pedestrian traffic": 46000.0, "car traffic": 29000.0, "poi_count": 148 }, "geometry": { "type": "Point", "coordinates": [ 39.009898, 45.089019 ] } },
{ "type": "Feature", "properties": { "ID": 142912, "Address": "улица имени Сергея Есенина, 108/2", "lat": 45.089293, "long": 39.007643, "population": 46000.0, "Pedestrian traffic": 46000.0, "car traffic": 29000.0, "poi_count": 108 }, "geometry": { "type": "Point", "coordinates": [ 39.007643, 45.089293 ] } },
{ "type": "Feature", "properties": { "ID": 310094, "Address": "улица имени Мусоргского М.П., 1", "lat": 45.090113, "long": 39.00493, "population": 46000.0, "Pedestrian traffic": 46000.0, "car traffic": 29000.0, "poi_count": 74 }, "geometry": { "type": "Point", "coordinates": [ 39.00493, 45.090113 ] } },
{ "type": "Feature", "properties": { "ID": 206097, "Address": "улица имени Сергея Есенина, 149", "lat": 45.091157, "long": 39.004769, "population": 46000.0, "Pedestrian traffic": 46000.0, "car traffic": 29000.0, "poi_count": 80 }, "geometry": { "type": "Point", "coordinates": [ 39.004769, 45.091157 ] } },
{ "type": "Feature", "properties": { "ID": 137176, "Address": "улица имени Сергея Есенина, 110/1", "lat": 45.090826, "long": 39.007976, "population": 46000.0, "Pedestrian traffic": 46000.0, "car traffic": 29000.0, "poi_count": 63 }, "geometry": { "type": "Point", "coordinates": [ 39.007976, 45.090826 ] } },
{ "type": "Feature", "properties": { "ID": 321194, "Address": "Российская улица, 267Б", "lat": 45.091723, "long": 39.012117, "population": 46000.0, "Pedestrian traffic": 46000.0, "car traffic": 29000.0, "poi_count": 83 }, "geometry": { "type": "Point", "coordinates": [ 39.012117, 45.091723 ] } },
{ "type": "Feature", "properties": { "ID": 151691, "Address": "Российская улица, 267/3к3", "lat": 45.092321, "long": 39.009853, "population": 46000.0, "Pedestrian traffic": 46000.0, "car traffic": 29000.0, "poi_count": 77 }, "geometry": { "type": "Point", "coordinates": [ 39.009853, 45.092321 ] } },
{ "type": "Feature", "properties": { "ID": 150701, "Address": "Российская улица, 267/6А", "lat": 45.092061, "long": 39.007895, "population": 46000.0, "Pedestrian traffic": 46000.0, "car traffic": 29000.0, "poi_count": 67 }, "geometry": { "type": "Point", "coordinates": [ 39.007895, 45.092061 ] } },
{ "type": "Feature", "properties": { "ID": 111059, "Address": "улица Петра Метальникова, 5к3", "lat": 45.093492, "long": 39.009539, "population": 46000.0, "Pedestrian traffic": 46000.0, "car traffic": 29000.0, "poi_count": 64 }, "geometry": { "type": "Point", "coordinates": [ 39.009539, 45.093492 ] } },
{ "type": "Feature", "properties": { "ID": 164697, "Address": "улица Петра Метальникова, 5к1", "lat": 45.093429, "long": 39.008146, "population": 46000.0, "Pedestrian traffic": 46000.0, "car traffic": 29000.0, "poi_count": 58 }, "geometry": { "type": "Point", "coordinates": [ 39.008146, 45.093429 ] } },
{ "type": "Feature", "properties": { "ID": 310657, "Address": "улица Евгении Жигуленко, 4", "lat": 45.093327, "long": 39.007266, "population": 46000.0, "Pedestrian traffic": 46000.0, "car traffic": 29000.0, "poi_count": 67 }, "geometry": { "type": "Point", "coordinates": [ 39.007266, 45.093327 ] } },
{ "type": "Feature", "properties": { "ID": 144560, "Address": "улица Петра Метальникова, 3/1к1", "lat": 45.093524, "long": 39.00423, "population": 46000.0, "Pedestrian traffic": 46000.0, "car traffic": 29000.0, "poi_count": 72 }, "geometry": { "type": "Point", "coordinates": [ 39.00423, 45.093524 ] } },
{ "type": "Feature", "properties": { "ID": 113174, "Address": "Московская улица, 129", "lat": 45.093359, "long": 39.000475, "population": 46000.0, "Pedestrian traffic": 46000.0, "car traffic": 29000.0, "poi_count": 55 }, "geometry": { "type": "Point", "coordinates": [ 39.000475, 45.093359 ] } },
{ "type": "Feature", "properties": { "ID": 210282, "Address": "Московская улица, 133к3", "lat": 45.094943, "long": 39.000205, "population": 38000.0, "Pedestrian traffic": 37000.0, "car traffic": 38000.0, "poi_count": 58 }, "geometry": { "type": "Point", "coordinates": [ 39.000205, 45.094943 ] } },
{ "type": "Feature", "properties": { "ID": 214434, "Address": "Тополиная улица, 46к1", "lat": 45.09521, "long": 38.998436, "population": 38000.0, "Pedestrian traffic": 37000.0, "car traffic": 38000.0, "poi_count": 29 }, "geometry": { "type": "Point", "coordinates": [ 38.998436, 45.09521 ] } },
{ "type": "Feature", "properties": { "ID": 50017063, "Address": "улица Петра Метальникова, 26", "lat": 45.095223, "long": 39.00644, "population": 46000.0, "Pedestrian traffic": 46000.0, "car traffic": 29000.0, "poi_count": 62 }, "geometry": { "type": "Point", "coordinates": [ 39.00644, 45.095223 ] } },
{ "type": "Feature", "properties": { "ID": 209718, "Address": "улица Евгении Жигуленко, 5к2", "lat": 45.096432, "long": 39.005425, "population": 38000.0, "Pedestrian traffic": 37000.0, "car traffic": 38000.0, "poi_count": 71 }, "geometry": { "type": "Point", "coordinates": [ 39.005425, 45.096432 ] } },
{ "type": "Feature", "properties": { "ID": 342331, "Address": "улица Евгении Жигуленко, 9", "lat": 45.097908, "long": 39.006098, "population": 38000.0, "Pedestrian traffic": 37000.0, "car traffic": 38000.0, "poi_count": 51 }, "geometry": { "type": "Point", "coordinates": [ 39.006098, 45.097908 ] } },
{ "type": "Feature", "properties": { "ID": 209176, "Address": "улица Евгении Жигуленко, 11к1", "lat": 45.097838, "long": 39.004733, "population": 38000.0, "Pedestrian traffic": 37000.0, "car traffic": 38000.0, "poi_count": 63 }, "geometry": { "type": "Point", "coordinates": [ 39.004733, 45.097838 ] } },
{ "type": "Feature", "properties": { "ID": 50022075, "Address": "улица Цезаря Куникова, 35", "lat": 45.097813, "long": 39.003853, "population": 38000.0, "Pedestrian traffic": 37000.0, "car traffic": 38000.0, "poi_count": 71 }, "geometry": { "type": "Point", "coordinates": [ 39.003853, 45.097813 ] } },
{ "type": "Feature", "properties": { "ID": 306922, "Address": "улица Петра Метальникова, 38", "lat": 45.097526, "long": 39.00211, "population": 38000.0, "Pedestrian traffic": 37000.0, "car traffic": 38000.0, "poi_count": 64 }, "geometry": { "type": "Point", "coordinates": [ 39.00211, 45.097526 ] } },
{ "type": "Feature", "properties": { "ID": 164179, "Address": "улица Евгении Жигуленко, 13", "lat": 45.099499, "long": 39.005982, "population": 38000.0, "Pedestrian traffic": 37000.0, "car traffic": 38000.0, "poi_count": 46 }, "geometry": { "type": "Point", "coordinates": [ 39.005982, 45.099499 ] } },
{ "type": "Feature", "properties": { "ID": 302095, "Address": "улица Цезаря Куникова, 24к3", "lat": 45.09939, "long": 39.002828, "population": 38000.0, "Pedestrian traffic": 37000.0, "car traffic": 38000.0, "poi_count": 63 }, "geometry": { "type": "Point", "coordinates": [ 39.002828, 45.09939 ] } },
{ "type": "Feature", "properties": { "ID": 121352, "Address": "улица Цезаря Куникова, 24к1", "lat": 45.099308, "long": 39.001409, "population": 38000.0, "Pedestrian traffic": 37000.0, "car traffic": 38000.0, "poi_count": 41 }, "geometry": { "type": "Point", "coordinates": [ 39.001409, 45.099308 ] } },
{ "type": "Feature", "properties": { "ID": 151875, "Address": "улица Евгении Жигуленко, 25к3", "lat": 45.100612, "long": 39.003583, "population": 38000.0, "Pedestrian traffic": 37000.0, "car traffic": 38000.0, "poi_count": 47 }, "geometry": { "type": "Point", "coordinates": [ 39.003583, 45.100612 ] } },
{ "type": "Feature", "properties": { "ID": 50022339, "Address": "улица Евгении Жигуленко, 25к1", "lat": 45.100567, "long": 39.002236, "population": 38000.0, "Pedestrian traffic": 37000.0, "car traffic": 38000.0, "poi_count": 37 }, "geometry": { "type": "Point", "coordinates": [ 39.002236, 45.100567 ] } },
{ "type": "Feature", "properties": { "ID": 50005904, "Address": "улица Григория Пономаренко, 43", "lat": 45.101541, "long": 39.001804, "population": 38000.0, "Pedestrian traffic": 37000.0, "car traffic": 38000.0, "poi_count": 25 }, "geometry": { "type": "Point", "coordinates": [ 39.001804, 45.101541 ] } },
{ "type": "Feature", "properties": { "ID": 50006393, "Address": "улица Ивана Рослого, 8", "lat": 45.098474, "long": 39.010231, "population": 38000.0, "Pedestrian traffic": 37000.0, "car traffic": 38000.0, "poi_count": 28 }, "geometry": { "type": "Point", "coordinates": [ 39.010231, 45.098474 ] } },
{ "type": "Feature", "properties": { "ID": 317464, "Address": "улица им. Ягодина М. Д., 50", "lat": 45.10635, "long": 39.004787, "population": 38000.0, "Pedestrian traffic": 37000.0, "car traffic": 38000.0, "poi_count": 4 }, "geometry": { "type": "Point", "coordinates": [ 39.004787, 45.10635 ] } },
{ "type": "Feature", "properties": { "ID": 50035105, "Address": "улица им. Ягодина М. Д., 67", "lat": 45.106649, "long": 39.011147, "population": 38000.0, "Pedestrian traffic": 37000.0, "car traffic": 38000.0, "poi_count": 18 }, "geometry": { "type": "Point", "coordinates": [ 39.011147, 45.106649 ] } },
{ "type": "Feature", "properties": { "ID": 306930, "Address": "Ленинский переулок, 8", "lat": 45.104671, "long": 39.015126, "population": 38000.0, "Pedestrian traffic": 37000.0, "car traffic": 38000.0, "poi_count": 39 }, "geometry": { "type": "Point", "coordinates": [ 39.015126, 45.104671 ] } },
{ "type": "Feature", "properties": { "ID": 112891, "Address": "Тепличная улица, 62/1к2", "lat": 45.106274, "long": 39.015737, "population": 38000.0, "Pedestrian traffic": 37000.0, "car traffic": 38000.0, "poi_count": 37 }, "geometry": { "type": "Point", "coordinates": [ 39.015737, 45.106274 ] } },
{ "type": "Feature", "properties": { "ID": 326637, "Address": "Тепличная улица, 56/1", "lat": 45.107502, "long": 39.016079, "population": 38000.0, "Pedestrian traffic": 37000.0, "car traffic": 38000.0, "poi_count": 31 }, "geometry": { "type": "Point", "coordinates": [ 39.016079, 45.107502 ] } },
{ "type": "Feature", "properties": { "ID": 50002867, "Address": "Тепличная улица, 62/1к6", "lat": 45.108386, "long": 39.01403, "population": 38000.0, "Pedestrian traffic": 37000.0, "car traffic": 38000.0, "poi_count": 16 }, "geometry": { "type": "Point", "coordinates": [ 39.01403, 45.108386 ] } },
{ "type": "Feature", "properties": { "ID": 165658, "Address": "Есаульская улица, 57", "lat": 45.11177, "long": 39.010338, "population": 38000.0, "Pedestrian traffic": 37000.0, "car traffic": 38000.0, "poi_count": 12 }, "geometry": { "type": "Point", "coordinates": [ 39.010338, 45.11177 ] } },
{ "type": "Feature", "properties": { "ID": 50013587, "Address": "Российская улица, 672", "lat": 45.112591, "long": 39.012548, "population": 38000.0, "Pedestrian traffic": 37000.0, "car traffic": 38000.0, "poi_count": 13 }, "geometry": { "type": "Point", "coordinates": [ 39.012548, 45.112591 ] } },
{ "type": "Feature", "properties": { "ID": 50035283, "Address": "1-й Сахалинский проезд, 9", "lat": 45.108666, "long": 39.022349, "population": 26000.0, "Pedestrian traffic": 15000.0, "car traffic": 13000.0, "poi_count": 7 }, "geometry": { "type": "Point", "coordinates": [ 39.022349, 45.108666 ] } },
{ "type": "Feature", "properties": { "ID": 213487, "Address": "Тепличная улица, 78/1", "lat": 45.111013, "long": 39.022187, "population": 10000.0, "Pedestrian traffic": 15000.0, "car traffic": 22000.0, "poi_count": 8 }, "geometry": { "type": "Point", "coordinates": [ 39.022187, 45.111013 ] } },
{ "type": "Feature", "properties": { "ID": 218531, "Address": "Тепличная улица, 19Б", "lat": 45.11135, "long": 39.018926, "population": 10000.0, "Pedestrian traffic": 15000.0, "car traffic": 22000.0, "poi_count": 8 }, "geometry": { "type": "Point", "coordinates": [ 39.018926, 45.11135 ] } },
{ "type": "Feature", "properties": { "ID": 318084, "Address": "улица 1 Мая, 569", "lat": 45.114232, "long": 39.017273, "population": 10000.0, "Pedestrian traffic": 15000.0, "car traffic": 22000.0, "poi_count": 8 }, "geometry": { "type": "Point", "coordinates": [ 39.017273, 45.114232 ] } },
{ "type": "Feature", "properties": { "ID": 323509, "Address": "улица Заводовского, 8", "lat": 45.114168, "long": 39.022142, "population": 10000.0, "Pedestrian traffic": 15000.0, "car traffic": 22000.0, "poi_count": 8 }, "geometry": { "type": "Point", "coordinates": [ 39.022142, 45.114168 ] } },
{ "type": "Feature", "properties": { "ID": 168994, "Address": "улица имени В.М. Комарова, 1", "lat": 45.115777, "long": 39.020606, "population": 10000.0, "Pedestrian traffic": 15000.0, "car traffic": 22000.0, "poi_count": 8 }, "geometry": { "type": "Point", "coordinates": [ 39.020606, 45.115777 ] } },
{ "type": "Feature", "properties": { "ID": 164235, "Address": "улица Куликова Поля, 2", "lat": 45.111427, "long": 39.026831, "population": 26000.0, "Pedestrian traffic": 15000.0, "car traffic": 13000.0, "poi_count": 9 }, "geometry": { "type": "Point", "coordinates": [ 39.026831, 45.111427 ] } },
{ "type": "Feature", "properties": { "ID": 145235, "Address": "2-я Тверская улица, 2/1", "lat": 45.113468, "long": 39.026795, "population": 10000.0, "Pedestrian traffic": 15000.0, "car traffic": 22000.0, "poi_count": 13 }, "geometry": { "type": "Point", "coordinates": [ 39.026795, 45.113468 ] } },
{ "type": "Feature", "properties": { "ID": 50015385, "Address": "Волховская улица, 8", "lat": 45.117024, "long": 39.025502, "population": 10000.0, "Pedestrian traffic": 15000.0, "car traffic": 22000.0, "poi_count": 10 }, "geometry": { "type": "Point", "coordinates": [ 39.025502, 45.117024 ] } },
{ "type": "Feature", "properties": { "ID": 308651, "Address": "улица Куликова Поля, 17", "lat": 45.112254, "long": 39.02976, "population": 26000.0, "Pedestrian traffic": 15000.0, "car traffic": 13000.0, "poi_count": 9 }, "geometry": { "type": "Point", "coordinates": [ 39.02976, 45.112254 ] } },
{ "type": "Feature", "properties": { "ID": 151376, "Address": "улица Ратной Славы, 17", "lat": 45.113278, "long": 39.030119, "population": 10000.0, "Pedestrian traffic": 15000.0, "car traffic": 22000.0, "poi_count": 21 }, "geometry": { "type": "Point", "coordinates": [ 39.030119, 45.113278 ] } },
{ "type": "Feature", "properties": { "ID": 50031674, "Address": "улица Ратной Славы, 56", "lat": 45.112712, "long": 39.032976, "population": 26000.0, "Pedestrian traffic": 15000.0, "car traffic": 13000.0, "poi_count": 1 }, "geometry": { "type": "Point", "coordinates": [ 39.032976, 45.112712 ] } },
{ "type": "Feature", "properties": { "ID": 3958, "Address": "улица имени В.М. Комарова, 21/1к7", "lat": 45.116458, "long": 39.028808, "population": 10000.0, "Pedestrian traffic": 15000.0, "car traffic": 22000.0, "poi_count": 13 }, "geometry": { "type": "Point", "coordinates": [ 39.028808, 45.116458 ] } },
{ "type": "Feature", "properties": { "ID": 50010338, "Address": "улица имени В.М. Комарова, 21Б", "lat": 45.117431, "long": 39.028394, "population": 10000.0, "Pedestrian traffic": 15000.0, "car traffic": 22000.0, "poi_count": 13 }, "geometry": { "type": "Point", "coordinates": [ 39.028394, 45.117431 ] } },
{ "type": "Feature", "properties": { "ID": 50015385, "Address": "Волховская улица, 8", "lat": 45.117024, "long": 39.025502, "population": 10000.0, "Pedestrian traffic": 15000.0, "car traffic": 22000.0, "poi_count": 10 }, "geometry": { "type": "Point", "coordinates": [ 39.025502, 45.117024 ] } },
{ "type": "Feature", "properties": { "ID": 316998, "Address": "2-й проезд Талалихина, 32", "lat": 45.084743, "long": 38.984997, "population": 9500.0, "Pedestrian traffic": 19000.0, "car traffic": 29000.0, "poi_count": 2 }, "geometry": { "type": "Point", "coordinates": [ 38.984997, 45.084743 ] } },
{ "type": "Feature", "properties": { "ID": 311516, "Address": "Ярославская улица, 115", "lat": 45.090597, "long": 38.9855, "population": 9500.0, "Pedestrian traffic": 19000.0, "car traffic": 29000.0, "poi_count": 8 }, "geometry": { "type": "Point", "coordinates": [ 38.9855, 45.090597 ] } },
{ "type": "Feature", "properties": { "ID": 50000309, "Address": "улица имени Дзержинского, 175", "lat": 45.092003, "long": 38.97693, "population": 9500.0, "Pedestrian traffic": 19000.0, "car traffic": 29000.0, "poi_count": 16 }, "geometry": { "type": "Point", "coordinates": [ 38.97693, 45.092003 ] } },
{ "type": "Feature", "properties": { "ID": 319479, "Address": "Кореновская улица, 57к2", "lat": 45.098035, "long": 38.984449, "population": 9500.0, "Pedestrian traffic": 19000.0, "car traffic": 29000.0, "poi_count": 15 }, "geometry": { "type": "Point", "coordinates": [ 38.984449, 45.098035 ] } },
{ "type": "Feature", "properties": { "ID": 165913, "Address": "Кореновская улица, 57к1", "lat": 45.097895, "long": 38.983784, "population": 9500.0, "Pedestrian traffic": 19000.0, "car traffic": 29000.0, "poi_count": 16 }, "geometry": { "type": "Point", "coordinates": [ 38.983784, 45.097895 ] } },
{ "type": "Feature", "properties": { "ID": 307802, "Address": "улица имени Дзержинского, 215", "lat": 45.100599, "long": 38.979562, "population": 9500.0, "Pedestrian traffic": 19000.0, "car traffic": 29000.0, "poi_count": 57 }, "geometry": { "type": "Point", "coordinates": [ 38.979562, 45.100599 ] } },
{ "type": "Feature", "properties": { "ID": 50013069, "Address": "улица Александра Покрышкина, 25Ак2", "lat": 45.102947, "long": 38.978331, "population": 26000.0, "Pedestrian traffic": 21000.0, "car traffic": 26000.0, "poi_count": 16 }, "geometry": { "type": "Point", "coordinates": [ 38.978331, 45.102947 ] } },
{ "type": "Feature", "properties": { "ID": 50019334, "Address": "Кореновская улица, 30", "lat": 45.097329, "long": 38.977146, "population": 9500.0, "Pedestrian traffic": 19000.0, "car traffic": 29000.0, "poi_count": 42 }, "geometry": { "type": "Point", "coordinates": [ 38.977146, 45.097329 ] } },
{ "type": "Feature", "properties": { "ID": 162553, "Address": "Кореновская улица, 21/1", "lat": 45.098322, "long": 38.97384, "population": 9500.0, "Pedestrian traffic": 19000.0, "car traffic": 29000.0, "poi_count": 31 }, "geometry": { "type": "Point", "coordinates": [ 38.97384, 45.098322 ] } },
{ "type": "Feature", "properties": { "ID": 50013264, "Address": "Кореновская улица, 2к2", "lat": 45.097144, "long": 38.971351, "population": 9500.0, "Pedestrian traffic": 19000.0, "car traffic": 29000.0, "poi_count": 14 }, "geometry": { "type": "Point", "coordinates": [ 38.971351, 45.097144 ] } },
{ "type": "Feature", "properties": { "ID": 312428, "Address": "Прохладная улица, 86", "lat": 45.098124, "long": 38.969429, "population": 9500.0, "Pedestrian traffic": 19000.0, "car traffic": 29000.0, "poi_count": 10 }, "geometry": { "type": "Point", "coordinates": [ 38.969429, 45.098124 ] } },
{ "type": "Feature", "properties": { "ID": 164005, "Address": "Кореновская улица, 15/1", "lat": 45.099976, "long": 38.971684, "population": 26000.0, "Pedestrian traffic": 21000.0, "car traffic": 26000.0, "poi_count": 23 }, "geometry": { "type": "Point", "coordinates": [ 38.971684, 45.099976 ] } },
{ "type": "Feature", "properties": { "ID": 160547, "Address": "улица Александра Покрышкина, 4/10", "lat": 45.100574, "long": 38.972286, "population": 26000.0, "Pedestrian traffic": 21000.0, "car traffic": 26000.0, "poi_count": 25 }, "geometry": { "type": "Point", "coordinates": [ 38.972286, 45.100574 ] } },
{ "type": "Feature", "properties": { "ID": 50013987, "Address": "улица Александра Покрышкина, 4/9", "lat": 45.101751, "long": 38.972564, "population": 26000.0, "Pedestrian traffic": 21000.0, "car traffic": 26000.0, "poi_count": 17 }, "geometry": { "type": "Point", "coordinates": [ 38.972564, 45.101751 ] } },
{ "type": "Feature", "properties": { "ID": 2055, "Address": "улица Александра Покрышкина, 2/2", "lat": 45.102559, "long": 38.970238, "population": 26000.0, "Pedestrian traffic": 21000.0, "car traffic": 26000.0, "poi_count": 12 }, "geometry": { "type": "Point", "coordinates": [ 38.970238, 45.102559 ] } },
{ "type": "Feature", "properties": { "ID": 50015367, "Address": "улица имени Валерия Вишневецкого, 7к1", "lat": 45.096419, "long": 38.948947, "population": 11000.0, "Pedestrian traffic": 3400.0, "car traffic": 2600.0, "poi_count": 0 }, "geometry": { "type": "Point", "coordinates": [ 38.948947, 45.096419 ] } },
{ "type": "Feature", "properties": { "ID": 162684, "Address": "улица Героя Хабибуллина, 6", "lat": 45.101445, "long": 38.948417, "population": 11000.0, "Pedestrian traffic": 3400.0, "car traffic": 2600.0, "poi_count": 3 }, "geometry": { "type": "Point", "coordinates": [ 38.948417, 45.101445 ] } },
{ "type": "Feature", "properties": { "ID": 310691, "Address": "Питерская улица, 40", "lat": 45.100968, "long": 38.953718, "population": 11000.0, "Pedestrian traffic": 3400.0, "car traffic": 2600.0, "poi_count": 2 }, "geometry": { "type": "Point", "coordinates": [ 38.953718, 45.100968 ] } },
{ "type": "Feature", "properties": { "ID": 309492, "Address": "улица Героя Пешкова, 7", "lat": 45.1042, "long": 38.950771, "population": 11000.0, "Pedestrian traffic": 3400.0, "car traffic": 2600.0, "poi_count": 9 }, "geometry": { "type": "Point", "coordinates": [ 38.950771, 45.1042 ] } },
{ "type": "Feature", "properties": { "ID": 320115, "Address": "улица Героя Пешкова, 14к5", "lat": 45.10427, "long": 38.953673, "population": 11000.0, "Pedestrian traffic": 3400.0, "car traffic": 2600.0, "poi_count": 12 }, "geometry": { "type": "Point", "coordinates": [ 38.953673, 45.10427 ] } },
{ "type": "Feature", "properties": { "ID": 160580, "Address": "Степная улица, 1/1", "lat": 45.10469, "long": 38.955999, "population": 11000.0, "Pedestrian traffic": 3400.0, "car traffic": 2600.0, "poi_count": 11 }, "geometry": { "type": "Point", "coordinates": [ 38.955999, 45.10469 ] } },
{ "type": "Feature", "properties": { "ID": 213025, "Address": "улица Героя Пешкова, 14к2", "lat": 45.105243, "long": 38.952523, "population": 11000.0, "Pedestrian traffic": 3400.0, "car traffic": 2600.0, "poi_count": 15 }, "geometry": { "type": "Point", "coordinates": [ 38.952523, 45.105243 ] } },
{ "type": "Feature", "properties": { "ID": 157715, "Address": "Конгрессная улица, 15", "lat": 45.107724, "long": 38.96421, "population": 26000.0, "Pedestrian traffic": 21000.0, "car traffic": 26000.0, "poi_count": 10 }, "geometry": { "type": "Point", "coordinates": [ 38.96421, 45.107724 ] } },
{ "type": "Feature", "properties": { "ID": 206909, "Address": "Конгрессная улица, 27", "lat": 45.107355, "long": 38.960832, "population": 26000.0, "Pedestrian traffic": 21000.0, "car traffic": 26000.0, "poi_count": 20 }, "geometry": { "type": "Point", "coordinates": [ 38.960832, 45.107355 ] } },
{ "type": "Feature", "properties": { "ID": 50016466, "Address": "Конгрессная улица, 33", "lat": 45.108119, "long": 38.958155, "population": 26000.0, "Pedestrian traffic": 21000.0, "car traffic": 26000.0, "poi_count": 24 }, "geometry": { "type": "Point", "coordinates": [ 38.958155, 45.108119 ] } },
{ "type": "Feature", "properties": { "ID": 50006913, "Address": "улица Григория Булгакова, 7к1", "lat": 45.108901, "long": 38.955999, "population": 26000.0, "Pedestrian traffic": 21000.0, "car traffic": 26000.0, "poi_count": 21 }, "geometry": { "type": "Point", "coordinates": [ 38.955999, 45.108901 ] } },
{ "type": "Feature", "properties": { "ID": 214816, "Address": "улица Григория Булгакова, 8", "lat": 45.109626, "long": 38.957886, "population": 26000.0, "Pedestrian traffic": 21000.0, "car traffic": 26000.0, "poi_count": 23 }, "geometry": { "type": "Point", "coordinates": [ 38.957886, 45.109626 ] } },
{ "type": "Feature", "properties": { "ID": 50022975, "Address": "улица Григория Булгакова, 13к1", "lat": 45.110542, "long": 38.956951, "population": 26000.0, "Pedestrian traffic": 21000.0, "car traffic": 26000.0, "poi_count": 20 }, "geometry": { "type": "Point", "coordinates": [ 38.956951, 45.110542 ] } },
{ "type": "Feature", "properties": { "ID": 50008878, "Address": "улица Григория Булгакова, 12", "lat": 45.111287, "long": 38.958838, "population": 26000.0, "Pedestrian traffic": 21000.0, "car traffic": 26000.0, "poi_count": 16 }, "geometry": { "type": "Point", "coordinates": [ 38.958838, 45.111287 ] } },
{ "type": "Feature", "properties": { "ID": 305662, "Address": "улица Григория Булгакова, 12к1", "lat": 45.111357, "long": 38.960015, "population": 26000.0, "Pedestrian traffic": 21000.0, "car traffic": 26000.0, "poi_count": 12 }, "geometry": { "type": "Point", "coordinates": [ 38.960015, 45.111357 ] } },
{ "type": "Feature", "properties": { "ID": 322499, "Address": "улица им. Мурата Ахеджака, 10А", "lat": 45.112056, "long": 38.961551, "population": 26000.0, "Pedestrian traffic": 21000.0, "car traffic": 26000.0, "poi_count": 10 }, "geometry": { "type": "Point", "coordinates": [ 38.961551, 45.112056 ] } },
{ "type": "Feature", "properties": { "ID": 310122, "Address": "улица им. Мурата Ахеджака, 12к2", "lat": 45.112044, "long": 38.962907, "population": 26000.0, "Pedestrian traffic": 21000.0, "car traffic": 26000.0, "poi_count": 6 }, "geometry": { "type": "Point", "coordinates": [ 38.962907, 45.112044 ] } },
{ "type": "Feature", "properties": { "ID": 50016121, "Address": "Стадионная улица, 4", "lat": 45.108469, "long": 38.985635, "population": 26000.0, "Pedestrian traffic": 21000.0, "car traffic": 26000.0, "poi_count": 10 }, "geometry": { "type": "Point", "coordinates": [ 38.985635, 45.108469 ] } },
{ "type": "Feature", "properties": { "ID": 50011456, "Address": "улица Красных Партизан, 16/1", "lat": 45.054136, "long": 38.936236, "population": 21000.0, "Pedestrian traffic": 35000.0, "car traffic": 28000.0, "poi_count": 20 }, "geometry": { "type": "Point", "coordinates": [ 38.936236, 45.054136 ] } },
{ "type": "Feature", "properties": { "ID": 50001101, "Address": "улица Гагарина, 22", "lat": 45.05648, "long": 38.934332, "population": 21000.0, "Pedestrian traffic": 35000.0, "car traffic": 28000.0, "poi_count": 20 }, "geometry": { "type": "Point", "coordinates": [ 38.934332, 45.05648 ] } },
{ "type": "Feature", "properties": { "ID": 50031886, "Address": "улица имени Панфилова, 1", "lat": 45.059287, "long": 38.927217, "population": 21000.0, "Pedestrian traffic": 35000.0, "car traffic": 28000.0, "poi_count": 44 }, "geometry": { "type": "Point", "coordinates": [ 38.927217, 45.059287 ] } },
{ "type": "Feature", "properties": { "ID": 50034991, "Address": "Темрюкская улица, 58", "lat": 45.061694, "long": 38.927451, "population": 21000.0, "Pedestrian traffic": 35000.0, "car traffic": 28000.0, "poi_count": 29 }, "geometry": { "type": "Point", "coordinates": [ 38.927451, 45.061694 ] } },
{ "type": "Feature", "properties": { "ID": 50022152, "Address": "улица 3-я Линия, 57/7", "lat": 45.062235, "long": 38.932877, "population": 21000.0, "Pedestrian traffic": 35000.0, "car traffic": 28000.0, "poi_count": 2 }, "geometry": { "type": "Point", "coordinates": [ 38.932877, 45.062235 ] } },
{ "type": "Feature", "properties": { "ID": 126698, "Address": "улица Академика Лукьяненко, 30", "lat": 45.056263, "long": 38.912485, "population": 13000.0, "Pedestrian traffic": 9500.0, "car traffic": 13000.0, "poi_count": 12 }, "geometry": { "type": "Point", "coordinates": [ 38.912485, 45.056263 ] } },
{ "type": "Feature", "properties": { "ID": 50006867, "Address": "улица Академика Лукьяненко, 95/9", "lat": 45.060032, "long": 38.917291, "population": 13000.0, "Pedestrian traffic": 9500.0, "car traffic": 13000.0, "poi_count": 21 }, "geometry": { "type": "Point", "coordinates": [ 38.917291, 45.060032 ] } },
{ "type": "Feature", "properties": { "ID": 167574, "Address": "улица Академика Лукьяненко, 12/1", "lat": 45.061471, "long": 38.917515, "population": 13000.0, "Pedestrian traffic": 9500.0, "car traffic": 13000.0, "poi_count": 30 }, "geometry": { "type": "Point", "coordinates": [ 38.917515, 45.061471 ] } },
{ "type": "Feature", "properties": { "ID": 212762, "Address": "улица Красных Партизан, 4/4", "lat": 45.061433, "long": 38.92039, "population": 13000.0, "Pedestrian traffic": 9500.0, "car traffic": 13000.0, "poi_count": 30 }, "geometry": { "type": "Point", "coordinates": [ 38.92039, 45.061433 ] } },
{ "type": "Feature", "properties": { "ID": 50000808, "Address": "Азовская улица, 17", "lat": 45.065297, "long": 38.918297, "population": 13000.0, "Pedestrian traffic": 9500.0, "car traffic": 13000.0, "poi_count": 30 }, "geometry": { "type": "Point", "coordinates": [ 38.918297, 45.065297 ] } },
{ "type": "Feature", "properties": { "ID": 101793, "Address": "улица Красных Партизан, 81", "lat": 45.067735, "long": 38.914237, "population": 13000.0, "Pedestrian traffic": 9500.0, "car traffic": 13000.0, "poi_count": 17 }, "geometry": { "type": "Point", "coordinates": [ 38.914237, 45.067735 ] } },
{ "type": "Feature", "properties": { "ID": 50003520, "Address": "Славянская улица, 81", "lat": 45.066672, "long": 38.925043, "population": 3600.0, "Pedestrian traffic": 3600.0, "car traffic": 4200.0, "poi_count": 14 }, "geometry": { "type": "Point", "coordinates": [ 38.925043, 45.066672 ] } },
{ "type": "Feature", "properties": { "ID": 50005351, "Address": "улица имени Толбухина, 41", "lat": 45.070104, "long": 38.932922, "population": 3600.0, "Pedestrian traffic": 3600.0, "car traffic": 4200.0, "poi_count": 1 }, "geometry": { "type": "Point", "coordinates": [ 38.932922, 45.070104 ] } },
{ "type": "Feature", "properties": { "ID": 318052, "Address": "улица имени Калинина, 1к10", "lat": 45.057415, "long": 38.896881, "population": 13000.0, "Pedestrian traffic": 9500.0, "car traffic": 13000.0, "poi_count": 45 }, "geometry": { "type": "Point", "coordinates": [ 38.896881, 45.057415 ] } },
{ "type": "Feature", "properties": { "ID": 5698, "Address": "микрорайон имени Н.И. Вавилова", "lat": 45.054652, "long": 38.891446, "population": 3000.0, "Pedestrian traffic": 2600.0, "car traffic": 12000.0, "poi_count": 41 }, "geometry": { "type": "Point", "coordinates": [ 38.891446, 45.054652 ] } },
{ "type": "Feature", "properties": { "ID": 50004504, "Address": "улица Вавилова, 18/2", "lat": 45.055645, "long": 38.889802, "population": 600.0, "Pedestrian traffic": 1900.0, "car traffic": 12000.0, "poi_count": 31 }, "geometry": { "type": "Point", "coordinates": [ 38.889802, 45.055645 ] } },
{ "type": "Feature", "properties": { "ID": 50004291, "Address": "Красная улица, 10", "lat": 45.060478, "long": 38.885904, "population": 600.0, "Pedestrian traffic": 1900.0, "car traffic": 12000.0, "poi_count": 2 }, "geometry": { "type": "Point", "coordinates": [ 38.885904, 45.060478 ] } },
{ "type": "Feature", "properties": { "ID": 321694, "Address": "Заполярная улица, 39к6", "lat": 45.072522, "long": 38.907113, "population": 30000.0, "Pedestrian traffic": 14000.0, "car traffic": 12000.0, "poi_count": 15 }, "geometry": { "type": "Point", "coordinates": [ 38.907113, 45.072522 ] } },
{ "type": "Feature", "properties": { "ID": 173155, "Address": "Заполярная улица, 39с2", "lat": 45.072917, "long": 38.905819, "population": 30000.0, "Pedestrian traffic": 14000.0, "car traffic": 12000.0, "poi_count": 19 }, "geometry": { "type": "Point", "coordinates": [ 38.905819, 45.072917 ] } },
{ "type": "Feature", "properties": { "ID": 317634, "Address": "Заполярная улица, 39к9", "lat": 45.074279, "long": 38.907284, "population": 30000.0, "Pedestrian traffic": 14000.0, "car traffic": 12000.0, "poi_count": 14 }, "geometry": { "type": "Point", "coordinates": [ 38.907284, 45.074279 ] } },
{ "type": "Feature", "properties": { "ID": 159956, "Address": "Заполярная улица, 39к4", "lat": 45.073229, "long": 38.905559, "population": 30000.0, "Pedestrian traffic": 14000.0, "car traffic": 12000.0, "poi_count": 19 }, "geometry": { "type": "Point", "coordinates": [ 38.905559, 45.073229 ] } },
{ "type": "Feature", "properties": { "ID": 129981, "Address": "Заполярная улица, 37к2", "lat": 45.074146, "long": 38.904678, "population": 30000.0, "Pedestrian traffic": 14000.0, "car traffic": 12000.0, "poi_count": 16 }, "geometry": { "type": "Point", "coordinates": [ 38.904678, 45.074146 ] } },
{ "type": "Feature", "properties": { "ID": 50009499, "Address": "Заполярная улица, 35к9", "lat": 45.075425, "long": 38.904849, "population": 30000.0, "Pedestrian traffic": 14000.0, "car traffic": 12000.0, "poi_count": 14 }, "geometry": { "type": "Point", "coordinates": [ 38.904849, 45.075425 ] } },
{ "type": "Feature", "properties": { "ID": 314080, "Address": "Заполярная улица, 35к3", "lat": 45.074317, "long": 38.903106, "population": 30000.0, "Pedestrian traffic": 14000.0, "car traffic": 12000.0, "poi_count": 14 }, "geometry": { "type": "Point", "coordinates": [ 38.903106, 45.074317 ] } },
{ "type": "Feature", "properties": { "ID": 131488, "Address": "Заполярная улица, 35к4", "lat": 45.074521, "long": 38.902774, "population": 30000.0, "Pedestrian traffic": 14000.0, "car traffic": 12000.0, "poi_count": 13 }, "geometry": { "type": "Point", "coordinates": [ 38.902774, 45.074521 ] } },
{ "type": "Feature", "properties": { "ID": 305303, "Address": "улица Красных Партизан, 1/4к16", "lat": 45.076316, "long": 38.903017, "population": 30000.0, "Pedestrian traffic": 14000.0, "car traffic": 12000.0, "poi_count": 14 }, "geometry": { "type": "Point", "coordinates": [ 38.903017, 45.076316 ] } },
{ "type": "Feature", "properties": { "ID": 50017134, "Address": "улица Красных Партизан, 1/3к10", "lat": 45.077665, "long": 38.899657, "population": 30000.0, "Pedestrian traffic": 14000.0, "car traffic": 12000.0, "poi_count": 21 }, "geometry": { "type": "Point", "coordinates": [ 38.899657, 45.077665 ] } },
{ "type": "Feature", "properties": { "ID": 162105, "Address": "улица Красных Партизан, 1/4к11", "lat": 45.078881, "long": 38.898669, "population": 30000.0, "Pedestrian traffic": 14000.0, "car traffic": 12000.0, "poi_count": 25 }, "geometry": { "type": "Point", "coordinates": [ 38.898669, 45.078881 ] } },
{ "type": "Feature", "properties": { "ID": 163112, "Address": "улица Красных Партизан, 1/4к8", "lat": 45.078741, "long": 38.897977, "population": 30000.0, "Pedestrian traffic": 14000.0, "car traffic": 12000.0, "poi_count": 25 }, "geometry": { "type": "Point", "coordinates": [ 38.897977, 45.078741 ] } },
{ "type": "Feature", "properties": { "ID": 50011665, "Address": "улица Красных Партизан, 1/4к3", "lat": 45.079066, "long": 38.896576, "population": 30000.0, "Pedestrian traffic": 14000.0, "car traffic": 12000.0, "poi_count": 31 }, "geometry": { "type": "Point", "coordinates": [ 38.896576, 45.079066 ] } },
{ "type": "Feature", "properties": { "ID": 139652, "Address": "улица Красных Партизан, 1/4к4", "lat": 45.079995, "long": 38.897267, "population": 30000.0, "Pedestrian traffic": 14000.0, "car traffic": 12000.0, "poi_count": 30 }, "geometry": { "type": "Point", "coordinates": [ 38.897267, 45.079995 ] } },
{ "type": "Feature", "properties": { "ID": 164050, "Address": "улица Красных Партизан, 1/4к9", "lat": 45.081573, "long": 38.898678, "population": 30000.0, "Pedestrian traffic": 14000.0, "car traffic": 12000.0, "poi_count": 15 }, "geometry": { "type": "Point", "coordinates": [ 38.898678, 45.081573 ] } },
{ "type": "Feature", "properties": { "ID": 50022268, "Address": "улица Красных Партизан, 1/4к13", "lat": 45.081287, "long": 38.900061, "population": 30000.0, "Pedestrian traffic": 14000.0, "car traffic": 12000.0, "poi_count": 14 }, "geometry": { "type": "Point", "coordinates": [ 38.900061, 45.081287 ] } },
{ "type": "Feature", "properties": { "ID": 312376, "Address": "улица Красных Партизан, 1/4к21", "lat": 45.084023, "long": 38.903574, "population": 30000.0, "Pedestrian traffic": 14000.0, "car traffic": 12000.0, "poi_count": 19 }, "geometry": { "type": "Point", "coordinates": [ 38.903574, 45.084023 ] } },
{ "type": "Feature", "properties": { "ID": 308494, "Address": "улица Даниила Смоляна, 65к1", "lat": 45.08935, "long": 38.89998, "population": 30000.0, "Pedestrian traffic": 14000.0, "car traffic": 12000.0, "poi_count": 4 }, "geometry": { "type": "Point", "coordinates": [ 38.89998, 45.08935 ] } },
{ "type": "Feature", "properties": { "ID": 50015468, "Address": "улица Даниила Смоляна, 71к3", "lat": 45.089611, "long": 38.902199, "population": 30000.0, "Pedestrian traffic": 14000.0, "car traffic": 12000.0, "poi_count": 6 }, "geometry": { "type": "Point", "coordinates": [ 38.902199, 45.089611 ] } },
{ "type": "Feature", "properties": { "ID": 50019717, "Address": "отделение № 2 Агрофирмы Солнечная, 9/2", "lat": 45.0876, "long": 38.909215, "population": 30000.0, "Pedestrian traffic": 14000.0, "car traffic": 12000.0, "poi_count": 1 }, "geometry": { "type": "Point", "coordinates": [ 38.909215, 45.0876 ] } },
{ "type": "Feature", "properties": { "ID": 50009047, "Address": "улица Западный Обход, 39/1к6", "lat": 45.091933, "long": 38.903124, "population": 30000.0, "Pedestrian traffic": 14000.0, "car traffic": 12000.0, "poi_count": 17 }, "geometry": { "type": "Point", "coordinates": [ 38.903124, 45.091933 ] } },
{ "type": "Feature", "properties": { "ID": 312610, "Address": "улица Константина Гондаря, 91", "lat": 45.093136, "long": 38.901103, "population": 30000.0, "Pedestrian traffic": 14000.0, "car traffic": 12000.0, "poi_count": 16 }, "geometry": { "type": "Point", "coordinates": [ 38.901103, 45.093136 ] } },
{ "type": "Feature", "properties": { "ID": 214065, "Address": "улица Западный Обход, 39/2к7", "lat": 45.093505, "long": 38.902594, "population": 30000.0, "Pedestrian traffic": 14000.0, "car traffic": 12000.0, "poi_count": 27 }, "geometry": { "type": "Point", "coordinates": [ 38.902594, 45.093505 ] } },
{ "type": "Feature", "properties": { "ID": 319166, "Address": "улица Ивана Беличенко, 85", "lat": 45.094498, "long": 38.899567, "population": 8500.0, "Pedestrian traffic": 1400.0, "car traffic": 1600.0, "poi_count": 16 }, "geometry": { "type": "Point", "coordinates": [ 38.899567, 45.094498 ] } },
{ "type": "Feature", "properties": { "ID": 50006852, "Address": "улица Западный Обход, 39/2", "lat": 45.093702, "long": 38.905658, "population": 26000.0, "Pedestrian traffic": 10000.0, "car traffic": 11000.0, "poi_count": 34 }, "geometry": { "type": "Point", "coordinates": [ 38.905658, 45.093702 ] } },
{ "type": "Feature", "properties": { "ID": 50016237, "Address": "улица Константина Гондаря, 97", "lat": 45.095191, "long": 38.903035, "population": 8500.0, "Pedestrian traffic": 1400.0, "car traffic": 1600.0, "poi_count": 29 }, "geometry": { "type": "Point", "coordinates": [ 38.903035, 45.095191 ] } },
{ "type": "Feature", "properties": { "ID": 312117, "Address": "улица Ивана Беличенко, 89", "lat": 45.096954, "long": 38.901076, "population": 8500.0, "Pedestrian traffic": 1400.0, "car traffic": 1600.0, "poi_count": 9 }, "geometry": { "type": "Point", "coordinates": [ 38.901076, 45.096954 ] } },
{ "type": "Feature", "properties": { "ID": 140184, "Address": "улица Западный Обход, 45с1", "lat": 45.09472, "long": 38.906843, "population": 26000.0, "Pedestrian traffic": 10000.0, "car traffic": 11000.0, "poi_count": 40 }, "geometry": { "type": "Point", "coordinates": [ 38.906843, 45.09472 ] } },
{ "type": "Feature", "properties": { "ID": 217837, "Address": "улица Западный Обход, 42к6", "lat": 45.093066, "long": 38.911308, "population": 26000.0, "Pedestrian traffic": 10000.0, "car traffic": 11000.0, "poi_count": 18 }, "geometry": { "type": "Point", "coordinates": [ 38.911308, 45.093066 ] } },
{ "type": "Feature", "properties": { "ID": 108722, "Address": "улица Западный Обход, 42к2", "lat": 45.093505, "long": 38.91005, "population": 26000.0, "Pedestrian traffic": 10000.0, "car traffic": 11000.0, "poi_count": 22 }, "geometry": { "type": "Point", "coordinates": [ 38.91005, 45.093505 ] } },
{ "type": "Feature", "properties": { "ID": 50019116, "Address": "улица имени Б.С. Кудухова, 1к1", "lat": 45.09451, "long": 38.911317, "population": 26000.0, "Pedestrian traffic": 10000.0, "car traffic": 11000.0, "poi_count": 17 }, "geometry": { "type": "Point", "coordinates": [ 38.911317, 45.09451 ] } },
{ "type": "Feature", "properties": { "ID": 50006212, "Address": "улица имени Генерала Корнилова, 12к1", "lat": 45.092474, "long": 38.917039, "population": 26000.0, "Pedestrian traffic": 10000.0, "car traffic": 11000.0, "poi_count": 0 }, "geometry": { "type": "Point", "coordinates": [ 38.917039, 45.092474 ] } },
{ "type": "Feature", "properties": { "ID": 214718, "Address": "улица Западный Обход, 57к1", "lat": 45.097634, "long": 38.907257, "population": 26000.0, "Pedestrian traffic": 10000.0, "car traffic": 11000.0, "poi_count": 26 }, "geometry": { "type": "Point", "coordinates": [ 38.907257, 45.097634 ] } },
{ "type": "Feature", "properties": { "ID": 50018091, "Address": "улица Западный Обход, 57к2", "lat": 45.098754, "long": 38.908263, "population": 26000.0, "Pedestrian traffic": 10000.0, "car traffic": 11000.0, "poi_count": 21 }, "geometry": { "type": "Point", "coordinates": [ 38.908263, 45.098754 ] } },
{ "type": "Feature", "properties": { "ID": 317159, "Address": "улица Константина Гондаря, 103к1", "lat": 45.098977, "long": 38.907427, "population": 26000.0, "Pedestrian traffic": 10000.0, "car traffic": 11000.0, "poi_count": 22 }, "geometry": { "type": "Point", "coordinates": [ 38.907427, 45.098977 ] } },
{ "type": "Feature", "properties": { "ID": 319960, "Address": "улица Ивана Беличенко, 95", "lat": 45.099492, "long": 38.903403, "population": 8500.0, "Pedestrian traffic": 1400.0, "car traffic": 1600.0, "poi_count": 9 }, "geometry": { "type": "Point", "coordinates": [ 38.903403, 45.099492 ] } },
{ "type": "Feature", "properties": { "ID": 306313, "Address": "улица Ивана Беличенко, 97", "lat": 45.10135, "long": 38.905191, "population": 8500.0, "Pedestrian traffic": 1400.0, "car traffic": 1600.0, "poi_count": 11 }, "geometry": { "type": "Point", "coordinates": [ 38.905191, 45.10135 ] } },
{ "type": "Feature", "properties": { "ID": 50015425, "Address": "улица Ивана Беличенко, 92к3", "lat": 45.103812, "long": 38.904813, "population": 8500.0, "Pedestrian traffic": 1400.0, "car traffic": 1600.0, "poi_count": 6 }, "geometry": { "type": "Point", "coordinates": [ 38.904813, 45.103812 ] } },
{ "type": "Feature", "properties": { "ID": 313779, "Address": "улица Ивана Беличенко, 103", "lat": 45.103939, "long": 38.907454, "population": 26000.0, "Pedestrian traffic": 10000.0, "car traffic": 11000.0, "poi_count": 6 }, "geometry": { "type": "Point", "coordinates": [ 38.907454, 45.103939 ] } },
{ "type": "Feature", "properties": { "ID": 311080, "Address": "улица Западный Обход, 65к1", "lat": 45.10268, "long": 38.913707, "population": 26000.0, "Pedestrian traffic": 10000.0, "car traffic": 11000.0, "poi_count": 5 }, "geometry": { "type": "Point", "coordinates": [ 38.913707, 45.10268 ] } },
{ "type": "Feature", "properties": { "ID": 50015883, "Address": "Крылатская улица, 7", "lat": 45.098112, "long": 38.915476, "population": 26000.0, "Pedestrian traffic": 10000.0, "car traffic": 11000.0, "poi_count": 4 }, "geometry": { "type": "Point", "coordinates": [ 38.915476, 45.098112 ] } },
{ "type": "Feature", "properties": { "ID": 50007486, "Address": "улица имени Генерала Брусилова, 5лит1.1", "lat": 45.100275, "long": 38.917884, "population": 26000.0, "Pedestrian traffic": 10000.0, "car traffic": 11000.0, "poi_count": 6 }, "geometry": { "type": "Point", "coordinates": [ 38.917884, 45.100275 ] } },
{ "type": "Feature", "properties": { "ID": 308121, "Address": "Цветная улица, 43", "lat": 45.10072, "long": 38.928035, "population": 26000.0, "Pedestrian traffic": 10000.0, "car traffic": 11000.0, "poi_count": 13 }, "geometry": { "type": "Point", "coordinates": [ 38.928035, 45.10072 ] } },
{ "type": "Feature", "properties": { "ID": 50015564, "Address": "Владимирская улица, 15", "lat": 45.100828, "long": 38.933281, "population": 26000.0, "Pedestrian traffic": 10000.0, "car traffic": 11000.0, "poi_count": 10 }, "geometry": { "type": "Point", "coordinates": [ 38.933281, 45.100828 ] } },
{ "type": "Feature", "properties": { "ID": 150148, "Address": "Средняя улица, 80", "lat": 45.102527, "long": 38.930227, "population": 26000.0, "Pedestrian traffic": 10000.0, "car traffic": 11000.0, "poi_count": 13 }, "geometry": { "type": "Point", "coordinates": [ 38.930227, 45.102527 ] } },
{ "type": "Feature", "properties": { "ID": 322809, "Address": "улица имени Героя Ростовского, 8к6", "lat": 45.095986, "long": 38.940072, "population": 11000.0, "Pedestrian traffic": 3400.0, "car traffic": 2600.0, "poi_count": 4 }, "geometry": { "type": "Point", "coordinates": [ 38.940072, 45.095986 ] } },
{ "type": "Feature", "properties": { "ID": 311268, "Address": "улица имени Героя Ростовского, 8к3", "lat": 45.096699, "long": 38.942165, "population": 11000.0, "Pedestrian traffic": 3400.0, "car traffic": 2600.0, "poi_count": 4 }, "geometry": { "type": "Point", "coordinates": [ 38.942165, 45.096699 ] } },
{ "type": "Feature", "properties": { "ID": 50000027, "Address": "Цветочная улица, 108", "lat": 45.105587, "long": 38.939578, "population": 13000.0, "Pedestrian traffic": 9500.0, "car traffic": 13000.0, "poi_count": 6 }, "geometry": { "type": "Point", "coordinates": [ 38.939578, 45.105587 ] } },
{ "type": "Feature", "properties": { "ID": 308919, "Address": "Средняя улица, 48", "lat": 45.108068, "long": 38.933856, "population": 13000.0, "Pedestrian traffic": 9500.0, "car traffic": 13000.0, "poi_count": 9 }, "geometry": { "type": "Point", "coordinates": [ 38.933856, 45.108068 ] } },
{ "type": "Feature", "properties": { "ID": 5724, "Address": "Средняя улица, 36", "lat": 45.110867, "long": 38.935572, "population": 13000.0, "Pedestrian traffic": 9500.0, "car traffic": 13000.0, "poi_count": 8 }, "geometry": { "type": "Point", "coordinates": [ 38.935572, 45.110867 ] } },
{ "type": "Feature", "properties": { "ID": 139667, "Address": "Византийская улица, 1", "lat": 45.113049, "long": 38.928116, "population": 13000.0, "Pedestrian traffic": 9500.0, "car traffic": 13000.0, "poi_count": 12 }, "geometry": { "type": "Point", "coordinates": [ 38.928116, 45.113049 ] } },
{ "type": "Feature", "properties": { "ID": 336560, "Address": "Византийская улица, 5", "lat": 45.113704, "long": 38.929095, "population": 13000.0, "Pedestrian traffic": 9500.0, "car traffic": 13000.0, "poi_count": 12 }, "geometry": { "type": "Point", "coordinates": [ 38.929095, 45.113704 ] } },
{ "type": "Feature", "properties": { "ID": 130971, "Address": "Византийская улица, 7", "lat": 45.114136, "long": 38.929247, "population": 13000.0, "Pedestrian traffic": 9500.0, "car traffic": 13000.0, "poi_count": 11 }, "geometry": { "type": "Point", "coordinates": [ 38.929247, 45.114136 ] } },
{ "type": "Feature", "properties": { "ID": 50033767, "Address": "улица Марины Цветаевой, 7к2", "lat": 45.111191, "long": 38.919195, "population": 4400.0, "Pedestrian traffic": 4200.0, "car traffic": 9000.0, "poi_count": 2 }, "geometry": { "type": "Point", "coordinates": [ 38.919195, 45.111191 ] } },
{ "type": "Feature", "properties": { "ID": 102081, "Address": "улица Марины Цветаевой, 15", "lat": 45.113602, "long": 38.921621, "population": 4400.0, "Pedestrian traffic": 4200.0, "car traffic": 9000.0, "poi_count": 7 }, "geometry": { "type": "Point", "coordinates": [ 38.921621, 45.113602 ] } },
{ "type": "Feature", "properties": { "ID": 50031276, "Address": "улица Марины Цветаевой, 2", "lat": 45.113647, "long": 38.917911, "population": 4400.0, "Pedestrian traffic": 4200.0, "car traffic": 9000.0, "poi_count": 2 }, "geometry": { "type": "Point", "coordinates": [ 38.917911, 45.113647 ] } },
{ "type": "Feature", "properties": { "ID": 335769, "Address": "Кёльнская улица, 21", "lat": 45.117437, "long": 38.918809, "population": 4400.0, "Pedestrian traffic": 4200.0, "car traffic": 9000.0, "poi_count": 3 }, "geometry": { "type": "Point", "coordinates": [ 38.918809, 45.117437 ] } },
{ "type": "Feature", "properties": { "ID": 217698, "Address": "Веронская улица, 4", "lat": 45.120395, "long": 38.916896, "population": 4400.0, "Pedestrian traffic": 4200.0, "car traffic": 9000.0, "poi_count": 1 }, "geometry": { "type": "Point", "coordinates": [ 38.916896, 45.120395 ] } },
{ "type": "Feature", "properties": { "ID": 50019258, "Address": "Тирольская улица, 1А", "lat": 45.121177, "long": 38.922968, "population": 4400.0, "Pedestrian traffic": 4200.0, "car traffic": 9000.0, "poi_count": 4 }, "geometry": { "type": "Point", "coordinates": [ 38.922968, 45.121177 ] } },
{ "type": "Feature", "properties": { "ID": 50010015, "Address": "Атлантическая улица, 2к1", "lat": 45.123638, "long": 38.913419, "population": 4400.0, "Pedestrian traffic": 4200.0, "car traffic": 9000.0, "poi_count": 1 }, "geometry": { "type": "Point", "coordinates": [ 38.913419, 45.123638 ] } },
{ "type": "Feature", "properties": { "ID": 168175, "Address": "Звёздный переулок, 2А", "lat": 45.12947, "long": 38.907346, "population": 4400.0, "Pedestrian traffic": 4200.0, "car traffic": 9000.0, "poi_count": 4 }, "geometry": { "type": "Point", "coordinates": [ 38.907346, 45.12947 ] } },
{ "type": "Feature", "properties": { "ID": 354605, "Address": "Лиссабонская улица, 109к29", "lat": 45.131377, "long": 38.910023, "population": 0.0, "Pedestrian traffic": 0.0, "car traffic": 0.0, "poi_count": 2 }, "geometry": { "type": "Point", "coordinates": [ 38.910023, 45.131377 ] } },
{ "type": "Feature", "properties": { "ID": 320672, "Address": "Пиренейская улица, 4", "lat": 45.131231, "long": 38.907526, "population": 0.0, "Pedestrian traffic": 0.0, "car traffic": 0.0, "poi_count": 3 }, "geometry": { "type": "Point", "coordinates": [ 38.907526, 45.131231 ] } },
{ "type": "Feature", "properties": { "ID": 50027098, "Address": "Звёздный переулок, 2", "lat": 45.130767, "long": 38.905756, "population": 0.0, "Pedestrian traffic": 0.0, "car traffic": 0.0, "poi_count": 3 }, "geometry": { "type": "Point", "coordinates": [ 38.905756, 45.130767 ] } },
{ "type": "Feature", "properties": { "ID": 50001880, "Address": "Звёздная улица, 9", "lat": 45.133737, "long": 38.905379, "population": 0.0, "Pedestrian traffic": 0.0, "car traffic": 0.0, "poi_count": 0 }, "geometry": { "type": "Point", "coordinates": [ 38.905379, 45.133737 ] } },
{ "type": "Feature", "properties": { "ID": 211869, "Address": "проспект Гёте, 6", "lat": 45.118341, "long": 38.929867, "population": 13000.0, "Pedestrian traffic": 9500.0, "car traffic": 13000.0, "poi_count": 14 }, "geometry": { "type": "Point", "coordinates": [ 38.929867, 45.118341 ] } },
{ "type": "Feature", "properties": { "ID": 314525, "Address": "Скандинавская улица, 1", "lat": 45.121355, "long": 38.93408, "population": 13000.0, "Pedestrian traffic": 9500.0, "car traffic": 13000.0, "poi_count": 4 }, "geometry": { "type": "Point", "coordinates": [ 38.93408, 45.121355 ] } },
{ "type": "Feature", "properties": { "ID": 318295, "Address": "Скандинавская улица, 1к10", "lat": 45.121323, "long": 38.93647, "population": 13000.0, "Pedestrian traffic": 9500.0, "car traffic": 13000.0, "poi_count": 4 }, "geometry": { "type": "Point", "coordinates": [ 38.93647, 45.121323 ] } },
{ "type": "Feature", "properties": { "ID": 318205, "Address": "Скандинавская улица, 1к5", "lat": 45.119511, "long": 38.937934, "population": 13000.0, "Pedestrian traffic": 9500.0, "car traffic": 13000.0, "poi_count": 5 }, "geometry": { "type": "Point", "coordinates": [ 38.937934, 45.119511 ] } },
{ "type": "Feature", "properties": { "ID": 50008906, "Address": "Средняя улица, 32/36", "lat": 45.117654, "long": 38.939991, "population": 13000.0, "Pedestrian traffic": 9500.0, "car traffic": 13000.0, "poi_count": 4 }, "geometry": { "type": "Point", "coordinates": [ 38.939991, 45.117654 ] } },
{ "type": "Feature", "properties": { "ID": 325165, "Address": "Средняя улица, 15А", "lat": 45.122417, "long": 38.943719, "population": 13000.0, "Pedestrian traffic": 9500.0, "car traffic": 13000.0, "poi_count": 2 }, "geometry": { "type": "Point", "coordinates": [ 38.943719, 45.122417 ] } },
{ "type": "Feature", "properties": { "ID": 50003926, "Address": "улица Писателя В.П. Неподобы, 34", "lat": 45.130118, "long": 38.940207, "population": 1900.0, "Pedestrian traffic": 1400.0, "car traffic": 700.0, "poi_count": 1 }, "geometry": { "type": "Point", "coordinates": [ 38.940207, 45.130118 ] } },
{ "type": "Feature", "properties": { "ID": 110453, "Address": "улица 1-я Линия Поймы реки Кубань, 2", "lat": 45.01425, "long": 38.991258, "population": 7500.0, "Pedestrian traffic": 20000.0, "car traffic": 20000.0, "poi_count": 21 }, "geometry": { "type": "Point", "coordinates": [ 38.991258, 45.01425 ] } },
{ "type": "Feature", "properties": { "ID": 50022799, "Address": "улица 1-я Линия Поймы реки Кубань, 43", "lat": 45.01532, "long": 38.992183, "population": 7500.0, "Pedestrian traffic": 20000.0, "car traffic": 20000.0, "poi_count": 30 }, "geometry": { "type": "Point", "coordinates": [ 38.992183, 45.01532 ] } },
{ "type": "Feature", "properties": { "ID": 321507, "Address": "улица Вишняковой, 1/23к2", "lat": 45.008591, "long": 38.996792, "population": 7500.0, "Pedestrian traffic": 20000.0, "car traffic": 20000.0, "poi_count": 3 }, "geometry": { "type": "Point", "coordinates": [ 38.996792, 45.008591 ] } },
{ "type": "Feature", "properties": { "ID": 50006291, "Address": "Ставропольская улица, 60", "lat": 45.017493, "long": 38.992857, "population": 7500.0, "Pedestrian traffic": 20000.0, "car traffic": 20000.0, "poi_count": 29 }, "geometry": { "type": "Point", "coordinates": [ 38.992857, 45.017493 ] } },
{ "type": "Feature", "properties": { "ID": 213506, "Address": "улица КИМ, 37", "lat": 45.01741, "long": 38.99875, "population": 7500.0, "Pedestrian traffic": 20000.0, "car traffic": 20000.0, "poi_count": 48 }, "geometry": { "type": "Point", "coordinates": [ 38.99875, 45.01741 ] } },
{ "type": "Feature", "properties": { "ID": 101476, "Address": "улица КИМ, 36/1", "lat": 45.017072, "long": 38.998777, "population": 7500.0, "Pedestrian traffic": 20000.0, "car traffic": 20000.0, "poi_count": 45 }, "geometry": { "type": "Point", "coordinates": [ 38.998777, 45.017072 ] } },
{ "type": "Feature", "properties": { "ID": 50007505, "Address": "Ставропольская улица, 128", "lat": 45.01985, "long": 39.002505, "population": 25000.0, "Pedestrian traffic": 50000.0, "car traffic": 47000.0, "poi_count": 61 }, "geometry": { "type": "Point", "coordinates": [ 39.002505, 45.01985 ] } },
{ "type": "Feature", "properties": { "ID": 50022830, "Address": "Ставропольская улица, 172", "lat": 45.019774, "long": 39.007383, "population": 25000.0, "Pedestrian traffic": 50000.0, "car traffic": 47000.0, "poi_count": 38 }, "geometry": { "type": "Point", "coordinates": [ 39.007383, 45.019774 ] } },
{ "type": "Feature", "properties": { "ID": 308356, "Address": "улица Маяковского, 121", "lat": 45.01943, "long": 39.012234, "population": 25000.0, "Pedestrian traffic": 50000.0, "car traffic": 47000.0, "poi_count": 43 }, "geometry": { "type": "Point", "coordinates": [ 39.012234, 45.01943 ] } },
{ "type": "Feature", "properties": { "ID": 169926, "Address": "улица Маяковского, 133/2", "lat": 45.021328, "long": 39.011776, "population": 25000.0, "Pedestrian traffic": 50000.0, "car traffic": 47000.0, "poi_count": 55 }, "geometry": { "type": "Point", "coordinates": [ 39.011776, 45.021328 ] } },
{ "type": "Feature", "properties": { "ID": 322743, "Address": "Таманская улица, 153к2", "lat": 45.022692, "long": 39.01306, "population": 25000.0, "Pedestrian traffic": 50000.0, "car traffic": 47000.0, "poi_count": 52 }, "geometry": { "type": "Point", "coordinates": [ 39.01306, 45.022692 ] } },
{ "type": "Feature", "properties": { "ID": 165829, "Address": "Новороссийская улица, 90/2к2", "lat": 45.025259, "long": 39.014192, "population": 25000.0, "Pedestrian traffic": 50000.0, "car traffic": 47000.0, "poi_count": 19 }, "geometry": { "type": "Point", "coordinates": [ 39.014192, 45.025259 ] } },
{ "type": "Feature", "properties": { "ID": 50022556, "Address": "улица Селезнёва, 4/4", "lat": 45.027062, "long": 39.018522, "population": 25000.0, "Pedestrian traffic": 50000.0, "car traffic": 47000.0, "poi_count": 47 }, "geometry": { "type": "Point", "coordinates": [ 39.018522, 45.027062 ] } },
{ "type": "Feature", "properties": { "ID": 302715, "Address": "улица Селезнёва, 4/13к1", "lat": 45.026138, "long": 39.018279, "population": 25000.0, "Pedestrian traffic": 50000.0, "car traffic": 47000.0, "poi_count": 41 }, "geometry": { "type": "Point", "coordinates": [ 39.018279, 45.026138 ] } },
{ "type": "Feature", "properties": { "ID": 151474, "Address": "улица Селезнёва, 4/15к3", "lat": 45.02582, "long": 39.019726, "population": 25000.0, "Pedestrian traffic": 50000.0, "car traffic": 47000.0, "poi_count": 40 }, "geometry": { "type": "Point", "coordinates": [ 39.019726, 45.02582 ] } },
{ "type": "Feature", "properties": { "ID": 309713, "Address": "улица Селезнёва, 4А", "lat": 45.025514, "long": 39.019941, "population": 25000.0, "Pedestrian traffic": 50000.0, "car traffic": 47000.0, "poi_count": 41 }, "geometry": { "type": "Point", "coordinates": [ 39.019941, 45.025514 ] } },
{ "type": "Feature", "properties": { "ID": 163299, "Address": "улица Селезнёва, 4/5", "lat": 45.025062, "long": 39.019618, "population": 25000.0, "Pedestrian traffic": 50000.0, "car traffic": 47000.0, "poi_count": 43 }, "geometry": { "type": "Point", "coordinates": [ 39.019618, 45.025062 ] } },
{ "type": "Feature", "properties": { "ID": 50017901, "Address": "Ставропольская улица, 107/11", "lat": 45.023647, "long": 39.020031, "population": 25000.0, "Pedestrian traffic": 50000.0, "car traffic": 47000.0, "poi_count": 49 }, "geometry": { "type": "Point", "coordinates": [ 39.020031, 45.023647 ] } },
{ "type": "Feature", "properties": { "ID": 141696, "Address": "Ставропольская улица, 111", "lat": 45.022138, "long": 39.017696, "population": 25000.0, "Pedestrian traffic": 50000.0, "car traffic": 47000.0, "poi_count": 54 }, "geometry": { "type": "Point", "coordinates": [ 39.017696, 45.022138 ] } },
{ "type": "Feature", "properties": { "ID": 150856, "Address": "Ставропольская улица, 127", "lat": 45.021112, "long": 39.022223, "population": 25000.0, "Pedestrian traffic": 50000.0, "car traffic": 47000.0, "poi_count": 39 }, "geometry": { "type": "Point", "coordinates": [ 39.022223, 45.021112 ] } },
{ "type": "Feature", "properties": { "ID": 306764, "Address": "улица 2-я Пятилетка, 4", "lat": 45.021322, "long": 39.024244, "population": 25000.0, "Pedestrian traffic": 50000.0, "car traffic": 47000.0, "poi_count": 46 }, "geometry": { "type": "Point", "coordinates": [ 39.024244, 45.021322 ] } },
{ "type": "Feature", "properties": { "ID": 50011829, "Address": "улица Полины Осипенко, 125/1", "lat": 45.018793, "long": 39.019115, "population": 25000.0, "Pedestrian traffic": 50000.0, "car traffic": 47000.0, "poi_count": 24 }, "geometry": { "type": "Point", "coordinates": [ 39.019115, 45.018793 ] } },
{ "type": "Feature", "properties": { "ID": 311605, "Address": "улица Ковтюха, 109/3", "lat": 45.015677, "long": 39.017291, "population": 16000.0, "Pedestrian traffic": 13000.0, "car traffic": 6500.0, "poi_count": 4 }, "geometry": { "type": "Point", "coordinates": [ 39.017291, 45.015677 ] } },
{ "type": "Feature", "properties": { "ID": 162181, "Address": "Пионерская улица, 79/1", "lat": 45.015473, "long": 39.017669, "population": 16000.0, "Pedestrian traffic": 13000.0, "car traffic": 6500.0, "poi_count": 3 }, "geometry": { "type": "Point", "coordinates": [ 39.017669, 45.015473 ] } },
{ "type": "Feature", "properties": { "ID": 50012731, "Address": "улица Димитрова, 127/2", "lat": 45.020449, "long": 39.028412, "population": 37000.0, "Pedestrian traffic": 49000.0, "car traffic": 36000.0, "poi_count": 66 }, "geometry": { "type": "Point", "coordinates": [ 39.028412, 45.020449 ] } },
{ "type": "Feature", "properties": { "ID": 50013770, "Address": "Ставропольская улица, 137", "lat": 45.020022, "long": 39.027469, "population": 37000.0, "Pedestrian traffic": 49000.0, "car traffic": 36000.0, "poi_count": 74 }, "geometry": { "type": "Point", "coordinates": [ 39.027469, 45.020022 ] } },
{ "type": "Feature", "properties": { "ID": 158835, "Address": "улица Димитрова, 162", "lat": 45.018614, "long": 39.028529, "population": 37000.0, "Pedestrian traffic": 49000.0, "car traffic": 36000.0, "poi_count": 73 }, "geometry": { "type": "Point", "coordinates": [ 39.028529, 45.018614 ] } },
{ "type": "Feature", "properties": { "ID": 50008202, "Address": "улица Селезнёва, 48", "lat": 45.027196, "long": 39.025825, "population": 25000.0, "Pedestrian traffic": 50000.0, "car traffic": 47000.0, "poi_count": 28 }, "geometry": { "type": "Point", "coordinates": [ 39.025825, 45.027196 ] } },
{ "type": "Feature", "properties": { "ID": 5927, "Address": "улица Селезнёва, 105", "lat": 45.027062, "long": 39.029634, "population": 37000.0, "Pedestrian traffic": 49000.0, "car traffic": 36000.0, "poi_count": 33 }, "geometry": { "type": "Point", "coordinates": [ 39.029634, 45.027062 ] } },
{ "type": "Feature", "properties": { "ID": 205001, "Address": "улица Селезнёва, 82", "lat": 45.026087, "long": 39.032329, "population": 37000.0, "Pedestrian traffic": 49000.0, "car traffic": 36000.0, "poi_count": 31 }, "geometry": { "type": "Point", "coordinates": [ 39.032329, 45.026087 ] } },
{ "type": "Feature", "properties": { "ID": 50017220, "Address": "улица Селезнёва, 88/1", "lat": 45.024246, "long": 39.031853, "population": 37000.0, "Pedestrian traffic": 49000.0, "car traffic": 36000.0, "poi_count": 29 }, "geometry": { "type": "Point", "coordinates": [ 39.031853, 45.024246 ] } },
{ "type": "Feature", "properties": { "ID": 209621, "Address": "Енисейская улица, 54", "lat": 45.033636, "long": 39.030425, "population": 25000.0, "Pedestrian traffic": 41000.0, "car traffic": 42000.0, "poi_count": 36 }, "geometry": { "type": "Point", "coordinates": [ 39.030425, 45.033636 ] } },
{ "type": "Feature", "properties": { "ID": 312212, "Address": "Уральская улица, 13", "lat": 45.031477, "long": 39.031988, "population": 37000.0, "Pedestrian traffic": 49000.0, "car traffic": 36000.0, "poi_count": 26 }, "geometry": { "type": "Point", "coordinates": [ 39.031988, 45.031477 ] } },
{ "type": "Feature", "properties": { "ID": 50007108, "Address": "Новгородская улица, 42", "lat": 45.033419, "long": 39.036434, "population": 25000.0, "Pedestrian traffic": 41000.0, "car traffic": 42000.0, "poi_count": 15 }, "geometry": { "type": "Point", "coordinates": [ 39.036434, 45.033419 ] } },
{ "type": "Feature", "properties": { "ID": 305933, "Address": "Уральская улица, 71к2", "lat": 45.033617, "long": 39.043163, "population": 37000.0, "Pedestrian traffic": 49000.0, "car traffic": 36000.0, "poi_count": 33 }, "geometry": { "type": "Point", "coordinates": [ 39.043163, 45.033617 ] } },
{ "type": "Feature", "properties": { "ID": 139563, "Address": "Уральская улица, 75к1", "lat": 45.033273, "long": 39.044411, "population": 37000.0, "Pedestrian traffic": 49000.0, "car traffic": 36000.0, "poi_count": 43 }, "geometry": { "type": "Point", "coordinates": [ 39.044411, 45.033273 ] } },
{ "type": "Feature", "properties": { "ID": 6071, "Address": "Волжская улица, 54", "lat": 45.029406, "long": 39.03824, "population": 37000.0, "Pedestrian traffic": 49000.0, "car traffic": 36000.0, "poi_count": 15 }, "geometry": { "type": "Point", "coordinates": [ 39.03824, 45.029406 ] } },
{ "type": "Feature", "properties": { "ID": 213810, "Address": "улица Стасова, 181", "lat": 45.028604, "long": 39.042911, "population": 37000.0, "Pedestrian traffic": 49000.0, "car traffic": 36000.0, "poi_count": 48 }, "geometry": { "type": "Point", "coordinates": [ 39.042911, 45.028604 ] } },
{ "type": "Feature", "properties": { "ID": 50002962, "Address": "улица Лизы Чайкиной, 20А", "lat": 45.032929, "long": 39.058102, "population": 9000.0, "Pedestrian traffic": 22000.0, "car traffic": 24000.0, "poi_count": 9 }, "geometry": { "type": "Point", "coordinates": [ 39.058102, 45.032929 ] } },
{ "type": "Feature", "properties": { "ID": 213591, "Address": "Старокубанская улица, 124", "lat": 45.028069, "long": 39.051948, "population": 37000.0, "Pedestrian traffic": 49000.0, "car traffic": 36000.0, "poi_count": 13 }, "geometry": { "type": "Point", "coordinates": [ 39.051948, 45.028069 ] } },
{ "type": "Feature", "properties": { "ID": 217460, "Address": "Старокубанская улица, 131/1", "lat": 45.025342, "long": 39.048382, "population": 37000.0, "Pedestrian traffic": 49000.0, "car traffic": 36000.0, "poi_count": 40 }, "geometry": { "type": "Point", "coordinates": [ 39.048382, 45.025342 ] } },
{ "type": "Feature", "properties": { "ID": 315869, "Address": "Старокубанская улица, 137/1", "lat": 45.024278, "long": 39.049155, "population": 37000.0, "Pedestrian traffic": 49000.0, "car traffic": 36000.0, "poi_count": 38 }, "geometry": { "type": "Point", "coordinates": [ 39.049155, 45.024278 ] } },
{ "type": "Feature", "properties": { "ID": 319945, "Address": "Сормовская улица, 3", "lat": 45.023112, "long": 39.052775, "population": 37000.0, "Pedestrian traffic": 49000.0, "car traffic": 36000.0, "poi_count": 29 }, "geometry": { "type": "Point", "coordinates": [ 39.052775, 45.023112 ] } },
{ "type": "Feature", "properties": { "ID": 202826, "Address": "улица Селезнёва, 176", "lat": 45.021411, "long": 39.047816, "population": 37000.0, "Pedestrian traffic": 49000.0, "car traffic": 36000.0, "poi_count": 24 }, "geometry": { "type": "Point", "coordinates": [ 39.047816, 45.021411 ] } },
{ "type": "Feature", "properties": { "ID": 307082, "Address": "улица Селезнёва, 126", "lat": 45.023552, "long": 39.040989, "population": 37000.0, "Pedestrian traffic": 49000.0, "car traffic": 36000.0, "poi_count": 40 }, "geometry": { "type": "Point", "coordinates": [ 39.040989, 45.023552 ] } },
{ "type": "Feature", "properties": { "ID": 50005846, "Address": "улица Селезнёва, 100", "lat": 45.024922, "long": 39.036452, "population": 37000.0, "Pedestrian traffic": 49000.0, "car traffic": 36000.0, "poi_count": 30 }, "geometry": { "type": "Point", "coordinates": [ 39.036452, 45.024922 ] } },
{ "type": "Feature", "properties": { "ID": 50014180, "Address": "улица Селезнёва, 104/1", "lat": 45.023323, "long": 39.035886, "population": 37000.0, "Pedestrian traffic": 49000.0, "car traffic": 36000.0, "poi_count": 26 }, "geometry": { "type": "Point", "coordinates": [ 39.035886, 45.023323 ] } },
{ "type": "Feature", "properties": { "ID": 147976, "Address": "Ставропольская улица, 183/2", "lat": 45.019768, "long": 39.039507, "population": 37000.0, "Pedestrian traffic": 49000.0, "car traffic": 36000.0, "poi_count": 46 }, "geometry": { "type": "Point", "coordinates": [ 39.039507, 45.019768 ] } },
{ "type": "Feature", "properties": { "ID": 157598, "Address": "Ставропольская улица, 181", "lat": 45.01762, "long": 39.03868, "population": 37000.0, "Pedestrian traffic": 49000.0, "car traffic": 36000.0, "poi_count": 88 }, "geometry": { "type": "Point", "coordinates": [ 39.03868, 45.01762 ] } },
{ "type": "Feature", "properties": { "ID": 50019260, "Address": "Ставропольская улица, 246", "lat": 45.016926, "long": 39.038599, "population": 37000.0, "Pedestrian traffic": 49000.0, "car traffic": 36000.0, "poi_count": 91 }, "geometry": { "type": "Point", "coordinates": [ 39.038599, 45.016926 ] } },
{ "type": "Feature", "properties": { "ID": 1283, "Address": "Ставропольская улица, 159", "lat": 45.018111, "long": 39.036452, "population": 37000.0, "Pedestrian traffic": 49000.0, "car traffic": 36000.0, "poi_count": 73 }, "geometry": { "type": "Point", "coordinates": [ 39.036452, 45.018111 ] } },
{ "type": "Feature", "properties": { "ID": 50005059, "Address": "улица Айвазовского, 106", "lat": 45.016595, "long": 39.033245, "population": 37000.0, "Pedestrian traffic": 49000.0, "car traffic": 36000.0, "poi_count": 59 }, "geometry": { "type": "Point", "coordinates": [ 39.033245, 45.016595 ] } },
{ "type": "Feature", "properties": { "ID": 50013432, "Address": "улица Стасова, 168/1", "lat": 45.015913, "long": 39.041905, "population": 37000.0, "Pedestrian traffic": 49000.0, "car traffic": 36000.0, "poi_count": 81 }, "geometry": { "type": "Point", "coordinates": [ 39.041905, 45.015913 ] } },
{ "type": "Feature", "properties": { "ID": 216293, "Address": "Старокубанская улица, 123А", "lat": 45.017264, "long": 39.04707, "population": 37000.0, "Pedestrian traffic": 49000.0, "car traffic": 36000.0, "poi_count": 33 }, "geometry": { "type": "Point", "coordinates": [ 39.04707, 45.017264 ] } },
{ "type": "Feature", "properties": { "ID": 50001411, "Address": "Старокубанская улица, 121", "lat": 45.014734, "long": 39.045849, "population": 37000.0, "Pedestrian traffic": 49000.0, "car traffic": 36000.0, "poi_count": 46 }, "geometry": { "type": "Point", "coordinates": [ 39.045849, 45.014734 ] } },
{ "type": "Feature", "properties": { "ID": 50031275, "Address": "Кубанская улица, 47", "lat": 45.013441, "long": 39.047277, "population": 37000.0, "Pedestrian traffic": 49000.0, "car traffic": 36000.0, "poi_count": 34 }, "geometry": { "type": "Point", "coordinates": [ 39.047277, 45.013441 ] } },
{ "type": "Feature", "properties": { "ID": 5074, "Address": "Кубанская улица, 46", "lat": 45.01265, "long": 39.048535, "population": 10000.0, "Pedestrian traffic": 9000.0, "car traffic": 5000.0, "poi_count": 26 }, "geometry": { "type": "Point", "coordinates": [ 39.048535, 45.01265 ] } },
{ "type": "Feature", "properties": { "ID": 145143, "Address": "Ставропольская улица", "lat": 45.021112, "long": 39.022223, "population": 25000.0, "Pedestrian traffic": 50000.0, "car traffic": 47000.0, "poi_count": 39 }, "geometry": { "type": "Point", "coordinates": [ 39.022223, 45.021112 ] } },
{ "type": "Feature", "properties": { "ID": 50022127, "Address": "Ставропольская улица, 336/3", "lat": 45.012803, "long": 39.051445, "population": 10000.0, "Pedestrian traffic": 9000.0, "car traffic": 5000.0, "poi_count": 34 }, "geometry": { "type": "Point", "coordinates": [ 39.051445, 45.012803 ] } },
{ "type": "Feature", "properties": { "ID": 50003019, "Address": "улица Стасова, 148", "lat": 45.013568, "long": 39.03983, "population": 37000.0, "Pedestrian traffic": 49000.0, "car traffic": 36000.0, "poi_count": 52 }, "geometry": { "type": "Point", "coordinates": [ 39.03983, 45.013568 ] } },
{ "type": "Feature", "properties": { "ID": 321461, "Address": "улица Стасова, 121", "lat": 45.012128, "long": 39.036219, "population": 16000.0, "Pedestrian traffic": 13000.0, "car traffic": 6500.0, "poi_count": 32 }, "geometry": { "type": "Point", "coordinates": [ 39.036219, 45.012128 ] } },
{ "type": "Feature", "properties": { "ID": 325824, "Address": "Бургасская улица, 56", "lat": 45.011682, "long": 39.037692, "population": 16000.0, "Pedestrian traffic": 13000.0, "car traffic": 6500.0, "poi_count": 36 }, "geometry": { "type": "Point", "coordinates": [ 39.037692, 45.011682 ] } },
{ "type": "Feature", "properties": { "ID": 139490, "Address": "Бургасская улица, 45", "lat": 45.010637, "long": 39.0408, "population": 10000.0, "Pedestrian traffic": 9000.0, "car traffic": 5000.0, "poi_count": 17 }, "geometry": { "type": "Point", "coordinates": [ 39.0408, 45.010637 ] } },
{ "type": "Feature", "properties": { "ID": 50010189, "Address": "Бургасская улица, 26", "lat": 45.013396, "long": 39.031781, "population": 16000.0, "Pedestrian traffic": 13000.0, "car traffic": 6500.0, "poi_count": 36 }, "geometry": { "type": "Point", "coordinates": [ 39.031781, 45.013396 ] } },
{ "type": "Feature", "properties": { "ID": 6007, "Address": "улица Димитрова, 75", "lat": 45.013683, "long": 39.025771, "population": 16000.0, "Pedestrian traffic": 13000.0, "car traffic": 6500.0, "poi_count": 28 }, "geometry": { "type": "Point", "coordinates": [ 39.025771, 45.013683 ] } },
{ "type": "Feature", "properties": { "ID": 327321, "Address": "улица Димитрова, 43", "lat": 45.010407, "long": 39.024478, "population": 16000.0, "Pedestrian traffic": 13000.0, "car traffic": 6500.0, "poi_count": 6 }, "geometry": { "type": "Point", "coordinates": [ 39.024478, 45.010407 ] } },
{ "type": "Feature", "properties": { "ID": 314961, "Address": "улица Маяковского, 15", "lat": 45.011325, "long": 39.013438, "population": 16000.0, "Pedestrian traffic": 13000.0, "car traffic": 6500.0, "poi_count": 4 }, "geometry": { "type": "Point", "coordinates": [ 39.013438, 45.011325 ] } },
{ "type": "Feature", "properties": { "ID": 162363, "Address": "улица Стасова, 97", "lat": 45.009248, "long": 39.033102, "population": 16000.0, "Pedestrian traffic": 13000.0, "car traffic": 6500.0, "poi_count": 12 }, "geometry": { "type": "Point", "coordinates": [ 39.033102, 45.009248 ] } },
{ "type": "Feature", "properties": { "ID": 314488, "Address": "Старокубанская улица, 2/5", "lat": 45.004462, "long": 39.034808, "population": 16000.0, "Pedestrian traffic": 13000.0, "car traffic": 6500.0, "poi_count": 40 }, "geometry": { "type": "Point", "coordinates": [ 39.034808, 45.004462 ] } },
{ "type": "Feature", "properties": { "ID": 150877, "Address": "Воронежская улица, 47/Г", "lat": 45.002454, "long": 39.031934, "population": 16000.0, "Pedestrian traffic": 13000.0, "car traffic": 6500.0, "poi_count": 43 }, "geometry": { "type": "Point", "coordinates": [ 39.031934, 45.002454 ] } },
{ "type": "Feature", "properties": { "ID": 307799, "Address": "Воронежская улица, 47Д", "lat": 45.001428, "long": 39.032212, "population": 16000.0, "Pedestrian traffic": 13000.0, "car traffic": 6500.0, "poi_count": 40 }, "geometry": { "type": "Point", "coordinates": [ 39.032212, 45.001428 ] } },
{ "type": "Feature", "properties": { "ID": 50003893, "Address": "Воронежская улица, 47/14", "lat": 44.999797, "long": 39.03117, "population": 16000.0, "Pedestrian traffic": 13000.0, "car traffic": 6500.0, "poi_count": 20 }, "geometry": { "type": "Point", "coordinates": [ 39.03117, 44.999797 ] } },
{ "type": "Feature", "properties": { "ID": 50004592, "Address": "улица Стасова, 10", "lat": 45.003474, "long": 39.026984, "population": 16000.0, "Pedestrian traffic": 13000.0, "car traffic": 6500.0, "poi_count": 3 }, "geometry": { "type": "Point", "coordinates": [ 39.026984, 45.003474 ] } },
{ "type": "Feature", "properties": { "ID": 50034184, "Address": "улица Димитрова, 1", "lat": 45.003034, "long": 39.021424, "population": 16000.0, "Pedestrian traffic": 13000.0, "car traffic": 6500.0, "poi_count": 7 }, "geometry": { "type": "Point", "coordinates": [ 39.021424, 45.003034 ] } },
{ "type": "Feature", "properties": { "ID": 50007850, "Address": "Воронежская улица, 102", "lat": 45.002671, "long": 39.020768, "population": 16000.0, "Pedestrian traffic": 13000.0, "car traffic": 6500.0, "poi_count": 5 }, "geometry": { "type": "Point", "coordinates": [ 39.020768, 45.002671 ] } },
{ "type": "Feature", "properties": { "ID": 50017267, "Address": "улица Красных Партизан, 62", "lat": 45.053175, "long": 38.942695, "population": 21000.0, "Pedestrian traffic": 35000.0, "car traffic": 28000.0, "poi_count": 19 }, "geometry": { "type": "Point", "coordinates": [ 38.942695, 45.053175 ] } },
{ "type": "Feature", "properties": { "ID": 5285, "Address": "улица Гагарина, 132", "lat": 45.053945, "long": 38.949945, "population": 21000.0, "Pedestrian traffic": 35000.0, "car traffic": 28000.0, "poi_count": 30 }, "geometry": { "type": "Point", "coordinates": [ 38.949945, 45.053945 ] } },
{ "type": "Feature", "properties": { "ID": 209978, "Address": "улица Герцена, 186", "lat": 45.057689, "long": 38.946091, "population": 21000.0, "Pedestrian traffic": 35000.0, "car traffic": 28000.0, "poi_count": 74 }, "geometry": { "type": "Point", "coordinates": [ 38.946091, 45.057689 ] } },
{ "type": "Feature", "properties": { "ID": 50009042, "Address": "улица Каляева, 263/4", "lat": 45.06002, "long": 38.940755, "population": 21000.0, "Pedestrian traffic": 35000.0, "car traffic": 28000.0, "poi_count": 21 }, "geometry": { "type": "Point", "coordinates": [ 38.940755, 45.06002 ] } },
{ "type": "Feature", "properties": { "ID": 307356, "Address": "улица Новицкого, 2/4", "lat": 45.060726, "long": 38.943486, "population": 21000.0, "Pedestrian traffic": 35000.0, "car traffic": 28000.0, "poi_count": 59 }, "geometry": { "type": "Point", "coordinates": [ 38.943486, 45.060726 ] } },
{ "type": "Feature", "properties": { "ID": 162540, "Address": "Совхозная улица, 1к1", "lat": 45.061376, "long": 38.944079, "population": 21000.0, "Pedestrian traffic": 35000.0, "car traffic": 28000.0, "poi_count": 58 }, "geometry": { "type": "Point", "coordinates": [ 38.944079, 45.061376 ] } },
{ "type": "Feature", "properties": { "ID": 206935, "Address": "улица Атарбекова, 30", "lat": 45.058434, "long": 38.951903, "population": 21000.0, "Pedestrian traffic": 35000.0, "car traffic": 28000.0, "poi_count": 117 }, "geometry": { "type": "Point", "coordinates": [ 38.951903, 45.058434 ] } },
{ "type": "Feature", "properties": { "ID": 50016484, "Address": "улица Атарбекова, 28", "lat": 45.059077, "long": 38.95096, "population": 21000.0, "Pedestrian traffic": 35000.0, "car traffic": 28000.0, "poi_count": 144 }, "geometry": { "type": "Point", "coordinates": [ 38.95096, 45.059077 ] } },
{ "type": "Feature", "properties": { "ID": 203190, "Address": "улица Ковалёва, 5", "lat": 45.061949, "long": 38.948947, "population": 21000.0, "Pedestrian traffic": 35000.0, "car traffic": 28000.0, "poi_count": 115 }, "geometry": { "type": "Point", "coordinates": [ 38.948947, 45.061949 ] } },
{ "type": "Feature", "properties": { "ID": 139531, "Address": "улица Яна Полуяна, 33", "lat": 45.06433, "long": 38.951454, "population": 21000.0, "Pedestrian traffic": 35000.0, "car traffic": 28000.0, "poi_count": 76 }, "geometry": { "type": "Point", "coordinates": [ 38.951454, 45.06433 ] } },
{ "type": "Feature", "properties": { "ID": 50016357, "Address": "улица Садоводов, 8", "lat": 45.065749, "long": 38.946827, "population": 21000.0, "Pedestrian traffic": 35000.0, "car traffic": 28000.0, "poi_count": 18 }, "geometry": { "type": "Point", "coordinates": [ 38.946827, 45.065749 ] } },
{ "type": "Feature", "properties": { "ID": 173134, "Address": "проспект Константина Образцова, 2/2", "lat": 45.06785, "long": 38.949298, "population": 48000.0, "Pedestrian traffic": 44000.0, "car traffic": 25000.0, "poi_count": 21 }, "geometry": { "type": "Point", "coordinates": [ 38.949298, 45.06785 ] } },
{ "type": "Feature", "properties": { "ID": 312276, "Address": "улица Архитектора Петина, 14", "lat": 45.068633, "long": 38.950978, "population": 48000.0, "Pedestrian traffic": 44000.0, "car traffic": 25000.0, "poi_count": 21 }, "geometry": { "type": "Point", "coordinates": [ 38.950978, 45.068633 ] } },
{ "type": "Feature", "properties": { "ID": 141127, "Address": "проспект Константина Образцова, 6/2", "lat": 45.066838, "long": 38.952226, "population": 48000.0, "Pedestrian traffic": 44000.0, "car traffic": 25000.0, "poi_count": 51 }, "geometry": { "type": "Point", "coordinates": [ 38.952226, 45.066838 ] } },
{ "type": "Feature", "properties": { "ID": 3852, "Address": "улица имени Симиренко, 37к1", "lat": 45.072465, "long": 38.949253, "population": 48000.0, "Pedestrian traffic": 44000.0, "car traffic": 25000.0, "poi_count": 13 }, "geometry": { "type": "Point", "coordinates": [ 38.949253, 45.072465 ] } },
{ "type": "Feature", "properties": { "ID": 337942, "Address": "Круговая улица, 4Вк7", "lat": 45.073757, "long": 38.951364, "population": 48000.0, "Pedestrian traffic": 44000.0, "car traffic": 25000.0, "poi_count": 11 }, "geometry": { "type": "Point", "coordinates": [ 38.951364, 45.073757 ] } },
{ "type": "Feature", "properties": { "ID": 50007604, "Address": "Круговая улица, 4Вк3", "lat": 45.074527, "long": 38.953367, "population": 48000.0, "Pedestrian traffic": 44000.0, "car traffic": 25000.0, "poi_count": 6 }, "geometry": { "type": "Point", "coordinates": [ 38.953367, 45.074527 ] } },
{ "type": "Feature", "properties": { "ID": 139733, "Address": "Круговая улица, 4Вк1", "lat": 45.073687, "long": 38.953385, "population": 48000.0, "Pedestrian traffic": 44000.0, "car traffic": 25000.0, "poi_count": 6 }, "geometry": { "type": "Point", "coordinates": [ 38.953385, 45.073687 ] } },
{ "type": "Feature", "properties": { "ID": 315637, "Address": "улица имени Симиренко, 71к2", "lat": 45.072077, "long": 38.954948, "population": 48000.0, "Pedestrian traffic": 44000.0, "car traffic": 25000.0, "poi_count": 6 }, "geometry": { "type": "Point", "coordinates": [ 38.954948, 45.072077 ] } },
{ "type": "Feature", "properties": { "ID": 140341, "Address": "улица Архитектора Петина, 18/2", "lat": 45.068499, "long": 38.953951, "population": 48000.0, "Pedestrian traffic": 44000.0, "car traffic": 25000.0, "poi_count": 25 }, "geometry": { "type": "Point", "coordinates": [ 38.953951, 45.068499 ] } },
{ "type": "Feature", "properties": { "ID": 50016337, "Address": "Казбекская улица, 14", "lat": 45.068499, "long": 38.953951, "population": 48000.0, "Pedestrian traffic": 44000.0, "car traffic": 25000.0, "poi_count": 25 }, "geometry": { "type": "Point", "coordinates": [ 38.953951, 45.068499 ] } },
{ "type": "Feature", "properties": { "ID": 307384, "Address": "Казбекская улица, 15", "lat": 45.066017, "long": 38.955766, "population": 48000.0, "Pedestrian traffic": 44000.0, "car traffic": 25000.0, "poi_count": 75 }, "geometry": { "type": "Point", "coordinates": [ 38.955766, 45.066017 ] } },
{ "type": "Feature", "properties": { "ID": 139581, "Address": "улица Архитектора Ишунина, 1", "lat": 45.064419, "long": 38.956466, "population": 48000.0, "Pedestrian traffic": 44000.0, "car traffic": 25000.0, "poi_count": 65 }, "geometry": { "type": "Point", "coordinates": [ 38.956466, 45.064419 ] } },
{ "type": "Feature", "properties": { "ID": 50004254, "Address": "улица Архитектора Ишунина, 6", "lat": 45.06538, "long": 38.957212, "population": 48000.0, "Pedestrian traffic": 44000.0, "car traffic": 25000.0, "poi_count": 62 }, "geometry": { "type": "Point", "coordinates": [ 38.957212, 45.06538 ] } },
{ "type": "Feature", "properties": { "ID": 126707, "Address": "проспект Константина Образцова, 25к1", "lat": 45.066806, "long": 38.958667, "population": 48000.0, "Pedestrian traffic": 44000.0, "car traffic": 25000.0, "poi_count": 33 }, "geometry": { "type": "Point", "coordinates": [ 38.958667, 45.066806 ] } },
{ "type": "Feature", "properties": { "ID": 212229, "Address": "улица Архитектора Ишунина, 9", "lat": 45.068124, "long": 38.959431, "population": 48000.0, "Pedestrian traffic": 44000.0, "car traffic": 25000.0, "poi_count": 19 }, "geometry": { "type": "Point", "coordinates": [ 38.959431, 45.068124 ] } },
{ "type": "Feature", "properties": { "ID": 2122, "Address": "улица имени Тургенева, 98", "lat": 45.050284, "long": 38.95961, "population": 39000.0, "Pedestrian traffic": 95000.0, "car traffic": 51000.0, "poi_count": 67 }, "geometry": { "type": "Point", "coordinates": [ 38.95961, 45.050284 ] } },
{ "type": "Feature", "properties": { "ID": 50014074, "Address": "улица Красных Партизан, 443", "lat": 45.051545, "long": 38.958038, "population": 39000.0, "Pedestrian traffic": 95000.0, "car traffic": 51000.0, "poi_count": 62 }, "geometry": { "type": "Point", "coordinates": [ 38.958038, 45.051545 ] } },
{ "type": "Feature", "properties": { "ID": 50034056, "Address": "улица имени Тургенева, 109", "lat": 45.052576, "long": 38.958676, "population": 39000.0, "Pedestrian traffic": 95000.0, "car traffic": 51000.0, "poi_count": 65 }, "geometry": { "type": "Point", "coordinates": [ 38.958676, 45.052576 ] } },
{ "type": "Feature", "properties": { "ID": 50037986, "Address": "Фестивальная улица, 38", "lat": 45.054315, "long": 38.960599, "population": 39000.0, "Pedestrian traffic": 95000.0, "car traffic": 51000.0, "poi_count": 65 }, "geometry": { "type": "Point", "coordinates": [ 38.960599, 45.054315 ] } },
{ "type": "Feature", "properties": { "ID": 161796, "Address": "улица Воровского, 197", "lat": 45.052831, "long": 38.954418, "population": 21000.0, "Pedestrian traffic": 35000.0, "car traffic": 28000.0, "poi_count": 34 }, "geometry": { "type": "Point", "coordinates": [ 38.954418, 45.052831 ] } },
{ "type": "Feature", "properties": { "ID": 50031787, "Address": "Фестивальная улица, 7", "lat": 45.055282, "long": 38.956933, "population": 39000.0, "Pedestrian traffic": 95000.0, "car traffic": 51000.0, "poi_count": 38 }, "geometry": { "type": "Point", "coordinates": [ 38.956933, 45.055282 ] } },
{ "type": "Feature", "properties": { "ID": 137644, "Address": "улица имени Тургенева, 135", "lat": 45.056333, "long": 38.959799, "population": 39000.0, "Pedestrian traffic": 95000.0, "car traffic": 51000.0, "poi_count": 68 }, "geometry": { "type": "Point", "coordinates": [ 38.959799, 45.056333 ] } },
{ "type": "Feature", "properties": { "ID": 151739, "Address": "улица Атарбекова, 45", "lat": 45.059529, "long": 38.958515, "population": 39000.0, "Pedestrian traffic": 95000.0, "car traffic": 51000.0, "poi_count": 112 }, "geometry": { "type": "Point", "coordinates": [ 38.958515, 45.059529 ] } },
{ "type": "Feature", "properties": { "ID": 322777, "Address": "улица имени Тургенева, 155", "lat": 45.062318, "long": 38.960491, "population": 48000.0, "Pedestrian traffic": 44000.0, "car traffic": 25000.0, "poi_count": 80 }, "geometry": { "type": "Point", "coordinates": [ 38.960491, 45.062318 ] } },
{ "type": "Feature", "properties": { "ID": 213695, "Address": "улица имени Тургенева, 142", "lat": 45.065399, "long": 38.963671, "population": 48000.0, "Pedestrian traffic": 44000.0, "car traffic": 25000.0, "poi_count": 45 }, "geometry": { "type": "Point", "coordinates": [ 38.963671, 45.065399 ] } },
{ "type": "Feature", "properties": { "ID": 50019696, "Address": "Дальний проезд, 9к2", "lat": 45.063247, "long": 38.964479, "population": 48000.0, "Pedestrian traffic": 44000.0, "car traffic": 25000.0, "poi_count": 66 }, "geometry": { "type": "Point", "coordinates": [ 38.964479, 45.063247 ] } },
{ "type": "Feature", "properties": { "ID": 150386, "Address": "Дальняя улица, 39/3", "lat": 45.060904, "long": 38.964578, "population": 39000.0, "Pedestrian traffic": 95000.0, "car traffic": 51000.0, "poi_count": 96 }, "geometry": { "type": "Point", "coordinates": [ 38.964578, 45.060904 ] } },
{ "type": "Feature", "properties": { "ID": 308738, "Address": "Дальняя улица, 39/2", "lat": 45.061325, "long": 38.965324, "population": 39000.0, "Pedestrian traffic": 95000.0, "car traffic": 51000.0, "poi_count": 92 }, "geometry": { "type": "Point", "coordinates": [ 38.965324, 45.061325 ] } },
{ "type": "Feature", "properties": { "ID": 157869, "Address": "Гаражная улица, 87к1", "lat": 45.060892, "long": 38.967318, "population": 39000.0, "Pedestrian traffic": 95000.0, "car traffic": 51000.0, "poi_count": 64 }, "geometry": { "type": "Point", "coordinates": [ 38.967318, 45.060892 ] } },
{ "type": "Feature", "properties": { "ID": 335761, "Address": "Гаражная улица, 87", "lat": 45.061395, "long": 38.968288, "population": 39000.0, "Pedestrian traffic": 95000.0, "car traffic": 51000.0, "poi_count": 59 }, "geometry": { "type": "Point", "coordinates": [ 38.968288, 45.061395 ] } },
{ "type": "Feature", "properties": { "ID": 50004457, "Address": "улица Монтажников, 14", "lat": 45.059829, "long": 38.967857, "population": 39000.0, "Pedestrian traffic": 95000.0, "car traffic": 51000.0, "poi_count": 57 }, "geometry": { "type": "Point", "coordinates": [ 38.967857, 45.059829 ] } },
{ "type": "Feature", "properties": { "ID": 114368, "Address": "Морская улица, 45", "lat": 45.055251, "long": 38.968118, "population": 39000.0, "Pedestrian traffic": 95000.0, "car traffic": 51000.0, "poi_count": 22 }, "geometry": { "type": "Point", "coordinates": [ 38.968118, 45.055251 ] } },
{ "type": "Feature", "properties": { "ID": 214796, "Address": "Гаражная улица, 71", "lat": 45.055671, "long": 38.970543, "population": 39000.0, "Pedestrian traffic": 95000.0, "car traffic": 51000.0, "poi_count": 21 }, "geometry": { "type": "Point", "coordinates": [ 38.970543, 45.055671 ] } },
{ "type": "Feature", "properties": { "ID": 50006439, "Address": "улица Гагарина, 147", "lat": 45.051793, "long": 38.966312, "population": 39000.0, "Pedestrian traffic": 95000.0, "car traffic": 51000.0, "poi_count": 36 }, "geometry": { "type": "Point", "coordinates": [ 38.966312, 45.051793 ] } },
{ "type": "Feature", "properties": { "ID": 311711, "Address": "2-й Пластунский проезд, 13", "lat": 45.047552, "long": 38.968019, "population": 39000.0, "Pedestrian traffic": 95000.0, "car traffic": 51000.0, "poi_count": 46 }, "geometry": { "type": "Point", "coordinates": [ 38.968019, 45.047552 ] } },
{ "type": "Feature", "properties": { "ID": 318390, "Address": "Гаражная улица, 156к1", "lat": 45.065208, "long": 38.968953, "population": 48000.0, "Pedestrian traffic": 44000.0, "car traffic": 25000.0, "poi_count": 28 }, "geometry": { "type": "Point", "coordinates": [ 38.968953, 45.065208 ] } },
{ "type": "Feature", "properties": { "ID": 211591, "Address": "Рашпилевская улица, 333/1", "lat": 45.067646, "long": 38.969986, "population": 48000.0, "Pedestrian traffic": 44000.0, "car traffic": 25000.0, "poi_count": 60 }, "geometry": { "type": "Point", "coordinates": [ 38.969986, 45.067646 ] } },
{ "type": "Feature", "properties": { "ID": 213621, "Address": "улица имени Тургенева, 174", "lat": 45.069792, "long": 38.970247, "population": 48000.0, "Pedestrian traffic": 44000.0, "car traffic": 25000.0, "poi_count": 54 }, "geometry": { "type": "Point", "coordinates": [ 38.970247, 45.069792 ] } },
{ "type": "Feature", "properties": { "ID": 50005710, "Address": "улица имени Тургенева, 189", "lat": 45.068086, "long": 38.965297, "population": 48000.0, "Pedestrian traffic": 44000.0, "car traffic": 25000.0, "poi_count": 51 }, "geometry": { "type": "Point", "coordinates": [ 38.965297, 45.068086 ] } },
{ "type": "Feature", "properties": { "ID": 319606, "Address": "Стахановская улица, 1/5к3", "lat": 45.073725, "long": 38.96677, "population": 48000.0, "Pedestrian traffic": 44000.0, "car traffic": 25000.0, "poi_count": 15 }, "geometry": { "type": "Point", "coordinates": [ 38.96677, 45.073725 ] } },
{ "type": "Feature", "properties": { "ID": 316252, "Address": "Стахановская улица, 1/5к5", "lat": 45.073025, "long": 38.967893, "population": 48000.0, "Pedestrian traffic": 44000.0, "car traffic": 25000.0, "poi_count": 26 }, "geometry": { "type": "Point", "coordinates": [ 38.967893, 45.073025 ] } },
{ "type": "Feature", "properties": { "ID": 140352, "Address": "Стахановская улица, 1/5", "lat": 45.073662, "long": 38.969213, "population": 48000.0, "Pedestrian traffic": 44000.0, "car traffic": 25000.0, "poi_count": 25 }, "geometry": { "type": "Point", "coordinates": [ 38.969213, 45.073662 ] } },
{ "type": "Feature", "properties": { "ID": 320976, "Address": "улица Авиагородок, 8", "lat": 45.07538, "long": 38.973166, "population": 48000.0, "Pedestrian traffic": 44000.0, "car traffic": 25000.0, "poi_count": 26 }, "geometry": { "type": "Point", "coordinates": [ 38.973166, 45.07538 ] } },
{ "type": "Feature", "properties": { "ID": 139037, "Address": "улица Циолковского, 7", "lat": 45.080402, "long": 38.976732, "population": 9500.0, "Pedestrian traffic": 19000.0, "car traffic": 29000.0, "poi_count": 8 }, "geometry": { "type": "Point", "coordinates": [ 38.976732, 45.080402 ] } },
{ "type": "Feature", "properties": { "ID": 312535, "Address": "проезд Репина, 5", "lat": 45.075158, "long": 38.976427, "population": 48000.0, "Pedestrian traffic": 44000.0, "car traffic": 25000.0, "poi_count": 39 }, "geometry": { "type": "Point", "coordinates": [ 38.976427, 45.075158 ] } },
{ "type": "Feature", "properties": { "ID": 212518, "Address": "улица Репина, 5", "lat": 45.074667, "long": 38.977199, "population": 48000.0, "Pedestrian traffic": 44000.0, "car traffic": 25000.0, "poi_count": 42 }, "geometry": { "type": "Point", "coordinates": [ 38.977199, 45.074667 ] } },
{ "type": "Feature", "properties": { "ID": 309432, "Address": "проезд Репина, 3к1", "lat": 45.073484, "long": 38.97622, "population": 48000.0, "Pedestrian traffic": 44000.0, "car traffic": 25000.0, "poi_count": 41 }, "geometry": { "type": "Point", "coordinates": [ 38.97622, 45.073484 ] } },
{ "type": "Feature", "properties": { "ID": 50017411, "Address": "проезд Репина, 42", "lat": 45.074088, "long": 38.977568, "population": 48000.0, "Pedestrian traffic": 44000.0, "car traffic": 25000.0, "poi_count": 35 }, "geometry": { "type": "Point", "coordinates": [ 38.977568, 45.074088 ] } },
{ "type": "Feature", "properties": { "ID": 50016599, "Address": "Стахановская улица, 8", "lat": 45.071211, "long": 38.975008, "population": 48000.0, "Pedestrian traffic": 44000.0, "car traffic": 25000.0, "poi_count": 35 }, "geometry": { "type": "Point", "coordinates": [ 38.975008, 45.071211 ] } },
{ "type": "Feature", "properties": { "ID": 135247, "Address": "проезд Репина, 22", "lat": 45.074082, "long": 38.980245, "population": 25000.0, "Pedestrian traffic": 58000.0, "car traffic": 39000.0, "poi_count": 33 }, "geometry": { "type": "Point", "coordinates": [ 38.980245, 45.074082 ] } },
{ "type": "Feature", "properties": { "ID": 300686, "Address": "проезд Репина, 28", "lat": 45.072936, "long": 38.981691, "population": 25000.0, "Pedestrian traffic": 58000.0, "car traffic": 39000.0, "poi_count": 37 }, "geometry": { "type": "Point", "coordinates": [ 38.981691, 45.072936 ] } },
{ "type": "Feature", "properties": { "ID": 114613, "Address": "Стахановская улица, 24", "lat": 45.071058, "long": 38.979571, "population": 25000.0, "Pedestrian traffic": 58000.0, "car traffic": 39000.0, "poi_count": 68 }, "geometry": { "type": "Point", "coordinates": [ 38.979571, 45.071058 ] } },
{ "type": "Feature", "properties": { "ID": 158336, "Address": "улица Фёдора Лузана, 10", "lat": 45.068671, "long": 38.97932, "population": 25000.0, "Pedestrian traffic": 58000.0, "car traffic": 39000.0, "poi_count": 65 }, "geometry": { "type": "Point", "coordinates": [ 38.97932, 45.068671 ] } },
{ "type": "Feature", "properties": { "ID": 216668, "Address": "улица Строителей, 21", "lat": 45.066628, "long": 38.981332, "population": 25000.0, "Pedestrian traffic": 58000.0, "car traffic": 39000.0, "poi_count": 66 }, "geometry": { "type": "Point", "coordinates": [ 38.981332, 45.066628 ] } },
{ "type": "Feature", "properties": { "ID": 109221, "Address": "улица Шоссе Нефтяников, 37", "lat": 45.064788, "long": 38.980963, "population": 25000.0, "Pedestrian traffic": 58000.0, "car traffic": 39000.0, "poi_count": 32 }, "geometry": { "type": "Point", "coordinates": [ 38.980963, 45.064788 ] } },
{ "type": "Feature", "properties": { "ID": 50005267, "Address": "улица Шоссе Нефтяников, 18к2", "lat": 45.062986, "long": 38.983236, "population": 25000.0, "Pedestrian traffic": 58000.0, "car traffic": 39000.0, "poi_count": 33 }, "geometry": { "type": "Point", "coordinates": [ 38.983236, 45.062986 ] } },
{ "type": "Feature", "properties": { "ID": 130288, "Address": "улица имени Дзержинского, 93к6", "lat": 45.064024, "long": 38.974127, "population": 39000.0, "Pedestrian traffic": 95000.0, "car traffic": 51000.0, "poi_count": 31 }, "geometry": { "type": "Point", "coordinates": [ 38.974127, 45.064024 ] } },
{ "type": "Feature", "properties": { "ID": 164045, "Address": "Зиповская улица, 1", "lat": 45.061726, "long": 38.986632, "population": 25000.0, "Pedestrian traffic": 58000.0, "car traffic": 39000.0, "poi_count": 51 }, "geometry": { "type": "Point", "coordinates": [ 38.986632, 45.061726 ] } },
{ "type": "Feature", "properties": { "ID": 50008234, "Address": "Офицерская улица, 45", "lat": 45.059625, "long": 38.984673, "population": 25000.0, "Pedestrian traffic": 58000.0, "car traffic": 39000.0, "poi_count": 130 }, "geometry": { "type": "Point", "coordinates": [ 38.984673, 45.059625 ] } },
{ "type": "Feature", "properties": { "ID": 130288, "Address": "улица имени Дзержинского, 93к6", "lat": 45.064024, "long": 38.974127, "population": 39000.0, "Pedestrian traffic": 95000.0, "car traffic": 51000.0, "poi_count": 31 }, "geometry": { "type": "Point", "coordinates": [ 38.974127, 45.064024 ] } },
{ "type": "Feature", "properties": { "ID": 306686, "Address": "Красная улица, 176/1", "lat": 45.044922, "long": 38.978718, "population": 39000.0, "Pedestrian traffic": 95000.0, "car traffic": 51000.0, "poi_count": 192 }, "geometry": { "type": "Point", "coordinates": [ 38.978718, 45.044922 ] } },
{ "type": "Feature", "properties": { "ID": 349561, "Address": "улица Бабушкина, 295", "lat": 45.047208, "long": 38.97437, "population": 39000.0, "Pedestrian traffic": 95000.0, "car traffic": 51000.0, "poi_count": 65 }, "geometry": { "type": "Point", "coordinates": [ 38.97437, 45.047208 ] } },
{ "type": "Feature", "properties": { "ID": 208111, "Address": "Рашпилевская улица, 144", "lat": 45.049163, "long": 38.976795, "population": 39000.0, "Pedestrian traffic": 95000.0, "car traffic": 51000.0, "poi_count": 112 }, "geometry": { "type": "Point", "coordinates": [ 38.976795, 45.049163 ] } },
{ "type": "Feature", "properties": { "ID": 127434, "Address": "улица имени П.М. Гаврилова, 60/3", "lat": 45.05236, "long": 38.973768, "population": 39000.0, "Pedestrian traffic": 95000.0, "car traffic": 51000.0, "poi_count": 26 }, "geometry": { "type": "Point", "coordinates": [ 38.973768, 45.05236 ] } },
{ "type": "Feature", "properties": { "ID": 50006610, "Address": "улица имени П.М. Гаврилова, 93", "lat": 45.053977, "long": 38.978394, "population": 39000.0, "Pedestrian traffic": 95000.0, "car traffic": 51000.0, "poi_count": 123 }, "geometry": { "type": "Point", "coordinates": [ 38.978394, 45.053977 ] } },
{ "type": "Feature", "properties": { "ID": 215050, "Address": "улица имени Дзержинского, 8", "lat": 45.057428, "long": 38.979158, "population": 39000.0, "Pedestrian traffic": 95000.0, "car traffic": 51000.0, "poi_count": 138 }, "geometry": { "type": "Point", "coordinates": [ 38.979158, 45.057428 ] } },
{ "type": "Feature", "properties": { "ID": 313972, "Address": "Колхозная улица, 77", "lat": 45.058574, "long": 38.988779, "population": 25000.0, "Pedestrian traffic": 58000.0, "car traffic": 39000.0, "poi_count": 67 }, "geometry": { "type": "Point", "coordinates": [ 38.988779, 45.058574 ] } },
{ "type": "Feature", "properties": { "ID": 327069, "Address": "Колхозная улица, 63", "lat": 45.055155, "long": 38.989102, "population": 25000.0, "Pedestrian traffic": 52000.0, "car traffic": 41000.0, "poi_count": 37 }, "geometry": { "type": "Point", "coordinates": [ 38.989102, 45.055155 ] } },
{ "type": "Feature", "properties": { "ID": 313083, "Address": "улица имени П.М. Гаврилова, 100", "lat": 45.053404, "long": 38.984629, "population": 39000.0, "Pedestrian traffic": 95000.0, "car traffic": 51000.0, "poi_count": 97 }, "geometry": { "type": "Point", "coordinates": [ 38.984629, 45.053404 ] } },
{ "type": "Feature", "properties": { "ID": 50007884, "Address": "улица имени 40-летия Победы, 10", "lat": 45.054359, "long": 38.993432, "population": 25000.0, "Pedestrian traffic": 52000.0, "car traffic": 41000.0, "poi_count": 36 }, "geometry": { "type": "Point", "coordinates": [ 38.993432, 45.054359 ] } },
{ "type": "Feature", "properties": { "ID": 101224, "Address": "улица Юннатов, 19", "lat": 45.050933, "long": 38.99575, "population": 25000.0, "Pedestrian traffic": 52000.0, "car traffic": 41000.0, "poi_count": 19 }, "geometry": { "type": "Point", "coordinates": [ 38.99575, 45.050933 ] } },
{ "type": "Feature", "properties": { "ID": 50000763, "Address": "Украинская улица, 15А", "lat": 45.047329, "long": 38.996073, "population": 25000.0, "Pedestrian traffic": 52000.0, "car traffic": 41000.0, "poi_count": 19 }, "geometry": { "type": "Point", "coordinates": [ 38.996073, 45.047329 ] } },
{ "type": "Feature", "properties": { "ID": 50017787, "Address": "улица Коммунаров, 227", "lat": 45.049259, "long": 38.982814, "population": 39000.0, "Pedestrian traffic": 95000.0, "car traffic": 51000.0, "poi_count": 130 }, "geometry": { "type": "Point", "coordinates": [ 38.982814, 45.049259 ] } },
{ "type": "Feature", "properties": { "ID": 150043, "Address": "улица Коммунаров, 268/3", "lat": 45.04775, "long": 38.984781, "population": 39000.0, "Pedestrian traffic": 95000.0, "car traffic": 51000.0, "poi_count": 95 }, "geometry": { "type": "Point", "coordinates": [ 38.984781, 45.04775 ] } },
{ "type": "Feature", "properties": { "ID": 312025, "Address": "Промышленная улица, 19/1", "lat": 45.042139, "long": 38.986892, "population": 21000.0, "Pedestrian traffic": 95000.0, "car traffic": 52000.0, "poi_count": 30 }, "geometry": { "type": "Point", "coordinates": [ 38.986892, 45.042139 ] } },
{ "type": "Feature", "properties": { "ID": 172245, "Address": "улица Леваневского, 187", "lat": 45.040139, "long": 38.986829, "population": 21000.0, "Pedestrian traffic": 95000.0, "car traffic": 52000.0, "poi_count": 44 }, "geometry": { "type": "Point", "coordinates": [ 38.986829, 45.040139 ] } },
{ "type": "Feature", "properties": { "ID": 215440, "Address": "Колхозная улица, 5", "lat": 45.044406, "long": 38.993666, "population": 25000.0, "Pedestrian traffic": 52000.0, "car traffic": 41000.0, "poi_count": 19 }, "geometry": { "type": "Point", "coordinates": [ 38.993666, 45.044406 ] } },
{ "type": "Feature", "properties": { "ID": 114183, "Address": "Садовая улица, 161/2к2", "lat": 45.04254, "long": 38.993594, "population": 25000.0, "Pedestrian traffic": 52000.0, "car traffic": 41000.0, "poi_count": 27 }, "geometry": { "type": "Point", "coordinates": [ 38.993594, 45.04254 ] } },
{ "type": "Feature", "properties": { "ID": 50016730, "Address": "Садовая улица, 112", "lat": 45.040356, "long": 38.995211, "population": 25000.0, "Pedestrian traffic": 52000.0, "car traffic": 41000.0, "poi_count": 40 }, "geometry": { "type": "Point", "coordinates": [ 38.995211, 45.040356 ] } },
{ "type": "Feature", "properties": { "ID": 130439, "Address": "Березанская улица, 89", "lat": 45.039929, "long": 38.998606, "population": 25000.0, "Pedestrian traffic": 52000.0, "car traffic": 41000.0, "poi_count": 10 }, "geometry": { "type": "Point", "coordinates": [ 38.998606, 45.039929 ] } },
{ "type": "Feature", "properties": { "ID": 3090, "Address": "Промышленная улица, 49/2", "lat": 45.038751, "long": 39.003942, "population": 25000.0, "Pedestrian traffic": 52000.0, "car traffic": 41000.0, "poi_count": 12 }, "geometry": { "type": "Point", "coordinates": [ 39.003942, 45.038751 ] } },
{ "type": "Feature", "properties": { "ID": 335637, "Address": "Передовая улица, 65", "lat": 45.039114, "long": 39.008605, "population": 25000.0, "Pedestrian traffic": 52000.0, "car traffic": 41000.0, "poi_count": 9 }, "geometry": { "type": "Point", "coordinates": [ 39.008605, 45.039114 ] } },
{ "type": "Feature", "properties": { "ID": 50002697, "Address": "Московская улица, 2к1", "lat": 45.044062, "long": 39.002954, "population": 25000.0, "Pedestrian traffic": 52000.0, "car traffic": 41000.0, "poi_count": 7 }, "geometry": { "type": "Point", "coordinates": [ 39.002954, 45.044062 ] } },
{ "type": "Feature", "properties": { "ID": 316453, "Address": "микрорайон Любимово, 16", "lat": 45.079091, "long": 39.03868, "population": 45000.0, "Pedestrian traffic": 25000.0, "car traffic": 14000.0, "poi_count": 10 }, "geometry": { "type": "Point", "coordinates": [ 39.03868, 45.079091 ] } },
{ "type": "Feature", "properties": { "ID": 210485, "Address": "микрорайон Любимово, 16/1", "lat": 45.078194, "long": 39.038671, "population": 45000.0, "Pedestrian traffic": 25000.0, "car traffic": 14000.0, "poi_count": 16 }, "geometry": { "type": "Point", "coordinates": [ 39.038671, 45.078194 ] } },
{ "type": "Feature", "properties": { "ID": 311572, "Address": "улица имени Героя Николая Шевелёва, 17", "lat": 45.077175, "long": 39.038411, "population": 45000.0, "Pedestrian traffic": 25000.0, "car traffic": 14000.0, "poi_count": 26 }, "geometry": { "type": "Point", "coordinates": [ 39.038411, 45.077175 ] } },
{ "type": "Feature", "properties": { "ID": 50012866, "Address": "Боспорская улица, 12", "lat": 45.076532, "long": 39.036704, "population": 45000.0, "Pedestrian traffic": 25000.0, "car traffic": 14000.0, "poi_count": 25 }, "geometry": { "type": "Point", "coordinates": [ 39.036704, 45.076532 ] } },
{ "type": "Feature", "properties": { "ID": 161349, "Address": "улица имени Героя Николая Шевелёва, 5", "lat": 45.075177, "long": 39.038456, "population": 45000.0, "Pedestrian traffic": 25000.0, "car traffic": 14000.0, "poi_count": 43 }, "geometry": { "type": "Point", "coordinates": [ 39.038456, 45.075177 ] } },
{ "type": "Feature", "properties": { "ID": 127390, "Address": "Боспорская улица, 8", "lat": 45.075145, "long": 39.036659, "population": 45000.0, "Pedestrian traffic": 25000.0, "car traffic": 14000.0, "poi_count": 32 }, "geometry": { "type": "Point", "coordinates": [ 39.036659, 45.075145 ] } },
{ "type": "Feature", "properties": { "ID": 306761, "Address": "микрорайон Любимово, 18", "lat": 45.079091, "long": 39.043324, "population": 45000.0, "Pedestrian traffic": 25000.0, "car traffic": 14000.0, "poi_count": 10 }, "geometry": { "type": "Point", "coordinates": [ 39.043324, 45.079091 ] } },
{ "type": "Feature", "properties": { "ID": 50015544, "Address": "микрорайон Любимово, 18", "lat": 45.079091, "long": 39.043324, "population": 45000.0, "Pedestrian traffic": 25000.0, "car traffic": 14000.0, "poi_count": 10 }, "geometry": { "type": "Point", "coordinates": [ 39.043324, 45.079091 ] } },
{ "type": "Feature", "properties": { "ID": 309346, "Address": "улица имени Героя Георгия Бочарникова, 14/1", "lat": 45.076774, "long": 39.043711, "population": 45000.0, "Pedestrian traffic": 25000.0, "car traffic": 14000.0, "poi_count": 14 }, "geometry": { "type": "Point", "coordinates": [ 39.043711, 45.076774 ] } },
{ "type": "Feature", "properties": { "ID": 212022, "Address": "улица имени Героя Георгия Бочарникова, 12/2", "lat": 45.076119, "long": 39.043639, "population": 45000.0, "Pedestrian traffic": 25000.0, "car traffic": 14000.0, "poi_count": 17 }, "geometry": { "type": "Point", "coordinates": [ 39.043639, 45.076119 ] } },
{ "type": "Feature", "properties": { "ID": 307327, "Address": "улица имени Героя Георгия Бочарникова, 8/1", "lat": 45.074967, "long": 39.042821, "population": 45000.0, "Pedestrian traffic": 25000.0, "car traffic": 14000.0, "poi_count": 23 }, "geometry": { "type": "Point", "coordinates": [ 39.042821, 45.074967 ] } },
{ "type": "Feature", "properties": { "ID": 311374, "Address": "улица имени Героя Георгия Бочарникова, 4к2", "lat": 45.073891, "long": 39.042723, "population": 45000.0, "Pedestrian traffic": 25000.0, "car traffic": 14000.0, "poi_count": 27 }, "geometry": { "type": "Point", "coordinates": [ 39.042723, 45.073891 ] } },
{ "type": "Feature", "properties": { "ID": 161349, "Address": "улица имени Героя Николая Шевелёва, 5", "lat": 45.075177, "long": 39.038456, "population": 45000.0, "Pedestrian traffic": 25000.0, "car traffic": 14000.0, "poi_count": 43 }, "geometry": { "type": "Point", "coordinates": [ 39.038456, 45.075177 ] } },
{ "type": "Feature", "properties": { "ID": 211003, "Address": "улица им. Героя Яцкова И.В., 1/10\n", "lat": 45.073846, "long": 39.040764, "population": 45000.0, "Pedestrian traffic": 25000.0, "car traffic": 14000.0, "poi_count": 58 }, "geometry": { "type": "Point", "coordinates": [ 39.040764, 45.073846 ] } },
{ "type": "Feature", "properties": { "ID": 50015044, "Address": "улица имени Героя Георгия Бочарникова, 3", "lat": 45.072834, "long": 39.040234, "population": 45000.0, "Pedestrian traffic": 25000.0, "car traffic": 14000.0, "poi_count": 68 }, "geometry": { "type": "Point", "coordinates": [ 39.040234, 45.072834 ] } },
{ "type": "Feature", "properties": { "ID": 50011632, "Address": "Домбайская улица, 63", "lat": 45.073165, "long": 39.038501, "population": 45000.0, "Pedestrian traffic": 25000.0, "car traffic": 14000.0, "poi_count": 67 }, "geometry": { "type": "Point", "coordinates": [ 39.038501, 45.073165 ] } },
{ "type": "Feature", "properties": { "ID": 127750, "Address": "Боспорская улица, 2", "lat": 45.073375, "long": 39.036713, "population": 45000.0, "Pedestrian traffic": 25000.0, "car traffic": 14000.0, "poi_count": 49 }, "geometry": { "type": "Point", "coordinates": [ 39.036713, 45.073375 ] } },
{ "type": "Feature", "properties": { "ID": 50016159, "Address": "Домбайская улица, 55", "lat": 45.072802, "long": 39.03594, "population": 45000.0, "Pedestrian traffic": 25000.0, "car traffic": 14000.0, "poi_count": 46 }, "geometry": { "type": "Point", "coordinates": [ 39.03594, 45.072802 ] } },
{ "type": "Feature", "properties": { "ID": 209219, "Address": "Домбайская улица, 55к3", "lat": 45.071841, "long": 39.035886, "population": 45000.0, "Pedestrian traffic": 25000.0, "car traffic": 14000.0, "poi_count": 73 }, "geometry": { "type": "Point", "coordinates": [ 39.035886, 45.071841 ] } },
{ "type": "Feature", "properties": { "ID": 3196, "Address": "улица им. Героя Яцкова И.В., 9к3", "lat": 45.070867, "long": 39.038114, "population": 45000.0, "Pedestrian traffic": 25000.0, "car traffic": 14000.0, "poi_count": 101 }, "geometry": { "type": "Point", "coordinates": [ 39.038114, 45.070867 ] } },
{ "type": "Feature", "properties": { "ID": 147663, "Address": "улица им. Героя Яцкова И.В., 15к1", "lat": 45.070848, "long": 39.039066, "population": 45000.0, "Pedestrian traffic": 25000.0, "car traffic": 14000.0, "poi_count": 101 }, "geometry": { "type": "Point", "coordinates": [ 39.039066, 45.070848 ] } },
{ "type": "Feature", "properties": { "ID": 212422, "Address": "улица им. Героя Яцкова И.В., 15к2", "lat": 45.070855, "long": 39.040135, "population": 45000.0, "Pedestrian traffic": 25000.0, "car traffic": 14000.0, "poi_count": 93 }, "geometry": { "type": "Point", "coordinates": [ 39.040135, 45.070855 ] } },
{ "type": "Feature", "properties": { "ID": 50007531, "Address": "улица им. Героя Яцкова И.В., 17к1", "lat": 45.070982, "long": 39.040692, "population": 45000.0, "Pedestrian traffic": 25000.0, "car traffic": 14000.0, "poi_count": 96 }, "geometry": { "type": "Point", "coordinates": [ 39.040692, 45.070982 ] } },
{ "type": "Feature", "properties": { "ID": 215390, "Address": "улица им. Героя Яцкова И.В., 19к1", "lat": 45.070065, "long": 39.041474, "population": 45000.0, "Pedestrian traffic": 25000.0, "car traffic": 14000.0, "poi_count": 74 }, "geometry": { "type": "Point", "coordinates": [ 39.041474, 45.070065 ] } },
{ "type": "Feature", "properties": { "ID": 308828, "Address": "улица им. Героя Яцкова И.В., 19к2", "lat": 45.070969, "long": 39.042588, "population": 45000.0, "Pedestrian traffic": 25000.0, "car traffic": 14000.0, "poi_count": 44 }, "geometry": { "type": "Point", "coordinates": [ 39.042588, 45.070969 ] } },
{ "type": "Feature", "properties": { "ID": 50007876, "Address": "Константиновская улица, 5", "lat": 45.072777, "long": 39.0499, "population": 45000.0, "Pedestrian traffic": 25000.0, "car traffic": 14000.0, "poi_count": 0 }, "geometry": { "type": "Point", "coordinates": [ 39.0499, 45.072777 ] } },
{ "type": "Feature", "properties": { "ID": 50005821, "Address": "улица Генерал-лейтенанта Александра Сапрунова, 37к1сА", "lat": 45.070027, "long": 39.069654, "population": 6500.0, "Pedestrian traffic": 2200.0, "car traffic": 2400.0, "poi_count": 4 }, "geometry": { "type": "Point", "coordinates": [ 39.069654, 45.070027 ] } },
{ "type": "Feature", "properties": { "ID": 50022734, "Address": "улица имени 75-летия Победы, 26/1", "lat": 45.071529, "long": 39.069627, "population": 6500.0, "Pedestrian traffic": 2200.0, "car traffic": 2400.0, "poi_count": 4 }, "geometry": { "type": "Point", "coordinates": [ 39.069627, 45.071529 ] } },
{ "type": "Feature", "properties": { "ID": 50008516, "Address": "улица имени 75-летия Победы, 26/1", "lat": 45.070174, "long": 39.066851, "population": 6500.0, "Pedestrian traffic": 2200.0, "car traffic": 2400.0, "poi_count": 4 }, "geometry": { "type": "Point", "coordinates": [ 39.066851, 45.070174 ] } },
{ "type": "Feature", "properties": { "ID": 308733, "Address": "улица имени Героя Советского Союза Дмитрия Мирошниченко, 41", "lat": 45.066335, "long": 39.06386, "population": 18000.0, "Pedestrian traffic": 14000.0, "car traffic": 9500.0, "poi_count": 2 }, "geometry": { "type": "Point", "coordinates": [ 39.06386, 45.066335 ] } },
{ "type": "Feature", "properties": { "ID": 50005386, "Address": "улица Генерал-лейтенанта Александра Сапрунова, 13", "lat": 45.065864, "long": 39.06183, "population": 18000.0, "Pedestrian traffic": 14000.0, "car traffic": 9500.0, "poi_count": 3 }, "geometry": { "type": "Point", "coordinates": [ 39.06183, 45.065864 ] } },
{ "type": "Feature", "properties": { "ID": 323014, "Address": "улица имени Героя Советского Союза Якова Кобзаря, 2", "lat": 45.06454, "long": 39.060078, "population": 18000.0, "Pedestrian traffic": 14000.0, "car traffic": 9500.0, "poi_count": 3 }, "geometry": { "type": "Point", "coordinates": [ 39.060078, 45.06454 ] } },
{ "type": "Feature", "properties": { "ID": 215599, "Address": "улица имени Героя Советского Союза Якова Кобзаря, 1", "lat": 45.064304, "long": 39.058497, "population": 18000.0, "Pedestrian traffic": 14000.0, "car traffic": 9500.0, "poi_count": 3 }, "geometry": { "type": "Point", "coordinates": [ 39.058497, 45.064304 ] } },
{ "type": "Feature", "properties": { "ID": 160807, "Address": "улица имени Героя Советского Союза Николая Воробьёва, 11", "lat": 45.062095, "long": 39.056629, "population": 18000.0, "Pedestrian traffic": 14000.0, "car traffic": 9500.0, "poi_count": 2 }, "geometry": { "type": "Point", "coordinates": [ 39.056629, 45.062095 ] } },
{ "type": "Feature", "properties": { "ID": 163510, "Address": "улица имени Героя Советского Союза Николая Воробьёва, 9", "lat": 45.062534, "long": 39.055883, "population": 18000.0, "Pedestrian traffic": 14000.0, "car traffic": 9500.0, "poi_count": 2 }, "geometry": { "type": "Point", "coordinates": [ 39.055883, 45.062534 ] } },
{ "type": "Feature", "properties": { "ID": 50006280, "Address": "Лиственная улица, 2/6", "lat": 45.058644, "long": 39.048687, "population": 18000.0, "Pedestrian traffic": 14000.0, "car traffic": 9500.0, "poi_count": 1 }, "geometry": { "type": "Point", "coordinates": [ 39.048687, 45.058644 ] } },
{ "type": "Feature", "properties": { "ID": 314947, "Address": "улица Генерала Трошева, 11", "lat": 45.052258, "long": 39.0423, "population": 25000.0, "Pedestrian traffic": 41000.0, "car traffic": 42000.0, "poi_count": 8 }, "geometry": { "type": "Point", "coordinates": [ 39.0423, 45.052258 ] } },
{ "type": "Feature", "properties": { "ID": 315195, "Address": "улица Героя Владислава Посадского, 28", "lat": 45.054366, "long": 39.04027, "population": 18000.0, "Pedestrian traffic": 14000.0, "car traffic": 9500.0, "poi_count": 23 }, "geometry": { "type": "Point", "coordinates": [ 39.04027, 45.054366 ] } },
{ "type": "Feature", "properties": { "ID": 162108, "Address": "улица имени 40-летия Победы, 188", "lat": 45.055849, "long": 39.041088, "population": 18000.0, "Pedestrian traffic": 14000.0, "car traffic": 9500.0, "poi_count": 19 }, "geometry": { "type": "Point", "coordinates": [ 39.041088, 45.055849 ] } },
{ "type": "Feature", "properties": { "ID": 320500, "Address": "улица имени 40-летия Победы, 143", "lat": 45.056753, "long": 39.03815, "population": 18000.0, "Pedestrian traffic": 14000.0, "car traffic": 9500.0, "poi_count": 41 }, "geometry": { "type": "Point", "coordinates": [ 39.03815, 45.056753 ] } },
{ "type": "Feature", "properties": { "ID": 50014582, "Address": "улица Героя Владислава Посадского, 17к1", "lat": 45.052016, "long": 39.038312, "population": 25000.0, "Pedestrian traffic": 41000.0, "car traffic": 42000.0, "poi_count": 14 }, "geometry": { "type": "Point", "coordinates": [ 39.038312, 45.052016 ] } },
{ "type": "Feature", "properties": { "ID": 218396, "Address": "улица имени 40-летия Победы, 184к1", "lat": 45.055066, "long": 39.035491, "population": 25000.0, "Pedestrian traffic": 41000.0, "car traffic": 42000.0, "poi_count": 55 }, "geometry": { "type": "Point", "coordinates": [ 39.035491, 45.055066 ] } },
{ "type": "Feature", "properties": { "ID": 50007243, "Address": "улица Героев-Разведчиков, 6к1", "lat": 45.04775, "long": 39.034368, "population": 25000.0, "Pedestrian traffic": 41000.0, "car traffic": 42000.0, "poi_count": 44 }, "geometry": { "type": "Point", "coordinates": [ 39.034368, 45.04775 ] } },
{ "type": "Feature", "properties": { "ID": 144597, "Address": "улица имени Жлобы, 139", "lat": 45.046571, "long": 39.030847, "population": 25000.0, "Pedestrian traffic": 41000.0, "car traffic": 42000.0, "poi_count": 97 }, "geometry": { "type": "Point", "coordinates": [ 39.030847, 45.046571 ] } },
{ "type": "Feature", "properties": { "ID": 159616, "Address": "Восточно-Кругликовская улица, 22/2", "lat": 45.047775, "long": 39.02914, "population": 25000.0, "Pedestrian traffic": 41000.0, "car traffic": 42000.0, "poi_count": 101 }, "geometry": { "type": "Point", "coordinates": [ 39.02914, 45.047775 ] } },
{ "type": "Feature", "properties": { "ID": 50006544, "Address": "Восточно-Кругликовская улица, 22", "lat": 45.047762, "long": 39.027334, "population": 25000.0, "Pedestrian traffic": 41000.0, "car traffic": 42000.0, "poi_count": 100 }, "geometry": { "type": "Point", "coordinates": [ 39.027334, 45.047762 ] } },
{ "type": "Feature", "properties": { "ID": 50014990, "Address": "Восточно-Кругликовская улица, 26", "lat": 45.049029, "long": 39.028107, "population": 25000.0, "Pedestrian traffic": 41000.0, "car traffic": 42000.0, "poi_count": 91 }, "geometry": { "type": "Point", "coordinates": [ 39.028107, 45.049029 ] } },
{ "type": "Feature", "properties": { "ID": 102332, "Address": "Восточно-Кругликовская улица, 28", "lat": 45.04908, "long": 39.029499, "population": 25000.0, "Pedestrian traffic": 41000.0, "car traffic": 42000.0, "poi_count": 104 }, "geometry": { "type": "Point", "coordinates": [ 39.029499, 45.04908 ] } },
{ "type": "Feature", "properties": { "ID": 50019620, "Address": "Восточно-Кругликовская улица, 28/2", "lat": 45.049087, "long": 39.030892, "population": 25000.0, "Pedestrian traffic": 41000.0, "car traffic": 42000.0, "poi_count": 93 }, "geometry": { "type": "Point", "coordinates": [ 39.030892, 45.049087 ] } },
{ "type": "Feature", "properties": { "ID": 304381, "Address": "Восточно-Кругликовская улица, 28/3", "lat": 45.048221, "long": 39.0317, "population": 25000.0, "Pedestrian traffic": 41000.0, "car traffic": 42000.0, "poi_count": 81 }, "geometry": { "type": "Point", "coordinates": [ 39.0317, 45.048221 ] } },
{ "type": "Feature", "properties": { "ID": 50007243, "Address": "улица Героев-Разведчиков, 6к1", "lat": 45.04775, "long": 39.034368, "population": 25000.0, "Pedestrian traffic": 41000.0, "car traffic": 42000.0, "poi_count": 44 }, "geometry": { "type": "Point", "coordinates": [ 39.034368, 45.04775 ] } },
{ "type": "Feature", "properties": { "ID": 215971, "Address": "Восточно-Кругликовская улица, 30/2", "lat": 45.049864, "long": 39.031242, "population": 25000.0, "Pedestrian traffic": 41000.0, "car traffic": 42000.0, "poi_count": 80 }, "geometry": { "type": "Point", "coordinates": [ 39.031242, 45.049864 ] } },
{ "type": "Feature", "properties": { "ID": 157827, "Address": "улица Героев-Разведчиков, 8к1", "lat": 45.050099, "long": 39.034278, "population": 25000.0, "Pedestrian traffic": 41000.0, "car traffic": 42000.0, "poi_count": 42 }, "geometry": { "type": "Point", "coordinates": [ 39.034278, 45.050099 ] } },
{ "type": "Feature", "properties": { "ID": 208335, "Address": "улица им. Героя Сарабеева В.И., 9", "lat": 45.051831, "long": 39.033227, "population": 25000.0, "Pedestrian traffic": 41000.0, "car traffic": 42000.0, "poi_count": 49 }, "geometry": { "type": "Point", "coordinates": [ 39.033227, 45.051831 ] } },
{ "type": "Feature", "properties": { "ID": 140119, "Address": "улица Героев-Разведчиков, 12/1к1", "lat": 45.053009, "long": 39.033739, "population": 25000.0, "Pedestrian traffic": 41000.0, "car traffic": 42000.0, "poi_count": 54 }, "geometry": { "type": "Point", "coordinates": [ 39.033739, 45.053009 ] } },
{ "type": "Feature", "properties": { "ID": 127171, "Address": "Восточно-Кругликовская улица, 34", "lat": 45.051245, "long": 39.029194, "population": 25000.0, "Pedestrian traffic": 41000.0, "car traffic": 42000.0, "poi_count": 72 }, "geometry": { "type": "Point", "coordinates": [ 39.029194, 45.051245 ] } },
{ "type": "Feature", "properties": { "ID": 309655, "Address": "улица им. Героя Сарабеева В.И., 3", "lat": 45.051914, "long": 39.029643, "population": 25000.0, "Pedestrian traffic": 41000.0, "car traffic": 42000.0, "poi_count": 62 }, "geometry": { "type": "Point", "coordinates": [ 39.029643, 45.051914 ] } },
{ "type": "Feature", "properties": { "ID": 321022, "Address": "Восточно-Кругликовская улица, 42/3к1\n", "lat": 45.052716, "long": 39.028781, "population": 25000.0, "Pedestrian traffic": 41000.0, "car traffic": 42000.0, "poi_count": 54 }, "geometry": { "type": "Point", "coordinates": [ 39.028781, 45.052716 ] } },
{ "type": "Feature", "properties": { "ID": 50003801, "Address": "улица им. Героя Сарабеева В.И., 5к1", "lat": 45.053219, "long": 39.029616, "population": 25000.0, "Pedestrian traffic": 41000.0, "car traffic": 42000.0, "poi_count": 62 }, "geometry": { "type": "Point", "coordinates": [ 39.029616, 45.053219 ] } },
{ "type": "Feature", "properties": { "ID": 140527, "Address": "улица им. Героя Сарабеева В.И., 5к2", "lat": 45.053156, "long": 39.030649, "population": 25000.0, "Pedestrian traffic": 41000.0, "car traffic": 42000.0, "poi_count": 57 }, "geometry": { "type": "Point", "coordinates": [ 39.030649, 45.053156 ] } },
{ "type": "Feature", "properties": { "ID": 217423, "Address": "улица им. Героя Сарабеева В.И., 5к5", "lat": 45.054168, "long": 39.031601, "population": 25000.0, "Pedestrian traffic": 41000.0, "car traffic": 42000.0, "poi_count": 60 }, "geometry": { "type": "Point", "coordinates": [ 39.031601, 45.054168 ] } },
{ "type": "Feature", "properties": { "ID": 141797, "Address": "улица им. Героя Сарабеева В.И., 5к3", "lat": 45.054022, "long": 39.02958, "population": 25000.0, "Pedestrian traffic": 41000.0, "car traffic": 42000.0, "poi_count": 68 }, "geometry": { "type": "Point", "coordinates": [ 39.02958, 45.054022 ] } },
{ "type": "Feature", "properties": { "ID": 202530, "Address": "улица имени 40-летия Победы, 178к2", "lat": 45.054658, "long": 39.03214, "population": 25000.0, "Pedestrian traffic": 41000.0, "car traffic": 42000.0, "poi_count": 64 }, "geometry": { "type": "Point", "coordinates": [ 39.03214, 45.054658 ] } },
{ "type": "Feature", "properties": { "ID": 140119, "Address": "улица Героев-Разведчиков, 12/1к1", "lat": 45.053009, "long": 39.033739, "population": 25000.0, "Pedestrian traffic": 41000.0, "car traffic": 42000.0, "poi_count": 54 }, "geometry": { "type": "Point", "coordinates": [ 39.033739, 45.053009 ] } },
{ "type": "Feature", "properties": { "ID": 208335, "Address": "улица им. Героя Сарабеева В.И., 9", "lat": 45.051831, "long": 39.033227, "population": 25000.0, "Pedestrian traffic": 41000.0, "car traffic": 42000.0, "poi_count": 49 }, "geometry": { "type": "Point", "coordinates": [ 39.033227, 45.051831 ] } },
{ "type": "Feature", "properties": { "ID": 350046, "Address": "улица имени 40-летия Победы, 125", "lat": 45.056282, "long": 39.031404, "population": 85000.0, "Pedestrian traffic": 78000.0, "car traffic": 34000.0, "poi_count": 66 }, "geometry": { "type": "Point", "coordinates": [ 39.031404, 45.056282 ] } },
{ "type": "Feature", "properties": { "ID": 2454, "Address": "улица имени 40-летия Победы, 129", "lat": 45.056282, "long": 39.032679, "population": 85000.0, "Pedestrian traffic": 78000.0, "car traffic": 34000.0, "poi_count": 64 }, "geometry": { "type": "Point", "coordinates": [ 39.032679, 45.056282 ] } },
{ "type": "Feature", "properties": { "ID": 50007483, "Address": "улица Героев-Разведчиков, 22", "lat": 45.056785, "long": 39.034207, "population": 85000.0, "Pedestrian traffic": 78000.0, "car traffic": 34000.0, "poi_count": 58 }, "geometry": { "type": "Point", "coordinates": [ 39.034207, 45.056785 ] } },
{ "type": "Feature", "properties": { "ID": 50013391, "Address": "улица Героев-Разведчиков, 21/2", "lat": 45.057568, "long": 39.032401, "population": 85000.0, "Pedestrian traffic": 78000.0, "car traffic": 34000.0, "poi_count": 62 }, "geometry": { "type": "Point", "coordinates": [ 39.032401, 45.057568 ] } },
{ "type": "Feature", "properties": { "ID": 141500, "Address": "улица имени 40-летия Победы, 109", "lat": 45.057861, "long": 39.030083, "population": 85000.0, "Pedestrian traffic": 78000.0, "car traffic": 34000.0, "poi_count": 63 }, "geometry": { "type": "Point", "coordinates": [ 39.030083, 45.057861 ] } },
{ "type": "Feature", "properties": { "ID": 50022479, "Address": "улица имени 40-летия Победы, 97/1", "lat": 45.058084, "long": 39.028601, "population": 85000.0, "Pedestrian traffic": 78000.0, "car traffic": 34000.0, "poi_count": 47 }, "geometry": { "type": "Point", "coordinates": [ 39.028601, 45.058084 ] } },
{ "type": "Feature", "properties": { "ID": 50014102, "Address": "Восточно-Кругликовская улица, 46/А", "lat": 45.057753, "long": 39.026301, "population": 85000.0, "Pedestrian traffic": 78000.0, "car traffic": 34000.0, "poi_count": 66 }, "geometry": { "type": "Point", "coordinates": [ 39.026301, 45.057753 ] } },
{ "type": "Feature", "properties": { "ID": 158526, "Address": "улица Героев-Разведчиков, 17", "lat": 45.058371, "long": 39.035904, "population": 85000.0, "Pedestrian traffic": 78000.0, "car traffic": 34000.0, "poi_count": 35 }, "geometry": { "type": "Point", "coordinates": [ 39.035904, 45.058371 ] } },
{ "type": "Feature", "properties": { "ID": 332239, "Address": "улица Героя Владислава Посадского, 53", "lat": 45.059396, "long": 39.03709, "population": 85000.0, "Pedestrian traffic": 78000.0, "car traffic": 34000.0, "poi_count": 32 }, "geometry": { "type": "Point", "coordinates": [ 39.03709, 45.059396 ] } },
{ "type": "Feature", "properties": { "ID": 144894, "Address": "улица Героя Владислава Посадского, 42", "lat": 45.059841, "long": 39.040908, "population": 18000.0, "Pedestrian traffic": 14000.0, "car traffic": 9500.0, "poi_count": 14 }, "geometry": { "type": "Point", "coordinates": [ 39.040908, 45.059841 ] } },
{ "type": "Feature", "properties": { "ID": 209189, "Address": "улица Героя А.А. Аверкиева, 21", "lat": 45.062216, "long": 39.040863, "population": 18000.0, "Pedestrian traffic": 14000.0, "car traffic": 9500.0, "poi_count": 12 }, "geometry": { "type": "Point", "coordinates": [ 39.040863, 45.062216 ] } },
{ "type": "Feature", "properties": { "ID": 218320, "Address": "улица Генерала Трошева, 35", "lat": 45.064896, "long": 39.04098, "population": 18000.0, "Pedestrian traffic": 14000.0, "car traffic": 9500.0, "poi_count": 17 }, "geometry": { "type": "Point", "coordinates": [ 39.04098, 45.064896 ] } },
{ "type": "Feature", "properties": { "ID": 50014731, "Address": "улица Генерала Трошева, 47", "lat": 45.068499, "long": 39.040719, "population": 18000.0, "Pedestrian traffic": 14000.0, "car traffic": 9500.0, "poi_count": 76 }, "geometry": { "type": "Point", "coordinates": [ 39.040719, 45.068499 ] } },
{ "type": "Feature", "properties": { "ID": 141130, "Address": "улица им. Героя Яцкова И.В., 28", "lat": 45.068518, "long": 39.039462, "population": 85000.0, "Pedestrian traffic": 78000.0, "car traffic": 34000.0, "poi_count": 85 }, "geometry": { "type": "Point", "coordinates": [ 39.039462, 45.068518 ] } },
{ "type": "Feature", "properties": { "ID": 125938, "Address": "улица Героя А.А. Аверкиева, 30", "lat": 45.060898, "long": 39.037243, "population": 85000.0, "Pedestrian traffic": 78000.0, "car traffic": 34000.0, "poi_count": 30 }, "geometry": { "type": "Point", "coordinates": [ 39.037243, 45.060898 ] } },
{ "type": "Feature", "properties": { "ID": 159387, "Address": "улица Героев-Разведчиков, 28", "lat": 45.060854, "long": 39.034269, "population": 85000.0, "Pedestrian traffic": 78000.0, "car traffic": 34000.0, "poi_count": 24 }, "geometry": { "type": "Point", "coordinates": [ 39.034269, 45.060854 ] } },
{ "type": "Feature", "properties": { "ID": 306519, "Address": "улица Героя А.А. Аверкиева, 24", "lat": 45.06023, "long": 39.033497, "population": 85000.0, "Pedestrian traffic": 78000.0, "car traffic": 34000.0, "poi_count": 26 }, "geometry": { "type": "Point", "coordinates": [ 39.033497, 45.06023 ] } },
{ "type": "Feature", "properties": { "ID": 163662, "Address": "улица Героя А.А. Аверкиева, 20", "lat": 45.060236, "long": 39.032149, "population": 85000.0, "Pedestrian traffic": 78000.0, "car traffic": 34000.0, "poi_count": 23 }, "geometry": { "type": "Point", "coordinates": [ 39.032149, 45.060236 ] } },
{ "type": "Feature", "properties": { "ID": 162057, "Address": "улица Героя А.А. Аверкиева, 8", "lat": 45.060211, "long": 39.029302, "population": 85000.0, "Pedestrian traffic": 78000.0, "car traffic": 34000.0, "poi_count": 33 }, "geometry": { "type": "Point", "coordinates": [ 39.029302, 45.060211 ] } },
{ "type": "Feature", "properties": { "ID": 309168, "Address": "улица Героя А.А. Аверкиева, 4", "lat": 45.061127, "long": 39.027855, "population": 85000.0, "Pedestrian traffic": 78000.0, "car traffic": 34000.0, "poi_count": 23 }, "geometry": { "type": "Point", "coordinates": [ 39.027855, 45.061127 ] } },
{ "type": "Feature", "properties": { "ID": 124813, "Address": "улица Героя А.А. Аверкиева, 1", "lat": 45.061758, "long": 39.026301, "population": 85000.0, "Pedestrian traffic": 78000.0, "car traffic": 34000.0, "poi_count": 23 }, "geometry": { "type": "Point", "coordinates": [ 39.026301, 45.061758 ] } },
{ "type": "Feature", "properties": { "ID": 159164, "Address": "улица Героя А.А. Аверкиева, 15", "lat": 45.06228, "long": 39.037288, "population": 85000.0, "Pedestrian traffic": 78000.0, "car traffic": 34000.0, "poi_count": 26 }, "geometry": { "type": "Point", "coordinates": [ 39.037288, 45.06228 ] } },
{ "type": "Feature", "properties": { "ID": 208296, "Address": "улица Героев-Разведчиков, 34", "lat": 45.063126, "long": 39.034117, "population": 85000.0, "Pedestrian traffic": 78000.0, "car traffic": 34000.0, "poi_count": 26 }, "geometry": { "type": "Point", "coordinates": [ 39.034117, 45.063126 ] } },
{ "type": "Feature", "properties": { "ID": 50022919, "Address": "улица Героев-Разведчиков, 23/1", "lat": 45.063699, "long": 39.036928, "population": 85000.0, "Pedestrian traffic": 78000.0, "car traffic": 34000.0, "poi_count": 34 }, "geometry": { "type": "Point", "coordinates": [ 39.036928, 45.063699 ] } },
{ "type": "Feature", "properties": { "ID": 159923, "Address": "улица Героя Владислава Посадского, 69", "lat": 45.064559, "long": 39.038572, "population": 85000.0, "Pedestrian traffic": 78000.0, "car traffic": 34000.0, "poi_count": 34 }, "geometry": { "type": "Point", "coordinates": [ 39.038572, 45.064559 ] } },
{ "type": "Feature", "properties": { "ID": 124049, "Address": "улица Героя Владислава Посадского, 69", "lat": 45.064559, "long": 39.038572, "population": 85000.0, "Pedestrian traffic": 78000.0, "car traffic": 34000.0, "poi_count": 34 }, "geometry": { "type": "Point", "coordinates": [ 39.038572, 45.064559 ] } },
{ "type": "Feature", "properties": { "ID": 306446, "Address": "Черкасская улица, 62А", "lat": 45.065431, "long": 39.037243, "population": 85000.0, "Pedestrian traffic": 78000.0, "car traffic": 34000.0, "poi_count": 39 }, "geometry": { "type": "Point", "coordinates": [ 39.037243, 45.065431 ] } },
{ "type": "Feature", "properties": { "ID": 111541, "Address": "Черкасская улица, 58", "lat": 45.064909, "long": 39.032518, "population": 85000.0, "Pedestrian traffic": 78000.0, "car traffic": 34000.0, "poi_count": 35 }, "geometry": { "type": "Point", "coordinates": [ 39.032518, 45.064909 ] } },
{ "type": "Feature", "properties": { "ID": 159614, "Address": "Черкасская улица, 129/1", "lat": 45.06636, "long": 39.035815, "population": 85000.0, "Pedestrian traffic": 78000.0, "car traffic": 34000.0, "poi_count": 44 }, "geometry": { "type": "Point", "coordinates": [ 39.035815, 45.06636 ] } },
{ "type": "Feature", "properties": { "ID": 50015381, "Address": "улица им. Героя Яцкова И.В., 16", "lat": 45.068398, "long": 39.03577, "population": 85000.0, "Pedestrian traffic": 78000.0, "car traffic": 34000.0, "poi_count": 70 }, "geometry": { "type": "Point", "coordinates": [ 39.03577, 45.068398 ] } },
{ "type": "Feature", "properties": { "ID": 50006036, "Address": "Домбайская улица, 55к6", "lat": 45.069874, "long": 39.035743, "population": 85000.0, "Pedestrian traffic": 78000.0, "car traffic": 34000.0, "poi_count": 81 }, "geometry": { "type": "Point", "coordinates": [ 39.035743, 45.069874 ] } },
{ "type": "Feature", "properties": { "ID": 320592, "Address": "улица им. Героя Яцкова И.В., 14", "lat": 45.068614, "long": 39.032832, "population": 85000.0, "Pedestrian traffic": 78000.0, "car traffic": 34000.0, "poi_count": 33 }, "geometry": { "type": "Point", "coordinates": [ 39.032832, 45.068614 ] } },
{ "type": "Feature", "properties": { "ID": 50006952, "Address": "Черкасская улица, 109", "lat": 45.067341, "long": 39.031521, "population": 85000.0, "Pedestrian traffic": 78000.0, "car traffic": 34000.0, "poi_count": 36 }, "geometry": { "type": "Point", "coordinates": [ 39.031521, 45.067341 ] } },
{ "type": "Feature", "properties": { "ID": 50014963, "Address": "Домбайская улица, 12", "lat": 45.071797, "long": 39.031431, "population": 85000.0, "Pedestrian traffic": 78000.0, "car traffic": 34000.0, "poi_count": 13 }, "geometry": { "type": "Point", "coordinates": [ 39.031431, 45.071797 ] } },
{ "type": "Feature", "properties": { "ID": 160311, "Address": "Домбайская улица, 10/1к1", "lat": 45.071103, "long": 39.029967, "population": 85000.0, "Pedestrian traffic": 78000.0, "car traffic": 34000.0, "poi_count": 21 }, "geometry": { "type": "Point", "coordinates": [ 39.029967, 45.071103 ] } },
{ "type": "Feature", "properties": { "ID": 303212, "Address": "Восточно-Кругликовская улица, 90", "lat": 45.069632, "long": 39.028466, "population": 85000.0, "Pedestrian traffic": 78000.0, "car traffic": 34000.0, "poi_count": 35 }, "geometry": { "type": "Point", "coordinates": [ 39.028466, 45.069632 ] } },
{ "type": "Feature", "properties": { "ID": 206949, "Address": "улица им. Героя Яцкова И.В., 2", "lat": 45.068372, "long": 39.027927, "population": 85000.0, "Pedestrian traffic": 78000.0, "car traffic": 34000.0, "poi_count": 43 }, "geometry": { "type": "Point", "coordinates": [ 39.027927, 45.068372 ] } },
{ "type": "Feature", "properties": { "ID": 169877, "Address": "Восточно-Кругликовская улица, 64", "lat": 45.068124, "long": 39.026733, "population": 85000.0, "Pedestrian traffic": 78000.0, "car traffic": 34000.0, "poi_count": 45 }, "geometry": { "type": "Point", "coordinates": [ 39.026733, 45.068124 ] } },
{ "type": "Feature", "properties": { "ID": 50008920, "Address": "Восточно-Кругликовская улица, 72", "lat": 45.070345, "long": 39.025214, "population": 85000.0, "Pedestrian traffic": 78000.0, "car traffic": 34000.0, "poi_count": 41 }, "geometry": { "type": "Point", "coordinates": [ 39.025214, 45.070345 ] } },
{ "type": "Feature", "properties": { "ID": 172437, "Address": "Восточно-Кругликовская улица, 65", "lat": 45.069862, "long": 39.024181, "population": 85000.0, "Pedestrian traffic": 78000.0, "car traffic": 34000.0, "poi_count": 42 }, "geometry": { "type": "Point", "coordinates": [ 39.024181, 45.069862 ] } },
{ "type": "Feature", "properties": { "ID": 102778, "Address": "Восточно-Кругликовская улица, 76/4", "lat": 45.070244, "long": 39.027236, "population": 85000.0, "Pedestrian traffic": 78000.0, "car traffic": 34000.0, "poi_count": 39 }, "geometry": { "type": "Point", "coordinates": [ 39.027236, 45.070244 ] } },
{ "type": "Feature", "properties": { "ID": 308003, "Address": "Черкасская улица, 49", "lat": 45.066787, "long": 39.024433, "population": 85000.0, "Pedestrian traffic": 78000.0, "car traffic": 34000.0, "poi_count": 50 }, "geometry": { "type": "Point", "coordinates": [ 39.024433, 45.066787 ] } },
{ "type": "Feature", "properties": { "ID": 112934, "Address": "улица 1 Мая, 278", "lat": 45.066641, "long": 39.02225, "population": 85000.0, "Pedestrian traffic": 78000.0, "car traffic": 34000.0, "poi_count": 49 }, "geometry": { "type": "Point", "coordinates": [ 39.02225, 45.066641 ] } },
{ "type": "Feature", "properties": { "ID": 50017741, "Address": "Яснополянская улица, 4/1", "lat": 45.07391, "long": 39.024343, "population": 85000.0, "Pedestrian traffic": 78000.0, "car traffic": 34000.0, "poi_count": 22 }, "geometry": { "type": "Point", "coordinates": [ 39.024343, 45.07391 ] } },
{ "type": "Feature", "properties": { "ID": 161731, "Address": "Вологодская улица, 11", "lat": 45.073738, "long": 39.021936, "population": 85000.0, "Pedestrian traffic": 78000.0, "car traffic": 34000.0, "poi_count": 20 }, "geometry": { "type": "Point", "coordinates": [ 39.021936, 45.073738 ] } },
{ "type": "Feature", "properties": { "ID": 313586, "Address": "Солнечная улица, 10", "lat": 45.071905, "long": 38.995911, "population": 25000.0, "Pedestrian traffic": 58000.0, "car traffic": 39000.0, "poi_count": 16 }, "geometry": { "type": "Point", "coordinates": [ 38.995911, 45.071905 ] } },
{ "type": "Feature", "properties": { "ID": 169598, "Address": "улица имени Николая Семеновича Котлярова, 30", "lat": 45.070568, "long": 39.013168, "population": 85000.0, "Pedestrian traffic": 78000.0, "car traffic": 34000.0, "poi_count": 44 }, "geometry": { "type": "Point", "coordinates": [ 39.013168, 45.070568 ] } },
{ "type": "Feature", "properties": { "ID": 101756, "Address": "улица имени Николая Семеновича Котлярова, 24", "lat": 45.070651, "long": 39.011937, "population": 85000.0, "Pedestrian traffic": 78000.0, "car traffic": 34000.0, "poi_count": 62 }, "geometry": { "type": "Point", "coordinates": [ 39.011937, 45.070651 ] } },
{ "type": "Feature", "properties": { "ID": 211005, "Address": "улица имени Николая Семеновича Котлярова, 17", "lat": 45.069588, "long": 39.011039, "population": 85000.0, "Pedestrian traffic": 78000.0, "car traffic": 34000.0, "poi_count": 62 }, "geometry": { "type": "Point", "coordinates": [ 39.011039, 45.069588 ] } },
{ "type": "Feature", "properties": { "ID": 214004, "Address": "улица им. Байбакова Н.К., 14", "lat": 45.07165, "long": 39.008488, "population": 25000.0, "Pedestrian traffic": 58000.0, "car traffic": 39000.0, "poi_count": 114 }, "geometry": { "type": "Point", "coordinates": [ 39.008488, 45.07165 ] } },
{ "type": "Feature", "properties": { "ID": 123260, "Address": "улица им. Байбакова Н.К., 4", "lat": 45.069518, "long": 39.007868, "population": 25000.0, "Pedestrian traffic": 58000.0, "car traffic": 39000.0, "poi_count": 73 }, "geometry": { "type": "Point", "coordinates": [ 39.007868, 45.069518 ] } },
{ "type": "Feature", "properties": { "ID": 50038086, "Address": "улица им. Байбакова Н.К., 2", "lat": 45.068557, "long": 39.007931, "population": 25000.0, "Pedestrian traffic": 58000.0, "car traffic": 39000.0, "poi_count": 70 }, "geometry": { "type": "Point", "coordinates": [ 39.007931, 45.068557 ] } },
{ "type": "Feature", "properties": { "ID": 168525, "Address": "улица имени Николая Семеновича Котлярова, 15", "lat": 45.067805, "long": 39.009907, "population": 85000.0, "Pedestrian traffic": 78000.0, "car traffic": 34000.0, "poi_count": 75 }, "geometry": { "type": "Point", "coordinates": [ 39.009907, 45.067805 ] } },
{ "type": "Feature", "properties": { "ID": 213026, "Address": "улица Карякина, 31", "lat": 45.066036, "long": 39.013914, "population": 85000.0, "Pedestrian traffic": 78000.0, "car traffic": 34000.0, "poi_count": 62 }, "geometry": { "type": "Point", "coordinates": [ 39.013914, 45.066036 ] } },
{ "type": "Feature", "properties": { "ID": 312293, "Address": "улица Карякина, 29", "lat": 45.06601, "long": 39.012584, "population": 85000.0, "Pedestrian traffic": 78000.0, "car traffic": 34000.0, "poi_count": 75 }, "geometry": { "type": "Point", "coordinates": [ 39.012584, 45.06601 ] } },
{ "type": "Feature", "properties": { "ID": 50013068, "Address": "улица имени Николая Семеновича Котлярова, 6", "lat": 45.065144, "long": 39.012413, "population": 85000.0, "Pedestrian traffic": 78000.0, "car traffic": 34000.0, "poi_count": 80 }, "geometry": { "type": "Point", "coordinates": [ 39.012413, 45.065144 ] } },
{ "type": "Feature", "properties": { "ID": 149433, "Address": "улица имени Николая Семеновича Котлярова, 5", "lat": 45.064616, "long": 39.01156, "population": 85000.0, "Pedestrian traffic": 78000.0, "car traffic": 34000.0, "poi_count": 97 }, "geometry": { "type": "Point", "coordinates": [ 39.01156, 45.064616 ] } },
{ "type": "Feature", "properties": { "ID": 50016618, "Address": "Зиповская улица, 45", "lat": 45.064215, "long": 39.010446, "population": 85000.0, "Pedestrian traffic": 78000.0, "car traffic": 34000.0, "poi_count": 102 }, "geometry": { "type": "Point", "coordinates": [ 39.010446, 45.064215 ] } },
{ "type": "Feature", "properties": { "ID": 2182, "Address": "улица Карякина, 18", "lat": 45.064616, "long": 39.008308, "population": 85000.0, "Pedestrian traffic": 78000.0, "car traffic": 34000.0, "poi_count": 85 }, "geometry": { "type": "Point", "coordinates": [ 39.008308, 45.064616 ] } },
{ "type": "Feature", "properties": { "ID": 157767, "Address": "улица Карякина, 15", "lat": 45.066246, "long": 39.008137, "population": 85000.0, "Pedestrian traffic": 78000.0, "car traffic": 34000.0, "poi_count": 88 }, "geometry": { "type": "Point", "coordinates": [ 39.008137, 45.066246 ] } },
{ "type": "Feature", "properties": { "ID": 50011662, "Address": "улица Карякина, 10", "lat": 45.065011, "long": 39.006835, "population": 25000.0, "Pedestrian traffic": 58000.0, "car traffic": 39000.0, "poi_count": 73 }, "geometry": { "type": "Point", "coordinates": [ 39.006835, 45.065011 ] } },
{ "type": "Feature", "properties": { "ID": 128155, "Address": "улица Карякина, 5к2", "lat": 45.066399, "long": 39.005757, "population": 25000.0, "Pedestrian traffic": 58000.0, "car traffic": 39000.0, "poi_count": 84 }, "geometry": { "type": "Point", "coordinates": [ 39.005757, 45.066399 ] } },
{ "type": "Feature", "properties": { "ID": 212542, "Address": "Зиповская улица, 37", "lat": 45.06319, "long": 39.008973, "population": 85000.0, "Pedestrian traffic": 78000.0, "car traffic": 34000.0, "poi_count": 79 }, "geometry": { "type": "Point", "coordinates": [ 39.008973, 45.06319 ] } },
{ "type": "Feature", "properties": { "ID": 50015344, "Address": "Московская улица, 77/2", "lat": 45.066959, "long": 39.001005, "population": 25000.0, "Pedestrian traffic": 58000.0, "car traffic": 39000.0, "poi_count": 58 }, "geometry": { "type": "Point", "coordinates": [ 39.001005, 45.066959 ] } },
{ "type": "Feature", "properties": { "ID": 50008314, "Address": "Московская улица, 67", "lat": 45.063668, "long": 39.001445, "population": 25000.0, "Pedestrian traffic": 58000.0, "car traffic": 39000.0, "poi_count": 135 }, "geometry": { "type": "Point", "coordinates": [ 39.001445, 45.063668 ] } },
{ "type": "Feature", "properties": { "ID": 50002618, "Address": "Зиповская улица, 16", "lat": 45.062159, "long": 39.004922, "population": 25000.0, "Pedestrian traffic": 58000.0, "car traffic": 39000.0, "poi_count": 113 }, "geometry": { "type": "Point", "coordinates": [ 39.004922, 45.062159 ] } },
{ "type": "Feature", "properties": { "ID": 319831, "Address": "Зиповская улица, 20", "lat": 45.062184, "long": 39.005353, "population": 25000.0, "Pedestrian traffic": 58000.0, "car traffic": 39000.0, "poi_count": 108 }, "geometry": { "type": "Point", "coordinates": [ 39.005353, 45.062184 ] } },
{ "type": "Feature", "properties": { "ID": 142678, "Address": "Московская улица, 46", "lat": 45.060707, "long": 39.002586, "population": 25000.0, "Pedestrian traffic": 58000.0, "car traffic": 39000.0, "poi_count": 100 }, "geometry": { "type": "Point", "coordinates": [ 39.002586, 45.060707 ] } },
{ "type": "Feature", "properties": { "ID": 141151, "Address": "Зиповская улица, 34к1", "lat": 45.062012, "long": 39.008461, "population": 85000.0, "Pedestrian traffic": 78000.0, "car traffic": 34000.0, "poi_count": 52 }, "geometry": { "type": "Point", "coordinates": [ 39.008461, 45.062012 ] } },
{ "type": "Feature", "properties": { "ID": 307325, "Address": "Зиповская улица, 36к1", "lat": 45.062146, "long": 39.009611, "population": 85000.0, "Pedestrian traffic": 78000.0, "car traffic": 34000.0, "poi_count": 59 }, "geometry": { "type": "Point", "coordinates": [ 39.009611, 45.062146 ] } },
{ "type": "Feature", "properties": { "ID": 313139, "Address": "Зиповская улица, 38", "lat": 45.062171, "long": 39.011569, "population": 85000.0, "Pedestrian traffic": 78000.0, "car traffic": 34000.0, "poi_count": 55 }, "geometry": { "type": "Point", "coordinates": [ 39.011569, 45.062171 ] } },
{ "type": "Feature", "properties": { "ID": 50015132, "Address": "Зиповская улица, 42", "lat": 45.060491, "long": 39.011794, "population": 85000.0, "Pedestrian traffic": 78000.0, "car traffic": 34000.0, "poi_count": 23 }, "geometry": { "type": "Point", "coordinates": [ 39.011794, 45.060491 ] } },
{ "type": "Feature", "properties": { "ID": 50015722, "Address": "Российская улица, 79/3к1", "lat": 45.060331, "long": 39.014471, "population": 85000.0, "Pedestrian traffic": 78000.0, "car traffic": 34000.0, "poi_count": 17 }, "geometry": { "type": "Point", "coordinates": [ 39.014471, 45.060331 ] } },
{ "type": "Feature", "properties": { "ID": 123745, "Address": "Российская улица, 79/3к2", "lat": 45.06, "long": 39.015773, "population": 85000.0, "Pedestrian traffic": 78000.0, "car traffic": 34000.0, "poi_count": 13 }, "geometry": { "type": "Point", "coordinates": [ 39.015773, 45.06 ] } },
{ "type": "Feature", "properties": { "ID": 142678, "Address": "Московская улица, 46", "lat": 45.060707, "long": 39.002586, "population": 25000.0, "Pedestrian traffic": 58000.0, "car traffic": 39000.0, "poi_count": 100 }, "geometry": { "type": "Point", "coordinates": [ 39.002586, 45.060707 ] } },
{ "type": "Feature", "properties": { "ID": 50008314, "Address": "Московская улица, 67", "lat": 45.063668, "long": 39.001445, "population": 25000.0, "Pedestrian traffic": 58000.0, "car traffic": 39000.0, "poi_count": 135 }, "geometry": { "type": "Point", "coordinates": [ 39.001445, 45.063668 ] } },
{ "type": "Feature", "properties": { "ID": 50015344, "Address": "Московская улица, 77/2", "lat": 45.066959, "long": 39.001005, "population": 25000.0, "Pedestrian traffic": 58000.0, "car traffic": 39000.0, "poi_count": 58 }, "geometry": { "type": "Point", "coordinates": [ 39.001005, 45.066959 ] } },
{ "type": "Feature", "properties": { "ID": 110310, "Address": "улица имени 40-летия Победы, 33/6", "lat": 45.058167, "long": 39.007868, "population": 25000.0, "Pedestrian traffic": 52000.0, "car traffic": 41000.0, "poi_count": 15 }, "geometry": { "type": "Point", "coordinates": [ 39.007868, 45.058167 ] } },
{ "type": "Feature", "properties": { "ID": 50022352, "Address": "улица имени 40-летия Победы, 33/8", "lat": 45.057619, "long": 39.009593, "population": 25000.0, "Pedestrian traffic": 52000.0, "car traffic": 41000.0, "poi_count": 19 }, "geometry": { "type": "Point", "coordinates": [ 39.009593, 45.057619 ] } },
{ "type": "Feature", "properties": { "ID": 218499, "Address": "улица имени 40-летия Победы, 60", "lat": 45.05499, "long": 39.009476, "population": 25000.0, "Pedestrian traffic": 52000.0, "car traffic": 41000.0, "poi_count": 17 }, "geometry": { "type": "Point", "coordinates": [ 39.009476, 45.05499 ] } },
{ "type": "Feature", "properties": { "ID": 50012770, "Address": "улица имени 40-летия Победы, 18", "lat": 45.054646, "long": 39.000735, "population": 25000.0, "Pedestrian traffic": 52000.0, "car traffic": 41000.0, "poi_count": 52 }, "geometry": { "type": "Point", "coordinates": [ 39.000735, 45.054646 ] } },
{ "type": "Feature", "properties": { "ID": 50022393, "Address": "Московская улица, 28", "lat": 45.05371, "long": 39.003044, "population": 25000.0, "Pedestrian traffic": 52000.0, "car traffic": 41000.0, "poi_count": 56 }, "geometry": { "type": "Point", "coordinates": [ 39.003044, 45.05371 ] } },
{ "type": "Feature", "properties": { "ID": 50014197, "Address": "Армавирский проезд, 19", "lat": 45.05164, "long": 39.007976, "population": 25000.0, "Pedestrian traffic": 52000.0, "car traffic": 41000.0, "poi_count": 5 }, "geometry": { "type": "Point", "coordinates": [ 39.007976, 45.05164 ] } },
{ "type": "Feature", "properties": { "ID": 168833, "Address": "улица Красных Зорь, 27", "lat": 45.050571, "long": 39.006673, "population": 25000.0, "Pedestrian traffic": 52000.0, "car traffic": 41000.0, "poi_count": 13 }, "geometry": { "type": "Point", "coordinates": [ 39.006673, 45.050571 ] } },
{ "type": "Feature", "properties": { "ID": 50007861, "Address": "улица Чернышевского, 36", "lat": 45.045565, "long": 39.00979, "population": 25000.0, "Pedestrian traffic": 52000.0, "car traffic": 41000.0, "poi_count": 7 }, "geometry": { "type": "Point", "coordinates": [ 39.00979, 45.045565 ] } },
{ "type": "Feature", "properties": { "ID": 50001931, "Address": "Первомайская улица, 44", "lat": 45.046788, "long": 39.015495, "population": 25000.0, "Pedestrian traffic": 52000.0, "car traffic": 41000.0, "poi_count": 20 }, "geometry": { "type": "Point", "coordinates": [ 39.015495, 45.046788 ] } },
{ "type": "Feature", "properties": { "ID": 314956, "Address": "Весенняя улица, 22", "lat": 45.050908, "long": 39.023058, "population": 25000.0, "Pedestrian traffic": 41000.0, "car traffic": 42000.0, "poi_count": 19 }, "geometry": { "type": "Point", "coordinates": [ 39.023058, 45.050908 ] } },
{ "type": "Feature", "properties": { "ID": 141272, "Address": "Российская улица, 72/2", "lat": 45.05215, "long": 39.01995, "population": 25000.0, "Pedestrian traffic": 41000.0, "car traffic": 42000.0, "poi_count": 56 }, "geometry": { "type": "Point", "coordinates": [ 39.01995, 45.05215 ] } },
{ "type": "Feature", "properties": { "ID": 215578, "Address": "Российская улица, 72/1к1", "lat": 45.052716, "long": 39.017956, "population": 25000.0, "Pedestrian traffic": 52000.0, "car traffic": 41000.0, "poi_count": 74 }, "geometry": { "type": "Point", "coordinates": [ 39.017956, 45.052716 ] } },
{ "type": "Feature", "properties": { "ID": 50035925, "Address": "Российская улица, 63", "lat": 45.053277, "long": 39.016968, "population": 25000.0, "Pedestrian traffic": 52000.0, "car traffic": 41000.0, "poi_count": 83 }, "geometry": { "type": "Point", "coordinates": [ 39.016968, 45.053277 ] } },
{ "type": "Feature", "properties": { "ID": 320015, "Address": "улица Достоевского, 84", "lat": 45.053194, "long": 39.015854, "population": 25000.0, "Pedestrian traffic": 52000.0, "car traffic": 41000.0, "poi_count": 76 }, "geometry": { "type": "Point", "coordinates": [ 39.015854, 45.053194 ] } },
{ "type": "Feature", "properties": { "ID": 140070, "Address": "Российская улица, 74к2", "lat": 45.054633, "long": 39.018845, "population": 85000.0, "Pedestrian traffic": 78000.0, "car traffic": 34000.0, "poi_count": 114 }, "geometry": { "type": "Point", "coordinates": [ 39.018845, 45.054633 ] } },
{ "type": "Feature", "properties": { "ID": 996, "Address": "улица имени 40-летия Победы, 144Б", "lat": 45.055314, "long": 39.018459, "population": 85000.0, "Pedestrian traffic": 78000.0, "car traffic": 34000.0, "poi_count": 103 }, "geometry": { "type": "Point", "coordinates": [ 39.018459, 45.055314 ] } },
{ "type": "Feature", "properties": { "ID": 50006347, "Address": "улица имени 40-летия Победы, 63", "lat": 45.056308, "long": 39.018055, "population": 85000.0, "Pedestrian traffic": 78000.0, "car traffic": 34000.0, "poi_count": 85 }, "geometry": { "type": "Point", "coordinates": [ 39.018055, 45.056308 ] } },
{ "type": "Feature", "properties": { "ID": 308958, "Address": "улица 1 Мая, 101", "lat": 45.057339, "long": 39.022277, "population": 85000.0, "Pedestrian traffic": 78000.0, "car traffic": 34000.0, "poi_count": 70 }, "geometry": { "type": "Point", "coordinates": [ 39.022277, 45.057339 ] } },
{ "type": "Feature", "properties": { "ID": 125077, "Address": "Урюковая улица, 12", "lat": 45.028687, "long": 38.946432, "population": 12000.0, "Pedestrian traffic": 35000.0, "car traffic": 35000.0, "poi_count": 0 }, "geometry": { "type": "Point", "coordinates": [ 38.946432, 45.028687 ] } },
{ "type": "Feature", "properties": { "ID": 50012899, "Address": "улица Тургеневское шоссе, 2", "lat": 45.027139, "long": 38.945866, "population": 12000.0, "Pedestrian traffic": 35000.0, "car traffic": 35000.0, "poi_count": 0 }, "geometry": { "type": "Point", "coordinates": [ 38.945866, 45.027139 ] } },
{ "type": "Feature", "properties": { "ID": 50005687, "Address": "Красная улица, 1/1", "lat": 45.029464, "long": 38.941833, "population": 12000.0, "Pedestrian traffic": 35000.0, "car traffic": 35000.0, "poi_count": 0 }, "geometry": { "type": "Point", "coordinates": [ 38.941833, 45.029464 ] } },
{ "type": "Feature", "properties": { "ID": 159686, "Address": "Красная улица, 48", "lat": 45.023921, "long": 38.93691, "population": 0.0, "Pedestrian traffic": 0.0, "car traffic": 0.0, "poi_count": 0 }, "geometry": { "type": "Point", "coordinates": [ 38.93691, 45.023921 ] } },
{ "type": "Feature", "properties": { "ID": 50027530, "Address": "Красная улица, 31", "lat": 45.022972, "long": 38.969204, "population": 20000.0, "Pedestrian traffic": 46000.0, "car traffic": 29000.0, "poi_count": 161 }, "geometry": { "type": "Point", "coordinates": [ 38.969204, 45.022972 ] } },
{ "type": "Feature", "properties": { "ID": 205211, "Address": "Бжегокайская улица, 2/1", "lat": 45.024476, "long": 38.928538, "population": 0.0, "Pedestrian traffic": 0.0, "car traffic": 0.0, "poi_count": 0 }, "geometry": { "type": "Point", "coordinates": [ 38.928538, 45.024476 ] } },
{ "type": "Feature", "properties": { "ID": 205295, "Address": "Бжегокайская улица, 19к1", "lat": 45.021609, "long": 38.925106, "population": 0.0, "Pedestrian traffic": 0.0, "car traffic": 0.0, "poi_count": 0 }, "geometry": { "type": "Point", "coordinates": [ 38.925106, 45.021609 ] } },
{ "type": "Feature", "properties": { "ID": 307145, "Address": "Бжегокайская улица, 56", "lat": 45.019411, "long": 38.919608, "population": 0.0, "Pedestrian traffic": 0.0, "car traffic": 0.0, "poi_count": 0 }, "geometry": { "type": "Point", "coordinates": [ 38.919608, 45.019411 ] } },
{ "type": "Feature", "properties": { "ID": 122573, "Address": "Бжегокайская улица, 31/4к2", "lat": 45.01483, "long": 38.916276, "population": 0.0, "Pedestrian traffic": 0.0, "car traffic": 0.0, "poi_count": 0 }, "geometry": { "type": "Point", "coordinates": [ 38.916276, 45.01483 ] } },
{ "type": "Feature", "properties": { "ID": 306618, "Address": "Бжегокайская улица, 31/9к1", "lat": 45.015206, "long": 38.915737, "population": 0.0, "Pedestrian traffic": 0.0, "car traffic": 0.0, "poi_count": 0 }, "geometry": { "type": "Point", "coordinates": [ 38.915737, 45.015206 ] } },
{ "type": "Feature", "properties": { "ID": 50022727, "Address": "Бжегокайская улица, 88/1", "lat": 45.01627, "long": 38.913087, "population": 15000.0, "Pedestrian traffic": 11000.0, "car traffic": 3800.0, "poi_count": 0 }, "geometry": { "type": "Point", "coordinates": [ 38.913087, 45.01627 ] } },
{ "type": "Feature", "properties": { "ID": 159308, "Address": "Береговая улица, 1А", "lat": 45.021972, "long": 38.944968, "population": 0.0, "Pedestrian traffic": 0.0, "car traffic": 0.0, "poi_count": 0 }, "geometry": { "type": "Point", "coordinates": [ 38.944968, 45.021972 ] } },
{ "type": "Feature", "properties": { "ID": 309818, "Address": "Береговая улица, 1/8", "lat": 45.020882, "long": 38.944833, "population": 0.0, "Pedestrian traffic": 0.0, "car traffic": 0.0, "poi_count": 0 }, "geometry": { "type": "Point", "coordinates": [ 38.944833, 45.020882 ] } },
{ "type": "Feature", "properties": { "ID": 305288, "Address": "Береговая улица, 3с3", "lat": 45.019494, "long": 38.943324, "population": 0.0, "Pedestrian traffic": 0.0, "car traffic": 0.0, "poi_count": 0 }, "geometry": { "type": "Point", "coordinates": [ 38.943324, 45.019494 ] } },
{ "type": "Feature", "properties": { "ID": 50010262, "Address": "улица Северная Дамба, 9", "lat": 45.015537, "long": 38.94274, "population": 0.0, "Pedestrian traffic": 0.0, "car traffic": 0.0, "poi_count": 0 }, "geometry": { "type": "Point", "coordinates": [ 38.94274, 45.015537 ] } },
{ "type": "Feature", "properties": { "ID": 50000939, "Address": "Абрикосовая улица, 111", "lat": 45.024565, "long": 38.947052, "population": 12000.0, "Pedestrian traffic": 35000.0, "car traffic": 35000.0, "poi_count": 0 }, "geometry": { "type": "Point", "coordinates": [ 38.947052, 45.024565 ] } },
{ "type": "Feature", "properties": { "ID": 50012977, "Address": "Солнечная улица, 47/1", "lat": 45.005902, "long": 38.938114, "population": 800.0, "Pedestrian traffic": 1800.0, "car traffic": 350.0, "poi_count": 0 }, "geometry": { "type": "Point", "coordinates": [ 38.938114, 45.005902 ] } },
{ "type": "Feature", "properties": { "ID": 147107, "Address": "улица А. Чуца, 25Б", "lat": 45.00543, "long": 38.939695, "population": 800.0, "Pedestrian traffic": 1800.0, "car traffic": 350.0, "poi_count": 0 }, "geometry": { "type": "Point", "coordinates": [ 38.939695, 45.00543 ] } },
{ "type": "Feature", "properties": { "ID": 50013903, "Address": "улица Тургеневское шоссе, 33/7", "lat": 44.999044, "long": 38.927262, "population": 800.0, "Pedestrian traffic": 1800.0, "car traffic": 350.0, "poi_count": 0 }, "geometry": { "type": "Point", "coordinates": [ 38.927262, 44.999044 ] } },
{ "type": "Feature", "properties": { "ID": 158196, "Address": "улица Тургеневское шоссе, 33/1к1", "lat": 44.999248, "long": 38.926517, "population": 800.0, "Pedestrian traffic": 1800.0, "car traffic": 350.0, "poi_count": 0 }, "geometry": { "type": "Point", "coordinates": [ 38.926517, 44.999248 ] } },
{ "type": "Feature", "properties": { "ID": 145791, "Address": "Шоссейная улица, 63к11", "lat": 45.001237, "long": 38.93143, "population": 800.0, "Pedestrian traffic": 1800.0, "car traffic": 350.0, "poi_count": 0 }, "geometry": { "type": "Point", "coordinates": [ 38.93143, 45.001237 ] } },
{ "type": "Feature", "properties": { "ID": 306795, "Address": "Шоссейная улица, 63к4", "lat": 45.00146, "long": 38.931035, "population": 800.0, "Pedestrian traffic": 1800.0, "car traffic": 350.0, "poi_count": 0 }, "geometry": { "type": "Point", "coordinates": [ 38.931035, 45.00146 ] } },
{ "type": "Feature", "properties": { "ID": 307049, "Address": "улица Гагарина, 192к3", "lat": 45.000224, "long": 38.932329, "population": 800.0, "Pedestrian traffic": 1800.0, "car traffic": 350.0, "poi_count": 0 }, "geometry": { "type": "Point", "coordinates": [ 38.932329, 45.000224 ] } },
{ "type": "Feature", "properties": { "ID": 327314, "Address": "улица Гагарина, 190/3к4", "lat": 44.998241, "long": 38.933362, "population": 800.0, "Pedestrian traffic": 1800.0, "car traffic": 350.0, "poi_count": 0 }, "geometry": { "type": "Point", "coordinates": [ 38.933362, 44.998241 ] } },
{ "type": "Feature", "properties": { "ID": 310558, "Address": "улица А. Чуца, 71/1", "lat": 45.000682, "long": 38.938401, "population": 800.0, "Pedestrian traffic": 1800.0, "car traffic": 350.0, "poi_count": 0 }, "geometry": { "type": "Point", "coordinates": [ 38.938401, 45.000682 ] } },
{ "type": "Feature", "properties": { "ID": 50011963, "Address": "Майкопская улица, 10", "lat": 45.001008, "long": 38.942731, "population": 800.0, "Pedestrian traffic": 1800.0, "car traffic": 350.0, "poi_count": 0 }, "geometry": { "type": "Point", "coordinates": [ 38.942731, 45.001008 ] } },
{ "type": "Feature", "properties": { "ID": 127647, "Address": "2-й Первомайский переулок, 15", "lat": 44.997394, "long": 38.942713, "population": 800.0, "Pedestrian traffic": 1800.0, "car traffic": 350.0, "poi_count": 0 }, "geometry": { "type": "Point", "coordinates": [ 38.942713, 44.997394 ] } },
{ "type": "Feature", "properties": { "ID": 309369, "Address": "Шоссейная улица, 69/1к1", "lat": 44.996833, "long": 38.939156, "population": 800.0, "Pedestrian traffic": 1800.0, "car traffic": 350.0, "poi_count": 0 }, "geometry": { "type": "Point", "coordinates": [ 38.939156, 44.996833 ] } },
{ "type": "Feature", "properties": { "ID": 127373, "Address": "улица Гагарина, 149/2", "lat": 44.993321, "long": 38.929733, "population": 800.0, "Pedestrian traffic": 1800.0, "car traffic": 350.0, "poi_count": 0 }, "geometry": { "type": "Point", "coordinates": [ 38.929733, 44.993321 ] } },
{ "type": "Feature", "properties": { "ID": 50034316, "Address": "улица Гагарина, 148/4к1", "lat": 44.992926, "long": 38.93347, "population": 800.0, "Pedestrian traffic": 1800.0, "car traffic": 350.0, "poi_count": 0 }, "geometry": { "type": "Point", "coordinates": [ 38.93347, 44.992926 ] } },
{ "type": "Feature", "properties": { "ID": 305612, "Address": "улица Гагарина, 144/1к7", "lat": 44.991115, "long": 38.932634, "population": 800.0, "Pedestrian traffic": 1800.0, "car traffic": 350.0, "poi_count": 0 }, "geometry": { "type": "Point", "coordinates": [ 38.932634, 44.991115 ] } },
{ "type": "Feature", "properties": { "ID": 157339, "Address": "улица Кобцевой, 1к4", "lat": 44.99144, "long": 38.928421, "population": 0.0, "Pedestrian traffic": 0.0, "car traffic": 0.0, "poi_count": 0 }, "geometry": { "type": "Point", "coordinates": [ 38.928421, 44.99144 ] } },
{ "type": "Feature", "properties": { "ID": 307832, "Address": "улица Лаухина, 13/1А", "lat": 44.989056, "long": 38.928717, "population": 0.0, "Pedestrian traffic": 0.0, "car traffic": 0.0, "poi_count": 0 }, "geometry": { "type": "Point", "coordinates": [ 38.928717, 44.989056 ] } },
{ "type": "Feature", "properties": { "ID": 50005151, "Address": "улица Гагарина, 96", "lat": 44.985639, "long": 38.934494, "population": 0.0, "Pedestrian traffic": 0.0, "car traffic": 0.0, "poi_count": 0 }, "geometry": { "type": "Point", "coordinates": [ 38.934494, 44.985639 ] } },
{ "type": "Feature", "properties": { "ID": 340420, "Address": "Промышленная улица, 97/2", "lat": 44.991823, "long": 38.941168, "population": 800.0, "Pedestrian traffic": 1800.0, "car traffic": 350.0, "poi_count": 0 }, "geometry": { "type": "Point", "coordinates": [ 38.941168, 44.991823 ] } },
{ "type": "Feature", "properties": { "ID": 50022747, "Address": "Промышленная улица, 14/2А", "lat": 44.992027, "long": 38.947941, "population": 800.0, "Pedestrian traffic": 1800.0, "car traffic": 350.0, "poi_count": 0 }, "geometry": { "type": "Point", "coordinates": [ 38.947941, 44.992027 ] } },
{ "type": "Feature", "properties": { "ID": 50007202, "Address": "улица Пушкина, 17", "lat": 44.988228, "long": 38.945273, "population": 800.0, "Pedestrian traffic": 1800.0, "car traffic": 350.0, "poi_count": 0 }, "geometry": { "type": "Point", "coordinates": [ 38.945273, 44.988228 ] } },
{ "type": "Feature", "properties": { "ID": 50003195, "Address": "Советская улица, 6", "lat": 44.989369, "long": 38.951112, "population": 800.0, "Pedestrian traffic": 1800.0, "car traffic": 350.0, "poi_count": 0 }, "geometry": { "type": "Point", "coordinates": [ 38.951112, 44.989369 ] } },
{ "type": "Feature", "properties": { "ID": 215617, "Address": "улица Тургеневское Шоссе, 1Дк3", "lat": 44.974992, "long": 38.922411, "population": 0.0, "Pedestrian traffic": 0.0, "car traffic": 0.0, "poi_count": 0 }, "geometry": { "type": "Point", "coordinates": [ 38.922411, 44.974992 ] } },
{ "type": "Feature", "properties": { "ID": 307778, "Address": "Космическая улица, 47", "lat": 44.970681, "long": 38.937323, "population": 0.0, "Pedestrian traffic": 0.0, "car traffic": 0.0, "poi_count": 0 }, "geometry": { "type": "Point", "coordinates": [ 38.937323, 44.970681 ] } },
{ "type": "Feature", "properties": { "ID": 309035, "Address": "Космическая улица, 24", "lat": 44.976911, "long": 38.94159, "population": 0.0, "Pedestrian traffic": 0.0, "car traffic": 0.0, "poi_count": 0 }, "geometry": { "type": "Point", "coordinates": [ 38.94159, 44.976911 ] } },
{ "type": "Feature", "properties": { "ID": 131764, "Address": "улица Гагарина, 39/4", "lat": 44.979551, "long": 38.937665, "population": 0.0, "Pedestrian traffic": 0.0, "car traffic": 0.0, "poi_count": 0 }, "geometry": { "type": "Point", "coordinates": [ 38.937665, 44.979551 ] } },
{ "type": "Feature", "properties": { "ID": 3639, "Address": "Дорожная улица, 192", "lat": 44.979908, "long": 38.941276, "population": 0.0, "Pedestrian traffic": 0.0, "car traffic": 0.0, "poi_count": 0 }, "geometry": { "type": "Point", "coordinates": [ 38.941276, 44.979908 ] } },
{ "type": "Feature", "properties": { "ID": 309035, "Address": "Космическая улица, 24", "lat": 44.976911, "long": 38.94159, "population": 0.0, "Pedestrian traffic": 0.0, "car traffic": 0.0, "poi_count": 0 }, "geometry": { "type": "Point", "coordinates": [ 38.94159, 44.976911 ] } },
{ "type": "Feature", "properties": { "ID": 50004018, "Address": "Широкая улица, 2", "lat": 44.981738, "long": 38.947268, "population": 0.0, "Pedestrian traffic": 0.0, "car traffic": 0.0, "poi_count": 0 }, "geometry": { "type": "Point", "coordinates": [ 38.947268, 44.981738 ] } },
{ "type": "Feature", "properties": { "ID": 50004018, "Address": "Дорожная улица, 150", "lat": 44.981814, "long": 38.947393, "population": 0.0, "Pedestrian traffic": 0.0, "car traffic": 0.0, "poi_count": 0 }, "geometry": { "type": "Point", "coordinates": [ 38.947393, 44.981814 ] } },
{ "type": "Feature", "properties": { "ID": 164339, "Address": "Индустриальная улица, 10/1", "lat": 44.986755, "long": 38.960895, "population": 50.0, "Pedestrian traffic": 2400.0, "car traffic": 9500.0, "poi_count": 0 }, "geometry": { "type": "Point", "coordinates": [ 38.960895, 44.986755 ] } },
{ "type": "Feature", "properties": { "ID": 210964, "Address": "Адмиралтейский бульвар, 3", "lat": 45.09334, "long": 39.036875, "population": 26000.0, "Pedestrian traffic": 15000.0, "car traffic": 13000.0, "poi_count": 33 }, "geometry": { "type": "Point", "coordinates": [ 39.036875, 45.09334 ] } },
{ "type": "Feature", "properties": { "ID": 319707, "Address": "улица Ленина, 42/4", "lat": 44.98678, "long": 38.979724, "population": 50.0, "Pedestrian traffic": 2400.0, "car traffic": 9500.0, "poi_count": 0 }, "geometry": { "type": "Point", "coordinates": [ 38.979724, 44.98678 ] } },
{ "type": "Feature", "properties": { "ID": 50003803, "Address": "Светлая улица, 2", "lat": 44.986525, "long": 38.98744, "population": 0.0, "Pedestrian traffic": 0.0, "car traffic": 0.0, "poi_count": 0 }, "geometry": { "type": "Point", "coordinates": [ 38.98744, 44.986525 ] } },
{ "type": "Feature", "properties": { "ID": 50027531, "Address": "Шоссейная улица, 68", "lat": 44.99587, "long": 38.994995, "population": 0.0, "Pedestrian traffic": 0.0, "car traffic": 0.0, "poi_count": 0 }, "geometry": { "type": "Point", "coordinates": [ 38.994995, 44.99587 ] } },
{ "type": "Feature", "properties": { "ID": 167731, "Address": "Шоссейная улица, 77/1", "lat": 44.998012, "long": 38.992615, "population": 0.0, "Pedestrian traffic": 0.0, "car traffic": 0.0, "poi_count": 0 }, "geometry": { "type": "Point", "coordinates": [ 38.992615, 44.998012 ] } },
{ "type": "Feature", "properties": { "ID": 50003702, "Address": "улица Строителей, 18/2", "lat": 44.999899, "long": 38.97472, "population": 50.0, "Pedestrian traffic": 2400.0, "car traffic": 9500.0, "poi_count": 0 }, "geometry": { "type": "Point", "coordinates": [ 38.97472, 44.999899 ] } },
{ "type": "Feature", "properties": { "ID": 50027540, "Address": "улица Мира, 7", "lat": 45.022214, "long": 38.961138, "population": 20000.0, "Pedestrian traffic": 46000.0, "car traffic": 29000.0, "poi_count": 64 }, "geometry": { "type": "Point", "coordinates": [ 38.961138, 45.022214 ] } },
{ "type": "Feature", "properties": { "ID": 308070, "Address": "улица Ленина, 33", "lat": 45.024705, "long": 38.965728, "population": 20000.0, "Pedestrian traffic": 46000.0, "car traffic": 29000.0, "poi_count": 76 }, "geometry": { "type": "Point", "coordinates": [ 38.965728, 45.024705 ] } },
{ "type": "Feature", "properties": { "ID": 132495, "Address": "улица 70-летия Октября, 1/2", "lat": 45.026285, "long": 38.903861, "population": 15000.0, "Pedestrian traffic": 11000.0, "car traffic": 3800.0, "poi_count": 31 }, "geometry": { "type": "Point", "coordinates": [ 38.903861, 45.026285 ] } },
{ "type": "Feature", "properties": { "ID": 103449, "Address": "проспект Чекистов, 1", "lat": 45.027483, "long": 38.903349, "population": 15000.0, "Pedestrian traffic": 11000.0, "car traffic": 3800.0, "poi_count": 38 }, "geometry": { "type": "Point", "coordinates": [ 38.903349, 45.027483 ] } },
{ "type": "Feature", "properties": { "ID": 204296, "Address": "проспект Чекистов, 8/4", "lat": 45.026973, "long": 38.908487, "population": 15000.0, "Pedestrian traffic": 11000.0, "car traffic": 3800.0, "poi_count": 54 }, "geometry": { "type": "Point", "coordinates": [ 38.908487, 45.026973 ] } },
{ "type": "Feature", "properties": { "ID": 325074, "Address": "улица 70-летия Октября, 10", "lat": 45.029967, "long": 38.9044, "population": 15000.0, "Pedestrian traffic": 11000.0, "car traffic": 3800.0, "poi_count": 40 }, "geometry": { "type": "Point", "coordinates": [ 38.9044, 45.029967 ] } },
{ "type": "Feature", "properties": { "ID": 50001677, "Address": "проспект Чекистов, 12/1", "lat": 45.028495, "long": 38.908676, "population": 15000.0, "Pedestrian traffic": 11000.0, "car traffic": 3800.0, "poi_count": 60 }, "geometry": { "type": "Point", "coordinates": [ 38.908676, 45.028495 ] } },
{ "type": "Feature", "properties": { "ID": 50035379, "Address": "проспект Чекистов, 22", "lat": 45.028566, "long": 38.912161, "population": 15000.0, "Pedestrian traffic": 11000.0, "car traffic": 3800.0, "poi_count": 94 }, "geometry": { "type": "Point", "coordinates": [ 38.912161, 45.028566 ] } },
{ "type": "Feature", "properties": { "ID": 151795, "Address": "проспект Чекистов, 24/1", "lat": 45.029222, "long": 38.91332, "population": 15000.0, "Pedestrian traffic": 11000.0, "car traffic": 3800.0, "poi_count": 97 }, "geometry": { "type": "Point", "coordinates": [ 38.91332, 45.029222 ] } },
{ "type": "Feature", "properties": { "ID": 115485, "Address": "проспект Чекистов, 26", "lat": 45.029929, "long": 38.914991, "population": 31000.0, "Pedestrian traffic": 25000.0, "car traffic": 15000.0, "poi_count": 126 }, "geometry": { "type": "Point", "coordinates": [ 38.914991, 45.029929 ] } },
{ "type": "Feature", "properties": { "ID": 50007186, "Address": "проспект Чекистов, 34", "lat": 45.031394, "long": 38.916114, "population": 31000.0, "Pedestrian traffic": 25000.0, "car traffic": 15000.0, "poi_count": 124 }, "geometry": { "type": "Point", "coordinates": [ 38.916114, 45.031394 ] } },
{ "type": "Feature", "properties": { "ID": 320938, "Address": "проспект Чекистов, 19", "lat": 45.031872, "long": 38.912871, "population": 31000.0, "Pedestrian traffic": 25000.0, "car traffic": 15000.0, "poi_count": 122 }, "geometry": { "type": "Point", "coordinates": [ 38.912871, 45.031872 ] } },
{ "type": "Feature", "properties": { "ID": 142984, "Address": "проспект Чекистов, 25/1", "lat": 45.032821, "long": 38.915925, "population": 31000.0, "Pedestrian traffic": 25000.0, "car traffic": 15000.0, "poi_count": 100 }, "geometry": { "type": "Point", "coordinates": [ 38.915925, 45.032821 ] } },
{ "type": "Feature", "properties": { "ID": 327421, "Address": "Платановый бульвар, 8", "lat": 45.032222, "long": 38.909269, "population": 15000.0, "Pedestrian traffic": 11000.0, "car traffic": 3800.0, "poi_count": 77 }, "geometry": { "type": "Point", "coordinates": [ 38.909269, 45.032222 ] } },
{ "type": "Feature", "properties": { "ID": 161945, "Address": "улица Бульварное Кольцо, 7", "lat": 45.03491, "long": 38.908173, "population": 31000.0, "Pedestrian traffic": 25000.0, "car traffic": 15000.0, "poi_count": 11 }, "geometry": { "type": "Point", "coordinates": [ 38.908173, 45.03491 ] } },
{ "type": "Feature", "properties": { "ID": 211389, "Address": "проспект Чекистов, 38", "lat": 45.032419, "long": 38.918701, "population": 31000.0, "Pedestrian traffic": 25000.0, "car traffic": 15000.0, "poi_count": 94 }, "geometry": { "type": "Point", "coordinates": [ 38.918701, 45.032419 ] } },
{ "type": "Feature", "properties": { "ID": 151142, "Address": "Рождественская набережная, 45/1", "lat": 45.03191, "long": 38.921216, "population": 31000.0, "Pedestrian traffic": 25000.0, "car traffic": 15000.0, "poi_count": 76 }, "geometry": { "type": "Point", "coordinates": [ 38.921216, 45.03191 ] } },
{ "type": "Feature", "properties": { "ID": 171326, "Address": "улица Думенко, 2", "lat": 45.035534, "long": 38.919402, "population": 31000.0, "Pedestrian traffic": 25000.0, "car traffic": 15000.0, "poi_count": 66 }, "geometry": { "type": "Point", "coordinates": [ 38.919402, 45.035534 ] } },
{ "type": "Feature", "properties": { "ID": 321023, "Address": "улица Думенко, 12/1", "lat": 45.035706, "long": 38.914362, "population": 31000.0, "Pedestrian traffic": 25000.0, "car traffic": 15000.0, "poi_count": 27 }, "geometry": { "type": "Point", "coordinates": [ 38.914362, 45.035706 ] } },
{ "type": "Feature", "properties": { "ID": 50000340, "Address": "улица Думенко, 27/1", "lat": 45.036802, "long": 38.915943, "population": 31000.0, "Pedestrian traffic": 25000.0, "car traffic": 15000.0, "poi_count": 32 }, "geometry": { "type": "Point", "coordinates": [ 38.915943, 45.036802 ] } },
{ "type": "Feature", "properties": { "ID": 50006677, "Address": "улица 70-летия Октября, 15", "lat": 45.038477, "long": 38.910302, "population": 31000.0, "Pedestrian traffic": 25000.0, "car traffic": 15000.0, "poi_count": 31 }, "geometry": { "type": "Point", "coordinates": [ 38.910302, 45.038477 ] } },
{ "type": "Feature", "properties": { "ID": 50022893, "Address": "бульвар Клары Лучко, 10", "lat": 45.039929, "long": 38.911865, "population": 31000.0, "Pedestrian traffic": 25000.0, "car traffic": 15000.0, "poi_count": 34 }, "geometry": { "type": "Point", "coordinates": [ 38.911865, 45.039929 ] } },
{ "type": "Feature", "properties": { "ID": 171008, "Address": "улица Генерала Шифрина, 1", "lat": 45.039247, "long": 38.913383, "population": 31000.0, "Pedestrian traffic": 25000.0, "car traffic": 15000.0, "poi_count": 38 }, "geometry": { "type": "Point", "coordinates": [ 38.913383, 45.039247 ] } },
{ "type": "Feature", "properties": { "ID": 132438, "Address": "улица Генерала Шифрина, 5", "lat": 45.041833, "long": 38.9127, "population": 31000.0, "Pedestrian traffic": 25000.0, "car traffic": 15000.0, "poi_count": 23 }, "geometry": { "type": "Point", "coordinates": [ 38.9127, 45.041833 ] } },
{ "type": "Feature", "properties": { "ID": 312745, "Address": "улица имени Калинина, 13к60", "lat": 45.041018, "long": 38.91633, "population": 31000.0, "Pedestrian traffic": 25000.0, "car traffic": 15000.0, "poi_count": 23 }, "geometry": { "type": "Point", "coordinates": [ 38.91633, 45.041018 ] } },
{ "type": "Feature", "properties": { "ID": 171038, "Address": "улица имени Калинина, 13к58", "lat": 45.041426, "long": 38.918108, "population": 31000.0, "Pedestrian traffic": 25000.0, "car traffic": 15000.0, "poi_count": 19 }, "geometry": { "type": "Point", "coordinates": [ 38.918108, 45.041426 ] } },
{ "type": "Feature", "properties": { "ID": 313125, "Address": "проспект Чекистов, 39", "lat": 45.036426, "long": 38.923354, "population": 31000.0, "Pedestrian traffic": 25000.0, "car traffic": 15000.0, "poi_count": 24 }, "geometry": { "type": "Point", "coordinates": [ 38.923354, 45.036426 ] } },
{ "type": "Feature", "properties": { "ID": 210928, "Address": "Минская улица, 57/1", "lat": 45.036923, "long": 38.926606, "population": 31000.0, "Pedestrian traffic": 25000.0, "car traffic": 15000.0, "poi_count": 8 }, "geometry": { "type": "Point", "coordinates": [ 38.926606, 45.036923 ] } },
{ "type": "Feature", "properties": { "ID": 5297, "Address": "Минская улица, 118/2", "lat": 45.037031, "long": 38.92958, "population": 31000.0, "Pedestrian traffic": 25000.0, "car traffic": 15000.0, "poi_count": 24 }, "geometry": { "type": "Point", "coordinates": [ 38.92958, 45.037031 ] } },
{ "type": "Feature", "properties": { "ID": 209491, "Address": "Минская улица, 122/7", "lat": 45.037464, "long": 38.935347, "population": 31000.0, "Pedestrian traffic": 25000.0, "car traffic": 15000.0, "poi_count": 54 }, "geometry": { "type": "Point", "coordinates": [ 38.935347, 45.037464 ] } },
{ "type": "Feature", "properties": { "ID": 50015998, "Address": "Минская улица, 122/6", "lat": 45.038318, "long": 38.936218, "population": 31000.0, "Pedestrian traffic": 25000.0, "car traffic": 15000.0, "poi_count": 58 }, "geometry": { "type": "Point", "coordinates": [ 38.936218, 45.038318 ] } },
{ "type": "Feature", "properties": { "ID": 204648, "Address": "Минская улица, 121", "lat": 45.040623, "long": 38.935176, "population": 31000.0, "Pedestrian traffic": 25000.0, "car traffic": 15000.0, "poi_count": 31 }, "geometry": { "type": "Point", "coordinates": [ 38.935176, 45.040623 ] } },
{ "type": "Feature", "properties": { "ID": 50002690, "Address": "улица имени Калинина, 144", "lat": 45.043495, "long": 38.931835, "population": 31000.0, "Pedestrian traffic": 25000.0, "car traffic": 15000.0, "poi_count": 17 }, "geometry": { "type": "Point", "coordinates": [ 38.931835, 45.043495 ] } },
{ "type": "Feature", "properties": { "ID": 309550, "Address": "Северная улица, 12", "lat": 45.046794, "long": 38.93223, "population": 31000.0, "Pedestrian traffic": 25000.0, "car traffic": 15000.0, "poi_count": 10 }, "geometry": { "type": "Point", "coordinates": [ 38.93223, 45.046794 ] } },
{ "type": "Feature", "properties": { "ID": 50006188, "Address": "Восточная улица, 696", "lat": 45.05036, "long": 38.919617, "population": 31000.0, "Pedestrian traffic": 25000.0, "car traffic": 15000.0, "poi_count": 2 }, "geometry": { "type": "Point", "coordinates": [ 38.919617, 45.05036 ] } },
{ "type": "Feature", "properties": { "ID": 209080, "Address": "Северная улица, 88", "lat": 45.045495, "long": 38.940665, "population": 21000.0, "Pedestrian traffic": 35000.0, "car traffic": 28000.0, "poi_count": 9 }, "geometry": { "type": "Point", "coordinates": [ 38.940665, 45.045495 ] } },
{ "type": "Feature", "properties": { "ID": 50008049, "Address": "Кожевенная улица, 22", "lat": 45.0377, "long": 38.940782, "population": 12000.0, "Pedestrian traffic": 35000.0, "car traffic": 35000.0, "poi_count": 34 }, "geometry": { "type": "Point", "coordinates": [ 38.940782, 45.0377 ] } },
{ "type": "Feature", "properties": { "ID": 212144, "Address": "Кожевенная улица, 26", "lat": 45.037719, "long": 38.943333, "population": 12000.0, "Pedestrian traffic": 35000.0, "car traffic": 35000.0, "poi_count": 33 }, "geometry": { "type": "Point", "coordinates": [ 38.943333, 45.037719 ] } },
{ "type": "Feature", "properties": { "ID": 136188, "Address": "микрорайон Кожзавод", "lat": 45.041184, "long": 38.942632, "population": 12000.0, "Pedestrian traffic": 35000.0, "car traffic": 35000.0, "poi_count": 11 }, "geometry": { "type": "Point", "coordinates": [ 38.942632, 45.041184 ] } },
{ "type": "Feature", "properties": { "ID": 50017374, "Address": "Кожевенная улица, 54/2", "lat": 45.038025, "long": 38.949172, "population": 12000.0, "Pedestrian traffic": 35000.0, "car traffic": 35000.0, "poi_count": 29 }, "geometry": { "type": "Point", "coordinates": [ 38.949172, 45.038025 ] } },
{ "type": "Feature", "properties": { "ID": 50012911, "Address": "улица имени Калинина, 350", "lat": 45.039935, "long": 38.949495, "population": 12000.0, "Pedestrian traffic": 35000.0, "car traffic": 35000.0, "poi_count": 34 }, "geometry": { "type": "Point", "coordinates": [ 38.949495, 45.039935 ] } },
{ "type": "Feature", "properties": { "ID": 144104, "Address": "улица Володи Головатого, 174", "lat": 45.042706, "long": 38.951085, "population": 12000.0, "Pedestrian traffic": 35000.0, "car traffic": 35000.0, "poi_count": 30 }, "geometry": { "type": "Point", "coordinates": [ 38.951085, 45.042706 ] } },
{ "type": "Feature", "properties": { "ID": 50022857, "Address": "улица Карла Маркса, 14", "lat": 45.038814, "long": 38.953942, "population": 12000.0, "Pedestrian traffic": 35000.0, "car traffic": 35000.0, "poi_count": 42 }, "geometry": { "type": "Point", "coordinates": [ 38.953942, 45.038814 ] } },
{ "type": "Feature", "properties": { "ID": 50002472, "Address": "Северная улица, 242", "lat": 45.042738, "long": 38.957544, "population": 12000.0, "Pedestrian traffic": 35000.0, "car traffic": 35000.0, "poi_count": 25 }, "geometry": { "type": "Point", "coordinates": [ 38.957544, 45.042738 ] } },
{ "type": "Feature", "properties": { "ID": 50013041, "Address": "Северная улица, 265", "lat": 45.042948, "long": 38.961937, "population": 12000.0, "Pedestrian traffic": 35000.0, "car traffic": 35000.0, "poi_count": 26 }, "geometry": { "type": "Point", "coordinates": [ 38.961937, 45.042948 ] } },
{ "type": "Feature", "properties": { "ID": 2890, "Address": "улица Будённого, 78", "lat": 45.037228, "long": 38.961847, "population": 12000.0, "Pedestrian traffic": 35000.0, "car traffic": 35000.0, "poi_count": 18 }, "geometry": { "type": "Point", "coordinates": [ 38.961847, 45.037228 ] } },
{ "type": "Feature", "properties": { "ID": 215158, "Address": "Октябрьская улица, 181/2к1", "lat": 45.040063, "long": 38.969249, "population": 39000.0, "Pedestrian traffic": 95000.0, "car traffic": 51000.0, "poi_count": 68 }, "geometry": { "type": "Point", "coordinates": [ 38.969249, 45.040063 ] } },
{ "type": "Feature", "properties": { "ID": 210688, "Address": "Пашковская улица, 16", "lat": 45.034356, "long": 38.964407, "population": 12000.0, "Pedestrian traffic": 35000.0, "car traffic": 35000.0, "poi_count": 23 }, "geometry": { "type": "Point", "coordinates": [ 38.964407, 45.034356 ] } },
{ "type": "Feature", "properties": { "ID": 211507, "Address": "Длинная улица, 86", "lat": 45.035298, "long": 38.968153, "population": 21000.0, "Pedestrian traffic": 95000.0, "car traffic": 52000.0, "poi_count": 67 }, "geometry": { "type": "Point", "coordinates": [ 38.968153, 45.035298 ] } },
{ "type": "Feature", "properties": { "ID": 211019, "Address": "Рашпилевская улица, 125", "lat": 45.03391, "long": 38.971172, "population": 21000.0, "Pedestrian traffic": 95000.0, "car traffic": 52000.0, "poi_count": 114 }, "geometry": { "type": "Point", "coordinates": [ 38.971172, 45.03391 ] } },
{ "type": "Feature", "properties": { "ID": 50011757, "Address": "улица Горького, 82", "lat": 45.031865, "long": 38.969249, "population": 21000.0, "Pedestrian traffic": 95000.0, "car traffic": 52000.0, "poi_count": 135 }, "geometry": { "type": "Point", "coordinates": [ 38.969249, 45.031865 ] } },
{ "type": "Feature", "properties": { "ID": 1809, "Address": "Карасунская улица, 61", "lat": 45.029011, "long": 38.968594, "population": 21000.0, "Pedestrian traffic": 95000.0, "car traffic": 52000.0, "poi_count": 221 }, "geometry": { "type": "Point", "coordinates": [ 38.968594, 45.029011 ] } },
{ "type": "Feature", "properties": { "ID": 212080, "Address": "Рашпилевская улица, 47", "lat": 45.024374, "long": 38.96774, "population": 20000.0, "Pedestrian traffic": 46000.0, "car traffic": 29000.0, "poi_count": 130 }, "geometry": { "type": "Point", "coordinates": [ 38.96774, 45.024374 ] } },
{ "type": "Feature", "properties": { "ID": 50013962, "Address": "улица Ленина, 13", "lat": 45.025291, "long": 38.962566, "population": 20000.0, "Pedestrian traffic": 46000.0, "car traffic": 29000.0, "poi_count": 47 }, "geometry": { "type": "Point", "coordinates": [ 38.962566, 45.025291 ] } },
{ "type": "Feature", "properties": { "ID": 142316, "Address": "улица Кубанская Набережная, 37/11", "lat": 45.024336, "long": 38.958371, "population": 20000.0, "Pedestrian traffic": 46000.0, "car traffic": 29000.0, "poi_count": 56 }, "geometry": { "type": "Point", "coordinates": [ 38.958371, 45.024336 ] } },
{ "type": "Feature", "properties": { "ID": 3106, "Address": "улица Орджоникидзе, 2", "lat": 45.023737, "long": 38.960194, "population": 20000.0, "Pedestrian traffic": 46000.0, "car traffic": 29000.0, "poi_count": 53 }, "geometry": { "type": "Point", "coordinates": [ 38.960194, 45.023737 ] } },
{ "type": "Feature", "properties": { "ID": 319049, "Address": "улица Мира, 19", "lat": 45.021927, "long": 38.963572, "population": 20000.0, "Pedestrian traffic": 46000.0, "car traffic": 29000.0, "poi_count": 76 }, "geometry": { "type": "Point", "coordinates": [ 38.963572, 45.021927 ] } },
{ "type": "Feature", "properties": { "ID": 50015771, "Address": "улица Кубанская Набережная, 31/1", "lat": 45.021908, "long": 38.95811, "population": 20000.0, "Pedestrian traffic": 46000.0, "car traffic": 29000.0, "poi_count": 53 }, "geometry": { "type": "Point", "coordinates": [ 38.95811, 45.021908 ] } },
{ "type": "Feature", "properties": { "ID": 214583, "Address": "Постовая улица, 29", "lat": 45.016869, "long": 38.960437, "population": 20000.0, "Pedestrian traffic": 46000.0, "car traffic": 29000.0, "poi_count": 84 }, "geometry": { "type": "Point", "coordinates": [ 38.960437, 45.016869 ] } },
{ "type": "Feature", "properties": { "ID": 155290, "Address": "улица Кубанская Набережная, 2", "lat": 45.014371, "long": 38.958766, "population": 20000.0, "Pedestrian traffic": 46000.0, "car traffic": 29000.0, "poi_count": 68 }, "geometry": { "type": "Point", "coordinates": [ 38.958766, 45.014371 ] } },
{ "type": "Feature", "properties": { "ID": 213460, "Address": "улица Николая Кондратенко, 6к1", "lat": 45.013938, "long": 38.964515, "population": 20000.0, "Pedestrian traffic": 46000.0, "car traffic": 29000.0, "poi_count": 112 }, "geometry": { "type": "Point", "coordinates": [ 38.964515, 45.013938 ] } },
{ "type": "Feature", "properties": { "ID": 5427, "Address": "улица Захарова, 31", "lat": 45.007444, "long": 38.967049, "population": 20000.0, "Pedestrian traffic": 46000.0, "car traffic": 29000.0, "poi_count": 23 }, "geometry": { "type": "Point", "coordinates": [ 38.967049, 45.007444 ] } },
{ "type": "Feature", "properties": { "ID": 360286, "Address": "1-й Нефтезаводской проезд, 4", "lat": 45.004608, "long": 38.965045, "population": 20000.0, "Pedestrian traffic": 46000.0, "car traffic": 29000.0, "poi_count": 21 }, "geometry": { "type": "Point", "coordinates": [ 38.965045, 45.004608 ] } },
{ "type": "Feature", "properties": { "ID": 312402, "Address": "Песчаная улица, 9", "lat": 45.007126, "long": 38.963024, "population": 20000.0, "Pedestrian traffic": 46000.0, "car traffic": 29000.0, "poi_count": 17 }, "geometry": { "type": "Point", "coordinates": [ 38.963024, 45.007126 ] } },
{ "type": "Feature", "properties": { "ID": 125903, "Address": "Индустриальная улица, 54/1", "lat": 45.006979, "long": 38.96076, "population": 20000.0, "Pedestrian traffic": 46000.0, "car traffic": 29000.0, "poi_count": 10 }, "geometry": { "type": "Point", "coordinates": [ 38.96076, 45.006979 ] } },
{ "type": "Feature", "properties": { "ID": 321994, "Address": "улица Коммунаров, 12", "lat": 45.015365, "long": 38.972061, "population": 20000.0, "Pedestrian traffic": 46000.0, "car traffic": 29000.0, "poi_count": 60 }, "geometry": { "type": "Point", "coordinates": [ 38.972061, 45.015365 ] } },
{ "type": "Feature", "properties": { "ID": 50008881, "Address": "Советская улица, 59", "lat": 45.016945, "long": 38.97454, "population": 20000.0, "Pedestrian traffic": 46000.0, "car traffic": 29000.0, "poi_count": 33 }, "geometry": { "type": "Point", "coordinates": [ 38.97454, 45.016945 ] } },
{ "type": "Feature", "properties": { "ID": 50019523, "Address": "улица Коммунаров, 33", "lat": 45.019831, "long": 38.973067, "population": 20000.0, "Pedestrian traffic": 46000.0, "car traffic": 29000.0, "poi_count": 74 }, "geometry": { "type": "Point", "coordinates": [ 38.973067, 45.019831 ] } },
{ "type": "Feature", "properties": { "ID": 306046, "Address": "улица Мира, 55", "lat": 45.019621, "long": 38.978125, "population": 21000.0, "Pedestrian traffic": 95000.0, "car traffic": 52000.0, "poi_count": 26 }, "geometry": { "type": "Point", "coordinates": [ 38.978125, 45.019621 ] } },
{ "type": "Feature", "properties": { "ID": 172240, "Address": "улица Ленина, 90/2", "lat": 45.019774, "long": 38.983613, "population": 7500.0, "Pedestrian traffic": 20000.0, "car traffic": 20000.0, "poi_count": 36 }, "geometry": { "type": "Point", "coordinates": [ 38.983613, 45.019774 ] } },
{ "type": "Feature", "properties": { "ID": 159277, "Address": "улица Ленина, 52", "lat": 45.023087, "long": 38.973741, "population": 21000.0, "Pedestrian traffic": 95000.0, "car traffic": 52000.0, "poi_count": 117 }, "geometry": { "type": "Point", "coordinates": [ 38.973741, 45.023087 ] } },
{ "type": "Feature", "properties": { "ID": 50006259, "Address": "улица Митрофана Седина, 51А", "lat": 45.023469, "long": 38.976723, "population": 21000.0, "Pedestrian traffic": 95000.0, "car traffic": 52000.0, "poi_count": 47 }, "geometry": { "type": "Point", "coordinates": [ 38.976723, 45.023469 ] } },
{ "type": "Feature", "properties": { "ID": 50017354, "Address": "улица Гоголя, 75", "lat": 45.026132, "long": 38.976454, "population": 21000.0, "Pedestrian traffic": 95000.0, "car traffic": 52000.0, "poi_count": 156 }, "geometry": { "type": "Point", "coordinates": [ 38.976454, 45.026132 ] } },
{ "type": "Feature", "properties": { "ID": 50005049, "Address": "улица Леваневского, 40", "lat": 45.026393, "long": 38.98232, "population": 21000.0, "Pedestrian traffic": 95000.0, "car traffic": 52000.0, "poi_count": 12 }, "geometry": { "type": "Point", "coordinates": [ 38.98232, 45.026393 ] } },
{ "type": "Feature", "properties": { "ID": 50008255, "Address": "улица Горького, 169", "lat": 45.02984, "long": 38.982868, "population": 21000.0, "Pedestrian traffic": 95000.0, "car traffic": 52000.0, "poi_count": 14 }, "geometry": { "type": "Point", "coordinates": [ 38.982868, 45.02984 ] } },
{ "type": "Feature", "properties": { "ID": 50011386, "Address": "улица Митрофана Седина, 102", "lat": 45.02982, "long": 38.979266, "population": 21000.0, "Pedestrian traffic": 95000.0, "car traffic": 52000.0, "poi_count": 28 }, "geometry": { "type": "Point", "coordinates": [ 38.979266, 45.02982 ] } },
{ "type": "Feature", "properties": { "ID": 134871, "Address": "улица Коммунаров, 109", "lat": 45.032407, "long": 38.977262, "population": 21000.0, "Pedestrian traffic": 95000.0, "car traffic": 52000.0, "poi_count": 68 }, "geometry": { "type": "Point", "coordinates": [ 38.977262, 45.032407 ] } },
{ "type": "Feature", "properties": { "ID": 329651, "Address": "улица Митрофана Седина, 141", "lat": 45.033986, "long": 38.9802, "population": 21000.0, "Pedestrian traffic": 95000.0, "car traffic": 52000.0, "poi_count": 26 }, "geometry": { "type": "Point", "coordinates": [ 38.9802, 45.033986 ] } },
{ "type": "Feature", "properties": { "ID": 317079, "Address": "улица Суворова, 137", "lat": 45.023297, "long": 38.987099, "population": 21000.0, "Pedestrian traffic": 95000.0, "car traffic": 52000.0, "poi_count": 36 }, "geometry": { "type": "Point", "coordinates": [ 38.987099, 45.023297 ] } },
{ "type": "Feature", "properties": { "ID": 327650, "Address": "Железнодорожная улица, 23/1", "lat": 45.023597, "long": 38.991213, "population": 21000.0, "Pedestrian traffic": 95000.0, "car traffic": 52000.0, "poi_count": 39 }, "geometry": { "type": "Point", "coordinates": [ 38.991213, 45.023597 ] } },
{ "type": "Feature", "properties": { "ID": 144910, "Address": "Железнодорожная улица, 31", "lat": 45.023896, "long": 38.992192, "population": 21000.0, "Pedestrian traffic": 95000.0, "car traffic": 52000.0, "poi_count": 31 }, "geometry": { "type": "Point", "coordinates": [ 38.992192, 45.023896 ] } },
{ "type": "Feature", "properties": { "ID": 50022194, "Address": "Казачья улица, 22/1", "lat": 45.03019, "long": 38.99495, "population": 21000.0, "Pedestrian traffic": 95000.0, "car traffic": 52000.0, "poi_count": 8 }, "geometry": { "type": "Point", "coordinates": [ 38.99495, 45.03019 ] } },
{ "type": "Feature", "properties": { "ID": 169830, "Address": "Садовая улица, 6", "lat": 45.029158, "long": 38.991231, "population": 21000.0, "Pedestrian traffic": 95000.0, "car traffic": 52000.0, "poi_count": 22 }, "geometry": { "type": "Point", "coordinates": [ 38.991231, 45.029158 ] } },
{ "type": "Feature", "properties": { "ID": 50002078, "Address": "Длинная улица, 203", "lat": 45.032738, "long": 38.984961, "population": 21000.0, "Pedestrian traffic": 95000.0, "car traffic": 52000.0, "poi_count": 9 }, "geometry": { "type": "Point", "coordinates": [ 38.984961, 45.032738 ] } },
{ "type": "Feature", "properties": { "ID": 311084, "Address": "улица Володарского, 5/1", "lat": 45.029502, "long": 39.003646, "population": 25000.0, "Pedestrian traffic": 50000.0, "car traffic": 47000.0, "poi_count": 13 }, "geometry": { "type": "Point", "coordinates": [ 39.003646, 45.029502 ] } },
{ "type": "Feature", "properties": { "ID": 312025, "Address": "Промышленная улица, 19/1", "lat": 45.042139, "long": 38.986892, "population": 21000.0, "Pedestrian traffic": 95000.0, "car traffic": 52000.0, "poi_count": 30 }, "geometry": { "type": "Point", "coordinates": [ 38.986892, 45.042139 ] } },
{ "type": "Feature", "properties": { "ID": 50032099, "Address": "Промышленная улица, 21/9", "lat": 45.041031, "long": 38.989435, "population": 21000.0, "Pedestrian traffic": 95000.0, "car traffic": 52000.0, "poi_count": 37 }, "geometry": { "type": "Point", "coordinates": [ 38.989435, 45.041031 ] } },
{ "type": "Feature", "properties": { "ID": 172245, "Address": "улица Леваневского, 187", "lat": 45.040139, "long": 38.986829, "population": 21000.0, "Pedestrian traffic": 95000.0, "car traffic": 52000.0, "poi_count": 44 }, "geometry": { "type": "Point", "coordinates": [ 38.986829, 45.040139 ] } },
{ "type": "Feature", "properties": { "ID": 206380, "Address": "улица Володи Головатого, 335", "lat": 45.038063, "long": 38.979921, "population": 21000.0, "Pedestrian traffic": 95000.0, "car traffic": 52000.0, "poi_count": 66 }, "geometry": { "type": "Point", "coordinates": [ 38.979921, 45.038063 ] } },
{ "type": "Feature", "properties": { "ID": 50013942, "Address": "Красноармейская улица, 131", "lat": 45.038993, "long": 38.977199, "population": 21000.0, "Pedestrian traffic": 95000.0, "car traffic": 52000.0, "poi_count": 170 }, "geometry": { "type": "Point", "coordinates": [ 38.977199, 45.038993 ] } },
{ "type": "Feature", "properties": { "ID": 50006250, "Address": "улица Хакурате, 10к1", "lat": 45.041674, "long": 38.978628, "population": 21000.0, "Pedestrian traffic": 95000.0, "car traffic": 52000.0, "poi_count": 103 }, "geometry": { "type": "Point", "coordinates": [ 38.978628, 45.041674 ] } },
{ "type": "Feature", "properties": { "ID": 213607, "Address": "улица Хакурате, 4", "lat": 45.042305, "long": 38.975475, "population": 39000.0, "Pedestrian traffic": 95000.0, "car traffic": 51000.0, "poi_count": 127 }, "geometry": { "type": "Point", "coordinates": [ 38.975475, 45.042305 ] } },
{ "type": "Feature", "properties": { "ID": 50016730, "Address": "Садовая улица, 112", "lat": 45.040356, "long": 38.995211, "population": 25000.0, "Pedestrian traffic": 52000.0, "car traffic": 41000.0, "poi_count": 40 }, "geometry": { "type": "Point", "coordinates": [ 38.995211, 45.040356 ] } },
{ "type": "Feature", "properties": { "ID": 130439, "Address": "Березанская улица, 89", "lat": 45.039929, "long": 38.998606, "population": 25000.0, "Pedestrian traffic": 52000.0, "car traffic": 41000.0, "poi_count": 10 }, "geometry": { "type": "Point", "coordinates": [ 38.998606, 45.039929 ] } },
{ "type": "Feature", "properties": { "ID": 50001545, "Address": "Садовая улица, 85", "lat": 45.035598, "long": 38.993046, "population": 21000.0, "Pedestrian traffic": 95000.0, "car traffic": 52000.0, "poi_count": 52 }, "geometry": { "type": "Point", "coordinates": [ 38.993046, 45.035598 ] } },
{ "type": "Feature", "properties": { "ID": 126997, "Address": "Северная улица, 411", "lat": 45.037228, "long": 38.996576, "population": 25000.0, "Pedestrian traffic": 52000.0, "car traffic": 41000.0, "poi_count": 44 }, "geometry": { "type": "Point", "coordinates": [ 38.996576, 45.037228 ] } },
{ "type": "Feature", "properties": { "ID": 50009505, "Address": "Северная улица, 500", "lat": 45.036502, "long": 38.998238, "population": 25000.0, "Pedestrian traffic": 52000.0, "car traffic": 41000.0, "poi_count": 27 }, "geometry": { "type": "Point", "coordinates": [ 38.998238, 45.036502 ] } },
{ "type": "Feature", "properties": { "ID": 311084, "Address": "улица Володарского, 5/1", "lat": 45.029502, "long": 39.003646, "population": 25000.0, "Pedestrian traffic": 50000.0, "car traffic": 47000.0, "poi_count": 13 }, "geometry": { "type": "Point", "coordinates": [ 39.003646, 45.029502 ] } },
{ "type": "Feature", "properties": { "ID": 214958, "Address": "улица Володарского, 47", "lat": 45.034286, "long": 39.005263, "population": 25000.0, "Pedestrian traffic": 50000.0, "car traffic": 47000.0, "poi_count": 21 }, "geometry": { "type": "Point", "coordinates": [ 39.005263, 45.034286 ] } },
{ "type": "Feature", "properties": { "ID": 3090, "Address": "Промышленная улица, 49/2", "lat": 45.038751, "long": 39.003942, "population": 25000.0, "Pedestrian traffic": 52000.0, "car traffic": 41000.0, "poi_count": 12 }, "geometry": { "type": "Point", "coordinates": [ 39.003942, 45.038751 ] } },
{ "type": "Feature", "properties": { "ID": 335637, "Address": "Передовая улица, 65", "lat": 45.039114, "long": 39.008605, "population": 25000.0, "Pedestrian traffic": 52000.0, "car traffic": 41000.0, "poi_count": 9 }, "geometry": { "type": "Point", "coordinates": [ 39.008605, 45.039114 ] } },
{ "type": "Feature", "properties": { "ID": 314375, "Address": "улица 9 Мая, 48/1к1", "lat": 45.033095, "long": 39.019941, "population": 25000.0, "Pedestrian traffic": 50000.0, "car traffic": 47000.0, "poi_count": 20 }, "geometry": { "type": "Point", "coordinates": [ 39.019941, 45.033095 ] } },
{ "type": "Feature", "properties": { "ID": 50034108, "Address": "Плановый проезд, 9", "lat": 45.034165, "long": 39.01721, "population": 25000.0, "Pedestrian traffic": 50000.0, "car traffic": 47000.0, "poi_count": 29 }, "geometry": { "type": "Point", "coordinates": [ 39.01721, 45.034165 ] } },
{ "type": "Feature", "properties": { "ID": 137023, "Address": "улица Филатова, 19", "lat": 45.035725, "long": 39.015549, "population": 25000.0, "Pedestrian traffic": 50000.0, "car traffic": 47000.0, "poi_count": 35 }, "geometry": { "type": "Point", "coordinates": [ 39.015549, 45.035725 ] } },
{ "type": "Feature", "properties": { "ID": 50017960, "Address": "Школьная улица, 5", "lat": 45.036604, "long": 39.017938, "population": 25000.0, "Pedestrian traffic": 50000.0, "car traffic": 47000.0, "poi_count": 45 }, "geometry": { "type": "Point", "coordinates": [ 39.017938, 45.036604 ] } },
{ "type": "Feature", "properties": { "ID": 123498, "Address": "Школьная улица, 13", "lat": 45.03663, "long": 39.022331, "population": 25000.0, "Pedestrian traffic": 41000.0, "car traffic": 42000.0, "poi_count": 51 }, "geometry": { "type": "Point", "coordinates": [ 39.022331, 45.03663 ] } },
{ "type": "Feature", "properties": { "ID": 308981, "Address": "улица Академика Пустовойта, 4/1", "lat": 45.038502, "long": 39.019636, "population": 25000.0, "Pedestrian traffic": 41000.0, "car traffic": 42000.0, "poi_count": 53 }, "geometry": { "type": "Point", "coordinates": [ 39.019636, 45.038502 ] } },
{ "type": "Feature", "properties": { "ID": 110564, "Address": "Черниговская улица, 8", "lat": 45.039419, "long": 39.019295, "population": 25000.0, "Pedestrian traffic": 41000.0, "car traffic": 42000.0, "poi_count": 38 }, "geometry": { "type": "Point", "coordinates": [ 39.019295, 45.039419 ] } },
{ "type": "Feature", "properties": { "ID": 317467, "Address": "улица Академика Пустовойта, 25", "lat": 45.041311, "long": 39.024235, "population": 25000.0, "Pedestrian traffic": 41000.0, "car traffic": 42000.0, "poi_count": 46 }, "geometry": { "type": "Point", "coordinates": [ 39.024235, 45.041311 ] } },
{ "type": "Feature", "properties": { "ID": 304144, "Address": "улица имени Валерия Гассия, 4/7к2", "lat": 44.986264, "long": 39.069816, "population": 0.0, "Pedestrian traffic": 0.0, "car traffic": 0.0, "poi_count": 5 }, "geometry": { "type": "Point", "coordinates": [ 39.069816, 44.986264 ] } },
{ "type": "Feature", "properties": { "ID": 50002914, "Address": "улица имени Валерия Гассия, 4/7к4", "lat": 44.987125, "long": 39.070957, "population": 0.0, "Pedestrian traffic": 0.0, "car traffic": 0.0, "poi_count": 7 }, "geometry": { "type": "Point", "coordinates": [ 39.070957, 44.987125 ] } },
{ "type": "Feature", "properties": { "ID": 308716, "Address": "улица имени Валерия Гассия, 4/4", "lat": 44.988993, "long": 39.070022, "population": 0.0, "Pedestrian traffic": 0.0, "car traffic": 0.0, "poi_count": 15 }, "geometry": { "type": "Point", "coordinates": [ 39.070022, 44.988993 ] } },
{ "type": "Feature", "properties": { "ID": 157942, "Address": "улица имени Валерия Гассия, 10", "lat": 44.9897, "long": 39.072107, "population": 0.0, "Pedestrian traffic": 0.0, "car traffic": 0.0, "poi_count": 21 }, "geometry": { "type": "Point", "coordinates": [ 39.072107, 44.9897 ] } },
{ "type": "Feature", "properties": { "ID": 157965, "Address": "улица имени Валерия Гассия, 4/1", "lat": 44.99021, "long": 39.068989, "population": 0.0, "Pedestrian traffic": 0.0, "car traffic": 0.0, "poi_count": 18 }, "geometry": { "type": "Point", "coordinates": [ 39.068989, 44.99021 ] } },
{ "type": "Feature", "properties": { "ID": 50016277, "Address": "\nулица имени Валерия Гассия, 22", "lat": 44.989585, "long": 39.075089, "population": 36000.0, "Pedestrian traffic": 21000.0, "car traffic": 6500.0, "poi_count": 9 }, "geometry": { "type": "Point", "coordinates": [ 39.075089, 44.989585 ] } },
{ "type": "Feature", "properties": { "ID": 207218, "Address": "улица имени Валерия Гассия, 13", "lat": 44.99174, "long": 39.074271, "population": 36000.0, "Pedestrian traffic": 21000.0, "car traffic": 6500.0, "poi_count": 18 }, "geometry": { "type": "Point", "coordinates": [ 39.074271, 44.99174 ] } },
{ "type": "Feature", "properties": { "ID": 50019372, "Address": "Кружевная улица, 7", "lat": 44.992301, "long": 39.06492, "population": 0.0, "Pedestrian traffic": 0.0, "car traffic": 0.0, "poi_count": 13 }, "geometry": { "type": "Point", "coordinates": [ 39.06492, 44.992301 ] } },
{ "type": "Feature", "properties": { "ID": 141550, "Address": "Кружевная улица, 5", "lat": 44.992734, "long": 39.065854, "population": 0.0, "Pedestrian traffic": 0.0, "car traffic": 0.0, "poi_count": 15 }, "geometry": { "type": "Point", "coordinates": [ 39.065854, 44.992734 ] } },
{ "type": "Feature", "properties": { "ID": 3849, "Address": "улица Автолюбителей, 1Дк1", "lat": 44.995883, "long": 39.068136, "population": 36000.0, "Pedestrian traffic": 21000.0, "car traffic": 6500.0, "poi_count": 14 }, "geometry": { "type": "Point", "coordinates": [ 39.068136, 44.995883 ] } },
{ "type": "Feature", "properties": { "ID": 50017560, "Address": "улица Автолюбителей, 1Гк2", "lat": 44.99647, "long": 39.066178, "population": 10000.0, "Pedestrian traffic": 9000.0, "car traffic": 5000.0, "poi_count": 13 }, "geometry": { "type": "Point", "coordinates": [ 39.066178, 44.99647 ] } },
{ "type": "Feature", "properties": { "ID": 323326, "Address": "улица Автолюбителей, 1/7к3", "lat": 44.997967, "long": 39.067265, "population": 10000.0, "Pedestrian traffic": 9000.0, "car traffic": 5000.0, "poi_count": 13 }, "geometry": { "type": "Point", "coordinates": [ 39.067265, 44.997967 ] } },
{ "type": "Feature", "properties": { "ID": 161324, "Address": "улица Автолюбителей, 1/7к2", "lat": 44.999127, "long": 39.065818, "population": 10000.0, "Pedestrian traffic": 9000.0, "car traffic": 5000.0, "poi_count": 8 }, "geometry": { "type": "Point", "coordinates": [ 39.065818, 44.999127 ] } },
{ "type": "Feature", "properties": { "ID": 150554, "Address": "улица Автолюбителей, 1/3к1", "lat": 45.000313, "long": 39.067292, "population": 10000.0, "Pedestrian traffic": 9000.0, "car traffic": 5000.0, "poi_count": 13 }, "geometry": { "type": "Point", "coordinates": [ 39.067292, 45.000313 ] } },
{ "type": "Feature", "properties": { "ID": 150729, "Address": "улица имени Валерия Гассия, 21", "lat": 44.99283, "long": 39.076526, "population": 36000.0, "Pedestrian traffic": 21000.0, "car traffic": 6500.0, "poi_count": 17 }, "geometry": { "type": "Point", "coordinates": [ 39.076526, 44.99283 ] } },
{ "type": "Feature", "properties": { "ID": 308260, "Address": "проспект имени писателя Знаменского, 32", "lat": 44.994309, "long": 39.075251, "population": 36000.0, "Pedestrian traffic": 21000.0, "car traffic": 6500.0, "poi_count": 22 }, "geometry": { "type": "Point", "coordinates": [ 39.075251, 44.994309 ] } },
{ "type": "Feature", "properties": { "ID": 170609, "Address": "проспект имени писателя Знаменского, 12", "lat": 44.996642, "long": 39.073535, "population": 36000.0, "Pedestrian traffic": 21000.0, "car traffic": 6500.0, "poi_count": 31 }, "geometry": { "type": "Point", "coordinates": [ 39.073535, 44.996642 ] } },
{ "type": "Feature", "properties": { "ID": 308296, "Address": "проспект имени писателя Знаменского, 9к2", "lat": 44.996266, "long": 39.075673, "population": 36000.0, "Pedestrian traffic": 21000.0, "car traffic": 6500.0, "poi_count": 27 }, "geometry": { "type": "Point", "coordinates": [ 39.075673, 44.996266 ] } },
{ "type": "Feature", "properties": { "ID": 211593, "Address": "проспект имени писателя Знаменского, 9к3", "lat": 44.995386, "long": 39.076391, "population": 36000.0, "Pedestrian traffic": 21000.0, "car traffic": 6500.0, "poi_count": 25 }, "geometry": { "type": "Point", "coordinates": [ 39.076391, 44.995386 ] } },
{ "type": "Feature", "properties": { "ID": 308296, "Address": "проспект имени писателя Знаменского, 9к2", "lat": 44.996266, "long": 39.075673, "population": 36000.0, "Pedestrian traffic": 21000.0, "car traffic": 6500.0, "poi_count": 27 }, "geometry": { "type": "Point", "coordinates": [ 39.075673, 44.996266 ] } },
{ "type": "Feature", "properties": { "ID": 50016142, "Address": "улица имени Снесарева, 18", "lat": 44.995105, "long": 39.078808, "population": 36000.0, "Pedestrian traffic": 21000.0, "car traffic": 6500.0, "poi_count": 13 }, "geometry": { "type": "Point", "coordinates": [ 39.078808, 44.995105 ] } },
{ "type": "Feature", "properties": { "ID": 151814, "Address": "улица имени Снесарева, 10к3", "lat": 44.996304, "long": 39.078682, "population": 36000.0, "Pedestrian traffic": 21000.0, "car traffic": 6500.0, "poi_count": 21 }, "geometry": { "type": "Point", "coordinates": [ 39.078682, 44.996304 ] } },
{ "type": "Feature", "properties": { "ID": 308309, "Address": "улица имени Снесарева, 10к1", "lat": 44.996948, "long": 39.079122, "population": 36000.0, "Pedestrian traffic": 21000.0, "car traffic": 6500.0, "poi_count": 21 }, "geometry": { "type": "Point", "coordinates": [ 39.079122, 44.996948 ] } },
{ "type": "Feature", "properties": { "ID": 50008206, "Address": "улица имени Невкипелого, 10", "lat": 44.998375, "long": 39.076266, "population": 36000.0, "Pedestrian traffic": 21000.0, "car traffic": 6500.0, "poi_count": 41 }, "geometry": { "type": "Point", "coordinates": [ 39.076266, 44.998375 ] } },
{ "type": "Feature", "properties": { "ID": 125738, "Address": "улица имени Невкипелого, 6", "lat": 44.999797, "long": 39.075655, "population": 36000.0, "Pedestrian traffic": 21000.0, "car traffic": 6500.0, "poi_count": 33 }, "geometry": { "type": "Point", "coordinates": [ 39.075655, 44.999797 ] } },
{ "type": "Feature", "properties": { "ID": 160054, "Address": "улица имени Невкипелого, 21/4", "lat": 45.00044, "long": 39.076553, "population": 36000.0, "Pedestrian traffic": 21000.0, "car traffic": 6500.0, "poi_count": 28 }, "geometry": { "type": "Point", "coordinates": [ 39.076553, 45.00044 ] } },
{ "type": "Feature", "properties": { "ID": 50005090, "Address": "улица имени Снесарева, 17/1к1", "lat": 44.995118, "long": 39.089192, "population": 36000.0, "Pedestrian traffic": 21000.0, "car traffic": 6500.0, "poi_count": 2 }, "geometry": { "type": "Point", "coordinates": [ 39.089192, 44.995118 ] } },
{ "type": "Feature", "properties": { "ID": 132759, "Address": "улица имени Невкипелого, 24/2к1", "lat": 44.997853, "long": 39.08718, "population": 36000.0, "Pedestrian traffic": 21000.0, "car traffic": 6500.0, "poi_count": 2 }, "geometry": { "type": "Point", "coordinates": [ 39.08718, 44.997853 ] } },
{ "type": "Feature", "properties": { "ID": 211201, "Address": "улица Гидростроителей, 59/2лит1", "lat": 45.001957, "long": 39.087162, "population": 36000.0, "Pedestrian traffic": 21000.0, "car traffic": 6500.0, "poi_count": 12 }, "geometry": { "type": "Point", "coordinates": [ 39.087162, 45.001957 ] } },
{ "type": "Feature", "properties": { "ID": 157562, "Address": "улица Гидростроителей, 62к2", "lat": 45.002798, "long": 39.085743, "population": 36000.0, "Pedestrian traffic": 21000.0, "car traffic": 6500.0, "poi_count": 17 }, "geometry": { "type": "Point", "coordinates": [ 39.085743, 45.002798 ] } },
{ "type": "Feature", "properties": { "ID": 211055, "Address": "улица имени Дмитрия Благоева, 31к2", "lat": 45.002206, "long": 39.082805, "population": 36000.0, "Pedestrian traffic": 21000.0, "car traffic": 6500.0, "poi_count": 24 }, "geometry": { "type": "Point", "coordinates": [ 39.082805, 45.002206 ] } },
{ "type": "Feature", "properties": { "ID": 211508, "Address": "улица имени Дмитрия Благоева, 48", "lat": 45.00262, "long": 39.081458, "population": 36000.0, "Pedestrian traffic": 21000.0, "car traffic": 6500.0, "poi_count": 26 }, "geometry": { "type": "Point", "coordinates": [ 39.081458, 45.00262 ] } },
{ "type": "Feature", "properties": { "ID": 103125, "Address": "улица Гидростроителей, 61", "lat": 45.003538, "long": 39.084548, "population": 36000.0, "Pedestrian traffic": 21000.0, "car traffic": 6500.0, "poi_count": 24 }, "geometry": { "type": "Point", "coordinates": [ 39.084548, 45.003538 ] } },
{ "type": "Feature", "properties": { "ID": 50018097, "Address": "улица Гидростроителей, 65", "lat": 45.004086, "long": 39.085851, "population": 36000.0, "Pedestrian traffic": 21000.0, "car traffic": 6500.0, "poi_count": 22 }, "geometry": { "type": "Point", "coordinates": [ 39.085851, 45.004086 ] } },
{ "type": "Feature", "properties": { "ID": 50016375, "Address": "улица Трудовой Славы, 62Ак3", "lat": 45.006208, "long": 39.088447, "population": 36000.0, "Pedestrian traffic": 21000.0, "car traffic": 6500.0, "poi_count": 5 }, "geometry": { "type": "Point", "coordinates": [ 39.088447, 45.006208 ] } },
{ "type": "Feature", "properties": { "ID": 211709, "Address": "улица Трудовой Славы, 29/1", "lat": 45.006858, "long": 39.086336, "population": 36000.0, "Pedestrian traffic": 21000.0, "car traffic": 6500.0, "poi_count": 9 }, "geometry": { "type": "Point", "coordinates": [ 39.086336, 45.006858 ] } },
{ "type": "Feature", "properties": { "ID": 202312, "Address": "улица имени Дмитрия Благоева, 29к1", "lat": 45.005297, "long": 39.083021, "population": 36000.0, "Pedestrian traffic": 21000.0, "car traffic": 6500.0, "poi_count": 40 }, "geometry": { "type": "Point", "coordinates": [ 39.083021, 45.005297 ] } },
{ "type": "Feature", "properties": { "ID": 134717, "Address": "улица имени Дмитрия Благоева, 27/6", "lat": 45.005928, "long": 39.08162, "population": 36000.0, "Pedestrian traffic": 21000.0, "car traffic": 6500.0, "poi_count": 38 }, "geometry": { "type": "Point", "coordinates": [ 39.08162, 45.005928 ] } },
{ "type": "Feature", "properties": { "ID": 214183, "Address": "улица имени Дмитрия Благоева, 19", "lat": 45.007725, "long": 39.080425, "population": 36000.0, "Pedestrian traffic": 21000.0, "car traffic": 6500.0, "poi_count": 33 }, "geometry": { "type": "Point", "coordinates": [ 39.080425, 45.007725 ] } },
{ "type": "Feature", "properties": { "ID": 312425, "Address": "улица имени Игнатова, 63/1", "lat": 45.003149, "long": 39.071585, "population": 36000.0, "Pedestrian traffic": 21000.0, "car traffic": 6500.0, "poi_count": 54 }, "geometry": { "type": "Point", "coordinates": [ 39.071585, 45.003149 ] } },
{ "type": "Feature", "properties": { "ID": 173129, "Address": "улица Трудовой Славы, 10", "lat": 45.005354, "long": 39.071136, "population": 36000.0, "Pedestrian traffic": 21000.0, "car traffic": 6500.0, "poi_count": 67 }, "geometry": { "type": "Point", "coordinates": [ 39.071136, 45.005354 ] } },
{ "type": "Feature", "properties": { "ID": 322864, "Address": "улица имени Игнатова, 55", "lat": 45.006476, "long": 39.072663, "population": 36000.0, "Pedestrian traffic": 21000.0, "car traffic": 6500.0, "poi_count": 66 }, "geometry": { "type": "Point", "coordinates": [ 39.072663, 45.006476 ] } },
{ "type": "Feature", "properties": { "ID": 111208, "Address": "улица имени Игнатова, 16", "lat": 45.007425, "long": 39.071936, "population": 28000.0, "Pedestrian traffic": 34000.0, "car traffic": 24000.0, "poi_count": 74 }, "geometry": { "type": "Point", "coordinates": [ 39.071936, 45.007425 ] } },
{ "type": "Feature", "properties": { "ID": 162886, "Address": "улица Автолюбителей, 52/3", "lat": 45.008623, "long": 39.068163, "population": 28000.0, "Pedestrian traffic": 34000.0, "car traffic": 24000.0, "poi_count": 53 }, "geometry": { "type": "Point", "coordinates": [ 39.068163, 45.008623 ] } },
{ "type": "Feature", "properties": { "ID": 364170, "Address": "Парусная улица, 20/2", "lat": 45.004468, "long": 39.064094, "population": 10000.0, "Pedestrian traffic": 9000.0, "car traffic": 5000.0, "poi_count": 9 }, "geometry": { "type": "Point", "coordinates": [ 39.064094, 45.004468 ] } },
{ "type": "Feature", "properties": { "ID": 50015247, "Address": "Парусная улица, 10к1", "lat": 45.005603, "long": 39.062962, "population": 10000.0, "Pedestrian traffic": 9000.0, "car traffic": 5000.0, "poi_count": 9 }, "geometry": { "type": "Point", "coordinates": [ 39.062962, 45.005603 ] } },
{ "type": "Feature", "properties": { "ID": 50019608, "Address": "улица имени Игнатова, 41", "lat": 45.009235, "long": 39.073319, "population": 28000.0, "Pedestrian traffic": 34000.0, "car traffic": 24000.0, "poi_count": 31 }, "geometry": { "type": "Point", "coordinates": [ 39.073319, 45.009235 ] } },
{ "type": "Feature", "properties": { "ID": 323085, "Address": "улица имени Игнатова, 4/4", "lat": 45.011032, "long": 39.070795, "population": 28000.0, "Pedestrian traffic": 34000.0, "car traffic": 24000.0, "poi_count": 55 }, "geometry": { "type": "Point", "coordinates": [ 39.070795, 45.011032 ] } },
{ "type": "Feature", "properties": { "ID": 124885, "Address": "улица имени В.Н. Мачуги, 6", "lat": 45.011867, "long": 39.069789, "population": 28000.0, "Pedestrian traffic": 34000.0, "car traffic": 24000.0, "poi_count": 47 }, "geometry": { "type": "Point", "coordinates": [ 39.069789, 45.011867 ] } },
{ "type": "Feature", "properties": { "ID": 164144, "Address": "улица имени Игнатова, 5", "lat": 45.011057, "long": 39.0749, "population": 28000.0, "Pedestrian traffic": 34000.0, "car traffic": 24000.0, "poi_count": 27 }, "geometry": { "type": "Point", "coordinates": [ 39.0749, 45.011057 ] } },
{ "type": "Feature", "properties": { "ID": 311985, "Address": "улица имени В.Н. Мачуги, 68/4", "lat": 45.011663, "long": 39.076796, "population": 28000.0, "Pedestrian traffic": 34000.0, "car traffic": 24000.0, "poi_count": 21 }, "geometry": { "type": "Point", "coordinates": [ 39.076796, 45.011663 ] } },
{ "type": "Feature", "properties": { "ID": 340344, "Address": "Трамвайная улица, 15", "lat": 45.015358, "long": 39.064282, "population": 28000.0, "Pedestrian traffic": 34000.0, "car traffic": 24000.0, "poi_count": 25 }, "geometry": { "type": "Point", "coordinates": [ 39.064282, 45.015358 ] } },
{ "type": "Feature", "properties": { "ID": 307096, "Address": "улица Кирова, 28", "lat": 45.01388, "long": 39.073328, "population": 28000.0, "Pedestrian traffic": 34000.0, "car traffic": 24000.0, "poi_count": 20 }, "geometry": { "type": "Point", "coordinates": [ 39.073328, 45.01388 ] } },
{ "type": "Feature", "properties": { "ID": 327619, "Address": "улица имени Дмитрия Благоева, 5", "lat": 45.011542, "long": 39.08091, "population": 28000.0, "Pedestrian traffic": 34000.0, "car traffic": 24000.0, "poi_count": 16 }, "geometry": { "type": "Point", "coordinates": [ 39.08091, 45.011542 ] } },
{ "type": "Feature", "properties": { "ID": 322154, "Address": "Колхозная улица, 17", "lat": 45.014511, "long": 39.080218, "population": 28000.0, "Pedestrian traffic": 34000.0, "car traffic": 24000.0, "poi_count": 17 }, "geometry": { "type": "Point", "coordinates": [ 39.080218, 45.014511 ] } },
{ "type": "Feature", "properties": { "ID": 50002241, "Address": "улица имени Евдокии Бершанской, 1/3", "lat": 45.018213, "long": 39.079715, "population": 28000.0, "Pedestrian traffic": 34000.0, "car traffic": 24000.0, "poi_count": 9 }, "geometry": { "type": "Point", "coordinates": [ 39.079715, 45.018213 ] } },
{ "type": "Feature", "properties": { "ID": 143503, "Address": "Садовая улица, 6", "lat": 45.029158, "long": 38.991231, "population": 21000.0, "Pedestrian traffic": 95000.0, "car traffic": 52000.0, "poi_count": 22 }, "geometry": { "type": "Point", "coordinates": [ 38.991231, 45.029158 ] } },
{ "type": "Feature", "properties": { "ID": 310983, "Address": "улица Трудовой Славы, 43", "lat": 45.008241, "long": 39.093819, "population": 14000.0, "Pedestrian traffic": 14000.0, "car traffic": 30000.0, "poi_count": 2 }, "geometry": { "type": "Point", "coordinates": [ 39.093819, 45.008241 ] } },
{ "type": "Feature", "properties": { "ID": 5719, "Address": "Горячеключевская улица, 7", "lat": 45.004991, "long": 39.108982, "population": 14000.0, "Pedestrian traffic": 14000.0, "car traffic": 30000.0, "poi_count": 15 }, "geometry": { "type": "Point", "coordinates": [ 39.108982, 45.004991 ] } },
{ "type": "Feature", "properties": { "ID": 157560, "Address": "улица Леонида Лаврова, 8к1ск3", "lat": 45.006061, "long": 39.10697, "population": 14000.0, "Pedestrian traffic": 14000.0, "car traffic": 30000.0, "poi_count": 14 }, "geometry": { "type": "Point", "coordinates": [ 39.10697, 45.006061 ] } },
{ "type": "Feature", "properties": { "ID": 50007996, "Address": "улица Леонида Лаврова, 4", "lat": 45.007106, "long": 39.105245, "population": 14000.0, "Pedestrian traffic": 14000.0, "car traffic": 30000.0, "poi_count": 12 }, "geometry": { "type": "Point", "coordinates": [ 39.105245, 45.007106 ] } },
{ "type": "Feature", "properties": { "ID": 50009382, "Address": "Бородинская улица, 156/2", "lat": 45.009369, "long": 39.100951, "population": 14000.0, "Pedestrian traffic": 14000.0, "car traffic": 30000.0, "poi_count": 13 }, "geometry": { "type": "Point", "coordinates": [ 39.100951, 45.009369 ] } },
{ "type": "Feature", "properties": { "ID": 143340, "Address": "Бородинская улица, 152/А", "lat": 45.010777, "long": 39.099577, "population": 14000.0, "Pedestrian traffic": 14000.0, "car traffic": 30000.0, "poi_count": 19 }, "geometry": { "type": "Point", "coordinates": [ 39.099577, 45.010777 ] } },
{ "type": "Feature", "properties": { "ID": 310983, "Address": "улица Трудовой Славы, 43", "lat": 45.008241, "long": 39.093819, "population": 14000.0, "Pedestrian traffic": 14000.0, "car traffic": 30000.0, "poi_count": 2 }, "geometry": { "type": "Point", "coordinates": [ 39.093819, 45.008241 ] } },
{ "type": "Feature", "properties": { "ID": 171863, "Address": "улица имени В.Н. Мачуги, 166к1", "lat": 45.013899, "long": 39.094537, "population": 14000.0, "Pedestrian traffic": 14000.0, "car traffic": 30000.0, "poi_count": 13 }, "geometry": { "type": "Point", "coordinates": [ 39.094537, 45.013899 ] } },
{ "type": "Feature", "properties": { "ID": 50005901, "Address": "\nулица имени В.Н. Мачуги, 166Ак1", "lat": 45.013874, "long": 39.09222, "population": 14000.0, "Pedestrian traffic": 14000.0, "car traffic": 30000.0, "poi_count": 9 }, "geometry": { "type": "Point", "coordinates": [ 39.09222, 45.013874 ] } },
{ "type": "Feature", "properties": { "ID": 318076, "Address": "улица Леонида Лаврова, 91", "lat": 45.011733, "long": 39.117013, "population": 14000.0, "Pedestrian traffic": 14000.0, "car traffic": 30000.0, "poi_count": 12 }, "geometry": { "type": "Point", "coordinates": [ 39.117013, 45.011733 ] } },
{ "type": "Feature", "properties": { "ID": 50001625, "Address": "Новопочтовая улица, 66", "lat": 45.015531, "long": 39.106907, "population": 14000.0, "Pedestrian traffic": 14000.0, "car traffic": 30000.0, "poi_count": 4 }, "geometry": { "type": "Point", "coordinates": [ 39.106907, 45.015531 ] } },
{ "type": "Feature", "properties": { "ID": 311591, "Address": "улица Ярославского, 101", "lat": 45.02273, "long": 39.1113, "population": 14000.0, "Pedestrian traffic": 14000.0, "car traffic": 30000.0, "poi_count": 9 }, "geometry": { "type": "Point", "coordinates": [ 39.1113, 45.02273 ] } },
{ "type": "Feature", "properties": { "ID": 105020, "Address": "улица Фадеева, 243", "lat": 45.020112, "long": 39.10441, "population": 14000.0, "Pedestrian traffic": 14000.0, "car traffic": 30000.0, "poi_count": 1 }, "geometry": { "type": "Point", "coordinates": [ 39.10441, 45.020112 ] } },
{ "type": "Feature", "properties": { "ID": 302926, "Address": "Пролетарская улица, 39", "lat": 45.024648, "long": 39.106422, "population": 14000.0, "Pedestrian traffic": 14000.0, "car traffic": 30000.0, "poi_count": 25 }, "geometry": { "type": "Point", "coordinates": [ 39.106422, 45.024648 ] } },
{ "type": "Feature", "properties": { "ID": 309320, "Address": "улица Марии Демченко, 41", "lat": 45.023106, "long": 39.100071, "population": 14000.0, "Pedestrian traffic": 14000.0, "car traffic": 30000.0, "poi_count": 5 }, "geometry": { "type": "Point", "coordinates": [ 39.100071, 45.023106 ] } },
{ "type": "Feature", "properties": { "ID": 314888, "Address": "улица Кирова, 167", "lat": 45.020175, "long": 39.091753, "population": 14000.0, "Pedestrian traffic": 14000.0, "car traffic": 30000.0, "poi_count": 3 }, "geometry": { "type": "Point", "coordinates": [ 39.091753, 45.020175 ] } },
{ "type": "Feature", "properties": { "ID": 50010294, "Address": "улица Максима Горького, 59", "lat": 45.023163, "long": 39.093415, "population": 14000.0, "Pedestrian traffic": 14000.0, "car traffic": 30000.0, "poi_count": 12 }, "geometry": { "type": "Point", "coordinates": [ 39.093415, 45.023163 ] } },
{ "type": "Feature", "properties": { "ID": 50001022, "Address": "Сормовская улица, 32", "lat": 45.026967, "long": 39.074307, "population": 28000.0, "Pedestrian traffic": 34000.0, "car traffic": 24000.0, "poi_count": 5 }, "geometry": { "type": "Point", "coordinates": [ 39.074307, 45.026967 ] } },
{ "type": "Feature", "properties": { "ID": 308215, "Address": "Онежская улица, 1", "lat": 45.024144, "long": 39.069654, "population": 28000.0, "Pedestrian traffic": 34000.0, "car traffic": 24000.0, "poi_count": 34 }, "geometry": { "type": "Point", "coordinates": [ 39.069654, 45.024144 ] } },
{ "type": "Feature", "properties": { "ID": 3892, "Address": "Камвольная улица, 3", "lat": 45.026253, "long": 39.066375, "population": 28000.0, "Pedestrian traffic": 34000.0, "car traffic": 24000.0, "poi_count": 37 }, "geometry": { "type": "Point", "coordinates": [ 39.066375, 45.026253 ] } },
{ "type": "Feature", "properties": { "ID": 306539, "Address": "Магистральная улица, 11к2", "lat": 45.031852, "long": 39.071046, "population": 9000.0, "Pedestrian traffic": 22000.0, "car traffic": 24000.0, "poi_count": 10 }, "geometry": { "type": "Point", "coordinates": [ 39.071046, 45.031852 ] } },
{ "type": "Feature", "properties": { "ID": 50003086, "Address": "улица Дежнёва, 29/3", "lat": 45.033044, "long": 39.073553, "population": 9000.0, "Pedestrian traffic": 22000.0, "car traffic": 24000.0, "poi_count": 16 }, "geometry": { "type": "Point", "coordinates": [ 39.073553, 45.033044 ] } },
{ "type": "Feature", "properties": { "ID": 50035050, "Address": "\nУральская улица, 134Б", "lat": 45.036286, "long": 39.073607, "population": 9000.0, "Pedestrian traffic": 22000.0, "car traffic": 24000.0, "poi_count": 18 }, "geometry": { "type": "Point", "coordinates": [ 39.073607, 45.036286 ] } },
{ "type": "Feature", "properties": { "ID": 213578, "Address": "улица Максима Горького, 34/1", "lat": 45.027037, "long": 39.089821, "population": 29000.0, "Pedestrian traffic": 29000.0, "car traffic": 20000.0, "poi_count": 14 }, "geometry": { "type": "Point", "coordinates": [ 39.089821, 45.027037 ] } },
{ "type": "Feature", "properties": { "ID": 208642, "Address": "1-я Заречная улица, 45", "lat": 45.02775, "long": 39.087683, "population": 29000.0, "Pedestrian traffic": 29000.0, "car traffic": 20000.0, "poi_count": 16 }, "geometry": { "type": "Point", "coordinates": [ 39.087683, 45.02775 ] } },
{ "type": "Feature", "properties": { "ID": 5426, "Address": "1-я Заречная улица, 15/1", "lat": 45.027037, "long": 39.084521, "population": 29000.0, "Pedestrian traffic": 29000.0, "car traffic": 20000.0, "poi_count": 9 }, "geometry": { "type": "Point", "coordinates": [ 39.084521, 45.027037 ] } },
{ "type": "Feature", "properties": { "ID": 50032032, "Address": "Сормовская улица, 105", "lat": 45.030018, "long": 39.08259, "population": 29000.0, "Pedestrian traffic": 29000.0, "car traffic": 20000.0, "poi_count": 7 }, "geometry": { "type": "Point", "coordinates": [ 39.08259, 45.030018 ] } },
{ "type": "Feature", "properties": { "ID": 327229, "Address": "Монтажная улица, 43", "lat": 45.03419, "long": 39.082976, "population": 29000.0, "Pedestrian traffic": 29000.0, "car traffic": 20000.0, "poi_count": 2 }, "geometry": { "type": "Point", "coordinates": [ 39.082976, 45.03419 ] } },
{ "type": "Feature", "properties": { "ID": 325414, "Address": "Карасунская улица, 235/1", "lat": 45.027291, "long": 39.09814, "population": 29000.0, "Pedestrian traffic": 29000.0, "car traffic": 20000.0, "poi_count": 2 }, "geometry": { "type": "Point", "coordinates": [ 39.09814, 45.027291 ] } },
{ "type": "Feature", "properties": { "ID": 50008666, "Address": "улица Тюляева, 3/2", "lat": 45.029024, "long": 39.095517, "population": 29000.0, "Pedestrian traffic": 29000.0, "car traffic": 20000.0, "poi_count": 7 }, "geometry": { "type": "Point", "coordinates": [ 39.095517, 45.029024 ] } },
{ "type": "Feature", "properties": { "ID": 312626, "Address": "Сормовская улица, 106", "lat": 45.031496, "long": 39.090854, "population": 29000.0, "Pedestrian traffic": 29000.0, "car traffic": 20000.0, "poi_count": 32 }, "geometry": { "type": "Point", "coordinates": [ 39.090854, 45.031496 ] } },
{ "type": "Feature", "properties": { "ID": 164078, "Address": "Сормовская улица, 163", "lat": 45.032222, "long": 39.089947, "population": 29000.0, "Pedestrian traffic": 29000.0, "car traffic": 20000.0, "poi_count": 29 }, "geometry": { "type": "Point", "coordinates": [ 39.089947, 45.032222 ] } },
{ "type": "Feature", "properties": { "ID": 213822, "Address": "Симферопольская улица, 40", "lat": 45.035802, "long": 39.088375, "population": 29000.0, "Pedestrian traffic": 29000.0, "car traffic": 20000.0, "poi_count": 31 }, "geometry": { "type": "Point", "coordinates": [ 39.088375, 45.035802 ] } },
{ "type": "Feature", "properties": { "ID": 50016554, "Address": "Сормовская улица, 177", "lat": 45.032942, "long": 39.095957, "population": 29000.0, "Pedestrian traffic": 29000.0, "car traffic": 20000.0, "poi_count": 49 }, "geometry": { "type": "Point", "coordinates": [ 39.095957, 45.032942 ] } },
{ "type": "Feature", "properties": { "ID": 206678, "Address": "Сормовская улица, 179/1", "lat": 45.033808, "long": 39.099757, "population": 29000.0, "Pedestrian traffic": 29000.0, "car traffic": 20000.0, "poi_count": 34 }, "geometry": { "type": "Point", "coordinates": [ 39.099757, 45.033808 ] } },
{ "type": "Feature", "properties": { "ID": 208163, "Address": "улица Тюляева, 8\n", "lat": 45.035795, "long": 39.099379, "population": 29000.0, "Pedestrian traffic": 29000.0, "car traffic": 20000.0, "poi_count": 36 }, "geometry": { "type": "Point", "coordinates": [ 39.099379, 45.035795 ] } },
{ "type": "Feature", "properties": { "ID": 50007203, "Address": "улица Тюляева, 16/1", "lat": 45.037884, "long": 39.097538, "population": 29000.0, "Pedestrian traffic": 29000.0, "car traffic": 20000.0, "poi_count": 44 }, "geometry": { "type": "Point", "coordinates": [ 39.097538, 45.037884 ] } },
{ "type": "Feature", "properties": { "ID": 155751, "Address": "Уральская улица, 158/2", "lat": 45.036324, "long": 39.092849, "population": 29000.0, "Pedestrian traffic": 29000.0, "car traffic": 20000.0, "poi_count": 46 }, "geometry": { "type": "Point", "coordinates": [ 39.092849, 45.036324 ] } },
{ "type": "Feature", "properties": { "ID": 304427, "Address": "Уральская улица, 156А", "lat": 45.037369, "long": 39.091851, "population": 29000.0, "Pedestrian traffic": 29000.0, "car traffic": 20000.0, "poi_count": 50 }, "geometry": { "type": "Point", "coordinates": [ 39.091851, 45.037369 ] } },
{ "type": "Feature", "properties": { "ID": 315568, "Address": "Уральская улица, 162", "lat": 45.038534, "long": 39.094052, "population": 29000.0, "Pedestrian traffic": 29000.0, "car traffic": 20000.0, "poi_count": 74 }, "geometry": { "type": "Point", "coordinates": [ 39.094052, 45.038534 ] } },
{ "type": "Feature", "properties": { "ID": 151807, "Address": "\nУральская улица, 162/1", "lat": 45.03891, "long": 39.093711, "population": 29000.0, "Pedestrian traffic": 29000.0, "car traffic": 20000.0, "poi_count": 72 }, "geometry": { "type": "Point", "coordinates": [ 39.093711, 45.03891 ] } },
{ "type": "Feature", "properties": { "ID": 213822, "Address": "Симферопольская улица, 40", "lat": 45.035802, "long": 39.088375, "population": 29000.0, "Pedestrian traffic": 29000.0, "car traffic": 20000.0, "poi_count": 31 }, "geometry": { "type": "Point", "coordinates": [ 39.088375, 45.035802 ] } },
{ "type": "Feature", "properties": { "ID": 160973, "Address": "Симферопольская улица, 58", "lat": 45.040591, "long": 39.089031, "population": 29000.0, "Pedestrian traffic": 29000.0, "car traffic": 20000.0, "poi_count": 22 }, "geometry": { "type": "Point", "coordinates": [ 39.089031, 45.040591 ] } },
{ "type": "Feature", "properties": { "ID": 316959, "Address": "Уральская улица, 162/4\n", "lat": 45.040687, "long": 39.095328, "population": 29000.0, "Pedestrian traffic": 29000.0, "car traffic": 20000.0, "poi_count": 39 }, "geometry": { "type": "Point", "coordinates": [ 39.095328, 45.040687 ] } },
{ "type": "Feature", "properties": { "ID": 158705, "Address": "улица 30-й Иркутской Дивизии, 3", "lat": 45.037509, "long": 39.102649, "population": 29000.0, "Pedestrian traffic": 29000.0, "car traffic": 20000.0, "poi_count": 11 }, "geometry": { "type": "Point", "coordinates": [ 39.102649, 45.037509 ] } },
{ "type": "Feature", "properties": { "ID": 205939, "Address": "Сормовская улица, 204", "lat": 45.038056, "long": 39.105793, "population": 29000.0, "Pedestrian traffic": 29000.0, "car traffic": 20000.0, "poi_count": 18 }, "geometry": { "type": "Point", "coordinates": [ 39.105793, 45.038056 ] } },
{ "type": "Feature", "properties": { "ID": 208736, "Address": "Сормовская улица, 191/1", "lat": 45.039037, "long": 39.107635, "population": 29000.0, "Pedestrian traffic": 29000.0, "car traffic": 20000.0, "poi_count": 20 }, "geometry": { "type": "Point", "coordinates": [ 39.107635, 45.039037 ] } },
{ "type": "Feature", "properties": { "ID": 50022480, "Address": "Уральская улица, 184/4", "lat": 45.042426, "long": 39.10432, "population": 29000.0, "Pedestrian traffic": 29000.0, "car traffic": 20000.0, "poi_count": 12 }, "geometry": { "type": "Point", "coordinates": [ 39.10432, 45.042426 ] } },
{ "type": "Feature", "properties": { "ID": 313388, "Address": "Войсковая улица, 4к10", "lat": 45.045349, "long": 39.110411, "population": 24000.0, "Pedestrian traffic": 19000.0, "car traffic": 27000.0, "poi_count": 9 }, "geometry": { "type": "Point", "coordinates": [ 39.110411, 45.045349 ] } },
{ "type": "Feature", "properties": { "ID": 320330, "Address": "Уральская улица, 196/2", "lat": 45.043177, "long": 39.109414, "population": 24000.0, "Pedestrian traffic": 19000.0, "car traffic": 27000.0, "poi_count": 15 }, "geometry": { "type": "Point", "coordinates": [ 39.109414, 45.043177 ] } },
{ "type": "Feature", "properties": { "ID": 208913, "Address": "Сормовская улица, 208", "lat": 45.038528, "long": 39.112073, "population": 6500.0, "Pedestrian traffic": 9500.0, "car traffic": 21000.0, "poi_count": 17 }, "geometry": { "type": "Point", "coordinates": [ 39.112073, 45.038528 ] } },
{ "type": "Feature", "properties": { "ID": 310663, "Address": "Сормовская улица, 208/2", "lat": 45.038706, "long": 39.113681, "population": 6500.0, "Pedestrian traffic": 9500.0, "car traffic": 21000.0, "poi_count": 11 }, "geometry": { "type": "Point", "coordinates": [ 39.113681, 45.038706 ] } },
{ "type": "Feature", "properties": { "ID": 207679, "Address": "Сормовская улица, 212", "lat": 45.038222, "long": 39.114498, "population": 6500.0, "Pedestrian traffic": 9500.0, "car traffic": 21000.0, "poi_count": 12 }, "geometry": { "type": "Point", "coordinates": [ 39.114498, 45.038222 ] } },
{ "type": "Feature", "properties": { "ID": 50016366, "Address": "Сормовская улица, 210", "lat": 45.039133, "long": 39.114767, "population": 6500.0, "Pedestrian traffic": 9500.0, "car traffic": 21000.0, "poi_count": 11 }, "geometry": { "type": "Point", "coordinates": [ 39.114767, 45.039133 ] } },
{ "type": "Feature", "properties": { "ID": 50001050, "Address": "Карасунская улица, 272/1литД", "lat": 45.034967, "long": 39.112522, "population": 6500.0, "Pedestrian traffic": 9500.0, "car traffic": 21000.0, "poi_count": 1 }, "geometry": { "type": "Point", "coordinates": [ 39.112522, 45.034967 ] } },
{ "type": "Feature", "properties": { "ID": 50002790, "Address": "улица Фадеева, 324/9", "lat": 45.027776, "long": 39.120418, "population": 6500.0, "Pedestrian traffic": 9500.0, "car traffic": 21000.0, "poi_count": 13 }, "geometry": { "type": "Point", "coordinates": [ 39.120418, 45.027776 ] } },
{ "type": "Feature", "properties": { "ID": 316637, "Address": "улица имени Евдокии Бершанской, 394", "lat": 45.031356, "long": 39.118828, "population": 6500.0, "Pedestrian traffic": 9500.0, "car traffic": 21000.0, "poi_count": 5 }, "geometry": { "type": "Point", "coordinates": [ 39.118828, 45.031356 ] } },
{ "type": "Feature", "properties": { "ID": 145033, "Address": "улица 1 Мая, 67", "lat": 45.031986, "long": 39.121613, "population": 6500.0, "Pedestrian traffic": 9500.0, "car traffic": 21000.0, "poi_count": 17 }, "geometry": { "type": "Point", "coordinates": [ 39.121613, 45.031986 ] } },
{ "type": "Feature", "properties": { "ID": 50016546, "Address": "улица Фадеева, 429", "lat": 45.031521, "long": 39.127551, "population": 6500.0, "Pedestrian traffic": 9500.0, "car traffic": 21000.0, "poi_count": 23 }, "geometry": { "type": "Point", "coordinates": [ 39.127551, 45.031521 ] } },
{ "type": "Feature", "properties": { "ID": 150368, "Address": "улица Фадеева, 425/1", "lat": 45.032349, "long": 39.127263, "population": 6500.0, "Pedestrian traffic": 9500.0, "car traffic": 21000.0, "poi_count": 18 }, "geometry": { "type": "Point", "coordinates": [ 39.127263, 45.032349 ] } },
{ "type": "Feature", "properties": { "ID": 102612, "Address": "улица Лавочкина, 13/3", "lat": 45.035834, "long": 39.122763, "population": 6500.0, "Pedestrian traffic": 9500.0, "car traffic": 21000.0, "poi_count": 18 }, "geometry": { "type": "Point", "coordinates": [ 39.122763, 45.035834 ] } },
{ "type": "Feature", "properties": { "ID": 304602, "Address": "улица Лавочкина, 13", "lat": 45.036986, "long": 39.122529, "population": 6500.0, "Pedestrian traffic": 9500.0, "car traffic": 21000.0, "poi_count": 19 }, "geometry": { "type": "Point", "coordinates": [ 39.122529, 45.036986 ] } },
{ "type": "Feature", "properties": { "ID": 301928, "Address": "улица Лавочкина, 31", "lat": 45.039158, "long": 39.123831, "population": 6500.0, "Pedestrian traffic": 9500.0, "car traffic": 21000.0, "poi_count": 22 }, "geometry": { "type": "Point", "coordinates": [ 39.123831, 45.039158 ] } },
{ "type": "Feature", "properties": { "ID": 50009520, "Address": "улица Лавочкина, 2", "lat": 45.038719, "long": 39.121235, "population": 6500.0, "Pedestrian traffic": 9500.0, "car traffic": 21000.0, "poi_count": 12 }, "geometry": { "type": "Point", "coordinates": [ 39.121235, 45.038719 ] } },
{ "type": "Feature", "properties": { "ID": 150726, "Address": "Становая улица, 1", "lat": 45.047508, "long": 39.118549, "population": 24000.0, "Pedestrian traffic": 19000.0, "car traffic": 27000.0, "poi_count": 4 }, "geometry": { "type": "Point", "coordinates": [ 39.118549, 45.047508 ] } },
{ "type": "Feature", "properties": { "ID": 50011399, "Address": "Производственная улица, 19", "lat": 45.046278, "long": 39.123257, "population": 24000.0, "Pedestrian traffic": 19000.0, "car traffic": 27000.0, "poi_count": 2 }, "geometry": { "type": "Point", "coordinates": [ 39.123257, 45.046278 ] } },
{ "type": "Feature", "properties": { "ID": 320010, "Address": "Войсковая улица, 117", "lat": 45.047769, "long": 39.127739, "population": 24000.0, "Pedestrian traffic": 19000.0, "car traffic": 27000.0, "poi_count": 5 }, "geometry": { "type": "Point", "coordinates": [ 39.127739, 45.047769 ] } },
{ "type": "Feature", "properties": { "ID": 302990, "Address": "Марьянская улица, 42", "lat": 45.048093, "long": 39.12888, "population": 24000.0, "Pedestrian traffic": 19000.0, "car traffic": 27000.0, "poi_count": 5 }, "geometry": { "type": "Point", "coordinates": [ 39.12888, 45.048093 ] } },
{ "type": "Feature", "properties": { "ID": 50006225, "Address": "Богатырская улица, 5/1", "lat": 45.059835, "long": 39.111462, "population": 24000.0, "Pedestrian traffic": 19000.0, "car traffic": 27000.0, "poi_count": 5 }, "geometry": { "type": "Point", "coordinates": [ 39.111462, 45.059835 ] } },
{ "type": "Feature", "properties": { "ID": 309400, "Address": "улица имени Владимира Жириновского, 1к1", "lat": 45.058982, "long": 39.114148, "population": 24000.0, "Pedestrian traffic": 19000.0, "car traffic": 27000.0, "poi_count": 3 }, "geometry": { "type": "Point", "coordinates": [ 39.114148, 45.058982 ] } },
{ "type": "Feature", "properties": { "ID": 209681, "Address": "Богатырская улица, 80", "lat": 45.058039, "long": 39.11687, "population": 24000.0, "Pedestrian traffic": 19000.0, "car traffic": 27000.0, "poi_count": 3 }, "geometry": { "type": "Point", "coordinates": [ 39.11687, 45.058039 ] } },
{ "type": "Feature", "properties": { "ID": 50006622, "Address": "Андреевская улица, 41", "lat": 45.056747, "long": 39.129464, "population": 24000.0, "Pedestrian traffic": 19000.0, "car traffic": 27000.0, "poi_count": 6 }, "geometry": { "type": "Point", "coordinates": [ 39.129464, 45.056747 ] } },
{ "type": "Feature", "properties": { "ID": 50018225, "Address": "Центровая улица, 23/2", "lat": 45.061535, "long": 39.129392, "population": 1700.0, "Pedestrian traffic": 4600.0, "car traffic": 20000.0, "poi_count": 1 }, "geometry": { "type": "Point", "coordinates": [ 39.129392, 45.061535 ] } },
{ "type": "Feature", "properties": { "ID": 212461, "Address": "улица имени Виктора Нарыкова, 6", "lat": 45.067704, "long": 39.125628, "population": 1700.0, "Pedestrian traffic": 4600.0, "car traffic": 20000.0, "poi_count": 5 }, "geometry": { "type": "Point", "coordinates": [ 39.125628, 45.067704 ] } },
{ "type": "Feature", "properties": { "ID": 50034058, "Address": "Природная улица, 10Бк2", "lat": 45.062534, "long": 39.142094, "population": 1700.0, "Pedestrian traffic": 4600.0, "car traffic": 20000.0, "poi_count": 0 }, "geometry": { "type": "Point", "coordinates": [ 39.142094, 45.062534 ] } },
{ "type": "Feature", "properties": { "ID": 216142, "Address": "Природная улица, 10Бк6", "lat": 45.061643, "long": 39.144547, "population": 1700.0, "Pedestrian traffic": 4600.0, "car traffic": 20000.0, "poi_count": 0 }, "geometry": { "type": "Point", "coordinates": [ 39.144547, 45.061643 ] } },
{ "type": "Feature", "properties": { "ID": 207915, "Address": "улица Гагарина, 4", "lat": 45.057161, "long": 39.141825, "population": 0.0, "Pedestrian traffic": 0.0, "car traffic": 0.0, "poi_count": 0 }, "geometry": { "type": "Point", "coordinates": [ 39.141825, 45.057161 ] } },
{ "type": "Feature", "properties": { "ID": 305325, "Address": "Виноградная улица, 63", "lat": 45.05469, "long": 39.149137, "population": 0.0, "Pedestrian traffic": 0.0, "car traffic": 0.0, "poi_count": 0 }, "geometry": { "type": "Point", "coordinates": [ 39.149137, 45.05469 ] } },
{ "type": "Feature", "properties": { "ID": 114495, "Address": "Первомайская улица, 47", "lat": 45.055346, "long": 39.150125, "population": 0.0, "Pedestrian traffic": 0.0, "car traffic": 0.0, "poi_count": 0 }, "geometry": { "type": "Point", "coordinates": [ 39.150125, 45.055346 ] } },
{ "type": "Feature", "properties": { "ID": 50027099, "Address": "Первомайская улица, 47", "lat": 45.047055, "long": 39.015117, "population": 25000.0, "Pedestrian traffic": 52000.0, "car traffic": 41000.0, "poi_count": 20 }, "geometry": { "type": "Point", "coordinates": [ 39.015117, 45.047055 ] } },
{ "type": "Feature", "properties": { "ID": 213633, "Address": "Красивая улица, 2Б", "lat": 45.058937, "long": 39.155551, "population": 0.0, "Pedestrian traffic": 0.0, "car traffic": 0.0, "poi_count": 0 }, "geometry": { "type": "Point", "coordinates": [ 39.155551, 45.058937 ] } },
{ "type": "Feature", "properties": { "ID": 311285, "Address": "Райская улица, 5А", "lat": 45.059625, "long": 39.173149, "population": 0.0, "Pedestrian traffic": 0.0, "car traffic": 0.0, "poi_count": 1 }, "geometry": { "type": "Point", "coordinates": [ 39.173149, 45.059625 ] } },
{ "type": "Feature", "properties": { "ID": 217172, "Address": "Речная улица, 23", "lat": 45.06205, "long": 39.17385, "population": 0.0, "Pedestrian traffic": 0.0, "car traffic": 0.0, "poi_count": 3 }, "geometry": { "type": "Point", "coordinates": [ 39.17385, 45.06205 ] } },
{ "type": "Feature", "properties": { "ID": 152683, "Address": "Южная улица, 5", "lat": 45.063935, "long": 39.175071, "population": 0.0, "Pedestrian traffic": 0.0, "car traffic": 0.0, "poi_count": 2 }, "geometry": { "type": "Point", "coordinates": [ 39.175071, 45.063935 ] } },
{ "type": "Feature", "properties": { "ID": 217170, "Address": "Ореховая улица, 452", "lat": 45.063859, "long": 39.180183, "population": 0.0, "Pedestrian traffic": 0.0, "car traffic": 0.0, "poi_count": 0 }, "geometry": { "type": "Point", "coordinates": [ 39.180183, 45.063859 ] } },
{ "type": "Feature", "properties": { "ID": 314097, "Address": "Южная улица, 87", "lat": 45.064782, "long": 39.184809, "population": 0.0, "Pedestrian traffic": 0.0, "car traffic": 0.0, "poi_count": 1 }, "geometry": { "type": "Point", "coordinates": [ 39.184809, 45.064782 ] } },
{ "type": "Feature", "properties": { "ID": 308951, "Address": "Ташинская улица, 122", "lat": 45.066545, "long": 39.199281, "population": 0.0, "Pedestrian traffic": 0.0, "car traffic": 0.0, "poi_count": 0 }, "geometry": { "type": "Point", "coordinates": [ 39.199281, 45.066545 ] } },
{ "type": "Feature", "properties": { "ID": 50022862, "Address": "Бурейская улица, 35", "lat": 45.066233, "long": 39.207096, "population": 0.0, "Pedestrian traffic": 0.0, "car traffic": 0.0, "poi_count": 0 }, "geometry": { "type": "Point", "coordinates": [ 39.207096, 45.066233 ] } },
{ "type": "Feature", "properties": { "ID": 317386, "Address": "Курчанская улица, 141к1", "lat": 45.086435, "long": 39.074837, "population": 6500.0, "Pedestrian traffic": 2200.0, "car traffic": 2400.0, "poi_count": 0 }, "geometry": { "type": "Point", "coordinates": [ 39.074837, 45.086435 ] } },
{ "type": "Feature", "properties": { "ID": 330065, "Address": "Приморско-Ахтарская улица, 11", "lat": 45.095503, "long": 39.073149, "population": 11000.0, "Pedestrian traffic": 4400.0, "car traffic": 7500.0, "poi_count": 0 }, "geometry": { "type": "Point", "coordinates": [ 39.073149, 45.095503 ] } },
{ "type": "Feature", "properties": { "ID": 310243, "Address": "Учительская улица, 12", "lat": 45.088376, "long": 39.098167, "population": 400.0, "Pedestrian traffic": 1600.0, "car traffic": 400.0, "poi_count": 0 }, "geometry": { "type": "Point", "coordinates": [ 39.098167, 45.088376 ] } },
{ "type": "Feature", "properties": { "ID": 126559, "Address": "Степная улица, 1/1", "lat": 45.092143, "long": 39.107626, "population": 400.0, "Pedestrian traffic": 1600.0, "car traffic": 400.0, "poi_count": 0 }, "geometry": { "type": "Point", "coordinates": [ 39.107626, 45.092143 ] } },
{ "type": "Feature", "properties": { "ID": 50027100, "Address": "Степная улица, 12", "lat": 45.093639, "long": 39.107626, "population": 400.0, "Pedestrian traffic": 1600.0, "car traffic": 400.0, "poi_count": 0 }, "geometry": { "type": "Point", "coordinates": [ 39.107626, 45.093639 ] } },
{ "type": "Feature", "properties": { "ID": 161987, "Address": "Юбилейная улица, 43", "lat": 45.094014, "long": 39.107051, "population": 400.0, "Pedestrian traffic": 1600.0, "car traffic": 400.0, "poi_count": 0 }, "geometry": { "type": "Point", "coordinates": [ 39.107051, 45.094014 ] } },
{ "type": "Feature", "properties": { "ID": 50034709, "Address": "Восточная улица, 33/1", "lat": 45.094529, "long": 39.113672, "population": 0.0, "Pedestrian traffic": 0.0, "car traffic": 0.0, "poi_count": 0 }, "geometry": { "type": "Point", "coordinates": [ 39.113672, 45.094529 ] } },
{ "type": "Feature", "properties": { "ID": 158195, "Address": "Рязанская улица, 20", "lat": 45.090483, "long": 39.120068, "population": 0.0, "Pedestrian traffic": 0.0, "car traffic": 0.0, "poi_count": 0 }, "geometry": { "type": "Point", "coordinates": [ 39.120068, 45.090483 ] } },
{ "type": "Feature", "properties": { "ID": 50027101, "Address": "посёлок Лорис, 3", "lat": 45.087441, "long": 39.121208, "population": 0.0, "Pedestrian traffic": 0.0, "car traffic": 0.0, "poi_count": 0 }, "geometry": { "type": "Point", "coordinates": [ 39.121208, 45.087441 ] } },
{ "type": "Feature", "properties": { "ID": 311314, "Address": "Солнечная улица, 45/1", "lat": 45.099893, "long": 39.11501, "population": 0.0, "Pedestrian traffic": 0.0, "car traffic": 0.0, "poi_count": 0 }, "geometry": { "type": "Point", "coordinates": [ 39.11501, 45.099893 ] } },
{ "type": "Feature", "properties": { "ID": 206136, "Address": "Железнодорожная улица, 2Б", "lat": 45.110702, "long": 39.139327, "population": 0.0, "Pedestrian traffic": 0.0, "car traffic": 0.0, "poi_count": 0 }, "geometry": { "type": "Point", "coordinates": [ 39.139327, 45.110702 ] } },
{ "type": "Feature", "properties": { "ID": 318930, "Address": "Цветочная улица, 1", "lat": 45.114861, "long": 39.153799, "population": 0.0, "Pedestrian traffic": 0.0, "car traffic": 0.0, "poi_count": 0 }, "geometry": { "type": "Point", "coordinates": [ 39.153799, 45.114861 ] } },
{ "type": "Feature", "properties": { "ID": 304467, "Address": "Вокзальная улица, 12А", "lat": 45.134372, "long": 39.191744, "population": 0.0, "Pedestrian traffic": 0.0, "car traffic": 0.0, "poi_count": 0 }, "geometry": { "type": "Point", "coordinates": [ 39.191744, 45.134372 ] } },
{ "type": "Feature", "properties": { "ID": 50014126, "Address": "Почтовая улица, 16Б", "lat": 45.13724, "long": 39.192041, "population": 0.0, "Pedestrian traffic": 0.0, "car traffic": 0.0, "poi_count": 0 }, "geometry": { "type": "Point", "coordinates": [ 39.192041, 45.13724 ] } }
]
}
