{
"type": "FeatureCollection",
"name": "filtered_poi",
"crs": { "type": "name", "properties": { "name": "urn:ogc:def:crs:OGC:1.3:CRS84" } },
"features": [
{ "type": "Feature", "properties": { "NAME": "Дворик", "NAME_EN": null, "NAME_RU": null, "MAN_MADE": null, "LEISURE": null, "AMENITY": "cafe", "OFFICE": null, "SHOP": null, "TOURISM": null, "SPORT": null, "OSM_TYPE": "node", "OSM_ID": 295180470 }, "geometry": { "type": "Point", "coordinates": [ 38.9777008, 45.043329 ] } },
{ "type": "Feature", "properties": { "NAME": "Леди Мармелад", "NAME_EN": null, "NAME_RU": null, "MAN_MADE": null, "LEISURE": null, "AMENITY": "cafe", "OFFICE": null, "SHOP": null, "TOURISM": null, "SPORT": null, "OSM_TYPE": "node", "OSM_ID": 295180519 }, "geometry": { "type": "Point", "coordinates": [ 38.9775329, 45.0428303 ] } },
{ "type": "Feature", "properties": { "NAME": "Кафе \"Любо\"", "NAME_EN": null, "NAME_RU": null, "MAN_MADE": null, "LEISURE": null, "AMENITY": "cafe", "OFFICE": null, "SHOP": null, "TOURISM": null, "SPORT": null, "OSM_TYPE": "node", "OSM_ID": 295181884 }, "geometry": { "type": "Point", "coordinates": [ 38.9794327, 45.0520165 ] } },
{ "type": "Feature", "properties": { "NAME": "Аптеки Кубани", "NAME_EN": null, "NAME_RU": null, "MAN_MADE": null, "LEISURE": null, "AMENITY": "pharmacy", "OFFICE": null, "SHOP": null, "TOURISM": null, "SPORT": null, "OSM_TYPE": "node", "OSM_ID": 297104205 }, "geometry": { "type": "Point", "coordinates": [ 38.9826299, 45.0592387 ] } },
{ "type": "Feature", "properties": { "NAME": "Холостяк", "NAME_EN": null, "NAME_RU": null, "MAN_MADE": null, "LEISURE": null, "AMENITY": "cafe", "OFFICE": null, "SHOP": null, "TOURISM": null, "SPORT": null, "OSM_TYPE": "node", "OSM_ID": 343390607 }, "geometry": { "type": "Point", "coordinates": [ 38.9719668, 45.0284227 ] } },
{ "type": "Feature", "properties": { "NAME": "The Печь", "NAME_EN": null, "NAME_RU": null, "MAN_MADE": null, "LEISURE": null, "AMENITY": "cafe", "OFFICE": null, "SHOP": null, "TOURISM": null, "SPORT": null, "OSM_TYPE": "node", "OSM_ID": 343390883 }, "geometry": { "type": "Point", "coordinates": [ 38.967865, 45.0240812 ] } },
{ "type": "Feature", "properties": { "NAME": null, "NAME_EN": null, "NAME_RU": null, "MAN_MADE": null, "LEISURE": null, "AMENITY": "pharmacy", "OFFICE": null, "SHOP": null, "TOURISM": null, "SPORT": null, "OSM_TYPE": "node", "OSM_ID": 343391283 }, "geometry": { "type": "Point", "coordinates": [ 38.9680452, 45.0274481 ] } },
{ "type": "Feature", "properties": { "NAME": "Альфа-Банк", "NAME_EN": "Alfa-Bank", "NAME_RU": "Альфа-Банк", "MAN_MADE": null, "LEISURE": null, "AMENITY": "bank", "OFFICE": null, "SHOP": null, "TOURISM": null, "SPORT": null, "OSM_TYPE": "node", "OSM_ID": 343406330 }, "geometry": { "type": "Point", "coordinates": [ 38.9753404, 45.0360928 ] } },
{ "type": "Feature", "properties": { "NAME": "ВТБ", "NAME_EN": "VTB", "NAME_RU": "ВТБ", "MAN_MADE": null, "LEISURE": null, "AMENITY": "bank", "OFFICE": null, "SHOP": null, "TOURISM": null, "SPORT": null, "OSM_TYPE": "node", "OSM_ID": 343647124 }, "geometry": { "type": "Point", "coordinates": [ 38.976871, 45.036568 ] } },
{ "type": "Feature", "properties": { "NAME": "Плезир", "NAME_EN": null, "NAME_RU": null, "MAN_MADE": null, "LEISURE": null, "AMENITY": "cafe", "OFFICE": null, "SHOP": null, "TOURISM": null, "SPORT": null, "OSM_TYPE": "node", "OSM_ID": 344054561 }, "geometry": { "type": "Point", "coordinates": [ 38.9725344, 45.0311877 ] } },
{ "type": "Feature", "properties": { "NAME": "Холостядзе", "NAME_EN": null, "NAME_RU": null, "MAN_MADE": null, "LEISURE": null, "AMENITY": "cafe", "OFFICE": null, "SHOP": null, "TOURISM": null, "SPORT": null, "OSM_TYPE": "node", "OSM_ID": 344055046 }, "geometry": { "type": "Point", "coordinates": [ 38.9746396, 45.0312423 ] } },
{ "type": "Feature", "properties": { "NAME": "Любо Кондитерская", "NAME_EN": null, "NAME_RU": null, "MAN_MADE": null, "LEISURE": null, "AMENITY": "cafe", "OFFICE": null, "SHOP": null, "TOURISM": null, "SPORT": null, "OSM_TYPE": "node", "OSM_ID": 344117314 }, "geometry": { "type": "Point", "coordinates": [ 38.98235, 45.0546741 ] } },
{ "type": "Feature", "properties": { "NAME": null, "NAME_EN": null, "NAME_RU": null, "MAN_MADE": null, "LEISURE": null, "AMENITY": "pharmacy", "OFFICE": null, "SHOP": null, "TOURISM": null, "SPORT": null, "OSM_TYPE": "node", "OSM_ID": 344117329 }, "geometry": { "type": "Point", "coordinates": [ 38.9833961, 45.0539672 ] } },
{ "type": "Feature", "properties": { "NAME": "Мэни Пельмени", "NAME_EN": null, "NAME_RU": null, "MAN_MADE": null, "LEISURE": null, "AMENITY": "cafe", "OFFICE": null, "SHOP": null, "TOURISM": null, "SPORT": null, "OSM_TYPE": "node", "OSM_ID": 344119430 }, "geometry": { "type": "Point", "coordinates": [ 38.969614, 45.0233424 ] } },
{ "type": "Feature", "properties": { "NAME": null, "NAME_EN": null, "NAME_RU": null, "MAN_MADE": null, "LEISURE": null, "AMENITY": "pharmacy", "OFFICE": null, "SHOP": null, "TOURISM": null, "SPORT": null, "OSM_TYPE": "node", "OSM_ID": 344122855 }, "geometry": { "type": "Point", "coordinates": [ 38.9885465, 45.0220544 ] } },
{ "type": "Feature", "properties": { "NAME": "Столовая", "NAME_EN": null, "NAME_RU": null, "MAN_MADE": null, "LEISURE": null, "AMENITY": "cafe", "OFFICE": null, "SHOP": null, "TOURISM": null, "SPORT": null, "OSM_TYPE": "node", "OSM_ID": 344122914 }, "geometry": { "type": "Point", "coordinates": [ 38.9912995, 45.0252434 ] } },
{ "type": "Feature", "properties": { "NAME": "Ресторан", "NAME_EN": null, "NAME_RU": null, "MAN_MADE": null, "LEISURE": null, "AMENITY": "restaurant", "OFFICE": null, "SHOP": null, "TOURISM": null, "SPORT": null, "OSM_TYPE": "node", "OSM_ID": 344125049 }, "geometry": { "type": "Point", "coordinates": [ 38.9868878, 45.0259714 ] } },
{ "type": "Feature", "properties": { "NAME": "Куба", "NAME_EN": null, "NAME_RU": null, "MAN_MADE": null, "LEISURE": null, "AMENITY": "cafe", "OFFICE": null, "SHOP": null, "TOURISM": null, "SPORT": null, "OSM_TYPE": "node", "OSM_ID": 344160554 }, "geometry": { "type": "Point", "coordinates": [ 38.9712972, 45.0292558 ] } },
{ "type": "Feature", "properties": { "NAME": "Уни Пицца", "NAME_EN": null, "NAME_RU": null, "MAN_MADE": null, "LEISURE": null, "AMENITY": "cafe", "OFFICE": null, "SHOP": null, "TOURISM": null, "SPORT": null, "OSM_TYPE": "node", "OSM_ID": 344162043 }, "geometry": { "type": "Point", "coordinates": [ 39.0023028, 45.0503272 ] } },
{ "type": "Feature", "properties": { "NAME": "Планета здоровья", "NAME_EN": null, "NAME_RU": null, "MAN_MADE": null, "LEISURE": null, "AMENITY": "pharmacy", "OFFICE": null, "SHOP": null, "TOURISM": null, "SPORT": null, "OSM_TYPE": "node", "OSM_ID": 344162146 }, "geometry": { "type": "Point", "coordinates": [ 39.0024426, 45.0549146 ] } },
{ "type": "Feature", "properties": { "NAME": "Моя Аптека", "NAME_EN": null, "NAME_RU": null, "MAN_MADE": null, "LEISURE": null, "AMENITY": "pharmacy", "OFFICE": null, "SHOP": null, "TOURISM": null, "SPORT": null, "OSM_TYPE": "node", "OSM_ID": 344162407 }, "geometry": { "type": "Point", "coordinates": [ 38.9962516, 45.0545536 ] } },
{ "type": "Feature", "properties": { "NAME": "Уни пицца", "NAME_EN": null, "NAME_RU": null, "MAN_MADE": null, "LEISURE": null, "AMENITY": "cafe", "OFFICE": null, "SHOP": null, "TOURISM": null, "SPORT": null, "OSM_TYPE": "node", "OSM_ID": 344275723 }, "geometry": { "type": "Point", "coordinates": [ 38.9740123, 45.0282437 ] } },
{ "type": "Feature", "properties": { "NAME": "Заря", "NAME_EN": null, "NAME_RU": null, "MAN_MADE": null, "LEISURE": null, "AMENITY": "cafe", "OFFICE": null, "SHOP": null, "TOURISM": null, "SPORT": null, "OSM_TYPE": "node", "OSM_ID": 344420047 }, "geometry": { "type": "Point", "coordinates": [ 38.9940004, 45.0396018 ] } },
{ "type": "Feature", "properties": { "NAME": "Столовая", "NAME_EN": null, "NAME_RU": null, "MAN_MADE": null, "LEISURE": null, "AMENITY": "cafe", "OFFICE": null, "SHOP": null, "TOURISM": null, "SPORT": null, "OSM_TYPE": "node", "OSM_ID": 344420050 }, "geometry": { "type": "Point", "coordinates": [ 38.9668823, 45.0306025 ] } },
{ "type": "Feature", "properties": { "NAME": "Жаровня", "NAME_EN": null, "NAME_RU": null, "MAN_MADE": null, "LEISURE": null, "AMENITY": "cafe", "OFFICE": null, "SHOP": null, "TOURISM": null, "SPORT": null, "OSM_TYPE": "node", "OSM_ID": 344420849 }, "geometry": { "type": "Point", "coordinates": [ 38.9686524, 45.0208084 ] } },
{ "type": "Feature", "properties": { "NAME": "Т-кафе", "NAME_EN": null, "NAME_RU": null, "MAN_MADE": null, "LEISURE": null, "AMENITY": "cafe", "OFFICE": null, "SHOP": null, "TOURISM": null, "SPORT": null, "OSM_TYPE": "node", "OSM_ID": 344423805 }, "geometry": { "type": "Point", "coordinates": [ 38.9684338, 45.0180693 ] } },
{ "type": "Feature", "properties": { "NAME": "Жар-пицца", "NAME_EN": null, "NAME_RU": null, "MAN_MADE": null, "LEISURE": null, "AMENITY": "cafe", "OFFICE": null, "SHOP": null, "TOURISM": null, "SPORT": null, "OSM_TYPE": "node", "OSM_ID": 344424491 }, "geometry": { "type": "Point", "coordinates": [ 39.0472853, 45.0164604 ] } },
{ "type": "Feature", "properties": { "NAME": "Квартира", "NAME_EN": null, "NAME_RU": null, "MAN_MADE": null, "LEISURE": null, "AMENITY": "cafe", "OFFICE": null, "SHOP": null, "TOURISM": null, "SPORT": null, "OSM_TYPE": "node", "OSM_ID": 344584389 }, "geometry": { "type": "Point", "coordinates": [ 38.9766818, 45.0405014 ] } },
{ "type": "Feature", "properties": { "NAME": "Крайинвестбанк", "NAME_EN": null, "NAME_RU": null, "MAN_MADE": null, "LEISURE": null, "AMENITY": "bank", "OFFICE": null, "SHOP": null, "TOURISM": null, "SPORT": null, "OSM_TYPE": "node", "OSM_ID": 344584392 }, "geometry": { "type": "Point", "coordinates": [ 38.9759694, 45.0388737 ] } },
{ "type": "Feature", "properties": { "NAME": "Sweet Beans", "NAME_EN": null, "NAME_RU": null, "MAN_MADE": null, "LEISURE": null, "AMENITY": "cafe", "OFFICE": null, "SHOP": null, "TOURISM": null, "SPORT": null, "OSM_TYPE": "node", "OSM_ID": 344584394 }, "geometry": { "type": "Point", "coordinates": [ 38.9760928, 45.0390907 ] } },
{ "type": "Feature", "properties": { "NAME": "Сбербанк", "NAME_EN": "Sberbank", "NAME_RU": "Сбербанк", "MAN_MADE": null, "LEISURE": null, "AMENITY": "bank", "OFFICE": null, "SHOP": null, "TOURISM": null, "SPORT": null, "OSM_TYPE": "node", "OSM_ID": 344584998 }, "geometry": { "type": "Point", "coordinates": [ 38.9694718, 45.0237888 ] } },
{ "type": "Feature", "properties": { "NAME": null, "NAME_EN": null, "NAME_RU": null, "MAN_MADE": null, "LEISURE": null, "AMENITY": "bank", "OFFICE": null, "SHOP": null, "TOURISM": null, "SPORT": null, "OSM_TYPE": "node", "OSM_ID": 344959175 }, "geometry": { "type": "Point", "coordinates": [ 38.9770769, 45.0448694 ] } },
{ "type": "Feature", "properties": { "NAME": "Крайинвестбанк", "NAME_EN": null, "NAME_RU": null, "MAN_MADE": null, "LEISURE": null, "AMENITY": "bank", "OFFICE": null, "SHOP": null, "TOURISM": null, "SPORT": null, "OSM_TYPE": "node", "OSM_ID": 345349775 }, "geometry": { "type": "Point", "coordinates": [ 39.0013392, 45.0630909 ] } },
{ "type": "Feature", "properties": { "NAME": "Сбербанк", "NAME_EN": "Sberbank", "NAME_RU": "Сбербанк", "MAN_MADE": null, "LEISURE": null, "AMENITY": "bank", "OFFICE": null, "SHOP": null, "TOURISM": null, "SPORT": null, "OSM_TYPE": "node", "OSM_ID": 346070562 }, "geometry": { "type": "Point", "coordinates": [ 38.995069, 45.0401738 ] } },
{ "type": "Feature", "properties": { "NAME": "Юг-Инвестбанк", "NAME_EN": null, "NAME_RU": "Юг-Инвестбанк", "MAN_MADE": null, "LEISURE": null, "AMENITY": "bank", "OFFICE": null, "SHOP": null, "TOURISM": null, "SPORT": null, "OSM_TYPE": "node", "OSM_ID": 346575414 }, "geometry": { "type": "Point", "coordinates": [ 38.9748902, 45.0384543 ] } },
{ "type": "Feature", "properties": { "NAME": "15", "NAME_EN": null, "NAME_RU": null, "MAN_MADE": null, "LEISURE": null, "AMENITY": "pharmacy", "OFFICE": null, "SHOP": null, "TOURISM": null, "SPORT": null, "OSM_TYPE": "node", "OSM_ID": 347297797 }, "geometry": { "type": "Point", "coordinates": [ 38.9776169, 45.0430965 ] } },
{ "type": "Feature", "properties": { "NAME": null, "NAME_EN": null, "NAME_RU": null, "MAN_MADE": null, "LEISURE": null, "AMENITY": "pharmacy", "OFFICE": null, "SHOP": null, "TOURISM": null, "SPORT": null, "OSM_TYPE": "node", "OSM_ID": 392639282 }, "geometry": { "type": "Point", "coordinates": [ 39.0049127, 45.0317035 ] } },
{ "type": "Feature", "properties": { "NAME": null, "NAME_EN": null, "NAME_RU": null, "MAN_MADE": null, "LEISURE": null, "AMENITY": "bank", "OFFICE": null, "SHOP": null, "TOURISM": null, "SPORT": null, "OSM_TYPE": "node", "OSM_ID": 393289892 }, "geometry": { "type": "Point", "coordinates": [ 39.0060301, 45.0206088 ] } },
{ "type": "Feature", "properties": { "NAME": "ВТБ", "NAME_EN": "VTB", "NAME_RU": "ВТБ", "MAN_MADE": null, "LEISURE": null, "AMENITY": "bank", "OFFICE": null, "SHOP": null, "TOURISM": null, "SPORT": null, "OSM_TYPE": "node", "OSM_ID": 393289907 }, "geometry": { "type": "Point", "coordinates": [ 39.0016428, 45.0202347 ] } },
{ "type": "Feature", "properties": { "NAME": "На здоровье", "NAME_EN": null, "NAME_RU": null, "MAN_MADE": null, "LEISURE": null, "AMENITY": "pharmacy", "OFFICE": null, "SHOP": null, "TOURISM": null, "SPORT": null, "OSM_TYPE": "node", "OSM_ID": 393289926 }, "geometry": { "type": "Point", "coordinates": [ 38.9958474, 45.0188718 ] } },
{ "type": "Feature", "properties": { "NAME": "Старина Герман", "NAME_EN": null, "NAME_RU": null, "MAN_MADE": null, "LEISURE": null, "AMENITY": "restaurant", "OFFICE": null, "SHOP": null, "TOURISM": null, "SPORT": null, "OSM_TYPE": "node", "OSM_ID": 393289944 }, "geometry": { "type": "Point", "coordinates": [ 38.9866572, 45.0149741 ] } },
{ "type": "Feature", "properties": { "NAME": "Сбербанк", "NAME_EN": "Sberbank", "NAME_RU": "Сбербанк", "MAN_MADE": null, "LEISURE": null, "AMENITY": "bank", "OFFICE": null, "SHOP": null, "TOURISM": null, "SPORT": null, "OSM_TYPE": "node", "OSM_ID": 393289964 }, "geometry": { "type": "Point", "coordinates": [ 38.9728929, 45.0179165 ] } },
{ "type": "Feature", "properties": { "NAME": "Лаки Фарма", "NAME_EN": null, "NAME_RU": null, "MAN_MADE": null, "LEISURE": null, "AMENITY": "pharmacy", "OFFICE": null, "SHOP": null, "TOURISM": null, "SPORT": null, "OSM_TYPE": "node", "OSM_ID": 393289986 }, "geometry": { "type": "Point", "coordinates": [ 38.979134, 45.0193799 ] } },
{ "type": "Feature", "properties": { "NAME": "Хванчкара", "NAME_EN": null, "NAME_RU": null, "MAN_MADE": null, "LEISURE": null, "AMENITY": "restaurant", "OFFICE": null, "SHOP": null, "TOURISM": null, "SPORT": null, "OSM_TYPE": "node", "OSM_ID": 393289996 }, "geometry": { "type": "Point", "coordinates": [ 38.9984618, 45.0272866 ] } },
{ "type": "Feature", "properties": { "NAME": "Юг-Инвестбанк", "NAME_EN": null, "NAME_RU": null, "MAN_MADE": null, "LEISURE": null, "AMENITY": "bank", "OFFICE": null, "SHOP": null, "TOURISM": null, "SPORT": null, "OSM_TYPE": "node", "OSM_ID": 401564019 }, "geometry": { "type": "Point", "coordinates": [ 39.0009912, 45.0619538 ] } },
{ "type": "Feature", "properties": { "NAME": null, "NAME_EN": null, "NAME_RU": null, "MAN_MADE": null, "LEISURE": null, "AMENITY": "pharmacy", "OFFICE": null, "SHOP": null, "TOURISM": null, "SPORT": null, "OSM_TYPE": "node", "OSM_ID": 414156322 }, "geometry": { "type": "Point", "coordinates": [ 38.9571064, 45.0649428 ] } },
{ "type": "Feature", "properties": { "NAME": "Don Cappuccino", "NAME_EN": null, "NAME_RU": null, "MAN_MADE": null, "LEISURE": null, "AMENITY": "cafe", "OFFICE": null, "SHOP": null, "TOURISM": null, "SPORT": null, "OSM_TYPE": "node", "OSM_ID": 425639504 }, "geometry": { "type": "Point", "coordinates": [ 38.9837166, 45.0488627 ] } },
{ "type": "Feature", "properties": { "NAME": "Социальная аптека", "NAME_EN": null, "NAME_RU": null, "MAN_MADE": null, "LEISURE": null, "AMENITY": "pharmacy", "OFFICE": null, "SHOP": null, "TOURISM": null, "SPORT": null, "OSM_TYPE": "node", "OSM_ID": 431513279 }, "geometry": { "type": "Point", "coordinates": [ 38.9206643, 45.0345487 ] } },
{ "type": "Feature", "properties": { "NAME": null, "NAME_EN": null, "NAME_RU": null, "MAN_MADE": null, "LEISURE": null, "AMENITY": "pharmacy", "OFFICE": null, "SHOP": null, "TOURISM": null, "SPORT": null, "OSM_TYPE": "node", "OSM_ID": 434573131 }, "geometry": { "type": "Point", "coordinates": [ 38.9646286, 45.0030619 ] } },
{ "type": "Feature", "properties": { "NAME": "Сбербанк", "NAME_EN": "Sberbank", "NAME_RU": "Сбербанк", "MAN_MADE": null, "LEISURE": null, "AMENITY": "bank", "OFFICE": null, "SHOP": null, "TOURISM": null, "SPORT": null, "OSM_TYPE": "node", "OSM_ID": 436642506 }, "geometry": { "type": "Point", "coordinates": [ 39.0040662, 45.0288362 ] } },
{ "type": "Feature", "properties": { "NAME": "Сбербанк", "NAME_EN": "Sberbank", "NAME_RU": "Сбербанк", "MAN_MADE": null, "LEISURE": null, "AMENITY": "bank", "OFFICE": null, "SHOP": null, "TOURISM": null, "SPORT": null, "OSM_TYPE": "node", "OSM_ID": 443717851 }, "geometry": { "type": "Point", "coordinates": [ 39.0812493, 45.0065911 ] } },
{ "type": "Feature", "properties": { "NAME": "Патрик & Мари", "NAME_EN": null, "NAME_RU": null, "MAN_MADE": null, "LEISURE": null, "AMENITY": "cafe", "OFFICE": null, "SHOP": null, "TOURISM": null, "SPORT": null, "OSM_TYPE": "node", "OSM_ID": 449833183 }, "geometry": { "type": "Point", "coordinates": [ 38.9815937, 45.0695461 ] } },
{ "type": "Feature", "properties": { "NAME": null, "NAME_EN": null, "NAME_RU": null, "MAN_MADE": null, "LEISURE": null, "AMENITY": "bank", "OFFICE": null, "SHOP": null, "TOURISM": null, "SPORT": null, "OSM_TYPE": "node", "OSM_ID": 450189922 }, "geometry": { "type": "Point", "coordinates": [ 38.9584244, 45.0494236 ] } },
{ "type": "Feature", "properties": { "NAME": "Лора+", "NAME_EN": null, "NAME_RU": null, "MAN_MADE": null, "LEISURE": null, "AMENITY": "pharmacy", "OFFICE": null, "SHOP": null, "TOURISM": null, "SPORT": null, "OSM_TYPE": "node", "OSM_ID": 452026887 }, "geometry": { "type": "Point", "coordinates": [ 39.0815945, 45.0064616 ] } },
{ "type": "Feature", "properties": { "NAME": null, "NAME_EN": null, "NAME_RU": null, "MAN_MADE": null, "LEISURE": null, "AMENITY": "pharmacy", "OFFICE": null, "SHOP": null, "TOURISM": null, "SPORT": null, "OSM_TYPE": "node", "OSM_ID": 480732329 }, "geometry": { "type": "Point", "coordinates": [ 38.9795884, 45.0253758 ] } },
{ "type": "Feature", "properties": { "NAME": "Центр-Инвест", "NAME_EN": null, "NAME_RU": null, "MAN_MADE": null, "LEISURE": null, "AMENITY": "bank", "OFFICE": null, "SHOP": null, "TOURISM": null, "SPORT": null, "OSM_TYPE": "node", "OSM_ID": 485671452 }, "geometry": { "type": "Point", "coordinates": [ 39.0360695, 45.0174439 ] } },
{ "type": "Feature", "properties": { "NAME": "Первомайский", "NAME_EN": "Pervomayskiy", "NAME_RU": "Первомайский", "MAN_MADE": null, "LEISURE": null, "AMENITY": "bank", "OFFICE": null, "SHOP": null, "TOURISM": null, "SPORT": null, "OSM_TYPE": "node", "OSM_ID": 485671455 }, "geometry": { "type": "Point", "coordinates": [ 39.033734, 45.0187268 ] } },
{ "type": "Feature", "properties": { "NAME": null, "NAME_EN": null, "NAME_RU": null, "MAN_MADE": null, "LEISURE": null, "AMENITY": "bank", "OFFICE": null, "SHOP": null, "TOURISM": null, "SPORT": null, "OSM_TYPE": "node", "OSM_ID": 485671457 }, "geometry": { "type": "Point", "coordinates": [ 39.0332445, 45.0180223 ] } },
{ "type": "Feature", "properties": { "NAME": "Здесь Аптека", "NAME_EN": null, "NAME_RU": null, "MAN_MADE": null, "LEISURE": null, "AMENITY": "pharmacy", "OFFICE": null, "SHOP": null, "TOURISM": null, "SPORT": null, "OSM_TYPE": "node", "OSM_ID": 485671460 }, "geometry": { "type": "Point", "coordinates": [ 39.0326218, 45.0181913 ] } },
{ "type": "Feature", "properties": { "NAME": "Ригла", "NAME_EN": null, "NAME_RU": "Ригла", "MAN_MADE": null, "LEISURE": null, "AMENITY": "pharmacy", "OFFICE": null, "SHOP": null, "TOURISM": null, "SPORT": null, "OSM_TYPE": "node", "OSM_ID": 485671463 }, "geometry": { "type": "Point", "coordinates": [ 39.0299287, 45.0187553 ] } },
{ "type": "Feature", "properties": { "NAME": null, "NAME_EN": null, "NAME_RU": null, "MAN_MADE": null, "LEISURE": null, "AMENITY": "restaurant", "OFFICE": null, "SHOP": null, "TOURISM": null, "SPORT": null, "OSM_TYPE": "node", "OSM_ID": 487842246 }, "geometry": { "type": "Point", "coordinates": [ 38.98111, 45.0132056 ] } },
{ "type": "Feature", "properties": { "NAME": "Сгущёнка", "NAME_EN": null, "NAME_RU": null, "MAN_MADE": null, "LEISURE": null, "AMENITY": "cafe", "OFFICE": null, "SHOP": null, "TOURISM": null, "SPORT": null, "OSM_TYPE": "node", "OSM_ID": 494292040 }, "geometry": { "type": "Point", "coordinates": [ 38.9723536, 45.0283518 ] } },
{ "type": "Feature", "properties": { "NAME": "Пицца-Лав", "NAME_EN": null, "NAME_RU": null, "MAN_MADE": null, "LEISURE": null, "AMENITY": "cafe", "OFFICE": null, "SHOP": null, "TOURISM": null, "SPORT": null, "OSM_TYPE": "node", "OSM_ID": 494293728 }, "geometry": { "type": "Point", "coordinates": [ 38.9667055, 45.033924 ] } },
{ "type": "Feature", "properties": { "NAME": null, "NAME_EN": null, "NAME_RU": null, "MAN_MADE": null, "LEISURE": null, "AMENITY": "pharmacy", "OFFICE": null, "SHOP": null, "TOURISM": null, "SPORT": null, "OSM_TYPE": "node", "OSM_ID": 494302329 }, "geometry": { "type": "Point", "coordinates": [ 38.9668019, 45.0276777 ] } },
{ "type": "Feature", "properties": { "NAME": "Сербский ресторан", "NAME_EN": "Serbiia Restoran", "NAME_RU": "Сербский ресторан", "MAN_MADE": null, "LEISURE": null, "AMENITY": "restaurant", "OFFICE": null, "SHOP": null, "TOURISM": null, "SPORT": null, "OSM_TYPE": "node", "OSM_ID": 494310409 }, "geometry": { "type": "Point", "coordinates": [ 38.9694763, 45.0288449 ] } },
{ "type": "Feature", "properties": { "NAME": "Пивница", "NAME_EN": null, "NAME_RU": null, "MAN_MADE": null, "LEISURE": null, "AMENITY": "restaurant", "OFFICE": null, "SHOP": null, "TOURISM": null, "SPORT": null, "OSM_TYPE": "node", "OSM_ID": 494318032 }, "geometry": { "type": "Point", "coordinates": [ 38.9807424, 45.0416725 ] } },
{ "type": "Feature", "properties": { "NAME": "Уралсиб", "NAME_EN": null, "NAME_RU": null, "MAN_MADE": null, "LEISURE": null, "AMENITY": "bank", "OFFICE": null, "SHOP": null, "TOURISM": null, "SPORT": null, "OSM_TYPE": "node", "OSM_ID": 498345214 }, "geometry": { "type": "Point", "coordinates": [ 39.0635697, 45.0236324 ] } },
{ "type": "Feature", "properties": { "NAME": "Сбербанк", "NAME_EN": "Sberbank", "NAME_RU": "Сбербанк", "MAN_MADE": null, "LEISURE": null, "AMENITY": "bank", "OFFICE": null, "SHOP": null, "TOURISM": null, "SPORT": null, "OSM_TYPE": "node", "OSM_ID": 498349863 }, "geometry": { "type": "Point", "coordinates": [ 39.0664381, 45.0246312 ] } },
{ "type": "Feature", "properties": { "NAME": null, "NAME_EN": null, "NAME_RU": null, "MAN_MADE": null, "LEISURE": null, "AMENITY": "restaurant", "OFFICE": null, "SHOP": null, "TOURISM": null, "SPORT": null, "OSM_TYPE": "node", "OSM_ID": 498383779 }, "geometry": { "type": "Point", "coordinates": [ 38.9980275, 45.1197559 ] } },
{ "type": "Feature", "properties": { "NAME": null, "NAME_EN": null, "NAME_RU": null, "MAN_MADE": null, "LEISURE": null, "AMENITY": "restaurant", "OFFICE": null, "SHOP": null, "TOURISM": null, "SPORT": null, "OSM_TYPE": "node", "OSM_ID": 498411606 }, "geometry": { "type": "Point", "coordinates": [ 39.0068652, 45.1254477 ] } },
{ "type": "Feature", "properties": { "NAME": "Старый колодец", "NAME_EN": null, "NAME_RU": null, "MAN_MADE": null, "LEISURE": null, "AMENITY": "restaurant", "OFFICE": null, "SHOP": null, "TOURISM": null, "SPORT": null, "OSM_TYPE": "node", "OSM_ID": 498417103 }, "geometry": { "type": "Point", "coordinates": [ 38.9979605, 45.1292639 ] } },
{ "type": "Feature", "properties": { "NAME": "Шашлык", "NAME_EN": null, "NAME_RU": null, "MAN_MADE": null, "LEISURE": null, "AMENITY": "cafe", "OFFICE": null, "SHOP": null, "TOURISM": null, "SPORT": null, "OSM_TYPE": "node", "OSM_ID": 498466771 }, "geometry": { "type": "Point", "coordinates": [ 38.9602437, 45.0554619 ] } },
{ "type": "Feature", "properties": { "NAME": "Ремедиа", "NAME_EN": null, "NAME_RU": null, "MAN_MADE": null, "LEISURE": null, "AMENITY": "pharmacy", "OFFICE": null, "SHOP": null, "TOURISM": null, "SPORT": null, "OSM_TYPE": "node", "OSM_ID": 504745522 }, "geometry": { "type": "Point", "coordinates": [ 39.0420895, 45.0172038 ] } },
{ "type": "Feature", "properties": { "NAME": "Ригла", "NAME_EN": null, "NAME_RU": "Ригла", "MAN_MADE": null, "LEISURE": null, "AMENITY": "pharmacy", "OFFICE": null, "SHOP": null, "TOURISM": null, "SPORT": null, "OSM_TYPE": "node", "OSM_ID": 504745525 }, "geometry": { "type": "Point", "coordinates": [ 39.0426936, 45.0216513 ] } },
{ "type": "Feature", "properties": { "NAME": "Кубань Кредит", "NAME_EN": null, "NAME_RU": null, "MAN_MADE": null, "LEISURE": null, "AMENITY": "bank", "OFFICE": null, "SHOP": null, "TOURISM": null, "SPORT": null, "OSM_TYPE": "node", "OSM_ID": 504745527 }, "geometry": { "type": "Point", "coordinates": [ 39.0426695, 45.0226086 ] } },
{ "type": "Feature", "properties": { "NAME": "Сбербанк", "NAME_EN": "Sberbank", "NAME_RU": "Сбербанк", "MAN_MADE": null, "LEISURE": null, "AMENITY": "bank", "OFFICE": null, "SHOP": null, "TOURISM": null, "SPORT": null, "OSM_TYPE": "node", "OSM_ID": 526825035 }, "geometry": { "type": "Point", "coordinates": [ 39.0568005, 45.0137117 ] } },
{ "type": "Feature", "properties": { "NAME": null, "NAME_EN": null, "NAME_RU": null, "MAN_MADE": null, "LEISURE": null, "AMENITY": "pharmacy", "OFFICE": null, "SHOP": null, "TOURISM": null, "SPORT": null, "OSM_TYPE": "node", "OSM_ID": 530691351 }, "geometry": { "type": "Point", "coordinates": [ 38.9845974, 45.0187956 ] } },
{ "type": "Feature", "properties": { "NAME": "Off-Road Кафе", "NAME_EN": null, "NAME_RU": null, "MAN_MADE": null, "LEISURE": null, "AMENITY": "cafe", "OFFICE": null, "SHOP": null, "TOURISM": null, "SPORT": null, "OSM_TYPE": "node", "OSM_ID": 532146417 }, "geometry": { "type": "Point", "coordinates": [ 39.0021861, 45.0364442 ] } },
{ "type": "Feature", "properties": { "NAME": null, "NAME_EN": null, "NAME_RU": null, "MAN_MADE": null, "LEISURE": null, "AMENITY": "cafe", "OFFICE": null, "SHOP": null, "TOURISM": null, "SPORT": null, "OSM_TYPE": "node", "OSM_ID": 534394259 }, "geometry": { "type": "Point", "coordinates": [ 38.971734, 45.0128072 ] } },
{ "type": "Feature", "properties": { "NAME": "Мир Любви", "NAME_EN": null, "NAME_RU": null, "MAN_MADE": null, "LEISURE": null, "AMENITY": "cafe", "OFFICE": null, "SHOP": null, "TOURISM": null, "SPORT": null, "OSM_TYPE": "node", "OSM_ID": 534394261 }, "geometry": { "type": "Point", "coordinates": [ 38.9707164, 45.012877 ] } },
{ "type": "Feature", "properties": { "NAME": null, "NAME_EN": null, "NAME_RU": null, "MAN_MADE": null, "LEISURE": null, "AMENITY": "cafe", "OFFICE": null, "SHOP": null, "TOURISM": null, "SPORT": null, "OSM_TYPE": "node", "OSM_ID": 534394262 }, "geometry": { "type": "Point", "coordinates": [ 38.9701707, 45.0135484 ] } },
{ "type": "Feature", "properties": { "NAME": "Уралсиб", "NAME_EN": "Uralsib Bank", "NAME_RU": "Уралсиб", "MAN_MADE": null, "LEISURE": null, "AMENITY": "bank", "OFFICE": null, "SHOP": null, "TOURISM": null, "SPORT": null, "OSM_TYPE": "node", "OSM_ID": 550109634 }, "geometry": { "type": "Point", "coordinates": [ 38.9624242, 45.0579025 ] } },
{ "type": "Feature", "properties": { "NAME": "№418", "NAME_EN": null, "NAME_RU": null, "MAN_MADE": null, "LEISURE": null, "AMENITY": "pharmacy", "OFFICE": null, "SHOP": null, "TOURISM": null, "SPORT": null, "OSM_TYPE": "node", "OSM_ID": 559865332 }, "geometry": { "type": "Point", "coordinates": [ 39.0734404, 45.0052493 ] } },
{ "type": "Feature", "properties": { "NAME": "Социальная аптека", "NAME_EN": null, "NAME_RU": null, "MAN_MADE": null, "LEISURE": null, "AMENITY": "pharmacy", "OFFICE": null, "SHOP": null, "TOURISM": null, "SPORT": null, "OSM_TYPE": "node", "OSM_ID": 559865333 }, "geometry": { "type": "Point", "coordinates": [ 39.0720982, 45.0060937 ] } },
{ "type": "Feature", "properties": { "NAME": "Жар-Пицца", "NAME_EN": null, "NAME_RU": null, "MAN_MADE": null, "LEISURE": null, "AMENITY": "cafe", "OFFICE": null, "SHOP": null, "TOURISM": null, "SPORT": null, "OSM_TYPE": "node", "OSM_ID": 560004988 }, "geometry": { "type": "Point", "coordinates": [ 38.9583754, 45.0511482 ] } },
{ "type": "Feature", "properties": { "NAME": "Мадьяр", "NAME_EN": null, "NAME_RU": null, "MAN_MADE": null, "LEISURE": null, "AMENITY": "restaurant", "OFFICE": null, "SHOP": null, "TOURISM": null, "SPORT": null, "OSM_TYPE": "node", "OSM_ID": 560005185 }, "geometry": { "type": "Point", "coordinates": [ 38.9661759, 45.0498342 ] } },
{ "type": "Feature", "properties": { "NAME": "У Близнецов", "NAME_EN": null, "NAME_RU": null, "MAN_MADE": null, "LEISURE": null, "AMENITY": "restaurant", "OFFICE": null, "SHOP": null, "TOURISM": null, "SPORT": null, "OSM_TYPE": "node", "OSM_ID": 560005186 }, "geometry": { "type": "Point", "coordinates": [ 38.969108, 45.0495751 ] } },
{ "type": "Feature", "properties": { "NAME": "Сбербанк", "NAME_EN": "Sberbank", "NAME_RU": "Сбербанк", "MAN_MADE": null, "LEISURE": null, "AMENITY": "bank", "OFFICE": null, "SHOP": null, "TOURISM": null, "SPORT": null, "OSM_TYPE": "node", "OSM_ID": 560168370 }, "geometry": { "type": "Point", "coordinates": [ 38.9655132, 45.0552084 ] } },
{ "type": "Feature", "properties": { "NAME": "Лекфарм №1", "NAME_EN": null, "NAME_RU": null, "MAN_MADE": null, "LEISURE": null, "AMENITY": "pharmacy", "OFFICE": null, "SHOP": null, "TOURISM": null, "SPORT": null, "OSM_TYPE": "node", "OSM_ID": 566329012 }, "geometry": { "type": "Point", "coordinates": [ 39.1232351, 45.0297803 ] } },
{ "type": "Feature", "properties": { "NAME": "Радуга", "NAME_EN": null, "NAME_RU": null, "MAN_MADE": null, "LEISURE": null, "AMENITY": "pharmacy", "OFFICE": null, "SHOP": null, "TOURISM": null, "SPORT": null, "OSM_TYPE": "node", "OSM_ID": 566329021 }, "geometry": { "type": "Point", "coordinates": [ 39.1237418, 45.0299474 ] } },
{ "type": "Feature", "properties": { "NAME": "Казачок", "NAME_EN": null, "NAME_RU": null, "MAN_MADE": null, "LEISURE": null, "AMENITY": "restaurant", "OFFICE": null, "SHOP": null, "TOURISM": null, "SPORT": null, "OSM_TYPE": "node", "OSM_ID": 566505614 }, "geometry": { "type": "Point", "coordinates": [ 39.0119969, 45.1265958 ] } },
{ "type": "Feature", "properties": { "NAME": "5 Авеню", "NAME_EN": null, "NAME_RU": null, "MAN_MADE": null, "LEISURE": null, "AMENITY": "cafe", "OFFICE": null, "SHOP": null, "TOURISM": null, "SPORT": null, "OSM_TYPE": "node", "OSM_ID": 585230830 }, "geometry": { "type": "Point", "coordinates": [ 38.9754926, 45.037189 ] } },
{ "type": "Feature", "properties": { "NAME": "У Джафара", "NAME_EN": null, "NAME_RU": null, "MAN_MADE": null, "LEISURE": null, "AMENITY": "cafe", "OFFICE": null, "SHOP": null, "TOURISM": null, "SPORT": null, "OSM_TYPE": "node", "OSM_ID": 585944637 }, "geometry": { "type": "Point", "coordinates": [ 38.9843819, 45.1077891 ] } },
{ "type": "Feature", "properties": { "NAME": null, "NAME_EN": null, "NAME_RU": null, "MAN_MADE": null, "LEISURE": null, "AMENITY": "pharmacy", "OFFICE": null, "SHOP": null, "TOURISM": null, "SPORT": null, "OSM_TYPE": "node", "OSM_ID": 595806370 }, "geometry": { "type": "Point", "coordinates": [ 38.9437587, 45.0530135 ] } },
{ "type": "Feature", "properties": { "NAME": null, "NAME_EN": null, "NAME_RU": null, "MAN_MADE": null, "LEISURE": null, "AMENITY": "pharmacy", "OFFICE": null, "SHOP": null, "TOURISM": null, "SPORT": null, "OSM_TYPE": "node", "OSM_ID": 610539255 }, "geometry": { "type": "Point", "coordinates": [ 39.0957433, 45.0236109 ] } },
{ "type": "Feature", "properties": { "NAME": "24часа", "NAME_EN": null, "NAME_RU": null, "MAN_MADE": null, "LEISURE": null, "AMENITY": "pharmacy", "OFFICE": null, "SHOP": null, "TOURISM": null, "SPORT": null, "OSM_TYPE": "node", "OSM_ID": 611743838 }, "geometry": { "type": "Point", "coordinates": [ 39.1057813, 45.027428 ] } },
{ "type": "Feature", "properties": { "NAME": "Здесь Аптека", "NAME_EN": null, "NAME_RU": null, "MAN_MADE": null, "LEISURE": null, "AMENITY": "pharmacy", "OFFICE": null, "SHOP": null, "TOURISM": null, "SPORT": null, "OSM_TYPE": "node", "OSM_ID": 612111526 }, "geometry": { "type": "Point", "coordinates": [ 38.966138, 45.0246166 ] } },
{ "type": "Feature", "properties": { "NAME": "Аптека №6", "NAME_EN": null, "NAME_RU": null, "MAN_MADE": null, "LEISURE": null, "AMENITY": "pharmacy", "OFFICE": null, "SHOP": null, "TOURISM": null, "SPORT": null, "OSM_TYPE": "node", "OSM_ID": 612513714 }, "geometry": { "type": "Point", "coordinates": [ 38.9755664, 45.0471512 ] } },
{ "type": "Feature", "properties": { "NAME": "Первомайский", "NAME_EN": "Pervomayskiy", "NAME_RU": "Первомайский", "MAN_MADE": null, "LEISURE": null, "AMENITY": "bank", "OFFICE": null, "SHOP": null, "TOURISM": null, "SPORT": null, "OSM_TYPE": "node", "OSM_ID": 620513756 }, "geometry": { "type": "Point", "coordinates": [ 38.9258082, 45.059663 ] } },
{ "type": "Feature", "properties": { "NAME": "Сбербанк", "NAME_EN": "Sberbank", "NAME_RU": "Сбербанк", "MAN_MADE": null, "LEISURE": null, "AMENITY": "bank", "OFFICE": null, "SHOP": null, "TOURISM": null, "SPORT": null, "OSM_TYPE": "node", "OSM_ID": 631875729 }, "geometry": { "type": "Point", "coordinates": [ 38.9814411, 45.0240817 ] } },
{ "type": "Feature", "properties": { "NAME": null, "NAME_EN": null, "NAME_RU": null, "MAN_MADE": null, "LEISURE": null, "AMENITY": "pharmacy", "OFFICE": null, "SHOP": null, "TOURISM": null, "SPORT": null, "OSM_TYPE": "node", "OSM_ID": 632443256 }, "geometry": { "type": "Point", "coordinates": [ 38.9895815, 45.024246 ] } },
{ "type": "Feature", "properties": { "NAME": "Газпромбанк", "NAME_EN": "Gazprombank", "NAME_RU": null, "MAN_MADE": null, "LEISURE": null, "AMENITY": "bank", "OFFICE": null, "SHOP": null, "TOURISM": null, "SPORT": null, "OSM_TYPE": "node", "OSM_ID": 632443265 }, "geometry": { "type": "Point", "coordinates": [ 38.9907173, 45.025355 ] } },
{ "type": "Feature", "properties": { "NAME": "Лаки Фарма", "NAME_EN": null, "NAME_RU": null, "MAN_MADE": null, "LEISURE": null, "AMENITY": "pharmacy", "OFFICE": null, "SHOP": null, "TOURISM": null, "SPORT": null, "OSM_TYPE": "node", "OSM_ID": 634132996 }, "geometry": { "type": "Point", "coordinates": [ 38.9977443, 45.1366639 ] } },
{ "type": "Feature", "properties": { "NAME": null, "NAME_EN": null, "NAME_RU": null, "MAN_MADE": null, "LEISURE": null, "AMENITY": "pharmacy", "OFFICE": null, "SHOP": null, "TOURISM": null, "SPORT": null, "OSM_TYPE": "node", "OSM_ID": 634132998 }, "geometry": { "type": "Point", "coordinates": [ 38.9971698, 45.1384125 ] } },
{ "type": "Feature", "properties": { "NAME": null, "NAME_EN": null, "NAME_RU": null, "MAN_MADE": null, "LEISURE": null, "AMENITY": "pharmacy", "OFFICE": null, "SHOP": null, "TOURISM": null, "SPORT": null, "OSM_TYPE": "node", "OSM_ID": 634257270 }, "geometry": { "type": "Point", "coordinates": [ 39.0426278, 45.0160509 ] } },
{ "type": "Feature", "properties": { "NAME": "Лора+", "NAME_EN": null, "NAME_RU": null, "MAN_MADE": null, "LEISURE": null, "AMENITY": "pharmacy", "OFFICE": null, "SHOP": null, "TOURISM": null, "SPORT": null, "OSM_TYPE": "node", "OSM_ID": 634517061 }, "geometry": { "type": "Point", "coordinates": [ 38.9993656, 45.0194547 ] } },
{ "type": "Feature", "properties": { "NAME": "Сармат", "NAME_EN": null, "NAME_RU": null, "MAN_MADE": null, "LEISURE": null, "AMENITY": "cafe", "OFFICE": null, "SHOP": null, "TOURISM": null, "SPORT": null, "OSM_TYPE": "node", "OSM_ID": 634912174 }, "geometry": { "type": "Point", "coordinates": [ 38.977284, 45.0600076 ] } },
{ "type": "Feature", "properties": { "NAME": "Райффайзенбанк", "NAME_EN": null, "NAME_RU": null, "MAN_MADE": null, "LEISURE": null, "AMENITY": "bank", "OFFICE": null, "SHOP": null, "TOURISM": null, "SPORT": null, "OSM_TYPE": "node", "OSM_ID": 635853298 }, "geometry": { "type": "Point", "coordinates": [ 38.9847485, 45.0390133 ] } },
{ "type": "Feature", "properties": { "NAME": "Zohan bar", "NAME_EN": null, "NAME_RU": null, "MAN_MADE": null, "LEISURE": null, "AMENITY": "cafe", "OFFICE": null, "SHOP": null, "TOURISM": null, "SPORT": null, "OSM_TYPE": "node", "OSM_ID": 636888313 }, "geometry": { "type": "Point", "coordinates": [ 38.9707933, 45.0286105 ] } },
{ "type": "Feature", "properties": { "NAME": null, "NAME_EN": null, "NAME_RU": null, "MAN_MADE": null, "LEISURE": null, "AMENITY": "bank", "OFFICE": null, "SHOP": null, "TOURISM": null, "SPORT": null, "OSM_TYPE": "node", "OSM_ID": 636992839 }, "geometry": { "type": "Point", "coordinates": [ 38.9669031, 45.0293814 ] } },
{ "type": "Feature", "properties": { "NAME": "УралКапиталБанк", "NAME_EN": null, "NAME_RU": null, "MAN_MADE": null, "LEISURE": null, "AMENITY": "bank", "OFFICE": null, "SHOP": null, "TOURISM": null, "SPORT": null, "OSM_TYPE": "node", "OSM_ID": 642992010 }, "geometry": { "type": "Point", "coordinates": [ 39.0363402, 45.0342171 ] } },
{ "type": "Feature", "properties": { "NAME": "Аптека №3", "NAME_EN": null, "NAME_RU": null, "MAN_MADE": null, "LEISURE": null, "AMENITY": "pharmacy", "OFFICE": null, "SHOP": null, "TOURISM": null, "SPORT": null, "OSM_TYPE": "node", "OSM_ID": 651948850 }, "geometry": { "type": "Point", "coordinates": [ 39.0103613, 45.0209927 ] } },
{ "type": "Feature", "properties": { "NAME": "ЮниКредит Банк", "NAME_EN": "Unicredit", "NAME_RU": "ЮниКредит Банк", "MAN_MADE": null, "LEISURE": null, "AMENITY": "bank", "OFFICE": null, "SHOP": null, "TOURISM": null, "SPORT": null, "OSM_TYPE": "node", "OSM_ID": 651969488 }, "geometry": { "type": "Point", "coordinates": [ 38.991833, 45.0174711 ] } },
{ "type": "Feature", "properties": { "NAME": null, "NAME_EN": null, "NAME_RU": null, "MAN_MADE": null, "LEISURE": null, "AMENITY": "pharmacy", "OFFICE": null, "SHOP": null, "TOURISM": null, "SPORT": null, "OSM_TYPE": "node", "OSM_ID": 653331630 }, "geometry": { "type": "Point", "coordinates": [ 38.9935547, 45.0377972 ] } },
{ "type": "Feature", "properties": { "NAME": "Лоран", "NAME_EN": null, "NAME_RU": null, "MAN_MADE": null, "LEISURE": null, "AMENITY": "pharmacy", "OFFICE": null, "SHOP": null, "TOURISM": null, "SPORT": null, "OSM_TYPE": "node", "OSM_ID": 654026936 }, "geometry": { "type": "Point", "coordinates": [ 38.9602756, 45.0103886 ] } },
{ "type": "Feature", "properties": { "NAME": null, "NAME_EN": null, "NAME_RU": null, "MAN_MADE": null, "LEISURE": null, "AMENITY": "cafe", "OFFICE": null, "SHOP": null, "TOURISM": null, "SPORT": null, "OSM_TYPE": "node", "OSM_ID": 662557973 }, "geometry": { "type": "Point", "coordinates": [ 38.9864957, 45.1222917 ] } },
{ "type": "Feature", "properties": { "NAME": "Первая аптека", "NAME_EN": null, "NAME_RU": null, "MAN_MADE": null, "LEISURE": null, "AMENITY": "pharmacy", "OFFICE": null, "SHOP": null, "TOURISM": null, "SPORT": null, "OSM_TYPE": "node", "OSM_ID": 662557975 }, "geometry": { "type": "Point", "coordinates": [ 38.9865177, 45.1223411 ] } },
{ "type": "Feature", "properties": { "NAME": "Pankiss", "NAME_EN": null, "NAME_RU": null, "MAN_MADE": null, "LEISURE": null, "AMENITY": "cafe", "OFFICE": null, "SHOP": null, "TOURISM": null, "SPORT": null, "OSM_TYPE": "node", "OSM_ID": 667466296 }, "geometry": { "type": "Point", "coordinates": [ 38.976192, 45.0360132 ] } },
{ "type": "Feature", "properties": { "NAME": "Радуга", "NAME_EN": null, "NAME_RU": null, "MAN_MADE": null, "LEISURE": null, "AMENITY": "pharmacy", "OFFICE": null, "SHOP": null, "TOURISM": null, "SPORT": null, "OSM_TYPE": "node", "OSM_ID": 667467295 }, "geometry": { "type": "Point", "coordinates": [ 38.9770712, 45.0385258 ] } },
{ "type": "Feature", "properties": { "NAME": null, "NAME_EN": null, "NAME_RU": null, "MAN_MADE": null, "LEISURE": null, "AMENITY": "pharmacy", "OFFICE": null, "SHOP": null, "TOURISM": null, "SPORT": null, "OSM_TYPE": "node", "OSM_ID": 675810926 }, "geometry": { "type": "Point", "coordinates": [ 38.9094272, 45.0321319 ] } },
{ "type": "Feature", "properties": { "NAME": null, "NAME_EN": null, "NAME_RU": null, "MAN_MADE": null, "LEISURE": null, "AMENITY": "pharmacy", "OFFICE": null, "SHOP": null, "TOURISM": null, "SPORT": null, "OSM_TYPE": "node", "OSM_ID": 722317552 }, "geometry": { "type": "Point", "coordinates": [ 38.9655198, 45.0679579 ] } },
{ "type": "Feature", "properties": { "NAME": null, "NAME_EN": null, "NAME_RU": null, "MAN_MADE": null, "LEISURE": null, "AMENITY": "pharmacy", "OFFICE": null, "SHOP": null, "TOURISM": null, "SPORT": null, "OSM_TYPE": "node", "OSM_ID": 728349418 }, "geometry": { "type": "Point", "coordinates": [ 38.9389327, 45.0537431 ] } },
{ "type": "Feature", "properties": { "NAME": "Кубань Кредит", "NAME_EN": null, "NAME_RU": null, "MAN_MADE": null, "LEISURE": null, "AMENITY": "bank", "OFFICE": null, "SHOP": null, "TOURISM": null, "SPORT": null, "OSM_TYPE": "node", "OSM_ID": 728350901 }, "geometry": { "type": "Point", "coordinates": [ 38.9462097, 45.0598694 ] } },
{ "type": "Feature", "properties": { "NAME": null, "NAME_EN": null, "NAME_RU": null, "MAN_MADE": null, "LEISURE": null, "AMENITY": "cafe", "OFFICE": null, "SHOP": null, "TOURISM": null, "SPORT": null, "OSM_TYPE": "node", "OSM_ID": 739424487 }, "geometry": { "type": "Point", "coordinates": [ 38.9601939, 45.0110978 ] } },
{ "type": "Feature", "properties": { "NAME": "Интеза Банк", "NAME_EN": null, "NAME_RU": null, "MAN_MADE": null, "LEISURE": null, "AMENITY": "bank", "OFFICE": null, "SHOP": null, "TOURISM": null, "SPORT": null, "OSM_TYPE": "node", "OSM_ID": 750481942 }, "geometry": { "type": "Point", "coordinates": [ 38.9733806, 45.0152154 ] } },
{ "type": "Feature", "properties": { "NAME": "Amsterdam Bar", "NAME_EN": null, "NAME_RU": null, "MAN_MADE": null, "LEISURE": null, "AMENITY": "restaurant", "OFFICE": null, "SHOP": null, "TOURISM": null, "SPORT": null, "OSM_TYPE": "node", "OSM_ID": 750482247 }, "geometry": { "type": "Point", "coordinates": [ 38.9741391, 45.0288339 ] } },
{ "type": "Feature", "properties": { "NAME": "Лора+", "NAME_EN": null, "NAME_RU": null, "MAN_MADE": null, "LEISURE": null, "AMENITY": "pharmacy", "OFFICE": null, "SHOP": null, "TOURISM": null, "SPORT": null, "OSM_TYPE": "node", "OSM_ID": 778168380 }, "geometry": { "type": "Point", "coordinates": [ 39.0748983, 45.0181989 ] } },
{ "type": "Feature", "properties": { "NAME": "Газпромбанк", "NAME_EN": "Gazprombank", "NAME_RU": null, "MAN_MADE": null, "LEISURE": null, "AMENITY": "bank", "OFFICE": null, "SHOP": null, "TOURISM": null, "SPORT": null, "OSM_TYPE": "node", "OSM_ID": 778257743 }, "geometry": { "type": "Point", "coordinates": [ 38.9767256, 45.0382206 ] } },
{ "type": "Feature", "properties": { "NAME": "Первомайский", "NAME_EN": "Pervomayskiy", "NAME_RU": "Первомайский", "MAN_MADE": null, "LEISURE": null, "AMENITY": "bank", "OFFICE": null, "SHOP": null, "TOURISM": null, "SPORT": null, "OSM_TYPE": "node", "OSM_ID": 778259155 }, "geometry": { "type": "Point", "coordinates": [ 38.993818, 45.0372009 ] } },
{ "type": "Feature", "properties": { "NAME": "Три берёзы", "NAME_EN": null, "NAME_RU": null, "MAN_MADE": null, "LEISURE": null, "AMENITY": "cafe", "OFFICE": null, "SHOP": null, "TOURISM": null, "SPORT": null, "OSM_TYPE": "node", "OSM_ID": 778889549 }, "geometry": { "type": "Point", "coordinates": [ 39.0544444, 45.0158718 ] } },
{ "type": "Feature", "properties": { "NAME": "Лиза", "NAME_EN": null, "NAME_RU": null, "MAN_MADE": null, "LEISURE": null, "AMENITY": "cafe", "OFFICE": null, "SHOP": null, "TOURISM": null, "SPORT": null, "OSM_TYPE": "node", "OSM_ID": 790456721 }, "geometry": { "type": "Point", "coordinates": [ 39.0374419, 45.0169536 ] } },
{ "type": "Feature", "properties": { "NAME": "У трех берез", "NAME_EN": null, "NAME_RU": null, "MAN_MADE": null, "LEISURE": null, "AMENITY": "cafe", "OFFICE": null, "SHOP": null, "TOURISM": null, "SPORT": null, "OSM_TYPE": "node", "OSM_ID": 790456725 }, "geometry": { "type": "Point", "coordinates": [ 39.0370072, 45.0172159 ] } },
{ "type": "Feature", "properties": { "NAME": "Уралсиб", "NAME_EN": null, "NAME_RU": null, "MAN_MADE": null, "LEISURE": null, "AMENITY": "bank", "OFFICE": null, "SHOP": null, "TOURISM": null, "SPORT": null, "OSM_TYPE": "node", "OSM_ID": 911916657 }, "geometry": { "type": "Point", "coordinates": [ 39.0163094, 45.0562768 ] } },
{ "type": "Feature", "properties": { "NAME": null, "NAME_EN": null, "NAME_RU": null, "MAN_MADE": null, "LEISURE": null, "AMENITY": "pharmacy", "OFFICE": null, "SHOP": null, "TOURISM": null, "SPORT": null, "OSM_TYPE": "node", "OSM_ID": 928777183 }, "geometry": { "type": "Point", "coordinates": [ 39.0918047, 45.0401791 ] } },
{ "type": "Feature", "properties": { "NAME": "Кубаньбанк", "NAME_EN": null, "NAME_RU": null, "MAN_MADE": null, "LEISURE": null, "AMENITY": "bank", "OFFICE": null, "SHOP": null, "TOURISM": null, "SPORT": null, "OSM_TYPE": "node", "OSM_ID": 928777187 }, "geometry": { "type": "Point", "coordinates": [ 39.0796703, 45.0383104 ] } },
{ "type": "Feature", "properties": { "NAME": "Кино Кафе", "NAME_EN": null, "NAME_RU": null, "MAN_MADE": null, "LEISURE": null, "AMENITY": "cafe", "OFFICE": null, "SHOP": null, "TOURISM": null, "SPORT": null, "OSM_TYPE": "node", "OSM_ID": 931871083 }, "geometry": { "type": "Point", "coordinates": [ 39.0036632, 45.0546936 ] } },
{ "type": "Feature", "properties": { "NAME": "Петровский банк", "NAME_EN": null, "NAME_RU": null, "MAN_MADE": null, "LEISURE": null, "AMENITY": "bank", "OFFICE": null, "SHOP": null, "TOURISM": null, "SPORT": null, "OSM_TYPE": "node", "OSM_ID": 935606501 }, "geometry": { "type": "Point", "coordinates": [ 38.9764918, 45.0382597 ] } },
{ "type": "Feature", "properties": { "NAME": "Молодость", "NAME_EN": null, "NAME_RU": null, "MAN_MADE": null, "LEISURE": null, "AMENITY": "cafe", "OFFICE": null, "SHOP": null, "TOURISM": null, "SPORT": null, "OSM_TYPE": "node", "OSM_ID": 935619694 }, "geometry": { "type": "Point", "coordinates": [ 39.0921828, 45.0374044 ] } },
{ "type": "Feature", "properties": { "NAME": "Аптека24", "NAME_EN": null, "NAME_RU": null, "MAN_MADE": null, "LEISURE": null, "AMENITY": "pharmacy", "OFFICE": null, "SHOP": null, "TOURISM": null, "SPORT": null, "OSM_TYPE": "node", "OSM_ID": 942834696 }, "geometry": { "type": "Point", "coordinates": [ 39.0960967, 45.0388622 ] } },
{ "type": "Feature", "properties": { "NAME": null, "NAME_EN": null, "NAME_RU": null, "MAN_MADE": null, "LEISURE": null, "AMENITY": "pharmacy", "OFFICE": null, "SHOP": null, "TOURISM": null, "SPORT": null, "OSM_TYPE": "node", "OSM_ID": 942834705 }, "geometry": { "type": "Point", "coordinates": [ 39.0972405, 45.0383524 ] } },
{ "type": "Feature", "properties": { "NAME": "Bambuk", "NAME_EN": null, "NAME_RU": null, "MAN_MADE": null, "LEISURE": null, "AMENITY": "cafe", "OFFICE": null, "SHOP": null, "TOURISM": null, "SPORT": null, "OSM_TYPE": "node", "OSM_ID": 956021726 }, "geometry": { "type": "Point", "coordinates": [ 38.9796316, 45.0733147 ] } },
{ "type": "Feature", "properties": { "NAME": null, "NAME_EN": null, "NAME_RU": null, "MAN_MADE": null, "LEISURE": null, "AMENITY": "cafe", "OFFICE": null, "SHOP": null, "TOURISM": null, "SPORT": null, "OSM_TYPE": "node", "OSM_ID": 956027889 }, "geometry": { "type": "Point", "coordinates": [ 38.9813965, 45.0730268 ] } },
{ "type": "Feature", "properties": { "NAME": null, "NAME_EN": null, "NAME_RU": null, "MAN_MADE": null, "LEISURE": null, "AMENITY": "pharmacy", "OFFICE": null, "SHOP": null, "TOURISM": null, "SPORT": null, "OSM_TYPE": "node", "OSM_ID": 956027890 }, "geometry": { "type": "Point", "coordinates": [ 38.9814475, 45.0739966 ] } },
{ "type": "Feature", "properties": { "NAME": null, "NAME_EN": null, "NAME_RU": null, "MAN_MADE": null, "LEISURE": null, "AMENITY": "pharmacy", "OFFICE": null, "SHOP": null, "TOURISM": null, "SPORT": null, "OSM_TYPE": "node", "OSM_ID": 956027891 }, "geometry": { "type": "Point", "coordinates": [ 38.9797121, 45.073883 ] } },
{ "type": "Feature", "properties": { "NAME": "Доктор Столетов", "NAME_EN": null, "NAME_RU": null, "MAN_MADE": null, "LEISURE": null, "AMENITY": "pharmacy", "OFFICE": null, "SHOP": null, "TOURISM": null, "SPORT": null, "OSM_TYPE": "node", "OSM_ID": 1000237590 }, "geometry": { "type": "Point", "coordinates": [ 38.9656043, 45.0674036 ] } },
{ "type": "Feature", "properties": { "NAME": "Версия", "NAME_EN": null, "NAME_RU": null, "MAN_MADE": null, "LEISURE": null, "AMENITY": "cafe", "OFFICE": null, "SHOP": null, "TOURISM": null, "SPORT": null, "OSM_TYPE": "node", "OSM_ID": 1000245255 }, "geometry": { "type": "Point", "coordinates": [ 38.9096777, 45.0335541 ] } },
{ "type": "Feature", "properties": { "NAME": "Т-Кафе", "NAME_EN": null, "NAME_RU": null, "MAN_MADE": null, "LEISURE": null, "AMENITY": "cafe", "OFFICE": null, "SHOP": null, "TOURISM": null, "SPORT": null, "OSM_TYPE": "node", "OSM_ID": 1008023414 }, "geometry": { "type": "Point", "coordinates": [ 38.9617787, 45.0605491 ] } },
{ "type": "Feature", "properties": { "NAME": null, "NAME_EN": null, "NAME_RU": null, "MAN_MADE": null, "LEISURE": null, "AMENITY": "pharmacy", "OFFICE": null, "SHOP": null, "TOURISM": null, "SPORT": null, "OSM_TYPE": "node", "OSM_ID": 1028702340 }, "geometry": { "type": "Point", "coordinates": [ 38.9260933, 45.0593202 ] } },
{ "type": "Feature", "properties": { "NAME": "Старый город", "NAME_EN": null, "NAME_RU": null, "MAN_MADE": null, "LEISURE": null, "AMENITY": "restaurant", "OFFICE": null, "SHOP": null, "TOURISM": null, "SPORT": null, "OSM_TYPE": "node", "OSM_ID": 1035565498 }, "geometry": { "type": "Point", "coordinates": [ 38.9680284, 45.0286528 ] } },
{ "type": "Feature", "properties": { "NAME": "Аптека 24 часа", "NAME_EN": null, "NAME_RU": null, "MAN_MADE": null, "LEISURE": null, "AMENITY": "pharmacy", "OFFICE": null, "SHOP": null, "TOURISM": null, "SPORT": null, "OSM_TYPE": "node", "OSM_ID": 1042654827 }, "geometry": { "type": "Point", "coordinates": [ 38.9170012, 45.034922 ] } },
{ "type": "Feature", "properties": { "NAME": "Магнолия", "NAME_EN": null, "NAME_RU": null, "MAN_MADE": null, "LEISURE": null, "AMENITY": "cafe", "OFFICE": null, "SHOP": null, "TOURISM": null, "SPORT": null, "OSM_TYPE": "node", "OSM_ID": 1042848963 }, "geometry": { "type": "Point", "coordinates": [ 38.915879, 45.0329337 ] } },
{ "type": "Feature", "properties": { "NAME": "Здоровый мир", "NAME_EN": null, "NAME_RU": null, "MAN_MADE": null, "LEISURE": null, "AMENITY": "pharmacy", "OFFICE": null, "SHOP": null, "TOURISM": null, "SPORT": null, "OSM_TYPE": "node", "OSM_ID": 1051495474 }, "geometry": { "type": "Point", "coordinates": [ 38.9169081, 45.0316705 ] } },
{ "type": "Feature", "properties": { "NAME": "Петрушка", "NAME_EN": null, "NAME_RU": null, "MAN_MADE": null, "LEISURE": null, "AMENITY": "cafe", "OFFICE": null, "SHOP": null, "TOURISM": null, "SPORT": null, "OSM_TYPE": "node", "OSM_ID": 1055761664 }, "geometry": { "type": "Point", "coordinates": [ 38.9718698, 45.0214535 ] } },
{ "type": "Feature", "properties": { "NAME": null, "NAME_EN": null, "NAME_RU": null, "MAN_MADE": null, "LEISURE": null, "AMENITY": "cafe", "OFFICE": null, "SHOP": null, "TOURISM": null, "SPORT": null, "OSM_TYPE": "node", "OSM_ID": 1072301617 }, "geometry": { "type": "Point", "coordinates": [ 38.9769881, 45.0366451 ] } },
{ "type": "Feature", "properties": { "NAME": null, "NAME_EN": null, "NAME_RU": null, "MAN_MADE": null, "LEISURE": null, "AMENITY": "pharmacy", "OFFICE": null, "SHOP": null, "TOURISM": null, "SPORT": null, "OSM_TYPE": "node", "OSM_ID": 1083202397 }, "geometry": { "type": "Point", "coordinates": [ 38.9610908, 45.0172251 ] } },
{ "type": "Feature", "properties": { "NAME": "Промсвязьбанк", "NAME_EN": null, "NAME_RU": null, "MAN_MADE": null, "LEISURE": null, "AMENITY": "bank", "OFFICE": null, "SHOP": null, "TOURISM": null, "SPORT": null, "OSM_TYPE": "node", "OSM_ID": 1083825712 }, "geometry": { "type": "Point", "coordinates": [ 38.9926046, 45.0377458 ] } },
{ "type": "Feature", "properties": { "NAME": "Первомайский", "NAME_EN": "Pervomayskiy", "NAME_RU": "Первомайский", "MAN_MADE": null, "LEISURE": null, "AMENITY": "bank", "OFFICE": null, "SHOP": null, "TOURISM": null, "SPORT": null, "OSM_TYPE": "node", "OSM_ID": 1098348500 }, "geometry": { "type": "Point", "coordinates": [ 39.0909922, 45.0322209 ] } },
{ "type": "Feature", "properties": { "NAME": "Сбербанк", "NAME_EN": "Sberbank", "NAME_RU": "Сбербанк", "MAN_MADE": null, "LEISURE": null, "AMENITY": "bank", "OFFICE": null, "SHOP": null, "TOURISM": null, "SPORT": null, "OSM_TYPE": "node", "OSM_ID": 1098348501 }, "geometry": { "type": "Point", "coordinates": [ 39.0967262, 45.0407495 ] } },
{ "type": "Feature", "properties": { "NAME": "Первомайский", "NAME_EN": "Pervomayskiy", "NAME_RU": "Первомайский", "MAN_MADE": null, "LEISURE": null, "AMENITY": "bank", "OFFICE": null, "SHOP": null, "TOURISM": null, "SPORT": null, "OSM_TYPE": "node", "OSM_ID": 1098348507 }, "geometry": { "type": "Point", "coordinates": [ 39.0594895, 45.0349836 ] } },
{ "type": "Feature", "properties": { "NAME": "Сбербанк", "NAME_EN": "Sberbank", "NAME_RU": "Сбербанк", "MAN_MADE": null, "LEISURE": null, "AMENITY": "bank", "OFFICE": null, "SHOP": null, "TOURISM": null, "SPORT": null, "OSM_TYPE": "node", "OSM_ID": 1098348509 }, "geometry": { "type": "Point", "coordinates": [ 38.9861278, 45.1016532 ] } },
{ "type": "Feature", "properties": { "NAME": null, "NAME_EN": null, "NAME_RU": null, "MAN_MADE": null, "LEISURE": null, "AMENITY": "pharmacy", "OFFICE": null, "SHOP": null, "TOURISM": null, "SPORT": null, "OSM_TYPE": "node", "OSM_ID": 1108802693 }, "geometry": { "type": "Point", "coordinates": [ 38.9687734, 45.0202177 ] } },
{ "type": "Feature", "properties": { "NAME": "Духанъ", "NAME_EN": null, "NAME_RU": "Духанъ", "MAN_MADE": null, "LEISURE": null, "AMENITY": "restaurant", "OFFICE": null, "SHOP": null, "TOURISM": null, "SPORT": null, "OSM_TYPE": "node", "OSM_ID": 1110568082 }, "geometry": { "type": "Point", "coordinates": [ 38.9680247, 45.0186018 ] } },
{ "type": "Feature", "properties": { "NAME": null, "NAME_EN": null, "NAME_RU": null, "MAN_MADE": null, "LEISURE": null, "AMENITY": "cafe", "OFFICE": null, "SHOP": null, "TOURISM": null, "SPORT": null, "OSM_TYPE": "node", "OSM_ID": 1111669825 }, "geometry": { "type": "Point", "coordinates": [ 39.0667578, 45.0246427 ] } },
{ "type": "Feature", "properties": { "NAME": null, "NAME_EN": null, "NAME_RU": null, "MAN_MADE": null, "LEISURE": null, "AMENITY": "pharmacy", "OFFICE": null, "SHOP": null, "TOURISM": null, "SPORT": null, "OSM_TYPE": "node", "OSM_ID": 1111669828 }, "geometry": { "type": "Point", "coordinates": [ 39.0661694, 45.0241295 ] } },
{ "type": "Feature", "properties": { "NAME": "Радуга", "NAME_EN": null, "NAME_RU": null, "MAN_MADE": null, "LEISURE": null, "AMENITY": "pharmacy", "OFFICE": null, "SHOP": null, "TOURISM": null, "SPORT": null, "OSM_TYPE": "node", "OSM_ID": 1135811246 }, "geometry": { "type": "Point", "coordinates": [ 38.989762, 45.0408656 ] } },
{ "type": "Feature", "properties": { "NAME": "Кредит Европа Банк", "NAME_EN": null, "NAME_RU": null, "MAN_MADE": null, "LEISURE": null, "AMENITY": "bank", "OFFICE": null, "SHOP": null, "TOURISM": null, "SPORT": null, "OSM_TYPE": "node", "OSM_ID": 1136152581 }, "geometry": { "type": "Point", "coordinates": [ 38.9889041, 45.0383833 ] } },
{ "type": "Feature", "properties": { "NAME": null, "NAME_EN": null, "NAME_RU": null, "MAN_MADE": null, "LEISURE": null, "AMENITY": "pharmacy", "OFFICE": null, "SHOP": null, "TOURISM": null, "SPORT": null, "OSM_TYPE": "node", "OSM_ID": 1141987676 }, "geometry": { "type": "Point", "coordinates": [ 39.1049961, 45.0421072 ] } },
{ "type": "Feature", "properties": { "NAME": "Сбербанк", "NAME_EN": "Sberbank", "NAME_RU": "Сбербанк", "MAN_MADE": null, "LEISURE": null, "AMENITY": "bank", "OFFICE": null, "SHOP": null, "TOURISM": null, "SPORT": null, "OSM_TYPE": "node", "OSM_ID": 1142079388 }, "geometry": { "type": "Point", "coordinates": [ 38.972021, 45.0221311 ] } },
{ "type": "Feature", "properties": { "NAME": null, "NAME_EN": null, "NAME_RU": null, "MAN_MADE": null, "LEISURE": null, "AMENITY": "pharmacy", "OFFICE": null, "SHOP": null, "TOURISM": null, "SPORT": null, "OSM_TYPE": "node", "OSM_ID": 1142136651 }, "geometry": { "type": "Point", "coordinates": [ 38.9201843, 45.0342779 ] } },
{ "type": "Feature", "properties": { "NAME": "Грац", "NAME_EN": null, "NAME_RU": null, "MAN_MADE": null, "LEISURE": null, "AMENITY": "restaurant", "OFFICE": null, "SHOP": null, "TOURISM": null, "SPORT": null, "OSM_TYPE": "node", "OSM_ID": 1166336415 }, "geometry": { "type": "Point", "coordinates": [ 38.9640856, 45.0594596 ] } },
{ "type": "Feature", "properties": { "NAME": "Сбербанк", "NAME_EN": "Sberbank", "NAME_RU": "Сбербанк", "MAN_MADE": null, "LEISURE": null, "AMENITY": "bank", "OFFICE": null, "SHOP": null, "TOURISM": null, "SPORT": null, "OSM_TYPE": "node", "OSM_ID": 1166389227 }, "geometry": { "type": "Point", "coordinates": [ 38.9624017, 45.0504674 ] } },
{ "type": "Feature", "properties": { "NAME": "Таверна у Замка", "NAME_EN": null, "NAME_RU": null, "MAN_MADE": null, "LEISURE": null, "AMENITY": "restaurant", "OFFICE": null, "SHOP": null, "TOURISM": null, "SPORT": null, "OSM_TYPE": "node", "OSM_ID": 1182743991 }, "geometry": { "type": "Point", "coordinates": [ 38.9626714, 45.0591697 ] } },
{ "type": "Feature", "properties": { "NAME": "Баден-Баден", "NAME_EN": null, "NAME_RU": null, "MAN_MADE": null, "LEISURE": null, "AMENITY": "restaurant", "OFFICE": null, "SHOP": null, "TOURISM": null, "SPORT": null, "OSM_TYPE": "node", "OSM_ID": 1201748452 }, "geometry": { "type": "Point", "coordinates": [ 38.9788729, 45.0686422 ] } },
{ "type": "Feature", "properties": { "NAME": null, "NAME_EN": null, "NAME_RU": null, "MAN_MADE": null, "LEISURE": null, "AMENITY": "pharmacy", "OFFICE": null, "SHOP": null, "TOURISM": null, "SPORT": null, "OSM_TYPE": "node", "OSM_ID": 1201750840 }, "geometry": { "type": "Point", "coordinates": [ 38.9774674, 45.068665 ] } },
{ "type": "Feature", "properties": { "NAME": "Радуга", "NAME_EN": null, "NAME_RU": null, "MAN_MADE": null, "LEISURE": null, "AMENITY": "pharmacy", "OFFICE": null, "SHOP": null, "TOURISM": null, "SPORT": null, "OSM_TYPE": "node", "OSM_ID": 1201751367 }, "geometry": { "type": "Point", "coordinates": [ 38.9778858, 45.068665 ] } },
{ "type": "Feature", "properties": { "NAME": "Сбербанк", "NAME_EN": null, "NAME_RU": null, "MAN_MADE": null, "LEISURE": null, "AMENITY": "bank", "OFFICE": null, "SHOP": "convenience", "TOURISM": null, "SPORT": null, "OSM_TYPE": "node", "OSM_ID": 1201802664 }, "geometry": { "type": "Point", "coordinates": [ 38.979177, 45.068695 ] } },
{ "type": "Feature", "properties": { "NAME": "Пантера и тигры", "NAME_EN": null, "NAME_RU": null, "MAN_MADE": null, "LEISURE": null, "AMENITY": "cafe", "OFFICE": null, "SHOP": null, "TOURISM": null, "SPORT": null, "OSM_TYPE": "node", "OSM_ID": 1202034490 }, "geometry": { "type": "Point", "coordinates": [ 38.975122, 45.065176 ] } },
{ "type": "Feature", "properties": { "NAME": null, "NAME_EN": null, "NAME_RU": null, "MAN_MADE": null, "LEISURE": null, "AMENITY": "pharmacy", "OFFICE": null, "SHOP": null, "TOURISM": null, "SPORT": null, "OSM_TYPE": "node", "OSM_ID": 1202083111 }, "geometry": { "type": "Point", "coordinates": [ 38.9814836, 45.0588547 ] } },
{ "type": "Feature", "properties": { "NAME": "Эгоист", "NAME_EN": "Egoist", "NAME_RU": null, "MAN_MADE": null, "LEISURE": null, "AMENITY": "cafe", "OFFICE": null, "SHOP": null, "TOURISM": null, "SPORT": null, "OSM_TYPE": "node", "OSM_ID": 1202720141 }, "geometry": { "type": "Point", "coordinates": [ 38.9828127, 45.0653542 ] } },
{ "type": "Feature", "properties": { "NAME": "СССР", "NAME_EN": null, "NAME_RU": null, "MAN_MADE": null, "LEISURE": null, "AMENITY": "cafe", "OFFICE": null, "SHOP": null, "TOURISM": null, "SPORT": null, "OSM_TYPE": "node", "OSM_ID": 1202720355 }, "geometry": { "type": "Point", "coordinates": [ 38.9828838, 45.0657491 ] } },
{ "type": "Feature", "properties": { "NAME": null, "NAME_EN": null, "NAME_RU": null, "MAN_MADE": null, "LEISURE": null, "AMENITY": "pharmacy", "OFFICE": null, "SHOP": null, "TOURISM": null, "SPORT": null, "OSM_TYPE": "node", "OSM_ID": 1202731324 }, "geometry": { "type": "Point", "coordinates": [ 38.9793743, 45.0690542 ] } },
{ "type": "Feature", "properties": { "NAME": "Ветаптека", "NAME_EN": null, "NAME_RU": null, "MAN_MADE": null, "LEISURE": null, "AMENITY": "pharmacy", "OFFICE": null, "SHOP": null, "TOURISM": null, "SPORT": null, "OSM_TYPE": "node", "OSM_ID": 1213582144 }, "geometry": { "type": "Point", "coordinates": [ 38.9804523, 45.0686298 ] } },
{ "type": "Feature", "properties": { "NAME": "Ригла", "NAME_EN": null, "NAME_RU": null, "MAN_MADE": null, "LEISURE": null, "AMENITY": "pharmacy", "OFFICE": null, "SHOP": null, "TOURISM": null, "SPORT": null, "OSM_TYPE": "node", "OSM_ID": 1214528759 }, "geometry": { "type": "Point", "coordinates": [ 38.9161654, 45.0314736 ] } },
{ "type": "Feature", "properties": { "NAME": "Суши-бар \"Минами\"", "NAME_EN": null, "NAME_RU": null, "MAN_MADE": null, "LEISURE": null, "AMENITY": "restaurant", "OFFICE": null, "SHOP": null, "TOURISM": null, "SPORT": null, "OSM_TYPE": "node", "OSM_ID": 1214594662 }, "geometry": { "type": "Point", "coordinates": [ 38.9105279, 45.0304078 ] } },
{ "type": "Feature", "properties": { "NAME": "Сбербанк", "NAME_EN": "Sberbank", "NAME_RU": "Сбербанк", "MAN_MADE": null, "LEISURE": null, "AMENITY": "bank", "OFFICE": null, "SHOP": null, "TOURISM": null, "SPORT": null, "OSM_TYPE": "node", "OSM_ID": 1214749730 }, "geometry": { "type": "Point", "coordinates": [ 38.9081313, 45.0277918 ] } },
{ "type": "Feature", "properties": { "NAME": "Уралсиб", "NAME_EN": null, "NAME_RU": null, "MAN_MADE": null, "LEISURE": null, "AMENITY": "bank", "OFFICE": null, "SHOP": null, "TOURISM": null, "SPORT": null, "OSM_TYPE": "node", "OSM_ID": 1214749746 }, "geometry": { "type": "Point", "coordinates": [ 38.9192817, 45.0339376 ] } },
{ "type": "Feature", "properties": { "NAME": null, "NAME_EN": null, "NAME_RU": null, "MAN_MADE": null, "LEISURE": null, "AMENITY": "pharmacy", "OFFICE": null, "SHOP": null, "TOURISM": null, "SPORT": null, "OSM_TYPE": "node", "OSM_ID": 1214881187 }, "geometry": { "type": "Point", "coordinates": [ 38.9674703, 45.0212315 ] } },
{ "type": "Feature", "properties": { "NAME": "ВТБ Банк Москвы", "NAME_EN": "VTB Bank of Moscow", "NAME_RU": "ВТБ Банк Москвы", "MAN_MADE": null, "LEISURE": null, "AMENITY": "bank", "OFFICE": null, "SHOP": null, "TOURISM": null, "SPORT": null, "OSM_TYPE": "node", "OSM_ID": 1214883179 }, "geometry": { "type": "Point", "coordinates": [ 38.9639227, 45.0180322 ] } },
{ "type": "Feature", "properties": { "NAME": "Московский Ивестиционный Банк", "NAME_EN": null, "NAME_RU": null, "MAN_MADE": null, "LEISURE": null, "AMENITY": "bank", "OFFICE": null, "SHOP": null, "TOURISM": null, "SPORT": null, "OSM_TYPE": "node", "OSM_ID": 1215301416 }, "geometry": { "type": "Point", "coordinates": [ 38.9808224, 45.0686297 ] } },
{ "type": "Feature", "properties": { "NAME": "Сбербанк", "NAME_EN": "Sberbank", "NAME_RU": "Сбербанк", "MAN_MADE": null, "LEISURE": null, "AMENITY": "bank", "OFFICE": null, "SHOP": null, "TOURISM": null, "SPORT": null, "OSM_TYPE": "node", "OSM_ID": 1215703887 }, "geometry": { "type": "Point", "coordinates": [ 38.9709348, 45.0253566 ] } },
{ "type": "Feature", "properties": { "NAME": "Стоматология-Делюкс", "NAME_EN": null, "NAME_RU": null, "MAN_MADE": null, "LEISURE": null, "AMENITY": "pharmacy", "OFFICE": null, "SHOP": null, "TOURISM": null, "SPORT": null, "OSM_TYPE": "node", "OSM_ID": 1216106998 }, "geometry": { "type": "Point", "coordinates": [ 38.9801035, 45.0406177 ] } },
{ "type": "Feature", "properties": { "NAME": "Радуга", "NAME_EN": null, "NAME_RU": null, "MAN_MADE": null, "LEISURE": null, "AMENITY": "pharmacy", "OFFICE": null, "SHOP": null, "TOURISM": null, "SPORT": null, "OSM_TYPE": "node", "OSM_ID": 1216109813 }, "geometry": { "type": "Point", "coordinates": [ 38.9792894, 45.0381585 ] } },
{ "type": "Feature", "properties": { "NAME": null, "NAME_EN": null, "NAME_RU": null, "MAN_MADE": null, "LEISURE": null, "AMENITY": "pharmacy", "OFFICE": null, "SHOP": null, "TOURISM": null, "SPORT": null, "OSM_TYPE": "node", "OSM_ID": 1216111323 }, "geometry": { "type": "Point", "coordinates": [ 38.979173, 45.0377199 ] } },
{ "type": "Feature", "properties": { "NAME": "ОТП Банк", "NAME_EN": "OTP Bank", "NAME_RU": "ОТП Банк", "MAN_MADE": null, "LEISURE": null, "AMENITY": "bank", "OFFICE": null, "SHOP": null, "TOURISM": null, "SPORT": null, "OSM_TYPE": "node", "OSM_ID": 1218753095 }, "geometry": { "type": "Point", "coordinates": [ 38.9854863, 45.0542849 ] } },
{ "type": "Feature", "properties": { "NAME": "Ветаптека", "NAME_EN": null, "NAME_RU": null, "MAN_MADE": null, "LEISURE": null, "AMENITY": "pharmacy", "OFFICE": null, "SHOP": null, "TOURISM": null, "SPORT": null, "OSM_TYPE": "node", "OSM_ID": 1218758287 }, "geometry": { "type": "Point", "coordinates": [ 38.9822571, 45.049569 ] } },
{ "type": "Feature", "properties": { "NAME": "McKEY", "NAME_EN": null, "NAME_RU": null, "MAN_MADE": null, "LEISURE": null, "AMENITY": "restaurant", "OFFICE": null, "SHOP": null, "TOURISM": null, "SPORT": null, "OSM_TYPE": "node", "OSM_ID": 1226840465 }, "geometry": { "type": "Point", "coordinates": [ 38.9677184, 45.0493313 ] } },
{ "type": "Feature", "properties": { "NAME": "Витекс", "NAME_EN": null, "NAME_RU": null, "MAN_MADE": null, "LEISURE": null, "AMENITY": "pharmacy", "OFFICE": null, "SHOP": null, "TOURISM": null, "SPORT": null, "OSM_TYPE": "node", "OSM_ID": 1231145556 }, "geometry": { "type": "Point", "coordinates": [ 39.0926654, 45.0375178 ] } },
{ "type": "Feature", "properties": { "NAME": null, "NAME_EN": null, "NAME_RU": null, "MAN_MADE": null, "LEISURE": null, "AMENITY": "pharmacy", "OFFICE": null, "SHOP": "frame", "TOURISM": null, "SPORT": null, "OSM_TYPE": "node", "OSM_ID": 1231145743 }, "geometry": { "type": "Point", "coordinates": [ 39.0978286, 45.0404398 ] } },
{ "type": "Feature", "properties": { "NAME": null, "NAME_EN": null, "NAME_RU": null, "MAN_MADE": null, "LEISURE": null, "AMENITY": "pharmacy", "OFFICE": null, "SHOP": "frame", "TOURISM": null, "SPORT": null, "OSM_TYPE": "node", "OSM_ID": 1231145788 }, "geometry": { "type": "Point", "coordinates": [ 39.0920874, 45.0374249 ] } },
{ "type": "Feature", "properties": { "NAME": "Москва", "NAME_EN": null, "NAME_RU": null, "MAN_MADE": null, "LEISURE": null, "AMENITY": "restaurant", "OFFICE": null, "SHOP": null, "TOURISM": null, "SPORT": null, "OSM_TYPE": "node", "OSM_ID": 1232860158 }, "geometry": { "type": "Point", "coordinates": [ 38.9713665, 45.0262016 ] } },
{ "type": "Feature", "properties": { "NAME": "ProSushi", "NAME_EN": null, "NAME_RU": null, "MAN_MADE": null, "LEISURE": null, "AMENITY": "cafe", "OFFICE": null, "SHOP": null, "TOURISM": null, "SPORT": null, "OSM_TYPE": "node", "OSM_ID": 1237009794 }, "geometry": { "type": "Point", "coordinates": [ 38.9830108, 45.0481776 ] } },
{ "type": "Feature", "properties": { "NAME": "Кубаночка", "NAME_EN": null, "NAME_RU": null, "MAN_MADE": null, "LEISURE": null, "AMENITY": "cafe", "OFFICE": null, "SHOP": null, "TOURISM": null, "SPORT": null, "OSM_TYPE": "node", "OSM_ID": 1237126001 }, "geometry": { "type": "Point", "coordinates": [ 38.9792321, 45.0476723 ] } },
{ "type": "Feature", "properties": { "NAME": "Столовая", "NAME_EN": null, "NAME_RU": null, "MAN_MADE": null, "LEISURE": null, "AMENITY": "cafe", "OFFICE": null, "SHOP": null, "TOURISM": null, "SPORT": null, "OSM_TYPE": "node", "OSM_ID": 1253891748 }, "geometry": { "type": "Point", "coordinates": [ 38.9925741, 45.0466337 ] } },
{ "type": "Feature", "properties": { "NAME": "Prima Vera", "NAME_EN": null, "NAME_RU": null, "MAN_MADE": null, "LEISURE": null, "AMENITY": "cafe", "OFFICE": null, "SHOP": null, "TOURISM": null, "SPORT": null, "OSM_TYPE": "node", "OSM_ID": 1255687331 }, "geometry": { "type": "Point", "coordinates": [ 38.9832736, 45.0489977 ] } },
{ "type": "Feature", "properties": { "NAME": "Ля Фам", "NAME_EN": null, "NAME_RU": null, "MAN_MADE": null, "LEISURE": null, "AMENITY": "cafe", "OFFICE": null, "SHOP": null, "TOURISM": null, "SPORT": null, "OSM_TYPE": "node", "OSM_ID": 1256345712 }, "geometry": { "type": "Point", "coordinates": [ 38.9678535, 45.0620885 ] } },
{ "type": "Feature", "properties": { "NAME": "Сбербанк", "NAME_EN": "Sberbank", "NAME_RU": "Сбербанк", "MAN_MADE": null, "LEISURE": null, "AMENITY": "bank", "OFFICE": null, "SHOP": null, "TOURISM": null, "SPORT": null, "OSM_TYPE": "node", "OSM_ID": 1269645820 }, "geometry": { "type": "Point", "coordinates": [ 39.042891, 45.015917 ] } },
{ "type": "Feature", "properties": { "NAME": "Мелодия здоровья", "NAME_EN": null, "NAME_RU": null, "MAN_MADE": null, "LEISURE": null, "AMENITY": "pharmacy", "OFFICE": null, "SHOP": null, "TOURISM": null, "SPORT": null, "OSM_TYPE": "node", "OSM_ID": 1299548193 }, "geometry": { "type": "Point", "coordinates": [ 39.0018169, 45.066699 ] } },
{ "type": "Feature", "properties": { "NAME": "Удача", "NAME_EN": null, "NAME_RU": null, "MAN_MADE": null, "LEISURE": null, "AMENITY": "cafe", "OFFICE": null, "SHOP": null, "TOURISM": null, "SPORT": null, "OSM_TYPE": "node", "OSM_ID": 1300020470 }, "geometry": { "type": "Point", "coordinates": [ 39.0916904, 45.0366947 ] } },
{ "type": "Feature", "properties": { "NAME": null, "NAME_EN": null, "NAME_RU": null, "MAN_MADE": null, "LEISURE": null, "AMENITY": "pharmacy", "OFFICE": null, "SHOP": null, "TOURISM": null, "SPORT": null, "OSM_TYPE": "node", "OSM_ID": 1300025532 }, "geometry": { "type": "Point", "coordinates": [ 39.0924391, 45.0363817 ] } },
{ "type": "Feature", "properties": { "NAME": "Аптека 36,6", "NAME_EN": null, "NAME_RU": null, "MAN_MADE": null, "LEISURE": null, "AMENITY": "pharmacy", "OFFICE": null, "SHOP": null, "TOURISM": null, "SPORT": null, "OSM_TYPE": "node", "OSM_ID": 1303091174 }, "geometry": { "type": "Point", "coordinates": [ 39.0295181, 45.0265884 ] } },
{ "type": "Feature", "properties": { "NAME": "Аптека 505", "NAME_EN": null, "NAME_RU": null, "MAN_MADE": null, "LEISURE": null, "AMENITY": "pharmacy", "OFFICE": null, "SHOP": null, "TOURISM": null, "SPORT": null, "OSM_TYPE": "node", "OSM_ID": 1303093408 }, "geometry": { "type": "Point", "coordinates": [ 39.0301704, 45.0264969 ] } },
{ "type": "Feature", "properties": { "NAME": "Крайинвестбанк", "NAME_EN": null, "NAME_RU": null, "MAN_MADE": null, "LEISURE": null, "AMENITY": "bank", "OFFICE": null, "SHOP": null, "TOURISM": null, "SPORT": null, "OSM_TYPE": "node", "OSM_ID": 1303242710 }, "geometry": { "type": "Point", "coordinates": [ 39.0494843, 45.0176703 ] } },
{ "type": "Feature", "properties": { "NAME": "Банк Рост", "NAME_EN": null, "NAME_RU": null, "MAN_MADE": null, "LEISURE": null, "AMENITY": "bank", "OFFICE": null, "SHOP": null, "TOURISM": null, "SPORT": null, "OSM_TYPE": "node", "OSM_ID": 1303655929 }, "geometry": { "type": "Point", "coordinates": [ 39.0298369, 45.0265489 ] } },
{ "type": "Feature", "properties": { "NAME": "Шинок", "NAME_EN": null, "NAME_RU": null, "MAN_MADE": null, "LEISURE": null, "AMENITY": "cafe", "OFFICE": null, "SHOP": null, "TOURISM": null, "SPORT": null, "OSM_TYPE": "node", "OSM_ID": 1303774688 }, "geometry": { "type": "Point", "coordinates": [ 39.0295578, 45.014576 ] } },
{ "type": "Feature", "properties": { "NAME": "Кубань Кредит", "NAME_EN": null, "NAME_RU": null, "MAN_MADE": null, "LEISURE": null, "AMENITY": "bank", "OFFICE": null, "SHOP": null, "TOURISM": null, "SPORT": null, "OSM_TYPE": "node", "OSM_ID": 1307537122 }, "geometry": { "type": "Point", "coordinates": [ 38.9850366, 45.049276 ] } },
{ "type": "Feature", "properties": { "NAME": "У Николавны", "NAME_EN": null, "NAME_RU": null, "MAN_MADE": null, "LEISURE": null, "AMENITY": "cafe", "OFFICE": null, "SHOP": null, "TOURISM": null, "SPORT": null, "OSM_TYPE": "node", "OSM_ID": 1307539661 }, "geometry": { "type": "Point", "coordinates": [ 38.9833037, 45.047443 ] } },
{ "type": "Feature", "properties": { "NAME": "Кубань Кредит", "NAME_EN": null, "NAME_RU": "Кубань Кредит", "MAN_MADE": null, "LEISURE": null, "AMENITY": "bank", "OFFICE": null, "SHOP": null, "TOURISM": null, "SPORT": null, "OSM_TYPE": "node", "OSM_ID": 1324793752 }, "geometry": { "type": "Point", "coordinates": [ 39.0081429, 45.0650635 ] } },
{ "type": "Feature", "properties": { "NAME": "Пиноккио Djan", "NAME_EN": null, "NAME_RU": null, "MAN_MADE": null, "LEISURE": null, "AMENITY": "restaurant", "OFFICE": null, "SHOP": null, "TOURISM": null, "SPORT": null, "OSM_TYPE": "node", "OSM_ID": 1326710846 }, "geometry": { "type": "Point", "coordinates": [ 38.9935308, 45.0620426 ] } },
{ "type": "Feature", "properties": { "NAME": "Трик-фарма", "NAME_EN": null, "NAME_RU": null, "MAN_MADE": null, "LEISURE": null, "AMENITY": "pharmacy", "OFFICE": null, "SHOP": null, "TOURISM": null, "SPORT": null, "OSM_TYPE": "node", "OSM_ID": 1327168160 }, "geometry": { "type": "Point", "coordinates": [ 39.0027773, 45.0621149 ] } },
{ "type": "Feature", "properties": { "NAME": "Росбанк", "NAME_EN": "Rosbank", "NAME_RU": "Росбанк", "MAN_MADE": null, "LEISURE": null, "AMENITY": "bank", "OFFICE": null, "SHOP": null, "TOURISM": null, "SPORT": null, "OSM_TYPE": "node", "OSM_ID": 1336499612 }, "geometry": { "type": "Point", "coordinates": [ 39.000478, 45.0710841 ] } },
{ "type": "Feature", "properties": { "NAME": "#Кофеварим", "NAME_EN": null, "NAME_RU": null, "MAN_MADE": null, "LEISURE": null, "AMENITY": "cafe", "OFFICE": null, "SHOP": null, "TOURISM": null, "SPORT": null, "OSM_TYPE": "node", "OSM_ID": 1336785258 }, "geometry": { "type": "Point", "coordinates": [ 39.0015555, 45.0619346 ] } },
{ "type": "Feature", "properties": { "NAME": "Камбуз", "NAME_EN": null, "NAME_RU": null, "MAN_MADE": null, "LEISURE": null, "AMENITY": "restaurant", "OFFICE": null, "SHOP": null, "TOURISM": null, "SPORT": null, "OSM_TYPE": "node", "OSM_ID": 1337150210 }, "geometry": { "type": "Point", "coordinates": [ 38.9773804, 45.0457021 ] } },
{ "type": "Feature", "properties": { "NAME": "Диканька", "NAME_EN": null, "NAME_RU": null, "MAN_MADE": null, "LEISURE": null, "AMENITY": "restaurant", "OFFICE": null, "SHOP": null, "TOURISM": null, "SPORT": null, "OSM_TYPE": "node", "OSM_ID": 1338127168 }, "geometry": { "type": "Point", "coordinates": [ 38.9877863, 45.0412609 ] } },
{ "type": "Feature", "properties": { "NAME": "Лора+", "NAME_EN": null, "NAME_RU": null, "MAN_MADE": null, "LEISURE": null, "AMENITY": "pharmacy", "OFFICE": null, "SHOP": null, "TOURISM": null, "SPORT": null, "OSM_TYPE": "node", "OSM_ID": 1339559371 }, "geometry": { "type": "Point", "coordinates": [ 39.0015668, 45.0625131 ] } },
{ "type": "Feature", "properties": { "NAME": "Социальная аптека", "NAME_EN": null, "NAME_RU": null, "MAN_MADE": null, "LEISURE": null, "AMENITY": "pharmacy", "OFFICE": null, "SHOP": null, "TOURISM": null, "SPORT": null, "OSM_TYPE": "node", "OSM_ID": 1342116396 }, "geometry": { "type": "Point", "coordinates": [ 38.913451, 45.0302556 ] } },
{ "type": "Feature", "properties": { "NAME": "СушиWok", "NAME_EN": null, "NAME_RU": null, "MAN_MADE": null, "LEISURE": null, "AMENITY": "restaurant", "OFFICE": null, "SHOP": null, "TOURISM": null, "SPORT": null, "OSM_TYPE": "node", "OSM_ID": 1342116478 }, "geometry": { "type": "Point", "coordinates": [ 38.9130368, 45.0297754 ] } },
{ "type": "Feature", "properties": { "NAME": "Лекфарм", "NAME_EN": null, "NAME_RU": null, "MAN_MADE": null, "LEISURE": null, "AMENITY": "pharmacy", "OFFICE": null, "SHOP": null, "TOURISM": null, "SPORT": null, "OSM_TYPE": "node", "OSM_ID": 1347562298 }, "geometry": { "type": "Point", "coordinates": [ 39.0015753, 45.0626449 ] } },
{ "type": "Feature", "properties": { "NAME": "Сатин", "NAME_EN": null, "NAME_RU": null, "MAN_MADE": null, "LEISURE": null, "AMENITY": "restaurant", "OFFICE": null, "SHOP": null, "TOURISM": null, "SPORT": null, "OSM_TYPE": "node", "OSM_ID": 1352345611 }, "geometry": { "type": "Point", "coordinates": [ 38.986309, 45.0489203 ] } },
{ "type": "Feature", "properties": { "NAME": null, "NAME_EN": null, "NAME_RU": null, "MAN_MADE": null, "LEISURE": null, "AMENITY": "pharmacy", "OFFICE": null, "SHOP": null, "TOURISM": null, "SPORT": null, "OSM_TYPE": "node", "OSM_ID": 1377022511 }, "geometry": { "type": "Point", "coordinates": [ 39.036108, 45.006408 ] } },
{ "type": "Feature", "properties": { "NAME": null, "NAME_EN": null, "NAME_RU": null, "MAN_MADE": null, "LEISURE": null, "AMENITY": "pharmacy", "OFFICE": null, "SHOP": null, "TOURISM": null, "SPORT": null, "OSM_TYPE": "node", "OSM_ID": 1377368662 }, "geometry": { "type": "Point", "coordinates": [ 39.0420449, 45.0288092 ] } },
{ "type": "Feature", "properties": { "NAME": "Кубань Кредит", "NAME_EN": null, "NAME_RU": null, "MAN_MADE": null, "LEISURE": null, "AMENITY": "bank", "OFFICE": null, "SHOP": null, "TOURISM": null, "SPORT": null, "OSM_TYPE": "node", "OSM_ID": 1377382641 }, "geometry": { "type": "Point", "coordinates": [ 38.9719, 45.0216351 ] } },
{ "type": "Feature", "properties": { "NAME": "Кубань Кредит", "NAME_EN": null, "NAME_RU": null, "MAN_MADE": null, "LEISURE": null, "AMENITY": "bank", "OFFICE": null, "SHOP": null, "TOURISM": null, "SPORT": null, "OSM_TYPE": "node", "OSM_ID": 1377382644 }, "geometry": { "type": "Point", "coordinates": [ 38.9722058, 45.0224655 ] } },
{ "type": "Feature", "properties": { "NAME": "РосДорБанк", "NAME_EN": null, "NAME_RU": null, "MAN_MADE": null, "LEISURE": null, "AMENITY": "bank", "OFFICE": null, "SHOP": null, "TOURISM": null, "SPORT": null, "OSM_TYPE": "node", "OSM_ID": 1377382739 }, "geometry": { "type": "Point", "coordinates": [ 38.9716023, 45.0223441 ] } },
{ "type": "Feature", "properties": { "NAME": "Ozzie Pizza", "NAME_EN": null, "NAME_RU": null, "MAN_MADE": null, "LEISURE": null, "AMENITY": "cafe", "OFFICE": null, "SHOP": null, "TOURISM": null, "SPORT": null, "OSM_TYPE": "node", "OSM_ID": 1387217795 }, "geometry": { "type": "Point", "coordinates": [ 38.969688, 45.0134665 ] } },
{ "type": "Feature", "properties": { "NAME": "Сбербанк", "NAME_EN": "Sberbank", "NAME_RU": "Сбербанк", "MAN_MADE": null, "LEISURE": null, "AMENITY": "bank", "OFFICE": null, "SHOP": null, "TOURISM": null, "SPORT": null, "OSM_TYPE": "node", "OSM_ID": 1398824589 }, "geometry": { "type": "Point", "coordinates": [ 38.934716, 45.0412195 ] } },
{ "type": "Feature", "properties": { "NAME": null, "NAME_EN": null, "NAME_RU": null, "MAN_MADE": null, "LEISURE": null, "AMENITY": "pharmacy", "OFFICE": null, "SHOP": null, "TOURISM": null, "SPORT": null, "OSM_TYPE": "node", "OSM_ID": 1402170057 }, "geometry": { "type": "Point", "coordinates": [ 38.935325, 45.0382721 ] } },
{ "type": "Feature", "properties": { "NAME": "Сана", "NAME_EN": null, "NAME_RU": null, "MAN_MADE": null, "LEISURE": null, "AMENITY": "pharmacy", "OFFICE": null, "SHOP": null, "TOURISM": null, "SPORT": null, "OSM_TYPE": "node", "OSM_ID": 1420912038 }, "geometry": { "type": "Point", "coordinates": [ 39.00064, 45.06964 ] } },
{ "type": "Feature", "properties": { "NAME": "Аптечный склад", "NAME_EN": null, "NAME_RU": null, "MAN_MADE": null, "LEISURE": null, "AMENITY": "pharmacy", "OFFICE": null, "SHOP": null, "TOURISM": null, "SPORT": null, "OSM_TYPE": "node", "OSM_ID": 1426113445 }, "geometry": { "type": "Point", "coordinates": [ 38.9785541, 45.045678 ] } },
{ "type": "Feature", "properties": { "NAME": "Апрель", "NAME_EN": null, "NAME_RU": null, "MAN_MADE": null, "LEISURE": null, "AMENITY": "pharmacy", "OFFICE": null, "SHOP": null, "TOURISM": null, "SPORT": null, "OSM_TYPE": "node", "OSM_ID": 1431596825 }, "geometry": { "type": "Point", "coordinates": [ 38.9130633, 45.030127 ] } },
{ "type": "Feature", "properties": { "NAME": null, "NAME_EN": null, "NAME_RU": null, "MAN_MADE": null, "LEISURE": null, "AMENITY": "pharmacy", "OFFICE": null, "SHOP": null, "TOURISM": null, "SPORT": null, "OSM_TYPE": "node", "OSM_ID": 1431796461 }, "geometry": { "type": "Point", "coordinates": [ 38.9085808, 45.0285057 ] } },
{ "type": "Feature", "properties": { "NAME": "Апрель", "NAME_EN": null, "NAME_RU": null, "MAN_MADE": null, "LEISURE": null, "AMENITY": "pharmacy", "OFFICE": null, "SHOP": null, "TOURISM": null, "SPORT": null, "OSM_TYPE": "node", "OSM_ID": 1431888006 }, "geometry": { "type": "Point", "coordinates": [ 38.9170358, 45.0314393 ] } },
{ "type": "Feature", "properties": { "NAME": "Prosushi", "NAME_EN": null, "NAME_RU": null, "MAN_MADE": null, "LEISURE": null, "AMENITY": "restaurant", "OFFICE": null, "SHOP": null, "TOURISM": null, "SPORT": null, "OSM_TYPE": "node", "OSM_ID": 1432524438 }, "geometry": { "type": "Point", "coordinates": [ 38.917235, 45.0316396 ] } },
{ "type": "Feature", "properties": { "NAME": "Восьмое небо", "NAME_EN": null, "NAME_RU": null, "MAN_MADE": null, "LEISURE": null, "AMENITY": "restaurant", "OFFICE": null, "SHOP": null, "TOURISM": null, "SPORT": null, "OSM_TYPE": "node", "OSM_ID": 1433486034 }, "geometry": { "type": "Point", "coordinates": [ 38.9634568, 45.0159646 ] } },
{ "type": "Feature", "properties": { "NAME": "Трик Фарма", "NAME_EN": null, "NAME_RU": null, "MAN_MADE": null, "LEISURE": null, "AMENITY": "pharmacy", "OFFICE": null, "SHOP": null, "TOURISM": null, "SPORT": null, "OSM_TYPE": "node", "OSM_ID": 1440734172 }, "geometry": { "type": "Point", "coordinates": [ 39.072124, 45.0023313 ] } },
{ "type": "Feature", "properties": { "NAME": "Динамо", "NAME_EN": null, "NAME_RU": null, "MAN_MADE": null, "LEISURE": null, "AMENITY": "cafe", "OFFICE": null, "SHOP": null, "TOURISM": null, "SPORT": null, "OSM_TYPE": "node", "OSM_ID": 1497206816 }, "geometry": { "type": "Point", "coordinates": [ 38.9809408, 45.050324 ] } },
{ "type": "Feature", "properties": { "NAME": "Крайинвестбанк", "NAME_EN": null, "NAME_RU": null, "MAN_MADE": null, "LEISURE": null, "AMENITY": "bank", "OFFICE": null, "SHOP": null, "TOURISM": null, "SPORT": null, "OSM_TYPE": "node", "OSM_ID": 1506295397 }, "geometry": { "type": "Point", "coordinates": [ 38.9712744, 45.0189432 ] } },
{ "type": "Feature", "properties": { "NAME": "Крайинвестбанк", "NAME_EN": null, "NAME_RU": null, "MAN_MADE": null, "LEISURE": null, "AMENITY": "bank", "OFFICE": null, "SHOP": null, "TOURISM": null, "SPORT": null, "OSM_TYPE": "node", "OSM_ID": 1506295398 }, "geometry": { "type": "Point", "coordinates": [ 38.9654481, 45.0213395 ] } },
{ "type": "Feature", "properties": { "NAME": "Патрик & Мари", "NAME_EN": null, "NAME_RU": null, "MAN_MADE": null, "LEISURE": null, "AMENITY": "cafe", "OFFICE": null, "SHOP": null, "TOURISM": null, "SPORT": null, "OSM_TYPE": "node", "OSM_ID": 1506295400 }, "geometry": { "type": "Point", "coordinates": [ 38.9724001, 45.023508 ] } },
{ "type": "Feature", "properties": { "NAME": null, "NAME_EN": null, "NAME_RU": null, "MAN_MADE": null, "LEISURE": null, "AMENITY": "pharmacy", "OFFICE": null, "SHOP": null, "TOURISM": null, "SPORT": null, "OSM_TYPE": "node", "OSM_ID": 1510185873 }, "geometry": { "type": "Point", "coordinates": [ 38.9118793, 45.0555953 ] } },
{ "type": "Feature", "properties": { "NAME": "Чайкофф", "NAME_EN": null, "NAME_RU": null, "MAN_MADE": null, "LEISURE": null, "AMENITY": "cafe", "OFFICE": null, "SHOP": null, "TOURISM": null, "SPORT": null, "OSM_TYPE": "node", "OSM_ID": 1516276360 }, "geometry": { "type": "Point", "coordinates": [ 38.9719787, 45.0285316 ] } },
{ "type": "Feature", "properties": { "NAME": "Русь", "NAME_EN": null, "NAME_RU": null, "MAN_MADE": null, "LEISURE": null, "AMENITY": "cafe", "OFFICE": null, "SHOP": null, "TOURISM": null, "SPORT": null, "OSM_TYPE": "node", "OSM_ID": 1522756509 }, "geometry": { "type": "Point", "coordinates": [ 39.1264705, 45.040399 ] } },
{ "type": "Feature", "properties": { "NAME": null, "NAME_EN": null, "NAME_RU": null, "MAN_MADE": null, "LEISURE": null, "AMENITY": "cafe", "OFFICE": null, "SHOP": null, "TOURISM": null, "SPORT": null, "OSM_TYPE": "node", "OSM_ID": 1522756589 }, "geometry": { "type": "Point", "coordinates": [ 39.1274283, 45.0410538 ] } },
{ "type": "Feature", "properties": { "NAME": "ВТБ", "NAME_EN": "VTB", "NAME_RU": "ВТБ", "MAN_MADE": null, "LEISURE": null, "AMENITY": "bank", "OFFICE": null, "SHOP": null, "TOURISM": null, "SPORT": null, "OSM_TYPE": "node", "OSM_ID": 1529785035 }, "geometry": { "type": "Point", "coordinates": [ 38.9691512, 45.0197858 ] } },
{ "type": "Feature", "properties": { "NAME": "ВТБ", "NAME_EN": "VTB", "NAME_RU": "ВТБ", "MAN_MADE": null, "LEISURE": null, "AMENITY": "bank", "OFFICE": null, "SHOP": null, "TOURISM": null, "SPORT": null, "OSM_TYPE": "node", "OSM_ID": 1529785042 }, "geometry": { "type": "Point", "coordinates": [ 39.0184708, 45.0211272 ] } },
{ "type": "Feature", "properties": { "NAME": "ВТБ", "NAME_EN": "VTB", "NAME_RU": "ВТБ", "MAN_MADE": null, "LEISURE": null, "AMENITY": "bank", "OFFICE": null, "SHOP": null, "TOURISM": null, "SPORT": null, "OSM_TYPE": "node", "OSM_ID": 1529785046 }, "geometry": { "type": "Point", "coordinates": [ 38.9894015, 45.0382995 ] } },
{ "type": "Feature", "properties": { "NAME": "Московский банк реконструкции и развития", "NAME_EN": null, "NAME_RU": null, "MAN_MADE": null, "LEISURE": null, "AMENITY": "bank", "OFFICE": null, "SHOP": null, "TOURISM": null, "SPORT": null, "OSM_TYPE": "node", "OSM_ID": 1529785063 }, "geometry": { "type": "Point", "coordinates": [ 38.9891379, 45.0383496 ] } },
{ "type": "Feature", "properties": { "NAME": "Сбербанк", "NAME_EN": "Sberbank", "NAME_RU": "Сбербанк", "MAN_MADE": null, "LEISURE": null, "AMENITY": "bank", "OFFICE": null, "SHOP": null, "TOURISM": null, "SPORT": null, "OSM_TYPE": "node", "OSM_ID": 1574168542 }, "geometry": { "type": "Point", "coordinates": [ 39.0961606, 45.0324611 ] } },
{ "type": "Feature", "properties": { "NAME": "Лаки Фарма", "NAME_EN": null, "NAME_RU": null, "MAN_MADE": null, "LEISURE": null, "AMENITY": "pharmacy", "OFFICE": null, "SHOP": null, "TOURISM": null, "SPORT": null, "OSM_TYPE": "node", "OSM_ID": 1600446197 }, "geometry": { "type": "Point", "coordinates": [ 38.916036, 45.032588 ] } },
{ "type": "Feature", "properties": { "NAME": "Пена", "NAME_EN": null, "NAME_RU": null, "MAN_MADE": null, "LEISURE": null, "AMENITY": "restaurant", "OFFICE": null, "SHOP": null, "TOURISM": null, "SPORT": null, "OSM_TYPE": "node", "OSM_ID": 1603147540 }, "geometry": { "type": "Point", "coordinates": [ 38.9658524, 45.0239593 ] } },
{ "type": "Feature", "properties": { "NAME": "Сбербанк", "NAME_EN": "Sberbank", "NAME_RU": "Сбербанк", "MAN_MADE": null, "LEISURE": null, "AMENITY": "bank", "OFFICE": null, "SHOP": null, "TOURISM": null, "SPORT": null, "OSM_TYPE": "node", "OSM_ID": 1603734273 }, "geometry": { "type": "Point", "coordinates": [ 38.9657274, 45.0672903 ] } },
{ "type": "Feature", "properties": { "NAME": "Сбербанк", "NAME_EN": "Sberbank", "NAME_RU": "Сбербанк", "MAN_MADE": null, "LEISURE": null, "AMENITY": "bank", "OFFICE": null, "SHOP": null, "TOURISM": null, "SPORT": null, "OSM_TYPE": "node", "OSM_ID": 1603776971 }, "geometry": { "type": "Point", "coordinates": [ 38.9662224, 45.0195098 ] } },
{ "type": "Feature", "properties": { "NAME": "Сбербанк", "NAME_EN": "Sberbank", "NAME_RU": "Сбербанк", "MAN_MADE": null, "LEISURE": null, "AMENITY": "bank", "OFFICE": null, "SHOP": null, "TOURISM": null, "SPORT": null, "OSM_TYPE": "node", "OSM_ID": 1603776983 }, "geometry": { "type": "Point", "coordinates": [ 39.0501942, 45.0351826 ] } },
{ "type": "Feature", "properties": { "NAME": "Сбербанк", "NAME_EN": "Sberbank", "NAME_RU": "Сбербанк", "MAN_MADE": null, "LEISURE": null, "AMENITY": "bank", "OFFICE": null, "SHOP": null, "TOURISM": null, "SPORT": null, "OSM_TYPE": "node", "OSM_ID": 1604017608 }, "geometry": { "type": "Point", "coordinates": [ 38.9595138, 45.0142496 ] } },
{ "type": "Feature", "properties": { "NAME": "Сбербанк", "NAME_EN": "Sberbank", "NAME_RU": "Сбербанк", "MAN_MADE": null, "LEISURE": null, "AMENITY": "bank", "OFFICE": null, "SHOP": null, "TOURISM": null, "SPORT": null, "OSM_TYPE": "node", "OSM_ID": 1604017623 }, "geometry": { "type": "Point", "coordinates": [ 38.983871, 45.102214 ] } },
{ "type": "Feature", "properties": { "NAME": "Сбербанк", "NAME_EN": "Sberbank", "NAME_RU": "Сбербанк", "MAN_MADE": null, "LEISURE": null, "AMENITY": "bank", "OFFICE": null, "SHOP": null, "TOURISM": null, "SPORT": null, "OSM_TYPE": "node", "OSM_ID": 1604017629 }, "geometry": { "type": "Point", "coordinates": [ 39.008161, 45.0421393 ] } },
{ "type": "Feature", "properties": { "NAME": "Сбербанк", "NAME_EN": "Sberbank", "NAME_RU": "Сбербанк", "MAN_MADE": null, "LEISURE": null, "AMENITY": "bank", "OFFICE": null, "SHOP": null, "TOURISM": null, "SPORT": null, "OSM_TYPE": "node", "OSM_ID": 1604017678 }, "geometry": { "type": "Point", "coordinates": [ 39.0260213, 45.0117591 ] } },
{ "type": "Feature", "properties": { "NAME": "Санфарма", "NAME_EN": null, "NAME_RU": null, "MAN_MADE": null, "LEISURE": null, "AMENITY": "pharmacy", "OFFICE": null, "SHOP": null, "TOURISM": null, "SPORT": null, "OSM_TYPE": "node", "OSM_ID": 1612046247 }, "geometry": { "type": "Point", "coordinates": [ 38.9768935, 45.0380713 ] } },
{ "type": "Feature", "properties": { "NAME": "Эмма", "NAME_EN": null, "NAME_RU": null, "MAN_MADE": null, "LEISURE": null, "AMENITY": "pharmacy", "OFFICE": null, "SHOP": null, "TOURISM": null, "SPORT": null, "OSM_TYPE": "node", "OSM_ID": 1623004239 }, "geometry": { "type": "Point", "coordinates": [ 39.0940918, 45.0230488 ] } },
{ "type": "Feature", "properties": { "NAME": "Уралсиб", "NAME_EN": "Uralsib Bank", "NAME_RU": "Уралсиб", "MAN_MADE": null, "LEISURE": null, "AMENITY": "bank", "OFFICE": null, "SHOP": null, "TOURISM": null, "SPORT": null, "OSM_TYPE": "node", "OSM_ID": 1630279970 }, "geometry": { "type": "Point", "coordinates": [ 38.9784809, 45.0490076 ] } },
{ "type": "Feature", "properties": { "NAME": "Апрель", "NAME_EN": null, "NAME_RU": null, "MAN_MADE": null, "LEISURE": null, "AMENITY": "pharmacy", "OFFICE": null, "SHOP": null, "TOURISM": null, "SPORT": null, "OSM_TYPE": "node", "OSM_ID": 1639738515 }, "geometry": { "type": "Point", "coordinates": [ 38.9995041, 45.0527115 ] } },
{ "type": "Feature", "properties": { "NAME": "Райффайзен банк", "NAME_EN": null, "NAME_RU": null, "MAN_MADE": null, "LEISURE": null, "AMENITY": "bank", "OFFICE": null, "SHOP": null, "TOURISM": null, "SPORT": null, "OSM_TYPE": "node", "OSM_ID": 1671769802 }, "geometry": { "type": "Point", "coordinates": [ 38.9787119, 45.0495936 ] } },
{ "type": "Feature", "properties": { "NAME": "социальная", "NAME_EN": null, "NAME_RU": null, "MAN_MADE": null, "LEISURE": null, "AMENITY": "pharmacy", "OFFICE": null, "SHOP": null, "TOURISM": null, "SPORT": null, "OSM_TYPE": "node", "OSM_ID": 1679790441 }, "geometry": { "type": "Point", "coordinates": [ 39.0412311, 45.0163672 ] } },
{ "type": "Feature", "properties": { "NAME": null, "NAME_EN": null, "NAME_RU": null, "MAN_MADE": null, "LEISURE": null, "AMENITY": "pharmacy", "OFFICE": null, "SHOP": null, "TOURISM": null, "SPORT": null, "OSM_TYPE": "node", "OSM_ID": 1691169446 }, "geometry": { "type": "Point", "coordinates": [ 39.0281501, 45.0178304 ] } },
{ "type": "Feature", "properties": { "NAME": "Конюшня", "NAME_EN": null, "NAME_RU": null, "MAN_MADE": null, "LEISURE": null, "AMENITY": "cafe", "OFFICE": null, "SHOP": null, "TOURISM": null, "SPORT": null, "OSM_TYPE": "node", "OSM_ID": 1691169475 }, "geometry": { "type": "Point", "coordinates": [ 39.0280488, 45.0177916 ] } },
{ "type": "Feature", "properties": { "NAME": "Здесь Аптека", "NAME_EN": null, "NAME_RU": null, "MAN_MADE": null, "LEISURE": null, "AMENITY": "pharmacy", "OFFICE": null, "SHOP": null, "TOURISM": null, "SPORT": null, "OSM_TYPE": "node", "OSM_ID": 1691169478 }, "geometry": { "type": "Point", "coordinates": [ 39.0308154, 45.013998 ] } },
{ "type": "Feature", "properties": { "NAME": "ООО \"Фармамед\"", "NAME_EN": null, "NAME_RU": null, "MAN_MADE": null, "LEISURE": null, "AMENITY": "pharmacy", "OFFICE": null, "SHOP": null, "TOURISM": null, "SPORT": null, "OSM_TYPE": "node", "OSM_ID": 1691169483 }, "geometry": { "type": "Point", "coordinates": [ 39.0282006, 45.0177273 ] } },
{ "type": "Feature", "properties": { "NAME": "Чайкоф", "NAME_EN": null, "NAME_RU": "Чайкоф", "MAN_MADE": null, "LEISURE": null, "AMENITY": "cafe", "OFFICE": null, "SHOP": null, "TOURISM": null, "SPORT": null, "OSM_TYPE": "node", "OSM_ID": 1691945675 }, "geometry": { "type": "Point", "coordinates": [ 38.9710995, 45.0222211 ] } },
{ "type": "Feature", "properties": { "NAME": "Набоков", "NAME_EN": null, "NAME_RU": null, "MAN_MADE": null, "LEISURE": null, "AMENITY": "restaurant", "OFFICE": null, "SHOP": null, "TOURISM": null, "SPORT": null, "OSM_TYPE": "node", "OSM_ID": 1691945679 }, "geometry": { "type": "Point", "coordinates": [ 38.9719021, 45.0229424 ] } },
{ "type": "Feature", "properties": { "NAME": null, "NAME_EN": null, "NAME_RU": null, "MAN_MADE": null, "LEISURE": null, "AMENITY": "pharmacy", "OFFICE": null, "SHOP": null, "TOURISM": null, "SPORT": null, "OSM_TYPE": "node", "OSM_ID": 1692451367 }, "geometry": { "type": "Point", "coordinates": [ 38.9897878, 45.1323026 ] } },
{ "type": "Feature", "properties": { "NAME": null, "NAME_EN": null, "NAME_RU": null, "MAN_MADE": null, "LEISURE": null, "AMENITY": "pharmacy", "OFFICE": null, "SHOP": null, "TOURISM": null, "SPORT": null, "OSM_TYPE": "node", "OSM_ID": 1693839792 }, "geometry": { "type": "Point", "coordinates": [ 39.0346244, 45.0106562 ] } },
{ "type": "Feature", "properties": { "NAME": null, "NAME_EN": null, "NAME_RU": null, "MAN_MADE": null, "LEISURE": null, "AMENITY": "pharmacy", "OFFICE": null, "SHOP": null, "TOURISM": null, "SPORT": null, "OSM_TYPE": "node", "OSM_ID": 1702234739 }, "geometry": { "type": "Point", "coordinates": [ 38.9119954, 45.0318166 ] } },
{ "type": "Feature", "properties": { "NAME": "Прима-Вера", "NAME_EN": null, "NAME_RU": null, "MAN_MADE": null, "LEISURE": null, "AMENITY": "restaurant", "OFFICE": null, "SHOP": null, "TOURISM": null, "SPORT": null, "OSM_TYPE": "node", "OSM_ID": 1704380075 }, "geometry": { "type": "Point", "coordinates": [ 38.9169709, 45.0316582 ] } },
{ "type": "Feature", "properties": { "NAME": "Радуга", "NAME_EN": null, "NAME_RU": null, "MAN_MADE": null, "LEISURE": null, "AMENITY": "pharmacy", "OFFICE": null, "SHOP": null, "TOURISM": null, "SPORT": null, "OSM_TYPE": "node", "OSM_ID": 1704380111 }, "geometry": { "type": "Point", "coordinates": [ 38.9119938, 45.0385281 ] } },
{ "type": "Feature", "properties": { "NAME": "пекарня", "NAME_EN": null, "NAME_RU": null, "MAN_MADE": null, "LEISURE": null, "AMENITY": "cafe", "OFFICE": null, "SHOP": null, "TOURISM": null, "SPORT": null, "OSM_TYPE": "node", "OSM_ID": 1727107801 }, "geometry": { "type": "Point", "coordinates": [ 39.0423428, 45.0161094 ] } },
{ "type": "Feature", "properties": { "NAME": null, "NAME_EN": null, "NAME_RU": null, "MAN_MADE": null, "LEISURE": null, "AMENITY": "pharmacy", "OFFICE": null, "SHOP": null, "TOURISM": null, "SPORT": null, "OSM_TYPE": "node", "OSM_ID": 1730156876 }, "geometry": { "type": "Point", "coordinates": [ 38.9616356, 45.0426285 ] } },
{ "type": "Feature", "properties": { "NAME": "Банк \"Возрождение\"", "NAME_EN": null, "NAME_RU": null, "MAN_MADE": null, "LEISURE": null, "AMENITY": "bank", "OFFICE": null, "SHOP": null, "TOURISM": null, "SPORT": null, "OSM_TYPE": "node", "OSM_ID": 1730265219 }, "geometry": { "type": "Point", "coordinates": [ 39.0585072, 45.0139933 ] } },
{ "type": "Feature", "properties": { "NAME": "Банк \"Возрождение\"", "NAME_EN": null, "NAME_RU": null, "MAN_MADE": null, "LEISURE": null, "AMENITY": "bank", "OFFICE": null, "SHOP": null, "TOURISM": null, "SPORT": null, "OSM_TYPE": "node", "OSM_ID": 1730360446 }, "geometry": { "type": "Point", "coordinates": [ 38.9694736, 45.0408276 ] } },
{ "type": "Feature", "properties": { "NAME": "Апрель", "NAME_EN": null, "NAME_RU": null, "MAN_MADE": null, "LEISURE": null, "AMENITY": "pharmacy", "OFFICE": null, "SHOP": null, "TOURISM": null, "SPORT": null, "OSM_TYPE": "node", "OSM_ID": 1731817450 }, "geometry": { "type": "Point", "coordinates": [ 39.0088183, 45.0658065 ] } },
{ "type": "Feature", "properties": { "NAME": null, "NAME_EN": null, "NAME_RU": null, "MAN_MADE": null, "LEISURE": null, "AMENITY": "pharmacy", "OFFICE": null, "SHOP": null, "TOURISM": null, "SPORT": null, "OSM_TYPE": "node", "OSM_ID": 1731817456 }, "geometry": { "type": "Point", "coordinates": [ 39.0088463, 45.0650691 ] } },
{ "type": "Feature", "properties": { "NAME": "ВТБ", "NAME_EN": "VTB", "NAME_RU": "ВТБ", "MAN_MADE": null, "LEISURE": null, "AMENITY": "bank", "OFFICE": null, "SHOP": null, "TOURISM": null, "SPORT": null, "OSM_TYPE": "node", "OSM_ID": 1738865042 }, "geometry": { "type": "Point", "coordinates": [ 38.9724613, 45.0264859 ] } },
{ "type": "Feature", "properties": { "NAME": null, "NAME_EN": null, "NAME_RU": null, "MAN_MADE": null, "LEISURE": null, "AMENITY": "pharmacy", "OFFICE": null, "SHOP": null, "TOURISM": null, "SPORT": null, "OSM_TYPE": "node", "OSM_ID": 1741971770 }, "geometry": { "type": "Point", "coordinates": [ 39.0103431, 45.0205624 ] } },
{ "type": "Feature", "properties": { "NAME": "Бриз", "NAME_EN": null, "NAME_RU": null, "MAN_MADE": null, "LEISURE": null, "AMENITY": "cafe", "OFFICE": null, "SHOP": null, "TOURISM": null, "SPORT": null, "OSM_TYPE": "node", "OSM_ID": 1747281122 }, "geometry": { "type": "Point", "coordinates": [ 38.9732007, 45.0660656 ] } },
{ "type": "Feature", "properties": { "NAME": "Пирогово", "NAME_EN": null, "NAME_RU": null, "MAN_MADE": null, "LEISURE": null, "AMENITY": "cafe", "OFFICE": null, "SHOP": null, "TOURISM": null, "SPORT": null, "OSM_TYPE": "node", "OSM_ID": 1748256129 }, "geometry": { "type": "Point", "coordinates": [ 38.9959984, 45.054538 ] } },
{ "type": "Feature", "properties": { "NAME": "Балерина и Бифштекс", "NAME_EN": null, "NAME_RU": null, "MAN_MADE": null, "LEISURE": null, "AMENITY": "restaurant", "OFFICE": null, "SHOP": null, "TOURISM": null, "SPORT": null, "OSM_TYPE": "node", "OSM_ID": 1748481184 }, "geometry": { "type": "Point", "coordinates": [ 38.9695321, 45.021006 ] } },
{ "type": "Feature", "properties": { "NAME": "Балтинвестабанк", "NAME_EN": null, "NAME_RU": null, "MAN_MADE": null, "LEISURE": null, "AMENITY": "bank", "OFFICE": null, "SHOP": null, "TOURISM": null, "SPORT": null, "OSM_TYPE": "node", "OSM_ID": 1748513592 }, "geometry": { "type": "Point", "coordinates": [ 38.9845055, 45.0390488 ] } },
{ "type": "Feature", "properties": { "NAME": null, "NAME_EN": null, "NAME_RU": null, "MAN_MADE": null, "LEISURE": null, "AMENITY": "pharmacy", "OFFICE": null, "SHOP": null, "TOURISM": null, "SPORT": null, "OSM_TYPE": "node", "OSM_ID": 1750618225 }, "geometry": { "type": "Point", "coordinates": [ 39.0784292, 45.005244 ] } },
{ "type": "Feature", "properties": { "NAME": "Апрель", "NAME_EN": null, "NAME_RU": null, "MAN_MADE": null, "LEISURE": null, "AMENITY": "pharmacy", "OFFICE": null, "SHOP": null, "TOURISM": null, "SPORT": null, "OSM_TYPE": "node", "OSM_ID": 1750618233 }, "geometry": { "type": "Point", "coordinates": [ 39.0779244, 45.0058834 ] } },
{ "type": "Feature", "properties": { "NAME": "Сбербанк", "NAME_EN": "Sberbank", "NAME_RU": "Сбербанк", "MAN_MADE": null, "LEISURE": null, "AMENITY": "bank", "OFFICE": null, "SHOP": null, "TOURISM": null, "SPORT": null, "OSM_TYPE": "node", "OSM_ID": 1754176377 }, "geometry": { "type": "Point", "coordinates": [ 38.9652177, 45.0164477 ] } },
{ "type": "Feature", "properties": { "NAME": "Пельменная \"У купца\"", "NAME_EN": null, "NAME_RU": null, "MAN_MADE": null, "LEISURE": null, "AMENITY": "cafe", "OFFICE": null, "SHOP": null, "TOURISM": null, "SPORT": null, "OSM_TYPE": "node", "OSM_ID": 1755126938 }, "geometry": { "type": "Point", "coordinates": [ 38.9666797, 45.0478448 ] } },
{ "type": "Feature", "properties": { "NAME": "Виола-3", "NAME_EN": null, "NAME_RU": null, "MAN_MADE": null, "LEISURE": null, "AMENITY": "pharmacy", "OFFICE": null, "SHOP": null, "TOURISM": null, "SPORT": null, "OSM_TYPE": "node", "OSM_ID": 1767357977 }, "geometry": { "type": "Point", "coordinates": [ 39.0720998, 45.0059671 ] } },
{ "type": "Feature", "properties": { "NAME": "Лаки Фарма", "NAME_EN": null, "NAME_RU": null, "MAN_MADE": null, "LEISURE": null, "AMENITY": "pharmacy", "OFFICE": null, "SHOP": null, "TOURISM": null, "SPORT": null, "OSM_TYPE": "node", "OSM_ID": 1767357988 }, "geometry": { "type": "Point", "coordinates": [ 39.0715861, 45.0057807 ] } },
{ "type": "Feature", "properties": { "NAME": "Юнис", "NAME_EN": null, "NAME_RU": null, "MAN_MADE": null, "LEISURE": null, "AMENITY": "pharmacy", "OFFICE": null, "SHOP": null, "TOURISM": null, "SPORT": null, "OSM_TYPE": "node", "OSM_ID": 1767357989 }, "geometry": { "type": "Point", "coordinates": [ 39.0720974, 45.0063114 ] } },
{ "type": "Feature", "properties": { "NAME": "Прима Вера", "NAME_EN": null, "NAME_RU": null, "MAN_MADE": null, "LEISURE": null, "AMENITY": "cafe", "OFFICE": null, "SHOP": null, "TOURISM": null, "SPORT": null, "OSM_TYPE": "node", "OSM_ID": 1770397694 }, "geometry": { "type": "Point", "coordinates": [ 39.0085423, 45.0201718 ] } },
{ "type": "Feature", "properties": { "NAME": null, "NAME_EN": null, "NAME_RU": null, "MAN_MADE": null, "LEISURE": null, "AMENITY": "pharmacy", "OFFICE": null, "SHOP": null, "TOURISM": null, "SPORT": null, "OSM_TYPE": "node", "OSM_ID": 1795379207 }, "geometry": { "type": "Point", "coordinates": [ 39.0311033, 45.031195 ] } },
{ "type": "Feature", "properties": { "NAME": "Ресторан \"Семь Пятниц\"", "NAME_EN": null, "NAME_RU": null, "MAN_MADE": null, "LEISURE": null, "AMENITY": "restaurant", "OFFICE": null, "SHOP": null, "TOURISM": null, "SPORT": null, "OSM_TYPE": "node", "OSM_ID": 1795411298 }, "geometry": { "type": "Point", "coordinates": [ 39.0439282, 45.0286634 ] } },
{ "type": "Feature", "properties": { "NAME": null, "NAME_EN": null, "NAME_RU": null, "MAN_MADE": null, "LEISURE": null, "AMENITY": "cafe", "OFFICE": null, "SHOP": null, "TOURISM": null, "SPORT": null, "OSM_TYPE": "node", "OSM_ID": 1795446874 }, "geometry": { "type": "Point", "coordinates": [ 39.0410758, 45.0310946 ] } },
{ "type": "Feature", "properties": { "NAME": null, "NAME_EN": null, "NAME_RU": null, "MAN_MADE": null, "LEISURE": null, "AMENITY": "pharmacy", "OFFICE": null, "SHOP": null, "TOURISM": null, "SPORT": null, "OSM_TYPE": "node", "OSM_ID": 1811081651 }, "geometry": { "type": "Point", "coordinates": [ 38.9621067, 45.0432995 ] } },
{ "type": "Feature", "properties": { "NAME": "Fratelli", "NAME_EN": null, "NAME_RU": null, "MAN_MADE": null, "LEISURE": null, "AMENITY": "restaurant", "OFFICE": null, "SHOP": null, "TOURISM": null, "SPORT": null, "OSM_TYPE": "node", "OSM_ID": 1813797506 }, "geometry": { "type": "Point", "coordinates": [ 38.9658104, 45.0140359 ] } },
{ "type": "Feature", "properties": { "NAME": "Арбат", "NAME_EN": null, "NAME_RU": null, "MAN_MADE": null, "LEISURE": null, "AMENITY": "restaurant", "OFFICE": null, "SHOP": null, "TOURISM": null, "SPORT": null, "OSM_TYPE": "node", "OSM_ID": 1814818167 }, "geometry": { "type": "Point", "coordinates": [ 38.9723877, 45.0313109 ] } },
{ "type": "Feature", "properties": { "NAME": "Пивной трест", "NAME_EN": null, "NAME_RU": null, "MAN_MADE": null, "LEISURE": null, "AMENITY": "restaurant", "OFFICE": null, "SHOP": null, "TOURISM": null, "SPORT": null, "OSM_TYPE": "node", "OSM_ID": 1820326592 }, "geometry": { "type": "Point", "coordinates": [ 39.0124422, 45.0341206 ] } },
{ "type": "Feature", "properties": { "NAME": "Seven eleven", "NAME_EN": null, "NAME_RU": null, "MAN_MADE": null, "LEISURE": null, "AMENITY": "cafe", "OFFICE": null, "SHOP": null, "TOURISM": null, "SPORT": null, "OSM_TYPE": "node", "OSM_ID": 1822661213 }, "geometry": { "type": "Point", "coordinates": [ 39.0196825, 45.0652391 ] } },
{ "type": "Feature", "properties": { "NAME": "Кубань Кредит", "NAME_EN": null, "NAME_RU": null, "MAN_MADE": null, "LEISURE": null, "AMENITY": "bank", "OFFICE": null, "SHOP": null, "TOURISM": null, "SPORT": null, "OSM_TYPE": "node", "OSM_ID": 1822737631 }, "geometry": { "type": "Point", "coordinates": [ 39.0219969, 45.0610054 ] } },
{ "type": "Feature", "properties": { "NAME": "Pro Sushi", "NAME_EN": null, "NAME_RU": null, "MAN_MADE": null, "LEISURE": null, "AMENITY": "restaurant", "OFFICE": null, "SHOP": null, "TOURISM": null, "SPORT": null, "OSM_TYPE": "node", "OSM_ID": 1829732749 }, "geometry": { "type": "Point", "coordinates": [ 39.0156876, 45.0216149 ] } },
{ "type": "Feature", "properties": { "NAME": "Домбай", "NAME_EN": null, "NAME_RU": null, "MAN_MADE": null, "LEISURE": null, "AMENITY": "restaurant", "OFFICE": null, "SHOP": null, "TOURISM": null, "SPORT": null, "OSM_TYPE": "node", "OSM_ID": 1834115143 }, "geometry": { "type": "Point", "coordinates": [ 38.977235, 45.0980418 ] } },
{ "type": "Feature", "properties": { "NAME": "Авквамарин", "NAME_EN": null, "NAME_RU": null, "MAN_MADE": null, "LEISURE": null, "AMENITY": "cafe", "OFFICE": null, "SHOP": null, "TOURISM": null, "SPORT": null, "OSM_TYPE": "node", "OSM_ID": 1837266808 }, "geometry": { "type": "Point", "coordinates": [ 39.0513786, 45.0128271 ] } },
{ "type": "Feature", "properties": { "NAME": null, "NAME_EN": null, "NAME_RU": null, "MAN_MADE": null, "LEISURE": null, "AMENITY": "pharmacy", "OFFICE": null, "SHOP": null, "TOURISM": null, "SPORT": null, "OSM_TYPE": "node", "OSM_ID": 1839785576 }, "geometry": { "type": "Point", "coordinates": [ 39.0294705, 45.0692749 ] } },
{ "type": "Feature", "properties": { "NAME": "Европа", "NAME_EN": null, "NAME_RU": null, "MAN_MADE": null, "LEISURE": null, "AMENITY": "restaurant", "OFFICE": null, "SHOP": null, "TOURISM": null, "SPORT": null, "OSM_TYPE": "node", "OSM_ID": 1843575648 }, "geometry": { "type": "Point", "coordinates": [ 38.9858365, 45.0390788 ] } },
{ "type": "Feature", "properties": { "NAME": "РИС", "NAME_EN": null, "NAME_RU": null, "MAN_MADE": null, "LEISURE": null, "AMENITY": "restaurant", "OFFICE": null, "SHOP": null, "TOURISM": null, "SPORT": null, "OSM_TYPE": "node", "OSM_ID": 1874473297 }, "geometry": { "type": "Point", "coordinates": [ 38.9107515, 45.0307407 ] } },
{ "type": "Feature", "properties": { "NAME": "Кафе", "NAME_EN": null, "NAME_RU": null, "MAN_MADE": null, "LEISURE": null, "AMENITY": "cafe", "OFFICE": null, "SHOP": null, "TOURISM": null, "SPORT": null, "OSM_TYPE": "node", "OSM_ID": 1877232662 }, "geometry": { "type": "Point", "coordinates": [ 38.9124897, 45.0315888 ] } },
{ "type": "Feature", "properties": { "NAME": "«Пегас»", "NAME_EN": null, "NAME_RU": null, "MAN_MADE": null, "LEISURE": null, "AMENITY": "cafe", "OFFICE": null, "SHOP": null, "TOURISM": null, "SPORT": null, "OSM_TYPE": "node", "OSM_ID": 1891104101 }, "geometry": { "type": "Point", "coordinates": [ 39.1285751, 45.0333387 ] } },
{ "type": "Feature", "properties": { "NAME": "Сбербанк", "NAME_EN": "Sberbank", "NAME_RU": "Сбербанк", "MAN_MADE": null, "LEISURE": null, "AMENITY": "bank", "OFFICE": null, "SHOP": null, "TOURISM": null, "SPORT": null, "OSM_TYPE": "node", "OSM_ID": 1936763290 }, "geometry": { "type": "Point", "coordinates": [ 39.0333239, 45.0258713 ] } },
{ "type": "Feature", "properties": { "NAME": "Венеция", "NAME_EN": null, "NAME_RU": null, "MAN_MADE": null, "LEISURE": null, "AMENITY": "restaurant", "OFFICE": null, "SHOP": null, "TOURISM": null, "SPORT": null, "OSM_TYPE": "node", "OSM_ID": 1945995778 }, "geometry": { "type": "Point", "coordinates": [ 39.0110394, 45.0210923 ] } },
{ "type": "Feature", "properties": { "NAME": null, "NAME_EN": null, "NAME_RU": null, "MAN_MADE": null, "LEISURE": null, "AMENITY": "restaurant", "OFFICE": null, "SHOP": null, "TOURISM": null, "SPORT": null, "OSM_TYPE": "node", "OSM_ID": 1967099286 }, "geometry": { "type": "Point", "coordinates": [ 39.0416293, 45.0239425 ] } },
{ "type": "Feature", "properties": { "NAME": null, "NAME_EN": null, "NAME_RU": null, "MAN_MADE": null, "LEISURE": null, "AMENITY": "pharmacy", "OFFICE": null, "SHOP": null, "TOURISM": null, "SPORT": null, "OSM_TYPE": "node", "OSM_ID": 1968097801 }, "geometry": { "type": "Point", "coordinates": [ 39.0375042, 45.0186892 ] } },
{ "type": "Feature", "properties": { "NAME": "Нато", "NAME_EN": null, "NAME_RU": null, "MAN_MADE": null, "LEISURE": null, "AMENITY": "restaurant", "OFFICE": null, "SHOP": null, "TOURISM": null, "SPORT": null, "OSM_TYPE": "node", "OSM_ID": 1970390546 }, "geometry": { "type": "Point", "coordinates": [ 38.9678978, 45.0195162 ] } },
{ "type": "Feature", "properties": { "NAME": null, "NAME_EN": null, "NAME_RU": null, "MAN_MADE": null, "LEISURE": null, "AMENITY": "cafe", "OFFICE": null, "SHOP": null, "TOURISM": null, "SPORT": null, "OSM_TYPE": "node", "OSM_ID": 1979137798 }, "geometry": { "type": "Point", "coordinates": [ 39.0021388, 45.1214723 ] } },
{ "type": "Feature", "properties": { "NAME": null, "NAME_EN": null, "NAME_RU": null, "MAN_MADE": null, "LEISURE": null, "AMENITY": "cafe", "OFFICE": null, "SHOP": null, "TOURISM": null, "SPORT": null, "OSM_TYPE": "node", "OSM_ID": 1980641841 }, "geometry": { "type": "Point", "coordinates": [ 39.1340984, 45.0332514 ] } },
{ "type": "Feature", "properties": { "NAME": "Сбербанк", "NAME_EN": "Sberbank", "NAME_RU": "Сбербанк", "MAN_MADE": null, "LEISURE": null, "AMENITY": "bank", "OFFICE": null, "SHOP": null, "TOURISM": null, "SPORT": null, "OSM_TYPE": "node", "OSM_ID": 1981013645 }, "geometry": { "type": "Point", "coordinates": [ 38.9764384, 45.0399483 ] } },
{ "type": "Feature", "properties": { "NAME": "Интернет-кафе \"Портал\"", "NAME_EN": null, "NAME_RU": null, "MAN_MADE": null, "LEISURE": null, "AMENITY": "cafe", "OFFICE": null, "SHOP": null, "TOURISM": null, "SPORT": null, "OSM_TYPE": "node", "OSM_ID": 1988523507 }, "geometry": { "type": "Point", "coordinates": [ 38.969991, 45.013036 ] } },
{ "type": "Feature", "properties": { "NAME": null, "NAME_EN": null, "NAME_RU": null, "MAN_MADE": null, "LEISURE": null, "AMENITY": "cafe", "OFFICE": null, "SHOP": null, "TOURISM": null, "SPORT": null, "OSM_TYPE": "node", "OSM_ID": 1988623090 }, "geometry": { "type": "Point", "coordinates": [ 39.0264111, 45.0414555 ] } },
{ "type": "Feature", "properties": { "NAME": null, "NAME_EN": null, "NAME_RU": null, "MAN_MADE": null, "LEISURE": null, "AMENITY": "cafe", "OFFICE": null, "SHOP": null, "TOURISM": null, "SPORT": null, "OSM_TYPE": "node", "OSM_ID": 2001148812 }, "geometry": { "type": "Point", "coordinates": [ 39.0543163, 45.0166689 ] } },
{ "type": "Feature", "properties": { "NAME": "Здоровье", "NAME_EN": null, "NAME_RU": null, "MAN_MADE": null, "LEISURE": null, "AMENITY": "pharmacy", "OFFICE": null, "SHOP": null, "TOURISM": null, "SPORT": null, "OSM_TYPE": "node", "OSM_ID": 2001380340 }, "geometry": { "type": "Point", "coordinates": [ 38.975383, 45.0268568 ] } },
{ "type": "Feature", "properties": { "NAME": "Малышка", "NAME_EN": null, "NAME_RU": null, "MAN_MADE": null, "LEISURE": null, "AMENITY": "pharmacy", "OFFICE": null, "SHOP": null, "TOURISM": null, "SPORT": null, "OSM_TYPE": "node", "OSM_ID": 2001380344 }, "geometry": { "type": "Point", "coordinates": [ 38.9768743, 45.0237967 ] } },
{ "type": "Feature", "properties": { "NAME": "Мелодия здоровья", "NAME_EN": null, "NAME_RU": null, "MAN_MADE": null, "LEISURE": null, "AMENITY": "pharmacy", "OFFICE": null, "SHOP": null, "TOURISM": null, "SPORT": null, "OSM_TYPE": "node", "OSM_ID": 2001380349 }, "geometry": { "type": "Point", "coordinates": [ 39.0396732, 45.0239754 ] } },
{ "type": "Feature", "properties": { "NAME": "Мелодия здоровья", "NAME_EN": null, "NAME_RU": null, "MAN_MADE": null, "LEISURE": null, "AMENITY": "pharmacy", "OFFICE": null, "SHOP": null, "TOURISM": null, "SPORT": null, "OSM_TYPE": "node", "OSM_ID": 2001380353 }, "geometry": { "type": "Point", "coordinates": [ 38.9735497, 45.0672719 ] } },
{ "type": "Feature", "properties": { "NAME": "Моя аптека", "NAME_EN": null, "NAME_RU": null, "MAN_MADE": null, "LEISURE": null, "AMENITY": "pharmacy", "OFFICE": null, "SHOP": null, "TOURISM": null, "SPORT": null, "OSM_TYPE": "node", "OSM_ID": 2001380357 }, "geometry": { "type": "Point", "coordinates": [ 39.0217853, 45.0641449 ] } },
{ "type": "Feature", "properties": { "NAME": "Трик-Фарма", "NAME_EN": null, "NAME_RU": null, "MAN_MADE": null, "LEISURE": null, "AMENITY": "pharmacy", "OFFICE": null, "SHOP": null, "TOURISM": null, "SPORT": null, "OSM_TYPE": "node", "OSM_ID": 2001380361 }, "geometry": { "type": "Point", "coordinates": [ 39.016516, 45.0063439 ] } },
{ "type": "Feature", "properties": { "NAME": "Трик-Фарма", "NAME_EN": null, "NAME_RU": null, "MAN_MADE": null, "LEISURE": null, "AMENITY": "pharmacy", "OFFICE": null, "SHOP": null, "TOURISM": null, "SPORT": null, "OSM_TYPE": "node", "OSM_ID": 2001380365 }, "geometry": { "type": "Point", "coordinates": [ 39.0488776, 45.0182448 ] } },
{ "type": "Feature", "properties": { "NAME": "Трик-Фарма", "NAME_EN": null, "NAME_RU": null, "MAN_MADE": null, "LEISURE": null, "AMENITY": "pharmacy", "OFFICE": null, "SHOP": null, "TOURISM": null, "SPORT": null, "OSM_TYPE": "node", "OSM_ID": 2001380370 }, "geometry": { "type": "Point", "coordinates": [ 39.0930715, 45.0319158 ] } },
{ "type": "Feature", "properties": { "NAME": null, "NAME_EN": null, "NAME_RU": null, "MAN_MADE": null, "LEISURE": null, "AMENITY": "pharmacy", "OFFICE": null, "SHOP": null, "TOURISM": null, "SPORT": null, "OSM_TYPE": "node", "OSM_ID": 2004040504 }, "geometry": { "type": "Point", "coordinates": [ 38.96866, 45.07035 ] } },
{ "type": "Feature", "properties": { "NAME": "Аптека №396", "NAME_EN": null, "NAME_RU": null, "MAN_MADE": null, "LEISURE": null, "AMENITY": "pharmacy", "OFFICE": null, "SHOP": null, "TOURISM": null, "SPORT": null, "OSM_TYPE": "node", "OSM_ID": 2010210341 }, "geometry": { "type": "Point", "coordinates": [ 38.9708768, 45.0684007 ] } },
{ "type": "Feature", "properties": { "NAME": null, "NAME_EN": null, "NAME_RU": null, "MAN_MADE": null, "LEISURE": null, "AMENITY": "pharmacy", "OFFICE": null, "SHOP": null, "TOURISM": null, "SPORT": null, "OSM_TYPE": "node", "OSM_ID": 2010678675 }, "geometry": { "type": "Point", "coordinates": [ 38.9311404, 45.0466129 ] } },
{ "type": "Feature", "properties": { "NAME": null, "NAME_EN": null, "NAME_RU": null, "MAN_MADE": null, "LEISURE": null, "AMENITY": "pharmacy", "OFFICE": null, "SHOP": null, "TOURISM": null, "SPORT": null, "OSM_TYPE": "node", "OSM_ID": 2022764278 }, "geometry": { "type": "Point", "coordinates": [ 39.0520925, 45.0135455 ] } },
{ "type": "Feature", "properties": { "NAME": null, "NAME_EN": null, "NAME_RU": null, "MAN_MADE": null, "LEISURE": null, "AMENITY": "cafe", "OFFICE": null, "SHOP": null, "TOURISM": null, "SPORT": null, "OSM_TYPE": "node", "OSM_ID": 2070443175 }, "geometry": { "type": "Point", "coordinates": [ 39.0146022, 45.0717482 ] } },
{ "type": "Feature", "properties": { "NAME": "Сиртаки", "NAME_EN": null, "NAME_RU": null, "MAN_MADE": null, "LEISURE": null, "AMENITY": "cafe", "OFFICE": null, "SHOP": null, "TOURISM": null, "SPORT": null, "OSM_TYPE": "node", "OSM_ID": 2097254526 }, "geometry": { "type": "Point", "coordinates": [ 39.1114568, 45.0387573 ] } },
{ "type": "Feature", "properties": { "NAME": null, "NAME_EN": null, "NAME_RU": null, "MAN_MADE": null, "LEISURE": null, "AMENITY": "pharmacy", "OFFICE": null, "SHOP": null, "TOURISM": null, "SPORT": null, "OSM_TYPE": "node", "OSM_ID": 2097261558 }, "geometry": { "type": "Point", "coordinates": [ 39.108785, 45.0391901 ] } },
{ "type": "Feature", "properties": { "NAME": "Апрель", "NAME_EN": null, "NAME_RU": null, "MAN_MADE": null, "LEISURE": null, "AMENITY": "pharmacy", "OFFICE": null, "SHOP": null, "TOURISM": null, "SPORT": null, "OSM_TYPE": "node", "OSM_ID": 2121193116 }, "geometry": { "type": "Point", "coordinates": [ 39.0230685, 45.0658134 ] } },
{ "type": "Feature", "properties": { "NAME": "Уралсиб", "NAME_EN": "Uralsib Bank", "NAME_RU": "Уралсиб", "MAN_MADE": null, "LEISURE": null, "AMENITY": "bank", "OFFICE": null, "SHOP": null, "TOURISM": null, "SPORT": null, "OSM_TYPE": "node", "OSM_ID": 2126145830 }, "geometry": { "type": "Point", "coordinates": [ 38.9752964, 45.0364137 ] } },
{ "type": "Feature", "properties": { "NAME": "Чешир", "NAME_EN": null, "NAME_RU": null, "MAN_MADE": null, "LEISURE": null, "AMENITY": "restaurant", "OFFICE": null, "SHOP": null, "TOURISM": null, "SPORT": null, "OSM_TYPE": "node", "OSM_ID": 2126167912 }, "geometry": { "type": "Point", "coordinates": [ 38.9760371, 45.0343573 ] } },
{ "type": "Feature", "properties": { "NAME": null, "NAME_EN": null, "NAME_RU": null, "MAN_MADE": null, "LEISURE": null, "AMENITY": "pharmacy", "OFFICE": null, "SHOP": null, "TOURISM": null, "SPORT": null, "OSM_TYPE": "node", "OSM_ID": 2126744979 }, "geometry": { "type": "Point", "coordinates": [ 39.0293439, 45.0659093 ] } },
{ "type": "Feature", "properties": { "NAME": "Медтехника", "NAME_EN": null, "NAME_RU": null, "MAN_MADE": null, "LEISURE": null, "AMENITY": "pharmacy", "OFFICE": null, "SHOP": null, "TOURISM": null, "SPORT": null, "OSM_TYPE": "node", "OSM_ID": 2132729943 }, "geometry": { "type": "Point", "coordinates": [ 39.0229916, 45.0558816 ] } },
{ "type": "Feature", "properties": { "NAME": "Лаки Фарма", "NAME_EN": null, "NAME_RU": null, "MAN_MADE": null, "LEISURE": null, "AMENITY": "pharmacy", "OFFICE": null, "SHOP": null, "TOURISM": null, "SPORT": null, "OSM_TYPE": "node", "OSM_ID": 2144693020 }, "geometry": { "type": "Point", "coordinates": [ 38.9904299, 45.0282757 ] } },
{ "type": "Feature", "properties": { "NAME": "Камелот", "NAME_EN": null, "NAME_RU": null, "MAN_MADE": null, "LEISURE": null, "AMENITY": "restaurant", "OFFICE": null, "SHOP": null, "TOURISM": null, "SPORT": null, "OSM_TYPE": "node", "OSM_ID": 2147568828 }, "geometry": { "type": "Point", "coordinates": [ 39.0270488, 45.028691 ] } },
{ "type": "Feature", "properties": { "NAME": "Скандинавия", "NAME_EN": null, "NAME_RU": null, "MAN_MADE": null, "LEISURE": null, "AMENITY": "restaurant", "OFFICE": null, "SHOP": null, "TOURISM": null, "SPORT": null, "OSM_TYPE": "node", "OSM_ID": 2148071721 }, "geometry": { "type": "Point", "coordinates": [ 38.9784054, 45.0344517 ] } },
{ "type": "Feature", "properties": { "NAME": "Вита Центральная", "NAME_EN": null, "NAME_RU": null, "MAN_MADE": null, "LEISURE": null, "AMENITY": "pharmacy", "OFFICE": null, "SHOP": null, "TOURISM": null, "SPORT": null, "OSM_TYPE": "node", "OSM_ID": 2148816191 }, "geometry": { "type": "Point", "coordinates": [ 38.9713699, 45.0266994 ] } },
{ "type": "Feature", "properties": { "NAME": "Уни Пицца", "NAME_EN": null, "NAME_RU": null, "MAN_MADE": null, "LEISURE": null, "AMENITY": "cafe", "OFFICE": null, "SHOP": null, "TOURISM": null, "SPORT": null, "OSM_TYPE": "node", "OSM_ID": 2150220886 }, "geometry": { "type": "Point", "coordinates": [ 39.029501, 45.0188592 ] } },
{ "type": "Feature", "properties": { "NAME": "Луна-пицца", "NAME_EN": null, "NAME_RU": null, "MAN_MADE": null, "LEISURE": null, "AMENITY": "cafe", "OFFICE": null, "SHOP": null, "TOURISM": null, "SPORT": null, "OSM_TYPE": "node", "OSM_ID": 2153209361 }, "geometry": { "type": "Point", "coordinates": [ 39.0742614, 45.012802 ] } },
{ "type": "Feature", "properties": { "NAME": "Польза", "NAME_EN": null, "NAME_RU": null, "MAN_MADE": null, "LEISURE": null, "AMENITY": "pharmacy", "OFFICE": null, "SHOP": null, "TOURISM": null, "SPORT": null, "OSM_TYPE": "node", "OSM_ID": 2157321172 }, "geometry": { "type": "Point", "coordinates": [ 39.00805, 45.0662743 ] } },
{ "type": "Feature", "properties": { "NAME": "Жемчужный", "NAME_EN": null, "NAME_RU": null, "MAN_MADE": null, "LEISURE": null, "AMENITY": "restaurant", "OFFICE": null, "SHOP": null, "TOURISM": null, "SPORT": null, "OSM_TYPE": "node", "OSM_ID": 2160863141 }, "geometry": { "type": "Point", "coordinates": [ 39.0161168, 45.0340603 ] } },
{ "type": "Feature", "properties": { "NAME": "Столовая №1", "NAME_EN": null, "NAME_RU": null, "MAN_MADE": null, "LEISURE": null, "AMENITY": "restaurant", "OFFICE": null, "SHOP": null, "TOURISM": null, "SPORT": null, "OSM_TYPE": "node", "OSM_ID": 2160866581 }, "geometry": { "type": "Point", "coordinates": [ 39.0207776, 45.0338696 ] } },
{ "type": "Feature", "properties": { "NAME": "IL Патио", "NAME_EN": null, "NAME_RU": "IL Патио", "MAN_MADE": null, "LEISURE": null, "AMENITY": "restaurant", "OFFICE": null, "SHOP": null, "TOURISM": null, "SPORT": null, "OSM_TYPE": "node", "OSM_ID": 2168766058 }, "geometry": { "type": "Point", "coordinates": [ 38.9746762, 45.0378662 ] } },
{ "type": "Feature", "properties": { "NAME": "IL Патио", "NAME_EN": null, "NAME_RU": null, "MAN_MADE": null, "LEISURE": null, "AMENITY": "restaurant", "OFFICE": null, "SHOP": null, "TOURISM": null, "SPORT": null, "OSM_TYPE": "node", "OSM_ID": 2168772653 }, "geometry": { "type": "Point", "coordinates": [ 39.0526184, 45.0349772 ] } },
{ "type": "Feature", "properties": { "NAME": "Радуга", "NAME_EN": null, "NAME_RU": null, "MAN_MADE": null, "LEISURE": null, "AMENITY": "pharmacy", "OFFICE": null, "SHOP": null, "TOURISM": null, "SPORT": null, "OSM_TYPE": "node", "OSM_ID": 2173163255 }, "geometry": { "type": "Point", "coordinates": [ 39.0035705, 45.0545622 ] } },
{ "type": "Feature", "properties": { "NAME": "Магнит Аптека", "NAME_EN": null, "NAME_RU": null, "MAN_MADE": null, "LEISURE": null, "AMENITY": "pharmacy", "OFFICE": null, "SHOP": null, "TOURISM": null, "SPORT": null, "OSM_TYPE": "node", "OSM_ID": 2173165902 }, "geometry": { "type": "Point", "coordinates": [ 39.0045227, 45.0717469 ] } },
{ "type": "Feature", "properties": { "NAME": "Радуга", "NAME_EN": null, "NAME_RU": null, "MAN_MADE": null, "LEISURE": null, "AMENITY": "pharmacy", "OFFICE": null, "SHOP": null, "TOURISM": null, "SPORT": null, "OSM_TYPE": "node", "OSM_ID": 2173166807 }, "geometry": { "type": "Point", "coordinates": [ 39.0188908, 45.0553882 ] } },
{ "type": "Feature", "properties": { "NAME": "Радуга", "NAME_EN": null, "NAME_RU": null, "MAN_MADE": null, "LEISURE": null, "AMENITY": "pharmacy", "OFFICE": null, "SHOP": null, "TOURISM": null, "SPORT": null, "OSM_TYPE": "node", "OSM_ID": 2173171852 }, "geometry": { "type": "Point", "coordinates": [ 38.97271, 45.0349196 ] } },
{ "type": "Feature", "properties": { "NAME": "Радуга", "NAME_EN": null, "NAME_RU": null, "MAN_MADE": null, "LEISURE": null, "AMENITY": "pharmacy", "OFFICE": null, "SHOP": null, "TOURISM": null, "SPORT": null, "OSM_TYPE": "node", "OSM_ID": 2173174747 }, "geometry": { "type": "Point", "coordinates": [ 38.9792761, 45.0517562 ] } },
{ "type": "Feature", "properties": { "NAME": null, "NAME_EN": null, "NAME_RU": null, "MAN_MADE": null, "LEISURE": null, "AMENITY": "pharmacy", "OFFICE": null, "SHOP": null, "TOURISM": null, "SPORT": null, "OSM_TYPE": "node", "OSM_ID": 2187723080 }, "geometry": { "type": "Point", "coordinates": [ 38.9195932, 45.032736 ] } },
{ "type": "Feature", "properties": { "NAME": "Beshka", "NAME_EN": null, "NAME_RU": null, "MAN_MADE": null, "LEISURE": null, "AMENITY": "restaurant", "OFFICE": null, "SHOP": null, "TOURISM": null, "SPORT": null, "OSM_TYPE": "node", "OSM_ID": 2187724491 }, "geometry": { "type": "Point", "coordinates": [ 38.917534, 45.031816 ] } },
{ "type": "Feature", "properties": { "NAME": "Под парашютом", "NAME_EN": null, "NAME_RU": null, "MAN_MADE": null, "LEISURE": null, "AMENITY": "cafe", "OFFICE": null, "SHOP": null, "TOURISM": null, "SPORT": null, "OSM_TYPE": "node", "OSM_ID": 2189637132 }, "geometry": { "type": "Point", "coordinates": [ 39.1375813, 45.0345403 ] } },
{ "type": "Feature", "properties": { "NAME": "Кубань", "NAME_EN": null, "NAME_RU": null, "MAN_MADE": null, "LEISURE": null, "AMENITY": "restaurant", "OFFICE": null, "SHOP": null, "TOURISM": null, "SPORT": null, "OSM_TYPE": "node", "OSM_ID": 2189637133 }, "geometry": { "type": "Point", "coordinates": [ 39.1374904, 45.0334845 ] } },
{ "type": "Feature", "properties": { "NAME": "Апрель", "NAME_EN": null, "NAME_RU": null, "MAN_MADE": null, "LEISURE": null, "AMENITY": "pharmacy", "OFFICE": null, "SHOP": null, "TOURISM": null, "SPORT": null, "OSM_TYPE": "node", "OSM_ID": 2194504384 }, "geometry": { "type": "Point", "coordinates": [ 38.9758292, 45.0269687 ] } },
{ "type": "Feature", "properties": { "NAME": "Авангард", "NAME_EN": null, "NAME_RU": null, "MAN_MADE": null, "LEISURE": null, "AMENITY": "bank", "OFFICE": null, "SHOP": null, "TOURISM": null, "SPORT": null, "OSM_TYPE": "node", "OSM_ID": 2194530993 }, "geometry": { "type": "Point", "coordinates": [ 38.9761557, 45.0277743 ] } },
{ "type": "Feature", "properties": { "NAME": "Столовая", "NAME_EN": null, "NAME_RU": null, "MAN_MADE": null, "LEISURE": null, "AMENITY": "restaurant", "OFFICE": null, "SHOP": null, "TOURISM": null, "SPORT": null, "OSM_TYPE": "node", "OSM_ID": 2282026908 }, "geometry": { "type": "Point", "coordinates": [ 38.997054, 45.0132864 ] } },
{ "type": "Feature", "properties": { "NAME": "Сбербанк", "NAME_EN": null, "NAME_RU": null, "MAN_MADE": null, "LEISURE": null, "AMENITY": "bank", "OFFICE": null, "SHOP": null, "TOURISM": null, "SPORT": null, "OSM_TYPE": "node", "OSM_ID": 2286390839 }, "geometry": { "type": "Point", "coordinates": [ 38.954468, 45.058989 ] } },
{ "type": "Feature", "properties": { "NAME": "Блинная \"Кулина\"", "NAME_EN": null, "NAME_RU": null, "MAN_MADE": null, "LEISURE": null, "AMENITY": "cafe", "OFFICE": null, "SHOP": null, "TOURISM": null, "SPORT": null, "OSM_TYPE": "node", "OSM_ID": 2288766283 }, "geometry": { "type": "Point", "coordinates": [ 38.9732145, 45.0753487 ] } },
{ "type": "Feature", "properties": { "NAME": "На Черкасской", "NAME_EN": null, "NAME_RU": null, "MAN_MADE": null, "LEISURE": null, "AMENITY": "pharmacy", "OFFICE": null, "SHOP": null, "TOURISM": null, "SPORT": null, "OSM_TYPE": "node", "OSM_ID": 2301023473 }, "geometry": { "type": "Point", "coordinates": [ 39.0207454, 45.0653402 ] } },
{ "type": "Feature", "properties": { "NAME": "Ригла", "NAME_EN": null, "NAME_RU": "Ригла", "MAN_MADE": null, "LEISURE": null, "AMENITY": "pharmacy", "OFFICE": null, "SHOP": null, "TOURISM": null, "SPORT": null, "OSM_TYPE": "node", "OSM_ID": 2305008236 }, "geometry": { "type": "Point", "coordinates": [ 39.063556, 45.0151759 ] } },
{ "type": "Feature", "properties": { "NAME": "Шашлычный дворик", "NAME_EN": null, "NAME_RU": null, "MAN_MADE": null, "LEISURE": null, "AMENITY": "cafe", "OFFICE": null, "SHOP": null, "TOURISM": null, "SPORT": null, "OSM_TYPE": "node", "OSM_ID": 2308315879 }, "geometry": { "type": "Point", "coordinates": [ 39.0960139, 45.0396245 ] } },
{ "type": "Feature", "properties": { "NAME": "Место Курения", "NAME_EN": "Hookah bar", "NAME_RU": "Кальянная", "MAN_MADE": null, "LEISURE": null, "AMENITY": "cafe", "OFFICE": null, "SHOP": null, "TOURISM": null, "SPORT": null, "OSM_TYPE": "node", "OSM_ID": 2311719595 }, "geometry": { "type": "Point", "coordinates": [ 39.0274321, 45.0273042 ] } },
{ "type": "Feature", "properties": { "NAME": null, "NAME_EN": null, "NAME_RU": null, "MAN_MADE": null, "LEISURE": null, "AMENITY": "cafe", "OFFICE": null, "SHOP": null, "TOURISM": null, "SPORT": null, "OSM_TYPE": "node", "OSM_ID": 2332703050 }, "geometry": { "type": "Point", "coordinates": [ 39.0534816, 45.0178139 ] } },
{ "type": "Feature", "properties": { "NAME": "Cheeseberry", "NAME_EN": null, "NAME_RU": null, "MAN_MADE": null, "LEISURE": null, "AMENITY": "cafe", "OFFICE": null, "SHOP": null, "TOURISM": null, "SPORT": null, "OSM_TYPE": "node", "OSM_ID": 2360346865 }, "geometry": { "type": "Point", "coordinates": [ 38.9731983, 45.0321001 ] } },
{ "type": "Feature", "properties": { "NAME": "Росбанк", "NAME_EN": "Rosbank", "NAME_RU": "Росбанк", "MAN_MADE": null, "LEISURE": null, "AMENITY": "bank", "OFFICE": null, "SHOP": null, "TOURISM": null, "SPORT": null, "OSM_TYPE": "node", "OSM_ID": 2364054160 }, "geometry": { "type": "Point", "coordinates": [ 38.9698795, 45.0209384 ] } },
{ "type": "Feature", "properties": { "NAME": "Хоум", "NAME_EN": "Home", "NAME_RU": "Хоум", "MAN_MADE": null, "LEISURE": null, "AMENITY": "bank", "OFFICE": null, "SHOP": null, "TOURISM": null, "SPORT": null, "OSM_TYPE": "node", "OSM_ID": 2371580040 }, "geometry": { "type": "Point", "coordinates": [ 39.0406143, 45.0165316 ] } },
{ "type": "Feature", "properties": { "NAME": "Брюнетка и браконьер", "NAME_EN": null, "NAME_RU": null, "MAN_MADE": null, "LEISURE": null, "AMENITY": "restaurant", "OFFICE": null, "SHOP": null, "TOURISM": null, "SPORT": null, "OSM_TYPE": "node", "OSM_ID": 2383878651 }, "geometry": { "type": "Point", "coordinates": [ 38.9881068, 45.0597844 ] } },
{ "type": "Feature", "properties": { "NAME": null, "NAME_EN": null, "NAME_RU": null, "MAN_MADE": null, "LEISURE": null, "AMENITY": "pharmacy", "OFFICE": null, "SHOP": null, "TOURISM": null, "SPORT": null, "OSM_TYPE": "node", "OSM_ID": 2391165940 }, "geometry": { "type": "Point", "coordinates": [ 39.0114761, 45.065215 ] } },
{ "type": "Feature", "properties": { "NAME": "Сбербанк", "NAME_EN": "Sberbank", "NAME_RU": "Сбербанк", "MAN_MADE": null, "LEISURE": null, "AMENITY": "bank", "OFFICE": null, "SHOP": null, "TOURISM": null, "SPORT": null, "OSM_TYPE": "node", "OSM_ID": 2393716379 }, "geometry": { "type": "Point", "coordinates": [ 39.1237316, 45.0342406 ] } },
{ "type": "Feature", "properties": { "NAME": "РИС", "NAME_EN": null, "NAME_RU": null, "MAN_MADE": null, "LEISURE": null, "AMENITY": "restaurant", "OFFICE": null, "SHOP": null, "TOURISM": null, "SPORT": null, "OSM_TYPE": "node", "OSM_ID": 2410754771 }, "geometry": { "type": "Point", "coordinates": [ 39.0229657, 45.0555563 ] } },
{ "type": "Feature", "properties": { "NAME": "Аптеки Кубани", "NAME_EN": null, "NAME_RU": null, "MAN_MADE": null, "LEISURE": null, "AMENITY": "pharmacy", "OFFICE": null, "SHOP": null, "TOURISM": null, "SPORT": null, "OSM_TYPE": "node", "OSM_ID": 2410757844 }, "geometry": { "type": "Point", "coordinates": [ 39.0206138, 45.0554431 ] } },
{ "type": "Feature", "properties": { "NAME": "ВТБ", "NAME_EN": "VTB", "NAME_RU": "ВТБ", "MAN_MADE": null, "LEISURE": null, "AMENITY": "bank", "OFFICE": null, "SHOP": null, "TOURISM": null, "SPORT": null, "OSM_TYPE": "node", "OSM_ID": 2416315963 }, "geometry": { "type": "Point", "coordinates": [ 38.9809177, 45.1018929 ] } },
{ "type": "Feature", "properties": { "NAME": null, "NAME_EN": null, "NAME_RU": null, "MAN_MADE": null, "LEISURE": null, "AMENITY": "pharmacy", "OFFICE": null, "SHOP": null, "TOURISM": null, "SPORT": null, "OSM_TYPE": "node", "OSM_ID": 2416316018 }, "geometry": { "type": "Point", "coordinates": [ 38.9808701, 45.1017736 ] } },
{ "type": "Feature", "properties": { "NAME": "Александрия", "NAME_EN": null, "NAME_RU": null, "MAN_MADE": null, "LEISURE": null, "AMENITY": "cafe", "OFFICE": null, "SHOP": null, "TOURISM": null, "SPORT": null, "OSM_TYPE": "node", "OSM_ID": 2435655995 }, "geometry": { "type": "Point", "coordinates": [ 39.0645303, 45.0235717 ] } },
{ "type": "Feature", "properties": { "NAME": "Чёрно-белое кафе", "NAME_EN": null, "NAME_RU": null, "MAN_MADE": null, "LEISURE": null, "AMENITY": "cafe", "OFFICE": null, "SHOP": null, "TOURISM": null, "SPORT": null, "OSM_TYPE": "node", "OSM_ID": 2438945398 }, "geometry": { "type": "Point", "coordinates": [ 38.9786326, 45.0458824 ] } },
{ "type": "Feature", "properties": { "NAME": null, "NAME_EN": null, "NAME_RU": null, "MAN_MADE": null, "LEISURE": null, "AMENITY": "bank", "OFFICE": null, "SHOP": null, "TOURISM": null, "SPORT": null, "OSM_TYPE": "node", "OSM_ID": 2438946844 }, "geometry": { "type": "Point", "coordinates": [ 38.979132, 45.0463846 ] } },
{ "type": "Feature", "properties": { "NAME": "Русский Стандарт", "NAME_EN": "Russian Standard Bank", "NAME_RU": "Русский Стандарт", "MAN_MADE": null, "LEISURE": null, "AMENITY": "bank", "OFFICE": null, "SHOP": null, "TOURISM": null, "SPORT": null, "OSM_TYPE": "node", "OSM_ID": 2448068316 }, "geometry": { "type": "Point", "coordinates": [ 38.9624275, 45.0580986 ] } },
{ "type": "Feature", "properties": { "NAME": null, "NAME_EN": null, "NAME_RU": null, "MAN_MADE": null, "LEISURE": null, "AMENITY": "pharmacy", "OFFICE": null, "SHOP": null, "TOURISM": null, "SPORT": null, "OSM_TYPE": "node", "OSM_ID": 2448442757 }, "geometry": { "type": "Point", "coordinates": [ 39.0227851, 45.0389319 ] } },
{ "type": "Feature", "properties": { "NAME": "Имплозия", "NAME_EN": null, "NAME_RU": null, "MAN_MADE": null, "LEISURE": null, "AMENITY": "pharmacy", "OFFICE": null, "SHOP": null, "TOURISM": null, "SPORT": null, "OSM_TYPE": "node", "OSM_ID": 2448447240 }, "geometry": { "type": "Point", "coordinates": [ 39.0221628, 45.0395062 ] } },
{ "type": "Feature", "properties": { "NAME": "Царское село", "NAME_EN": null, "NAME_RU": null, "MAN_MADE": null, "LEISURE": null, "AMENITY": "restaurant", "OFFICE": null, "SHOP": null, "TOURISM": null, "SPORT": null, "OSM_TYPE": "node", "OSM_ID": 2448449393 }, "geometry": { "type": "Point", "coordinates": [ 39.0215968, 45.0396199 ] } },
{ "type": "Feature", "properties": { "NAME": null, "NAME_EN": null, "NAME_RU": null, "MAN_MADE": null, "LEISURE": null, "AMENITY": "restaurant", "OFFICE": null, "SHOP": null, "TOURISM": null, "SPORT": null, "OSM_TYPE": "node", "OSM_ID": 2448503840 }, "geometry": { "type": "Point", "coordinates": [ 39.0244354, 45.0413072 ] } },
{ "type": "Feature", "properties": { "NAME": "Кубаньфармснаб", "NAME_EN": null, "NAME_RU": null, "MAN_MADE": null, "LEISURE": null, "AMENITY": "pharmacy", "OFFICE": null, "SHOP": null, "TOURISM": null, "SPORT": null, "OSM_TYPE": "node", "OSM_ID": 2449647339 }, "geometry": { "type": "Point", "coordinates": [ 39.0217914, 45.0555087 ] } },
{ "type": "Feature", "properties": { "NAME": null, "NAME_EN": null, "NAME_RU": null, "MAN_MADE": null, "LEISURE": null, "AMENITY": "pharmacy", "OFFICE": null, "SHOP": null, "TOURISM": null, "SPORT": null, "OSM_TYPE": "node", "OSM_ID": 2452123238 }, "geometry": { "type": "Point", "coordinates": [ 39.026961, 45.0385153 ] } },
{ "type": "Feature", "properties": { "NAME": null, "NAME_EN": null, "NAME_RU": null, "MAN_MADE": null, "LEISURE": null, "AMENITY": "pharmacy", "OFFICE": null, "SHOP": null, "TOURISM": null, "SPORT": null, "OSM_TYPE": "node", "OSM_ID": 2452123241 }, "geometry": { "type": "Point", "coordinates": [ 39.023045, 45.0367289 ] } },
{ "type": "Feature", "properties": { "NAME": "Хоум", "NAME_EN": "Home", "NAME_RU": "Хоум", "MAN_MADE": null, "LEISURE": null, "AMENITY": "bank", "OFFICE": null, "SHOP": null, "TOURISM": null, "SPORT": null, "OSM_TYPE": "node", "OSM_ID": 2466492356 }, "geometry": { "type": "Point", "coordinates": [ 38.9464889, 45.0597081 ] } },
{ "type": "Feature", "properties": { "NAME": "Сбербанк", "NAME_EN": "Sberbank", "NAME_RU": "Сбербанк", "MAN_MADE": null, "LEISURE": null, "AMENITY": "bank", "OFFICE": null, "SHOP": null, "TOURISM": null, "SPORT": null, "OSM_TYPE": "node", "OSM_ID": 2466617324 }, "geometry": { "type": "Point", "coordinates": [ 38.9528399, 45.0595555 ] } },
{ "type": "Feature", "properties": { "NAME": "Апрель", "NAME_EN": null, "NAME_RU": null, "MAN_MADE": null, "LEISURE": null, "AMENITY": "pharmacy", "OFFICE": null, "SHOP": null, "TOURISM": null, "SPORT": null, "OSM_TYPE": "node", "OSM_ID": 2470324630 }, "geometry": { "type": "Point", "coordinates": [ 38.9525458, 45.0595223 ] } },
{ "type": "Feature", "properties": { "NAME": "Home Pizza", "NAME_EN": null, "NAME_RU": null, "MAN_MADE": null, "LEISURE": null, "AMENITY": "cafe", "OFFICE": null, "SHOP": null, "TOURISM": null, "SPORT": null, "OSM_TYPE": "node", "OSM_ID": 2473200195 }, "geometry": { "type": "Point", "coordinates": [ 38.959349, 45.0595003 ] } },
{ "type": "Feature", "properties": { "NAME": "Ригла", "NAME_EN": null, "NAME_RU": "Ригла", "MAN_MADE": null, "LEISURE": null, "AMENITY": "pharmacy", "OFFICE": null, "SHOP": null, "TOURISM": null, "SPORT": null, "OSM_TYPE": "node", "OSM_ID": 2473200198 }, "geometry": { "type": "Point", "coordinates": [ 38.9588598, 45.0594298 ] } },
{ "type": "Feature", "properties": { "NAME": "Триумф", "NAME_EN": null, "NAME_RU": null, "MAN_MADE": null, "LEISURE": null, "AMENITY": "restaurant", "OFFICE": null, "SHOP": null, "TOURISM": null, "SPORT": null, "OSM_TYPE": "node", "OSM_ID": 2473200200 }, "geometry": { "type": "Point", "coordinates": [ 38.9584259, 45.0593511 ] } },
{ "type": "Feature", "properties": { "NAME": null, "NAME_EN": null, "NAME_RU": null, "MAN_MADE": null, "LEISURE": null, "AMENITY": "pharmacy", "OFFICE": null, "SHOP": null, "TOURISM": null, "SPORT": null, "OSM_TYPE": "node", "OSM_ID": 2476814627 }, "geometry": { "type": "Point", "coordinates": [ 39.0229696, 45.0517877 ] } },
{ "type": "Feature", "properties": { "NAME": "Банк \"Народный Кредит\"", "NAME_EN": null, "NAME_RU": null, "MAN_MADE": null, "LEISURE": null, "AMENITY": "bank", "OFFICE": null, "SHOP": null, "TOURISM": null, "SPORT": null, "OSM_TYPE": "node", "OSM_ID": 2497798128 }, "geometry": { "type": "Point", "coordinates": [ 38.960645, 45.0619533 ] } },
{ "type": "Feature", "properties": { "NAME": "Пиццерия \"Пицциздат\"", "NAME_EN": null, "NAME_RU": null, "MAN_MADE": null, "LEISURE": null, "AMENITY": "restaurant", "OFFICE": null, "SHOP": null, "TOURISM": null, "SPORT": null, "OSM_TYPE": "node", "OSM_ID": 2498115877 }, "geometry": { "type": "Point", "coordinates": [ 38.9957711, 45.1384935 ] } },
{ "type": "Feature", "properties": { "NAME": "Дешевая аптека", "NAME_EN": null, "NAME_RU": null, "MAN_MADE": null, "LEISURE": null, "AMENITY": "pharmacy", "OFFICE": null, "SHOP": null, "TOURISM": null, "SPORT": null, "OSM_TYPE": "node", "OSM_ID": 2499499564 }, "geometry": { "type": "Point", "coordinates": [ 38.9501887, 45.0595622 ] } },
{ "type": "Feature", "properties": { "NAME": null, "NAME_EN": null, "NAME_RU": null, "MAN_MADE": null, "LEISURE": null, "AMENITY": "pharmacy", "OFFICE": null, "SHOP": null, "TOURISM": null, "SPORT": null, "OSM_TYPE": "node", "OSM_ID": 2499504861 }, "geometry": { "type": "Point", "coordinates": [ 38.9511502, 45.0590715 ] } },
{ "type": "Feature", "properties": { "NAME": "Кубанский универсальный банк", "NAME_EN": null, "NAME_RU": null, "MAN_MADE": null, "LEISURE": null, "AMENITY": "bank", "OFFICE": null, "SHOP": null, "TOURISM": null, "SPORT": null, "OSM_TYPE": "node", "OSM_ID": 2499512608 }, "geometry": { "type": "Point", "coordinates": [ 38.9485873, 45.0591359 ] } },
{ "type": "Feature", "properties": { "NAME": "Фестивальная", "NAME_EN": null, "NAME_RU": null, "MAN_MADE": null, "LEISURE": null, "AMENITY": "pharmacy", "OFFICE": null, "SHOP": null, "TOURISM": null, "SPORT": null, "OSM_TYPE": "node", "OSM_ID": 2499512612 }, "geometry": { "type": "Point", "coordinates": [ 38.9476232, 45.0597129 ] } },
{ "type": "Feature", "properties": { "NAME": null, "NAME_EN": null, "NAME_RU": null, "MAN_MADE": null, "LEISURE": null, "AMENITY": "pharmacy", "OFFICE": null, "SHOP": null, "TOURISM": null, "SPORT": null, "OSM_TYPE": "node", "OSM_ID": 2499512615 }, "geometry": { "type": "Point", "coordinates": [ 38.9486799, 45.0597935 ] } },
{ "type": "Feature", "properties": { "NAME": "Хлебница", "NAME_EN": null, "NAME_RU": null, "MAN_MADE": null, "LEISURE": null, "AMENITY": "cafe", "OFFICE": null, "SHOP": null, "TOURISM": null, "SPORT": null, "OSM_TYPE": "node", "OSM_ID": 2499522581 }, "geometry": { "type": "Point", "coordinates": [ 38.9547009, 45.0589947 ] } },
{ "type": "Feature", "properties": { "NAME": null, "NAME_EN": null, "NAME_RU": null, "MAN_MADE": null, "LEISURE": null, "AMENITY": "pharmacy", "OFFICE": null, "SHOP": null, "TOURISM": null, "SPORT": null, "OSM_TYPE": "node", "OSM_ID": 2499522588 }, "geometry": { "type": "Point", "coordinates": [ 38.9544901, 45.0590023 ] } },
{ "type": "Feature", "properties": { "NAME": "Аптека №17", "NAME_EN": null, "NAME_RU": null, "MAN_MADE": null, "LEISURE": null, "AMENITY": "pharmacy", "OFFICE": null, "SHOP": null, "TOURISM": null, "SPORT": null, "OSM_TYPE": "node", "OSM_ID": 2499522591 }, "geometry": { "type": "Point", "coordinates": [ 38.9549163, 45.0589941 ] } },
{ "type": "Feature", "properties": { "NAME": null, "NAME_EN": null, "NAME_RU": null, "MAN_MADE": null, "LEISURE": null, "AMENITY": "cafe", "OFFICE": null, "SHOP": null, "TOURISM": null, "SPORT": null, "OSM_TYPE": "node", "OSM_ID": 2499522643 }, "geometry": { "type": "Point", "coordinates": [ 38.9538448, 45.0590713 ] } },
{ "type": "Feature", "properties": { "NAME": "Время Есть", "NAME_EN": null, "NAME_RU": null, "MAN_MADE": null, "LEISURE": null, "AMENITY": "cafe", "OFFICE": null, "SHOP": null, "TOURISM": null, "SPORT": null, "OSM_TYPE": "node", "OSM_ID": 2499524642 }, "geometry": { "type": "Point", "coordinates": [ 38.956809, 45.058976 ] } },
{ "type": "Feature", "properties": { "NAME": "Первомайский", "NAME_EN": "Pervomayskiy", "NAME_RU": "Первомайский", "MAN_MADE": null, "LEISURE": null, "AMENITY": "bank", "OFFICE": null, "SHOP": null, "TOURISM": null, "SPORT": null, "OSM_TYPE": "node", "OSM_ID": 2499524644 }, "geometry": { "type": "Point", "coordinates": [ 38.9567111, 45.0589738 ] } },
{ "type": "Feature", "properties": { "NAME": "Сельпо", "NAME_EN": null, "NAME_RU": null, "MAN_MADE": null, "LEISURE": null, "AMENITY": "restaurant", "OFFICE": null, "SHOP": null, "TOURISM": null, "SPORT": null, "OSM_TYPE": "node", "OSM_ID": 2499531430 }, "geometry": { "type": "Point", "coordinates": [ 38.9607007, 45.0616381 ] } },
{ "type": "Feature", "properties": { "NAME": null, "NAME_EN": null, "NAME_RU": null, "MAN_MADE": null, "LEISURE": null, "AMENITY": "pharmacy", "OFFICE": null, "SHOP": null, "TOURISM": null, "SPORT": null, "OSM_TYPE": "node", "OSM_ID": 2499549575 }, "geometry": { "type": "Point", "coordinates": [ 38.9574566, 45.0640938 ] } },
{ "type": "Feature", "properties": { "NAME": "Социальная аптека", "NAME_EN": null, "NAME_RU": null, "MAN_MADE": null, "LEISURE": null, "AMENITY": "pharmacy", "OFFICE": null, "SHOP": null, "TOURISM": null, "SPORT": null, "OSM_TYPE": "node", "OSM_ID": 2499549585 }, "geometry": { "type": "Point", "coordinates": [ 38.95288, 45.0642356 ] } },
{ "type": "Feature", "properties": { "NAME": "Теремок", "NAME_EN": null, "NAME_RU": null, "MAN_MADE": null, "LEISURE": null, "AMENITY": "cafe", "OFFICE": null, "SHOP": null, "TOURISM": null, "SPORT": null, "OSM_TYPE": "node", "OSM_ID": 2499658929 }, "geometry": { "type": "Point", "coordinates": [ 38.9723509, 45.0294415 ] } },
{ "type": "Feature", "properties": { "NAME": "BQ 125°", "NAME_EN": null, "NAME_RU": null, "MAN_MADE": null, "LEISURE": null, "AMENITY": "restaurant", "OFFICE": null, "SHOP": null, "TOURISM": null, "SPORT": null, "OSM_TYPE": "node", "OSM_ID": 2499658932 }, "geometry": { "type": "Point", "coordinates": [ 38.9718784, 45.0291842 ] } },
{ "type": "Feature", "properties": { "NAME": null, "NAME_EN": null, "NAME_RU": null, "MAN_MADE": null, "LEISURE": null, "AMENITY": "pharmacy", "OFFICE": null, "SHOP": null, "TOURISM": null, "SPORT": null, "OSM_TYPE": "node", "OSM_ID": 2499658939 }, "geometry": { "type": "Point", "coordinates": [ 38.9728011, 45.0308706 ] } },
{ "type": "Feature", "properties": { "NAME": "Питница", "NAME_EN": null, "NAME_RU": null, "MAN_MADE": null, "LEISURE": null, "AMENITY": "restaurant", "OFFICE": null, "SHOP": null, "TOURISM": null, "SPORT": null, "OSM_TYPE": "node", "OSM_ID": 2499658940 }, "geometry": { "type": "Point", "coordinates": [ 38.9720164, 45.0286406 ] } },
{ "type": "Feature", "properties": { "NAME": "Корчма", "NAME_EN": null, "NAME_RU": null, "MAN_MADE": null, "LEISURE": null, "AMENITY": "restaurant", "OFFICE": null, "SHOP": null, "TOURISM": null, "SPORT": null, "OSM_TYPE": "node", "OSM_ID": 2499658944 }, "geometry": { "type": "Point", "coordinates": [ 38.9717105, 45.0287281 ] } },
{ "type": "Feature", "properties": { "NAME": "Кружка-подружка", "NAME_EN": null, "NAME_RU": null, "MAN_MADE": null, "LEISURE": null, "AMENITY": "cafe", "OFFICE": null, "SHOP": null, "TOURISM": null, "SPORT": null, "OSM_TYPE": "node", "OSM_ID": 2499658946 }, "geometry": { "type": "Point", "coordinates": [ 38.9732682, 45.0316882 ] } },
{ "type": "Feature", "properties": { "NAME": "Локо Банк", "NAME_EN": null, "NAME_RU": null, "MAN_MADE": null, "LEISURE": null, "AMENITY": "bank", "OFFICE": null, "SHOP": null, "TOURISM": null, "SPORT": null, "OSM_TYPE": "node", "OSM_ID": 2499658947 }, "geometry": { "type": "Point", "coordinates": [ 38.9731235, 45.0319274 ] } },
{ "type": "Feature", "properties": { "NAME": "Вкусно и точка", "NAME_EN": null, "NAME_RU": null, "MAN_MADE": null, "LEISURE": null, "AMENITY": "restaurant", "OFFICE": null, "SHOP": null, "TOURISM": null, "SPORT": null, "OSM_TYPE": "node", "OSM_ID": 2499658958 }, "geometry": { "type": "Point", "coordinates": [ 38.971939, 45.0284137 ] } },
{ "type": "Feature", "properties": { "NAME": null, "NAME_EN": null, "NAME_RU": null, "MAN_MADE": null, "LEISURE": null, "AMENITY": "pharmacy", "OFFICE": null, "SHOP": null, "TOURISM": null, "SPORT": null, "OSM_TYPE": "node", "OSM_ID": 2499679614 }, "geometry": { "type": "Point", "coordinates": [ 38.9716288, 45.027531 ] } },
{ "type": "Feature", "properties": { "NAME": "Лора Плюс", "NAME_EN": null, "NAME_RU": null, "MAN_MADE": null, "LEISURE": null, "AMENITY": "pharmacy", "OFFICE": null, "SHOP": null, "TOURISM": null, "SPORT": null, "OSM_TYPE": "node", "OSM_ID": 2499745706 }, "geometry": { "type": "Point", "coordinates": [ 38.9615146, 45.0575827 ] } },
{ "type": "Feature", "properties": { "NAME": "Сбербанк", "NAME_EN": "Sberbank", "NAME_RU": "Сбербанк", "MAN_MADE": null, "LEISURE": null, "AMENITY": "bank", "OFFICE": null, "SHOP": null, "TOURISM": null, "SPORT": null, "OSM_TYPE": "node", "OSM_ID": 2499745718 }, "geometry": { "type": "Point", "coordinates": [ 38.9617651, 45.0582592 ] } },
{ "type": "Feature", "properties": { "NAME": "Хлебные Истории", "NAME_EN": null, "NAME_RU": null, "MAN_MADE": null, "LEISURE": null, "AMENITY": "cafe", "OFFICE": null, "SHOP": null, "TOURISM": null, "SPORT": null, "OSM_TYPE": "node", "OSM_ID": 2499745725 }, "geometry": { "type": "Point", "coordinates": [ 38.9617652, 45.0584747 ] } },
{ "type": "Feature", "properties": { "NAME": "GE Банк", "NAME_EN": null, "NAME_RU": null, "MAN_MADE": null, "LEISURE": null, "AMENITY": "bank", "OFFICE": null, "SHOP": null, "TOURISM": null, "SPORT": null, "OSM_TYPE": "node", "OSM_ID": 2499752250 }, "geometry": { "type": "Point", "coordinates": [ 38.9603722, 45.0568326 ] } },
{ "type": "Feature", "properties": { "NAME": "Аптека 24ч", "NAME_EN": null, "NAME_RU": null, "MAN_MADE": null, "LEISURE": null, "AMENITY": "pharmacy", "OFFICE": null, "SHOP": null, "TOURISM": null, "SPORT": null, "OSM_TYPE": "node", "OSM_ID": 2499752252 }, "geometry": { "type": "Point", "coordinates": [ 38.9605179, 45.0575475 ] } },
{ "type": "Feature", "properties": { "NAME": "Радуга", "NAME_EN": null, "NAME_RU": null, "MAN_MADE": null, "LEISURE": null, "AMENITY": "pharmacy", "OFFICE": null, "SHOP": null, "TOURISM": null, "SPORT": null, "OSM_TYPE": "node", "OSM_ID": 2500306187 }, "geometry": { "type": "Point", "coordinates": [ 38.959389, 45.063545 ] } },
{ "type": "Feature", "properties": { "NAME": null, "NAME_EN": null, "NAME_RU": null, "MAN_MADE": null, "LEISURE": null, "AMENITY": "pharmacy", "OFFICE": null, "SHOP": null, "TOURISM": null, "SPORT": null, "OSM_TYPE": "node", "OSM_ID": 2500347026 }, "geometry": { "type": "Point", "coordinates": [ 38.9544718, 45.0636103 ] } },
{ "type": "Feature", "properties": { "NAME": "Сбербанк", "NAME_EN": "Sberbank", "NAME_RU": "Сбербанк", "MAN_MADE": null, "LEISURE": null, "AMENITY": "bank", "OFFICE": null, "SHOP": null, "TOURISM": null, "SPORT": null, "OSM_TYPE": "node", "OSM_ID": 2500673918 }, "geometry": { "type": "Point", "coordinates": [ 39.0229649, 45.0555849 ] } },
{ "type": "Feature", "properties": { "NAME": "MATRёSHKA", "NAME_EN": null, "NAME_RU": null, "MAN_MADE": null, "LEISURE": null, "AMENITY": "restaurant", "OFFICE": null, "SHOP": null, "TOURISM": null, "SPORT": null, "OSM_TYPE": "node", "OSM_ID": 2501072614 }, "geometry": { "type": "Point", "coordinates": [ 38.9564321, 45.0640686 ] } },
{ "type": "Feature", "properties": { "NAME": "Хинкали-House", "NAME_EN": null, "NAME_RU": null, "MAN_MADE": null, "LEISURE": null, "AMENITY": "restaurant", "OFFICE": null, "SHOP": null, "TOURISM": null, "SPORT": null, "OSM_TYPE": "node", "OSM_ID": 2501079061 }, "geometry": { "type": "Point", "coordinates": [ 38.9607433, 45.0551237 ] } },
{ "type": "Feature", "properties": { "NAME": "Ностальжи", "NAME_EN": null, "NAME_RU": null, "MAN_MADE": null, "LEISURE": null, "AMENITY": "restaurant", "OFFICE": null, "SHOP": null, "TOURISM": null, "SPORT": null, "OSM_TYPE": "node", "OSM_ID": 2501083381 }, "geometry": { "type": "Point", "coordinates": [ 38.9603579, 45.0562333 ] } },
{ "type": "Feature", "properties": { "NAME": "Росбанк", "NAME_EN": "Rosbank", "NAME_RU": "Росбанк", "MAN_MADE": null, "LEISURE": null, "AMENITY": "bank", "OFFICE": null, "SHOP": null, "TOURISM": null, "SPORT": null, "OSM_TYPE": "node", "OSM_ID": 2501083386 }, "geometry": { "type": "Point", "coordinates": [ 38.9604425, 45.0562215 ] } },
{ "type": "Feature", "properties": { "NAME": "Промсвязьбанк", "NAME_EN": "Promsvyazbank", "NAME_RU": null, "MAN_MADE": null, "LEISURE": null, "AMENITY": "bank", "OFFICE": null, "SHOP": null, "TOURISM": null, "SPORT": null, "OSM_TYPE": "node", "OSM_ID": 2501085794 }, "geometry": { "type": "Point", "coordinates": [ 38.9588289, 45.0518405 ] } },
{ "type": "Feature", "properties": { "NAME": "Санфарма", "NAME_EN": null, "NAME_RU": null, "MAN_MADE": null, "LEISURE": null, "AMENITY": "pharmacy", "OFFICE": null, "SHOP": null, "TOURISM": null, "SPORT": null, "OSM_TYPE": "node", "OSM_ID": 2501085795 }, "geometry": { "type": "Point", "coordinates": [ 38.9589211, 45.0521419 ] } },
{ "type": "Feature", "properties": { "NAME": "Альфа-Банк", "NAME_EN": "Alfa-Bank", "NAME_RU": "Альфа-Банк", "MAN_MADE": null, "LEISURE": null, "AMENITY": "bank", "OFFICE": null, "SHOP": null, "TOURISM": null, "SPORT": null, "OSM_TYPE": "node", "OSM_ID": 2501085798 }, "geometry": { "type": "Point", "coordinates": [ 38.9588328, 45.0518776 ] } },
{ "type": "Feature", "properties": { "NAME": "Цезарь", "NAME_EN": null, "NAME_RU": null, "MAN_MADE": null, "LEISURE": null, "AMENITY": "cafe", "OFFICE": null, "SHOP": null, "TOURISM": null, "SPORT": null, "OSM_TYPE": "node", "OSM_ID": 2501096819 }, "geometry": { "type": "Point", "coordinates": [ 38.9661105, 45.0621541 ] } },
{ "type": "Feature", "properties": { "NAME": "Мадам Грицацуева", "NAME_EN": null, "NAME_RU": null, "MAN_MADE": null, "LEISURE": null, "AMENITY": "cafe", "OFFICE": null, "SHOP": null, "TOURISM": null, "SPORT": null, "OSM_TYPE": "node", "OSM_ID": 2501106306 }, "geometry": { "type": "Point", "coordinates": [ 38.9715404, 45.0637121 ] } },
{ "type": "Feature", "properties": { "NAME": "Здоровье", "NAME_EN": null, "NAME_RU": "Здоровье", "MAN_MADE": null, "LEISURE": null, "AMENITY": "pharmacy", "OFFICE": null, "SHOP": null, "TOURISM": null, "SPORT": null, "OSM_TYPE": "node", "OSM_ID": 2501107390 }, "geometry": { "type": "Point", "coordinates": [ 38.9600195, 45.0528847 ] } },
{ "type": "Feature", "properties": { "NAME": null, "NAME_EN": null, "NAME_RU": null, "MAN_MADE": null, "LEISURE": null, "AMENITY": "cafe", "OFFICE": null, "SHOP": null, "TOURISM": null, "SPORT": null, "OSM_TYPE": "node", "OSM_ID": 2504309052 }, "geometry": { "type": "Point", "coordinates": [ 38.9581826, 45.0593957 ] } },
{ "type": "Feature", "properties": { "NAME": "Шоколадница", "NAME_EN": "Shokoladnitsa", "NAME_RU": "Шоколадница", "MAN_MADE": null, "LEISURE": null, "AMENITY": "cafe", "OFFICE": null, "SHOP": null, "TOURISM": null, "SPORT": null, "OSM_TYPE": "node", "OSM_ID": 2519530702 }, "geometry": { "type": "Point", "coordinates": [ 39.1391102, 45.0339699 ] } },
{ "type": "Feature", "properties": { "NAME": null, "NAME_EN": null, "NAME_RU": null, "MAN_MADE": null, "LEISURE": null, "AMENITY": "pharmacy", "OFFICE": null, "SHOP": null, "TOURISM": null, "SPORT": null, "OSM_TYPE": "node", "OSM_ID": 2591109268 }, "geometry": { "type": "Point", "coordinates": [ 39.0270178, 45.0201051 ] } },
{ "type": "Feature", "properties": { "NAME": "Уни Пицца", "NAME_EN": null, "NAME_RU": null, "MAN_MADE": null, "LEISURE": null, "AMENITY": "restaurant", "OFFICE": null, "SHOP": null, "TOURISM": null, "SPORT": null, "OSM_TYPE": "node", "OSM_ID": 2591109270 }, "geometry": { "type": "Point", "coordinates": [ 39.0267489, 45.0201252 ] } },
{ "type": "Feature", "properties": { "NAME": "Кубань Кредит", "NAME_EN": null, "NAME_RU": null, "MAN_MADE": null, "LEISURE": null, "AMENITY": "bank", "OFFICE": null, "SHOP": null, "TOURISM": null, "SPORT": null, "OSM_TYPE": "node", "OSM_ID": 2591109273 }, "geometry": { "type": "Point", "coordinates": [ 39.0264799, 45.0202853 ] } },
{ "type": "Feature", "properties": { "NAME": "Луна", "NAME_EN": null, "NAME_RU": null, "MAN_MADE": null, "LEISURE": null, "AMENITY": "cafe", "OFFICE": null, "SHOP": null, "TOURISM": null, "SPORT": null, "OSM_TYPE": "node", "OSM_ID": 2591109278 }, "geometry": { "type": "Point", "coordinates": [ 39.0283062, 45.0205037 ] } },
{ "type": "Feature", "properties": { "NAME": "Новый город", "NAME_EN": null, "NAME_RU": null, "MAN_MADE": null, "LEISURE": null, "AMENITY": "cafe", "OFFICE": null, "SHOP": null, "TOURISM": null, "SPORT": null, "OSM_TYPE": "node", "OSM_ID": 2659297124 }, "geometry": { "type": "Point", "coordinates": [ 38.9092366, 45.0395118 ] } },
{ "type": "Feature", "properties": { "NAME": "Ешка", "NAME_EN": null, "NAME_RU": null, "MAN_MADE": null, "LEISURE": null, "AMENITY": "restaurant", "OFFICE": null, "SHOP": null, "TOURISM": null, "SPORT": null, "OSM_TYPE": "node", "OSM_ID": 2703169075 }, "geometry": { "type": "Point", "coordinates": [ 38.9749054, 45.0162306 ] } },
{ "type": "Feature", "properties": { "NAME": null, "NAME_EN": null, "NAME_RU": null, "MAN_MADE": null, "LEISURE": null, "AMENITY": "pharmacy", "OFFICE": null, "SHOP": null, "TOURISM": null, "SPORT": null, "OSM_TYPE": "node", "OSM_ID": 2749437062 }, "geometry": { "type": "Point", "coordinates": [ 38.996973, 45.0397647 ] } },
{ "type": "Feature", "properties": { "NAME": "Сбербанк", "NAME_EN": "Sberbank", "NAME_RU": "Сбербанк", "MAN_MADE": null, "LEISURE": null, "AMENITY": "bank", "OFFICE": null, "SHOP": null, "TOURISM": null, "SPORT": null, "OSM_TYPE": "node", "OSM_ID": 2881192389 }, "geometry": { "type": "Point", "coordinates": [ 38.9270132, 45.0589941 ] } },
{ "type": "Feature", "properties": { "NAME": null, "NAME_EN": null, "NAME_RU": null, "MAN_MADE": null, "LEISURE": null, "AMENITY": "bank", "OFFICE": null, "SHOP": null, "TOURISM": null, "SPORT": null, "OSM_TYPE": "node", "OSM_ID": 2881192391 }, "geometry": { "type": "Point", "coordinates": [ 38.9260963, 45.0593558 ] } },
{ "type": "Feature", "properties": { "NAME": "Банк Петрокомерц", "NAME_EN": null, "NAME_RU": null, "MAN_MADE": null, "LEISURE": null, "AMENITY": "bank", "OFFICE": null, "SHOP": null, "TOURISM": null, "SPORT": null, "OSM_TYPE": "node", "OSM_ID": 2883712706 }, "geometry": { "type": "Point", "coordinates": [ 38.965034, 45.003606 ] } },
{ "type": "Feature", "properties": { "NAME": null, "NAME_EN": null, "NAME_RU": null, "MAN_MADE": null, "LEISURE": null, "AMENITY": "pharmacy", "OFFICE": null, "SHOP": null, "TOURISM": null, "SPORT": null, "OSM_TYPE": "node", "OSM_ID": 2897019248 }, "geometry": { "type": "Point", "coordinates": [ 38.9967588, 45.1438829 ] } },
{ "type": "Feature", "properties": { "NAME": "Столовая", "NAME_EN": null, "NAME_RU": null, "MAN_MADE": null, "LEISURE": null, "AMENITY": "cafe", "OFFICE": null, "SHOP": null, "TOURISM": null, "SPORT": null, "OSM_TYPE": "node", "OSM_ID": 2898961324 }, "geometry": { "type": "Point", "coordinates": [ 39.0481997, 45.0277922 ] } },
{ "type": "Feature", "properties": { "NAME": null, "NAME_EN": null, "NAME_RU": null, "MAN_MADE": null, "LEISURE": null, "AMENITY": "cafe", "OFFICE": null, "SHOP": null, "TOURISM": null, "SPORT": null, "OSM_TYPE": "node", "OSM_ID": 2903825067 }, "geometry": { "type": "Point", "coordinates": [ 39.0097973, 45.0727327 ] } },
{ "type": "Feature", "properties": { "NAME": "Синьор Помидор", "NAME_EN": null, "NAME_RU": null, "MAN_MADE": null, "LEISURE": null, "AMENITY": "restaurant", "OFFICE": null, "SHOP": null, "TOURISM": null, "SPORT": null, "OSM_TYPE": "node", "OSM_ID": 2910462791 }, "geometry": { "type": "Point", "coordinates": [ 38.9849141, 45.0399832 ] } },
{ "type": "Feature", "properties": { "NAME": "Аптека 24ч", "NAME_EN": null, "NAME_RU": null, "MAN_MADE": null, "LEISURE": null, "AMENITY": "pharmacy", "OFFICE": null, "SHOP": null, "TOURISM": null, "SPORT": null, "OSM_TYPE": "node", "OSM_ID": 2913236575 }, "geometry": { "type": "Point", "coordinates": [ 39.0041222, 45.0868266 ] } },
{ "type": "Feature", "properties": { "NAME": "Апрель", "NAME_EN": null, "NAME_RU": null, "MAN_MADE": null, "LEISURE": null, "AMENITY": "pharmacy", "OFFICE": null, "SHOP": null, "TOURISM": null, "SPORT": null, "OSM_TYPE": "node", "OSM_ID": 2923244405 }, "geometry": { "type": "Point", "coordinates": [ 39.012133, 45.0679232 ] } },
{ "type": "Feature", "properties": { "NAME": "Шашлычная", "NAME_EN": null, "NAME_RU": null, "MAN_MADE": null, "LEISURE": null, "AMENITY": "cafe", "OFFICE": null, "SHOP": null, "TOURISM": null, "SPORT": null, "OSM_TYPE": "node", "OSM_ID": 2927241246 }, "geometry": { "type": "Point", "coordinates": [ 39.0174484, 45.0946588 ] } },
{ "type": "Feature", "properties": { "NAME": "Подсолнух", "NAME_EN": null, "NAME_RU": null, "MAN_MADE": null, "LEISURE": null, "AMENITY": "cafe", "OFFICE": null, "SHOP": null, "TOURISM": null, "SPORT": null, "OSM_TYPE": "node", "OSM_ID": 2941605239 }, "geometry": { "type": "Point", "coordinates": [ 38.9923828, 45.0917067 ] } },
{ "type": "Feature", "properties": { "NAME": null, "NAME_EN": null, "NAME_RU": null, "MAN_MADE": null, "LEISURE": null, "AMENITY": "bank", "OFFICE": null, "SHOP": null, "TOURISM": null, "SPORT": null, "OSM_TYPE": "node", "OSM_ID": 2946085972 }, "geometry": { "type": "Point", "coordinates": [ 39.0497279, 45.0199602 ] } },
{ "type": "Feature", "properties": { "NAME": "Золотой павлин", "NAME_EN": null, "NAME_RU": null, "MAN_MADE": null, "LEISURE": null, "AMENITY": "cafe", "OFFICE": null, "SHOP": null, "TOURISM": null, "SPORT": null, "OSM_TYPE": "node", "OSM_ID": 2950825747 }, "geometry": { "type": "Point", "coordinates": [ 39.0123743, 45.076728 ] } },
{ "type": "Feature", "properties": { "NAME": "Апрель", "NAME_EN": null, "NAME_RU": null, "MAN_MADE": null, "LEISURE": null, "AMENITY": "pharmacy", "OFFICE": null, "SHOP": null, "TOURISM": null, "SPORT": null, "OSM_TYPE": "node", "OSM_ID": 2961108524 }, "geometry": { "type": "Point", "coordinates": [ 39.0042912, 45.0859784 ] } },
{ "type": "Feature", "properties": { "NAME": null, "NAME_EN": null, "NAME_RU": null, "MAN_MADE": null, "LEISURE": null, "AMENITY": "cafe", "OFFICE": null, "SHOP": null, "TOURISM": null, "SPORT": null, "OSM_TYPE": "node", "OSM_ID": 2961148898 }, "geometry": { "type": "Point", "coordinates": [ 39.1356158, 45.0842124 ] } },
{ "type": "Feature", "properties": { "NAME": "ЮниКредит", "NAME_EN": "Unicredit", "NAME_RU": null, "MAN_MADE": null, "LEISURE": null, "AMENITY": "bank", "OFFICE": null, "SHOP": null, "TOURISM": null, "SPORT": null, "OSM_TYPE": "node", "OSM_ID": 2962156742 }, "geometry": { "type": "Point", "coordinates": [ 38.974075, 45.0283957 ] } },
{ "type": "Feature", "properties": { "NAME": "Столовая", "NAME_EN": null, "NAME_RU": null, "MAN_MADE": null, "LEISURE": null, "AMENITY": "cafe", "OFFICE": null, "SHOP": null, "TOURISM": null, "SPORT": null, "OSM_TYPE": "node", "OSM_ID": 2962387029 }, "geometry": { "type": "Point", "coordinates": [ 39.0017757, 45.0787413 ] } },
{ "type": "Feature", "properties": { "NAME": "Образование", "NAME_EN": null, "NAME_RU": null, "MAN_MADE": null, "LEISURE": null, "AMENITY": "bank", "OFFICE": null, "SHOP": null, "TOURISM": null, "SPORT": null, "OSM_TYPE": "node", "OSM_ID": 3032172860 }, "geometry": { "type": "Point", "coordinates": [ 38.9670634, 45.0179214 ] } },
{ "type": "Feature", "properties": { "NAME": "Сбербанк", "NAME_EN": "Sberbank", "NAME_RU": "Сбербанк", "MAN_MADE": null, "LEISURE": null, "AMENITY": "bank", "OFFICE": null, "SHOP": null, "TOURISM": null, "SPORT": null, "OSM_TYPE": "node", "OSM_ID": 3067866670 }, "geometry": { "type": "Point", "coordinates": [ 39.000931, 45.061898 ] } },
{ "type": "Feature", "properties": { "NAME": "Санфарма", "NAME_EN": null, "NAME_RU": null, "MAN_MADE": null, "LEISURE": null, "AMENITY": "pharmacy", "OFFICE": null, "SHOP": null, "TOURISM": null, "SPORT": null, "OSM_TYPE": "node", "OSM_ID": 3067866672 }, "geometry": { "type": "Point", "coordinates": [ 39.0011929, 45.0624858 ] } },
{ "type": "Feature", "properties": { "NAME": "Хоум", "NAME_EN": "Home", "NAME_RU": "Хоум", "MAN_MADE": null, "LEISURE": null, "AMENITY": "bank", "OFFICE": null, "SHOP": null, "TOURISM": null, "SPORT": null, "OSM_TYPE": "node", "OSM_ID": 3067866673 }, "geometry": { "type": "Point", "coordinates": [ 39.0007644, 45.0624678 ] } },
{ "type": "Feature", "properties": { "NAME": "Вита-фарм", "NAME_EN": null, "NAME_RU": null, "MAN_MADE": null, "LEISURE": null, "AMENITY": "pharmacy", "OFFICE": null, "SHOP": null, "TOURISM": null, "SPORT": null, "OSM_TYPE": "node", "OSM_ID": 3071895936 }, "geometry": { "type": "Point", "coordinates": [ 39.0181325, 45.0527993 ] } },
{ "type": "Feature", "properties": { "NAME": "Чайка ливингстон", "NAME_EN": null, "NAME_RU": null, "MAN_MADE": null, "LEISURE": null, "AMENITY": "restaurant", "OFFICE": null, "SHOP": null, "TOURISM": null, "SPORT": null, "OSM_TYPE": "node", "OSM_ID": 3095693268 }, "geometry": { "type": "Point", "coordinates": [ 39.0275441, 45.0488669 ] } },
{ "type": "Feature", "properties": { "NAME": "Мелодия здоровья", "NAME_EN": null, "NAME_RU": null, "MAN_MADE": null, "LEISURE": null, "AMENITY": "pharmacy", "OFFICE": null, "SHOP": null, "TOURISM": null, "SPORT": null, "OSM_TYPE": "node", "OSM_ID": 3126138297 }, "geometry": { "type": "Point", "coordinates": [ 38.9538809, 45.037622 ] } },
{ "type": "Feature", "properties": { "NAME": "Санчо Панса", "NAME_EN": null, "NAME_RU": null, "MAN_MADE": null, "LEISURE": null, "AMENITY": "restaurant", "OFFICE": null, "SHOP": null, "TOURISM": null, "SPORT": null, "OSM_TYPE": "node", "OSM_ID": 3129446423 }, "geometry": { "type": "Point", "coordinates": [ 38.9075615, 45.0295579 ] } },
{ "type": "Feature", "properties": { "NAME": "Вита Центральная", "NAME_EN": null, "NAME_RU": null, "MAN_MADE": null, "LEISURE": null, "AMENITY": "pharmacy", "OFFICE": null, "SHOP": null, "TOURISM": null, "SPORT": null, "OSM_TYPE": "node", "OSM_ID": 3129461298 }, "geometry": { "type": "Point", "coordinates": [ 38.9708744, 45.0382141 ] } },
{ "type": "Feature", "properties": { "NAME": "Хоум", "NAME_EN": "Home", "NAME_RU": "Хоум", "MAN_MADE": null, "LEISURE": null, "AMENITY": "bank", "OFFICE": null, "SHOP": null, "TOURISM": null, "SPORT": null, "OSM_TYPE": "node", "OSM_ID": 3129461304 }, "geometry": { "type": "Point", "coordinates": [ 38.9702374, 45.0382191 ] } },
{ "type": "Feature", "properties": { "NAME": null, "NAME_EN": null, "NAME_RU": null, "MAN_MADE": null, "LEISURE": null, "AMENITY": "pharmacy", "OFFICE": null, "SHOP": null, "TOURISM": null, "SPORT": null, "OSM_TYPE": "node", "OSM_ID": 3129480610 }, "geometry": { "type": "Point", "coordinates": [ 38.9538791, 45.0400298 ] } },
{ "type": "Feature", "properties": { "NAME": "Чайковский караоке-клуб", "NAME_EN": null, "NAME_RU": null, "MAN_MADE": null, "LEISURE": null, "AMENITY": "cafe", "OFFICE": null, "SHOP": null, "TOURISM": null, "SPORT": null, "OSM_TYPE": "node", "OSM_ID": 3129523370 }, "geometry": { "type": "Point", "coordinates": [ 38.9529671, 45.0403183 ] } },
{ "type": "Feature", "properties": { "NAME": "Белый кролик", "NAME_EN": null, "NAME_RU": null, "MAN_MADE": null, "LEISURE": null, "AMENITY": "restaurant", "OFFICE": null, "SHOP": null, "TOURISM": null, "SPORT": null, "OSM_TYPE": "node", "OSM_ID": 3129589483 }, "geometry": { "type": "Point", "coordinates": [ 38.9539022, 45.0374477 ] } },
{ "type": "Feature", "properties": { "NAME": "Пастель", "NAME_EN": null, "NAME_RU": null, "MAN_MADE": null, "LEISURE": null, "AMENITY": "restaurant", "OFFICE": null, "SHOP": null, "TOURISM": null, "SPORT": null, "OSM_TYPE": "node", "OSM_ID": 3129589487 }, "geometry": { "type": "Point", "coordinates": [ 38.9540578, 45.0374477 ] } },
{ "type": "Feature", "properties": { "NAME": "Dimanche", "NAME_EN": null, "NAME_RU": null, "MAN_MADE": null, "LEISURE": null, "AMENITY": "cafe", "OFFICE": null, "SHOP": null, "TOURISM": null, "SPORT": null, "OSM_TYPE": "node", "OSM_ID": 3129589491 }, "geometry": { "type": "Point", "coordinates": [ 38.9540101, 45.0374085 ] } },
{ "type": "Feature", "properties": { "NAME": null, "NAME_EN": null, "NAME_RU": null, "MAN_MADE": null, "LEISURE": null, "AMENITY": "pharmacy", "OFFICE": null, "SHOP": null, "TOURISM": null, "SPORT": null, "OSM_TYPE": "node", "OSM_ID": 3206371440 }, "geometry": { "type": "Point", "coordinates": [ 38.993452, 45.0500221 ] } },
{ "type": "Feature", "properties": { "NAME": "Пицца \"Ешка\"", "NAME_EN": null, "NAME_RU": null, "MAN_MADE": null, "LEISURE": null, "AMENITY": "cafe", "OFFICE": null, "SHOP": null, "TOURISM": null, "SPORT": null, "OSM_TYPE": "node", "OSM_ID": 3237954495 }, "geometry": { "type": "Point", "coordinates": [ 38.9954868, 45.0549575 ] } },
{ "type": "Feature", "properties": { "NAME": null, "NAME_EN": null, "NAME_RU": null, "MAN_MADE": null, "LEISURE": null, "AMENITY": "cafe", "OFFICE": null, "SHOP": null, "TOURISM": null, "SPORT": null, "OSM_TYPE": "node", "OSM_ID": 3237954526 }, "geometry": { "type": "Point", "coordinates": [ 38.9964254, 45.0551469 ] } },
{ "type": "Feature", "properties": { "NAME": "Кинза", "NAME_EN": null, "NAME_RU": null, "MAN_MADE": null, "LEISURE": null, "AMENITY": "restaurant", "OFFICE": null, "SHOP": null, "TOURISM": null, "SPORT": null, "OSM_TYPE": "node", "OSM_ID": 3241073096 }, "geometry": { "type": "Point", "coordinates": [ 38.9648624, 45.0496675 ] } },
{ "type": "Feature", "properties": { "NAME": "Олива", "NAME_EN": null, "NAME_RU": null, "MAN_MADE": null, "LEISURE": null, "AMENITY": "restaurant", "OFFICE": null, "SHOP": null, "TOURISM": null, "SPORT": null, "OSM_TYPE": "node", "OSM_ID": 3260687810 }, "geometry": { "type": "Point", "coordinates": [ 39.0007874, 45.0799105 ] } },
{ "type": "Feature", "properties": { "NAME": "Мелиза", "NAME_EN": null, "NAME_RU": null, "MAN_MADE": null, "LEISURE": null, "AMENITY": "cafe", "OFFICE": null, "SHOP": null, "TOURISM": null, "SPORT": null, "OSM_TYPE": "node", "OSM_ID": 3267992486 }, "geometry": { "type": "Point", "coordinates": [ 38.9844061, 45.1091519 ] } },
{ "type": "Feature", "properties": { "NAME": "Социальная аптека", "NAME_EN": null, "NAME_RU": null, "MAN_MADE": null, "LEISURE": null, "AMENITY": "pharmacy", "OFFICE": null, "SHOP": null, "TOURISM": null, "SPORT": null, "OSM_TYPE": "node", "OSM_ID": 3277664540 }, "geometry": { "type": "Point", "coordinates": [ 38.9888513, 45.0583344 ] } },
{ "type": "Feature", "properties": { "NAME": null, "NAME_EN": null, "NAME_RU": null, "MAN_MADE": null, "LEISURE": null, "AMENITY": "pharmacy", "OFFICE": null, "SHOP": null, "TOURISM": null, "SPORT": null, "OSM_TYPE": "node", "OSM_ID": 3285430862 }, "geometry": { "type": "Point", "coordinates": [ 39.0293338, 45.0659166 ] } },
{ "type": "Feature", "properties": { "NAME": "Байкал, позная", "NAME_EN": null, "NAME_RU": null, "MAN_MADE": null, "LEISURE": null, "AMENITY": "cafe", "OFFICE": null, "SHOP": null, "TOURISM": null, "SPORT": null, "OSM_TYPE": "node", "OSM_ID": 3305898536 }, "geometry": { "type": "Point", "coordinates": [ 38.9482785, 45.0399239 ] } },
{ "type": "Feature", "properties": { "NAME": "Мелисса", "NAME_EN": null, "NAME_RU": null, "MAN_MADE": null, "LEISURE": null, "AMENITY": "pharmacy", "OFFICE": null, "SHOP": null, "TOURISM": null, "SPORT": null, "OSM_TYPE": "node", "OSM_ID": 3338411704 }, "geometry": { "type": "Point", "coordinates": [ 39.0271736, 45.046685 ] } },
{ "type": "Feature", "properties": { "NAME": null, "NAME_EN": null, "NAME_RU": null, "MAN_MADE": null, "LEISURE": null, "AMENITY": "cafe", "OFFICE": null, "SHOP": null, "TOURISM": null, "SPORT": null, "OSM_TYPE": "node", "OSM_ID": 3355778752 }, "geometry": { "type": "Point", "coordinates": [ 38.9849374, 45.0485848 ] } },
{ "type": "Feature", "properties": { "NAME": "Бастурма", "NAME_EN": null, "NAME_RU": null, "MAN_MADE": null, "LEISURE": null, "AMENITY": "restaurant", "OFFICE": null, "SHOP": null, "TOURISM": null, "SPORT": null, "OSM_TYPE": "node", "OSM_ID": 3359953295 }, "geometry": { "type": "Point", "coordinates": [ 39.0178754, 45.0523172 ] } },
{ "type": "Feature", "properties": { "NAME": null, "NAME_EN": null, "NAME_RU": null, "MAN_MADE": null, "LEISURE": null, "AMENITY": "pharmacy", "OFFICE": null, "SHOP": null, "TOURISM": null, "SPORT": null, "OSM_TYPE": "node", "OSM_ID": 3384456241 }, "geometry": { "type": "Point", "coordinates": [ 39.0147281, 45.0365199 ] } },
{ "type": "Feature", "properties": { "NAME": "Сицилия", "NAME_EN": null, "NAME_RU": null, "MAN_MADE": null, "LEISURE": null, "AMENITY": "cafe", "OFFICE": null, "SHOP": null, "TOURISM": null, "SPORT": null, "OSM_TYPE": "node", "OSM_ID": 3401469594 }, "geometry": { "type": "Point", "coordinates": [ 38.961497, 45.062703 ] } },
{ "type": "Feature", "properties": { "NAME": "Социальная", "NAME_EN": null, "NAME_RU": null, "MAN_MADE": null, "LEISURE": null, "AMENITY": "pharmacy", "OFFICE": null, "SHOP": null, "TOURISM": null, "SPORT": null, "OSM_TYPE": "node", "OSM_ID": 3422912093 }, "geometry": { "type": "Point", "coordinates": [ 39.00257, 45.0856714 ] } },
{ "type": "Feature", "properties": { "NAME": "Фанат", "NAME_EN": null, "NAME_RU": null, "MAN_MADE": null, "LEISURE": null, "AMENITY": "cafe", "OFFICE": null, "SHOP": null, "TOURISM": null, "SPORT": null, "OSM_TYPE": "node", "OSM_ID": 3431510094 }, "geometry": { "type": "Point", "coordinates": [ 38.992254, 45.023603 ] } },
{ "type": "Feature", "properties": { "NAME": "Пирожки, чай", "NAME_EN": null, "NAME_RU": null, "MAN_MADE": null, "LEISURE": null, "AMENITY": "cafe", "OFFICE": null, "SHOP": null, "TOURISM": null, "SPORT": null, "OSM_TYPE": "node", "OSM_ID": 3435975204 }, "geometry": { "type": "Point", "coordinates": [ 39.0108353, 45.036998 ] } },
{ "type": "Feature", "properties": { "NAME": null, "NAME_EN": null, "NAME_RU": null, "MAN_MADE": null, "LEISURE": null, "AMENITY": "pharmacy", "OFFICE": null, "SHOP": null, "TOURISM": null, "SPORT": null, "OSM_TYPE": "node", "OSM_ID": 3447141679 }, "geometry": { "type": "Point", "coordinates": [ 38.9591983, 45.0524455 ] } },
{ "type": "Feature", "properties": { "NAME": "Здоровье", "NAME_EN": null, "NAME_RU": null, "MAN_MADE": null, "LEISURE": null, "AMENITY": "pharmacy", "OFFICE": null, "SHOP": null, "TOURISM": null, "SPORT": null, "OSM_TYPE": "node", "OSM_ID": 3448588949 }, "geometry": { "type": "Point", "coordinates": [ 38.9123944, 45.0313491 ] } },
{ "type": "Feature", "properties": { "NAME": "Кварта", "NAME_EN": null, "NAME_RU": null, "MAN_MADE": null, "LEISURE": null, "AMENITY": "pharmacy", "OFFICE": null, "SHOP": null, "TOURISM": null, "SPORT": null, "OSM_TYPE": "node", "OSM_ID": 3448588950 }, "geometry": { "type": "Point", "coordinates": [ 38.9124574, 45.0312703 ] } },
{ "type": "Feature", "properties": { "NAME": "Апрель", "NAME_EN": null, "NAME_RU": null, "MAN_MADE": null, "LEISURE": null, "AMENITY": "pharmacy", "OFFICE": null, "SHOP": null, "TOURISM": null, "SPORT": null, "OSM_TYPE": "node", "OSM_ID": 3457267591 }, "geometry": { "type": "Point", "coordinates": [ 39.0171914, 45.0346289 ] } },
{ "type": "Feature", "properties": { "NAME": "Лекарь", "NAME_EN": null, "NAME_RU": null, "MAN_MADE": null, "LEISURE": null, "AMENITY": "pharmacy", "OFFICE": null, "SHOP": null, "TOURISM": null, "SPORT": null, "OSM_TYPE": "node", "OSM_ID": 3502971669 }, "geometry": { "type": "Point", "coordinates": [ 38.9603619, 45.0212753 ] } },
{ "type": "Feature", "properties": { "NAME": "Карамель", "NAME_EN": null, "NAME_RU": "Карамель", "MAN_MADE": null, "LEISURE": null, "AMENITY": "cafe", "OFFICE": null, "SHOP": null, "TOURISM": null, "SPORT": null, "OSM_TYPE": "node", "OSM_ID": 3512275689 }, "geometry": { "type": "Point", "coordinates": [ 39.0088308, 45.0658575 ] } },
{ "type": "Feature", "properties": { "NAME": "Lavka", "NAME_EN": null, "NAME_RU": null, "MAN_MADE": null, "LEISURE": null, "AMENITY": "cafe", "OFFICE": null, "SHOP": null, "TOURISM": null, "SPORT": null, "OSM_TYPE": "node", "OSM_ID": 3517287311 }, "geometry": { "type": "Point", "coordinates": [ 39.010986, 45.0700462 ] } },
{ "type": "Feature", "properties": { "NAME": "Хуторок", "NAME_EN": null, "NAME_RU": null, "MAN_MADE": null, "LEISURE": null, "AMENITY": "cafe", "OFFICE": null, "SHOP": null, "TOURISM": null, "SPORT": null, "OSM_TYPE": "node", "OSM_ID": 3562255681 }, "geometry": { "type": "Point", "coordinates": [ 39.0549864, 45.0102431 ] } },
{ "type": "Feature", "properties": { "NAME": "Пепечолли", "NAME_EN": null, "NAME_RU": null, "MAN_MADE": null, "LEISURE": null, "AMENITY": "cafe", "OFFICE": null, "SHOP": null, "TOURISM": null, "SPORT": null, "OSM_TYPE": "node", "OSM_ID": 3663145454 }, "geometry": { "type": "Point", "coordinates": [ 39.0002692, 45.071995 ] } },
{ "type": "Feature", "properties": { "NAME": null, "NAME_EN": null, "NAME_RU": null, "MAN_MADE": null, "LEISURE": null, "AMENITY": "pharmacy", "OFFICE": null, "SHOP": null, "TOURISM": null, "SPORT": null, "OSM_TYPE": "node", "OSM_ID": 3668490281 }, "geometry": { "type": "Point", "coordinates": [ 39.0034982, 45.1226506 ] } },
{ "type": "Feature", "properties": { "NAME": "Thai", "NAME_EN": null, "NAME_RU": null, "MAN_MADE": null, "LEISURE": null, "AMENITY": "restaurant", "OFFICE": null, "SHOP": null, "TOURISM": null, "SPORT": null, "OSM_TYPE": "node", "OSM_ID": 3682899567 }, "geometry": { "type": "Point", "coordinates": [ 38.9802499, 45.0341218 ] } },
{ "type": "Feature", "properties": { "NAME": "Аптека", "NAME_EN": null, "NAME_RU": null, "MAN_MADE": null, "LEISURE": null, "AMENITY": "pharmacy", "OFFICE": null, "SHOP": null, "TOURISM": null, "SPORT": null, "OSM_TYPE": "node", "OSM_ID": 3716827996 }, "geometry": { "type": "Point", "coordinates": [ 38.9795978, 45.0192414 ] } },
{ "type": "Feature", "properties": { "NAME": null, "NAME_EN": null, "NAME_RU": null, "MAN_MADE": null, "LEISURE": null, "AMENITY": "pharmacy", "OFFICE": null, "SHOP": null, "TOURISM": null, "SPORT": null, "OSM_TYPE": "node", "OSM_ID": 3762555118 }, "geometry": { "type": "Point", "coordinates": [ 38.9298201, 45.1011132 ] } },
{ "type": "Feature", "properties": { "NAME": "Сбербанк", "NAME_EN": "Sberbank", "NAME_RU": "Сбербанк", "MAN_MADE": null, "LEISURE": null, "AMENITY": "bank", "OFFICE": null, "SHOP": null, "TOURISM": null, "SPORT": null, "OSM_TYPE": "node", "OSM_ID": 3812990434 }, "geometry": { "type": "Point", "coordinates": [ 38.9722898, 45.0313713 ] } },
{ "type": "Feature", "properties": { "NAME": null, "NAME_EN": null, "NAME_RU": null, "MAN_MADE": null, "LEISURE": null, "AMENITY": "pharmacy", "OFFICE": null, "SHOP": null, "TOURISM": null, "SPORT": null, "OSM_TYPE": "node", "OSM_ID": 3824661251 }, "geometry": { "type": "Point", "coordinates": [ 39.0906081, 45.0396381 ] } },
{ "type": "Feature", "properties": { "NAME": "Хлебные истории", "NAME_EN": null, "NAME_RU": null, "MAN_MADE": null, "LEISURE": null, "AMENITY": "cafe", "OFFICE": null, "SHOP": null, "TOURISM": null, "SPORT": null, "OSM_TYPE": "node", "OSM_ID": 3963451020 }, "geometry": { "type": "Point", "coordinates": [ 38.9715984, 45.0274237 ] } },
{ "type": "Feature", "properties": { "NAME": "Traveler's Coffee", "NAME_EN": null, "NAME_RU": null, "MAN_MADE": null, "LEISURE": null, "AMENITY": "cafe", "OFFICE": null, "SHOP": null, "TOURISM": null, "SPORT": null, "OSM_TYPE": "node", "OSM_ID": 3964181260 }, "geometry": { "type": "Point", "coordinates": [ 38.9697245, 45.0236149 ] } },
{ "type": "Feature", "properties": { "NAME": "Bon Cappuccino", "NAME_EN": null, "NAME_RU": null, "MAN_MADE": null, "LEISURE": null, "AMENITY": "cafe", "OFFICE": null, "SHOP": null, "TOURISM": null, "SPORT": null, "OSM_TYPE": "node", "OSM_ID": 3964232463 }, "geometry": { "type": "Point", "coordinates": [ 38.9689005, 45.0207488 ] } },
{ "type": "Feature", "properties": { "NAME": "Jezve Jazz", "NAME_EN": null, "NAME_RU": null, "MAN_MADE": null, "LEISURE": null, "AMENITY": "cafe", "OFFICE": null, "SHOP": null, "TOURISM": null, "SPORT": null, "OSM_TYPE": "node", "OSM_ID": 3964232464 }, "geometry": { "type": "Point", "coordinates": [ 38.9689315, 45.0207016 ] } },
{ "type": "Feature", "properties": { "NAME": "У Максима", "NAME_EN": null, "NAME_RU": null, "MAN_MADE": null, "LEISURE": null, "AMENITY": "cafe", "OFFICE": null, "SHOP": null, "TOURISM": null, "SPORT": null, "OSM_TYPE": "node", "OSM_ID": 3964232469 }, "geometry": { "type": "Point", "coordinates": [ 38.9687321, 45.0207952 ] } },
{ "type": "Feature", "properties": { "NAME": "Сбербанк", "NAME_EN": "Sberbank", "NAME_RU": "Сбербанк", "MAN_MADE": null, "LEISURE": null, "AMENITY": "bank", "OFFICE": null, "SHOP": null, "TOURISM": null, "SPORT": null, "OSM_TYPE": "node", "OSM_ID": 3973508624 }, "geometry": { "type": "Point", "coordinates": [ 39.00064, 45.03647 ] } },
{ "type": "Feature", "properties": { "NAME": "Твой доктор", "NAME_EN": null, "NAME_RU": null, "MAN_MADE": null, "LEISURE": null, "AMENITY": "pharmacy", "OFFICE": null, "SHOP": null, "TOURISM": null, "SPORT": null, "OSM_TYPE": "node", "OSM_ID": 4049063492 }, "geometry": { "type": "Point", "coordinates": [ 39.0272152, 45.0479733 ] } },
{ "type": "Feature", "properties": { "NAME": "Екатеринодарская", "NAME_EN": null, "NAME_RU": "Екатеринодарская", "MAN_MADE": null, "LEISURE": null, "AMENITY": "pharmacy", "OFFICE": null, "SHOP": null, "TOURISM": null, "SPORT": null, "OSM_TYPE": "node", "OSM_ID": 4049063493 }, "geometry": { "type": "Point", "coordinates": [ 39.0299379, 45.048231 ] } },
{ "type": "Feature", "properties": { "NAME": "Пекарня \"Восход\"", "NAME_EN": null, "NAME_RU": null, "MAN_MADE": null, "LEISURE": null, "AMENITY": "cafe", "OFFICE": null, "SHOP": null, "TOURISM": null, "SPORT": null, "OSM_TYPE": "node", "OSM_ID": 4071839254 }, "geometry": { "type": "Point", "coordinates": [ 38.9786965, 45.0539133 ] } },
{ "type": "Feature", "properties": { "NAME": "Петрушка", "NAME_EN": null, "NAME_RU": null, "MAN_MADE": null, "LEISURE": null, "AMENITY": "restaurant", "OFFICE": null, "SHOP": null, "TOURISM": null, "SPORT": null, "OSM_TYPE": "node", "OSM_ID": 4118711890 }, "geometry": { "type": "Point", "coordinates": [ 38.9755716, 45.0371594 ] } },
{ "type": "Feature", "properties": { "NAME": "Любо", "NAME_EN": null, "NAME_RU": null, "MAN_MADE": null, "LEISURE": null, "AMENITY": "cafe", "OFFICE": null, "SHOP": null, "TOURISM": null, "SPORT": null, "OSM_TYPE": "node", "OSM_ID": 4128414024 }, "geometry": { "type": "Point", "coordinates": [ 38.9686879, 45.0199138 ] } },
{ "type": "Feature", "properties": { "NAME": "Дэда", "NAME_EN": null, "NAME_RU": null, "MAN_MADE": null, "LEISURE": null, "AMENITY": "restaurant", "OFFICE": null, "SHOP": null, "TOURISM": null, "SPORT": null, "OSM_TYPE": "node", "OSM_ID": 4128431144 }, "geometry": { "type": "Point", "coordinates": [ 38.9547914, 45.064098 ] } },
{ "type": "Feature", "properties": { "NAME": null, "NAME_EN": null, "NAME_RU": null, "MAN_MADE": null, "LEISURE": null, "AMENITY": "pharmacy", "OFFICE": null, "SHOP": null, "TOURISM": null, "SPORT": null, "OSM_TYPE": "node", "OSM_ID": 4142648589 }, "geometry": { "type": "Point", "coordinates": [ 38.9180532, 45.0637149 ] } },
{ "type": "Feature", "properties": { "NAME": null, "NAME_EN": null, "NAME_RU": null, "MAN_MADE": null, "LEISURE": null, "AMENITY": "bank", "OFFICE": null, "SHOP": null, "TOURISM": null, "SPORT": null, "OSM_TYPE": "node", "OSM_ID": 4148891190 }, "geometry": { "type": "Point", "coordinates": [ 38.9596012, 45.051112 ] } },
{ "type": "Feature", "properties": { "NAME": "Столовая", "NAME_EN": null, "NAME_RU": null, "MAN_MADE": null, "LEISURE": null, "AMENITY": "cafe", "OFFICE": null, "SHOP": null, "TOURISM": null, "SPORT": null, "OSM_TYPE": "node", "OSM_ID": 4150734438 }, "geometry": { "type": "Point", "coordinates": [ 38.9045633, 45.0879028 ] } },
{ "type": "Feature", "properties": { "NAME": "Bellagio", "NAME_EN": null, "NAME_RU": null, "MAN_MADE": null, "LEISURE": null, "AMENITY": "restaurant", "OFFICE": null, "SHOP": null, "TOURISM": null, "SPORT": null, "OSM_TYPE": "node", "OSM_ID": 4185804812 }, "geometry": { "type": "Point", "coordinates": [ 39.0713074, 45.0176057 ] } },
{ "type": "Feature", "properties": { "NAME": "WESTERN UNION", "NAME_EN": null, "NAME_RU": null, "MAN_MADE": null, "LEISURE": null, "AMENITY": "bank", "OFFICE": null, "SHOP": null, "TOURISM": null, "SPORT": null, "OSM_TYPE": "node", "OSM_ID": 4207853690 }, "geometry": { "type": "Point", "coordinates": [ 38.9344079, 45.0413801 ] } },
{ "type": "Feature", "properties": { "NAME": "Барабулька", "NAME_EN": null, "NAME_RU": null, "MAN_MADE": null, "LEISURE": null, "AMENITY": "cafe", "OFFICE": null, "SHOP": null, "TOURISM": null, "SPORT": null, "OSM_TYPE": "node", "OSM_ID": 4230602990 }, "geometry": { "type": "Point", "coordinates": [ 38.9102349, 45.0328992 ] } },
{ "type": "Feature", "properties": { "NAME": "Мэни Пельмени", "NAME_EN": null, "NAME_RU": null, "MAN_MADE": null, "LEISURE": null, "AMENITY": "cafe", "OFFICE": null, "SHOP": null, "TOURISM": null, "SPORT": null, "OSM_TYPE": "node", "OSM_ID": 4272718797 }, "geometry": { "type": "Point", "coordinates": [ 38.9698377, 45.0233246 ] } },
{ "type": "Feature", "properties": { "NAME": "Вега", "NAME_EN": null, "NAME_RU": null, "MAN_MADE": null, "LEISURE": null, "AMENITY": "cafe", "OFFICE": null, "SHOP": null, "TOURISM": null, "SPORT": null, "OSM_TYPE": "node", "OSM_ID": 4281791290 }, "geometry": { "type": "Point", "coordinates": [ 38.9848835, 45.0535854 ] } },
{ "type": "Feature", "properties": { "NAME": "Чайная Инсайт", "NAME_EN": null, "NAME_RU": null, "MAN_MADE": null, "LEISURE": null, "AMENITY": "cafe", "OFFICE": null, "SHOP": null, "TOURISM": null, "SPORT": null, "OSM_TYPE": "node", "OSM_ID": 4303010189 }, "geometry": { "type": "Point", "coordinates": [ 38.9767397, 45.0492289 ] } },
{ "type": "Feature", "properties": { "NAME": "Сбербанк", "NAME_EN": "Sberbank", "NAME_RU": "Сбербанк", "MAN_MADE": null, "LEISURE": null, "AMENITY": "bank", "OFFICE": null, "SHOP": null, "TOURISM": null, "SPORT": null, "OSM_TYPE": "node", "OSM_ID": 4332602389 }, "geometry": { "type": "Point", "coordinates": [ 39.0439477, 45.0227163 ] } },
{ "type": "Feature", "properties": { "NAME": "Чемодан", "NAME_EN": null, "NAME_RU": "Чемодан", "MAN_MADE": null, "LEISURE": null, "AMENITY": "cafe", "OFFICE": null, "SHOP": null, "TOURISM": null, "SPORT": null, "OSM_TYPE": "node", "OSM_ID": 4369890589 }, "geometry": { "type": "Point", "coordinates": [ 38.9863808, 45.0186375 ] } },
{ "type": "Feature", "properties": { "NAME": "Сбербанк", "NAME_EN": "Sberbank", "NAME_RU": "Сбербанк", "MAN_MADE": null, "LEISURE": null, "AMENITY": "bank", "OFFICE": null, "SHOP": null, "TOURISM": null, "SPORT": null, "OSM_TYPE": "node", "OSM_ID": 4373925096 }, "geometry": { "type": "Point", "coordinates": [ 39.008608, 45.055829 ] } },
{ "type": "Feature", "properties": { "NAME": "Якитория", "NAME_EN": "Yakitori", "NAME_RU": null, "MAN_MADE": null, "LEISURE": null, "AMENITY": "restaurant", "OFFICE": null, "SHOP": null, "TOURISM": null, "SPORT": null, "OSM_TYPE": "node", "OSM_ID": 4379518284 }, "geometry": { "type": "Point", "coordinates": [ 38.971861, 45.0282302 ] } },
{ "type": "Feature", "properties": { "NAME": "Радуга", "NAME_EN": null, "NAME_RU": null, "MAN_MADE": null, "LEISURE": null, "AMENITY": "pharmacy", "OFFICE": null, "SHOP": null, "TOURISM": null, "SPORT": null, "OSM_TYPE": "node", "OSM_ID": 4379536319 }, "geometry": { "type": "Point", "coordinates": [ 39.1270637, 45.0381208 ] } },
{ "type": "Feature", "properties": { "NAME": "Sparta", "NAME_EN": null, "NAME_RU": "Sparta", "MAN_MADE": null, "LEISURE": null, "AMENITY": "cafe", "OFFICE": null, "SHOP": null, "TOURISM": null, "SPORT": null, "OSM_TYPE": "node", "OSM_ID": 4394408491 }, "geometry": { "type": "Point", "coordinates": [ 38.9617031, 45.0592754 ] } },
{ "type": "Feature", "properties": { "NAME": "Т-кафе", "NAME_EN": null, "NAME_RU": "Т-кафе", "MAN_MADE": null, "LEISURE": null, "AMENITY": "cafe", "OFFICE": null, "SHOP": null, "TOURISM": null, "SPORT": null, "OSM_TYPE": "node", "OSM_ID": 4416086091 }, "geometry": { "type": "Point", "coordinates": [ 38.9278224, 45.0584972 ] } },
{ "type": "Feature", "properties": { "NAME": "Стейкхаус", "NAME_EN": null, "NAME_RU": "Стейкхаус", "MAN_MADE": null, "LEISURE": null, "AMENITY": "restaurant", "OFFICE": null, "SHOP": null, "TOURISM": null, "SPORT": null, "OSM_TYPE": "node", "OSM_ID": 4416819691 }, "geometry": { "type": "Point", "coordinates": [ 38.9626295, 45.0163743 ] } },
{ "type": "Feature", "properties": { "NAME": "СушиТория", "NAME_EN": null, "NAME_RU": "СушиТория", "MAN_MADE": null, "LEISURE": null, "AMENITY": "cafe", "OFFICE": null, "SHOP": null, "TOURISM": null, "SPORT": null, "OSM_TYPE": "node", "OSM_ID": 4416851790 }, "geometry": { "type": "Point", "coordinates": [ 39.0299132, 45.0489304 ] } },
{ "type": "Feature", "properties": { "NAME": "СушиТория", "NAME_EN": null, "NAME_RU": "СушиТория", "MAN_MADE": null, "LEISURE": null, "AMENITY": "cafe", "OFFICE": null, "SHOP": null, "TOURISM": null, "SPORT": null, "OSM_TYPE": "node", "OSM_ID": 4416997189 }, "geometry": { "type": "Point", "coordinates": [ 38.9736254, 45.0611337 ] } },
{ "type": "Feature", "properties": { "NAME": "Солнечная", "NAME_EN": null, "NAME_RU": "Солнечная", "MAN_MADE": null, "LEISURE": null, "AMENITY": "pharmacy", "OFFICE": null, "SHOP": null, "TOURISM": null, "SPORT": null, "OSM_TYPE": "node", "OSM_ID": 4426738791 }, "geometry": { "type": "Point", "coordinates": [ 39.0078156, 45.0713936 ] } },
{ "type": "Feature", "properties": { "NAME": "Pro Suhi", "NAME_EN": null, "NAME_RU": "Pro Suhi", "MAN_MADE": null, "LEISURE": null, "AMENITY": "cafe", "OFFICE": null, "SHOP": null, "TOURISM": null, "SPORT": null, "OSM_TYPE": "node", "OSM_ID": 4428478090 }, "geometry": { "type": "Point", "coordinates": [ 38.9121432, 45.0310798 ] } },
{ "type": "Feature", "properties": { "NAME": "Буланжер, Кафе-пекарня", "NAME_EN": null, "NAME_RU": null, "MAN_MADE": null, "LEISURE": null, "AMENITY": "cafe", "OFFICE": null, "SHOP": null, "TOURISM": null, "SPORT": null, "OSM_TYPE": "node", "OSM_ID": 4430618191 }, "geometry": { "type": "Point", "coordinates": [ 39.0961866, 45.0324629 ] } },
{ "type": "Feature", "properties": { "NAME": "Любо-Кафе", "NAME_EN": null, "NAME_RU": null, "MAN_MADE": null, "LEISURE": null, "AMENITY": "cafe", "OFFICE": null, "SHOP": null, "TOURISM": null, "SPORT": null, "OSM_TYPE": "node", "OSM_ID": 4430639489 }, "geometry": { "type": "Point", "coordinates": [ 38.9725007, 45.0393136 ] } },
{ "type": "Feature", "properties": { "NAME": "SOS", "NAME_EN": "SOS", "NAME_RU": null, "MAN_MADE": null, "LEISURE": null, "AMENITY": "pharmacy", "OFFICE": null, "SHOP": null, "TOURISM": null, "SPORT": null, "OSM_TYPE": "node", "OSM_ID": 4431459478 }, "geometry": { "type": "Point", "coordinates": [ 39.0731282, 44.9973471 ] } },
{ "type": "Feature", "properties": { "NAME": "Антикафе \"ЧИЛАНГАРТ\"", "NAME_EN": null, "NAME_RU": "Антикафе \"ЧИЛАНГАРТ\"", "MAN_MADE": null, "LEISURE": null, "AMENITY": "cafe", "OFFICE": null, "SHOP": null, "TOURISM": null, "SPORT": null, "OSM_TYPE": "node", "OSM_ID": 4450261998 }, "geometry": { "type": "Point", "coordinates": [ 38.9732107, 45.0367215 ] } },
{ "type": "Feature", "properties": { "NAME": null, "NAME_EN": null, "NAME_RU": null, "MAN_MADE": null, "LEISURE": null, "AMENITY": "pharmacy", "OFFICE": null, "SHOP": null, "TOURISM": null, "SPORT": null, "OSM_TYPE": "node", "OSM_ID": 4518691068 }, "geometry": { "type": "Point", "coordinates": [ 39.0189387, 45.0250891 ] } },
{ "type": "Feature", "properties": { "NAME": "Альфа-Банк", "NAME_EN": "Alfa-Bank", "NAME_RU": "Альфа-Банк", "MAN_MADE": null, "LEISURE": null, "AMENITY": "bank", "OFFICE": null, "SHOP": null, "TOURISM": null, "SPORT": null, "OSM_TYPE": "node", "OSM_ID": 4522981557 }, "geometry": { "type": "Point", "coordinates": [ 39.0229337, 45.0553339 ] } },
{ "type": "Feature", "properties": { "NAME": "Красный угол", "NAME_EN": "Red corner", "NAME_RU": "Красный угол", "MAN_MADE": null, "LEISURE": null, "AMENITY": "cafe", "OFFICE": null, "SHOP": null, "TOURISM": null, "SPORT": null, "OSM_TYPE": "node", "OSM_ID": 4537330100 }, "geometry": { "type": "Point", "coordinates": [ 39.0556399, 45.0235221 ] } },
{ "type": "Feature", "properties": { "NAME": "ФитоФарм", "NAME_EN": "FitoFarm", "NAME_RU": "ФитоФарм", "MAN_MADE": null, "LEISURE": null, "AMENITY": "pharmacy", "OFFICE": null, "SHOP": null, "TOURISM": null, "SPORT": null, "OSM_TYPE": "node", "OSM_ID": 4538509599 }, "geometry": { "type": "Point", "coordinates": [ 39.0295996, 45.0496975 ] } },
{ "type": "Feature", "properties": { "NAME": null, "NAME_EN": null, "NAME_RU": null, "MAN_MADE": null, "LEISURE": null, "AMENITY": "pharmacy", "OFFICE": null, "SHOP": null, "TOURISM": null, "SPORT": null, "OSM_TYPE": "node", "OSM_ID": 4559497585 }, "geometry": { "type": "Point", "coordinates": [ 39.0171934, 45.0521213 ] } },
{ "type": "Feature", "properties": { "NAME": null, "NAME_EN": null, "NAME_RU": null, "MAN_MADE": null, "LEISURE": null, "AMENITY": "cafe", "OFFICE": null, "SHOP": null, "TOURISM": null, "SPORT": null, "OSM_TYPE": "node", "OSM_ID": 4560868783 }, "geometry": { "type": "Point", "coordinates": [ 39.130552, 45.0306063 ] } },
{ "type": "Feature", "properties": { "NAME": null, "NAME_EN": null, "NAME_RU": null, "MAN_MADE": null, "LEISURE": null, "AMENITY": "cafe", "OFFICE": null, "SHOP": null, "TOURISM": null, "SPORT": null, "OSM_TYPE": "node", "OSM_ID": 4560868785 }, "geometry": { "type": "Point", "coordinates": [ 39.129532, 45.029363 ] } },
{ "type": "Feature", "properties": { "NAME": null, "NAME_EN": null, "NAME_RU": null, "MAN_MADE": null, "LEISURE": null, "AMENITY": "pharmacy", "OFFICE": null, "SHOP": null, "TOURISM": null, "SPORT": null, "OSM_TYPE": "node", "OSM_ID": 4568389091 }, "geometry": { "type": "Point", "coordinates": [ 38.9499691, 45.0663778 ] } },
{ "type": "Feature", "properties": { "NAME": "Lavender", "NAME_EN": "Lavender", "NAME_RU": "Lavender", "MAN_MADE": null, "LEISURE": null, "AMENITY": "cafe", "OFFICE": null, "SHOP": null, "TOURISM": null, "SPORT": null, "OSM_TYPE": "node", "OSM_ID": 4570581899 }, "geometry": { "type": "Point", "coordinates": [ 38.9435746, 45.0377718 ] } },
{ "type": "Feature", "properties": { "NAME": "Аптека №1 Кубаньфармация", "NAME_EN": null, "NAME_RU": null, "MAN_MADE": null, "LEISURE": null, "AMENITY": "pharmacy", "OFFICE": null, "SHOP": null, "TOURISM": null, "SPORT": null, "OSM_TYPE": "node", "OSM_ID": 4581988894 }, "geometry": { "type": "Point", "coordinates": [ 38.9648062, 45.0148797 ] } },
{ "type": "Feature", "properties": { "NAME": null, "NAME_EN": null, "NAME_RU": null, "MAN_MADE": null, "LEISURE": null, "AMENITY": "pharmacy", "OFFICE": null, "SHOP": null, "TOURISM": null, "SPORT": null, "OSM_TYPE": "node", "OSM_ID": 4582027489 }, "geometry": { "type": "Point", "coordinates": [ 38.9601264, 45.0161451 ] } },
{ "type": "Feature", "properties": { "NAME": "Веранда Камелот", "NAME_EN": null, "NAME_RU": "Веранда Камелот", "MAN_MADE": null, "LEISURE": null, "AMENITY": "restaurant", "OFFICE": null, "SHOP": null, "TOURISM": null, "SPORT": null, "OSM_TYPE": "node", "OSM_ID": 4586997489 }, "geometry": { "type": "Point", "coordinates": [ 39.0272815, 45.0286272 ] } },
{ "type": "Feature", "properties": { "NAME": "Столовая \"Винеция\"", "NAME_EN": null, "NAME_RU": "Столовая \"Винеция\"", "MAN_MADE": null, "LEISURE": null, "AMENITY": "restaurant", "OFFICE": null, "SHOP": null, "TOURISM": null, "SPORT": null, "OSM_TYPE": "node", "OSM_ID": 4602676490 }, "geometry": { "type": "Point", "coordinates": [ 39.0273921, 45.0291098 ] } },
{ "type": "Feature", "properties": { "NAME": "Лаки Фарма", "NAME_EN": null, "NAME_RU": null, "MAN_MADE": null, "LEISURE": null, "AMENITY": "pharmacy", "OFFICE": null, "SHOP": null, "TOURISM": null, "SPORT": null, "OSM_TYPE": "node", "OSM_ID": 4614291206 }, "geometry": { "type": "Point", "coordinates": [ 39.0180398, 45.0217115 ] } },
{ "type": "Feature", "properties": { "NAME": "Пристань", "NAME_EN": null, "NAME_RU": null, "MAN_MADE": null, "LEISURE": null, "AMENITY": "cafe", "OFFICE": null, "SHOP": null, "TOURISM": null, "SPORT": null, "OSM_TYPE": "node", "OSM_ID": 4641965452 }, "geometry": { "type": "Point", "coordinates": [ 38.8962503, 45.0560868 ] } },
{ "type": "Feature", "properties": { "NAME": "Тихий берег", "NAME_EN": null, "NAME_RU": null, "MAN_MADE": null, "LEISURE": null, "AMENITY": "cafe", "OFFICE": null, "SHOP": null, "TOURISM": null, "SPORT": null, "OSM_TYPE": "node", "OSM_ID": 4641965457 }, "geometry": { "type": "Point", "coordinates": [ 38.897049, 45.0565683 ] } },
{ "type": "Feature", "properties": { "NAME": null, "NAME_EN": null, "NAME_RU": null, "MAN_MADE": null, "LEISURE": null, "AMENITY": "pharmacy", "OFFICE": null, "SHOP": null, "TOURISM": null, "SPORT": null, "OSM_TYPE": "node", "OSM_ID": 4641965458 }, "geometry": { "type": "Point", "coordinates": [ 38.8958154, 45.056096 ] } },
{ "type": "Feature", "properties": { "NAME": "Столовая", "NAME_EN": null, "NAME_RU": "Столовая", "MAN_MADE": null, "LEISURE": null, "AMENITY": "cafe", "OFFICE": null, "SHOP": null, "TOURISM": null, "SPORT": null, "OSM_TYPE": "node", "OSM_ID": 4648620289 }, "geometry": { "type": "Point", "coordinates": [ 38.9347936, 45.0544216 ] } },
{ "type": "Feature", "properties": { "NAME": "Пельменная", "NAME_EN": "Pelmennaya", "NAME_RU": "Пельменная", "MAN_MADE": null, "LEISURE": null, "AMENITY": "cafe", "OFFICE": null, "SHOP": null, "TOURISM": null, "SPORT": null, "OSM_TYPE": "node", "OSM_ID": 4693204590 }, "geometry": { "type": "Point", "coordinates": [ 38.9742442, 45.0298974 ] } },
{ "type": "Feature", "properties": { "NAME": "Социальная", "NAME_EN": null, "NAME_RU": null, "MAN_MADE": null, "LEISURE": null, "AMENITY": "pharmacy", "OFFICE": null, "SHOP": null, "TOURISM": null, "SPORT": null, "OSM_TYPE": "node", "OSM_ID": 4705309391 }, "geometry": { "type": "Point", "coordinates": [ 39.0174282, 45.0949814 ] } },
{ "type": "Feature", "properties": { "NAME": null, "NAME_EN": null, "NAME_RU": null, "MAN_MADE": null, "LEISURE": null, "AMENITY": "cafe", "OFFICE": null, "SHOP": null, "TOURISM": null, "SPORT": null, "OSM_TYPE": "node", "OSM_ID": 4712887908 }, "geometry": { "type": "Point", "coordinates": [ 38.9149711, 45.0576818 ] } },
{ "type": "Feature", "properties": { "NAME": "Россельхозбанк", "NAME_EN": "Rosselkhozbank", "NAME_RU": "Россельхозбанк", "MAN_MADE": null, "LEISURE": null, "AMENITY": "bank", "OFFICE": null, "SHOP": null, "TOURISM": null, "SPORT": null, "OSM_TYPE": "node", "OSM_ID": 4713331993 }, "geometry": { "type": "Point", "coordinates": [ 39.0025442, 45.0258694 ] } },
{ "type": "Feature", "properties": { "NAME": "Открытие", "NAME_EN": null, "NAME_RU": null, "MAN_MADE": null, "LEISURE": null, "AMENITY": "bank", "OFFICE": null, "SHOP": null, "TOURISM": null, "SPORT": null, "OSM_TYPE": "node", "OSM_ID": 4723038289 }, "geometry": { "type": "Point", "coordinates": [ 38.9649546, 45.0035178 ] } },
{ "type": "Feature", "properties": { "NAME": "Юг Фарма", "NAME_EN": null, "NAME_RU": "Юг Фарма", "MAN_MADE": null, "LEISURE": null, "AMENITY": "pharmacy", "OFFICE": null, "SHOP": null, "TOURISM": null, "SPORT": null, "OSM_TYPE": "node", "OSM_ID": 4727822991 }, "geometry": { "type": "Point", "coordinates": [ 38.9494216, 45.0595918 ] } },
{ "type": "Feature", "properties": { "NAME": "АртиШок", "NAME_EN": "ArtiChoke", "NAME_RU": "АртиШок", "MAN_MADE": null, "LEISURE": null, "AMENITY": "restaurant", "OFFICE": null, "SHOP": null, "TOURISM": null, "SPORT": null, "OSM_TYPE": "node", "OSM_ID": 4728730692 }, "geometry": { "type": "Point", "coordinates": [ 38.9495788, 45.0520778 ] } },
{ "type": "Feature", "properties": { "NAME": "HRUM", "NAME_EN": "HRUM", "NAME_RU": "HRUM", "MAN_MADE": null, "LEISURE": null, "AMENITY": "cafe", "OFFICE": null, "SHOP": null, "TOURISM": null, "SPORT": null, "OSM_TYPE": "node", "OSM_ID": 4739588622 }, "geometry": { "type": "Point", "coordinates": [ 38.9724183, 45.0297242 ] } },
{ "type": "Feature", "properties": { "NAME": "Диамант", "NAME_EN": null, "NAME_RU": null, "MAN_MADE": null, "LEISURE": null, "AMENITY": "restaurant", "OFFICE": null, "SHOP": null, "TOURISM": null, "SPORT": null, "OSM_TYPE": "node", "OSM_ID": 4761755289 }, "geometry": { "type": "Point", "coordinates": [ 38.955665, 45.0244024 ] } },
{ "type": "Feature", "properties": { "NAME": "Столовая \"Общепит\"", "NAME_EN": null, "NAME_RU": "Столовая \"Общепит\"", "MAN_MADE": null, "LEISURE": null, "AMENITY": "cafe", "OFFICE": null, "SHOP": null, "TOURISM": null, "SPORT": null, "OSM_TYPE": "node", "OSM_ID": 4943914421 }, "geometry": { "type": "Point", "coordinates": [ 39.0550762, 45.0133497 ] } },
{ "type": "Feature", "properties": { "NAME": "Ретро Nostalgie", "NAME_EN": null, "NAME_RU": "Ретро Nostalgie", "MAN_MADE": null, "LEISURE": null, "AMENITY": "cafe", "OFFICE": null, "SHOP": null, "TOURISM": null, "SPORT": null, "OSM_TYPE": "node", "OSM_ID": 4984675122 }, "geometry": { "type": "Point", "coordinates": [ 38.9522887, 45.0213383 ] } },
{ "type": "Feature", "properties": { "NAME": "Old Rancho", "NAME_EN": null, "NAME_RU": null, "MAN_MADE": null, "LEISURE": null, "AMENITY": "cafe", "OFFICE": null, "SHOP": null, "TOURISM": null, "SPORT": null, "OSM_TYPE": "node", "OSM_ID": 4985273357 }, "geometry": { "type": "Point", "coordinates": [ 38.9550653, 45.0229636 ] } },
{ "type": "Feature", "properties": { "NAME": "Острова", "NAME_EN": null, "NAME_RU": null, "MAN_MADE": null, "LEISURE": null, "AMENITY": "cafe", "OFFICE": null, "SHOP": null, "TOURISM": null, "SPORT": null, "OSM_TYPE": "node", "OSM_ID": 4985273371 }, "geometry": { "type": "Point", "coordinates": [ 38.9551699, 45.0228423 ] } },
{ "type": "Feature", "properties": { "NAME": null, "NAME_EN": null, "NAME_RU": null, "MAN_MADE": null, "LEISURE": null, "AMENITY": "cafe", "OFFICE": null, "SHOP": null, "TOURISM": null, "SPORT": null, "OSM_TYPE": "node", "OSM_ID": 4985273395 }, "geometry": { "type": "Point", "coordinates": [ 38.9537403, 45.0193064 ] } },
{ "type": "Feature", "properties": { "NAME": "O Pato", "NAME_EN": null, "NAME_RU": null, "MAN_MADE": null, "LEISURE": null, "AMENITY": "cafe", "OFFICE": null, "SHOP": null, "TOURISM": null, "SPORT": null, "OSM_TYPE": "node", "OSM_ID": 4985273665 }, "geometry": { "type": "Point", "coordinates": [ 38.9550948, 45.0222347 ] } },
{ "type": "Feature", "properties": { "NAME": "Аптека № 68", "NAME_EN": null, "NAME_RU": null, "MAN_MADE": null, "LEISURE": null, "AMENITY": "pharmacy", "OFFICE": null, "SHOP": null, "TOURISM": null, "SPORT": null, "OSM_TYPE": "node", "OSM_ID": 4990326730 }, "geometry": { "type": "Point", "coordinates": [ 38.9821113, 45.0594774 ] } },
{ "type": "Feature", "properties": { "NAME": "Аптека \"Апрель\"", "NAME_EN": null, "NAME_RU": null, "MAN_MADE": null, "LEISURE": null, "AMENITY": "pharmacy", "OFFICE": null, "SHOP": null, "TOURISM": null, "SPORT": null, "OSM_TYPE": "node", "OSM_ID": 5022214315 }, "geometry": { "type": "Point", "coordinates": [ 38.9171288, 45.064201 ] } },
{ "type": "Feature", "properties": { "NAME": "Аптечный склад", "NAME_EN": null, "NAME_RU": "Аптечный склад", "MAN_MADE": null, "LEISURE": null, "AMENITY": "pharmacy", "OFFICE": null, "SHOP": null, "TOURISM": null, "SPORT": null, "OSM_TYPE": "node", "OSM_ID": 5029573521 }, "geometry": { "type": "Point", "coordinates": [ 38.9106344, 45.0385015 ] } },
{ "type": "Feature", "properties": { "NAME": "Vam Dam Coffee", "NAME_EN": null, "NAME_RU": null, "MAN_MADE": null, "LEISURE": null, "AMENITY": "cafe", "OFFICE": null, "SHOP": null, "TOURISM": null, "SPORT": null, "OSM_TYPE": "node", "OSM_ID": 5036794521 }, "geometry": { "type": "Point", "coordinates": [ 38.9773015, 45.0397268 ] } },
{ "type": "Feature", "properties": { "NAME": "Амадеус", "NAME_EN": null, "NAME_RU": null, "MAN_MADE": null, "LEISURE": null, "AMENITY": "pharmacy", "OFFICE": null, "SHOP": null, "TOURISM": null, "SPORT": null, "OSM_TYPE": "node", "OSM_ID": 5077331921 }, "geometry": { "type": "Point", "coordinates": [ 38.9276055, 45.119209 ] } },
{ "type": "Feature", "properties": { "NAME": "Pauliner", "NAME_EN": null, "NAME_RU": "Pauliner", "MAN_MADE": null, "LEISURE": null, "AMENITY": "restaurant", "OFFICE": null, "SHOP": null, "TOURISM": null, "SPORT": null, "OSM_TYPE": "node", "OSM_ID": 5077332121 }, "geometry": { "type": "Point", "coordinates": [ 38.9275329, 45.1193712 ] } },
{ "type": "Feature", "properties": { "NAME": null, "NAME_EN": null, "NAME_RU": null, "MAN_MADE": null, "LEISURE": null, "AMENITY": "bank", "OFFICE": null, "SHOP": null, "TOURISM": null, "SPORT": null, "OSM_TYPE": "node", "OSM_ID": 5078651261 }, "geometry": { "type": "Point", "coordinates": [ 38.9746822, 45.0245508 ] } },
{ "type": "Feature", "properties": { "NAME": "Сбербанк", "NAME_EN": null, "NAME_RU": null, "MAN_MADE": null, "LEISURE": null, "AMENITY": "bank", "OFFICE": null, "SHOP": null, "TOURISM": null, "SPORT": null, "OSM_TYPE": "node", "OSM_ID": 5091687607 }, "geometry": { "type": "Point", "coordinates": [ 39.0148031, 45.0847053 ] } },
{ "type": "Feature", "properties": { "NAME": "Голый Повар", "NAME_EN": "Naked Chef", "NAME_RU": null, "MAN_MADE": null, "LEISURE": null, "AMENITY": "restaurant", "OFFICE": null, "SHOP": null, "TOURISM": null, "SPORT": null, "OSM_TYPE": "node", "OSM_ID": 5108007964 }, "geometry": { "type": "Point", "coordinates": [ 39.0254709, 45.0555602 ] } },
{ "type": "Feature", "properties": { "NAME": "Chopocoffe", "NAME_EN": "ChopoCoffee", "NAME_RU": null, "MAN_MADE": null, "LEISURE": null, "AMENITY": "cafe", "OFFICE": null, "SHOP": null, "TOURISM": null, "SPORT": null, "OSM_TYPE": "node", "OSM_ID": 5127095521 }, "geometry": { "type": "Point", "coordinates": [ 38.9741045, 45.0157061 ] } },
{ "type": "Feature", "properties": { "NAME": "Магнит", "NAME_EN": null, "NAME_RU": null, "MAN_MADE": null, "LEISURE": null, "AMENITY": "pharmacy", "OFFICE": null, "SHOP": null, "TOURISM": null, "SPORT": null, "OSM_TYPE": "node", "OSM_ID": 5153011789 }, "geometry": { "type": "Point", "coordinates": [ 39.0312955, 45.0550935 ] } },
{ "type": "Feature", "properties": { "NAME": "Народная пивная", "NAME_EN": null, "NAME_RU": null, "MAN_MADE": null, "LEISURE": null, "AMENITY": "cafe", "OFFICE": null, "SHOP": null, "TOURISM": null, "SPORT": null, "OSM_TYPE": "node", "OSM_ID": 5153953871 }, "geometry": { "type": "Point", "coordinates": [ 38.9847485, 45.0278262 ] } },
{ "type": "Feature", "properties": { "NAME": "Библиотека кофе", "NAME_EN": null, "NAME_RU": null, "MAN_MADE": null, "LEISURE": null, "AMENITY": "cafe", "OFFICE": null, "SHOP": null, "TOURISM": null, "SPORT": null, "OSM_TYPE": "node", "OSM_ID": 5204376123 }, "geometry": { "type": "Point", "coordinates": [ 39.0298449, 45.0188228 ] } },
{ "type": "Feature", "properties": { "NAME": "News&Coffee", "NAME_EN": "News&Coffee", "NAME_RU": null, "MAN_MADE": null, "LEISURE": null, "AMENITY": "cafe", "OFFICE": null, "SHOP": null, "TOURISM": null, "SPORT": null, "OSM_TYPE": "node", "OSM_ID": 5204402074 }, "geometry": { "type": "Point", "coordinates": [ 39.0318103, 45.0183754 ] } },
{ "type": "Feature", "properties": { "NAME": "Dim Coffee", "NAME_EN": null, "NAME_RU": null, "MAN_MADE": null, "LEISURE": null, "AMENITY": "cafe", "OFFICE": null, "SHOP": null, "TOURISM": null, "SPORT": null, "OSM_TYPE": "node", "OSM_ID": 5207236074 }, "geometry": { "type": "Point", "coordinates": [ 39.1247421, 45.0103059 ] } },
{ "type": "Feature", "properties": { "NAME": "Городское кафе 1920", "NAME_EN": null, "NAME_RU": null, "MAN_MADE": null, "LEISURE": null, "AMENITY": "cafe", "OFFICE": null, "SHOP": null, "TOURISM": null, "SPORT": null, "OSM_TYPE": "node", "OSM_ID": 5211708821 }, "geometry": { "type": "Point", "coordinates": [ 38.9688488, 45.0192075 ] } },
{ "type": "Feature", "properties": { "NAME": "Кофе Культ", "NAME_EN": null, "NAME_RU": null, "MAN_MADE": null, "LEISURE": null, "AMENITY": "cafe", "OFFICE": null, "SHOP": null, "TOURISM": null, "SPORT": null, "OSM_TYPE": "node", "OSM_ID": 5211780066 }, "geometry": { "type": "Point", "coordinates": [ 38.9687971, 45.0190391 ] } },
{ "type": "Feature", "properties": { "NAME": "С Пылу с Жару", "NAME_EN": null, "NAME_RU": "С Пылу с Жару", "MAN_MADE": null, "LEISURE": null, "AMENITY": "cafe", "OFFICE": null, "SHOP": null, "TOURISM": null, "SPORT": null, "OSM_TYPE": "node", "OSM_ID": 5212859727 }, "geometry": { "type": "Point", "coordinates": [ 38.9534279, 45.0642419 ] } },
{ "type": "Feature", "properties": { "NAME": null, "NAME_EN": null, "NAME_RU": null, "MAN_MADE": null, "LEISURE": null, "AMENITY": "cafe", "OFFICE": null, "SHOP": null, "TOURISM": null, "SPORT": null, "OSM_TYPE": "node", "OSM_ID": 5228283219 }, "geometry": { "type": "Point", "coordinates": [ 38.9845092, 45.0486366 ] } },
{ "type": "Feature", "properties": { "NAME": "Кунг-фу панда", "NAME_EN": null, "NAME_RU": null, "MAN_MADE": null, "LEISURE": null, "AMENITY": "cafe", "OFFICE": null, "SHOP": null, "TOURISM": null, "SPORT": null, "OSM_TYPE": "node", "OSM_ID": 5230064425 }, "geometry": { "type": "Point", "coordinates": [ 39.1026139, 45.0238113 ] } },
{ "type": "Feature", "properties": { "NAME": "Pro Sushi", "NAME_EN": null, "NAME_RU": "Pro Sushi", "MAN_MADE": null, "LEISURE": null, "AMENITY": "cafe", "OFFICE": null, "SHOP": null, "TOURISM": null, "SPORT": null, "OSM_TYPE": "node", "OSM_ID": 5275131123 }, "geometry": { "type": "Point", "coordinates": [ 38.9528107, 45.0648816 ] } },
{ "type": "Feature", "properties": { "NAME": "Патрик&Мари", "NAME_EN": null, "NAME_RU": null, "MAN_MADE": null, "LEISURE": null, "AMENITY": "cafe", "OFFICE": null, "SHOP": null, "TOURISM": null, "SPORT": null, "OSM_TYPE": "node", "OSM_ID": 5278221021 }, "geometry": { "type": "Point", "coordinates": [ 39.0509996, 45.0130085 ] } },
{ "type": "Feature", "properties": { "NAME": "Столовая", "NAME_EN": null, "NAME_RU": null, "MAN_MADE": null, "LEISURE": null, "AMENITY": "cafe", "OFFICE": null, "SHOP": null, "TOURISM": null, "SPORT": null, "OSM_TYPE": "node", "OSM_ID": 5297772322 }, "geometry": { "type": "Point", "coordinates": [ 38.9695382, 45.0408473 ] } },
{ "type": "Feature", "properties": { "NAME": "Династия", "NAME_EN": null, "NAME_RU": null, "MAN_MADE": null, "LEISURE": null, "AMENITY": "cafe", "OFFICE": null, "SHOP": null, "TOURISM": null, "SPORT": null, "OSM_TYPE": "node", "OSM_ID": 5320039206 }, "geometry": { "type": "Point", "coordinates": [ 38.9419561, 45.0536814 ] } },
{ "type": "Feature", "properties": { "NAME": "Уралсиб", "NAME_EN": null, "NAME_RU": null, "MAN_MADE": null, "LEISURE": null, "AMENITY": "bank", "OFFICE": null, "SHOP": null, "TOURISM": null, "SPORT": null, "OSM_TYPE": "node", "OSM_ID": 5320231921 }, "geometry": { "type": "Point", "coordinates": [ 38.978333, 45.0484905 ] } },
{ "type": "Feature", "properties": { "NAME": "Аптечный пункт", "NAME_EN": null, "NAME_RU": null, "MAN_MADE": null, "LEISURE": null, "AMENITY": "pharmacy", "OFFICE": null, "SHOP": null, "TOURISM": null, "SPORT": null, "OSM_TYPE": "node", "OSM_ID": 5321981028 }, "geometry": { "type": "Point", "coordinates": [ 39.0216427, 45.0708405 ] } },
{ "type": "Feature", "properties": { "NAME": "Сельдерей", "NAME_EN": null, "NAME_RU": null, "MAN_MADE": null, "LEISURE": null, "AMENITY": "cafe", "OFFICE": null, "SHOP": null, "TOURISM": null, "SPORT": null, "OSM_TYPE": "node", "OSM_ID": 5478004921 }, "geometry": { "type": "Point", "coordinates": [ 38.9788119, 45.0498629 ] } },
{ "type": "Feature", "properties": { "NAME": "Газпромбанк", "NAME_EN": "Gazprombank", "NAME_RU": null, "MAN_MADE": null, "LEISURE": null, "AMENITY": "bank", "OFFICE": null, "SHOP": null, "TOURISM": null, "SPORT": null, "OSM_TYPE": "node", "OSM_ID": 5505702922 }, "geometry": { "type": "Point", "coordinates": [ 38.9825124, 45.0671994 ] } },
{ "type": "Feature", "properties": { "NAME": "Совкомбанк", "NAME_EN": "Sovcom Bank", "NAME_RU": "Совкомбанк", "MAN_MADE": null, "LEISURE": null, "AMENITY": "bank", "OFFICE": null, "SHOP": null, "TOURISM": null, "SPORT": null, "OSM_TYPE": "node", "OSM_ID": 5518113021 }, "geometry": { "type": "Point", "coordinates": [ 39.017675, 45.0563447 ] } },
{ "type": "Feature", "properties": { "NAME": "Для Вас", "NAME_EN": null, "NAME_RU": null, "MAN_MADE": null, "LEISURE": null, "AMENITY": "pharmacy", "OFFICE": null, "SHOP": null, "TOURISM": null, "SPORT": null, "OSM_TYPE": "node", "OSM_ID": 5533784575 }, "geometry": { "type": "Point", "coordinates": [ 38.9912862, 45.0141095 ] } },
{ "type": "Feature", "properties": { "NAME": "Romanoff", "NAME_EN": null, "NAME_RU": null, "MAN_MADE": null, "LEISURE": null, "AMENITY": "restaurant", "OFFICE": null, "SHOP": null, "TOURISM": null, "SPORT": null, "OSM_TYPE": "node", "OSM_ID": 5537934721 }, "geometry": { "type": "Point", "coordinates": [ 38.9686014, 45.0184019 ] } },
{ "type": "Feature", "properties": { "NAME": "Lubo Coffee", "NAME_EN": null, "NAME_RU": null, "MAN_MADE": null, "LEISURE": null, "AMENITY": "cafe", "OFFICE": null, "SHOP": null, "TOURISM": null, "SPORT": null, "OSM_TYPE": "node", "OSM_ID": 5537997623 }, "geometry": { "type": "Point", "coordinates": [ 38.9715593, 45.027338 ] } },
{ "type": "Feature", "properties": { "NAME": "Христофор Колумб", "NAME_EN": null, "NAME_RU": null, "MAN_MADE": null, "LEISURE": null, "AMENITY": "restaurant", "OFFICE": null, "SHOP": null, "TOURISM": null, "SPORT": null, "OSM_TYPE": "node", "OSM_ID": 5548592504 }, "geometry": { "type": "Point", "coordinates": [ 38.9642405, 45.0323002 ] } },
{ "type": "Feature", "properties": { "NAME": null, "NAME_EN": null, "NAME_RU": null, "MAN_MADE": null, "LEISURE": null, "AMENITY": "cafe", "OFFICE": null, "SHOP": null, "TOURISM": null, "SPORT": null, "OSM_TYPE": "node", "OSM_ID": 5553143930 }, "geometry": { "type": "Point", "coordinates": [ 38.9474379, 45.0626141 ] } },
{ "type": "Feature", "properties": { "NAME": "Почта Банк", "NAME_EN": "Post Bank", "NAME_RU": "Почта Банк", "MAN_MADE": null, "LEISURE": null, "AMENITY": "bank", "OFFICE": null, "SHOP": null, "TOURISM": null, "SPORT": null, "OSM_TYPE": "node", "OSM_ID": 5577194050 }, "geometry": { "type": "Point", "coordinates": [ 39.0018627, 45.0662891 ] } },
{ "type": "Feature", "properties": { "NAME": "Наш двор", "NAME_EN": null, "NAME_RU": null, "MAN_MADE": null, "LEISURE": null, "AMENITY": "restaurant", "OFFICE": null, "SHOP": null, "TOURISM": null, "SPORT": null, "OSM_TYPE": "node", "OSM_ID": 5634923335 }, "geometry": { "type": "Point", "coordinates": [ 38.9031616, 45.0308861 ] } },
{ "type": "Feature", "properties": { "NAME": "Додо Пицца", "NAME_EN": "Dodo Pizza", "NAME_RU": null, "MAN_MADE": null, "LEISURE": null, "AMENITY": "cafe", "OFFICE": null, "SHOP": null, "TOURISM": null, "SPORT": null, "OSM_TYPE": "node", "OSM_ID": 5640178322 }, "geometry": { "type": "Point", "coordinates": [ 39.0198108, 45.0551823 ] } },
{ "type": "Feature", "properties": { "NAME": "IL Патио", "NAME_EN": null, "NAME_RU": null, "MAN_MADE": null, "LEISURE": null, "AMENITY": "restaurant", "OFFICE": null, "SHOP": null, "TOURISM": null, "SPORT": null, "OSM_TYPE": "node", "OSM_ID": 5643722679 }, "geometry": { "type": "Point", "coordinates": [ 39.1223649, 45.0108689 ] } },
{ "type": "Feature", "properties": { "NAME": "IL Патио", "NAME_EN": null, "NAME_RU": null, "MAN_MADE": null, "LEISURE": null, "AMENITY": "restaurant", "OFFICE": null, "SHOP": null, "TOURISM": null, "SPORT": null, "OSM_TYPE": "node", "OSM_ID": 5643723624 }, "geometry": { "type": "Point", "coordinates": [ 38.9835477, 45.1026342 ] } },
{ "type": "Feature", "properties": { "NAME": "Помещик", "NAME_EN": null, "NAME_RU": null, "MAN_MADE": null, "LEISURE": null, "AMENITY": "restaurant", "OFFICE": null, "SHOP": null, "TOURISM": null, "SPORT": null, "OSM_TYPE": "node", "OSM_ID": 5645762685 }, "geometry": { "type": "Point", "coordinates": [ 39.0675598, 45.0141567 ] } },
{ "type": "Feature", "properties": { "NAME": "Экипаж", "NAME_EN": null, "NAME_RU": null, "MAN_MADE": null, "LEISURE": null, "AMENITY": "cafe", "OFFICE": null, "SHOP": null, "TOURISM": null, "SPORT": null, "OSM_TYPE": "node", "OSM_ID": 5647887032 }, "geometry": { "type": "Point", "coordinates": [ 39.1382709, 45.0346058 ] } },
{ "type": "Feature", "properties": { "NAME": "Столовая", "NAME_EN": null, "NAME_RU": null, "MAN_MADE": null, "LEISURE": null, "AMENITY": "cafe", "OFFICE": null, "SHOP": null, "TOURISM": null, "SPORT": null, "OSM_TYPE": "node", "OSM_ID": 5647887033 }, "geometry": { "type": "Point", "coordinates": [ 39.1368306, 45.0345973 ] } },
{ "type": "Feature", "properties": { "NAME": "Мимино", "NAME_EN": null, "NAME_RU": null, "MAN_MADE": null, "LEISURE": null, "AMENITY": "restaurant", "OFFICE": null, "SHOP": null, "TOURISM": null, "SPORT": null, "OSM_TYPE": "node", "OSM_ID": 5662005950 }, "geometry": { "type": "Point", "coordinates": [ 39.0154684, 45.0779993 ] } },
{ "type": "Feature", "properties": { "NAME": "Teppanyaki Bar", "NAME_EN": null, "NAME_RU": null, "MAN_MADE": null, "LEISURE": null, "AMENITY": "restaurant", "OFFICE": null, "SHOP": null, "TOURISM": null, "SPORT": null, "OSM_TYPE": "node", "OSM_ID": 5664605929 }, "geometry": { "type": "Point", "coordinates": [ 39.0140917, 45.0860536 ] } },
{ "type": "Feature", "properties": { "NAME": null, "NAME_EN": null, "NAME_RU": null, "MAN_MADE": null, "LEISURE": null, "AMENITY": "cafe", "OFFICE": null, "SHOP": null, "TOURISM": null, "SPORT": null, "OSM_TYPE": "node", "OSM_ID": 5674603122 }, "geometry": { "type": "Point", "coordinates": [ 38.974273, 45.0371013 ] } },
{ "type": "Feature", "properties": { "NAME": "МясоLove", "NAME_EN": "MEAT&LOVE", "NAME_RU": null, "MAN_MADE": null, "LEISURE": null, "AMENITY": "restaurant", "OFFICE": null, "SHOP": null, "TOURISM": null, "SPORT": null, "OSM_TYPE": "node", "OSM_ID": 5674640322 }, "geometry": { "type": "Point", "coordinates": [ 38.9740954, 45.0371141 ] } },
{ "type": "Feature", "properties": { "NAME": "Райффайзен", "NAME_EN": "Raiffeisenbank", "NAME_RU": "Райффайзен", "MAN_MADE": null, "LEISURE": null, "AMENITY": "bank", "OFFICE": null, "SHOP": null, "TOURISM": null, "SPORT": null, "OSM_TYPE": "node", "OSM_ID": 5689508723 }, "geometry": { "type": "Point", "coordinates": [ 39.0165869, 45.0211227 ] } },
{ "type": "Feature", "properties": { "NAME": "Камилла", "NAME_EN": null, "NAME_RU": null, "MAN_MADE": null, "LEISURE": null, "AMENITY": "pharmacy", "OFFICE": null, "SHOP": null, "TOURISM": null, "SPORT": null, "OSM_TYPE": "node", "OSM_ID": 5721245704 }, "geometry": { "type": "Point", "coordinates": [ 38.9606051, 45.0050434 ] } },
{ "type": "Feature", "properties": { "NAME": "Экона", "NAME_EN": null, "NAME_RU": null, "MAN_MADE": null, "LEISURE": null, "AMENITY": "pharmacy", "OFFICE": null, "SHOP": null, "TOURISM": null, "SPORT": null, "OSM_TYPE": "node", "OSM_ID": 5738569992 }, "geometry": { "type": "Point", "coordinates": [ 39.0029897, 45.0625504 ] } },
{ "type": "Feature", "properties": { "NAME": null, "NAME_EN": null, "NAME_RU": null, "MAN_MADE": null, "LEISURE": null, "AMENITY": "pharmacy", "OFFICE": null, "SHOP": null, "TOURISM": null, "SPORT": null, "OSM_TYPE": "node", "OSM_ID": 5738569994 }, "geometry": { "type": "Point", "coordinates": [ 39.0028194, 45.0625419 ] } },
{ "type": "Feature", "properties": { "NAME": "Восход", "NAME_EN": null, "NAME_RU": null, "MAN_MADE": null, "LEISURE": null, "AMENITY": "cafe", "OFFICE": null, "SHOP": null, "TOURISM": null, "SPORT": null, "OSM_TYPE": "node", "OSM_ID": 5745686482 }, "geometry": { "type": "Point", "coordinates": [ 39.0140594, 45.0216844 ] } },
{ "type": "Feature", "properties": { "NAME": "Клумба", "NAME_EN": null, "NAME_RU": null, "MAN_MADE": null, "LEISURE": null, "AMENITY": "cafe", "OFFICE": null, "SHOP": null, "TOURISM": null, "SPORT": null, "OSM_TYPE": "node", "OSM_ID": 5759229330 }, "geometry": { "type": "Point", "coordinates": [ 38.9625423, 45.0159822 ] } },
{ "type": "Feature", "properties": { "NAME": "Аптека", "NAME_EN": null, "NAME_RU": null, "MAN_MADE": null, "LEISURE": null, "AMENITY": "pharmacy", "OFFICE": null, "SHOP": null, "TOURISM": null, "SPORT": null, "OSM_TYPE": "node", "OSM_ID": 5760631070 }, "geometry": { "type": "Point", "coordinates": [ 38.9602339, 45.0146137 ] } },
{ "type": "Feature", "properties": { "NAME": "Столовая", "NAME_EN": null, "NAME_RU": null, "MAN_MADE": null, "LEISURE": null, "AMENITY": "restaurant", "OFFICE": null, "SHOP": null, "TOURISM": null, "SPORT": null, "OSM_TYPE": "node", "OSM_ID": 5760631071 }, "geometry": { "type": "Point", "coordinates": [ 38.9602983, 45.0147616 ] } },
{ "type": "Feature", "properties": { "NAME": null, "NAME_EN": null, "NAME_RU": null, "MAN_MADE": null, "LEISURE": null, "AMENITY": "pharmacy", "OFFICE": null, "SHOP": null, "TOURISM": null, "SPORT": null, "OSM_TYPE": "node", "OSM_ID": 5762488694 }, "geometry": { "type": "Point", "coordinates": [ 39.0143609, 45.0826602 ] } },
{ "type": "Feature", "properties": { "NAME": "Апрель", "NAME_EN": null, "NAME_RU": null, "MAN_MADE": null, "LEISURE": null, "AMENITY": "pharmacy", "OFFICE": null, "SHOP": null, "TOURISM": null, "SPORT": null, "OSM_TYPE": "node", "OSM_ID": 5794626846 }, "geometry": { "type": "Point", "coordinates": [ 39.0141586, 45.0857527 ] } },
{ "type": "Feature", "properties": { "NAME": "Алоэ", "NAME_EN": null, "NAME_RU": null, "MAN_MADE": null, "LEISURE": null, "AMENITY": "pharmacy", "OFFICE": null, "SHOP": null, "TOURISM": null, "SPORT": null, "OSM_TYPE": "node", "OSM_ID": 5794626958 }, "geometry": { "type": "Point", "coordinates": [ 39.0129181, 45.0871563 ] } },
{ "type": "Feature", "properties": { "NAME": "Фора-Банк", "NAME_EN": null, "NAME_RU": null, "MAN_MADE": null, "LEISURE": null, "AMENITY": "bank", "OFFICE": null, "SHOP": null, "TOURISM": null, "SPORT": null, "OSM_TYPE": "node", "OSM_ID": 5795517596 }, "geometry": { "type": "Point", "coordinates": [ 39.0129242, 45.0869666 ] } },
{ "type": "Feature", "properties": { "NAME": null, "NAME_EN": null, "NAME_RU": null, "MAN_MADE": null, "LEISURE": null, "AMENITY": "pharmacy", "OFFICE": null, "SHOP": null, "TOURISM": null, "SPORT": null, "OSM_TYPE": "node", "OSM_ID": 5813474004 }, "geometry": { "type": "Point", "coordinates": [ 39.0814477, 45.00645 ] } },
{ "type": "Feature", "properties": { "NAME": "Кубань Кредит", "NAME_EN": null, "NAME_RU": null, "MAN_MADE": null, "LEISURE": null, "AMENITY": "bank", "OFFICE": null, "SHOP": null, "TOURISM": null, "SPORT": null, "OSM_TYPE": "node", "OSM_ID": 5814624838 }, "geometry": { "type": "Point", "coordinates": [ 39.0070864, 45.0716755 ] } },
{ "type": "Feature", "properties": { "NAME": "Bike Coffee", "NAME_EN": null, "NAME_RU": null, "MAN_MADE": null, "LEISURE": null, "AMENITY": "cafe", "OFFICE": null, "SHOP": null, "TOURISM": null, "SPORT": null, "OSM_TYPE": "node", "OSM_ID": 5814931051 }, "geometry": { "type": "Point", "coordinates": [ 38.9755551, 45.0309861 ] } },
{ "type": "Feature", "properties": { "NAME": "Ак Барс Банк", "NAME_EN": null, "NAME_RU": null, "MAN_MADE": null, "LEISURE": null, "AMENITY": "bank", "OFFICE": null, "SHOP": null, "TOURISM": null, "SPORT": null, "OSM_TYPE": "node", "OSM_ID": 5823585054 }, "geometry": { "type": "Point", "coordinates": [ 38.977712, 45.058479 ] } },
{ "type": "Feature", "properties": { "NAME": null, "NAME_EN": null, "NAME_RU": null, "MAN_MADE": null, "LEISURE": null, "AMENITY": "cafe", "OFFICE": null, "SHOP": null, "TOURISM": null, "SPORT": null, "OSM_TYPE": "node", "OSM_ID": 5829732855 }, "geometry": { "type": "Point", "coordinates": [ 39.127738, 45.0242765 ] } },
{ "type": "Feature", "properties": { "NAME": null, "NAME_EN": null, "NAME_RU": null, "MAN_MADE": null, "LEISURE": null, "AMENITY": "pharmacy", "OFFICE": null, "SHOP": null, "TOURISM": null, "SPORT": null, "OSM_TYPE": "node", "OSM_ID": 5843085214 }, "geometry": { "type": "Point", "coordinates": [ 39.0155981, 45.0757167 ] } },
{ "type": "Feature", "properties": { "NAME": "Япоша Суши-маркет", "NAME_EN": null, "NAME_RU": null, "MAN_MADE": null, "LEISURE": null, "AMENITY": "restaurant", "OFFICE": null, "SHOP": null, "TOURISM": null, "SPORT": null, "OSM_TYPE": "node", "OSM_ID": 5843088692 }, "geometry": { "type": "Point", "coordinates": [ 39.0043906, 45.0864038 ] } },
{ "type": "Feature", "properties": { "NAME": "Baboushka", "NAME_EN": null, "NAME_RU": null, "MAN_MADE": null, "LEISURE": null, "AMENITY": "cafe", "OFFICE": null, "SHOP": null, "TOURISM": null, "SPORT": null, "OSM_TYPE": "node", "OSM_ID": 5858942425 }, "geometry": { "type": "Point", "coordinates": [ 39.1390863, 45.0345749 ] } },
{ "type": "Feature", "properties": { "NAME": "Социальная аптека", "NAME_EN": null, "NAME_RU": null, "MAN_MADE": null, "LEISURE": null, "AMENITY": "pharmacy", "OFFICE": null, "SHOP": null, "TOURISM": null, "SPORT": null, "OSM_TYPE": "node", "OSM_ID": 5877787790 }, "geometry": { "type": "Point", "coordinates": [ 38.9827649, 45.0537549 ] } },
{ "type": "Feature", "properties": { "NAME": "Апрель", "NAME_EN": null, "NAME_RU": null, "MAN_MADE": null, "LEISURE": null, "AMENITY": "pharmacy", "OFFICE": null, "SHOP": null, "TOURISM": null, "SPORT": null, "OSM_TYPE": "node", "OSM_ID": 5877787791 }, "geometry": { "type": "Point", "coordinates": [ 38.982204, 45.0538697 ] } },
{ "type": "Feature", "properties": { "NAME": null, "NAME_EN": null, "NAME_RU": null, "MAN_MADE": null, "LEISURE": null, "AMENITY": "pharmacy", "OFFICE": null, "SHOP": null, "TOURISM": null, "SPORT": null, "OSM_TYPE": "node", "OSM_ID": 5885439182 }, "geometry": { "type": "Point", "coordinates": [ 39.0700711, 45.0070629 ] } },
{ "type": "Feature", "properties": { "NAME": "Хлебные истории", "NAME_EN": null, "NAME_RU": null, "MAN_MADE": null, "LEISURE": null, "AMENITY": "cafe", "OFFICE": null, "SHOP": null, "TOURISM": null, "SPORT": null, "OSM_TYPE": "node", "OSM_ID": 5887298625 }, "geometry": { "type": "Point", "coordinates": [ 38.9823763, 45.0547384 ] } },
{ "type": "Feature", "properties": { "NAME": "Вита Экспресс", "NAME_EN": "Vita Express", "NAME_RU": "Вита Экспресс", "MAN_MADE": null, "LEISURE": null, "AMENITY": "pharmacy", "OFFICE": null, "SHOP": null, "TOURISM": null, "SPORT": null, "OSM_TYPE": "node", "OSM_ID": 5939020773 }, "geometry": { "type": "Point", "coordinates": [ 39.002995, 45.0858081 ] } },
{ "type": "Feature", "properties": { "NAME": "Екатеринодар", "NAME_EN": null, "NAME_RU": null, "MAN_MADE": null, "LEISURE": null, "AMENITY": "restaurant", "OFFICE": null, "SHOP": null, "TOURISM": null, "SPORT": null, "OSM_TYPE": "node", "OSM_ID": 5952222998 }, "geometry": { "type": "Point", "coordinates": [ 38.9705687, 45.0300225 ] } },
{ "type": "Feature", "properties": { "NAME": null, "NAME_EN": null, "NAME_RU": null, "MAN_MADE": null, "LEISURE": null, "AMENITY": "pharmacy", "OFFICE": null, "SHOP": null, "TOURISM": null, "SPORT": null, "OSM_TYPE": "node", "OSM_ID": 5952241377 }, "geometry": { "type": "Point", "coordinates": [ 38.9766939, 45.0405593 ] } },
{ "type": "Feature", "properties": { "NAME": "Sushi master", "NAME_EN": null, "NAME_RU": null, "MAN_MADE": null, "LEISURE": null, "AMENITY": "cafe", "OFFICE": null, "SHOP": null, "TOURISM": null, "SPORT": null, "OSM_TYPE": "node", "OSM_ID": 5952241378 }, "geometry": { "type": "Point", "coordinates": [ 38.9785905, 45.0457436 ] } },
{ "type": "Feature", "properties": { "NAME": "Take and wake", "NAME_EN": null, "NAME_RU": null, "MAN_MADE": null, "LEISURE": null, "AMENITY": "cafe", "OFFICE": null, "SHOP": null, "TOURISM": null, "SPORT": null, "OSM_TYPE": "node", "OSM_ID": 5975669473 }, "geometry": { "type": "Point", "coordinates": [ 38.9728269, 45.0268194 ] } },
{ "type": "Feature", "properties": { "NAME": null, "NAME_EN": null, "NAME_RU": null, "MAN_MADE": null, "LEISURE": null, "AMENITY": "cafe", "OFFICE": null, "SHOP": null, "TOURISM": null, "SPORT": null, "OSM_TYPE": "node", "OSM_ID": 6029188885 }, "geometry": { "type": "Point", "coordinates": [ 38.9708197, 45.0536603 ] } },
{ "type": "Feature", "properties": { "NAME": "Хинкальная №1", "NAME_EN": null, "NAME_RU": null, "MAN_MADE": null, "LEISURE": null, "AMENITY": "cafe", "OFFICE": null, "SHOP": null, "TOURISM": null, "SPORT": null, "OSM_TYPE": "node", "OSM_ID": 6034218903 }, "geometry": { "type": "Point", "coordinates": [ 38.9953652, 45.0118988 ] } },
{ "type": "Feature", "properties": { "NAME": "Семейная", "NAME_EN": null, "NAME_RU": null, "MAN_MADE": null, "LEISURE": null, "AMENITY": "pharmacy", "OFFICE": null, "SHOP": null, "TOURISM": null, "SPORT": null, "OSM_TYPE": "node", "OSM_ID": 6052948407 }, "geometry": { "type": "Point", "coordinates": [ 38.9143527, 45.0291824 ] } },
{ "type": "Feature", "properties": { "NAME": "Патрик и Мари Кондитерская и пекарня", "NAME_EN": null, "NAME_RU": null, "MAN_MADE": null, "LEISURE": null, "AMENITY": "cafe", "OFFICE": null, "SHOP": null, "TOURISM": null, "SPORT": null, "OSM_TYPE": "node", "OSM_ID": 6054207687 }, "geometry": { "type": "Point", "coordinates": [ 38.9759203, 45.0386847 ] } },
{ "type": "Feature", "properties": { "NAME": "Лаки Фарма", "NAME_EN": null, "NAME_RU": null, "MAN_MADE": null, "LEISURE": null, "AMENITY": "pharmacy", "OFFICE": null, "SHOP": null, "TOURISM": null, "SPORT": null, "OSM_TYPE": "node", "OSM_ID": 6082187290 }, "geometry": { "type": "Point", "coordinates": [ 38.9111411, 45.0321294 ] } },
{ "type": "Feature", "properties": { "NAME": "Surf Coffee", "NAME_EN": null, "NAME_RU": null, "MAN_MADE": null, "LEISURE": null, "AMENITY": "cafe", "OFFICE": null, "SHOP": null, "TOURISM": null, "SPORT": null, "OSM_TYPE": "node", "OSM_ID": 6093217185 }, "geometry": { "type": "Point", "coordinates": [ 38.9720886, 45.037114 ] } },
{ "type": "Feature", "properties": { "NAME": "Surf Coffee", "NAME_EN": null, "NAME_RU": null, "MAN_MADE": null, "LEISURE": null, "AMENITY": "cafe", "OFFICE": null, "SHOP": null, "TOURISM": null, "SPORT": null, "OSM_TYPE": "node", "OSM_ID": 6093217186 }, "geometry": { "type": "Point", "coordinates": [ 38.9716803, 45.028593 ] } },
{ "type": "Feature", "properties": { "NAME": "Почта Банк", "NAME_EN": "Post Bank", "NAME_RU": "Почта Банк", "MAN_MADE": null, "LEISURE": null, "AMENITY": "bank", "OFFICE": null, "SHOP": null, "TOURISM": null, "SPORT": null, "OSM_TYPE": "node", "OSM_ID": 6240009239 }, "geometry": { "type": "Point", "coordinates": [ 39.0017344, 45.0825807 ] } },
{ "type": "Feature", "properties": { "NAME": "Домашняя кофейня Mama Ju", "NAME_EN": null, "NAME_RU": null, "MAN_MADE": null, "LEISURE": null, "AMENITY": "cafe", "OFFICE": null, "SHOP": null, "TOURISM": null, "SPORT": null, "OSM_TYPE": "node", "OSM_ID": 6241620328 }, "geometry": { "type": "Point", "coordinates": [ 38.9934102, 45.0425586 ] } },
{ "type": "Feature", "properties": { "NAME": "ЁсиАки", "NAME_EN": null, "NAME_RU": null, "MAN_MADE": null, "LEISURE": null, "AMENITY": "cafe", "OFFICE": null, "SHOP": null, "TOURISM": null, "SPORT": null, "OSM_TYPE": "node", "OSM_ID": 6274877786 }, "geometry": { "type": "Point", "coordinates": [ 38.9794114, 45.1005421 ] } },
{ "type": "Feature", "properties": { "NAME": "Тепло", "NAME_EN": "TEPLO", "NAME_RU": null, "MAN_MADE": null, "LEISURE": null, "AMENITY": "cafe", "OFFICE": null, "SHOP": null, "TOURISM": null, "SPORT": null, "OSM_TYPE": "node", "OSM_ID": 6282826387 }, "geometry": { "type": "Point", "coordinates": [ 39.0328044, 45.0530263 ] } },
{ "type": "Feature", "properties": { "NAME": "ДоминосПица", "NAME_EN": null, "NAME_RU": null, "MAN_MADE": null, "LEISURE": null, "AMENITY": "cafe", "OFFICE": null, "SHOP": null, "TOURISM": null, "SPORT": null, "OSM_TYPE": "node", "OSM_ID": 6312762453 }, "geometry": { "type": "Point", "coordinates": [ 39.0153608, 45.0552861 ] } },
{ "type": "Feature", "properties": { "NAME": "Бургерная лавка Краснодарский парень", "NAME_EN": null, "NAME_RU": null, "MAN_MADE": null, "LEISURE": null, "AMENITY": "cafe", "OFFICE": null, "SHOP": null, "TOURISM": null, "SPORT": null, "OSM_TYPE": "node", "OSM_ID": 6320575185 }, "geometry": { "type": "Point", "coordinates": [ 38.9772526, 45.0397823 ] } },
{ "type": "Feature", "properties": { "NAME": "24часа", "NAME_EN": null, "NAME_RU": null, "MAN_MADE": null, "LEISURE": null, "AMENITY": "pharmacy", "OFFICE": null, "SHOP": null, "TOURISM": null, "SPORT": null, "OSM_TYPE": "node", "OSM_ID": 6327755691 }, "geometry": { "type": "Point", "coordinates": [ 38.9964967, 45.1277764 ] } },
{ "type": "Feature", "properties": { "NAME": "Camorra Pizza e Birra", "NAME_EN": null, "NAME_RU": null, "MAN_MADE": null, "LEISURE": null, "AMENITY": "cafe", "OFFICE": null, "SHOP": null, "TOURISM": null, "SPORT": null, "OSM_TYPE": "node", "OSM_ID": 6360098787 }, "geometry": { "type": "Point", "coordinates": [ 38.9729891, 45.0308928 ] } },
{ "type": "Feature", "properties": { "NAME": "24часа SOS", "NAME_EN": null, "NAME_RU": null, "MAN_MADE": null, "LEISURE": null, "AMENITY": "pharmacy", "OFFICE": null, "SHOP": null, "TOURISM": null, "SPORT": null, "OSM_TYPE": "node", "OSM_ID": 6360563103 }, "geometry": { "type": "Point", "coordinates": [ 38.9964996, 45.1278296 ] } },
{ "type": "Feature", "properties": { "NAME": "Аптека №1", "NAME_EN": null, "NAME_RU": null, "MAN_MADE": null, "LEISURE": null, "AMENITY": "pharmacy", "OFFICE": null, "SHOP": null, "TOURISM": null, "SPORT": null, "OSM_TYPE": "node", "OSM_ID": 6371005185 }, "geometry": { "type": "Point", "coordinates": [ 39.118575, 45.0515133 ] } },
{ "type": "Feature", "properties": { "NAME": "Аптека", "NAME_EN": null, "NAME_RU": null, "MAN_MADE": null, "LEISURE": null, "AMENITY": "pharmacy", "OFFICE": null, "SHOP": null, "TOURISM": null, "SPORT": null, "OSM_TYPE": "node", "OSM_ID": 6379664253 }, "geometry": { "type": "Point", "coordinates": [ 39.0181236, 45.0262146 ] } },
{ "type": "Feature", "properties": { "NAME": "Аптека RU", "NAME_EN": null, "NAME_RU": null, "MAN_MADE": null, "LEISURE": null, "AMENITY": "pharmacy", "OFFICE": null, "SHOP": null, "TOURISM": null, "SPORT": null, "OSM_TYPE": "node", "OSM_ID": 6385471717 }, "geometry": { "type": "Point", "coordinates": [ 39.0183487, 45.0271187 ] } },
{ "type": "Feature", "properties": { "NAME": "Сгущёнка", "NAME_EN": null, "NAME_RU": null, "MAN_MADE": null, "LEISURE": null, "AMENITY": "cafe", "OFFICE": null, "SHOP": null, "TOURISM": null, "SPORT": null, "OSM_TYPE": "node", "OSM_ID": 6403114476 }, "geometry": { "type": "Point", "coordinates": [ 38.9718472, 45.0316237 ] } },
{ "type": "Feature", "properties": { "NAME": "Сбербанк", "NAME_EN": "Sberbank", "NAME_RU": "Сбербанк", "MAN_MADE": null, "LEISURE": null, "AMENITY": "bank", "OFFICE": null, "SHOP": null, "TOURISM": null, "SPORT": null, "OSM_TYPE": "node", "OSM_ID": 6418504469 }, "geometry": { "type": "Point", "coordinates": [ 38.9787487, 45.0461998 ] } },
{ "type": "Feature", "properties": { "NAME": "Дом Русской Кухни", "NAME_EN": null, "NAME_RU": null, "MAN_MADE": null, "LEISURE": null, "AMENITY": "restaurant", "OFFICE": null, "SHOP": null, "TOURISM": null, "SPORT": null, "OSM_TYPE": "node", "OSM_ID": 6420289786 }, "geometry": { "type": "Point", "coordinates": [ 38.9340832, 45.0464778 ] } },
{ "type": "Feature", "properties": { "NAME": "Абсолют", "NAME_EN": null, "NAME_RU": "Абсолют", "MAN_MADE": null, "LEISURE": null, "AMENITY": "bank", "OFFICE": null, "SHOP": null, "TOURISM": null, "SPORT": null, "OSM_TYPE": "node", "OSM_ID": 6445243547 }, "geometry": { "type": "Point", "coordinates": [ 38.994636, 45.036916 ] } },
{ "type": "Feature", "properties": { "NAME": "Кофе Белка", "NAME_EN": "Coffee Belka", "NAME_RU": null, "MAN_MADE": null, "LEISURE": null, "AMENITY": "cafe", "OFFICE": null, "SHOP": null, "TOURISM": null, "SPORT": null, "OSM_TYPE": "node", "OSM_ID": 6475712485 }, "geometry": { "type": "Point", "coordinates": [ 39.030074, 45.0187653 ] } },
{ "type": "Feature", "properties": { "NAME": "Кофе Белка", "NAME_EN": "Coffee Belka", "NAME_RU": null, "MAN_MADE": null, "LEISURE": null, "AMENITY": "cafe", "OFFICE": null, "SHOP": null, "TOURISM": null, "SPORT": null, "OSM_TYPE": "node", "OSM_ID": 6475712685 }, "geometry": { "type": "Point", "coordinates": [ 38.975586, 45.0360834 ] } },
{ "type": "Feature", "properties": { "NAME": "Zавтрак", "NAME_EN": null, "NAME_RU": null, "MAN_MADE": null, "LEISURE": null, "AMENITY": "cafe", "OFFICE": null, "SHOP": null, "TOURISM": null, "SPORT": null, "OSM_TYPE": "node", "OSM_ID": 6482925215 }, "geometry": { "type": "Point", "coordinates": [ 38.971522, 45.0316763 ] } },
{ "type": "Feature", "properties": { "NAME": null, "NAME_EN": null, "NAME_RU": null, "MAN_MADE": null, "LEISURE": null, "AMENITY": "cafe", "OFFICE": null, "SHOP": null, "TOURISM": null, "SPORT": null, "OSM_TYPE": "node", "OSM_ID": 6482925216 }, "geometry": { "type": "Point", "coordinates": [ 38.9700589, 45.0303958 ] } },
{ "type": "Feature", "properties": { "NAME": "Coffee Like", "NAME_EN": null, "NAME_RU": null, "MAN_MADE": null, "LEISURE": null, "AMENITY": "cafe", "OFFICE": null, "SHOP": null, "TOURISM": null, "SPORT": null, "OSM_TYPE": "node", "OSM_ID": 6536736886 }, "geometry": { "type": "Point", "coordinates": [ 39.1227436, 45.0109552 ] } },
{ "type": "Feature", "properties": { "NAME": "Coffee Like", "NAME_EN": null, "NAME_RU": null, "MAN_MADE": null, "LEISURE": null, "AMENITY": "cafe", "OFFICE": null, "SHOP": null, "TOURISM": null, "SPORT": null, "OSM_TYPE": "node", "OSM_ID": 6536736887 }, "geometry": { "type": "Point", "coordinates": [ 39.0229868, 45.0588957 ] } },
{ "type": "Feature", "properties": { "NAME": "Coffee Like", "NAME_EN": null, "NAME_RU": null, "MAN_MADE": null, "LEISURE": null, "AMENITY": "cafe", "OFFICE": null, "SHOP": null, "TOURISM": null, "SPORT": null, "OSM_TYPE": "node", "OSM_ID": 6536736889 }, "geometry": { "type": "Point", "coordinates": [ 38.9750289, 45.0395632 ] } },
{ "type": "Feature", "properties": { "NAME": "Патрик & Мари", "NAME_EN": null, "NAME_RU": null, "MAN_MADE": null, "LEISURE": null, "AMENITY": "cafe", "OFFICE": null, "SHOP": null, "TOURISM": null, "SPORT": null, "OSM_TYPE": "node", "OSM_ID": 6549189786 }, "geometry": { "type": "Point", "coordinates": [ 38.9787544, 45.0497469 ] } },
{ "type": "Feature", "properties": { "NAME": "Бублик", "NAME_EN": null, "NAME_RU": null, "MAN_MADE": null, "LEISURE": null, "AMENITY": "cafe", "OFFICE": null, "SHOP": null, "TOURISM": null, "SPORT": null, "OSM_TYPE": "node", "OSM_ID": 6570999952 }, "geometry": { "type": "Point", "coordinates": [ 38.9998797, 45.076198 ] } },
{ "type": "Feature", "properties": { "NAME": "Доминанта", "NAME_EN": null, "NAME_RU": null, "MAN_MADE": null, "LEISURE": null, "AMENITY": "pharmacy", "OFFICE": null, "SHOP": null, "TOURISM": null, "SPORT": null, "OSM_TYPE": "node", "OSM_ID": 6570999953 }, "geometry": { "type": "Point", "coordinates": [ 39.0018424, 45.0823359 ] } },
{ "type": "Feature", "properties": { "NAME": "Апрель", "NAME_EN": null, "NAME_RU": null, "MAN_MADE": null, "LEISURE": null, "AMENITY": "pharmacy", "OFFICE": null, "SHOP": null, "TOURISM": null, "SPORT": null, "OSM_TYPE": "node", "OSM_ID": 6584720293 }, "geometry": { "type": "Point", "coordinates": [ 39.0019396, 45.081146 ] } },
{ "type": "Feature", "properties": { "NAME": "Социальная аптека", "NAME_EN": null, "NAME_RU": null, "MAN_MADE": null, "LEISURE": null, "AMENITY": "pharmacy", "OFFICE": null, "SHOP": null, "TOURISM": null, "SPORT": null, "OSM_TYPE": "node", "OSM_ID": 6591935439 }, "geometry": { "type": "Point", "coordinates": [ 38.9821534, 45.0592891 ] } },
{ "type": "Feature", "properties": { "NAME": "Твой доктор", "NAME_EN": null, "NAME_RU": null, "MAN_MADE": null, "LEISURE": null, "AMENITY": "pharmacy", "OFFICE": null, "SHOP": null, "TOURISM": null, "SPORT": null, "OSM_TYPE": "node", "OSM_ID": 6591935458 }, "geometry": { "type": "Point", "coordinates": [ 38.984302, 45.0587256 ] } },
{ "type": "Feature", "properties": { "NAME": "Surf Coffee", "NAME_EN": null, "NAME_RU": null, "MAN_MADE": null, "LEISURE": null, "AMENITY": "cafe", "OFFICE": null, "SHOP": null, "TOURISM": null, "SPORT": null, "OSM_TYPE": "node", "OSM_ID": 6608880586 }, "geometry": { "type": "Point", "coordinates": [ 38.9839635, 45.0583733 ] } },
{ "type": "Feature", "properties": { "NAME": "Финам", "NAME_EN": null, "NAME_RU": null, "MAN_MADE": null, "LEISURE": null, "AMENITY": "bank", "OFFICE": null, "SHOP": null, "TOURISM": null, "SPORT": null, "OSM_TYPE": "node", "OSM_ID": 6669570454 }, "geometry": { "type": "Point", "coordinates": [ 38.9794897, 45.0533808 ] } },
{ "type": "Feature", "properties": { "NAME": null, "NAME_EN": null, "NAME_RU": null, "MAN_MADE": null, "LEISURE": null, "AMENITY": "cafe", "OFFICE": null, "SHOP": null, "TOURISM": null, "SPORT": null, "OSM_TYPE": "node", "OSM_ID": 6670317008 }, "geometry": { "type": "Point", "coordinates": [ 38.9833822, 45.0570728 ] } },
{ "type": "Feature", "properties": { "NAME": "Лаки Фарма", "NAME_EN": null, "NAME_RU": null, "MAN_MADE": null, "LEISURE": null, "AMENITY": "pharmacy", "OFFICE": null, "SHOP": null, "TOURISM": null, "SPORT": null, "OSM_TYPE": "node", "OSM_ID": 6670317017 }, "geometry": { "type": "Point", "coordinates": [ 38.9820992, 45.0540945 ] } },
{ "type": "Feature", "properties": { "NAME": "Социальная аптека", "NAME_EN": null, "NAME_RU": null, "MAN_MADE": null, "LEISURE": null, "AMENITY": "pharmacy", "OFFICE": null, "SHOP": null, "TOURISM": null, "SPORT": null, "OSM_TYPE": "node", "OSM_ID": 6670317039 }, "geometry": { "type": "Point", "coordinates": [ 38.9787175, 45.0496445 ] } },
{ "type": "Feature", "properties": { "NAME": "Вафливафли", "NAME_EN": null, "NAME_RU": null, "MAN_MADE": null, "LEISURE": null, "AMENITY": "cafe", "OFFICE": null, "SHOP": null, "TOURISM": null, "SPORT": null, "OSM_TYPE": "node", "OSM_ID": 6670317040 }, "geometry": { "type": "Point", "coordinates": [ 38.9791755, 45.0512429 ] } },
{ "type": "Feature", "properties": { "NAME": "Bistro 11", "NAME_EN": null, "NAME_RU": null, "MAN_MADE": null, "LEISURE": null, "AMENITY": "restaurant", "OFFICE": null, "SHOP": null, "TOURISM": null, "SPORT": null, "OSM_TYPE": "node", "OSM_ID": 6672496252 }, "geometry": { "type": "Point", "coordinates": [ 38.9546978, 45.0651856 ] } },
{ "type": "Feature", "properties": { "NAME": "Past Perfect", "NAME_EN": null, "NAME_RU": null, "MAN_MADE": null, "LEISURE": null, "AMENITY": "cafe", "OFFICE": null, "SHOP": null, "TOURISM": null, "SPORT": null, "OSM_TYPE": "node", "OSM_ID": 6674093285 }, "geometry": { "type": "Point", "coordinates": [ 38.9726899, 45.031554 ] } },
{ "type": "Feature", "properties": { "NAME": "Юг Фарма", "NAME_EN": null, "NAME_RU": null, "MAN_MADE": null, "LEISURE": null, "AMENITY": "pharmacy", "OFFICE": null, "SHOP": null, "TOURISM": null, "SPORT": null, "OSM_TYPE": "node", "OSM_ID": 6700329516 }, "geometry": { "type": "Point", "coordinates": [ 38.9987458, 45.0523892 ] } },
{ "type": "Feature", "properties": { "NAME": "ArtHouse", "NAME_EN": null, "NAME_RU": null, "MAN_MADE": null, "LEISURE": null, "AMENITY": "cafe", "OFFICE": null, "SHOP": null, "TOURISM": null, "SPORT": null, "OSM_TYPE": "node", "OSM_ID": 6702330032 }, "geometry": { "type": "Point", "coordinates": [ 38.9387991, 45.0382156 ] } },
{ "type": "Feature", "properties": { "NAME": "Belissimo", "NAME_EN": null, "NAME_RU": null, "MAN_MADE": null, "LEISURE": null, "AMENITY": "cafe", "OFFICE": null, "SHOP": null, "TOURISM": null, "SPORT": null, "OSM_TYPE": "node", "OSM_ID": 6712690683 }, "geometry": { "type": "Point", "coordinates": [ 39.0032685, 45.0515334 ] } },
{ "type": "Feature", "properties": { "NAME": "Зенит", "NAME_EN": null, "NAME_RU": null, "MAN_MADE": null, "LEISURE": null, "AMENITY": "bank", "OFFICE": null, "SHOP": null, "TOURISM": null, "SPORT": null, "OSM_TYPE": "node", "OSM_ID": 6777109734 }, "geometry": { "type": "Point", "coordinates": [ 38.9749727, 45.0644602 ] } },
{ "type": "Feature", "properties": { "NAME": "Bistro", "NAME_EN": null, "NAME_RU": null, "MAN_MADE": null, "LEISURE": null, "AMENITY": "cafe", "OFFICE": null, "SHOP": null, "TOURISM": null, "SPORT": null, "OSM_TYPE": "node", "OSM_ID": 6796859785 }, "geometry": { "type": "Point", "coordinates": [ 38.9932899, 45.057288 ] } },
{ "type": "Feature", "properties": { "NAME": "Алина", "NAME_EN": "Alina", "NAME_RU": null, "MAN_MADE": null, "LEISURE": null, "AMENITY": "cafe", "OFFICE": null, "SHOP": null, "TOURISM": null, "SPORT": null, "OSM_TYPE": "node", "OSM_ID": 6843932090 }, "geometry": { "type": "Point", "coordinates": [ 38.9345954, 45.0544779 ] } },
{ "type": "Feature", "properties": { "NAME": "Porto Carras", "NAME_EN": null, "NAME_RU": null, "MAN_MADE": null, "LEISURE": null, "AMENITY": "restaurant", "OFFICE": null, "SHOP": null, "TOURISM": null, "SPORT": null, "OSM_TYPE": "node", "OSM_ID": 6919601319 }, "geometry": { "type": "Point", "coordinates": [ 38.9677435, 45.0221852 ] } },
{ "type": "Feature", "properties": { "NAME": "PuriХачаPuri", "NAME_EN": null, "NAME_RU": null, "MAN_MADE": null, "LEISURE": null, "AMENITY": "cafe", "OFFICE": null, "SHOP": null, "TOURISM": null, "SPORT": null, "OSM_TYPE": "node", "OSM_ID": 6954256887 }, "geometry": { "type": "Point", "coordinates": [ 38.9981121, 45.0382867 ] } },
{ "type": "Feature", "properties": { "NAME": "Уральский банк реконструкции и развития", "NAME_EN": null, "NAME_RU": null, "MAN_MADE": null, "LEISURE": null, "AMENITY": "bank", "OFFICE": null, "SHOP": null, "TOURISM": null, "SPORT": null, "OSM_TYPE": "node", "OSM_ID": 6966390374 }, "geometry": { "type": "Point", "coordinates": [ 38.9780029, 45.0476342 ] } },
{ "type": "Feature", "properties": { "NAME": "Уральский банк реконструкции и развития", "NAME_EN": null, "NAME_RU": null, "MAN_MADE": null, "LEISURE": null, "AMENITY": "bank", "OFFICE": null, "SHOP": null, "TOURISM": null, "SPORT": null, "OSM_TYPE": "node", "OSM_ID": 6966390375 }, "geometry": { "type": "Point", "coordinates": [ 38.9863747, 45.0389803 ] } },
{ "type": "Feature", "properties": { "NAME": "Уральский банк реконструкции и развития", "NAME_EN": null, "NAME_RU": null, "MAN_MADE": null, "LEISURE": null, "AMENITY": "bank", "OFFICE": null, "SHOP": null, "TOURISM": null, "SPORT": null, "OSM_TYPE": "node", "OSM_ID": 6966390376 }, "geometry": { "type": "Point", "coordinates": [ 38.987144, 45.039184 ] } },
{ "type": "Feature", "properties": { "NAME": "Кофе муз", "NAME_EN": null, "NAME_RU": null, "MAN_MADE": null, "LEISURE": null, "AMENITY": "cafe", "OFFICE": null, "SHOP": null, "TOURISM": null, "SPORT": null, "OSM_TYPE": "node", "OSM_ID": 6966443915 }, "geometry": { "type": "Point", "coordinates": [ 38.968953, 45.019634 ] } },
{ "type": "Feature", "properties": { "NAME": "Кофе муз", "NAME_EN": null, "NAME_RU": null, "MAN_MADE": null, "LEISURE": null, "AMENITY": "cafe", "OFFICE": null, "SHOP": null, "TOURISM": null, "SPORT": null, "OSM_TYPE": "node", "OSM_ID": 6966443939 }, "geometry": { "type": "Point", "coordinates": [ 39.002334, 45.054386 ] } },
{ "type": "Feature", "properties": { "NAME": "Coffee Like", "NAME_EN": null, "NAME_RU": null, "MAN_MADE": null, "LEISURE": null, "AMENITY": "cafe", "OFFICE": null, "SHOP": null, "TOURISM": null, "SPORT": null, "OSM_TYPE": "node", "OSM_ID": 6966446759 }, "geometry": { "type": "Point", "coordinates": [ 38.983977, 45.053822 ] } },
{ "type": "Feature", "properties": { "NAME": "Халилбеку", "NAME_EN": "Halal cafe", "NAME_RU": "Халяль кафе", "MAN_MADE": null, "LEISURE": null, "AMENITY": "cafe", "OFFICE": null, "SHOP": null, "TOURISM": null, "SPORT": null, "OSM_TYPE": "node", "OSM_ID": 7001486185 }, "geometry": { "type": "Point", "coordinates": [ 38.9628501, 45.0503727 ] } },
{ "type": "Feature", "properties": { "NAME": "Альфа-Банк", "NAME_EN": "Alfa-Bank", "NAME_RU": "Альфа-Банк", "MAN_MADE": null, "LEISURE": null, "AMENITY": "bank", "OFFICE": null, "SHOP": null, "TOURISM": null, "SPORT": null, "OSM_TYPE": "node", "OSM_ID": 7042610923 }, "geometry": { "type": "Point", "coordinates": [ 39.0137266, 45.0206568 ] } },
{ "type": "Feature", "properties": { "NAME": "Альфа-Банк", "NAME_EN": "Alfa-Bank", "NAME_RU": "Альфа-Банк", "MAN_MADE": null, "LEISURE": null, "AMENITY": "bank", "OFFICE": null, "SHOP": null, "TOURISM": null, "SPORT": null, "OSM_TYPE": "node", "OSM_ID": 7042610924 }, "geometry": { "type": "Point", "coordinates": [ 39.0419915, 45.0232664 ] } },
{ "type": "Feature", "properties": { "NAME": "Альфа-Банк", "NAME_EN": "Alfa-Bank", "NAME_RU": "Альфа-Банк", "MAN_MADE": null, "LEISURE": null, "AMENITY": "bank", "OFFICE": null, "SHOP": null, "TOURISM": null, "SPORT": null, "OSM_TYPE": "node", "OSM_ID": 7042610926 }, "geometry": { "type": "Point", "coordinates": [ 38.9588851, 45.0520417 ] } },
{ "type": "Feature", "properties": { "NAME": "Пицца Робертино", "NAME_EN": "Pizzeria Robertino", "NAME_RU": null, "MAN_MADE": null, "LEISURE": null, "AMENITY": "cafe", "OFFICE": null, "SHOP": null, "TOURISM": null, "SPORT": null, "OSM_TYPE": "node", "OSM_ID": 7067992867 }, "geometry": { "type": "Point", "coordinates": [ 38.9694361, 45.0276886 ] } },
{ "type": "Feature", "properties": { "NAME": "Магнит Аптека", "NAME_EN": null, "NAME_RU": null, "MAN_MADE": null, "LEISURE": null, "AMENITY": "pharmacy", "OFFICE": null, "SHOP": null, "TOURISM": null, "SPORT": null, "OSM_TYPE": "node", "OSM_ID": 7119692785 }, "geometry": { "type": "Point", "coordinates": [ 39.0211429, 45.0881219 ] } },
{ "type": "Feature", "properties": { "NAME": null, "NAME_EN": null, "NAME_RU": null, "MAN_MADE": null, "LEISURE": null, "AMENITY": "pharmacy", "OFFICE": null, "SHOP": null, "TOURISM": null, "SPORT": null, "OSM_TYPE": "node", "OSM_ID": 7131811450 }, "geometry": { "type": "Point", "coordinates": [ 39.1352447, 45.0845114 ] } },
{ "type": "Feature", "properties": { "NAME": "Социальная аптека", "NAME_EN": null, "NAME_RU": null, "MAN_MADE": null, "LEISURE": null, "AMENITY": "pharmacy", "OFFICE": null, "SHOP": null, "TOURISM": null, "SPORT": null, "OSM_TYPE": "node", "OSM_ID": 7203677331 }, "geometry": { "type": "Point", "coordinates": [ 38.9900637, 45.0531489 ] } },
{ "type": "Feature", "properties": { "NAME": "Лаки Фарма", "NAME_EN": null, "NAME_RU": null, "MAN_MADE": null, "LEISURE": null, "AMENITY": "pharmacy", "OFFICE": null, "SHOP": null, "TOURISM": null, "SPORT": null, "OSM_TYPE": "node", "OSM_ID": 7211657967 }, "geometry": { "type": "Point", "coordinates": [ 39.0062102, 45.0980035 ] } },
{ "type": "Feature", "properties": { "NAME": null, "NAME_EN": null, "NAME_RU": null, "MAN_MADE": null, "LEISURE": null, "AMENITY": "pharmacy", "OFFICE": null, "SHOP": null, "TOURISM": null, "SPORT": null, "OSM_TYPE": "node", "OSM_ID": 7211674839 }, "geometry": { "type": "Point", "coordinates": [ 39.0046463, 45.0982323 ] } },
{ "type": "Feature", "properties": { "NAME": "Coffee Set", "NAME_EN": "Coffee Set", "NAME_RU": null, "MAN_MADE": null, "LEISURE": null, "AMENITY": "cafe", "OFFICE": null, "SHOP": null, "TOURISM": null, "SPORT": null, "OSM_TYPE": "node", "OSM_ID": 7227849586 }, "geometry": { "type": "Point", "coordinates": [ 38.9716703, 45.0298811 ] } },
{ "type": "Feature", "properties": { "NAME": null, "NAME_EN": null, "NAME_RU": null, "MAN_MADE": null, "LEISURE": null, "AMENITY": "pharmacy", "OFFICE": null, "SHOP": null, "TOURISM": null, "SPORT": null, "OSM_TYPE": "node", "OSM_ID": 7271355311 }, "geometry": { "type": "Point", "coordinates": [ 39.028902, 45.1161565 ] } },
{ "type": "Feature", "properties": { "NAME": "ЛокоБанк", "NAME_EN": null, "NAME_RU": null, "MAN_MADE": null, "LEISURE": null, "AMENITY": "bank", "OFFICE": null, "SHOP": null, "TOURISM": null, "SPORT": null, "OSM_TYPE": "node", "OSM_ID": 7292071701 }, "geometry": { "type": "Point", "coordinates": [ 38.9731729, 45.0268259 ] } },
{ "type": "Feature", "properties": { "NAME": "Столовая ИП Калашин", "NAME_EN": null, "NAME_RU": null, "MAN_MADE": null, "LEISURE": null, "AMENITY": "cafe", "OFFICE": null, "SHOP": null, "TOURISM": null, "SPORT": null, "OSM_TYPE": "node", "OSM_ID": 7310092485 }, "geometry": { "type": "Point", "coordinates": [ 38.9857038, 45.0545047 ] } },
{ "type": "Feature", "properties": { "NAME": "Вита Экспресс", "NAME_EN": "Vita Express", "NAME_RU": "Вита Экспресс", "MAN_MADE": null, "LEISURE": null, "AMENITY": "pharmacy", "OFFICE": null, "SHOP": null, "TOURISM": null, "SPORT": null, "OSM_TYPE": "node", "OSM_ID": 7312406126 }, "geometry": { "type": "Point", "coordinates": [ 39.0024598, 45.0624861 ] } },
{ "type": "Feature", "properties": { "NAME": "Сакура", "NAME_EN": null, "NAME_RU": null, "MAN_MADE": null, "LEISURE": null, "AMENITY": "restaurant", "OFFICE": null, "SHOP": null, "TOURISM": null, "SPORT": null, "OSM_TYPE": "node", "OSM_ID": 7366706480 }, "geometry": { "type": "Point", "coordinates": [ 39.019154, 45.0852168 ] } },
{ "type": "Feature", "properties": { "NAME": "Сбербанк", "NAME_EN": null, "NAME_RU": null, "MAN_MADE": null, "LEISURE": null, "AMENITY": "bank", "OFFICE": null, "SHOP": null, "TOURISM": null, "SPORT": null, "OSM_TYPE": "node", "OSM_ID": 7385502508 }, "geometry": { "type": "Point", "coordinates": [ 38.9780411, 45.0476971 ] } },
{ "type": "Feature", "properties": { "NAME": "Сбербанк", "NAME_EN": null, "NAME_RU": null, "MAN_MADE": null, "LEISURE": null, "AMENITY": "bank", "OFFICE": null, "SHOP": null, "TOURISM": null, "SPORT": null, "OSM_TYPE": "node", "OSM_ID": 7385502522 }, "geometry": { "type": "Point", "coordinates": [ 38.9761421, 45.0340154 ] } },
{ "type": "Feature", "properties": { "NAME": "Сбербанк", "NAME_EN": null, "NAME_RU": null, "MAN_MADE": null, "LEISURE": null, "AMENITY": "bank", "OFFICE": null, "SHOP": null, "TOURISM": null, "SPORT": null, "OSM_TYPE": "node", "OSM_ID": 7385502541 }, "geometry": { "type": "Point", "coordinates": [ 38.910436, 45.0311627 ] } },
{ "type": "Feature", "properties": { "NAME": "Сбербанк", "NAME_EN": null, "NAME_RU": null, "MAN_MADE": null, "LEISURE": null, "AMENITY": "bank", "OFFICE": null, "SHOP": null, "TOURISM": null, "SPORT": null, "OSM_TYPE": "node", "OSM_ID": 7385514632 }, "geometry": { "type": "Point", "coordinates": [ 38.9619505, 45.0419436 ] } },
{ "type": "Feature", "properties": { "NAME": "Сбербанк", "NAME_EN": null, "NAME_RU": null, "MAN_MADE": null, "LEISURE": null, "AMENITY": "bank", "OFFICE": null, "SHOP": null, "TOURISM": null, "SPORT": null, "OSM_TYPE": "node", "OSM_ID": 7385514670 }, "geometry": { "type": "Point", "coordinates": [ 39.0099218, 45.0185107 ] } },
{ "type": "Feature", "properties": { "NAME": "Сбербанк", "NAME_EN": null, "NAME_RU": null, "MAN_MADE": null, "LEISURE": null, "AMENITY": "bank", "OFFICE": null, "SHOP": null, "TOURISM": null, "SPORT": null, "OSM_TYPE": "node", "OSM_ID": 7385523894 }, "geometry": { "type": "Point", "coordinates": [ 39.0135522, 45.0205899 ] } },
{ "type": "Feature", "properties": { "NAME": "Сбербанк", "NAME_EN": null, "NAME_RU": null, "MAN_MADE": null, "LEISURE": null, "AMENITY": "bank", "OFFICE": null, "SHOP": null, "TOURISM": null, "SPORT": null, "OSM_TYPE": "node", "OSM_ID": 7385523895 }, "geometry": { "type": "Point", "coordinates": [ 38.9174251, 45.0320122 ] } },
{ "type": "Feature", "properties": { "NAME": "Сбербанк", "NAME_EN": null, "NAME_RU": null, "MAN_MADE": null, "LEISURE": null, "AMENITY": "bank", "OFFICE": null, "SHOP": null, "TOURISM": null, "SPORT": null, "OSM_TYPE": "node", "OSM_ID": 7385523896 }, "geometry": { "type": "Point", "coordinates": [ 38.9594454, 45.0274547 ] } },
{ "type": "Feature", "properties": { "NAME": "Сбербанк", "NAME_EN": "Sberbank", "NAME_RU": "Сбербанк", "MAN_MADE": null, "LEISURE": null, "AMENITY": "bank", "OFFICE": null, "SHOP": null, "TOURISM": null, "SPORT": null, "OSM_TYPE": "node", "OSM_ID": 7385588823 }, "geometry": { "type": "Point", "coordinates": [ 39.0031622, 45.0935612 ] } },
{ "type": "Feature", "properties": { "NAME": "Модульбанк", "NAME_EN": null, "NAME_RU": null, "MAN_MADE": null, "LEISURE": null, "AMENITY": "bank", "OFFICE": null, "SHOP": null, "TOURISM": null, "SPORT": null, "OSM_TYPE": "node", "OSM_ID": 7402479971 }, "geometry": { "type": "Point", "coordinates": [ 38.9714047, 45.0253372 ] } },
{ "type": "Feature", "properties": { "NAME": "Кофе муз", "NAME_EN": null, "NAME_RU": null, "MAN_MADE": null, "LEISURE": null, "AMENITY": "cafe", "OFFICE": null, "SHOP": null, "TOURISM": null, "SPORT": null, "OSM_TYPE": "node", "OSM_ID": 7437501392 }, "geometry": { "type": "Point", "coordinates": [ 39.001218, 45.063128 ] } },
{ "type": "Feature", "properties": { "NAME": "Кофе муз", "NAME_EN": null, "NAME_RU": null, "MAN_MADE": null, "LEISURE": null, "AMENITY": "cafe", "OFFICE": null, "SHOP": null, "TOURISM": null, "SPORT": null, "OSM_TYPE": "node", "OSM_ID": 7437501398 }, "geometry": { "type": "Point", "coordinates": [ 38.9721537, 45.020133 ] } },
{ "type": "Feature", "properties": { "NAME": "Кофе муз", "NAME_EN": null, "NAME_RU": null, "MAN_MADE": null, "LEISURE": null, "AMENITY": "cafe", "OFFICE": null, "SHOP": null, "TOURISM": null, "SPORT": null, "OSM_TYPE": "node", "OSM_ID": 7437501401 }, "geometry": { "type": "Point", "coordinates": [ 39.023081, 45.020912 ] } },
{ "type": "Feature", "properties": { "NAME": "Фарфор", "NAME_EN": null, "NAME_RU": null, "MAN_MADE": null, "LEISURE": null, "AMENITY": "cafe", "OFFICE": null, "SHOP": null, "TOURISM": null, "SPORT": null, "OSM_TYPE": "node", "OSM_ID": 7503476007 }, "geometry": { "type": "Point", "coordinates": [ 39.030384, 45.071532 ] } },
{ "type": "Feature", "properties": { "NAME": "Фарфор", "NAME_EN": null, "NAME_RU": null, "MAN_MADE": null, "LEISURE": null, "AMENITY": "cafe", "OFFICE": null, "SHOP": null, "TOURISM": null, "SPORT": null, "OSM_TYPE": "node", "OSM_ID": 7503476012 }, "geometry": { "type": "Point", "coordinates": [ 39.0747589, 44.9967002 ] } },
{ "type": "Feature", "properties": { "NAME": "Фарфор", "NAME_EN": null, "NAME_RU": null, "MAN_MADE": null, "LEISURE": null, "AMENITY": "cafe", "OFFICE": null, "SHOP": null, "TOURISM": null, "SPORT": null, "OSM_TYPE": "node", "OSM_ID": 7503476013 }, "geometry": { "type": "Point", "coordinates": [ 38.969375, 45.062518 ] } },
{ "type": "Feature", "properties": { "NAME": "Сбербанк", "NAME_EN": "Sberbank", "NAME_RU": "Сбербанк", "MAN_MADE": null, "LEISURE": null, "AMENITY": "bank", "OFFICE": null, "SHOP": null, "TOURISM": null, "SPORT": null, "OSM_TYPE": "node", "OSM_ID": 7571980701 }, "geometry": { "type": "Point", "coordinates": [ 38.9999709, 45.0731868 ] } },
{ "type": "Feature", "properties": { "NAME": "Лаки Фарма", "NAME_EN": null, "NAME_RU": null, "MAN_MADE": null, "LEISURE": null, "AMENITY": "pharmacy", "OFFICE": null, "SHOP": null, "TOURISM": null, "SPORT": null, "OSM_TYPE": "node", "OSM_ID": 7579850763 }, "geometry": { "type": "Point", "coordinates": [ 38.9086845, 45.0930372 ] } },
{ "type": "Feature", "properties": { "NAME": "Здоровый Век", "NAME_EN": null, "NAME_RU": null, "MAN_MADE": null, "LEISURE": null, "AMENITY": "pharmacy", "OFFICE": null, "SHOP": null, "TOURISM": null, "SPORT": null, "OSM_TYPE": "node", "OSM_ID": 7579850765 }, "geometry": { "type": "Point", "coordinates": [ 38.9090332, 45.0933837 ] } },
{ "type": "Feature", "properties": { "NAME": "Не горюй", "NAME_EN": null, "NAME_RU": null, "MAN_MADE": null, "LEISURE": null, "AMENITY": "restaurant", "OFFICE": null, "SHOP": null, "TOURISM": null, "SPORT": null, "OSM_TYPE": "node", "OSM_ID": 7637511027 }, "geometry": { "type": "Point", "coordinates": [ 39.0101215, 45.1260247 ] } },
{ "type": "Feature", "properties": { "NAME": "Домашняя столовая", "NAME_EN": null, "NAME_RU": "Домашняя столовая", "MAN_MADE": null, "LEISURE": null, "AMENITY": "cafe", "OFFICE": null, "SHOP": null, "TOURISM": null, "SPORT": null, "OSM_TYPE": "node", "OSM_ID": 7641032045 }, "geometry": { "type": "Point", "coordinates": [ 38.9700039, 45.02874 ] } },
{ "type": "Feature", "properties": { "NAME": "Социальная аптека", "NAME_EN": null, "NAME_RU": null, "MAN_MADE": null, "LEISURE": null, "AMENITY": "pharmacy", "OFFICE": null, "SHOP": null, "TOURISM": null, "SPORT": null, "OSM_TYPE": "node", "OSM_ID": 7646444063 }, "geometry": { "type": "Point", "coordinates": [ 39.0146896, 45.0209939 ] } },
{ "type": "Feature", "properties": { "NAME": "Аптека №1", "NAME_EN": "Pharmacy №1", "NAME_RU": null, "MAN_MADE": null, "LEISURE": null, "AMENITY": "pharmacy", "OFFICE": null, "SHOP": null, "TOURISM": null, "SPORT": null, "OSM_TYPE": "node", "OSM_ID": 7667715192 }, "geometry": { "type": "Point", "coordinates": [ 38.9553757, 45.1266124 ] } },
{ "type": "Feature", "properties": { "NAME": "Сбербанк", "NAME_EN": "Sberbank", "NAME_RU": "Сбербанк", "MAN_MADE": null, "LEISURE": null, "AMENITY": "bank", "OFFICE": null, "SHOP": null, "TOURISM": null, "SPORT": null, "OSM_TYPE": "node", "OSM_ID": 7672946588 }, "geometry": { "type": "Point", "coordinates": [ 38.9976802, 45.0191623 ] } },
{ "type": "Feature", "properties": { "NAME": "Дом РФ", "NAME_EN": null, "NAME_RU": null, "MAN_MADE": null, "LEISURE": null, "AMENITY": "bank", "OFFICE": null, "SHOP": null, "TOURISM": null, "SPORT": null, "OSM_TYPE": "node", "OSM_ID": 7683025945 }, "geometry": { "type": "Point", "coordinates": [ 38.9715099, 45.0269609 ] } },
{ "type": "Feature", "properties": { "NAME": "Вита Экспресс", "NAME_EN": "Vita Express", "NAME_RU": "Вита Экспресс", "MAN_MADE": null, "LEISURE": null, "AMENITY": "pharmacy", "OFFICE": null, "SHOP": null, "TOURISM": null, "SPORT": null, "OSM_TYPE": "node", "OSM_ID": 7710254353 }, "geometry": { "type": "Point", "coordinates": [ 38.9463857, 45.0588428 ] } },
{ "type": "Feature", "properties": { "NAME": "Вита Экспресс", "NAME_EN": "Vita Express", "NAME_RU": "Вита Экспресс", "MAN_MADE": null, "LEISURE": null, "AMENITY": "pharmacy", "OFFICE": null, "SHOP": null, "TOURISM": null, "SPORT": null, "OSM_TYPE": "node", "OSM_ID": 7710298523 }, "geometry": { "type": "Point", "coordinates": [ 39.0181321, 45.1104734 ] } },
{ "type": "Feature", "properties": { "NAME": "Вита Центральная", "NAME_EN": null, "NAME_RU": null, "MAN_MADE": null, "LEISURE": null, "AMENITY": "pharmacy", "OFFICE": null, "SHOP": null, "TOURISM": null, "SPORT": null, "OSM_TYPE": "node", "OSM_ID": 7710301843 }, "geometry": { "type": "Point", "coordinates": [ 39.019672, 45.0552 ] } },
{ "type": "Feature", "properties": { "NAME": "Вита Экспресс", "NAME_EN": "Vita Express", "NAME_RU": "Вита Экспресс", "MAN_MADE": null, "LEISURE": null, "AMENITY": "pharmacy", "OFFICE": null, "SHOP": null, "TOURISM": null, "SPORT": null, "OSM_TYPE": "node", "OSM_ID": 7710304630 }, "geometry": { "type": "Point", "coordinates": [ 38.9073488, 45.0297391 ] } },
{ "type": "Feature", "properties": { "NAME": "Вита Экспресс", "NAME_EN": "Vita Express", "NAME_RU": "Вита Экспресс", "MAN_MADE": null, "LEISURE": null, "AMENITY": "pharmacy", "OFFICE": null, "SHOP": null, "TOURISM": null, "SPORT": null, "OSM_TYPE": "node", "OSM_ID": 7710304666 }, "geometry": { "type": "Point", "coordinates": [ 39.0368056, 45.0121317 ] } },
{ "type": "Feature", "properties": { "NAME": "Вита Экспресс", "NAME_EN": "Vita Express", "NAME_RU": "Вита Экспресс", "MAN_MADE": null, "LEISURE": null, "AMENITY": "pharmacy", "OFFICE": null, "SHOP": null, "TOURISM": null, "SPORT": null, "OSM_TYPE": "node", "OSM_ID": 7710307901 }, "geometry": { "type": "Point", "coordinates": [ 38.9115947, 45.0385586 ] } },
{ "type": "Feature", "properties": { "NAME": "Вита Экспресс", "NAME_EN": "Vita Express", "NAME_RU": "Вита Экспресс", "MAN_MADE": null, "LEISURE": null, "AMENITY": "pharmacy", "OFFICE": null, "SHOP": null, "TOURISM": null, "SPORT": null, "OSM_TYPE": "node", "OSM_ID": 7710312252 }, "geometry": { "type": "Point", "coordinates": [ 38.9999521, 45.0196041 ] } },
{ "type": "Feature", "properties": { "NAME": "Вита Экспресс", "NAME_EN": "Vita Express", "NAME_RU": "Вита Экспресс", "MAN_MADE": null, "LEISURE": null, "AMENITY": "pharmacy", "OFFICE": null, "SHOP": null, "TOURISM": null, "SPORT": null, "OSM_TYPE": "node", "OSM_ID": 7710312300 }, "geometry": { "type": "Point", "coordinates": [ 38.9087248, 45.0281997 ] } },
{ "type": "Feature", "properties": { "NAME": "Burgerbar", "NAME_EN": null, "NAME_RU": null, "MAN_MADE": null, "LEISURE": null, "AMENITY": "cafe", "OFFICE": null, "SHOP": null, "TOURISM": null, "SPORT": null, "OSM_TYPE": "node", "OSM_ID": 7752668086 }, "geometry": { "type": "Point", "coordinates": [ 39.0329562, 45.0406722 ] } },
{ "type": "Feature", "properties": { "NAME": "Kafe Krasnodar", "NAME_EN": null, "NAME_RU": "Краснодар", "MAN_MADE": null, "LEISURE": null, "AMENITY": "cafe", "OFFICE": null, "SHOP": null, "TOURISM": null, "SPORT": null, "OSM_TYPE": "node", "OSM_ID": 7752668087 }, "geometry": { "type": "Point", "coordinates": [ 39.0331965, 45.0407984 ] } },
{ "type": "Feature", "properties": { "NAME": "Блин&Пельмень", "NAME_EN": null, "NAME_RU": null, "MAN_MADE": null, "LEISURE": null, "AMENITY": "cafe", "OFFICE": null, "SHOP": null, "TOURISM": null, "SPORT": null, "OSM_TYPE": "node", "OSM_ID": 7783245785 }, "geometry": { "type": "Point", "coordinates": [ 39.0187719, 45.0281566 ] } },
{ "type": "Feature", "properties": { "NAME": "Аптечный пункт", "NAME_EN": null, "NAME_RU": null, "MAN_MADE": null, "LEISURE": null, "AMENITY": "pharmacy", "OFFICE": null, "SHOP": null, "TOURISM": null, "SPORT": null, "OSM_TYPE": "node", "OSM_ID": 7813329085 }, "geometry": { "type": "Point", "coordinates": [ 38.9730981, 45.0280226 ] } },
{ "type": "Feature", "properties": { "NAME": "Радуга звуков", "NAME_EN": null, "NAME_RU": null, "MAN_MADE": null, "LEISURE": null, "AMENITY": "pharmacy", "OFFICE": null, "SHOP": "hearing_aids", "TOURISM": null, "SPORT": null, "OSM_TYPE": "node", "OSM_ID": 7826580386 }, "geometry": { "type": "Point", "coordinates": [ 38.9739298, 45.0140751 ] } },
{ "type": "Feature", "properties": { "NAME": "КФС Ремедиа", "NAME_EN": null, "NAME_RU": null, "MAN_MADE": null, "LEISURE": null, "AMENITY": "pharmacy", "OFFICE": null, "SHOP": null, "TOURISM": null, "SPORT": null, "OSM_TYPE": "node", "OSM_ID": 7826580387 }, "geometry": { "type": "Point", "coordinates": [ 38.9681066, 45.0091809 ] } },
{ "type": "Feature", "properties": { "NAME": "Ортопедический салон Максимед", "NAME_EN": null, "NAME_RU": null, "MAN_MADE": null, "LEISURE": null, "AMENITY": "pharmacy", "OFFICE": null, "SHOP": null, "TOURISM": null, "SPORT": null, "OSM_TYPE": "node", "OSM_ID": 7826580388 }, "geometry": { "type": "Point", "coordinates": [ 38.9683853, 45.0099567 ] } },
{ "type": "Feature", "properties": { "NAME": "Миг любви", "NAME_EN": null, "NAME_RU": "Миг любви", "MAN_MADE": null, "LEISURE": null, "AMENITY": "cafe", "OFFICE": null, "SHOP": null, "TOURISM": null, "SPORT": null, "OSM_TYPE": "node", "OSM_ID": 7826590085 }, "geometry": { "type": "Point", "coordinates": [ 38.9711145, 45.0133412 ] } },
{ "type": "Feature", "properties": { "NAME": "Лаки Фарма", "NAME_EN": null, "NAME_RU": null, "MAN_MADE": null, "LEISURE": null, "AMENITY": "pharmacy", "OFFICE": null, "SHOP": null, "TOURISM": null, "SPORT": null, "OSM_TYPE": "node", "OSM_ID": 7826590086 }, "geometry": { "type": "Point", "coordinates": [ 38.9681582, 45.00932 ] } },
{ "type": "Feature", "properties": { "NAME": "КФС Ремедиа", "NAME_EN": null, "NAME_RU": null, "MAN_MADE": null, "LEISURE": null, "AMENITY": "pharmacy", "OFFICE": null, "SHOP": null, "TOURISM": null, "SPORT": null, "OSM_TYPE": "node", "OSM_ID": 7826590186 }, "geometry": { "type": "Point", "coordinates": [ 38.9683519, 45.0098333 ] } },
{ "type": "Feature", "properties": { "NAME": "Санторини", "NAME_EN": "Santorini", "NAME_RU": null, "MAN_MADE": null, "LEISURE": null, "AMENITY": "cafe", "OFFICE": null, "SHOP": null, "TOURISM": null, "SPORT": null, "OSM_TYPE": "node", "OSM_ID": 7826590785 }, "geometry": { "type": "Point", "coordinates": [ 38.9739479, 45.0141169 ] } },
{ "type": "Feature", "properties": { "NAME": "Sunny", "NAME_EN": null, "NAME_RU": null, "MAN_MADE": null, "LEISURE": null, "AMENITY": "cafe", "OFFICE": null, "SHOP": null, "TOURISM": null, "SPORT": null, "OSM_TYPE": "node", "OSM_ID": 7829807385 }, "geometry": { "type": "Point", "coordinates": [ 38.9725694, 45.0395496 ] } },
{ "type": "Feature", "properties": { "NAME": "Столовая", "NAME_EN": null, "NAME_RU": null, "MAN_MADE": null, "LEISURE": null, "AMENITY": "cafe", "OFFICE": null, "SHOP": null, "TOURISM": null, "SPORT": null, "OSM_TYPE": "node", "OSM_ID": 7829807585 }, "geometry": { "type": "Point", "coordinates": [ 38.9854058, 45.0194155 ] } },
{ "type": "Feature", "properties": { "NAME": null, "NAME_EN": null, "NAME_RU": null, "MAN_MADE": null, "LEISURE": null, "AMENITY": "pharmacy", "OFFICE": null, "SHOP": null, "TOURISM": null, "SPORT": null, "OSM_TYPE": "node", "OSM_ID": 7829807587 }, "geometry": { "type": "Point", "coordinates": [ 39.0239209, 45.0206896 ] } },
{ "type": "Feature", "properties": { "NAME": "Аптеки Кубани", "NAME_EN": null, "NAME_RU": null, "MAN_MADE": null, "LEISURE": null, "AMENITY": "pharmacy", "OFFICE": null, "SHOP": null, "TOURISM": null, "SPORT": null, "OSM_TYPE": "node", "OSM_ID": 7829807588 }, "geometry": { "type": "Point", "coordinates": [ 39.0275603, 45.0199249 ] } },
{ "type": "Feature", "properties": { "NAME": "N.O.V.A", "NAME_EN": "N.O.V.A", "NAME_RU": null, "MAN_MADE": null, "LEISURE": null, "AMENITY": "cafe", "OFFICE": null, "SHOP": null, "TOURISM": null, "SPORT": null, "OSM_TYPE": "node", "OSM_ID": 7829807591 }, "geometry": { "type": "Point", "coordinates": [ 39.0285364, 45.0217399 ] } },
{ "type": "Feature", "properties": { "NAME": "ООО \"Фармсоюз\"", "NAME_EN": null, "NAME_RU": null, "MAN_MADE": null, "LEISURE": null, "AMENITY": "pharmacy", "OFFICE": null, "SHOP": null, "TOURISM": null, "SPORT": null, "OSM_TYPE": "node", "OSM_ID": 7829807786 }, "geometry": { "type": "Point", "coordinates": [ 39.0192368, 45.0216549 ] } },
{ "type": "Feature", "properties": { "NAME": "Совкомбанк", "NAME_EN": null, "NAME_RU": null, "MAN_MADE": null, "LEISURE": null, "AMENITY": "bank", "OFFICE": null, "SHOP": null, "TOURISM": null, "SPORT": null, "OSM_TYPE": "node", "OSM_ID": 7829807788 }, "geometry": { "type": "Point", "coordinates": [ 39.02308, 45.02085 ] } },
{ "type": "Feature", "properties": { "NAME": "Фармсервис", "NAME_EN": null, "NAME_RU": null, "MAN_MADE": null, "LEISURE": null, "AMENITY": "pharmacy", "OFFICE": null, "SHOP": null, "TOURISM": null, "SPORT": null, "OSM_TYPE": "node", "OSM_ID": 7829807790 }, "geometry": { "type": "Point", "coordinates": [ 39.0235093, 45.0207647 ] } },
{ "type": "Feature", "properties": { "NAME": "23 Плюс", "NAME_EN": null, "NAME_RU": null, "MAN_MADE": null, "LEISURE": null, "AMENITY": "pharmacy", "OFFICE": null, "SHOP": null, "TOURISM": null, "SPORT": null, "OSM_TYPE": "node", "OSM_ID": 7829808985 }, "geometry": { "type": "Point", "coordinates": [ 39.0189048, 45.0216926 ] } },
{ "type": "Feature", "properties": { "NAME": "Краснодар", "NAME_EN": "Krasnodar", "NAME_RU": null, "MAN_MADE": null, "LEISURE": null, "AMENITY": "cafe", "OFFICE": null, "SHOP": null, "TOURISM": null, "SPORT": null, "OSM_TYPE": "node", "OSM_ID": 7830189385 }, "geometry": { "type": "Point", "coordinates": [ 39.0333774, 45.0409044 ] } },
{ "type": "Feature", "properties": { "NAME": "Лаки Фарма", "NAME_EN": null, "NAME_RU": null, "MAN_MADE": null, "LEISURE": null, "AMENITY": "pharmacy", "OFFICE": null, "SHOP": null, "TOURISM": null, "SPORT": null, "OSM_TYPE": "node", "OSM_ID": 7830208585 }, "geometry": { "type": "Point", "coordinates": [ 38.9731033, 45.0200612 ] } },
{ "type": "Feature", "properties": { "NAME": "Транскапиталбанк", "NAME_EN": null, "NAME_RU": null, "MAN_MADE": null, "LEISURE": null, "AMENITY": "bank", "OFFICE": null, "SHOP": null, "TOURISM": null, "SPORT": null, "OSM_TYPE": "node", "OSM_ID": 7831772072 }, "geometry": { "type": "Point", "coordinates": [ 38.9666659, 45.0410206 ] } },
{ "type": "Feature", "properties": { "NAME": "Cinnabon", "NAME_EN": null, "NAME_RU": null, "MAN_MADE": null, "LEISURE": null, "AMENITY": "cafe", "OFFICE": null, "SHOP": null, "TOURISM": null, "SPORT": null, "OSM_TYPE": "node", "OSM_ID": 7832267268 }, "geometry": { "type": "Point", "coordinates": [ 39.0466815, 45.0295132 ] } },
{ "type": "Feature", "properties": { "NAME": "Cinnabon", "NAME_EN": null, "NAME_RU": null, "MAN_MADE": null, "LEISURE": null, "AMENITY": "cafe", "OFFICE": null, "SHOP": null, "TOURISM": null, "SPORT": null, "OSM_TYPE": "node", "OSM_ID": 7832267269 }, "geometry": { "type": "Point", "coordinates": [ 38.9795378, 45.0448869 ] } },
{ "type": "Feature", "properties": { "NAME": "Cinnabon", "NAME_EN": null, "NAME_RU": null, "MAN_MADE": null, "LEISURE": null, "AMENITY": "cafe", "OFFICE": null, "SHOP": null, "TOURISM": null, "SPORT": null, "OSM_TYPE": "node", "OSM_ID": 7832285754 }, "geometry": { "type": "Point", "coordinates": [ 38.9745167, 45.039696 ] } },
{ "type": "Feature", "properties": { "NAME": "Cinnabon", "NAME_EN": null, "NAME_RU": null, "MAN_MADE": null, "LEISURE": null, "AMENITY": "cafe", "OFFICE": null, "SHOP": null, "TOURISM": null, "SPORT": null, "OSM_TYPE": "node", "OSM_ID": 7832285757 }, "geometry": { "type": "Point", "coordinates": [ 39.052687, 45.0342749 ] } },
{ "type": "Feature", "properties": { "NAME": "Cinnabon", "NAME_EN": null, "NAME_RU": null, "MAN_MADE": null, "LEISURE": null, "AMENITY": "cafe", "OFFICE": null, "SHOP": null, "TOURISM": null, "SPORT": null, "OSM_TYPE": "node", "OSM_ID": 7832298090 }, "geometry": { "type": "Point", "coordinates": [ 38.9838749, 45.1026971 ] } },
{ "type": "Feature", "properties": { "NAME": "Starcoff", "NAME_EN": null, "NAME_RU": null, "MAN_MADE": null, "LEISURE": null, "AMENITY": "cafe", "OFFICE": null, "SHOP": null, "TOURISM": null, "SPORT": null, "OSM_TYPE": "node", "OSM_ID": 7889855485 }, "geometry": { "type": "Point", "coordinates": [ 38.9986676, 45.0524165 ] } },
{ "type": "Feature", "properties": { "NAME": "Катенька-Катюша", "NAME_EN": null, "NAME_RU": null, "MAN_MADE": null, "LEISURE": null, "AMENITY": "restaurant", "OFFICE": null, "SHOP": null, "TOURISM": null, "SPORT": null, "OSM_TYPE": "node", "OSM_ID": 7900521485 }, "geometry": { "type": "Point", "coordinates": [ 38.968407, 45.0179986 ] } },
{ "type": "Feature", "properties": { "NAME": "Апрель", "NAME_EN": null, "NAME_RU": null, "MAN_MADE": null, "LEISURE": null, "AMENITY": "pharmacy", "OFFICE": null, "SHOP": null, "TOURISM": null, "SPORT": null, "OSM_TYPE": "node", "OSM_ID": 7946144267 }, "geometry": { "type": "Point", "coordinates": [ 39.0156604, 45.0764395 ] } },
{ "type": "Feature", "properties": { "NAME": "Газпромбанк", "NAME_EN": "Gazprombank", "NAME_RU": null, "MAN_MADE": null, "LEISURE": null, "AMENITY": "bank", "OFFICE": null, "SHOP": null, "TOURISM": null, "SPORT": null, "OSM_TYPE": "node", "OSM_ID": 7951460395 }, "geometry": { "type": "Point", "coordinates": [ 38.974537, 45.0343649 ] } },
{ "type": "Feature", "properties": { "NAME": "Фарфор", "NAME_EN": null, "NAME_RU": null, "MAN_MADE": null, "LEISURE": null, "AMENITY": "cafe", "OFFICE": null, "SHOP": null, "TOURISM": null, "SPORT": null, "OSM_TYPE": "node", "OSM_ID": 7981588327 }, "geometry": { "type": "Point", "coordinates": [ 38.9064673, 45.0284237 ] } },
{ "type": "Feature", "properties": { "NAME": "Rodina южной кухни", "NAME_EN": null, "NAME_RU": null, "MAN_MADE": null, "LEISURE": null, "AMENITY": "cafe", "OFFICE": null, "SHOP": null, "TOURISM": null, "SPORT": null, "OSM_TYPE": "node", "OSM_ID": 7989381885 }, "geometry": { "type": "Point", "coordinates": [ 38.9727252, 45.0364635 ] } },
{ "type": "Feature", "properties": { "NAME": "Архитектор", "NAME_EN": null, "NAME_RU": null, "MAN_MADE": null, "LEISURE": null, "AMENITY": "cafe", "OFFICE": null, "SHOP": null, "TOURISM": null, "SPORT": null, "OSM_TYPE": "node", "OSM_ID": 7989381985 }, "geometry": { "type": "Point", "coordinates": [ 38.9739658, 45.0330952 ] } },
{ "type": "Feature", "properties": { "NAME": "Вита Экспресс", "NAME_EN": "Vita Express", "NAME_RU": "Вита Экспресс", "MAN_MADE": null, "LEISURE": null, "AMENITY": "pharmacy", "OFFICE": null, "SHOP": null, "TOURISM": null, "SPORT": null, "OSM_TYPE": "node", "OSM_ID": 8006970935 }, "geometry": { "type": "Point", "coordinates": [ 38.9827377, 45.0498139 ] } },
{ "type": "Feature", "properties": { "NAME": "coffee in the city", "NAME_EN": null, "NAME_RU": null, "MAN_MADE": null, "LEISURE": null, "AMENITY": "cafe", "OFFICE": null, "SHOP": null, "TOURISM": null, "SPORT": null, "OSM_TYPE": "node", "OSM_ID": 8010032689 }, "geometry": { "type": "Point", "coordinates": [ 38.9693474, 45.0225267 ] } },
{ "type": "Feature", "properties": { "NAME": "Ак Барс Банк", "NAME_EN": null, "NAME_RU": null, "MAN_MADE": null, "LEISURE": null, "AMENITY": "bank", "OFFICE": null, "SHOP": null, "TOURISM": null, "SPORT": null, "OSM_TYPE": "node", "OSM_ID": 8036370639 }, "geometry": { "type": "Point", "coordinates": [ 38.9845266, 45.0385716 ] } },
{ "type": "Feature", "properties": { "NAME": "РНКБ", "NAME_EN": null, "NAME_RU": null, "MAN_MADE": null, "LEISURE": null, "AMENITY": "bank", "OFFICE": null, "SHOP": null, "TOURISM": null, "SPORT": null, "OSM_TYPE": "node", "OSM_ID": 8051702881 }, "geometry": { "type": "Point", "coordinates": [ 38.9716461, 45.0284722 ] } },
{ "type": "Feature", "properties": { "NAME": "Почта Банк", "NAME_EN": "Post Bank", "NAME_RU": "Почта Банк", "MAN_MADE": null, "LEISURE": null, "AMENITY": "bank", "OFFICE": null, "SHOP": null, "TOURISM": null, "SPORT": null, "OSM_TYPE": "node", "OSM_ID": 8059991870 }, "geometry": { "type": "Point", "coordinates": [ 38.9697706, 45.0283866 ] } },
{ "type": "Feature", "properties": { "NAME": null, "NAME_EN": null, "NAME_RU": null, "MAN_MADE": null, "LEISURE": null, "AMENITY": "pharmacy", "OFFICE": null, "SHOP": null, "TOURISM": null, "SPORT": null, "OSM_TYPE": "node", "OSM_ID": 8201566526 }, "geometry": { "type": "Point", "coordinates": [ 39.0032932, 45.0875154 ] } },
{ "type": "Feature", "properties": { "NAME": "Лаки Фарма", "NAME_EN": null, "NAME_RU": null, "MAN_MADE": null, "LEISURE": null, "AMENITY": "pharmacy", "OFFICE": null, "SHOP": null, "TOURISM": null, "SPORT": null, "OSM_TYPE": "node", "OSM_ID": 8203000171 }, "geometry": { "type": "Point", "coordinates": [ 39.0113528, 45.0864327 ] } },
{ "type": "Feature", "properties": { "NAME": "Всё и сразу", "NAME_EN": null, "NAME_RU": null, "MAN_MADE": null, "LEISURE": null, "AMENITY": "cafe", "OFFICE": null, "SHOP": null, "TOURISM": null, "SPORT": null, "OSM_TYPE": "node", "OSM_ID": 8260423971 }, "geometry": { "type": "Point", "coordinates": [ 39.0050153, 45.086053 ] } },
{ "type": "Feature", "properties": { "NAME": "Здоровье", "NAME_EN": null, "NAME_RU": null, "MAN_MADE": null, "LEISURE": null, "AMENITY": "pharmacy", "OFFICE": null, "SHOP": null, "TOURISM": null, "SPORT": null, "OSM_TYPE": "node", "OSM_ID": 8260423973 }, "geometry": { "type": "Point", "coordinates": [ 39.0028203, 45.0852638 ] } },
{ "type": "Feature", "properties": { "NAME": "Loft Cafe", "NAME_EN": null, "NAME_RU": null, "MAN_MADE": null, "LEISURE": null, "AMENITY": "cafe", "OFFICE": null, "SHOP": null, "TOURISM": null, "SPORT": null, "OSM_TYPE": "node", "OSM_ID": 8260423976 }, "geometry": { "type": "Point", "coordinates": [ 39.0077199, 45.0867132 ] } },
{ "type": "Feature", "properties": { "NAME": "Юга", "NAME_EN": null, "NAME_RU": null, "MAN_MADE": null, "LEISURE": null, "AMENITY": "cafe", "OFFICE": null, "SHOP": null, "TOURISM": null, "SPORT": null, "OSM_TYPE": "node", "OSM_ID": 8278843709 }, "geometry": { "type": "Point", "coordinates": [ 39.015753, 45.0742262 ] } },
{ "type": "Feature", "properties": { "NAME": "Кур-Куркума", "NAME_EN": null, "NAME_RU": null, "MAN_MADE": null, "LEISURE": null, "AMENITY": "cafe", "OFFICE": null, "SHOP": null, "TOURISM": null, "SPORT": null, "OSM_TYPE": "node", "OSM_ID": 8285988203 }, "geometry": { "type": "Point", "coordinates": [ 39.0015525, 45.0617627 ] } },
{ "type": "Feature", "properties": { "NAME": "Микстура Плюс", "NAME_EN": null, "NAME_RU": null, "MAN_MADE": null, "LEISURE": null, "AMENITY": "pharmacy", "OFFICE": null, "SHOP": null, "TOURISM": null, "SPORT": null, "OSM_TYPE": "node", "OSM_ID": 8285988204 }, "geometry": { "type": "Point", "coordinates": [ 39.0015733, 45.0616047 ] } },
{ "type": "Feature", "properties": { "NAME": "Венский Кофе", "NAME_EN": null, "NAME_RU": null, "MAN_MADE": null, "LEISURE": null, "AMENITY": "cafe", "OFFICE": null, "SHOP": null, "TOURISM": null, "SPORT": null, "OSM_TYPE": "node", "OSM_ID": 8297001500 }, "geometry": { "type": "Point", "coordinates": [ 39.0116621, 45.0933506 ] } },
{ "type": "Feature", "properties": { "NAME": "Аптечный мир", "NAME_EN": null, "NAME_RU": null, "MAN_MADE": null, "LEISURE": null, "AMENITY": "pharmacy", "OFFICE": null, "SHOP": null, "TOURISM": null, "SPORT": null, "OSM_TYPE": "node", "OSM_ID": 8306332265 }, "geometry": { "type": "Point", "coordinates": [ 39.0077979, 45.0717044 ] } },
{ "type": "Feature", "properties": { "NAME": "Апрель", "NAME_EN": null, "NAME_RU": null, "MAN_MADE": null, "LEISURE": null, "AMENITY": "pharmacy", "OFFICE": null, "SHOP": null, "TOURISM": null, "SPORT": null, "OSM_TYPE": "node", "OSM_ID": 8455236993 }, "geometry": { "type": "Point", "coordinates": [ 39.0108547, 45.0842626 ] } },
{ "type": "Feature", "properties": { "NAME": "Россельхозбанк", "NAME_EN": "Rosselkhozbank", "NAME_RU": "Россельхозбанк", "MAN_MADE": null, "LEISURE": null, "AMENITY": "bank", "OFFICE": null, "SHOP": null, "TOURISM": null, "SPORT": null, "OSM_TYPE": "node", "OSM_ID": 8479238600 }, "geometry": { "type": "Point", "coordinates": [ 38.9709326, 45.0487865 ] } },
{ "type": "Feature", "properties": { "NAME": "УльМар", "NAME_EN": null, "NAME_RU": null, "MAN_MADE": null, "LEISURE": null, "AMENITY": "cafe", "OFFICE": null, "SHOP": null, "TOURISM": null, "SPORT": null, "OSM_TYPE": "node", "OSM_ID": 8576377217 }, "geometry": { "type": "Point", "coordinates": [ 38.8977997, 45.0768109 ] } },
{ "type": "Feature", "properties": { "NAME": "Я тебя люблю", "NAME_EN": null, "NAME_RU": null, "MAN_MADE": null, "LEISURE": null, "AMENITY": "cafe", "OFFICE": null, "SHOP": null, "TOURISM": null, "SPORT": null, "OSM_TYPE": "node", "OSM_ID": 8576377218 }, "geometry": { "type": "Point", "coordinates": [ 38.9707063, 45.0267374 ] } },
{ "type": "Feature", "properties": { "NAME": null, "NAME_EN": "Dialogue", "NAME_RU": null, "MAN_MADE": null, "LEISURE": null, "AMENITY": "cafe", "OFFICE": null, "SHOP": null, "TOURISM": null, "SPORT": null, "OSM_TYPE": "node", "OSM_ID": 8576377317 }, "geometry": { "type": "Point", "coordinates": [ 38.9103417, 45.0402804 ] } },
{ "type": "Feature", "properties": { "NAME": "Coffee Set", "NAME_EN": null, "NAME_RU": null, "MAN_MADE": null, "LEISURE": null, "AMENITY": "cafe", "OFFICE": null, "SHOP": null, "TOURISM": null, "SPORT": null, "OSM_TYPE": "node", "OSM_ID": 8576377417 }, "geometry": { "type": "Point", "coordinates": [ 38.9570323, 45.0649695 ] } },
{ "type": "Feature", "properties": { "NAME": "Sunny", "NAME_EN": "Sunny", "NAME_RU": null, "MAN_MADE": null, "LEISURE": null, "AMENITY": "cafe", "OFFICE": null, "SHOP": null, "TOURISM": null, "SPORT": null, "OSM_TYPE": "node", "OSM_ID": 8576377517 }, "geometry": { "type": "Point", "coordinates": [ 38.961783, 45.0615552 ] } },
{ "type": "Feature", "properties": { "NAME": "Чадо burger bar", "NAME_EN": null, "NAME_RU": null, "MAN_MADE": null, "LEISURE": null, "AMENITY": "cafe", "OFFICE": null, "SHOP": null, "TOURISM": null, "SPORT": null, "OSM_TYPE": "node", "OSM_ID": 8576380019 }, "geometry": { "type": "Point", "coordinates": [ 38.9617657, 45.061821 ] } },
{ "type": "Feature", "properties": { "NAME": "Скотина", "NAME_EN": null, "NAME_RU": null, "MAN_MADE": null, "LEISURE": null, "AMENITY": "restaurant", "OFFICE": null, "SHOP": null, "TOURISM": null, "SPORT": null, "OSM_TYPE": "node", "OSM_ID": 8592293217 }, "geometry": { "type": "Point", "coordinates": [ 38.9871438, 45.0228891 ] } },
{ "type": "Feature", "properties": { "NAME": "Чо-чо", "NAME_EN": null, "NAME_RU": null, "MAN_MADE": null, "LEISURE": null, "AMENITY": "restaurant", "OFFICE": null, "SHOP": null, "TOURISM": null, "SPORT": null, "OSM_TYPE": "node", "OSM_ID": 8595384717 }, "geometry": { "type": "Point", "coordinates": [ 38.9636366, 45.0610114 ] } },
{ "type": "Feature", "properties": { "NAME": null, "NAME_EN": "rodina", "NAME_RU": null, "MAN_MADE": null, "LEISURE": null, "AMENITY": "restaurant", "OFFICE": null, "SHOP": null, "TOURISM": null, "SPORT": null, "OSM_TYPE": "node", "OSM_ID": 8598780717 }, "geometry": { "type": "Point", "coordinates": [ 38.9729353, 45.036471 ] } },
{ "type": "Feature", "properties": { "NAME": null, "NAME_EN": "chádo", "NAME_RU": null, "MAN_MADE": null, "LEISURE": null, "AMENITY": "restaurant", "OFFICE": null, "SHOP": null, "TOURISM": null, "SPORT": null, "OSM_TYPE": "node", "OSM_ID": 8601356217 }, "geometry": { "type": "Point", "coordinates": [ 38.9615516, 45.0620618 ] } },
{ "type": "Feature", "properties": { "NAME": "Dialogue", "NAME_EN": null, "NAME_RU": null, "MAN_MADE": null, "LEISURE": null, "AMENITY": "cafe", "OFFICE": null, "SHOP": null, "TOURISM": null, "SPORT": null, "OSM_TYPE": "node", "OSM_ID": 8617767317 }, "geometry": { "type": "Point", "coordinates": [ 39.0307744, 45.0463467 ] } },
{ "type": "Feature", "properties": { "NAME": "Тануки", "NAME_EN": null, "NAME_RU": null, "MAN_MADE": null, "LEISURE": null, "AMENITY": "restaurant", "OFFICE": null, "SHOP": null, "TOURISM": null, "SPORT": null, "OSM_TYPE": "node", "OSM_ID": 8635271616 }, "geometry": { "type": "Point", "coordinates": [ 38.979396, 45.047883 ] } },
{ "type": "Feature", "properties": { "NAME": "Вита Экспресс", "NAME_EN": "Vita Express", "NAME_RU": "Вита Экспресс", "MAN_MADE": null, "LEISURE": null, "AMENITY": "pharmacy", "OFFICE": null, "SHOP": null, "TOURISM": null, "SPORT": null, "OSM_TYPE": "node", "OSM_ID": 8635422807 }, "geometry": { "type": "Point", "coordinates": [ 39.110376, 45.0425558 ] } },
{ "type": "Feature", "properties": { "NAME": "Вита Экспресс", "NAME_EN": "Vita Express", "NAME_RU": "Вита Экспресс", "MAN_MADE": null, "LEISURE": null, "AMENITY": "pharmacy", "OFFICE": null, "SHOP": null, "TOURISM": null, "SPORT": null, "OSM_TYPE": "node", "OSM_ID": 8635430826 }, "geometry": { "type": "Point", "coordinates": [ 39.1104403, 45.0423264 ] } },
{ "type": "Feature", "properties": { "NAME": "Надежда-Фарм", "NAME_EN": null, "NAME_RU": null, "MAN_MADE": null, "LEISURE": null, "AMENITY": "pharmacy", "OFFICE": null, "SHOP": null, "TOURISM": null, "SPORT": null, "OSM_TYPE": "node", "OSM_ID": 8635452089 }, "geometry": { "type": "Point", "coordinates": [ 38.9959824, 45.0706641 ] } },
{ "type": "Feature", "properties": { "NAME": null, "NAME_EN": null, "NAME_RU": null, "MAN_MADE": null, "LEISURE": null, "AMENITY": "pharmacy", "OFFICE": null, "SHOP": null, "TOURISM": null, "SPORT": null, "OSM_TYPE": "node", "OSM_ID": 8678324930 }, "geometry": { "type": "Point", "coordinates": [ 39.018653, 45.0392955 ] } },
{ "type": "Feature", "properties": { "NAME": "KristAl", "NAME_EN": null, "NAME_RU": null, "MAN_MADE": null, "LEISURE": null, "AMENITY": "cafe", "OFFICE": null, "SHOP": null, "TOURISM": null, "SPORT": null, "OSM_TYPE": "node", "OSM_ID": 8684829218 }, "geometry": { "type": "Point", "coordinates": [ 38.9198465, 45.034958 ] } },
{ "type": "Feature", "properties": { "NAME": "Республика Кофе", "NAME_EN": null, "NAME_RU": null, "MAN_MADE": null, "LEISURE": null, "AMENITY": "cafe", "OFFICE": null, "SHOP": null, "TOURISM": null, "SPORT": null, "OSM_TYPE": "node", "OSM_ID": 8690858817 }, "geometry": { "type": "Point", "coordinates": [ 38.9657604, 45.0230635 ] } },
{ "type": "Feature", "properties": { "NAME": "КУНГ ФО", "NAME_EN": "KUNG FO", "NAME_RU": null, "MAN_MADE": null, "LEISURE": null, "AMENITY": "cafe", "OFFICE": null, "SHOP": null, "TOURISM": null, "SPORT": null, "OSM_TYPE": "node", "OSM_ID": 8707298117 }, "geometry": { "type": "Point", "coordinates": [ 38.9693515, 45.0224497 ] } },
{ "type": "Feature", "properties": { "NAME": "«Я люблю тебя» кафе здоровой еды", "NAME_EN": "«Я люблю тебя» кафе здоровой веганской еды", "NAME_RU": null, "MAN_MADE": null, "LEISURE": null, "AMENITY": "cafe", "OFFICE": null, "SHOP": null, "TOURISM": null, "SPORT": null, "OSM_TYPE": "node", "OSM_ID": 8721579335 }, "geometry": { "type": "Point", "coordinates": [ 38.9707006, 45.0266789 ] } },
{ "type": "Feature", "properties": { "NAME": "Zanoza", "NAME_EN": null, "NAME_RU": null, "MAN_MADE": null, "LEISURE": null, "AMENITY": "restaurant", "OFFICE": null, "SHOP": null, "TOURISM": null, "SPORT": null, "OSM_TYPE": "node", "OSM_ID": 8721602337 }, "geometry": { "type": "Point", "coordinates": [ 38.96358, 45.0167182 ] } },
{ "type": "Feature", "properties": { "NAME": "Куркума вег кухня", "NAME_EN": null, "NAME_RU": null, "MAN_MADE": null, "LEISURE": null, "AMENITY": "cafe", "OFFICE": null, "SHOP": null, "TOURISM": null, "SPORT": null, "OSM_TYPE": "node", "OSM_ID": 8721652817 }, "geometry": { "type": "Point", "coordinates": [ 38.981244, 45.0583904 ] } },
{ "type": "Feature", "properties": { "NAME": "Робертина Пиццерия (хозяин итальянец)", "NAME_EN": null, "NAME_RU": null, "MAN_MADE": null, "LEISURE": null, "AMENITY": "cafe", "OFFICE": null, "SHOP": null, "TOURISM": null, "SPORT": null, "OSM_TYPE": "node", "OSM_ID": 8735827519 }, "geometry": { "type": "Point", "coordinates": [ 38.971781, 45.0289336 ] } },
{ "type": "Feature", "properties": { "NAME": "Dialogue кофейня", "NAME_EN": null, "NAME_RU": null, "MAN_MADE": null, "LEISURE": null, "AMENITY": "cafe", "OFFICE": null, "SHOP": null, "TOURISM": null, "SPORT": null, "OSM_TYPE": "node", "OSM_ID": 8736054017 }, "geometry": { "type": "Point", "coordinates": [ 38.9547004, 45.0652186 ] } },
{ "type": "Feature", "properties": { "NAME": "Кофе и точка", "NAME_EN": null, "NAME_RU": null, "MAN_MADE": null, "LEISURE": null, "AMENITY": "cafe", "OFFICE": null, "SHOP": null, "TOURISM": null, "SPORT": null, "OSM_TYPE": "node", "OSM_ID": 8752587538 }, "geometry": { "type": "Point", "coordinates": [ 38.951847, 45.059245 ] } },
{ "type": "Feature", "properties": { "NAME": "Red Mango", "NAME_EN": null, "NAME_RU": null, "MAN_MADE": null, "LEISURE": null, "AMENITY": "cafe", "OFFICE": null, "SHOP": null, "TOURISM": null, "SPORT": null, "OSM_TYPE": "node", "OSM_ID": 8752802417 }, "geometry": { "type": "Point", "coordinates": [ 38.9786307, 45.0496229 ] } },
{ "type": "Feature", "properties": { "NAME": "Balance cafe", "NAME_EN": null, "NAME_RU": null, "MAN_MADE": null, "LEISURE": null, "AMENITY": "cafe", "OFFICE": null, "SHOP": null, "TOURISM": null, "SPORT": null, "OSM_TYPE": "node", "OSM_ID": 8768678791 }, "geometry": { "type": "Point", "coordinates": [ 39.1061996, 45.0052642 ] } },
{ "type": "Feature", "properties": { "NAME": "T-cafe", "NAME_EN": null, "NAME_RU": null, "MAN_MADE": null, "LEISURE": null, "AMENITY": "cafe", "OFFICE": null, "SHOP": null, "TOURISM": null, "SPORT": null, "OSM_TYPE": "node", "OSM_ID": 8776718017 }, "geometry": { "type": "Point", "coordinates": [ 38.9594524, 45.0220132 ] } },
{ "type": "Feature", "properties": { "NAME": "Столовая «Тарелка»", "NAME_EN": null, "NAME_RU": null, "MAN_MADE": null, "LEISURE": null, "AMENITY": "cafe", "OFFICE": null, "SHOP": null, "TOURISM": null, "SPORT": null, "OSM_TYPE": "node", "OSM_ID": 8798343921 }, "geometry": { "type": "Point", "coordinates": [ 39.1198863, 45.043471 ] } },
{ "type": "Feature", "properties": { "NAME": "Газпромбанк", "NAME_EN": null, "NAME_RU": null, "MAN_MADE": null, "LEISURE": null, "AMENITY": "bank", "OFFICE": null, "SHOP": null, "TOURISM": null, "SPORT": null, "OSM_TYPE": "node", "OSM_ID": 8811025150 }, "geometry": { "type": "Point", "coordinates": [ 38.960763, 45.0204456 ] } },
{ "type": "Feature", "properties": { "NAME": "Я тебя люблю", "NAME_EN": null, "NAME_RU": null, "MAN_MADE": null, "LEISURE": null, "AMENITY": "cafe", "OFFICE": null, "SHOP": null, "TOURISM": null, "SPORT": null, "OSM_TYPE": "node", "OSM_ID": 8829595217 }, "geometry": { "type": "Point", "coordinates": [ 38.9706896, 45.0267125 ] } },
{ "type": "Feature", "properties": { "NAME": "Аптека sos", "NAME_EN": null, "NAME_RU": null, "MAN_MADE": null, "LEISURE": null, "AMENITY": "pharmacy", "OFFICE": null, "SHOP": null, "TOURISM": null, "SPORT": null, "OSM_TYPE": "node", "OSM_ID": 8854672417 }, "geometry": { "type": "Point", "coordinates": [ 39.0314222, 45.0561904 ] } },
{ "type": "Feature", "properties": { "NAME": null, "NAME_EN": null, "NAME_RU": null, "MAN_MADE": null, "LEISURE": null, "AMENITY": "pharmacy", "OFFICE": null, "SHOP": null, "TOURISM": null, "SPORT": null, "OSM_TYPE": "node", "OSM_ID": 8898034416 }, "geometry": { "type": "Point", "coordinates": [ 38.9332348, 45.0368509 ] } },
{ "type": "Feature", "properties": { "NAME": "KFC", "NAME_EN": null, "NAME_RU": null, "MAN_MADE": null, "LEISURE": null, "AMENITY": "cafe", "OFFICE": null, "SHOP": null, "TOURISM": null, "SPORT": null, "OSM_TYPE": "node", "OSM_ID": 8898035322 }, "geometry": { "type": "Point", "coordinates": [ 38.9332911, 45.036777 ] } },
{ "type": "Feature", "properties": { "NAME": "Сыроварня", "NAME_EN": "Syrovarnya", "NAME_RU": null, "MAN_MADE": null, "LEISURE": null, "AMENITY": "restaurant", "OFFICE": null, "SHOP": null, "TOURISM": null, "SPORT": null, "OSM_TYPE": "node", "OSM_ID": 8904607148 }, "geometry": { "type": "Point", "coordinates": [ 38.9712784, 45.0259232 ] } },
{ "type": "Feature", "properties": { "NAME": "Южанин", "NAME_EN": "Juzhanin", "NAME_RU": null, "MAN_MADE": null, "LEISURE": null, "AMENITY": "restaurant", "OFFICE": null, "SHOP": null, "TOURISM": null, "SPORT": null, "OSM_TYPE": "node", "OSM_ID": 8904609859 }, "geometry": { "type": "Point", "coordinates": [ 38.971316, 45.0260429 ] } },
{ "type": "Feature", "properties": { "NAME": "Еаптека", "NAME_EN": null, "NAME_RU": null, "MAN_MADE": null, "LEISURE": null, "AMENITY": "pharmacy", "OFFICE": null, "SHOP": null, "TOURISM": null, "SPORT": null, "OSM_TYPE": "node", "OSM_ID": 8914183141 }, "geometry": { "type": "Point", "coordinates": [ 39.0038369, 45.0776281 ] } },
{ "type": "Feature", "properties": { "NAME": "Ренессанс Кредит", "NAME_EN": null, "NAME_RU": null, "MAN_MADE": null, "LEISURE": null, "AMENITY": "bank", "OFFICE": null, "SHOP": null, "TOURISM": null, "SPORT": null, "OSM_TYPE": "node", "OSM_ID": 8938906226 }, "geometry": { "type": "Point", "coordinates": [ 39.009168, 45.020907 ] } },
{ "type": "Feature", "properties": { "NAME": "Ренессанс Кредит", "NAME_EN": null, "NAME_RU": null, "MAN_MADE": null, "LEISURE": null, "AMENITY": "bank", "OFFICE": null, "SHOP": null, "TOURISM": null, "SPORT": null, "OSM_TYPE": "node", "OSM_ID": 8938906244 }, "geometry": { "type": "Point", "coordinates": [ 38.978832, 45.056482 ] } },
{ "type": "Feature", "properties": { "NAME": "Zerno", "NAME_EN": null, "NAME_RU": null, "MAN_MADE": null, "LEISURE": null, "AMENITY": "cafe", "OFFICE": null, "SHOP": null, "TOURISM": null, "SPORT": null, "OSM_TYPE": "node", "OSM_ID": 8988163142 }, "geometry": { "type": "Point", "coordinates": [ 39.0725947, 45.0086188 ] } },
{ "type": "Feature", "properties": { "NAME": "Апрель", "NAME_EN": null, "NAME_RU": "Апрель", "MAN_MADE": null, "LEISURE": null, "AMENITY": "pharmacy", "OFFICE": null, "SHOP": null, "TOURISM": null, "SPORT": null, "OSM_TYPE": "node", "OSM_ID": 8998935048 }, "geometry": { "type": "Point", "coordinates": [ 39.0067646, 45.0980149 ] } },
{ "type": "Feature", "properties": { "NAME": "Столовая", "NAME_EN": null, "NAME_RU": null, "MAN_MADE": null, "LEISURE": null, "AMENITY": "cafe", "OFFICE": null, "SHOP": null, "TOURISM": null, "SPORT": null, "OSM_TYPE": "node", "OSM_ID": 9113832232 }, "geometry": { "type": "Point", "coordinates": [ 39.0235407, 45.0201513 ] } },
{ "type": "Feature", "properties": { "NAME": null, "NAME_EN": null, "NAME_RU": null, "MAN_MADE": null, "LEISURE": null, "AMENITY": "pharmacy", "OFFICE": null, "SHOP": null, "TOURISM": null, "SPORT": null, "OSM_TYPE": "node", "OSM_ID": 9119675921 }, "geometry": { "type": "Point", "coordinates": [ 38.9560041, 45.0403222 ] } },
{ "type": "Feature", "properties": { "NAME": null, "NAME_EN": null, "NAME_RU": null, "MAN_MADE": null, "LEISURE": null, "AMENITY": "cafe", "OFFICE": null, "SHOP": null, "TOURISM": null, "SPORT": null, "OSM_TYPE": "node", "OSM_ID": 9132461836 }, "geometry": { "type": "Point", "coordinates": [ 38.964166, 45.0501844 ] } },
{ "type": "Feature", "properties": { "NAME": "Dialogue", "NAME_EN": null, "NAME_RU": null, "MAN_MADE": null, "LEISURE": null, "AMENITY": "cafe", "OFFICE": null, "SHOP": null, "TOURISM": null, "SPORT": null, "OSM_TYPE": "node", "OSM_ID": 9135308717 }, "geometry": { "type": "Point", "coordinates": [ 39.0339631, 45.0186248 ] } },
{ "type": "Feature", "properties": { "NAME": "Роял раки", "NAME_EN": null, "NAME_RU": null, "MAN_MADE": null, "LEISURE": null, "AMENITY": "restaurant", "OFFICE": null, "SHOP": null, "TOURISM": null, "SPORT": null, "OSM_TYPE": "node", "OSM_ID": 9181045844 }, "geometry": { "type": "Point", "coordinates": [ 38.9628467, 45.0616183 ] } },
{ "type": "Feature", "properties": { "NAME": "Восточное", "NAME_EN": null, "NAME_RU": null, "MAN_MADE": null, "LEISURE": null, "AMENITY": "cafe", "OFFICE": null, "SHOP": null, "TOURISM": null, "SPORT": null, "OSM_TYPE": "node", "OSM_ID": 9195918842 }, "geometry": { "type": "Point", "coordinates": [ 39.0139872, 45.0850782 ] } },
{ "type": "Feature", "properties": { "NAME": null, "NAME_EN": "Cup of power", "NAME_RU": null, "MAN_MADE": null, "LEISURE": null, "AMENITY": "cafe", "OFFICE": null, "SHOP": null, "TOURISM": null, "SPORT": null, "OSM_TYPE": "node", "OSM_ID": 9260508717 }, "geometry": { "type": "Point", "coordinates": [ 38.9035741, 45.0265907 ] } },
{ "type": "Feature", "properties": { "NAME": "Чехов", "NAME_EN": null, "NAME_RU": null, "MAN_MADE": null, "LEISURE": null, "AMENITY": "cafe", "OFFICE": null, "SHOP": null, "TOURISM": null, "SPORT": null, "OSM_TYPE": "node", "OSM_ID": 9271974017 }, "geometry": { "type": "Point", "coordinates": [ 38.9746528, 45.0247956 ] } },
{ "type": "Feature", "properties": { "NAME": "Осетинские пироги", "NAME_EN": null, "NAME_RU": null, "MAN_MADE": null, "LEISURE": null, "AMENITY": "cafe", "OFFICE": null, "SHOP": null, "TOURISM": null, "SPORT": null, "OSM_TYPE": "node", "OSM_ID": 9273028017 }, "geometry": { "type": "Point", "coordinates": [ 38.9543863, 45.0384527 ] } },
{ "type": "Feature", "properties": { "NAME": "Золотая Бухара", "NAME_EN": null, "NAME_RU": null, "MAN_MADE": null, "LEISURE": null, "AMENITY": "restaurant", "OFFICE": null, "SHOP": null, "TOURISM": null, "SPORT": null, "OSM_TYPE": "node", "OSM_ID": 9273068317 }, "geometry": { "type": "Point", "coordinates": [ 38.9312682, 45.0469507 ] } },
{ "type": "Feature", "properties": { "NAME": "Coffee Set", "NAME_EN": null, "NAME_RU": null, "MAN_MADE": null, "LEISURE": null, "AMENITY": "cafe", "OFFICE": null, "SHOP": null, "TOURISM": null, "SPORT": null, "OSM_TYPE": "node", "OSM_ID": 9273083917 }, "geometry": { "type": "Point", "coordinates": [ 38.9680242, 45.0211159 ] } },
{ "type": "Feature", "properties": { "NAME": null, "NAME_EN": null, "NAME_RU": null, "MAN_MADE": null, "LEISURE": null, "AMENITY": "pharmacy", "OFFICE": null, "SHOP": null, "TOURISM": null, "SPORT": null, "OSM_TYPE": "node", "OSM_ID": 9283497406 }, "geometry": { "type": "Point", "coordinates": [ 39.0337563, 45.0911484 ] } },
{ "type": "Feature", "properties": { "NAME": "Сгущенка", "NAME_EN": null, "NAME_RU": null, "MAN_MADE": null, "LEISURE": null, "AMENITY": "cafe", "OFFICE": null, "SHOP": null, "TOURISM": null, "SPORT": null, "OSM_TYPE": "node", "OSM_ID": 9288029617 }, "geometry": { "type": "Point", "coordinates": [ 38.9836237, 45.0576582 ] } },
{ "type": "Feature", "properties": { "NAME": "Coffee Set", "NAME_EN": null, "NAME_RU": null, "MAN_MADE": null, "LEISURE": null, "AMENITY": "cafe", "OFFICE": null, "SHOP": null, "TOURISM": null, "SPORT": null, "OSM_TYPE": "node", "OSM_ID": 9363820717 }, "geometry": { "type": "Point", "coordinates": [ 38.9688246, 45.0191715 ] } },
{ "type": "Feature", "properties": { "NAME": "Аптека №2 Кубаньфармация", "NAME_EN": null, "NAME_RU": null, "MAN_MADE": null, "LEISURE": null, "AMENITY": "pharmacy", "OFFICE": null, "SHOP": null, "TOURISM": null, "SPORT": null, "OSM_TYPE": "node", "OSM_ID": 9444192637 }, "geometry": { "type": "Point", "coordinates": [ 38.9651015, 45.0227057 ] } },
{ "type": "Feature", "properties": { "NAME": "Кубань Кредит", "NAME_EN": null, "NAME_RU": null, "MAN_MADE": null, "LEISURE": null, "AMENITY": "bank", "OFFICE": null, "SHOP": null, "TOURISM": null, "SPORT": null, "OSM_TYPE": "node", "OSM_ID": 9446926278 }, "geometry": { "type": "Point", "coordinates": [ 38.9758229, 45.0411893 ] } },
{ "type": "Feature", "properties": { "NAME": "Кубань Кредит", "NAME_EN": null, "NAME_RU": null, "MAN_MADE": null, "LEISURE": null, "AMENITY": "bank", "OFFICE": null, "SHOP": null, "TOURISM": null, "SPORT": null, "OSM_TYPE": "node", "OSM_ID": 9446926291 }, "geometry": { "type": "Point", "coordinates": [ 39.0929282, 45.0319018 ] } },
{ "type": "Feature", "properties": { "NAME": "Кубань Кредит", "NAME_EN": null, "NAME_RU": null, "MAN_MADE": null, "LEISURE": null, "AMENITY": "bank", "OFFICE": null, "SHOP": null, "TOURISM": null, "SPORT": null, "OSM_TYPE": "node", "OSM_ID": 9446926292 }, "geometry": { "type": "Point", "coordinates": [ 38.9590698, 45.0192799 ] } },
{ "type": "Feature", "properties": { "NAME": "Кубань Кредит", "NAME_EN": null, "NAME_RU": null, "MAN_MADE": null, "LEISURE": null, "AMENITY": "bank", "OFFICE": null, "SHOP": null, "TOURISM": null, "SPORT": null, "OSM_TYPE": "node", "OSM_ID": 9446926293 }, "geometry": { "type": "Point", "coordinates": [ 39.0212649, 45.0362994 ] } },
{ "type": "Feature", "properties": { "NAME": "Апрель", "NAME_EN": null, "NAME_RU": null, "MAN_MADE": null, "LEISURE": null, "AMENITY": "pharmacy", "OFFICE": null, "SHOP": null, "TOURISM": null, "SPORT": null, "OSM_TYPE": "node", "OSM_ID": 9474030318 }, "geometry": { "type": "Point", "coordinates": [ 38.9552597, 45.1266467 ] } },
{ "type": "Feature", "properties": { "NAME": "La Vaca", "NAME_EN": null, "NAME_RU": null, "MAN_MADE": null, "LEISURE": null, "AMENITY": "restaurant", "OFFICE": null, "SHOP": null, "TOURISM": null, "SPORT": null, "OSM_TYPE": "node", "OSM_ID": 9500678117 }, "geometry": { "type": "Point", "coordinates": [ 38.9686547, 45.0461319 ] } },
{ "type": "Feature", "properties": { "NAME": "Гастроном 0", "NAME_EN": null, "NAME_RU": null, "MAN_MADE": null, "LEISURE": null, "AMENITY": "cafe", "OFFICE": null, "SHOP": null, "TOURISM": null, "SPORT": null, "OSM_TYPE": "node", "OSM_ID": 9545067217 }, "geometry": { "type": "Point", "coordinates": [ 38.9644635, 45.0620412 ] } },
{ "type": "Feature", "properties": { "NAME": "One Price Coffee", "NAME_EN": null, "NAME_RU": null, "MAN_MADE": null, "LEISURE": null, "AMENITY": "cafe", "OFFICE": null, "SHOP": null, "TOURISM": null, "SPORT": null, "OSM_TYPE": "node", "OSM_ID": 9623343683 }, "geometry": { "type": "Point", "coordinates": [ 38.9697732, 45.036611 ] } },
{ "type": "Feature", "properties": { "NAME": "Апрель", "NAME_EN": null, "NAME_RU": null, "MAN_MADE": null, "LEISURE": null, "AMENITY": "pharmacy", "OFFICE": null, "SHOP": null, "TOURISM": null, "SPORT": null, "OSM_TYPE": "node", "OSM_ID": 9623343685 }, "geometry": { "type": "Point", "coordinates": [ 38.9697354, 45.0365976 ] } },
{ "type": "Feature", "properties": { "NAME": "Зацепи Кофе. Чапаева, 88", "NAME_EN": null, "NAME_RU": null, "MAN_MADE": null, "LEISURE": null, "AMENITY": "cafe", "OFFICE": null, "SHOP": null, "TOURISM": null, "SPORT": null, "OSM_TYPE": "node", "OSM_ID": 9631149254 }, "geometry": { "type": "Point", "coordinates": [ 38.9718408, 45.0298526 ] } },
{ "type": "Feature", "properties": { "NAME": "Зацепи Кофе. Стадион", "NAME_EN": null, "NAME_RU": null, "MAN_MADE": null, "LEISURE": null, "AMENITY": "cafe", "OFFICE": null, "SHOP": null, "TOURISM": null, "SPORT": null, "OSM_TYPE": "node", "OSM_ID": 9631177687 }, "geometry": { "type": "Point", "coordinates": [ 39.029309, 45.0464361 ] } },
{ "type": "Feature", "properties": { "NAME": "Зацепи Кофе. Северная, 299", "NAME_EN": null, "NAME_RU": null, "MAN_MADE": null, "LEISURE": null, "AMENITY": "cafe", "OFFICE": null, "SHOP": null, "TOURISM": null, "SPORT": null, "OSM_TYPE": "node", "OSM_ID": 9631412490 }, "geometry": { "type": "Point", "coordinates": [ 38.9789377, 45.0399108 ] } },
{ "type": "Feature", "properties": { "NAME": "Зацепи Кофе. Красная, 164", "NAME_EN": null, "NAME_RU": null, "MAN_MADE": null, "LEISURE": null, "AMENITY": "cafe", "OFFICE": null, "SHOP": null, "TOURISM": null, "SPORT": null, "OSM_TYPE": "node", "OSM_ID": 9631417373 }, "geometry": { "type": "Point", "coordinates": [ 38.9767141, 45.0406107 ] } },
{ "type": "Feature", "properties": { "NAME": "Зацепи Кофе. Красная, 137", "NAME_EN": null, "NAME_RU": null, "MAN_MADE": null, "LEISURE": null, "AMENITY": "cafe", "OFFICE": null, "SHOP": null, "TOURISM": null, "SPORT": null, "OSM_TYPE": "node", "OSM_ID": 9631423839 }, "geometry": { "type": "Point", "coordinates": [ 38.9769476, 45.0443943 ] } },
{ "type": "Feature", "properties": { "NAME": "Зацепи Кофе. Ставропольская, 131", "NAME_EN": null, "NAME_RU": null, "MAN_MADE": null, "LEISURE": null, "AMENITY": "cafe", "OFFICE": null, "SHOP": null, "TOURISM": null, "SPORT": null, "OSM_TYPE": "node", "OSM_ID": 9631504581 }, "geometry": { "type": "Point", "coordinates": [ 39.0247535, 45.020537 ] } },
{ "type": "Feature", "properties": { "NAME": "Зацепи Кофе. Ставропольская, 224", "NAME_EN": null, "NAME_RU": null, "MAN_MADE": null, "LEISURE": null, "AMENITY": "cafe", "OFFICE": null, "SHOP": null, "TOURISM": null, "SPORT": null, "OSM_TYPE": "node", "OSM_ID": 9631540213 }, "geometry": { "type": "Point", "coordinates": [ 39.0296783, 45.0188753 ] } },
{ "type": "Feature", "properties": { "NAME": "Зацепи Кофе. М. Седина, 11", "NAME_EN": null, "NAME_RU": null, "MAN_MADE": null, "LEISURE": null, "AMENITY": "cafe", "OFFICE": null, "SHOP": null, "TOURISM": null, "SPORT": null, "OSM_TYPE": "node", "OSM_ID": 9631568111 }, "geometry": { "type": "Point", "coordinates": [ 38.9697291, 45.0145993 ] } },
{ "type": "Feature", "properties": { "NAME": "Зацепи Кофе. 40-лет Победы, 146", "NAME_EN": null, "NAME_RU": null, "MAN_MADE": null, "LEISURE": null, "AMENITY": "cafe", "OFFICE": null, "SHOP": null, "TOURISM": null, "SPORT": null, "OSM_TYPE": "node", "OSM_ID": 9631739368 }, "geometry": { "type": "Point", "coordinates": [ 39.0170098, 45.0549056 ] } },
{ "type": "Feature", "properties": { "NAME": "Зацепи Кофе. Ш. Нефтников, 30", "NAME_EN": null, "NAME_RU": null, "MAN_MADE": null, "LEISURE": null, "AMENITY": "cafe", "OFFICE": null, "SHOP": null, "TOURISM": null, "SPORT": null, "OSM_TYPE": "node", "OSM_ID": 9631739369 }, "geometry": { "type": "Point", "coordinates": [ 38.9824855, 45.0681998 ] } },
{ "type": "Feature", "properties": { "NAME": "Зацепи Кофе. Дальняя, 8к1", "NAME_EN": null, "NAME_RU": null, "MAN_MADE": null, "LEISURE": null, "AMENITY": "cafe", "OFFICE": null, "SHOP": null, "TOURISM": null, "SPORT": null, "OSM_TYPE": "node", "OSM_ID": 9631739370 }, "geometry": { "type": "Point", "coordinates": [ 38.9633446, 45.0615997 ] } },
{ "type": "Feature", "properties": { "NAME": "Лаки Фарма", "NAME_EN": null, "NAME_RU": null, "MAN_MADE": null, "LEISURE": null, "AMENITY": "pharmacy", "OFFICE": null, "SHOP": null, "TOURISM": null, "SPORT": null, "OSM_TYPE": "node", "OSM_ID": 9645320688 }, "geometry": { "type": "Point", "coordinates": [ 38.912197, 45.031158 ] } },
{ "type": "Feature", "properties": { "NAME": "Лаки Фарма", "NAME_EN": null, "NAME_RU": null, "MAN_MADE": null, "LEISURE": null, "AMENITY": "pharmacy", "OFFICE": null, "SHOP": null, "TOURISM": null, "SPORT": null, "OSM_TYPE": "node", "OSM_ID": 9645320693 }, "geometry": { "type": "Point", "coordinates": [ 38.9878607, 45.0192818 ] } },
{ "type": "Feature", "properties": { "NAME": "Лаки Фарма", "NAME_EN": null, "NAME_RU": null, "MAN_MADE": null, "LEISURE": null, "AMENITY": "pharmacy", "OFFICE": null, "SHOP": null, "TOURISM": null, "SPORT": null, "OSM_TYPE": "node", "OSM_ID": 9645320695 }, "geometry": { "type": "Point", "coordinates": [ 38.9833331, 45.0678132 ] } },
{ "type": "Feature", "properties": { "NAME": "Лаки Фарма", "NAME_EN": null, "NAME_RU": null, "MAN_MADE": null, "LEISURE": null, "AMENITY": "pharmacy", "OFFICE": null, "SHOP": null, "TOURISM": null, "SPORT": null, "OSM_TYPE": "node", "OSM_ID": 9645320698 }, "geometry": { "type": "Point", "coordinates": [ 39.0204924, 45.0262718 ] } },
{ "type": "Feature", "properties": { "NAME": "Лаки Фарма", "NAME_EN": null, "NAME_RU": null, "MAN_MADE": null, "LEISURE": null, "AMENITY": "pharmacy", "OFFICE": null, "SHOP": null, "TOURISM": null, "SPORT": null, "OSM_TYPE": "node", "OSM_ID": 9645320699 }, "geometry": { "type": "Point", "coordinates": [ 38.9921871, 45.0239381 ] } },
{ "type": "Feature", "properties": { "NAME": "Лаки Фарма", "NAME_EN": null, "NAME_RU": null, "MAN_MADE": null, "LEISURE": null, "AMENITY": "pharmacy", "OFFICE": null, "SHOP": null, "TOURISM": null, "SPORT": null, "OSM_TYPE": "node", "OSM_ID": 9645320702 }, "geometry": { "type": "Point", "coordinates": [ 39.063016, 45.013345 ] } },
{ "type": "Feature", "properties": { "NAME": "Лаки Фарма", "NAME_EN": null, "NAME_RU": null, "MAN_MADE": null, "LEISURE": null, "AMENITY": "pharmacy", "OFFICE": null, "SHOP": null, "TOURISM": null, "SPORT": null, "OSM_TYPE": "node", "OSM_ID": 9645320703 }, "geometry": { "type": "Point", "coordinates": [ 39.112055, 45.0385719 ] } },
{ "type": "Feature", "properties": { "NAME": "Лаки Фарма", "NAME_EN": null, "NAME_RU": null, "MAN_MADE": null, "LEISURE": null, "AMENITY": "pharmacy", "OFFICE": null, "SHOP": null, "TOURISM": null, "SPORT": null, "OSM_TYPE": "node", "OSM_ID": 9645320704 }, "geometry": { "type": "Point", "coordinates": [ 39.0183145, 45.0261808 ] } },
{ "type": "Feature", "properties": { "NAME": "Лаки Фарма", "NAME_EN": null, "NAME_RU": null, "MAN_MADE": null, "LEISURE": null, "AMENITY": "pharmacy", "OFFICE": null, "SHOP": null, "TOURISM": null, "SPORT": null, "OSM_TYPE": "node", "OSM_ID": 9645320705 }, "geometry": { "type": "Point", "coordinates": [ 38.9609098, 45.0551953 ] } },
{ "type": "Feature", "properties": { "NAME": "Лаки Фарма", "NAME_EN": null, "NAME_RU": null, "MAN_MADE": null, "LEISURE": null, "AMENITY": "pharmacy", "OFFICE": null, "SHOP": null, "TOURISM": null, "SPORT": null, "OSM_TYPE": "node", "OSM_ID": 9645320708 }, "geometry": { "type": "Point", "coordinates": [ 38.9950758, 45.1413183 ] } },
{ "type": "Feature", "properties": { "NAME": "Лаки Фарма", "NAME_EN": null, "NAME_RU": null, "MAN_MADE": null, "LEISURE": null, "AMENITY": "pharmacy", "OFFICE": null, "SHOP": null, "TOURISM": null, "SPORT": null, "OSM_TYPE": "node", "OSM_ID": 9645320709 }, "geometry": { "type": "Point", "coordinates": [ 39.0382808, 45.0656327 ] } },
{ "type": "Feature", "properties": { "NAME": "Лаки Фарма", "NAME_EN": null, "NAME_RU": null, "MAN_MADE": null, "LEISURE": null, "AMENITY": "pharmacy", "OFFICE": null, "SHOP": null, "TOURISM": null, "SPORT": null, "OSM_TYPE": "node", "OSM_ID": 9645320710 }, "geometry": { "type": "Point", "coordinates": [ 39.0041792, 45.0935896 ] } },
{ "type": "Feature", "properties": { "NAME": "Лаки Фарма", "NAME_EN": null, "NAME_RU": null, "MAN_MADE": null, "LEISURE": null, "AMENITY": "pharmacy", "OFFICE": null, "SHOP": null, "TOURISM": null, "SPORT": null, "OSM_TYPE": "node", "OSM_ID": 9645320711 }, "geometry": { "type": "Point", "coordinates": [ 39.090908, 45.039133 ] } },
{ "type": "Feature", "properties": { "NAME": "Лаки Фарма", "NAME_EN": null, "NAME_RU": null, "MAN_MADE": null, "LEISURE": null, "AMENITY": "pharmacy", "OFFICE": null, "SHOP": null, "TOURISM": null, "SPORT": null, "OSM_TYPE": "node", "OSM_ID": 9645320713 }, "geometry": { "type": "Point", "coordinates": [ 38.915162, 45.058944 ] } },
{ "type": "Feature", "properties": { "NAME": "Лаки Фарма", "NAME_EN": null, "NAME_RU": null, "MAN_MADE": null, "LEISURE": null, "AMENITY": "pharmacy", "OFFICE": null, "SHOP": null, "TOURISM": null, "SPORT": null, "OSM_TYPE": "node", "OSM_ID": 9645320715 }, "geometry": { "type": "Point", "coordinates": [ 38.9922246, 45.0295475 ] } },
{ "type": "Feature", "properties": { "NAME": "Лаки Фарма", "NAME_EN": null, "NAME_RU": null, "MAN_MADE": null, "LEISURE": null, "AMENITY": "pharmacy", "OFFICE": null, "SHOP": null, "TOURISM": null, "SPORT": null, "OSM_TYPE": "node", "OSM_ID": 9645320716 }, "geometry": { "type": "Point", "coordinates": [ 39.082658, 45.0021377 ] } },
{ "type": "Feature", "properties": { "NAME": "Лаки Фарма", "NAME_EN": null, "NAME_RU": null, "MAN_MADE": null, "LEISURE": null, "AMENITY": "pharmacy", "OFFICE": null, "SHOP": null, "TOURISM": null, "SPORT": null, "OSM_TYPE": "node", "OSM_ID": 9645324617 }, "geometry": { "type": "Point", "coordinates": [ 39.026715, 45.059879 ] } },
{ "type": "Feature", "properties": { "NAME": "Лаки Фарма", "NAME_EN": null, "NAME_RU": null, "MAN_MADE": null, "LEISURE": null, "AMENITY": "pharmacy", "OFFICE": null, "SHOP": null, "TOURISM": null, "SPORT": null, "OSM_TYPE": "node", "OSM_ID": 9645324618 }, "geometry": { "type": "Point", "coordinates": [ 38.924711, 45.066269 ] } },
{ "type": "Feature", "properties": { "NAME": "Лаки Фарма", "NAME_EN": null, "NAME_RU": null, "MAN_MADE": null, "LEISURE": null, "AMENITY": "pharmacy", "OFFICE": null, "SHOP": null, "TOURISM": null, "SPORT": null, "OSM_TYPE": "node", "OSM_ID": 9645324620 }, "geometry": { "type": "Point", "coordinates": [ 38.9796263, 45.0543957 ] } },
{ "type": "Feature", "properties": { "NAME": "Лаки Фарма", "NAME_EN": null, "NAME_RU": null, "MAN_MADE": null, "LEISURE": null, "AMENITY": "pharmacy", "OFFICE": null, "SHOP": null, "TOURISM": null, "SPORT": null, "OSM_TYPE": "node", "OSM_ID": 9645324623 }, "geometry": { "type": "Point", "coordinates": [ 38.9047658, 45.0729751 ] } },
{ "type": "Feature", "properties": { "NAME": "Лаки Фарма", "NAME_EN": null, "NAME_RU": null, "MAN_MADE": null, "LEISURE": null, "AMENITY": "pharmacy", "OFFICE": null, "SHOP": null, "TOURISM": null, "SPORT": null, "OSM_TYPE": "node", "OSM_ID": 9645324624 }, "geometry": { "type": "Point", "coordinates": [ 38.993826, 45.037133 ] } },
{ "type": "Feature", "properties": { "NAME": "Лаки Фарма", "NAME_EN": null, "NAME_RU": null, "MAN_MADE": null, "LEISURE": null, "AMENITY": "pharmacy", "OFFICE": null, "SHOP": null, "TOURISM": null, "SPORT": null, "OSM_TYPE": "node", "OSM_ID": 9645324625 }, "geometry": { "type": "Point", "coordinates": [ 39.0742627, 44.9954919 ] } },
{ "type": "Feature", "properties": { "NAME": "Лаки Фарма", "NAME_EN": null, "NAME_RU": null, "MAN_MADE": null, "LEISURE": null, "AMENITY": "pharmacy", "OFFICE": null, "SHOP": null, "TOURISM": null, "SPORT": null, "OSM_TYPE": "node", "OSM_ID": 9645324627 }, "geometry": { "type": "Point", "coordinates": [ 38.9844355, 45.0980827 ] } },
{ "type": "Feature", "properties": { "NAME": "Лаки Фарма", "NAME_EN": null, "NAME_RU": null, "MAN_MADE": null, "LEISURE": null, "AMENITY": "pharmacy", "OFFICE": null, "SHOP": null, "TOURISM": null, "SPORT": null, "OSM_TYPE": "node", "OSM_ID": 9645324628 }, "geometry": { "type": "Point", "coordinates": [ 38.953906, 45.068493 ] } },
{ "type": "Feature", "properties": { "NAME": "Лаки Фарма", "NAME_EN": null, "NAME_RU": null, "MAN_MADE": null, "LEISURE": null, "AMENITY": "pharmacy", "OFFICE": null, "SHOP": null, "TOURISM": null, "SPORT": null, "OSM_TYPE": "node", "OSM_ID": 9645324629 }, "geometry": { "type": "Point", "coordinates": [ 38.9709547, 45.0676105 ] } },
{ "type": "Feature", "properties": { "NAME": "Лаки Фарма", "NAME_EN": null, "NAME_RU": null, "MAN_MADE": null, "LEISURE": null, "AMENITY": "pharmacy", "OFFICE": null, "SHOP": null, "TOURISM": null, "SPORT": null, "OSM_TYPE": "node", "OSM_ID": 9645324632 }, "geometry": { "type": "Point", "coordinates": [ 38.9892983, 45.0134134 ] } },
{ "type": "Feature", "properties": { "NAME": "Лаки Фарма", "NAME_EN": null, "NAME_RU": null, "MAN_MADE": null, "LEISURE": null, "AMENITY": "pharmacy", "OFFICE": null, "SHOP": null, "TOURISM": null, "SPORT": null, "OSM_TYPE": "node", "OSM_ID": 9645324633 }, "geometry": { "type": "Point", "coordinates": [ 38.8918081, 45.0558642 ] } },
{ "type": "Feature", "properties": { "NAME": "Лаки Фарма", "NAME_EN": null, "NAME_RU": null, "MAN_MADE": null, "LEISURE": null, "AMENITY": "pharmacy", "OFFICE": null, "SHOP": null, "TOURISM": null, "SPORT": null, "OSM_TYPE": "node", "OSM_ID": 9645324634 }, "geometry": { "type": "Point", "coordinates": [ 39.0026075, 45.0904653 ] } },
{ "type": "Feature", "properties": { "NAME": "Лаки Фарма", "NAME_EN": null, "NAME_RU": null, "MAN_MADE": null, "LEISURE": null, "AMENITY": "pharmacy", "OFFICE": null, "SHOP": null, "TOURISM": null, "SPORT": null, "OSM_TYPE": "node", "OSM_ID": 9645324635 }, "geometry": { "type": "Point", "coordinates": [ 38.926304, 45.059942 ] } },
{ "type": "Feature", "properties": { "NAME": "Лаки Фарма", "NAME_EN": null, "NAME_RU": null, "MAN_MADE": null, "LEISURE": null, "AMENITY": "pharmacy", "OFFICE": null, "SHOP": null, "TOURISM": null, "SPORT": null, "OSM_TYPE": "node", "OSM_ID": 9645324636 }, "geometry": { "type": "Point", "coordinates": [ 38.8977975, 45.076966 ] } },
{ "type": "Feature", "properties": { "NAME": "Лаки Фарма", "NAME_EN": null, "NAME_RU": null, "MAN_MADE": null, "LEISURE": null, "AMENITY": "pharmacy", "OFFICE": null, "SHOP": null, "TOURISM": null, "SPORT": null, "OSM_TYPE": "node", "OSM_ID": 9645324637 }, "geometry": { "type": "Point", "coordinates": [ 38.9493656, 45.0399536 ] } },
{ "type": "Feature", "properties": { "NAME": "Лаки Фарма", "NAME_EN": null, "NAME_RU": null, "MAN_MADE": null, "LEISURE": null, "AMENITY": "pharmacy", "OFFICE": null, "SHOP": null, "TOURISM": null, "SPORT": null, "OSM_TYPE": "node", "OSM_ID": 9645324638 }, "geometry": { "type": "Point", "coordinates": [ 39.0719157, 45.0074725 ] } },
{ "type": "Feature", "properties": { "NAME": "Лаки Фарма", "NAME_EN": null, "NAME_RU": null, "MAN_MADE": null, "LEISURE": null, "AMENITY": "pharmacy", "OFFICE": null, "SHOP": null, "TOURISM": null, "SPORT": null, "OSM_TYPE": "node", "OSM_ID": 9645324643 }, "geometry": { "type": "Point", "coordinates": [ 39.118077, 45.046837 ] } },
{ "type": "Feature", "properties": { "NAME": "Лаки Фарма", "NAME_EN": null, "NAME_RU": null, "MAN_MADE": null, "LEISURE": null, "AMENITY": "pharmacy", "OFFICE": null, "SHOP": null, "TOURISM": null, "SPORT": null, "OSM_TYPE": "node", "OSM_ID": 9645324646 }, "geometry": { "type": "Point", "coordinates": [ 39.1232988, 45.0348778 ] } },
{ "type": "Feature", "properties": { "NAME": "Лаки Фарма", "NAME_EN": null, "NAME_RU": null, "MAN_MADE": null, "LEISURE": null, "AMENITY": "pharmacy", "OFFICE": null, "SHOP": null, "TOURISM": null, "SPORT": null, "OSM_TYPE": "node", "OSM_ID": 9645324647 }, "geometry": { "type": "Point", "coordinates": [ 39.0745631, 44.9967077 ] } },
{ "type": "Feature", "properties": { "NAME": "Лаки Фарма", "NAME_EN": null, "NAME_RU": null, "MAN_MADE": null, "LEISURE": null, "AMENITY": "pharmacy", "OFFICE": null, "SHOP": null, "TOURISM": null, "SPORT": null, "OSM_TYPE": "node", "OSM_ID": 9645324649 }, "geometry": { "type": "Point", "coordinates": [ 39.0318221, 45.0685046 ] } },
{ "type": "Feature", "properties": { "NAME": "Лаки Фарма", "NAME_EN": null, "NAME_RU": null, "MAN_MADE": null, "LEISURE": null, "AMENITY": "pharmacy", "OFFICE": null, "SHOP": null, "TOURISM": null, "SPORT": null, "OSM_TYPE": "node", "OSM_ID": 9645324651 }, "geometry": { "type": "Point", "coordinates": [ 39.073795, 45.014938 ] } },
{ "type": "Feature", "properties": { "NAME": "Лаки Фарма", "NAME_EN": null, "NAME_RU": null, "MAN_MADE": null, "LEISURE": null, "AMENITY": "pharmacy", "OFFICE": null, "SHOP": null, "TOURISM": null, "SPORT": null, "OSM_TYPE": "node", "OSM_ID": 9645324652 }, "geometry": { "type": "Point", "coordinates": [ 39.042165, 45.017608 ] } },
{ "type": "Feature", "properties": { "NAME": "Лаки Фарма", "NAME_EN": null, "NAME_RU": null, "MAN_MADE": null, "LEISURE": null, "AMENITY": "pharmacy", "OFFICE": null, "SHOP": null, "TOURISM": null, "SPORT": null, "OSM_TYPE": "node", "OSM_ID": 9645324653 }, "geometry": { "type": "Point", "coordinates": [ 38.9793473, 45.0686941 ] } },
{ "type": "Feature", "properties": { "NAME": "Лаки Фарма", "NAME_EN": null, "NAME_RU": null, "MAN_MADE": null, "LEISURE": null, "AMENITY": "pharmacy", "OFFICE": null, "SHOP": null, "TOURISM": null, "SPORT": null, "OSM_TYPE": "node", "OSM_ID": 9645324654 }, "geometry": { "type": "Point", "coordinates": [ 38.962149, 45.0435469 ] } },
{ "type": "Feature", "properties": { "NAME": "Лаки Фарма", "NAME_EN": null, "NAME_RU": null, "MAN_MADE": null, "LEISURE": null, "AMENITY": "pharmacy", "OFFICE": null, "SHOP": null, "TOURISM": null, "SPORT": null, "OSM_TYPE": "node", "OSM_ID": 9645324656 }, "geometry": { "type": "Point", "coordinates": [ 38.9688948, 45.0379294 ] } },
{ "type": "Feature", "properties": { "NAME": "Лаки Фарма", "NAME_EN": null, "NAME_RU": null, "MAN_MADE": null, "LEISURE": null, "AMENITY": "pharmacy", "OFFICE": null, "SHOP": null, "TOURISM": null, "SPORT": null, "OSM_TYPE": "node", "OSM_ID": 9645324657 }, "geometry": { "type": "Point", "coordinates": [ 39.0736431, 45.0055931 ] } },
{ "type": "Feature", "properties": { "NAME": "Лаки Фарма", "NAME_EN": null, "NAME_RU": null, "MAN_MADE": null, "LEISURE": null, "AMENITY": "pharmacy", "OFFICE": null, "SHOP": null, "TOURISM": null, "SPORT": null, "OSM_TYPE": "node", "OSM_ID": 9645324659 }, "geometry": { "type": "Point", "coordinates": [ 39.0697713, 45.0113482 ] } },
{ "type": "Feature", "properties": { "NAME": "Лаки Фарма", "NAME_EN": null, "NAME_RU": null, "MAN_MADE": null, "LEISURE": null, "AMENITY": "pharmacy", "OFFICE": null, "SHOP": null, "TOURISM": null, "SPORT": null, "OSM_TYPE": "node", "OSM_ID": 9645324660 }, "geometry": { "type": "Point", "coordinates": [ 39.066385, 45.024046 ] } },
{ "type": "Feature", "properties": { "NAME": "Лаки Фарма", "NAME_EN": null, "NAME_RU": null, "MAN_MADE": null, "LEISURE": null, "AMENITY": "pharmacy", "OFFICE": null, "SHOP": null, "TOURISM": null, "SPORT": null, "OSM_TYPE": "node", "OSM_ID": 9645324668 }, "geometry": { "type": "Point", "coordinates": [ 38.918099, 45.063712 ] } },
{ "type": "Feature", "properties": { "NAME": "Лаки Фарма", "NAME_EN": null, "NAME_RU": null, "MAN_MADE": null, "LEISURE": null, "AMENITY": "pharmacy", "OFFICE": null, "SHOP": null, "TOURISM": null, "SPORT": null, "OSM_TYPE": "node", "OSM_ID": 9645324675 }, "geometry": { "type": "Point", "coordinates": [ 38.9814502, 45.0585585 ] } },
{ "type": "Feature", "properties": { "NAME": "Лаки Фарма", "NAME_EN": null, "NAME_RU": null, "MAN_MADE": null, "LEISURE": null, "AMENITY": "pharmacy", "OFFICE": null, "SHOP": null, "TOURISM": null, "SPORT": null, "OSM_TYPE": "node", "OSM_ID": 9645324677 }, "geometry": { "type": "Point", "coordinates": [ 39.0255913, 45.0717704 ] } },
{ "type": "Feature", "properties": { "NAME": "Лаки Фарма", "NAME_EN": null, "NAME_RU": null, "MAN_MADE": null, "LEISURE": null, "AMENITY": "pharmacy", "OFFICE": null, "SHOP": null, "TOURISM": null, "SPORT": null, "OSM_TYPE": "node", "OSM_ID": 9645324678 }, "geometry": { "type": "Point", "coordinates": [ 39.0071699, 45.0627986 ] } },
{ "type": "Feature", "properties": { "NAME": "Лаки Фарма", "NAME_EN": null, "NAME_RU": null, "MAN_MADE": null, "LEISURE": null, "AMENITY": "pharmacy", "OFFICE": null, "SHOP": null, "TOURISM": null, "SPORT": null, "OSM_TYPE": "node", "OSM_ID": 9645324679 }, "geometry": { "type": "Point", "coordinates": [ 39.0097234, 45.0879978 ] } },
{ "type": "Feature", "properties": { "NAME": "Лаки Фарма", "NAME_EN": null, "NAME_RU": null, "MAN_MADE": null, "LEISURE": null, "AMENITY": "pharmacy", "OFFICE": null, "SHOP": null, "TOURISM": null, "SPORT": null, "OSM_TYPE": "node", "OSM_ID": 9645324682 }, "geometry": { "type": "Point", "coordinates": [ 39.094827, 45.031204 ] } },
{ "type": "Feature", "properties": { "NAME": "Лаки Фарма", "NAME_EN": null, "NAME_RU": null, "MAN_MADE": null, "LEISURE": null, "AMENITY": "pharmacy", "OFFICE": null, "SHOP": null, "TOURISM": null, "SPORT": null, "OSM_TYPE": "node", "OSM_ID": 9645324683 }, "geometry": { "type": "Point", "coordinates": [ 39.0915951, 45.0315853 ] } },
{ "type": "Feature", "properties": { "NAME": "Лаки Фарма", "NAME_EN": null, "NAME_RU": null, "MAN_MADE": null, "LEISURE": null, "AMENITY": "pharmacy", "OFFICE": null, "SHOP": null, "TOURISM": null, "SPORT": null, "OSM_TYPE": "node", "OSM_ID": 9645324684 }, "geometry": { "type": "Point", "coordinates": [ 38.9732426, 45.0747613 ] } },
{ "type": "Feature", "properties": { "NAME": "Лаки Фарма", "NAME_EN": null, "NAME_RU": null, "MAN_MADE": null, "LEISURE": null, "AMENITY": "pharmacy", "OFFICE": null, "SHOP": null, "TOURISM": null, "SPORT": null, "OSM_TYPE": "node", "OSM_ID": 9645324687 }, "geometry": { "type": "Point", "coordinates": [ 39.0033236, 45.0431357 ] } },
{ "type": "Feature", "properties": { "NAME": "Лаки Фарма", "NAME_EN": null, "NAME_RU": null, "MAN_MADE": null, "LEISURE": null, "AMENITY": "pharmacy", "OFFICE": null, "SHOP": null, "TOURISM": null, "SPORT": null, "OSM_TYPE": "node", "OSM_ID": 9645324689 }, "geometry": { "type": "Point", "coordinates": [ 39.0765908, 45.0003986 ] } },
{ "type": "Feature", "properties": { "NAME": "Лаки Фарма", "NAME_EN": null, "NAME_RU": null, "MAN_MADE": null, "LEISURE": null, "AMENITY": "pharmacy", "OFFICE": null, "SHOP": null, "TOURISM": null, "SPORT": null, "OSM_TYPE": "node", "OSM_ID": 9645324690 }, "geometry": { "type": "Point", "coordinates": [ 38.9816836, 45.0500697 ] } },
{ "type": "Feature", "properties": { "NAME": "Лаки Фарма", "NAME_EN": null, "NAME_RU": null, "MAN_MADE": null, "LEISURE": null, "AMENITY": "pharmacy", "OFFICE": null, "SHOP": null, "TOURISM": null, "SPORT": null, "OSM_TYPE": "node", "OSM_ID": 9645324691 }, "geometry": { "type": "Point", "coordinates": [ 39.0286276, 45.0554473 ] } },
{ "type": "Feature", "properties": { "NAME": "Лаки Фарма", "NAME_EN": null, "NAME_RU": null, "MAN_MADE": null, "LEISURE": null, "AMENITY": "pharmacy", "OFFICE": null, "SHOP": null, "TOURISM": null, "SPORT": null, "OSM_TYPE": "node", "OSM_ID": 9645324692 }, "geometry": { "type": "Point", "coordinates": [ 38.9758471, 45.0727364 ] } },
{ "type": "Feature", "properties": { "NAME": "Лаки Фарма", "NAME_EN": null, "NAME_RU": null, "MAN_MADE": null, "LEISURE": null, "AMENITY": "pharmacy", "OFFICE": null, "SHOP": null, "TOURISM": null, "SPORT": null, "OSM_TYPE": "node", "OSM_ID": 9645324693 }, "geometry": { "type": "Point", "coordinates": [ 39.002865, 45.085767 ] } },
{ "type": "Feature", "properties": { "NAME": "Лаки Фарма", "NAME_EN": null, "NAME_RU": null, "MAN_MADE": null, "LEISURE": null, "AMENITY": "pharmacy", "OFFICE": null, "SHOP": null, "TOURISM": null, "SPORT": null, "OSM_TYPE": "node", "OSM_ID": 9645324695 }, "geometry": { "type": "Point", "coordinates": [ 39.1104189, 45.042389 ] } },
{ "type": "Feature", "properties": { "NAME": "Лаки Фарма", "NAME_EN": null, "NAME_RU": null, "MAN_MADE": null, "LEISURE": null, "AMENITY": "pharmacy", "OFFICE": null, "SHOP": null, "TOURISM": null, "SPORT": null, "OSM_TYPE": "node", "OSM_ID": 9645324696 }, "geometry": { "type": "Point", "coordinates": [ 38.9176163, 45.0367239 ] } },
{ "type": "Feature", "properties": { "NAME": "Лаки Фарма", "NAME_EN": null, "NAME_RU": null, "MAN_MADE": null, "LEISURE": null, "AMENITY": "pharmacy", "OFFICE": null, "SHOP": null, "TOURISM": null, "SPORT": null, "OSM_TYPE": "node", "OSM_ID": 9645324697 }, "geometry": { "type": "Point", "coordinates": [ 39.096587, 45.018961 ] } },
{ "type": "Feature", "properties": { "NAME": "Лаки Фарма", "NAME_EN": null, "NAME_RU": null, "MAN_MADE": null, "LEISURE": null, "AMENITY": "pharmacy", "OFFICE": null, "SHOP": null, "TOURISM": null, "SPORT": null, "OSM_TYPE": "node", "OSM_ID": 9645324698 }, "geometry": { "type": "Point", "coordinates": [ 38.9769495, 45.0303854 ] } },
{ "type": "Feature", "properties": { "NAME": "Лаки Фарма", "NAME_EN": null, "NAME_RU": null, "MAN_MADE": null, "LEISURE": null, "AMENITY": "pharmacy", "OFFICE": null, "SHOP": null, "TOURISM": null, "SPORT": null, "OSM_TYPE": "node", "OSM_ID": 9645324700 }, "geometry": { "type": "Point", "coordinates": [ 39.0327823, 45.0182466 ] } },
{ "type": "Feature", "properties": { "NAME": "Лаки Фарма", "NAME_EN": null, "NAME_RU": null, "MAN_MADE": null, "LEISURE": null, "AMENITY": "pharmacy", "OFFICE": null, "SHOP": null, "TOURISM": null, "SPORT": null, "OSM_TYPE": "node", "OSM_ID": 9645324702 }, "geometry": { "type": "Point", "coordinates": [ 39.0160668, 45.0553355 ] } },
{ "type": "Feature", "properties": { "NAME": "Лаки Фарма", "NAME_EN": null, "NAME_RU": null, "MAN_MADE": null, "LEISURE": null, "AMENITY": "pharmacy", "OFFICE": null, "SHOP": null, "TOURISM": null, "SPORT": null, "OSM_TYPE": "node", "OSM_ID": 9645324703 }, "geometry": { "type": "Point", "coordinates": [ 39.0416999, 45.0162034 ] } },
{ "type": "Feature", "properties": { "NAME": "Лаки Фарма", "NAME_EN": null, "NAME_RU": null, "MAN_MADE": null, "LEISURE": null, "AMENITY": "pharmacy", "OFFICE": null, "SHOP": null, "TOURISM": null, "SPORT": null, "OSM_TYPE": "node", "OSM_ID": 9645324704 }, "geometry": { "type": "Point", "coordinates": [ 39.0018538, 45.0821915 ] } },
{ "type": "Feature", "properties": { "NAME": "Лаки Фарма", "NAME_EN": null, "NAME_RU": null, "MAN_MADE": null, "LEISURE": null, "AMENITY": "pharmacy", "OFFICE": null, "SHOP": null, "TOURISM": null, "SPORT": null, "OSM_TYPE": "node", "OSM_ID": 9645324705 }, "geometry": { "type": "Point", "coordinates": [ 39.0434173, 45.022994 ] } },
{ "type": "Feature", "properties": { "NAME": "Лаки Фарма", "NAME_EN": null, "NAME_RU": null, "MAN_MADE": null, "LEISURE": null, "AMENITY": "pharmacy", "OFFICE": null, "SHOP": null, "TOURISM": null, "SPORT": null, "OSM_TYPE": "node", "OSM_ID": 9645324706 }, "geometry": { "type": "Point", "coordinates": [ 39.0139773, 45.064839 ] } },
{ "type": "Feature", "properties": { "NAME": "Лаки Фарма", "NAME_EN": null, "NAME_RU": null, "MAN_MADE": null, "LEISURE": null, "AMENITY": "pharmacy", "OFFICE": null, "SHOP": null, "TOURISM": null, "SPORT": null, "OSM_TYPE": "node", "OSM_ID": 9645324707 }, "geometry": { "type": "Point", "coordinates": [ 38.974168, 45.0277902 ] } },
{ "type": "Feature", "properties": { "NAME": "Лаки Фарма", "NAME_EN": null, "NAME_RU": null, "MAN_MADE": null, "LEISURE": null, "AMENITY": "pharmacy", "OFFICE": null, "SHOP": null, "TOURISM": null, "SPORT": null, "OSM_TYPE": "node", "OSM_ID": 9645324709 }, "geometry": { "type": "Point", "coordinates": [ 39.0163377, 45.0064522 ] } },
{ "type": "Feature", "properties": { "NAME": "Лаки Фарма", "NAME_EN": null, "NAME_RU": null, "MAN_MADE": null, "LEISURE": null, "AMENITY": "pharmacy", "OFFICE": null, "SHOP": null, "TOURISM": null, "SPORT": null, "OSM_TYPE": "node", "OSM_ID": 9645324712 }, "geometry": { "type": "Point", "coordinates": [ 38.9680874, 45.0703554 ] } },
{ "type": "Feature", "properties": { "NAME": "Лаки Фарма", "NAME_EN": null, "NAME_RU": null, "MAN_MADE": null, "LEISURE": null, "AMENITY": "pharmacy", "OFFICE": null, "SHOP": null, "TOURISM": null, "SPORT": null, "OSM_TYPE": "node", "OSM_ID": 9645324713 }, "geometry": { "type": "Point", "coordinates": [ 38.9514068, 45.054229 ] } },
{ "type": "Feature", "properties": { "NAME": "Лаки Фарма", "NAME_EN": null, "NAME_RU": null, "MAN_MADE": null, "LEISURE": null, "AMENITY": "pharmacy", "OFFICE": null, "SHOP": null, "TOURISM": null, "SPORT": null, "OSM_TYPE": "node", "OSM_ID": 9645324714 }, "geometry": { "type": "Point", "coordinates": [ 39.008664, 45.067709 ] } },
{ "type": "Feature", "properties": { "NAME": "Лаки Фарма", "NAME_EN": null, "NAME_RU": null, "MAN_MADE": null, "LEISURE": null, "AMENITY": "pharmacy", "OFFICE": null, "SHOP": null, "TOURISM": null, "SPORT": null, "OSM_TYPE": "node", "OSM_ID": 9645324715 }, "geometry": { "type": "Point", "coordinates": [ 39.006642, 45.064967 ] } },
{ "type": "Feature", "properties": { "NAME": "Лаки Фарма", "NAME_EN": null, "NAME_RU": null, "MAN_MADE": null, "LEISURE": null, "AMENITY": "pharmacy", "OFFICE": null, "SHOP": null, "TOURISM": null, "SPORT": null, "OSM_TYPE": "node", "OSM_ID": 9645324716 }, "geometry": { "type": "Point", "coordinates": [ 39.0385088, 45.0732043 ] } },
{ "type": "Feature", "properties": { "NAME": "Лаки Фарма", "NAME_EN": null, "NAME_RU": null, "MAN_MADE": null, "LEISURE": null, "AMENITY": "pharmacy", "OFFICE": null, "SHOP": null, "TOURISM": null, "SPORT": null, "OSM_TYPE": "node", "OSM_ID": 9645324720 }, "geometry": { "type": "Point", "coordinates": [ 38.9204514, 45.0604588 ] } },
{ "type": "Feature", "properties": { "NAME": "Лаки Фарма", "NAME_EN": null, "NAME_RU": null, "MAN_MADE": null, "LEISURE": null, "AMENITY": "pharmacy", "OFFICE": null, "SHOP": null, "TOURISM": null, "SPORT": null, "OSM_TYPE": "node", "OSM_ID": 9645324721 }, "geometry": { "type": "Point", "coordinates": [ 39.0918767, 45.0366538 ] } },
{ "type": "Feature", "properties": { "NAME": "Лаки Фарма", "NAME_EN": null, "NAME_RU": null, "MAN_MADE": null, "LEISURE": null, "AMENITY": "pharmacy", "OFFICE": null, "SHOP": null, "TOURISM": null, "SPORT": null, "OSM_TYPE": "node", "OSM_ID": 9645324722 }, "geometry": { "type": "Point", "coordinates": [ 39.0724844, 45.0023331 ] } },
{ "type": "Feature", "properties": { "NAME": "Лаки Фарма", "NAME_EN": null, "NAME_RU": null, "MAN_MADE": null, "LEISURE": null, "AMENITY": "pharmacy", "OFFICE": null, "SHOP": null, "TOURISM": null, "SPORT": null, "OSM_TYPE": "node", "OSM_ID": 9645324723 }, "geometry": { "type": "Point", "coordinates": [ 39.0075937, 45.0558244 ] } },
{ "type": "Feature", "properties": { "NAME": "Лаки Фарма", "NAME_EN": null, "NAME_RU": null, "MAN_MADE": null, "LEISURE": null, "AMENITY": "pharmacy", "OFFICE": null, "SHOP": null, "TOURISM": null, "SPORT": null, "OSM_TYPE": "node", "OSM_ID": 9645324724 }, "geometry": { "type": "Point", "coordinates": [ 39.007237, 45.035446 ] } },
{ "type": "Feature", "properties": { "NAME": "Лаки Фарма", "NAME_EN": null, "NAME_RU": null, "MAN_MADE": null, "LEISURE": null, "AMENITY": "pharmacy", "OFFICE": null, "SHOP": null, "TOURISM": null, "SPORT": null, "OSM_TYPE": "node", "OSM_ID": 9645324730 }, "geometry": { "type": "Point", "coordinates": [ 39.0272382, 45.0477237 ] } },
{ "type": "Feature", "properties": { "NAME": "Лаки Фарма", "NAME_EN": null, "NAME_RU": null, "MAN_MADE": null, "LEISURE": null, "AMENITY": "pharmacy", "OFFICE": null, "SHOP": null, "TOURISM": null, "SPORT": null, "OSM_TYPE": "node", "OSM_ID": 9645324731 }, "geometry": { "type": "Point", "coordinates": [ 38.9901674, 45.0528988 ] } },
{ "type": "Feature", "properties": { "NAME": "Лаки Фарма", "NAME_EN": null, "NAME_RU": null, "MAN_MADE": null, "LEISURE": null, "AMENITY": "pharmacy", "OFFICE": null, "SHOP": null, "TOURISM": null, "SPORT": null, "OSM_TYPE": "node", "OSM_ID": 9645324733 }, "geometry": { "type": "Point", "coordinates": [ 39.0262431, 45.0660002 ] } },
{ "type": "Feature", "properties": { "NAME": "Лаки Фарма", "NAME_EN": null, "NAME_RU": null, "MAN_MADE": null, "LEISURE": null, "AMENITY": "pharmacy", "OFFICE": null, "SHOP": null, "TOURISM": null, "SPORT": null, "OSM_TYPE": "node", "OSM_ID": 9645324735 }, "geometry": { "type": "Point", "coordinates": [ 39.1390112, 45.0341272 ] } },
{ "type": "Feature", "properties": { "NAME": "Лаки Фарма", "NAME_EN": null, "NAME_RU": null, "MAN_MADE": null, "LEISURE": null, "AMENITY": "pharmacy", "OFFICE": null, "SHOP": null, "TOURISM": null, "SPORT": null, "OSM_TYPE": "node", "OSM_ID": 9645324738 }, "geometry": { "type": "Point", "coordinates": [ 39.0438733, 45.031337 ] } },
{ "type": "Feature", "properties": { "NAME": "Совкомбанк", "NAME_EN": null, "NAME_RU": null, "MAN_MADE": null, "LEISURE": null, "AMENITY": "bank", "OFFICE": null, "SHOP": null, "TOURISM": null, "SPORT": null, "OSM_TYPE": "node", "OSM_ID": 9648066819 }, "geometry": { "type": "Point", "coordinates": [ 38.9199954, 45.0342068 ] } },
{ "type": "Feature", "properties": { "NAME": "Совкомбанк", "NAME_EN": null, "NAME_RU": null, "MAN_MADE": null, "LEISURE": null, "AMENITY": "bank", "OFFICE": null, "SHOP": null, "TOURISM": null, "SPORT": null, "OSM_TYPE": "node", "OSM_ID": 9648067099 }, "geometry": { "type": "Point", "coordinates": [ 38.9745569, 45.040814 ] } },
{ "type": "Feature", "properties": { "NAME": "Совкомбанк", "NAME_EN": null, "NAME_RU": null, "MAN_MADE": null, "LEISURE": null, "AMENITY": "bank", "OFFICE": null, "SHOP": null, "TOURISM": null, "SPORT": null, "OSM_TYPE": "node", "OSM_ID": 9648067144 }, "geometry": { "type": "Point", "coordinates": [ 38.977105, 45.044955 ] } },
{ "type": "Feature", "properties": { "NAME": "Совкомбанк", "NAME_EN": "Sovcom Bank", "NAME_RU": "Совкомбанк", "MAN_MADE": null, "LEISURE": null, "AMENITY": "bank", "OFFICE": null, "SHOP": null, "TOURISM": null, "SPORT": null, "OSM_TYPE": "node", "OSM_ID": 9648067153 }, "geometry": { "type": "Point", "coordinates": [ 39.0260956, 45.0658316 ] } },
{ "type": "Feature", "properties": { "NAME": "Совкомбанк", "NAME_EN": null, "NAME_RU": null, "MAN_MADE": null, "LEISURE": null, "AMENITY": "bank", "OFFICE": null, "SHOP": null, "TOURISM": null, "SPORT": null, "OSM_TYPE": "node", "OSM_ID": 9648067776 }, "geometry": { "type": "Point", "coordinates": [ 38.9980531, 45.0193368 ] } },
{ "type": "Feature", "properties": { "NAME": "Совкомбанк", "NAME_EN": null, "NAME_RU": null, "MAN_MADE": null, "LEISURE": null, "AMENITY": "bank", "OFFICE": null, "SHOP": null, "TOURISM": null, "SPORT": null, "OSM_TYPE": "node", "OSM_ID": 9648067812 }, "geometry": { "type": "Point", "coordinates": [ 39.096163, 45.032903 ] } },
{ "type": "Feature", "properties": { "NAME": "Совкомбанк", "NAME_EN": null, "NAME_RU": null, "MAN_MADE": null, "LEISURE": null, "AMENITY": "bank", "OFFICE": null, "SHOP": null, "TOURISM": null, "SPORT": null, "OSM_TYPE": "node", "OSM_ID": 9648067821 }, "geometry": { "type": "Point", "coordinates": [ 38.9462784, 45.0585755 ] } },
{ "type": "Feature", "properties": { "NAME": "Совкомбанк", "NAME_EN": "Sovcom Bank", "NAME_RU": "Совкомбанк", "MAN_MADE": null, "LEISURE": null, "AMENITY": "bank", "OFFICE": null, "SHOP": null, "TOURISM": null, "SPORT": null, "OSM_TYPE": "node", "OSM_ID": 9648067839 }, "geometry": { "type": "Point", "coordinates": [ 39.0015748, 45.0627436 ] } },
{ "type": "Feature", "properties": { "NAME": "Совкомбанк", "NAME_EN": null, "NAME_RU": null, "MAN_MADE": null, "LEISURE": null, "AMENITY": "bank", "OFFICE": null, "SHOP": null, "TOURISM": null, "SPORT": null, "OSM_TYPE": "node", "OSM_ID": 9648067857 }, "geometry": { "type": "Point", "coordinates": [ 38.9651585, 45.0677052 ] } },
{ "type": "Feature", "properties": { "NAME": "Совкомбанк", "NAME_EN": null, "NAME_RU": null, "MAN_MADE": null, "LEISURE": null, "AMENITY": "bank", "OFFICE": null, "SHOP": null, "TOURISM": null, "SPORT": null, "OSM_TYPE": "node", "OSM_ID": 9648067858 }, "geometry": { "type": "Point", "coordinates": [ 39.0497553, 45.0198657 ] } },
{ "type": "Feature", "properties": { "NAME": "Вита Экспресс", "NAME_EN": null, "NAME_RU": null, "MAN_MADE": null, "LEISURE": null, "AMENITY": "pharmacy", "OFFICE": null, "SHOP": null, "TOURISM": null, "SPORT": null, "OSM_TYPE": "node", "OSM_ID": 9680652286 }, "geometry": { "type": "Point", "coordinates": [ 39.0013361, 45.0992377 ] } },
{ "type": "Feature", "properties": { "NAME": "Вита Экспресс", "NAME_EN": null, "NAME_RU": null, "MAN_MADE": null, "LEISURE": null, "AMENITY": "pharmacy", "OFFICE": null, "SHOP": null, "TOURISM": null, "SPORT": null, "OSM_TYPE": "node", "OSM_ID": 9680652290 }, "geometry": { "type": "Point", "coordinates": [ 38.8966119, 45.0790627 ] } },
{ "type": "Feature", "properties": { "NAME": "Вита Экспресс", "NAME_EN": null, "NAME_RU": null, "MAN_MADE": null, "LEISURE": null, "AMENITY": "pharmacy", "OFFICE": null, "SHOP": null, "TOURISM": null, "SPORT": null, "OSM_TYPE": "node", "OSM_ID": 9680652291 }, "geometry": { "type": "Point", "coordinates": [ 39.0098092, 45.0921733 ] } },
{ "type": "Feature", "properties": { "NAME": "Вита Экспресс", "NAME_EN": null, "NAME_RU": null, "MAN_MADE": null, "LEISURE": null, "AMENITY": "pharmacy", "OFFICE": null, "SHOP": null, "TOURISM": null, "SPORT": null, "OSM_TYPE": "node", "OSM_ID": 9680652352 }, "geometry": { "type": "Point", "coordinates": [ 39.0376156, 45.0748825 ] } },
{ "type": "Feature", "properties": { "NAME": null, "NAME_EN": "KFC", "NAME_RU": null, "MAN_MADE": null, "LEISURE": null, "AMENITY": "cafe", "OFFICE": null, "SHOP": null, "TOURISM": null, "SPORT": null, "OSM_TYPE": "node", "OSM_ID": 9680992117 }, "geometry": { "type": "Point", "coordinates": [ 38.9272386, 45.0410708 ] } },
{ "type": "Feature", "properties": { "NAME": "Итальяшка", "NAME_EN": null, "NAME_RU": "Итальяшка", "MAN_MADE": null, "LEISURE": null, "AMENITY": "restaurant", "OFFICE": null, "SHOP": null, "TOURISM": null, "SPORT": null, "OSM_TYPE": "node", "OSM_ID": 9735917570 }, "geometry": { "type": "Point", "coordinates": [ 38.9516972, 45.0541826 ] } },
{ "type": "Feature", "properties": { "NAME": "Локация Кофе", "NAME_EN": null, "NAME_RU": null, "MAN_MADE": null, "LEISURE": null, "AMENITY": "cafe", "OFFICE": null, "SHOP": null, "TOURISM": null, "SPORT": null, "OSM_TYPE": "node", "OSM_ID": 9751568817 }, "geometry": { "type": "Point", "coordinates": [ 39.0307805, 45.0462709 ] } },
{ "type": "Feature", "properties": { "NAME": "Осетинские пироги", "NAME_EN": null, "NAME_RU": null, "MAN_MADE": null, "LEISURE": null, "AMENITY": "cafe", "OFFICE": null, "SHOP": null, "TOURISM": null, "SPORT": null, "OSM_TYPE": "node", "OSM_ID": 9794657317 }, "geometry": { "type": "Point", "coordinates": [ 39.027116, 45.0386817 ] } },
{ "type": "Feature", "properties": { "NAME": "Алоэ", "NAME_EN": null, "NAME_RU": null, "MAN_MADE": null, "LEISURE": null, "AMENITY": "pharmacy", "OFFICE": null, "SHOP": null, "TOURISM": null, "SPORT": null, "OSM_TYPE": "node", "OSM_ID": 9801736515 }, "geometry": { "type": "Point", "coordinates": [ 39.127062, 45.0378024 ] } },
{ "type": "Feature", "properties": { "NAME": "Алоэ", "NAME_EN": null, "NAME_RU": null, "MAN_MADE": null, "LEISURE": null, "AMENITY": "pharmacy", "OFFICE": null, "SHOP": null, "TOURISM": null, "SPORT": null, "OSM_TYPE": "node", "OSM_ID": 9801737818 }, "geometry": { "type": "Point", "coordinates": [ 38.8935649, 45.0806726 ] } },
{ "type": "Feature", "properties": { "NAME": "Лаки Фарма", "NAME_EN": null, "NAME_RU": null, "MAN_MADE": null, "LEISURE": null, "AMENITY": "pharmacy", "OFFICE": null, "SHOP": null, "TOURISM": null, "SPORT": null, "OSM_TYPE": "node", "OSM_ID": 9811250200 }, "geometry": { "type": "Point", "coordinates": [ 39.0352359, 45.0573354 ] } },
{ "type": "Feature", "properties": { "NAME": "Kantanta", "NAME_EN": null, "NAME_RU": null, "MAN_MADE": null, "LEISURE": null, "AMENITY": "cafe", "OFFICE": null, "SHOP": null, "TOURISM": null, "SPORT": null, "OSM_TYPE": "node", "OSM_ID": 9824177171 }, "geometry": { "type": "Point", "coordinates": [ 38.9722021, 45.029126 ] } },
{ "type": "Feature", "properties": { "NAME": "Социальная", "NAME_EN": null, "NAME_RU": null, "MAN_MADE": null, "LEISURE": null, "AMENITY": "pharmacy", "OFFICE": null, "SHOP": null, "TOURISM": null, "SPORT": null, "OSM_TYPE": "node", "OSM_ID": 9825495169 }, "geometry": { "type": "Point", "coordinates": [ 38.9749936, 45.0265052 ] } },
{ "type": "Feature", "properties": { "NAME": "ФармСклад23", "NAME_EN": null, "NAME_RU": null, "MAN_MADE": null, "LEISURE": null, "AMENITY": "pharmacy", "OFFICE": null, "SHOP": null, "TOURISM": null, "SPORT": null, "OSM_TYPE": "node", "OSM_ID": 9833888928 }, "geometry": { "type": "Point", "coordinates": [ 38.9744103, 45.0277101 ] } },
{ "type": "Feature", "properties": { "NAME": "Ригла", "NAME_EN": null, "NAME_RU": null, "MAN_MADE": null, "LEISURE": null, "AMENITY": "pharmacy", "OFFICE": null, "SHOP": null, "TOURISM": null, "SPORT": null, "OSM_TYPE": "node", "OSM_ID": 9843237114 }, "geometry": { "type": "Point", "coordinates": [ 39.0036771, 45.0954328 ] } },
{ "type": "Feature", "properties": { "NAME": "Сдобное место", "NAME_EN": "Sdobnoe mesto", "NAME_RU": null, "MAN_MADE": null, "LEISURE": null, "AMENITY": "cafe", "OFFICE": null, "SHOP": null, "TOURISM": null, "SPORT": null, "OSM_TYPE": "node", "OSM_ID": 9856510618 }, "geometry": { "type": "Point", "coordinates": [ 38.9693229, 45.0256151 ] } },
{ "type": "Feature", "properties": { "NAME": "Wunschpunschcoffee. Варим чудеса", "NAME_EN": "Wunschpunsch coffee house", "NAME_RU": null, "MAN_MADE": null, "LEISURE": null, "AMENITY": "cafe", "OFFICE": null, "SHOP": null, "TOURISM": null, "SPORT": null, "OSM_TYPE": "node", "OSM_ID": 9856516617 }, "geometry": { "type": "Point", "coordinates": [ 38.9694899, 45.0255773 ] } },
{ "type": "Feature", "properties": { "NAME": "Гимназия", "NAME_EN": "Gimnazia", "NAME_RU": null, "MAN_MADE": null, "LEISURE": null, "AMENITY": "restaurant", "OFFICE": null, "SHOP": null, "TOURISM": null, "SPORT": null, "OSM_TYPE": "node", "OSM_ID": 9856525417 }, "geometry": { "type": "Point", "coordinates": [ 38.9696218, 45.0255546 ] } },
{ "type": "Feature", "properties": { "NAME": "Вита Экспресс", "NAME_EN": null, "NAME_RU": null, "MAN_MADE": null, "LEISURE": null, "AMENITY": "pharmacy", "OFFICE": null, "SHOP": null, "TOURISM": null, "SPORT": null, "OSM_TYPE": "node", "OSM_ID": 9866990878 }, "geometry": { "type": "Point", "coordinates": [ 39.0256289, 45.0718348 ] } },
{ "type": "Feature", "properties": { "NAME": "Boroda Group", "NAME_EN": null, "NAME_RU": null, "MAN_MADE": null, "LEISURE": null, "AMENITY": "cafe", "OFFICE": null, "SHOP": null, "TOURISM": null, "SPORT": null, "OSM_TYPE": "node", "OSM_ID": 9872911788 }, "geometry": { "type": "Point", "coordinates": [ 38.973392, 45.0279513 ] } },
{ "type": "Feature", "properties": { "NAME": "Цех этого города", "NAME_EN": null, "NAME_RU": null, "MAN_MADE": null, "LEISURE": null, "AMENITY": "cafe", "OFFICE": null, "SHOP": null, "TOURISM": null, "SPORT": null, "OSM_TYPE": "node", "OSM_ID": 9872911803 }, "geometry": { "type": "Point", "coordinates": [ 38.9727489, 45.0280716 ] } },
{ "type": "Feature", "properties": { "NAME": null, "NAME_EN": null, "NAME_RU": null, "MAN_MADE": null, "LEISURE": null, "AMENITY": "pharmacy", "OFFICE": null, "SHOP": null, "TOURISM": null, "SPORT": null, "OSM_TYPE": "node", "OSM_ID": 9895955418 }, "geometry": { "type": "Point", "coordinates": [ 38.9771989, 45.0923591 ] } },
{ "type": "Feature", "properties": { "NAME": "Лаки Фарма", "NAME_EN": null, "NAME_RU": null, "MAN_MADE": null, "LEISURE": null, "AMENITY": "pharmacy", "OFFICE": null, "SHOP": null, "TOURISM": null, "SPORT": null, "OSM_TYPE": "node", "OSM_ID": 9904160893 }, "geometry": { "type": "Point", "coordinates": [ 39.0217642, 45.0630851 ] } },
{ "type": "Feature", "properties": { "NAME": "Лаки Фарма", "NAME_EN": null, "NAME_RU": null, "MAN_MADE": null, "LEISURE": null, "AMENITY": "pharmacy", "OFFICE": null, "SHOP": null, "TOURISM": null, "SPORT": null, "OSM_TYPE": "node", "OSM_ID": 9904171268 }, "geometry": { "type": "Point", "coordinates": [ 39.0181488, 45.1099192 ] } },
{ "type": "Feature", "properties": { "NAME": "Лаки Фарма", "NAME_EN": null, "NAME_RU": null, "MAN_MADE": null, "LEISURE": null, "AMENITY": "pharmacy", "OFFICE": null, "SHOP": null, "TOURISM": null, "SPORT": null, "OSM_TYPE": "node", "OSM_ID": 9904185614 }, "geometry": { "type": "Point", "coordinates": [ 39.0376122, 45.0747173 ] } },
{ "type": "Feature", "properties": { "NAME": "Лаки Фарма", "NAME_EN": null, "NAME_RU": null, "MAN_MADE": null, "LEISURE": null, "AMENITY": "pharmacy", "OFFICE": null, "SHOP": null, "TOURISM": null, "SPORT": null, "OSM_TYPE": "node", "OSM_ID": 9904227517 }, "geometry": { "type": "Point", "coordinates": [ 39.0204401, 45.0360735 ] } },
{ "type": "Feature", "properties": { "NAME": "Лаки Фарма", "NAME_EN": null, "NAME_RU": null, "MAN_MADE": null, "LEISURE": null, "AMENITY": "pharmacy", "OFFICE": null, "SHOP": null, "TOURISM": null, "SPORT": null, "OSM_TYPE": "node", "OSM_ID": 9904238696 }, "geometry": { "type": "Point", "coordinates": [ 39.0966551, 45.0359212 ] } },
{ "type": "Feature", "properties": { "NAME": "Суши на дом", "NAME_EN": "Sushi at home", "NAME_RU": null, "MAN_MADE": null, "LEISURE": null, "AMENITY": "restaurant", "OFFICE": null, "SHOP": null, "TOURISM": null, "SPORT": null, "OSM_TYPE": "node", "OSM_ID": 9933992618 }, "geometry": { "type": "Point", "coordinates": [ 39.0078254, 45.0683805 ] } },
{ "type": "Feature", "properties": { "NAME": "Sushi Top", "NAME_EN": null, "NAME_RU": null, "MAN_MADE": null, "LEISURE": null, "AMENITY": "restaurant", "OFFICE": null, "SHOP": null, "TOURISM": null, "SPORT": null, "OSM_TYPE": "node", "OSM_ID": 9934323117 }, "geometry": { "type": "Point", "coordinates": [ 38.9594923, 45.0513274 ] } },
{ "type": "Feature", "properties": { "NAME": "Кубана Toscana", "NAME_EN": null, "NAME_RU": null, "MAN_MADE": null, "LEISURE": null, "AMENITY": "restaurant", "OFFICE": null, "SHOP": null, "TOURISM": null, "SPORT": null, "OSM_TYPE": "node", "OSM_ID": 9937326918 }, "geometry": { "type": "Point", "coordinates": [ 38.9744664, 45.0326768 ] } },
{ "type": "Feature", "properties": { "NAME": null, "NAME_EN": null, "NAME_RU": null, "MAN_MADE": null, "LEISURE": null, "AMENITY": "pharmacy", "OFFICE": null, "SHOP": null, "TOURISM": null, "SPORT": null, "OSM_TYPE": "node", "OSM_ID": 9943402277 }, "geometry": { "type": "Point", "coordinates": [ 38.9493093, 45.0409467 ] } },
{ "type": "Feature", "properties": { "NAME": "Пражечка", "NAME_EN": null, "NAME_RU": null, "MAN_MADE": null, "LEISURE": null, "AMENITY": "restaurant", "OFFICE": null, "SHOP": null, "TOURISM": null, "SPORT": null, "OSM_TYPE": "node", "OSM_ID": 9945453772 }, "geometry": { "type": "Point", "coordinates": [ 38.9726174, 45.0264578 ] } },
{ "type": "Feature", "properties": { "NAME": null, "NAME_EN": null, "NAME_RU": null, "MAN_MADE": null, "LEISURE": null, "AMENITY": "pharmacy", "OFFICE": null, "SHOP": null, "TOURISM": null, "SPORT": null, "OSM_TYPE": "node", "OSM_ID": 9945453773 }, "geometry": { "type": "Point", "coordinates": [ 38.9728797, 45.0264414 ] } },
{ "type": "Feature", "properties": { "NAME": "SOS", "NAME_EN": null, "NAME_RU": null, "MAN_MADE": null, "LEISURE": null, "AMENITY": "pharmacy", "OFFICE": null, "SHOP": null, "TOURISM": null, "SPORT": null, "OSM_TYPE": "node", "OSM_ID": 9972774617 }, "geometry": { "type": "Point", "coordinates": [ 38.9598708, 45.0523847 ] } },
{ "type": "Feature", "properties": { "NAME": "Интеза", "NAME_EN": null, "NAME_RU": null, "MAN_MADE": null, "LEISURE": null, "AMENITY": "bank", "OFFICE": null, "SHOP": null, "TOURISM": null, "SPORT": null, "OSM_TYPE": "node", "OSM_ID": 9972782217 }, "geometry": { "type": "Point", "coordinates": [ 38.9581974, 45.0492254 ] } },
{ "type": "Feature", "properties": { "NAME": "Открытие", "NAME_EN": null, "NAME_RU": null, "MAN_MADE": null, "LEISURE": null, "AMENITY": "bank", "OFFICE": null, "SHOP": null, "TOURISM": null, "SPORT": null, "OSM_TYPE": "node", "OSM_ID": 9972787317 }, "geometry": { "type": "Point", "coordinates": [ 38.9578402, 45.0479073 ] } },
{ "type": "Feature", "properties": { "NAME": "Здравушка", "NAME_EN": null, "NAME_RU": null, "MAN_MADE": null, "LEISURE": null, "AMENITY": "pharmacy", "OFFICE": null, "SHOP": null, "TOURISM": null, "SPORT": null, "OSM_TYPE": "node", "OSM_ID": 9987666262 }, "geometry": { "type": "Point", "coordinates": [ 39.0101623, 45.0869382 ] } },
{ "type": "Feature", "properties": { "NAME": "Здоровье", "NAME_EN": null, "NAME_RU": null, "MAN_MADE": null, "LEISURE": null, "AMENITY": "pharmacy", "OFFICE": null, "SHOP": null, "TOURISM": null, "SPORT": null, "OSM_TYPE": "node", "OSM_ID": 9987666281 }, "geometry": { "type": "Point", "coordinates": [ 39.0074641, 45.0907177 ] } },
{ "type": "Feature", "properties": { "NAME": "Вита Экспресс", "NAME_EN": "Vita Express", "NAME_RU": "Вита Экспресс", "MAN_MADE": null, "LEISURE": null, "AMENITY": "pharmacy", "OFFICE": null, "SHOP": null, "TOURISM": null, "SPORT": null, "OSM_TYPE": "node", "OSM_ID": 9991127045 }, "geometry": { "type": "Point", "coordinates": [ 38.9211836, 45.0344684 ] } },
{ "type": "Feature", "properties": { "NAME": "Здесь аптека", "NAME_EN": null, "NAME_RU": null, "MAN_MADE": null, "LEISURE": null, "AMENITY": "pharmacy", "OFFICE": null, "SHOP": null, "TOURISM": null, "SPORT": null, "OSM_TYPE": "node", "OSM_ID": 9999791025 }, "geometry": { "type": "Point", "coordinates": [ 39.0112713, 45.0877815 ] } },
{ "type": "Feature", "properties": { "NAME": "Flat White Flat", "NAME_EN": null, "NAME_RU": null, "MAN_MADE": null, "LEISURE": null, "AMENITY": "cafe", "OFFICE": null, "SHOP": null, "TOURISM": null, "SPORT": null, "OSM_TYPE": "node", "OSM_ID": 10037896091 }, "geometry": { "type": "Point", "coordinates": [ 38.9755322, 45.0211754 ] } },
{ "type": "Feature", "properties": { "NAME": "Дешевая Аптека", "NAME_EN": null, "NAME_RU": null, "MAN_MADE": null, "LEISURE": null, "AMENITY": "pharmacy", "OFFICE": null, "SHOP": null, "TOURISM": null, "SPORT": null, "OSM_TYPE": "node", "OSM_ID": 10038538117 }, "geometry": { "type": "Point", "coordinates": [ 38.973902, 45.0202485 ] } },
{ "type": "Feature", "properties": { "NAME": "Буфет 53/1 Еда Напитки", "NAME_EN": null, "NAME_RU": null, "MAN_MADE": null, "LEISURE": null, "AMENITY": "cafe", "OFFICE": null, "SHOP": null, "TOURISM": null, "SPORT": null, "OSM_TYPE": "node", "OSM_ID": 10043330040 }, "geometry": { "type": "Point", "coordinates": [ 38.9726132, 45.017195 ] } },
{ "type": "Feature", "properties": { "NAME": "Дирижабль", "NAME_EN": null, "NAME_RU": null, "MAN_MADE": null, "LEISURE": null, "AMENITY": "cafe", "OFFICE": null, "SHOP": null, "TOURISM": null, "SPORT": null, "OSM_TYPE": "node", "OSM_ID": 10043330041 }, "geometry": { "type": "Point", "coordinates": [ 38.9740394, 45.0155363 ] } },
{ "type": "Feature", "properties": { "NAME": "Кофе с Совой", "NAME_EN": null, "NAME_RU": null, "MAN_MADE": null, "LEISURE": null, "AMENITY": "cafe", "OFFICE": null, "SHOP": null, "TOURISM": null, "SPORT": null, "OSM_TYPE": "node", "OSM_ID": 10043330042 }, "geometry": { "type": "Point", "coordinates": [ 38.9730231, 45.0171272 ] } },
{ "type": "Feature", "properties": { "NAME": "Аптека SOS", "NAME_EN": null, "NAME_RU": null, "MAN_MADE": null, "LEISURE": null, "AMENITY": "pharmacy", "OFFICE": null, "SHOP": null, "TOURISM": null, "SPORT": null, "OSM_TYPE": "node", "OSM_ID": 10043330044 }, "geometry": { "type": "Point", "coordinates": [ 38.9743088, 45.0165554 ] } },
{ "type": "Feature", "properties": { "NAME": "Кубань Кредит", "NAME_EN": null, "NAME_RU": null, "MAN_MADE": null, "LEISURE": null, "AMENITY": "bank", "OFFICE": null, "SHOP": null, "TOURISM": null, "SPORT": null, "OSM_TYPE": "node", "OSM_ID": 10045270692 }, "geometry": { "type": "Point", "coordinates": [ 38.9117369, 45.0310128 ] } },
{ "type": "Feature", "properties": { "NAME": "Кубань Кредит", "NAME_EN": null, "NAME_RU": null, "MAN_MADE": null, "LEISURE": null, "AMENITY": "bank", "OFFICE": null, "SHOP": null, "TOURISM": null, "SPORT": null, "OSM_TYPE": "node", "OSM_ID": 10045270704 }, "geometry": { "type": "Point", "coordinates": [ 39.0380904, 45.0656308 ] } },
{ "type": "Feature", "properties": { "NAME": "Кубань Кредит", "NAME_EN": null, "NAME_RU": null, "MAN_MADE": null, "LEISURE": null, "AMENITY": "bank", "OFFICE": null, "SHOP": null, "TOURISM": null, "SPORT": null, "OSM_TYPE": "node", "OSM_ID": 10045270706 }, "geometry": { "type": "Point", "coordinates": [ 38.9796451, 45.0532171 ] } },
{ "type": "Feature", "properties": { "NAME": "Кубань Кредит", "NAME_EN": null, "NAME_RU": null, "MAN_MADE": null, "LEISURE": null, "AMENITY": "bank", "OFFICE": null, "SHOP": null, "TOURISM": null, "SPORT": null, "OSM_TYPE": "node", "OSM_ID": 10045270707 }, "geometry": { "type": "Point", "coordinates": [ 39.0031493, 45.0932999 ] } },
{ "type": "Feature", "properties": { "NAME": "Кубань Кредит", "NAME_EN": null, "NAME_RU": null, "MAN_MADE": null, "LEISURE": null, "AMENITY": "bank", "OFFICE": null, "SHOP": null, "TOURISM": null, "SPORT": null, "OSM_TYPE": "node", "OSM_ID": 10045270708 }, "geometry": { "type": "Point", "coordinates": [ 38.9682564, 45.0322923 ] } },
{ "type": "Feature", "properties": { "NAME": "Кубань Кредит", "NAME_EN": null, "NAME_RU": null, "MAN_MADE": null, "LEISURE": null, "AMENITY": "bank", "OFFICE": null, "SHOP": null, "TOURISM": null, "SPORT": null, "OSM_TYPE": "node", "OSM_ID": 10045270710 }, "geometry": { "type": "Point", "coordinates": [ 38.964542, 45.066068 ] } },
{ "type": "Feature", "properties": { "NAME": "МТС Банк", "NAME_EN": null, "NAME_RU": null, "MAN_MADE": null, "LEISURE": null, "AMENITY": "bank", "OFFICE": null, "SHOP": null, "TOURISM": null, "SPORT": null, "OSM_TYPE": "node", "OSM_ID": 10046506685 }, "geometry": { "type": "Point", "coordinates": [ 39.0962836, 45.0329122 ] } },
{ "type": "Feature", "properties": { "NAME": "МТС Банк", "NAME_EN": null, "NAME_RU": null, "MAN_MADE": null, "LEISURE": null, "AMENITY": "bank", "OFFICE": null, "SHOP": null, "TOURISM": null, "SPORT": null, "OSM_TYPE": "node", "OSM_ID": 10046506689 }, "geometry": { "type": "Point", "coordinates": [ 38.9891294, 45.0384241 ] } },
{ "type": "Feature", "properties": { "NAME": "МТС Банк", "NAME_EN": null, "NAME_RU": null, "MAN_MADE": null, "LEISURE": null, "AMENITY": "bank", "OFFICE": null, "SHOP": null, "TOURISM": null, "SPORT": null, "OSM_TYPE": "node", "OSM_ID": 10046506691 }, "geometry": { "type": "Point", "coordinates": [ 38.9696, 45.036318 ] } },
{ "type": "Feature", "properties": { "NAME": "Surf Coffee", "NAME_EN": null, "NAME_RU": null, "MAN_MADE": null, "LEISURE": null, "AMENITY": "cafe", "OFFICE": null, "SHOP": null, "TOURISM": null, "SPORT": null, "OSM_TYPE": "node", "OSM_ID": 10135107317 }, "geometry": { "type": "Point", "coordinates": [ 38.9789865, 45.0460912 ] } },
{ "type": "Feature", "properties": { "NAME": "Surf Coffee", "NAME_EN": null, "NAME_RU": null, "MAN_MADE": null, "LEISURE": null, "AMENITY": "cafe", "OFFICE": null, "SHOP": null, "TOURISM": null, "SPORT": null, "OSM_TYPE": "node", "OSM_ID": 10148945971 }, "geometry": { "type": "Point", "coordinates": [ 38.9043364, 45.0256084 ] } },
{ "type": "Feature", "properties": { "NAME": "Surf Coffee", "NAME_EN": null, "NAME_RU": null, "MAN_MADE": null, "LEISURE": null, "AMENITY": "cafe", "OFFICE": null, "SHOP": null, "TOURISM": null, "SPORT": null, "OSM_TYPE": "node", "OSM_ID": 10148945972 }, "geometry": { "type": "Point", "coordinates": [ 38.9619666, 45.0612855 ] } },
{ "type": "Feature", "properties": { "NAME": "Surf Coffee", "NAME_EN": null, "NAME_RU": null, "MAN_MADE": null, "LEISURE": null, "AMENITY": "cafe", "OFFICE": null, "SHOP": null, "TOURISM": null, "SPORT": null, "OSM_TYPE": "node", "OSM_ID": 10148954398 }, "geometry": { "type": "Point", "coordinates": [ 39.0279812, 45.019292 ] } },
{ "type": "Feature", "properties": { "NAME": "Surf Coffee", "NAME_EN": null, "NAME_RU": null, "MAN_MADE": null, "LEISURE": null, "AMENITY": "cafe", "OFFICE": null, "SHOP": null, "TOURISM": null, "SPORT": null, "OSM_TYPE": "node", "OSM_ID": 10148980849 }, "geometry": { "type": "Point", "coordinates": [ 39.1244992, 45.0105705 ] } },
{ "type": "Feature", "properties": { "NAME": "Surf Coffee", "NAME_EN": null, "NAME_RU": null, "MAN_MADE": null, "LEISURE": null, "AMENITY": "cafe", "OFFICE": null, "SHOP": null, "TOURISM": null, "SPORT": null, "OSM_TYPE": "node", "OSM_ID": 10148984637 }, "geometry": { "type": "Point", "coordinates": [ 38.9589336, 45.0262266 ] } },
{ "type": "Feature", "properties": { "NAME": "Жак Андре", "NAME_EN": null, "NAME_RU": null, "MAN_MADE": null, "LEISURE": null, "AMENITY": "cafe", "OFFICE": null, "SHOP": null, "TOURISM": null, "SPORT": null, "OSM_TYPE": "node", "OSM_ID": 10178215535 }, "geometry": { "type": "Point", "coordinates": [ 38.9727765, 45.0308167 ] } },
{ "type": "Feature", "properties": { "NAME": "Вита Экспресс", "NAME_EN": null, "NAME_RU": null, "MAN_MADE": null, "LEISURE": null, "AMENITY": "pharmacy", "OFFICE": null, "SHOP": null, "TOURISM": null, "SPORT": null, "OSM_TYPE": "node", "OSM_ID": 10209842684 }, "geometry": { "type": "Point", "coordinates": [ 38.973501, 45.0278176 ] } },
{ "type": "Feature", "properties": { "NAME": "Вита Экспресс", "NAME_EN": "Vita Express", "NAME_RU": "Вита Экспресс", "MAN_MADE": null, "LEISURE": null, "AMENITY": "pharmacy", "OFFICE": null, "SHOP": null, "TOURISM": null, "SPORT": null, "OSM_TYPE": "node", "OSM_ID": 10209842685 }, "geometry": { "type": "Point", "coordinates": [ 39.0401933, 45.0710354 ] } },
{ "type": "Feature", "properties": { "NAME": "Вита Экспресс", "NAME_EN": null, "NAME_RU": null, "MAN_MADE": null, "LEISURE": null, "AMENITY": "pharmacy", "OFFICE": null, "SHOP": null, "TOURISM": null, "SPORT": null, "OSM_TYPE": "node", "OSM_ID": 10209842686 }, "geometry": { "type": "Point", "coordinates": [ 39.0359956, 45.0910636 ] } },
{ "type": "Feature", "properties": { "NAME": null, "NAME_EN": null, "NAME_RU": null, "MAN_MADE": null, "LEISURE": null, "AMENITY": "pharmacy", "OFFICE": null, "SHOP": null, "TOURISM": null, "SPORT": null, "OSM_TYPE": "node", "OSM_ID": 10271060845 }, "geometry": { "type": "Point", "coordinates": [ 39.0479539, 45.0883375 ] } },
{ "type": "Feature", "properties": { "NAME": "Здесь Аптека", "NAME_EN": null, "NAME_RU": null, "MAN_MADE": null, "LEISURE": null, "AMENITY": "pharmacy", "OFFICE": null, "SHOP": null, "TOURISM": null, "SPORT": null, "OSM_TYPE": "node", "OSM_ID": 10277220169 }, "geometry": { "type": "Point", "coordinates": [ 39.0366641, 45.0123532 ] } },
{ "type": "Feature", "properties": { "NAME": "Университет", "NAME_EN": null, "NAME_RU": null, "MAN_MADE": null, "LEISURE": null, "AMENITY": "cafe", "OFFICE": null, "SHOP": null, "TOURISM": null, "SPORT": null, "OSM_TYPE": "node", "OSM_ID": 10279451966 }, "geometry": { "type": "Point", "coordinates": [ 39.030769, 45.0185884 ] } },
{ "type": "Feature", "properties": { "NAME": "Социальная Аптека", "NAME_EN": null, "NAME_RU": null, "MAN_MADE": null, "LEISURE": null, "AMENITY": "pharmacy", "OFFICE": null, "SHOP": null, "TOURISM": null, "SPORT": null, "OSM_TYPE": "node", "OSM_ID": 10292783624 }, "geometry": { "type": "Point", "coordinates": [ 39.0177884, 45.1145138 ] } },
{ "type": "Feature", "properties": { "NAME": "Здесь аптека", "NAME_EN": null, "NAME_RU": null, "MAN_MADE": null, "LEISURE": null, "AMENITY": "pharmacy", "OFFICE": null, "SHOP": null, "TOURISM": null, "SPORT": null, "OSM_TYPE": "node", "OSM_ID": 10295615614 }, "geometry": { "type": "Point", "coordinates": [ 38.9756471, 45.0265595 ] } },
{ "type": "Feature", "properties": { "NAME": "Оригинал Кафе", "NAME_EN": null, "NAME_RU": null, "MAN_MADE": null, "LEISURE": null, "AMENITY": "cafe", "OFFICE": null, "SHOP": null, "TOURISM": null, "SPORT": null, "OSM_TYPE": "node", "OSM_ID": 10305173494 }, "geometry": { "type": "Point", "coordinates": [ 39.0019537, 45.0851173 ] } },
{ "type": "Feature", "properties": { "NAME": "Апрель", "NAME_EN": null, "NAME_RU": null, "MAN_MADE": null, "LEISURE": null, "AMENITY": "pharmacy", "OFFICE": null, "SHOP": null, "TOURISM": null, "SPORT": null, "OSM_TYPE": "node", "OSM_ID": 10568223608 }, "geometry": { "type": "Point", "coordinates": [ 39.0267575, 45.1114409 ] } },
{ "type": "Feature", "properties": { "NAME": "Магнит Аптека", "NAME_EN": null, "NAME_RU": null, "MAN_MADE": null, "LEISURE": null, "AMENITY": "pharmacy", "OFFICE": null, "SHOP": null, "TOURISM": null, "SPORT": null, "OSM_TYPE": "node", "OSM_ID": 10591132469 }, "geometry": { "type": "Point", "coordinates": [ 39.0582023, 45.0247974 ] } },
{ "type": "Feature", "properties": { "NAME": "Апрель", "NAME_EN": null, "NAME_RU": null, "MAN_MADE": null, "LEISURE": null, "AMENITY": "pharmacy", "OFFICE": null, "SHOP": null, "TOURISM": null, "SPORT": null, "OSM_TYPE": "node", "OSM_ID": 10637583223 }, "geometry": { "type": "Point", "coordinates": [ 39.0145667, 45.0217657 ] } },
{ "type": "Feature", "properties": { "NAME": "Балет буфет", "NAME_EN": null, "NAME_RU": null, "MAN_MADE": null, "LEISURE": null, "AMENITY": "cafe", "OFFICE": null, "SHOP": null, "TOURISM": null, "SPORT": null, "OSM_TYPE": "node", "OSM_ID": 10681573265 }, "geometry": { "type": "Point", "coordinates": [ 38.9782718, 45.0271637 ] } },
{ "type": "Feature", "properties": { "NAME": "Экона", "NAME_EN": null, "NAME_RU": null, "MAN_MADE": null, "LEISURE": null, "AMENITY": "pharmacy", "OFFICE": null, "SHOP": null, "TOURISM": null, "SPORT": null, "OSM_TYPE": "node", "OSM_ID": 10697389418 }, "geometry": { "type": "Point", "coordinates": [ 39.0321574, 45.0552635 ] } },
{ "type": "Feature", "properties": { "NAME": "Экона", "NAME_EN": null, "NAME_RU": null, "MAN_MADE": null, "LEISURE": null, "AMENITY": "pharmacy", "OFFICE": null, "SHOP": null, "TOURISM": null, "SPORT": null, "OSM_TYPE": "node", "OSM_ID": 10697389419 }, "geometry": { "type": "Point", "coordinates": [ 39.0076688, 45.064928 ] } },
{ "type": "Feature", "properties": { "NAME": "Экона", "NAME_EN": null, "NAME_RU": null, "MAN_MADE": null, "LEISURE": null, "AMENITY": "pharmacy", "OFFICE": null, "SHOP": null, "TOURISM": null, "SPORT": null, "OSM_TYPE": "node", "OSM_ID": 10697389420 }, "geometry": { "type": "Point", "coordinates": [ 38.9530617, 45.068516 ] } },
{ "type": "Feature", "properties": { "NAME": "Экона", "NAME_EN": null, "NAME_RU": null, "MAN_MADE": null, "LEISURE": null, "AMENITY": "pharmacy", "OFFICE": null, "SHOP": null, "TOURISM": null, "SPORT": null, "OSM_TYPE": "node", "OSM_ID": 10697389421 }, "geometry": { "type": "Point", "coordinates": [ 39.0356818, 45.0723557 ] } },
{ "type": "Feature", "properties": { "NAME": "Апрель", "NAME_EN": null, "NAME_RU": null, "MAN_MADE": null, "LEISURE": null, "AMENITY": "pharmacy", "OFFICE": null, "SHOP": null, "TOURISM": null, "SPORT": null, "OSM_TYPE": "node", "OSM_ID": 10702359632 }, "geometry": { "type": "Point", "coordinates": [ 39.0352234, 45.0914128 ] } },
{ "type": "Feature", "properties": { "NAME": "Здесь аптека", "NAME_EN": null, "NAME_RU": null, "MAN_MADE": null, "LEISURE": null, "AMENITY": "pharmacy", "OFFICE": null, "SHOP": null, "TOURISM": null, "SPORT": null, "OSM_TYPE": "node", "OSM_ID": 10702359679 }, "geometry": { "type": "Point", "coordinates": [ 39.0376047, 45.0927758 ] } },
{ "type": "Feature", "properties": { "NAME": "Mishkin&Mishkin", "NAME_EN": null, "NAME_RU": null, "MAN_MADE": null, "LEISURE": null, "AMENITY": "cafe", "OFFICE": null, "SHOP": null, "TOURISM": null, "SPORT": null, "OSM_TYPE": "node", "OSM_ID": 10759606581 }, "geometry": { "type": "Point", "coordinates": [ 38.9533702, 45.0375446 ] } },
{ "type": "Feature", "properties": { "NAME": "Zip 16", "NAME_EN": null, "NAME_RU": null, "MAN_MADE": null, "LEISURE": null, "AMENITY": "cafe", "OFFICE": null, "SHOP": null, "TOURISM": null, "SPORT": null, "OSM_TYPE": "node", "OSM_ID": 10759606586 }, "geometry": { "type": "Point", "coordinates": [ 39.0049812, 45.0621355 ] } },
{ "type": "Feature", "properties": { "NAME": "Муссоны", "NAME_EN": null, "NAME_RU": null, "MAN_MADE": null, "LEISURE": null, "AMENITY": "restaurant", "OFFICE": null, "SHOP": null, "TOURISM": null, "SPORT": null, "OSM_TYPE": "node", "OSM_ID": 10759613907 }, "geometry": { "type": "Point", "coordinates": [ 38.9608482, 45.1066723 ] } },
{ "type": "Feature", "properties": { "NAME": "Твой Сэндвич", "NAME_EN": null, "NAME_RU": null, "MAN_MADE": null, "LEISURE": null, "AMENITY": "cafe", "OFFICE": null, "SHOP": null, "TOURISM": null, "SPORT": null, "OSM_TYPE": "node", "OSM_ID": 10759613909 }, "geometry": { "type": "Point", "coordinates": [ 39.0021676, 45.0817104 ] } },
{ "type": "Feature", "properties": { "NAME": "Мясо&Рыба", "NAME_EN": null, "NAME_RU": null, "MAN_MADE": null, "LEISURE": null, "AMENITY": "restaurant", "OFFICE": null, "SHOP": null, "TOURISM": null, "SPORT": null, "OSM_TYPE": "node", "OSM_ID": 10759613971 }, "geometry": { "type": "Point", "coordinates": [ 38.9740339, 45.0342201 ] } },
{ "type": "Feature", "properties": { "NAME": "Кулинарные истории", "NAME_EN": null, "NAME_RU": null, "MAN_MADE": null, "LEISURE": null, "AMENITY": "cafe", "OFFICE": null, "SHOP": null, "TOURISM": null, "SPORT": null, "OSM_TYPE": "node", "OSM_ID": 10759613992 }, "geometry": { "type": "Point", "coordinates": [ 38.9694071, 45.0226622 ] } },
{ "type": "Feature", "properties": { "NAME": "Bazar", "NAME_EN": null, "NAME_RU": null, "MAN_MADE": null, "LEISURE": null, "AMENITY": "restaurant", "OFFICE": null, "SHOP": null, "TOURISM": null, "SPORT": null, "OSM_TYPE": "node", "OSM_ID": 10759614084 }, "geometry": { "type": "Point", "coordinates": [ 38.9034086, 45.0308062 ] } },
{ "type": "Feature", "properties": { "NAME": "Frank by Баста", "NAME_EN": null, "NAME_RU": null, "MAN_MADE": null, "LEISURE": null, "AMENITY": "cafe", "OFFICE": null, "SHOP": null, "TOURISM": null, "SPORT": null, "OSM_TYPE": "node", "OSM_ID": 10759614159 }, "geometry": { "type": "Point", "coordinates": [ 38.9601159, 45.0224025 ] } },
{ "type": "Feature", "properties": { "NAME": "Антикафе LoungeZone", "NAME_EN": null, "NAME_RU": null, "MAN_MADE": null, "LEISURE": null, "AMENITY": "cafe", "OFFICE": null, "SHOP": null, "TOURISM": null, "SPORT": null, "OSM_TYPE": "node", "OSM_ID": 10769354708 }, "geometry": { "type": "Point", "coordinates": [ 38.9694694, 45.0237616 ] } },
{ "type": "Feature", "properties": { "NAME": null, "NAME_EN": null, "NAME_RU": null, "MAN_MADE": null, "LEISURE": null, "AMENITY": "pharmacy", "OFFICE": null, "SHOP": null, "TOURISM": null, "SPORT": null, "OSM_TYPE": "node", "OSM_ID": 10822935625 }, "geometry": { "type": "Point", "coordinates": [ 38.9394703, 45.0382559 ] } },
{ "type": "Feature", "properties": { "NAME": "Wonder Fox", "NAME_EN": null, "NAME_RU": null, "MAN_MADE": null, "LEISURE": null, "AMENITY": "cafe", "OFFICE": null, "SHOP": null, "TOURISM": null, "SPORT": null, "OSM_TYPE": "node", "OSM_ID": 10939432477 }, "geometry": { "type": "Point", "coordinates": [ 38.9789989, 45.0286441 ] } },
{ "type": "Feature", "properties": { "NAME": "Вкус традиций", "NAME_EN": null, "NAME_RU": null, "MAN_MADE": null, "LEISURE": null, "AMENITY": "cafe", "OFFICE": null, "SHOP": null, "TOURISM": null, "SPORT": null, "OSM_TYPE": "node", "OSM_ID": 10939523243 }, "geometry": { "type": "Point", "coordinates": [ 39.0365422, 45.0123984 ] } },
{ "type": "Feature", "properties": { "NAME": "Ча Дао", "NAME_EN": null, "NAME_RU": null, "MAN_MADE": null, "LEISURE": null, "AMENITY": "cafe", "OFFICE": null, "SHOP": null, "TOURISM": null, "SPORT": null, "OSM_TYPE": "node", "OSM_ID": 10965940468 }, "geometry": { "type": "Point", "coordinates": [ 38.9691273, 45.0276543 ] } },
{ "type": "Feature", "properties": { "NAME": "Chilli Na Chille", "NAME_EN": null, "NAME_RU": null, "MAN_MADE": null, "LEISURE": null, "AMENITY": "cafe", "OFFICE": null, "SHOP": null, "TOURISM": null, "SPORT": null, "OSM_TYPE": "node", "OSM_ID": 11016631757 }, "geometry": { "type": "Point", "coordinates": [ 38.9452485, 45.0546326 ] } },
{ "type": "Feature", "properties": { "NAME": "Surf Coffee", "NAME_EN": null, "NAME_RU": null, "MAN_MADE": null, "LEISURE": null, "AMENITY": "cafe", "OFFICE": null, "SHOP": null, "TOURISM": null, "SPORT": null, "OSM_TYPE": "node", "OSM_ID": 11016631784 }, "geometry": { "type": "Point", "coordinates": [ 38.972604, 45.040181 ] } },
{ "type": "Feature", "properties": { "NAME": "Surf Coffee", "NAME_EN": null, "NAME_RU": null, "MAN_MADE": null, "LEISURE": null, "AMENITY": "cafe", "OFFICE": null, "SHOP": null, "TOURISM": null, "SPORT": null, "OSM_TYPE": "node", "OSM_ID": 11016631785 }, "geometry": { "type": "Point", "coordinates": [ 38.971999, 45.01418 ] } },
{ "type": "Feature", "properties": { "NAME": "Forno Rosso", "NAME_EN": null, "NAME_RU": null, "MAN_MADE": null, "LEISURE": null, "AMENITY": "restaurant", "OFFICE": null, "SHOP": null, "TOURISM": null, "SPORT": null, "OSM_TYPE": "node", "OSM_ID": 11016638312 }, "geometry": { "type": "Point", "coordinates": [ 38.9632595, 45.0617111 ] } },
{ "type": "Feature", "properties": { "NAME": null, "NAME_EN": null, "NAME_RU": null, "MAN_MADE": null, "LEISURE": null, "AMENITY": "bank", "OFFICE": null, "SHOP": null, "TOURISM": null, "SPORT": null, "OSM_TYPE": "node", "OSM_ID": 11020104305 }, "geometry": { "type": "Point", "coordinates": [ 38.9056463, 45.0806916 ] } },
{ "type": "Feature", "properties": { "NAME": "Жан Пармиджан", "NAME_EN": null, "NAME_RU": null, "MAN_MADE": null, "LEISURE": null, "AMENITY": "cafe", "OFFICE": null, "SHOP": null, "TOURISM": null, "SPORT": null, "OSM_TYPE": "node", "OSM_ID": 11067209439 }, "geometry": { "type": "Point", "coordinates": [ 39.0526414, 45.0339035 ] } },
{ "type": "Feature", "properties": { "NAME": "Эконом", "NAME_EN": null, "NAME_RU": null, "MAN_MADE": null, "LEISURE": null, "AMENITY": "pharmacy", "OFFICE": null, "SHOP": null, "TOURISM": null, "SPORT": null, "OSM_TYPE": "node", "OSM_ID": 11067209450 }, "geometry": { "type": "Point", "coordinates": [ 39.0868422, 45.0273486 ] } },
{ "type": "Feature", "properties": { "NAME": "Мидийное место", "NAME_EN": null, "NAME_RU": null, "MAN_MADE": null, "LEISURE": null, "AMENITY": "cafe", "OFFICE": null, "SHOP": null, "TOURISM": null, "SPORT": null, "OSM_TYPE": "node", "OSM_ID": 11067209462 }, "geometry": { "type": "Point", "coordinates": [ 38.9730173, 45.0400976 ] } },
{ "type": "Feature", "properties": { "NAME": "Базар-Хадзар", "NAME_EN": null, "NAME_RU": null, "MAN_MADE": null, "LEISURE": null, "AMENITY": "restaurant", "OFFICE": null, "SHOP": null, "TOURISM": null, "SPORT": null, "OSM_TYPE": "node", "OSM_ID": 11067209467 }, "geometry": { "type": "Point", "coordinates": [ 38.9591771, 45.0596555 ] } },
{ "type": "Feature", "properties": { "NAME": "Фармаимпекс", "NAME_EN": null, "NAME_RU": null, "MAN_MADE": null, "LEISURE": null, "AMENITY": "pharmacy", "OFFICE": null, "SHOP": null, "TOURISM": null, "SPORT": null, "OSM_TYPE": "node", "OSM_ID": 11067223486 }, "geometry": { "type": "Point", "coordinates": [ 39.0224693, 45.0555175 ] } },
{ "type": "Feature", "properties": { "NAME": "Фармаимпекс", "NAME_EN": null, "NAME_RU": null, "MAN_MADE": null, "LEISURE": null, "AMENITY": "pharmacy", "OFFICE": null, "SHOP": null, "TOURISM": null, "SPORT": null, "OSM_TYPE": "node", "OSM_ID": 11067223487 }, "geometry": { "type": "Point", "coordinates": [ 38.9541989, 45.0590151 ] } },
{ "type": "Feature", "properties": { "NAME": "Фармаимпекс", "NAME_EN": null, "NAME_RU": null, "MAN_MADE": null, "LEISURE": null, "AMENITY": "pharmacy", "OFFICE": null, "SHOP": null, "TOURISM": null, "SPORT": null, "OSM_TYPE": "node", "OSM_ID": 11067223488 }, "geometry": { "type": "Point", "coordinates": [ 38.999909, 45.020112 ] } },
{ "type": "Feature", "properties": { "NAME": "Древний Пекин", "NAME_EN": null, "NAME_RU": null, "MAN_MADE": null, "LEISURE": null, "AMENITY": "cafe", "OFFICE": null, "SHOP": null, "TOURISM": null, "SPORT": null, "OSM_TYPE": "node", "OSM_ID": 11067242207 }, "geometry": { "type": "Point", "coordinates": [ 38.96444, 45.033717 ] } },
{ "type": "Feature", "properties": { "NAME": "Тихорецкое пиво", "NAME_EN": null, "NAME_RU": null, "MAN_MADE": null, "LEISURE": null, "AMENITY": "cafe", "OFFICE": null, "SHOP": null, "TOURISM": null, "SPORT": null, "OSM_TYPE": "node", "OSM_ID": 11099544774 }, "geometry": { "type": "Point", "coordinates": [ 38.9776612, 45.0589114 ] } },
{ "type": "Feature", "properties": { "NAME": "Улыбка", "NAME_EN": null, "NAME_RU": null, "MAN_MADE": null, "LEISURE": null, "AMENITY": "cafe", "OFFICE": null, "SHOP": null, "TOURISM": null, "SPORT": null, "OSM_TYPE": "node", "OSM_ID": 11100126743 }, "geometry": { "type": "Point", "coordinates": [ 38.9817397, 45.0599044 ] } },
{ "type": "Feature", "properties": { "NAME": "Зацепи кофе", "NAME_EN": null, "NAME_RU": null, "MAN_MADE": null, "LEISURE": null, "AMENITY": "cafe", "OFFICE": null, "SHOP": null, "TOURISM": null, "SPORT": null, "OSM_TYPE": "node", "OSM_ID": 11100126745 }, "geometry": { "type": "Point", "coordinates": [ 38.9835337, 45.0592209 ] } },
{ "type": "Feature", "properties": { "NAME": "Токката", "NAME_EN": "Tokkata", "NAME_RU": null, "MAN_MADE": null, "LEISURE": null, "AMENITY": "cafe", "OFFICE": null, "SHOP": null, "TOURISM": null, "SPORT": null, "OSM_TYPE": "node", "OSM_ID": 11101684405 }, "geometry": { "type": "Point", "coordinates": [ 38.9508536, 45.0683786 ] } },
{ "type": "Feature", "properties": { "NAME": "Dim Coffee", "NAME_EN": null, "NAME_RU": null, "MAN_MADE": null, "LEISURE": null, "AMENITY": "cafe", "OFFICE": null, "SHOP": null, "TOURISM": null, "SPORT": null, "OSM_TYPE": "node", "OSM_ID": 11103184539 }, "geometry": { "type": "Point", "coordinates": [ 38.9453436, 45.0590409 ] } },
{ "type": "Feature", "properties": { "NAME": "Трик-Фарма", "NAME_EN": null, "NAME_RU": null, "MAN_MADE": null, "LEISURE": null, "AMENITY": "pharmacy", "OFFICE": null, "SHOP": null, "TOURISM": null, "SPORT": null, "OSM_TYPE": "node", "OSM_ID": 11103184551 }, "geometry": { "type": "Point", "coordinates": [ 38.9472966, 45.0607314 ] } },
{ "type": "Feature", "properties": { "NAME": "Твой Сэндвич", "NAME_EN": null, "NAME_RU": null, "MAN_MADE": null, "LEISURE": null, "AMENITY": "cafe", "OFFICE": null, "SHOP": null, "TOURISM": null, "SPORT": null, "OSM_TYPE": "node", "OSM_ID": 11138788612 }, "geometry": { "type": "Point", "coordinates": [ 39.0014058, 45.0642232 ] } },
{ "type": "Feature", "properties": { "NAME": "Кофе рояль", "NAME_EN": null, "NAME_RU": null, "MAN_MADE": null, "LEISURE": null, "AMENITY": "cafe", "OFFICE": null, "SHOP": null, "TOURISM": null, "SPORT": null, "OSM_TYPE": "node", "OSM_ID": 11138788624 }, "geometry": { "type": "Point", "coordinates": [ 38.971003, 45.0207435 ] } },
{ "type": "Feature", "properties": { "NAME": "Сицилия", "NAME_EN": null, "NAME_RU": null, "MAN_MADE": null, "LEISURE": null, "AMENITY": "cafe", "OFFICE": null, "SHOP": null, "TOURISM": null, "SPORT": null, "OSM_TYPE": "node", "OSM_ID": 11145767581 }, "geometry": { "type": "Point", "coordinates": [ 39.002741, 45.0947483 ] } },
{ "type": "Feature", "properties": { "NAME": "Бережная аптека", "NAME_EN": null, "NAME_RU": null, "MAN_MADE": null, "LEISURE": null, "AMENITY": "pharmacy", "OFFICE": null, "SHOP": null, "TOURISM": null, "SPORT": null, "OSM_TYPE": "node", "OSM_ID": 11156005841 }, "geometry": { "type": "Point", "coordinates": [ 39.0295691, 45.0685122 ] } },
{ "type": "Feature", "properties": { "NAME": "Лаки Фарма", "NAME_EN": null, "NAME_RU": null, "MAN_MADE": null, "LEISURE": null, "AMENITY": "pharmacy", "OFFICE": null, "SHOP": null, "TOURISM": null, "SPORT": null, "OSM_TYPE": "node", "OSM_ID": 11204976640 }, "geometry": { "type": "Point", "coordinates": [ 39.0066282, 45.085981 ] } },
{ "type": "Feature", "properties": { "NAME": "Лаки Фарма", "NAME_EN": null, "NAME_RU": null, "MAN_MADE": null, "LEISURE": null, "AMENITY": "pharmacy", "OFFICE": null, "SHOP": null, "TOURISM": null, "SPORT": null, "OSM_TYPE": "node", "OSM_ID": 11204976642 }, "geometry": { "type": "Point", "coordinates": [ 39.0326589, 45.0499371 ] } },
{ "type": "Feature", "properties": { "NAME": "Лаки Фарма", "NAME_EN": null, "NAME_RU": null, "MAN_MADE": null, "LEISURE": null, "AMENITY": "pharmacy", "OFFICE": null, "SHOP": null, "TOURISM": null, "SPORT": null, "OSM_TYPE": "node", "OSM_ID": 11204976647 }, "geometry": { "type": "Point", "coordinates": [ 39.0487897, 45.1138977 ] } },
{ "type": "Feature", "properties": { "NAME": "Лаки Фарма", "NAME_EN": null, "NAME_RU": null, "MAN_MADE": null, "LEISURE": null, "AMENITY": "pharmacy", "OFFICE": null, "SHOP": null, "TOURISM": null, "SPORT": null, "OSM_TYPE": "node", "OSM_ID": 11204976648 }, "geometry": { "type": "Point", "coordinates": [ 38.9608884, 45.1073027 ] } },
{ "type": "Feature", "properties": { "NAME": "Лаки Фарма", "NAME_EN": null, "NAME_RU": null, "MAN_MADE": null, "LEISURE": null, "AMENITY": "pharmacy", "OFFICE": null, "SHOP": null, "TOURISM": null, "SPORT": null, "OSM_TYPE": "node", "OSM_ID": 11204976650 }, "geometry": { "type": "Point", "coordinates": [ 38.9055652, 45.0934211 ] } },
{ "type": "Feature", "properties": { "NAME": "Лаки Фарма", "NAME_EN": null, "NAME_RU": null, "MAN_MADE": null, "LEISURE": null, "AMENITY": "pharmacy", "OFFICE": null, "SHOP": null, "TOURISM": null, "SPORT": null, "OSM_TYPE": "node", "OSM_ID": 11204976651 }, "geometry": { "type": "Point", "coordinates": [ 39.1076803, 45.0255078 ] } },
{ "type": "Feature", "properties": { "NAME": "Лаки Фарма", "NAME_EN": null, "NAME_RU": null, "MAN_MADE": null, "LEISURE": null, "AMENITY": "pharmacy", "OFFICE": null, "SHOP": null, "TOURISM": null, "SPORT": null, "OSM_TYPE": "node", "OSM_ID": 11204976652 }, "geometry": { "type": "Point", "coordinates": [ 39.024108, 45.0010358 ] } },
{ "type": "Feature", "properties": { "NAME": "Лаки Фарма", "NAME_EN": null, "NAME_RU": null, "MAN_MADE": null, "LEISURE": null, "AMENITY": "pharmacy", "OFFICE": null, "SHOP": null, "TOURISM": null, "SPORT": null, "OSM_TYPE": "node", "OSM_ID": 11204976653 }, "geometry": { "type": "Point", "coordinates": [ 38.9665397, 45.0459879 ] } },
{ "type": "Feature", "properties": { "NAME": "Лаки Фарма", "NAME_EN": null, "NAME_RU": null, "MAN_MADE": null, "LEISURE": null, "AMENITY": "pharmacy", "OFFICE": null, "SHOP": null, "TOURISM": null, "SPORT": null, "OSM_TYPE": "node", "OSM_ID": 11204976654 }, "geometry": { "type": "Point", "coordinates": [ 38.9924955, 45.041955 ] } },
{ "type": "Feature", "properties": { "NAME": "Лаки Фарма", "NAME_EN": null, "NAME_RU": null, "MAN_MADE": null, "LEISURE": null, "AMENITY": "pharmacy", "OFFICE": null, "SHOP": null, "TOURISM": null, "SPORT": null, "OSM_TYPE": "node", "OSM_ID": 11204976655 }, "geometry": { "type": "Point", "coordinates": [ 39.0672487, 45.0005484 ] } },
{ "type": "Feature", "properties": { "NAME": "Лаки Фарма", "NAME_EN": null, "NAME_RU": null, "MAN_MADE": null, "LEISURE": null, "AMENITY": "pharmacy", "OFFICE": null, "SHOP": null, "TOURISM": null, "SPORT": null, "OSM_TYPE": "node", "OSM_ID": 11204976656 }, "geometry": { "type": "Point", "coordinates": [ 38.9891897, 45.1415813 ] } },
{ "type": "Feature", "properties": { "NAME": "Лаки Фарма", "NAME_EN": null, "NAME_RU": null, "MAN_MADE": null, "LEISURE": null, "AMENITY": "pharmacy", "OFFICE": null, "SHOP": null, "TOURISM": null, "SPORT": null, "OSM_TYPE": "node", "OSM_ID": 11204976658 }, "geometry": { "type": "Point", "coordinates": [ 38.9603412, 45.0177631 ] } },
{ "type": "Feature", "properties": { "NAME": "Лаки Фарма", "NAME_EN": null, "NAME_RU": null, "MAN_MADE": null, "LEISURE": null, "AMENITY": "pharmacy", "OFFICE": null, "SHOP": null, "TOURISM": null, "SPORT": null, "OSM_TYPE": "node", "OSM_ID": 11204976659 }, "geometry": { "type": "Point", "coordinates": [ 39.0651003, 45.0242888 ] } },
{ "type": "Feature", "properties": { "NAME": "Лаки Фарма", "NAME_EN": null, "NAME_RU": null, "MAN_MADE": null, "LEISURE": null, "AMENITY": "pharmacy", "OFFICE": null, "SHOP": null, "TOURISM": null, "SPORT": null, "OSM_TYPE": "node", "OSM_ID": 11204976661 }, "geometry": { "type": "Point", "coordinates": [ 38.9708661, 45.0557353 ] } },
{ "type": "Feature", "properties": { "NAME": "Лаки Фарма", "NAME_EN": null, "NAME_RU": null, "MAN_MADE": null, "LEISURE": null, "AMENITY": "pharmacy", "OFFICE": null, "SHOP": null, "TOURISM": null, "SPORT": null, "OSM_TYPE": "node", "OSM_ID": 11204976663 }, "geometry": { "type": "Point", "coordinates": [ 39.0026961, 45.0932147 ] } },
{ "type": "Feature", "properties": { "NAME": "Лаки Фарма", "NAME_EN": null, "NAME_RU": null, "MAN_MADE": null, "LEISURE": null, "AMENITY": "pharmacy", "OFFICE": null, "SHOP": null, "TOURISM": null, "SPORT": null, "OSM_TYPE": "node", "OSM_ID": 11204976664 }, "geometry": { "type": "Point", "coordinates": [ 39.0360224, 45.0729978 ] } },
{ "type": "Feature", "properties": { "NAME": "Лаки Фарма", "NAME_EN": null, "NAME_RU": null, "MAN_MADE": null, "LEISURE": null, "AMENITY": "pharmacy", "OFFICE": null, "SHOP": null, "TOURISM": null, "SPORT": null, "OSM_TYPE": "node", "OSM_ID": 11204976665 }, "geometry": { "type": "Point", "coordinates": [ 39.0698397, 44.9909698 ] } },
{ "type": "Feature", "properties": { "NAME": "Лаки Фарма", "NAME_EN": null, "NAME_RU": null, "MAN_MADE": null, "LEISURE": null, "AMENITY": "pharmacy", "OFFICE": null, "SHOP": null, "TOURISM": null, "SPORT": null, "OSM_TYPE": "node", "OSM_ID": 11204976666 }, "geometry": { "type": "Point", "coordinates": [ 39.0491277, 45.0317047 ] } },
{ "type": "Feature", "properties": { "NAME": "Лаки Фарма", "NAME_EN": null, "NAME_RU": null, "MAN_MADE": null, "LEISURE": null, "AMENITY": "pharmacy", "OFFICE": null, "SHOP": null, "TOURISM": null, "SPORT": null, "OSM_TYPE": "node", "OSM_ID": 11204976667 }, "geometry": { "type": "Point", "coordinates": [ 39.0384686, 45.0723462 ] } },
{ "type": "Feature", "properties": { "NAME": "Лаки Фарма", "NAME_EN": null, "NAME_RU": null, "MAN_MADE": null, "LEISURE": null, "AMENITY": "pharmacy", "OFFICE": null, "SHOP": null, "TOURISM": null, "SPORT": null, "OSM_TYPE": "node", "OSM_ID": 11204976668 }, "geometry": { "type": "Point", "coordinates": [ 39.07507, 45.017856 ] } },
{ "type": "Feature", "properties": { "NAME": "Лаки Фарма", "NAME_EN": null, "NAME_RU": null, "MAN_MADE": null, "LEISURE": null, "AMENITY": "pharmacy", "OFFICE": null, "SHOP": null, "TOURISM": null, "SPORT": null, "OSM_TYPE": "node", "OSM_ID": 11204976669 }, "geometry": { "type": "Point", "coordinates": [ 38.9763674, 45.0305996 ] } },
{ "type": "Feature", "properties": { "NAME": "Лаки Фарма", "NAME_EN": null, "NAME_RU": null, "MAN_MADE": null, "LEISURE": null, "AMENITY": "pharmacy", "OFFICE": null, "SHOP": null, "TOURISM": null, "SPORT": null, "OSM_TYPE": "node", "OSM_ID": 11204976670 }, "geometry": { "type": "Point", "coordinates": [ 39.0083233, 45.0926201 ] } },
{ "type": "Feature", "properties": { "NAME": "Чихо", "NAME_EN": null, "NAME_RU": null, "MAN_MADE": null, "LEISURE": null, "AMENITY": "restaurant", "OFFICE": null, "SHOP": null, "TOURISM": null, "SPORT": null, "OSM_TYPE": "node", "OSM_ID": 11234061567 }, "geometry": { "type": "Point", "coordinates": [ 38.9733532, 45.0282201 ] } },
{ "type": "Feature", "properties": { "NAME": "Balance cafe", "NAME_EN": null, "NAME_RU": null, "MAN_MADE": null, "LEISURE": null, "AMENITY": "cafe", "OFFICE": null, "SHOP": null, "TOURISM": null, "SPORT": null, "OSM_TYPE": "node", "OSM_ID": 11240992377 }, "geometry": { "type": "Point", "coordinates": [ 39.0411682, 45.0728719 ] } },
{ "type": "Feature", "properties": { "NAME": "Вита Экспресс", "NAME_EN": null, "NAME_RU": null, "MAN_MADE": null, "LEISURE": null, "AMENITY": "pharmacy", "OFFICE": null, "SHOP": null, "TOURISM": null, "SPORT": null, "OSM_TYPE": "node", "OSM_ID": 11255096140 }, "geometry": { "type": "Point", "coordinates": [ 38.908478, 45.0967401 ] } },
{ "type": "Feature", "properties": { "NAME": "Вита Экспресс", "NAME_EN": null, "NAME_RU": null, "MAN_MADE": null, "LEISURE": null, "AMENITY": "pharmacy", "OFFICE": null, "SHOP": null, "TOURISM": null, "SPORT": null, "OSM_TYPE": "node", "OSM_ID": 11255096142 }, "geometry": { "type": "Point", "coordinates": [ 38.9532478, 45.1052471 ] } },
{ "type": "Feature", "properties": { "NAME": "Вита Экспресс", "NAME_EN": null, "NAME_RU": null, "MAN_MADE": null, "LEISURE": null, "AMENITY": "pharmacy", "OFFICE": null, "SHOP": null, "TOURISM": null, "SPORT": null, "OSM_TYPE": "node", "OSM_ID": 11255096143 }, "geometry": { "type": "Point", "coordinates": [ 39.0426711, 45.0759835 ] } },
{ "type": "Feature", "properties": { "NAME": "Вита Экспресс", "NAME_EN": null, "NAME_RU": null, "MAN_MADE": null, "LEISURE": null, "AMENITY": "pharmacy", "OFFICE": null, "SHOP": null, "TOURISM": null, "SPORT": null, "OSM_TYPE": "node", "OSM_ID": 11255096144 }, "geometry": { "type": "Point", "coordinates": [ 38.9679254, 45.0691902 ] } },
{ "type": "Feature", "properties": { "NAME": "Бельгиец Брассерия", "NAME_EN": null, "NAME_RU": null, "MAN_MADE": null, "LEISURE": null, "AMENITY": "restaurant", "OFFICE": null, "SHOP": null, "TOURISM": null, "SPORT": null, "OSM_TYPE": "node", "OSM_ID": 11297201935 }, "geometry": { "type": "Point", "coordinates": [ 38.973152, 45.0282447 ] } },
{ "type": "Feature", "properties": { "NAME": "Вита Центральная", "NAME_EN": null, "NAME_RU": null, "MAN_MADE": null, "LEISURE": null, "AMENITY": "pharmacy", "OFFICE": null, "SHOP": null, "TOURISM": null, "SPORT": null, "OSM_TYPE": "node", "OSM_ID": 11332845902 }, "geometry": { "type": "Point", "coordinates": [ 39.0285026, 45.0196561 ] } },
{ "type": "Feature", "properties": { "NAME": "Социальная Аптека", "NAME_EN": null, "NAME_RU": null, "MAN_MADE": null, "LEISURE": null, "AMENITY": "pharmacy", "OFFICE": null, "SHOP": null, "TOURISM": null, "SPORT": null, "OSM_TYPE": "node", "OSM_ID": 11339385314 }, "geometry": { "type": "Point", "coordinates": [ 39.0329353, 45.0019551 ] } },
{ "type": "Feature", "properties": { "NAME": null, "NAME_EN": null, "NAME_RU": null, "MAN_MADE": null, "LEISURE": null, "AMENITY": "pharmacy", "OFFICE": null, "SHOP": null, "TOURISM": null, "SPORT": null, "OSM_TYPE": "node", "OSM_ID": 11339385317 }, "geometry": { "type": "Point", "coordinates": [ 39.0318332, 45.0025032 ] } },
{ "type": "Feature", "properties": { "NAME": "Ветеринарная Аптека", "NAME_EN": null, "NAME_RU": null, "MAN_MADE": null, "LEISURE": null, "AMENITY": "pharmacy", "OFFICE": null, "SHOP": null, "TOURISM": null, "SPORT": null, "OSM_TYPE": "node", "OSM_ID": 11339385318 }, "geometry": { "type": "Point", "coordinates": [ 39.0321177, 45.0016 ] } },
{ "type": "Feature", "properties": { "NAME": "Апрель", "NAME_EN": null, "NAME_RU": null, "MAN_MADE": null, "LEISURE": null, "AMENITY": "pharmacy", "OFFICE": null, "SHOP": null, "TOURISM": null, "SPORT": null, "OSM_TYPE": "node", "OSM_ID": 11339385320 }, "geometry": { "type": "Point", "coordinates": [ 39.0321389, 45.0012296 ] } },
{ "type": "Feature", "properties": { "NAME": "Апрель", "NAME_EN": null, "NAME_RU": null, "MAN_MADE": null, "LEISURE": null, "AMENITY": "pharmacy", "OFFICE": null, "SHOP": null, "TOURISM": null, "SPORT": null, "OSM_TYPE": "node", "OSM_ID": 11339451212 }, "geometry": { "type": "Point", "coordinates": [ 39.0406793, 45.010646 ] } },
{ "type": "Feature", "properties": { "NAME": null, "NAME_EN": null, "NAME_RU": null, "MAN_MADE": null, "LEISURE": null, "AMENITY": "restaurant", "OFFICE": null, "SHOP": null, "TOURISM": null, "SPORT": null, "OSM_TYPE": "node", "OSM_ID": 11343596696 }, "geometry": { "type": "Point", "coordinates": [ 38.972801, 45.0282939 ] } },
{ "type": "Feature", "properties": { "NAME": "Лаки Фарма", "NAME_EN": null, "NAME_RU": null, "MAN_MADE": null, "LEISURE": null, "AMENITY": "pharmacy", "OFFICE": null, "SHOP": null, "TOURISM": null, "SPORT": null, "OSM_TYPE": "node", "OSM_ID": 11368223744 }, "geometry": { "type": "Point", "coordinates": [ 39.0305824, 45.0140168 ] } },
{ "type": "Feature", "properties": { "NAME": "Лаки Фарма", "NAME_EN": null, "NAME_RU": null, "MAN_MADE": null, "LEISURE": null, "AMENITY": "pharmacy", "OFFICE": null, "SHOP": null, "TOURISM": null, "SPORT": null, "OSM_TYPE": "node", "OSM_ID": 11368223745 }, "geometry": { "type": "Point", "coordinates": [ 38.899053, 45.078248 ] } },
{ "type": "Feature", "properties": { "NAME": "Лаки Фарма", "NAME_EN": null, "NAME_RU": null, "MAN_MADE": null, "LEISURE": null, "AMENITY": "pharmacy", "OFFICE": null, "SHOP": null, "TOURISM": null, "SPORT": null, "OSM_TYPE": "node", "OSM_ID": 11368223746 }, "geometry": { "type": "Point", "coordinates": [ 38.9076498, 45.0918873 ] } },
{ "type": "Feature", "properties": { "NAME": "Лаки Фарма", "NAME_EN": null, "NAME_RU": null, "MAN_MADE": null, "LEISURE": null, "AMENITY": "pharmacy", "OFFICE": null, "SHOP": null, "TOURISM": null, "SPORT": null, "OSM_TYPE": "node", "OSM_ID": 11368223747 }, "geometry": { "type": "Point", "coordinates": [ 39.0318521, 45.0023745 ] } },
{ "type": "Feature", "properties": { "NAME": "Вита Экспресс", "NAME_EN": "Vita Express", "NAME_RU": "Вита Экспресс", "MAN_MADE": null, "LEISURE": null, "AMENITY": "pharmacy", "OFFICE": null, "SHOP": null, "TOURISM": null, "SPORT": null, "OSM_TYPE": "node", "OSM_ID": 11414455143 }, "geometry": { "type": "Point", "coordinates": [ 39.0387631, 45.0168906 ] } },
{ "type": "Feature", "properties": { "NAME": "Вита Экспресс", "NAME_EN": null, "NAME_RU": null, "MAN_MADE": null, "LEISURE": null, "AMENITY": "pharmacy", "OFFICE": null, "SHOP": null, "TOURISM": null, "SPORT": null, "OSM_TYPE": "node", "OSM_ID": 11414455144 }, "geometry": { "type": "Point", "coordinates": [ 39.0023645, 45.0896325 ] } },
{ "type": "Feature", "properties": { "NAME": "Вита Экспресс", "NAME_EN": null, "NAME_RU": null, "MAN_MADE": null, "LEISURE": null, "AMENITY": "pharmacy", "OFFICE": null, "SHOP": null, "TOURISM": null, "SPORT": null, "OSM_TYPE": "node", "OSM_ID": 11414455145 }, "geometry": { "type": "Point", "coordinates": [ 38.9823868, 45.0682905 ] } },
{ "type": "Feature", "properties": { "NAME": "Вита Экспресс", "NAME_EN": "Vita Express", "NAME_RU": "Вита Экспресс", "MAN_MADE": null, "LEISURE": null, "AMENITY": "pharmacy", "OFFICE": null, "SHOP": null, "TOURISM": null, "SPORT": null, "OSM_TYPE": "node", "OSM_ID": 11414455146 }, "geometry": { "type": "Point", "coordinates": [ 39.0327952, 45.0938996 ] } },
{ "type": "Feature", "properties": { "NAME": "Юг-Инвестбанк", "NAME_EN": null, "NAME_RU": "Юг-Инвестбанк", "MAN_MADE": null, "LEISURE": null, "AMENITY": "bank", "OFFICE": null, "SHOP": null, "TOURISM": null, "SPORT": null, "OSM_TYPE": "node", "OSM_ID": 11414711467 }, "geometry": { "type": "Point", "coordinates": [ 39.0367305, 45.0547804 ] } },
{ "type": "Feature", "properties": { "NAME": "Юг-Инвестбанк", "NAME_EN": null, "NAME_RU": "Юг-Инвестбанк", "MAN_MADE": null, "LEISURE": null, "AMENITY": "bank", "OFFICE": null, "SHOP": null, "TOURISM": null, "SPORT": null, "OSM_TYPE": "node", "OSM_ID": 11414724769 }, "geometry": { "type": "Point", "coordinates": [ 38.9848351, 45.0187793 ] } },
{ "type": "Feature", "properties": { "NAME": "Юг-Инвестбанк", "NAME_EN": null, "NAME_RU": null, "MAN_MADE": null, "LEISURE": null, "AMENITY": "bank", "OFFICE": null, "SHOP": null, "TOURISM": null, "SPORT": null, "OSM_TYPE": "node", "OSM_ID": 11414724770 }, "geometry": { "type": "Point", "coordinates": [ 39.0717977, 45.0102809 ] } },
{ "type": "Feature", "properties": { "NAME": "Апрель", "NAME_EN": null, "NAME_RU": null, "MAN_MADE": null, "LEISURE": null, "AMENITY": "pharmacy", "OFFICE": null, "SHOP": null, "TOURISM": null, "SPORT": null, "OSM_TYPE": "node", "OSM_ID": 11493855822 }, "geometry": { "type": "Point", "coordinates": [ 38.9958121, 45.1281157 ] } },
{ "type": "Feature", "properties": { "NAME": "Surf Coffee", "NAME_EN": null, "NAME_RU": null, "MAN_MADE": null, "LEISURE": null, "AMENITY": "cafe", "OFFICE": null, "SHOP": null, "TOURISM": null, "SPORT": null, "OSM_TYPE": "node", "OSM_ID": 11505560499 }, "geometry": { "type": "Point", "coordinates": [ 38.9299244, 45.0428764 ] } },
{ "type": "Feature", "properties": { "NAME": "Craft Coffee", "NAME_EN": null, "NAME_RU": null, "MAN_MADE": null, "LEISURE": null, "AMENITY": "cafe", "OFFICE": null, "SHOP": null, "TOURISM": null, "SPORT": null, "OSM_TYPE": "node", "OSM_ID": 11519092569 }, "geometry": { "type": "Point", "coordinates": [ 38.973573, 45.0398018 ] } },
{ "type": "Feature", "properties": { "NAME": null, "NAME_EN": null, "NAME_RU": null, "MAN_MADE": null, "LEISURE": null, "AMENITY": "pharmacy", "OFFICE": null, "SHOP": null, "TOURISM": null, "SPORT": null, "OSM_TYPE": "node", "OSM_ID": 11554118458 }, "geometry": { "type": "Point", "coordinates": [ 39.00707, 45.0867652 ] } },
{ "type": "Feature", "properties": { "NAME": "Frank by Баста", "NAME_EN": null, "NAME_RU": null, "MAN_MADE": null, "LEISURE": null, "AMENITY": "cafe", "OFFICE": null, "SHOP": null, "TOURISM": null, "SPORT": null, "OSM_TYPE": "node", "OSM_ID": 11572331583 }, "geometry": { "type": "Point", "coordinates": [ 38.9621275, 45.0613057 ] } },
{ "type": "Feature", "properties": { "NAME": "Кубань Кредит", "NAME_EN": null, "NAME_RU": null, "MAN_MADE": null, "LEISURE": null, "AMENITY": "bank", "OFFICE": null, "SHOP": null, "TOURISM": null, "SPORT": null, "OSM_TYPE": "node", "OSM_ID": 11572568213 }, "geometry": { "type": "Point", "coordinates": [ 39.0005046, 45.0202032 ] } },
{ "type": "Feature", "properties": { "NAME": "Кубань Кредит", "NAME_EN": null, "NAME_RU": null, "MAN_MADE": null, "LEISURE": null, "AMENITY": "bank", "OFFICE": null, "SHOP": null, "TOURISM": null, "SPORT": null, "OSM_TYPE": "node", "OSM_ID": 11572568214 }, "geometry": { "type": "Point", "coordinates": [ 38.9243379, 45.050318 ] } },
{ "type": "Feature", "properties": { "NAME": "Сицилия", "NAME_EN": null, "NAME_RU": null, "MAN_MADE": null, "LEISURE": null, "AMENITY": "cafe", "OFFICE": null, "SHOP": null, "TOURISM": null, "SPORT": null, "OSM_TYPE": "node", "OSM_ID": 11594212505 }, "geometry": { "type": "Point", "coordinates": [ 38.9742565, 45.0367846 ] } },
{ "type": "Feature", "properties": { "NAME": "Сицилия", "NAME_EN": null, "NAME_RU": null, "MAN_MADE": null, "LEISURE": null, "AMENITY": "cafe", "OFFICE": null, "SHOP": null, "TOURISM": null, "SPORT": null, "OSM_TYPE": "node", "OSM_ID": 11594212506 }, "geometry": { "type": "Point", "coordinates": [ 38.9702627, 45.0257978 ] } },
{ "type": "Feature", "properties": { "NAME": "Сицилия", "NAME_EN": null, "NAME_RU": null, "MAN_MADE": null, "LEISURE": null, "AMENITY": "cafe", "OFFICE": null, "SHOP": null, "TOURISM": null, "SPORT": null, "OSM_TYPE": "node", "OSM_ID": 11594212508 }, "geometry": { "type": "Point", "coordinates": [ 39.0231746, 45.0555156 ] } },
{ "type": "Feature", "properties": { "NAME": "Сицилия", "NAME_EN": null, "NAME_RU": null, "MAN_MADE": null, "LEISURE": null, "AMENITY": "cafe", "OFFICE": null, "SHOP": null, "TOURISM": null, "SPORT": null, "OSM_TYPE": "node", "OSM_ID": 11594212512 }, "geometry": { "type": "Point", "coordinates": [ 38.9105755, 45.0310678 ] } },
{ "type": "Feature", "properties": { "NAME": "Апрель", "NAME_EN": null, "NAME_RU": null, "MAN_MADE": null, "LEISURE": null, "AMENITY": "pharmacy", "OFFICE": null, "SHOP": null, "TOURISM": null, "SPORT": null, "OSM_TYPE": "node", "OSM_ID": 11649291769 }, "geometry": { "type": "Point", "coordinates": [ 38.9535403, 45.0654066 ] } },
{ "type": "Feature", "properties": { "NAME": "Surf Coffee", "NAME_EN": null, "NAME_RU": null, "MAN_MADE": null, "LEISURE": null, "AMENITY": "cafe", "OFFICE": null, "SHOP": null, "TOURISM": null, "SPORT": null, "OSM_TYPE": "node", "OSM_ID": 11668792543 }, "geometry": { "type": "Point", "coordinates": [ 39.0039647, 45.0557218 ] } },
{ "type": "Feature", "properties": { "NAME": "Кубань Кредит", "NAME_EN": null, "NAME_RU": null, "MAN_MADE": null, "LEISURE": null, "AMENITY": "bank", "OFFICE": null, "SHOP": null, "TOURISM": null, "SPORT": null, "OSM_TYPE": "node", "OSM_ID": 11747689302 }, "geometry": { "type": "Point", "coordinates": [ 38.9052969, 45.0956971 ] } },
{ "type": "Feature", "properties": { "NAME": "Wine&Goge", "NAME_EN": null, "NAME_RU": null, "MAN_MADE": null, "LEISURE": null, "AMENITY": "restaurant", "OFFICE": null, "SHOP": null, "TOURISM": null, "SPORT": null, "OSM_TYPE": "node", "OSM_ID": 11843553806 }, "geometry": { "type": "Point", "coordinates": [ 39.0465635, 45.032789 ] } },
{ "type": "Feature", "properties": { "NAME": "Лаки Фарма", "NAME_EN": null, "NAME_RU": null, "MAN_MADE": null, "LEISURE": null, "AMENITY": "pharmacy", "OFFICE": null, "SHOP": null, "TOURISM": null, "SPORT": null, "OSM_TYPE": "node", "OSM_ID": 11873720304 }, "geometry": { "type": "Point", "coordinates": [ 39.0279243, 45.0594561 ] } },
{ "type": "Feature", "properties": { "NAME": "Лаки Фарма", "NAME_EN": null, "NAME_RU": null, "MAN_MADE": null, "LEISURE": null, "AMENITY": "pharmacy", "OFFICE": null, "SHOP": null, "TOURISM": null, "SPORT": null, "OSM_TYPE": "node", "OSM_ID": 11873720305 }, "geometry": { "type": "Point", "coordinates": [ 38.9704617, 45.1289502 ] } },
{ "type": "Feature", "properties": { "NAME": "Лаки Фарма", "NAME_EN": null, "NAME_RU": null, "MAN_MADE": null, "LEISURE": null, "AMENITY": "pharmacy", "OFFICE": null, "SHOP": null, "TOURISM": null, "SPORT": null, "OSM_TYPE": "node", "OSM_ID": 11873720306 }, "geometry": { "type": "Point", "coordinates": [ 38.9658483, 45.0599393 ] } },
{ "type": "Feature", "properties": { "NAME": "Лаки Фарма", "NAME_EN": null, "NAME_RU": null, "MAN_MADE": null, "LEISURE": null, "AMENITY": "pharmacy", "OFFICE": null, "SHOP": null, "TOURISM": null, "SPORT": null, "OSM_TYPE": "node", "OSM_ID": 11873720308 }, "geometry": { "type": "Point", "coordinates": [ 39.0709448, 45.0316115 ] } },
{ "type": "Feature", "properties": { "NAME": "Планета здоровья", "NAME_EN": null, "NAME_RU": null, "MAN_MADE": null, "LEISURE": null, "AMENITY": "pharmacy", "OFFICE": null, "SHOP": null, "TOURISM": null, "SPORT": null, "OSM_TYPE": "node", "OSM_ID": 11880614388 }, "geometry": { "type": "Point", "coordinates": [ 39.0064929, 45.0948239 ] } },
{ "type": "Feature", "properties": { "NAME": "Максавит", "NAME_EN": null, "NAME_RU": null, "MAN_MADE": null, "LEISURE": null, "AMENITY": "pharmacy", "OFFICE": null, "SHOP": null, "TOURISM": null, "SPORT": null, "OSM_TYPE": "node", "OSM_ID": 11880614389 }, "geometry": { "type": "Point", "coordinates": [ 39.0064906, 45.0953178 ] } },
{ "type": "Feature", "properties": { "NAME": "Апрель", "NAME_EN": null, "NAME_RU": null, "MAN_MADE": null, "LEISURE": null, "AMENITY": "pharmacy", "OFFICE": null, "SHOP": null, "TOURISM": null, "SPORT": null, "OSM_TYPE": "node", "OSM_ID": 11884046056 }, "geometry": { "type": "Point", "coordinates": [ 39.0046922, 45.0837705 ] } },
{ "type": "Feature", "properties": { "NAME": "Здесь Аптека", "NAME_EN": null, "NAME_RU": null, "MAN_MADE": null, "LEISURE": null, "AMENITY": "pharmacy", "OFFICE": null, "SHOP": null, "TOURISM": null, "SPORT": null, "OSM_TYPE": "node", "OSM_ID": 11884228118 }, "geometry": { "type": "Point", "coordinates": [ 39.0123851, 45.0112774 ] } },
{ "type": "Feature", "properties": { "NAME": "Вита Экспресс", "NAME_EN": null, "NAME_RU": null, "MAN_MADE": null, "LEISURE": null, "AMENITY": "pharmacy", "OFFICE": null, "SHOP": null, "TOURISM": null, "SPORT": null, "OSM_TYPE": "node", "OSM_ID": 11889080052 }, "geometry": { "type": "Point", "coordinates": [ 38.9425077, 45.0957917 ] } },
{ "type": "Feature", "properties": { "NAME": "Вита Экспресс", "NAME_EN": null, "NAME_RU": null, "MAN_MADE": null, "LEISURE": null, "AMENITY": "pharmacy", "OFFICE": null, "SHOP": null, "TOURISM": null, "SPORT": null, "OSM_TYPE": "node", "OSM_ID": 11889080053 }, "geometry": { "type": "Point", "coordinates": [ 38.9599437, 45.1075173 ] } },
{ "type": "Feature", "properties": { "NAME": "Вита Экспресс", "NAME_EN": null, "NAME_RU": null, "MAN_MADE": null, "LEISURE": null, "AMENITY": "pharmacy", "OFFICE": null, "SHOP": null, "TOURISM": null, "SPORT": null, "OSM_TYPE": "node", "OSM_ID": 11889080054 }, "geometry": { "type": "Point", "coordinates": [ 39.1228589, 45.0358619 ] } },
{ "type": "Feature", "properties": { "NAME": "Вита Экспресс", "NAME_EN": null, "NAME_RU": null, "MAN_MADE": null, "LEISURE": null, "AMENITY": "pharmacy", "OFFICE": null, "SHOP": null, "TOURISM": null, "SPORT": null, "OSM_TYPE": "node", "OSM_ID": 11889080055 }, "geometry": { "type": "Point", "coordinates": [ 39.040469, 45.0927545 ] } },
{ "type": "Feature", "properties": { "NAME": "Вита Экспресс", "NAME_EN": null, "NAME_RU": null, "MAN_MADE": null, "LEISURE": null, "AMENITY": "pharmacy", "OFFICE": null, "SHOP": null, "TOURISM": null, "SPORT": null, "OSM_TYPE": "node", "OSM_ID": 11889080056 }, "geometry": { "type": "Point", "coordinates": [ 38.9986378, 45.1417967 ] } },
{ "type": "Feature", "properties": { "NAME": "Вита Экспресс", "NAME_EN": null, "NAME_RU": null, "MAN_MADE": null, "LEISURE": null, "AMENITY": "pharmacy", "OFFICE": null, "SHOP": null, "TOURISM": null, "SPORT": null, "OSM_TYPE": "node", "OSM_ID": 11889080057 }, "geometry": { "type": "Point", "coordinates": [ 39.0762084, 44.9983764 ] } },
{ "type": "Feature", "properties": { "NAME": "Вита Экспресс", "NAME_EN": null, "NAME_RU": null, "MAN_MADE": null, "LEISURE": null, "AMENITY": "pharmacy", "OFFICE": null, "SHOP": null, "TOURISM": null, "SPORT": null, "OSM_TYPE": "node", "OSM_ID": 11889080058 }, "geometry": { "type": "Point", "coordinates": [ 39.0326267, 45.0891196 ] } },
{ "type": "Feature", "properties": { "NAME": "Вита Экспресс", "NAME_EN": null, "NAME_RU": null, "MAN_MADE": null, "LEISURE": null, "AMENITY": "pharmacy", "OFFICE": null, "SHOP": null, "TOURISM": null, "SPORT": null, "OSM_TYPE": "node", "OSM_ID": 11889080059 }, "geometry": { "type": "Point", "coordinates": [ 39.0875278, 45.0365576 ] } },
{ "type": "Feature", "properties": { "NAME": "Вита Экспресс", "NAME_EN": null, "NAME_RU": null, "MAN_MADE": null, "LEISURE": null, "AMENITY": "pharmacy", "OFFICE": null, "SHOP": null, "TOURISM": null, "SPORT": null, "OSM_TYPE": "node", "OSM_ID": 11889080061 }, "geometry": { "type": "Point", "coordinates": [ 39.0378796, 45.0875994 ] } },
{ "type": "Feature", "properties": { "NAME": "Вита Экспресс", "NAME_EN": null, "NAME_RU": null, "MAN_MADE": null, "LEISURE": null, "AMENITY": "pharmacy", "OFFICE": null, "SHOP": null, "TOURISM": null, "SPORT": null, "OSM_TYPE": "node", "OSM_ID": 11889080062 }, "geometry": { "type": "Point", "coordinates": [ 39.0299043, 45.0497276 ] } },
{ "type": "Feature", "properties": { "NAME": "Шашлык №1", "NAME_EN": null, "NAME_RU": null, "MAN_MADE": null, "LEISURE": null, "AMENITY": "cafe", "OFFICE": null, "SHOP": null, "TOURISM": null, "SPORT": null, "OSM_TYPE": "node", "OSM_ID": 11919169393 }, "geometry": { "type": "Point", "coordinates": [ 39.0700652, 44.9956974 ] } },
{ "type": "Feature", "properties": { "NAME": "Baggins Coffee", "NAME_EN": null, "NAME_RU": null, "MAN_MADE": null, "LEISURE": null, "AMENITY": "cafe", "OFFICE": null, "SHOP": null, "TOURISM": null, "SPORT": null, "OSM_TYPE": "node", "OSM_ID": 11925677512 }, "geometry": { "type": "Point", "coordinates": [ 38.970473, 45.0376102 ] } },
{ "type": "Feature", "properties": { "NAME": "Столички", "NAME_EN": null, "NAME_RU": null, "MAN_MADE": null, "LEISURE": null, "AMENITY": "pharmacy", "OFFICE": null, "SHOP": null, "TOURISM": null, "SPORT": null, "OSM_TYPE": "node", "OSM_ID": 11925859767 }, "geometry": { "type": "Point", "coordinates": [ 39.0036744, 45.0621498 ] } },
{ "type": "Feature", "properties": { "NAME": "Столички", "NAME_EN": null, "NAME_RU": null, "MAN_MADE": null, "LEISURE": null, "AMENITY": "pharmacy", "OFFICE": null, "SHOP": null, "TOURISM": null, "SPORT": null, "OSM_TYPE": "node", "OSM_ID": 11925859768 }, "geometry": { "type": "Point", "coordinates": [ 39.0228667, 45.0577303 ] } },
{ "type": "Feature", "properties": { "NAME": "Столички", "NAME_EN": null, "NAME_RU": null, "MAN_MADE": null, "LEISURE": null, "AMENITY": "pharmacy", "OFFICE": null, "SHOP": null, "TOURISM": null, "SPORT": null, "OSM_TYPE": "node", "OSM_ID": 11925888369 }, "geometry": { "type": "Point", "coordinates": [ 39.0171, 45.0528919 ] } },
{ "type": "Feature", "properties": { "NAME": "Столички", "NAME_EN": null, "NAME_RU": null, "MAN_MADE": null, "LEISURE": null, "AMENITY": "pharmacy", "OFFICE": null, "SHOP": null, "TOURISM": null, "SPORT": null, "OSM_TYPE": "node", "OSM_ID": 11925888370 }, "geometry": { "type": "Point", "coordinates": [ 38.9813397, 45.0582823 ] } },
{ "type": "Feature", "properties": { "NAME": "Столички", "NAME_EN": null, "NAME_RU": null, "MAN_MADE": null, "LEISURE": null, "AMENITY": "pharmacy", "OFFICE": null, "SHOP": null, "TOURISM": null, "SPORT": null, "OSM_TYPE": "node", "OSM_ID": 11925888371 }, "geometry": { "type": "Point", "coordinates": [ 38.969642, 45.0605099 ] } },
{ "type": "Feature", "properties": { "NAME": "Промсвязьбанк", "NAME_EN": null, "NAME_RU": null, "MAN_MADE": null, "LEISURE": null, "AMENITY": "bank", "OFFICE": null, "SHOP": null, "TOURISM": null, "SPORT": null, "OSM_TYPE": "node", "OSM_ID": 11926036027 }, "geometry": { "type": "Point", "coordinates": [ 39.0412704, 45.0234763 ] } },
{ "type": "Feature", "properties": { "NAME": "Промсвязьбанк", "NAME_EN": null, "NAME_RU": null, "MAN_MADE": null, "LEISURE": null, "AMENITY": "bank", "OFFICE": null, "SHOP": null, "TOURISM": null, "SPORT": null, "OSM_TYPE": "node", "OSM_ID": 11926036028 }, "geometry": { "type": "Point", "coordinates": [ 38.960414, 45.013163 ] } },
{ "type": "Feature", "properties": { "NAME": null, "NAME_EN": null, "NAME_RU": null, "MAN_MADE": null, "LEISURE": null, "AMENITY": "restaurant", "OFFICE": null, "SHOP": null, "TOURISM": null, "SPORT": null, "OSM_TYPE": "node", "OSM_ID": 11928057870 }, "geometry": { "type": "Point", "coordinates": [ 39.0166929, 45.0686454 ] } },
{ "type": "Feature", "properties": { "NAME": "Гостидзе", "NAME_EN": null, "NAME_RU": null, "MAN_MADE": null, "LEISURE": null, "AMENITY": "restaurant", "OFFICE": null, "SHOP": null, "TOURISM": null, "SPORT": null, "OSM_TYPE": "node", "OSM_ID": 11928067269 }, "geometry": { "type": "Point", "coordinates": [ 38.9788836, 45.0162076 ] } },
{ "type": "Feature", "properties": { "NAME": "Аланская кухня", "NAME_EN": null, "NAME_RU": null, "MAN_MADE": null, "LEISURE": null, "AMENITY": "cafe", "OFFICE": null, "SHOP": null, "TOURISM": null, "SPORT": null, "OSM_TYPE": "node", "OSM_ID": 11958163689 }, "geometry": { "type": "Point", "coordinates": [ 38.9541882, 45.0517657 ] } },
{ "type": "Feature", "properties": { "NAME": "Аланская кухня", "NAME_EN": null, "NAME_RU": null, "MAN_MADE": null, "LEISURE": null, "AMENITY": "cafe", "OFFICE": null, "SHOP": null, "TOURISM": null, "SPORT": null, "OSM_TYPE": "node", "OSM_ID": 11958163690 }, "geometry": { "type": "Point", "coordinates": [ 39.0700114, 44.9951448 ] } },
{ "type": "Feature", "properties": { "NAME": "Аланская кухня", "NAME_EN": null, "NAME_RU": null, "MAN_MADE": null, "LEISURE": null, "AMENITY": "cafe", "OFFICE": null, "SHOP": null, "TOURISM": null, "SPORT": null, "OSM_TYPE": "node", "OSM_ID": 11958163691 }, "geometry": { "type": "Point", "coordinates": [ 38.9731514, 45.0977533 ] } },
{ "type": "Feature", "properties": { "NAME": "Аланская кухня", "NAME_EN": null, "NAME_RU": null, "MAN_MADE": null, "LEISURE": null, "AMENITY": "cafe", "OFFICE": null, "SHOP": null, "TOURISM": null, "SPORT": null, "OSM_TYPE": "node", "OSM_ID": 11958163692 }, "geometry": { "type": "Point", "coordinates": [ 39.0833956, 45.0298167 ] } },
{ "type": "Feature", "properties": { "NAME": "Аланская кухня", "NAME_EN": null, "NAME_RU": null, "MAN_MADE": null, "LEISURE": null, "AMENITY": "cafe", "OFFICE": null, "SHOP": null, "TOURISM": null, "SPORT": null, "OSM_TYPE": "node", "OSM_ID": 11958163693 }, "geometry": { "type": "Point", "coordinates": [ 39.0413868, 45.0575278 ] } },
{ "type": "Feature", "properties": { "NAME": "Аланская кухня", "NAME_EN": null, "NAME_RU": null, "MAN_MADE": null, "LEISURE": null, "AMENITY": "cafe", "OFFICE": null, "SHOP": null, "TOURISM": null, "SPORT": null, "OSM_TYPE": "node", "OSM_ID": 11958163694 }, "geometry": { "type": "Point", "coordinates": [ 39.0094283, 45.0728576 ] } },
{ "type": "Feature", "properties": { "NAME": "Surf Coffee", "NAME_EN": null, "NAME_RU": null, "MAN_MADE": null, "LEISURE": null, "AMENITY": "cafe", "OFFICE": null, "SHOP": null, "TOURISM": null, "SPORT": null, "OSM_TYPE": "node", "OSM_ID": 11974989677 }, "geometry": { "type": "Point", "coordinates": [ 38.9081889, 45.0990975 ] } },
{ "type": "Feature", "properties": { "NAME": "Cafe4fix", "NAME_EN": null, "NAME_RU": null, "MAN_MADE": null, "LEISURE": null, "AMENITY": "cafe", "OFFICE": null, "SHOP": null, "TOURISM": null, "SPORT": null, "OSM_TYPE": "node", "OSM_ID": 11974993849 }, "geometry": { "type": "Point", "coordinates": [ 39.0035167, 45.0625845 ] } },
{ "type": "Feature", "properties": { "NAME": "Cafe4fix", "NAME_EN": null, "NAME_RU": null, "MAN_MADE": null, "LEISURE": null, "AMENITY": "cafe", "OFFICE": null, "SHOP": null, "TOURISM": null, "SPORT": null, "OSM_TYPE": "node", "OSM_ID": 11974993851 }, "geometry": { "type": "Point", "coordinates": [ 38.9683932, 45.0191965 ] } },
{ "type": "Feature", "properties": { "NAME": "Cafe4fix", "NAME_EN": null, "NAME_RU": null, "MAN_MADE": null, "LEISURE": null, "AMENITY": "cafe", "OFFICE": null, "SHOP": null, "TOURISM": null, "SPORT": null, "OSM_TYPE": "node", "OSM_ID": 11974993859 }, "geometry": { "type": "Point", "coordinates": [ 39.011973, 45.11025 ] } },
{ "type": "Feature", "properties": { "NAME": "Surf Coffee X Sky", "NAME_EN": null, "NAME_RU": null, "MAN_MADE": null, "LEISURE": null, "AMENITY": "cafe", "OFFICE": null, "SHOP": null, "TOURISM": null, "SPORT": null, "OSM_TYPE": "node", "OSM_ID": 11989009269 }, "geometry": { "type": "Point", "coordinates": [ 38.9082099, 45.0991539 ] } },
{ "type": "Feature", "properties": { "NAME": "Зацепи Кофе", "NAME_EN": null, "NAME_RU": null, "MAN_MADE": null, "LEISURE": null, "AMENITY": "cafe", "OFFICE": null, "SHOP": null, "TOURISM": null, "SPORT": null, "OSM_TYPE": "node", "OSM_ID": 11989012369 }, "geometry": { "type": "Point", "coordinates": [ 38.9044415, 45.0957363 ] } },
{ "type": "Feature", "properties": { "NAME": "Wok Cafe", "NAME_EN": null, "NAME_RU": null, "MAN_MADE": null, "LEISURE": null, "AMENITY": "restaurant", "OFFICE": null, "SHOP": null, "TOURISM": null, "SPORT": null, "OSM_TYPE": "node", "OSM_ID": 11991836426 }, "geometry": { "type": "Point", "coordinates": [ 38.9748112, 45.0382907 ] } },
{ "type": "Feature", "properties": { "NAME": "Don Bazilio", "NAME_EN": null, "NAME_RU": null, "MAN_MADE": null, "LEISURE": null, "AMENITY": "restaurant", "OFFICE": null, "SHOP": null, "TOURISM": null, "SPORT": null, "OSM_TYPE": "node", "OSM_ID": 11991836427 }, "geometry": { "type": "Point", "coordinates": [ 38.9621399, 45.0016997 ] } },
{ "type": "Feature", "properties": { "NAME": "Sunny", "NAME_EN": null, "NAME_RU": null, "MAN_MADE": null, "LEISURE": null, "AMENITY": "cafe", "OFFICE": null, "SHOP": null, "TOURISM": null, "SPORT": null, "OSM_TYPE": "node", "OSM_ID": 11991836428 }, "geometry": { "type": "Point", "coordinates": [ 38.9743187, 45.0398749 ] } },
{ "type": "Feature", "properties": { "NAME": "Томми Lee", "NAME_EN": "Tommi Lee", "NAME_RU": null, "MAN_MADE": null, "LEISURE": null, "AMENITY": "restaurant", "OFFICE": null, "SHOP": null, "TOURISM": null, "SPORT": null, "OSM_TYPE": "node", "OSM_ID": 11991836429 }, "geometry": { "type": "Point", "coordinates": [ 38.9574353, 45.0149858 ] } },
{ "type": "Feature", "properties": { "NAME": "Мадьяр", "NAME_EN": null, "NAME_RU": null, "MAN_MADE": null, "LEISURE": null, "AMENITY": "restaurant", "OFFICE": null, "SHOP": null, "TOURISM": null, "SPORT": null, "OSM_TYPE": "node", "OSM_ID": 11991836430 }, "geometry": { "type": "Point", "coordinates": [ 39.0041814, 45.0556913 ] } },
{ "type": "Feature", "properties": { "NAME": "Кими", "NAME_EN": null, "NAME_RU": null, "MAN_MADE": null, "LEISURE": null, "AMENITY": "cafe", "OFFICE": null, "SHOP": null, "TOURISM": null, "SPORT": null, "OSM_TYPE": "node", "OSM_ID": 11991836431 }, "geometry": { "type": "Point", "coordinates": [ 38.9847622, 45.101726 ] } },
{ "type": "Feature", "properties": { "NAME": "Гусь", "NAME_EN": null, "NAME_RU": null, "MAN_MADE": null, "LEISURE": null, "AMENITY": "restaurant", "OFFICE": null, "SHOP": null, "TOURISM": null, "SPORT": null, "OSM_TYPE": "node", "OSM_ID": 11991836432 }, "geometry": { "type": "Point", "coordinates": [ 38.9742603, 45.0408691 ] } },
{ "type": "Feature", "properties": { "NAME": "Мадьяр-Гриль", "NAME_EN": null, "NAME_RU": null, "MAN_MADE": null, "LEISURE": null, "AMENITY": "restaurant", "OFFICE": null, "SHOP": null, "TOURISM": null, "SPORT": null, "OSM_TYPE": "node", "OSM_ID": 11991836433 }, "geometry": { "type": "Point", "coordinates": [ 38.9835708, 45.1028326 ] } },
{ "type": "Feature", "properties": { "NAME": "Джимми Чу", "NAME_EN": null, "NAME_RU": null, "MAN_MADE": null, "LEISURE": null, "AMENITY": "restaurant", "OFFICE": null, "SHOP": null, "TOURISM": null, "SPORT": null, "OSM_TYPE": "node", "OSM_ID": 11991836435 }, "geometry": { "type": "Point", "coordinates": [ 38.9615734, 45.0621909 ] } },
{ "type": "Feature", "properties": { "NAME": "Вита Экспресс", "NAME_EN": null, "NAME_RU": null, "MAN_MADE": null, "LEISURE": null, "AMENITY": "pharmacy", "OFFICE": null, "SHOP": null, "TOURISM": null, "SPORT": null, "OSM_TYPE": "node", "OSM_ID": 12011843354 }, "geometry": { "type": "Point", "coordinates": [ 38.9863474, 45.1149619 ] } },
{ "type": "Feature", "properties": { "NAME": "Вита Экспресс", "NAME_EN": null, "NAME_RU": null, "MAN_MADE": null, "LEISURE": null, "AMENITY": "pharmacy", "OFFICE": null, "SHOP": null, "TOURISM": null, "SPORT": null, "OSM_TYPE": "node", "OSM_ID": 12059198108 }, "geometry": { "type": "Point", "coordinates": [ 39.1007103, 45.0095676 ] } },
{ "type": "Feature", "properties": { "NAME": "Вита Экспресс", "NAME_EN": null, "NAME_RU": null, "MAN_MADE": null, "LEISURE": null, "AMENITY": "pharmacy", "OFFICE": null, "SHOP": null, "TOURISM": null, "SPORT": null, "OSM_TYPE": "node", "OSM_ID": 12059198110 }, "geometry": { "type": "Point", "coordinates": [ 38.9498634, 45.0595876 ] } },
{ "type": "Feature", "properties": { "NAME": "Птичка-Невеличка", "NAME_EN": null, "NAME_RU": null, "MAN_MADE": null, "LEISURE": null, "AMENITY": "restaurant", "OFFICE": null, "SHOP": null, "TOURISM": null, "SPORT": null, "OSM_TYPE": "node", "OSM_ID": 12064987269 }, "geometry": { "type": "Point", "coordinates": [ 38.9765974, 45.0419666 ] } },
{ "type": "Feature", "properties": { "NAME": "Сбербанк", "NAME_EN": "Sberbank", "NAME_RU": "Сбербанк", "MAN_MADE": null, "LEISURE": null, "AMENITY": "bank", "OFFICE": null, "SHOP": null, "TOURISM": null, "SPORT": null, "OSM_TYPE": "node", "OSM_ID": 12106802370 }, "geometry": { "type": "Point", "coordinates": [ 39.0967973, 45.032244 ] } },
{ "type": "Feature", "properties": { "NAME": "Сафари", "NAME_EN": null, "NAME_RU": null, "MAN_MADE": null, "LEISURE": null, "AMENITY": "cafe", "OFFICE": null, "SHOP": null, "TOURISM": null, "SPORT": null, "OSM_TYPE": "node", "OSM_ID": 12183637633 }, "geometry": { "type": "Point", "coordinates": [ 39.0114613, 45.0947503 ] } },
{ "type": "Feature", "properties": { "NAME": "Лаки Фарма", "NAME_EN": null, "NAME_RU": null, "MAN_MADE": null, "LEISURE": null, "AMENITY": "pharmacy", "OFFICE": null, "SHOP": null, "TOURISM": null, "SPORT": null, "OSM_TYPE": "node", "OSM_ID": 12183670039 }, "geometry": { "type": "Point", "coordinates": [ 38.9733258, 45.0978688 ] } },
{ "type": "Feature", "properties": { "NAME": "Лаки Фарма", "NAME_EN": null, "NAME_RU": null, "MAN_MADE": null, "LEISURE": null, "AMENITY": "pharmacy", "OFFICE": null, "SHOP": null, "TOURISM": null, "SPORT": null, "OSM_TYPE": "node", "OSM_ID": 12183670040 }, "geometry": { "type": "Point", "coordinates": [ 39.0417699, 45.0760098 ] } },
{ "type": "Feature", "properties": { "NAME": "Лаки Фарма", "NAME_EN": null, "NAME_RU": null, "MAN_MADE": null, "LEISURE": null, "AMENITY": "pharmacy", "OFFICE": null, "SHOP": null, "TOURISM": null, "SPORT": null, "OSM_TYPE": "node", "OSM_ID": 12183670041 }, "geometry": { "type": "Point", "coordinates": [ 39.0643149, 44.99274 ] } },
{ "type": "Feature", "properties": { "NAME": "Лаки Фарма", "NAME_EN": null, "NAME_RU": null, "MAN_MADE": null, "LEISURE": null, "AMENITY": "pharmacy", "OFFICE": null, "SHOP": null, "TOURISM": null, "SPORT": null, "OSM_TYPE": "node", "OSM_ID": 12183670042 }, "geometry": { "type": "Point", "coordinates": [ 38.9351515, 45.0374062 ] } },
{ "type": "Feature", "properties": { "NAME": "Лаки Фарма", "NAME_EN": null, "NAME_RU": null, "MAN_MADE": null, "LEISURE": null, "AMENITY": "pharmacy", "OFFICE": null, "SHOP": null, "TOURISM": null, "SPORT": null, "OSM_TYPE": "node", "OSM_ID": 12183670043 }, "geometry": { "type": "Point", "coordinates": [ 39.1255755, 45.0699281 ] } },
{ "type": "Feature", "properties": { "NAME": "Лаки Фарма", "NAME_EN": null, "NAME_RU": null, "MAN_MADE": null, "LEISURE": null, "AMENITY": "pharmacy", "OFFICE": null, "SHOP": null, "TOURISM": null, "SPORT": null, "OSM_TYPE": "node", "OSM_ID": 12183670044 }, "geometry": { "type": "Point", "coordinates": [ 38.9657335, 45.0622544 ] } },
{ "type": "Feature", "properties": { "NAME": "Лаки Фарма", "NAME_EN": null, "NAME_RU": null, "MAN_MADE": null, "LEISURE": null, "AMENITY": "pharmacy", "OFFICE": null, "SHOP": null, "TOURISM": null, "SPORT": null, "OSM_TYPE": "node", "OSM_ID": 12183670045 }, "geometry": { "type": "Point", "coordinates": [ 39.0032877, 45.0515872 ] } },
{ "type": "Feature", "properties": { "NAME": "Лаки Фарма", "NAME_EN": null, "NAME_RU": null, "MAN_MADE": null, "LEISURE": null, "AMENITY": "pharmacy", "OFFICE": null, "SHOP": null, "TOURISM": null, "SPORT": null, "OSM_TYPE": "node", "OSM_ID": 12183670046 }, "geometry": { "type": "Point", "coordinates": [ 39.079824, 44.997049 ] } },
{ "type": "Feature", "properties": { "NAME": "Лаки Фарма", "NAME_EN": null, "NAME_RU": null, "MAN_MADE": null, "LEISURE": null, "AMENITY": "pharmacy", "OFFICE": null, "SHOP": null, "TOURISM": null, "SPORT": null, "OSM_TYPE": "node", "OSM_ID": 12183670049 }, "geometry": { "type": "Point", "coordinates": [ 39.073804, 44.9977099 ] } },
{ "type": "Feature", "properties": { "NAME": "Кубань Кредит", "NAME_EN": null, "NAME_RU": null, "MAN_MADE": null, "LEISURE": null, "AMENITY": "bank", "OFFICE": null, "SHOP": null, "TOURISM": null, "SPORT": null, "OSM_TYPE": "node", "OSM_ID": 12183834562 }, "geometry": { "type": "Point", "coordinates": [ 38.9127771, 45.0416334 ] } },
{ "type": "Feature", "properties": { "NAME": "Кубань Кредит", "NAME_EN": null, "NAME_RU": null, "MAN_MADE": null, "LEISURE": null, "AMENITY": "bank", "OFFICE": null, "SHOP": null, "TOURISM": null, "SPORT": null, "OSM_TYPE": "node", "OSM_ID": 12183834563 }, "geometry": { "type": "Point", "coordinates": [ 39.071972, 44.998936 ] } },
{ "type": "Feature", "properties": { "NAME": "Кубань Кредит", "NAME_EN": null, "NAME_RU": null, "MAN_MADE": null, "LEISURE": null, "AMENITY": "bank", "OFFICE": null, "SHOP": null, "TOURISM": null, "SPORT": null, "OSM_TYPE": "node", "OSM_ID": 12183834564 }, "geometry": { "type": "Point", "coordinates": [ 39.0142976, 45.0642831 ] } },
{ "type": "Feature", "properties": { "NAME": "Аптека ОП 25 Кубаньфармация", "NAME_EN": null, "NAME_RU": null, "MAN_MADE": null, "LEISURE": null, "AMENITY": "pharmacy", "OFFICE": null, "SHOP": null, "TOURISM": null, "SPORT": null, "OSM_TYPE": "node", "OSM_ID": 12221774399 }, "geometry": { "type": "Point", "coordinates": [ 38.9075574, 45.0978546 ] } },
{ "type": "Feature", "properties": { "NAME": "Bollo", "NAME_EN": null, "NAME_RU": null, "MAN_MADE": null, "LEISURE": null, "AMENITY": "cafe", "OFFICE": null, "SHOP": null, "TOURISM": null, "SPORT": null, "OSM_TYPE": "node", "OSM_ID": 12229198101 }, "geometry": { "type": "Point", "coordinates": [ 39.0417187, 45.0769949 ] } },
{ "type": "Feature", "properties": { "NAME": "Подано", "NAME_EN": null, "NAME_RU": null, "MAN_MADE": null, "LEISURE": null, "AMENITY": "restaurant", "OFFICE": null, "SHOP": null, "TOURISM": null, "SPORT": null, "OSM_TYPE": "node", "OSM_ID": 12237854310 }, "geometry": { "type": "Point", "coordinates": [ 38.9748788, 45.0385378 ] } },
{ "type": "Feature", "properties": { "NAME": "Brunch", "NAME_EN": null, "NAME_RU": null, "MAN_MADE": null, "LEISURE": null, "AMENITY": "cafe", "OFFICE": null, "SHOP": null, "TOURISM": null, "SPORT": null, "OSM_TYPE": "node", "OSM_ID": 12287535056 }, "geometry": { "type": "Point", "coordinates": [ 38.9693054, 45.0238624 ] } },
{ "type": "Feature", "properties": { "NAME": "I am Pho", "NAME_EN": null, "NAME_RU": null, "MAN_MADE": null, "LEISURE": null, "AMENITY": "cafe", "OFFICE": null, "SHOP": null, "TOURISM": null, "SPORT": null, "OSM_TYPE": "node", "OSM_ID": 12336532535 }, "geometry": { "type": "Point", "coordinates": [ 39.0526172, 45.034349 ] } },
{ "type": "Feature", "properties": { "NAME": "Дора", "NAME_EN": null, "NAME_RU": null, "MAN_MADE": null, "LEISURE": null, "AMENITY": "cafe", "OFFICE": null, "SHOP": null, "TOURISM": null, "SPORT": null, "OSM_TYPE": "node", "OSM_ID": 12364489201 }, "geometry": { "type": "Point", "coordinates": [ 38.9627716, 45.0615139 ] } },
{ "type": "Feature", "properties": { "NAME": "Cafe4fix", "NAME_EN": null, "NAME_RU": null, "MAN_MADE": null, "LEISURE": null, "AMENITY": "cafe", "OFFICE": null, "SHOP": null, "TOURISM": null, "SPORT": null, "OSM_TYPE": "node", "OSM_ID": 12378186950 }, "geometry": { "type": "Point", "coordinates": [ 38.9778077, 45.0421616 ] } },
{ "type": "Feature", "properties": { "NAME": "Cafe4fix", "NAME_EN": null, "NAME_RU": null, "MAN_MADE": null, "LEISURE": null, "AMENITY": "cafe", "OFFICE": null, "SHOP": null, "TOURISM": null, "SPORT": null, "OSM_TYPE": "node", "OSM_ID": 12378186952 }, "geometry": { "type": "Point", "coordinates": [ 39.0240142, 45.0219948 ] } },
{ "type": "Feature", "properties": { "NAME": "Дора", "NAME_EN": null, "NAME_RU": null, "MAN_MADE": null, "LEISURE": null, "AMENITY": "cafe", "OFFICE": null, "SHOP": null, "TOURISM": null, "SPORT": null, "OSM_TYPE": "node", "OSM_ID": 12379412401 }, "geometry": { "type": "Point", "coordinates": [ 38.9630514, 45.0615414 ] } },
{ "type": "Feature", "properties": { "NAME": "Голос кофе", "NAME_EN": null, "NAME_RU": null, "MAN_MADE": null, "LEISURE": null, "AMENITY": "cafe", "OFFICE": null, "SHOP": null, "TOURISM": null, "SPORT": null, "OSM_TYPE": "node", "OSM_ID": 12379413101 }, "geometry": { "type": "Point", "coordinates": [ 38.9824976, 45.0680785 ] } },
{ "type": "Feature", "properties": { "NAME": "Дед Хо", "NAME_EN": null, "NAME_RU": null, "MAN_MADE": null, "LEISURE": null, "AMENITY": "cafe", "OFFICE": null, "SHOP": null, "TOURISM": null, "SPORT": null, "OSM_TYPE": "node", "OSM_ID": 12411462922 }, "geometry": { "type": "Point", "coordinates": [ 38.9001144, 45.0859735 ] } },
{ "type": "Feature", "properties": { "NAME": "Дед Хо", "NAME_EN": null, "NAME_RU": null, "MAN_MADE": null, "LEISURE": null, "AMENITY": "cafe", "OFFICE": null, "SHOP": null, "TOURISM": null, "SPORT": null, "OSM_TYPE": "node", "OSM_ID": 12411462923 }, "geometry": { "type": "Point", "coordinates": [ 39.0471343, 45.0294837 ] } },
{ "type": "Feature", "properties": { "NAME": "Йоргос", "NAME_EN": null, "NAME_RU": null, "MAN_MADE": null, "LEISURE": null, "AMENITY": "cafe", "OFFICE": null, "SHOP": null, "TOURISM": null, "SPORT": null, "OSM_TYPE": "node", "OSM_ID": 12448302540 }, "geometry": { "type": "Point", "coordinates": [ 38.9729121, 45.0280443 ] } },
{ "type": "Feature", "properties": { "NAME": "Сицилия", "NAME_EN": null, "NAME_RU": null, "MAN_MADE": null, "LEISURE": null, "AMENITY": "cafe", "OFFICE": null, "SHOP": null, "TOURISM": null, "SPORT": null, "OSM_TYPE": "node", "OSM_ID": 12452940339 }, "geometry": { "type": "Point", "coordinates": [ 39.042052, 45.0904922 ] } },
{ "type": "Feature", "properties": { "NAME": "Сицилия", "NAME_EN": null, "NAME_RU": null, "MAN_MADE": null, "LEISURE": null, "AMENITY": "cafe", "OFFICE": null, "SHOP": null, "TOURISM": null, "SPORT": null, "OSM_TYPE": "node", "OSM_ID": 12452940340 }, "geometry": { "type": "Point", "coordinates": [ 39.0076388, 45.0649879 ] } },
{ "type": "Feature", "properties": { "NAME": "Цифра", "NAME_EN": null, "NAME_RU": null, "MAN_MADE": null, "LEISURE": null, "AMENITY": "bank", "OFFICE": null, "SHOP": null, "TOURISM": null, "SPORT": null, "OSM_TYPE": "node", "OSM_ID": 12497758499 }, "geometry": { "type": "Point", "coordinates": [ 38.9594561, 45.0269069 ] } },
{ "type": "Feature", "properties": { "NAME": "Столички", "NAME_EN": null, "NAME_RU": null, "MAN_MADE": null, "LEISURE": null, "AMENITY": "pharmacy", "OFFICE": null, "SHOP": null, "TOURISM": null, "SPORT": null, "OSM_TYPE": "node", "OSM_ID": 12497954358 }, "geometry": { "type": "Point", "coordinates": [ 39.0632801, 45.0130869 ] } },
{ "type": "Feature", "properties": { "NAME": "Столички", "NAME_EN": null, "NAME_RU": null, "MAN_MADE": null, "LEISURE": null, "AMENITY": "pharmacy", "OFFICE": null, "SHOP": null, "TOURISM": null, "SPORT": null, "OSM_TYPE": "node", "OSM_ID": 12497954359 }, "geometry": { "type": "Point", "coordinates": [ 38.9177193, 45.0321054 ] } },
{ "type": "Feature", "properties": { "NAME": "Столички", "NAME_EN": null, "NAME_RU": null, "MAN_MADE": null, "LEISURE": null, "AMENITY": "pharmacy", "OFFICE": null, "SHOP": null, "TOURISM": null, "SPORT": null, "OSM_TYPE": "node", "OSM_ID": 12497954360 }, "geometry": { "type": "Point", "coordinates": [ 39.0022684, 45.0799066 ] } },
{ "type": "Feature", "properties": { "NAME": "Столички", "NAME_EN": null, "NAME_RU": null, "MAN_MADE": null, "LEISURE": null, "AMENITY": "pharmacy", "OFFICE": null, "SHOP": null, "TOURISM": null, "SPORT": null, "OSM_TYPE": "node", "OSM_ID": 12497954361 }, "geometry": { "type": "Point", "coordinates": [ 38.9668209, 45.0691199 ] } },
{ "type": "Feature", "properties": { "NAME": "Столички", "NAME_EN": null, "NAME_RU": null, "MAN_MADE": null, "LEISURE": null, "AMENITY": "pharmacy", "OFFICE": null, "SHOP": null, "TOURISM": null, "SPORT": null, "OSM_TYPE": "node", "OSM_ID": 12497954362 }, "geometry": { "type": "Point", "coordinates": [ 39.0947043, 45.0389104 ] } },
{ "type": "Feature", "properties": { "NAME": "Столички", "NAME_EN": null, "NAME_RU": null, "MAN_MADE": null, "LEISURE": null, "AMENITY": "pharmacy", "OFFICE": null, "SHOP": null, "TOURISM": null, "SPORT": null, "OSM_TYPE": "node", "OSM_ID": 12497954363 }, "geometry": { "type": "Point", "coordinates": [ 39.0360035, 45.0174991 ] } },
{ "type": "Feature", "properties": { "NAME": "Дом Кофе", "NAME_EN": null, "NAME_RU": null, "MAN_MADE": null, "LEISURE": null, "AMENITY": "cafe", "OFFICE": null, "SHOP": null, "TOURISM": null, "SPORT": null, "OSM_TYPE": "node", "OSM_ID": 12541093583 }, "geometry": { "type": "Point", "coordinates": [ 38.903424, 45.094015 ] } }
]
}
