{
"type": "FeatureCollection",
"name": "filtered_transport",
"crs": { "type": "name", "properties": { "name": "urn:ogc:def:crs:OGC:1.3:CRS84" } },
"features": [
{ "type": "Feature", "properties": { "NAME": "Тургеневский мост", "NAME_EN": null, "NAME_RU": null, "RAILWAY": null, "HIGHWAY": "bus_stop", "REF": null, "NETWORK": null, "PUBLIC_TRA": "platform", "OSM_TYPE": "node", "OSM_ID": 295155923 }, "geometry": { "type": "Point", "coordinates": [ 38.9528119, 45.0371434 ] } },
{ "type": "Feature", "properties": { "NAME": "Западное депо", "NAME_EN": null, "NAME_RU": null, "RAILWAY": "tram_stop", "HIGHWAY": null, "REF": null, "NETWORK": null, "PUBLIC_TRA": "stop_position", "OSM_TYPE": "node", "OSM_ID": 295156463 }, "geometry": { "type": "Point", "coordinates": [ 38.9237203, 45.0680759 ] } },
{ "type": "Feature", "properties": { "NAME": "Железнодорожный вокзал", "NAME_EN": null, "NAME_RU": null, "RAILWAY": "tram_stop", "HIGHWAY": null, "REF": null, "NETWORK": null, "PUBLIC_TRA": "stop_position", "OSM_TYPE": "node", "OSM_ID": 295165788 }, "geometry": { "type": "Point", "coordinates": [ 38.98908, 45.0198662 ] } },
{ "type": "Feature", "properties": { "NAME": "Харьковская", "NAME_EN": null, "NAME_RU": null, "RAILWAY": null, "HIGHWAY": "bus_stop", "REF": null, "NETWORK": null, "PUBLIC_TRA": "platform", "OSM_TYPE": "node", "OSM_ID": 295186504 }, "geometry": { "type": "Point", "coordinates": [ 38.9261618, 45.0360233 ] } },
{ "type": "Feature", "properties": { "NAME": "улица Шевченко", "NAME_EN": null, "NAME_RU": null, "RAILWAY": null, "HIGHWAY": "bus_stop", "REF": null, "NETWORK": null, "PUBLIC_TRA": "platform", "OSM_TYPE": "node", "OSM_ID": 393289886 }, "geometry": { "type": "Point", "coordinates": [ 39.0092947, 45.0208649 ] } },
{ "type": "Feature", "properties": { "NAME": "улица Павлова", "NAME_EN": null, "NAME_RU": null, "RAILWAY": null, "HIGHWAY": "bus_stop", "REF": null, "NETWORK": null, "PUBLIC_TRA": "platform", "OSM_TYPE": "node", "OSM_ID": 393289896 }, "geometry": { "type": "Point", "coordinates": [ 39.0049434, 45.0204608 ] } },
{ "type": "Feature", "properties": { "NAME": "улица Вишняковой", "NAME_EN": null, "NAME_RU": null, "RAILWAY": null, "HIGHWAY": "bus_stop", "REF": null, "NETWORK": null, "PUBLIC_TRA": "platform", "OSM_TYPE": "node", "OSM_ID": 393289922 }, "geometry": { "type": "Point", "coordinates": [ 38.9985696, 45.0195966 ] } },
{ "type": "Feature", "properties": { "NAME": "улица КИМ", "NAME_EN": null, "NAME_RU": null, "RAILWAY": null, "HIGHWAY": "bus_stop", "REF": null, "NETWORK": null, "PUBLIC_TRA": "platform", "OSM_TYPE": "node", "OSM_ID": 393289932 }, "geometry": { "type": "Point", "coordinates": [ 38.993307, 45.0178738 ] } },
{ "type": "Feature", "properties": { "NAME": "переулок Лунный", "NAME_EN": null, "NAME_RU": null, "RAILWAY": null, "HIGHWAY": "bus_stop", "REF": null, "NETWORK": null, "PUBLIC_TRA": "platform", "OSM_TYPE": "node", "OSM_ID": 393289941 }, "geometry": { "type": "Point", "coordinates": [ 38.9895183, 45.0160303 ] } },
{ "type": "Feature", "properties": { "NAME": "переулок Переправный", "NAME_EN": null, "NAME_RU": null, "RAILWAY": null, "HIGHWAY": "bus_stop", "REF": null, "NETWORK": null, "PUBLIC_TRA": "platform", "OSM_TYPE": "node", "OSM_ID": 393289953 }, "geometry": { "type": "Point", "coordinates": [ 38.982581, 45.0136929 ] } },
{ "type": "Feature", "properties": { "NAME": "улица Зиповская", "NAME_EN": null, "NAME_RU": null, "RAILWAY": null, "HIGHWAY": "bus_stop", "REF": null, "NETWORK": null, "PUBLIC_TRA": "stop_position", "OSM_TYPE": "node", "OSM_ID": 401564020 }, "geometry": { "type": "Point", "coordinates": [ 39.0019933, 45.0626403 ] } },
{ "type": "Feature", "properties": { "NAME": "Стадион \"Кубань\"", "NAME_EN": null, "NAME_RU": null, "RAILWAY": null, "HIGHWAY": "bus_stop", "REF": null, "NETWORK": null, "PUBLIC_TRA": "platform", "OSM_TYPE": "node", "OSM_ID": 436642505 }, "geometry": { "type": "Point", "coordinates": [ 39.0040709, 45.0258876 ] } },
{ "type": "Feature", "properties": { "NAME": "Поликлиника водников", "NAME_EN": null, "NAME_RU": null, "RAILWAY": null, "HIGHWAY": "bus_stop", "REF": null, "NETWORK": null, "PUBLIC_TRA": "platform", "OSM_TYPE": "node", "OSM_ID": 437857719 }, "geometry": { "type": "Point", "coordinates": [ 39.080315, 45.0092917 ] } },
{ "type": "Feature", "properties": { "NAME": "Кафе \"Русь\"", "NAME_EN": null, "NAME_RU": null, "RAILWAY": null, "HIGHWAY": "bus_stop", "REF": null, "NETWORK": null, "PUBLIC_TRA": "platform", "OSM_TYPE": "node", "OSM_ID": 437857732 }, "geometry": { "type": "Point", "coordinates": [ 39.0779727, 45.0060682 ] } },
{ "type": "Feature", "properties": { "NAME": "улица Трудовой Славы", "NAME_EN": null, "NAME_RU": null, "RAILWAY": null, "HIGHWAY": "bus_stop", "REF": null, "NETWORK": null, "PUBLIC_TRA": "platform", "OSM_TYPE": "node", "OSM_ID": 437857745 }, "geometry": { "type": "Point", "coordinates": [ 39.0722183, 45.0058978 ] } },
{ "type": "Feature", "properties": { "NAME": "Гидрострой", "NAME_EN": null, "NAME_RU": null, "RAILWAY": null, "HIGHWAY": "bus_stop", "REF": null, "NETWORK": null, "PUBLIC_TRA": "platform", "OSM_TYPE": "node", "OSM_ID": 437857759 }, "geometry": { "type": "Point", "coordinates": [ 39.0721874, 45.0090728 ] } },
{ "type": "Feature", "properties": { "NAME": "улица Игнатова", "NAME_EN": null, "NAME_RU": null, "RAILWAY": null, "HIGHWAY": "bus_stop", "REF": null, "NETWORK": null, "PUBLIC_TRA": "platform", "OSM_TYPE": "node", "OSM_ID": 437857772 }, "geometry": { "type": "Point", "coordinates": [ 39.0722241, 45.0118155 ] } },
{ "type": "Feature", "properties": { "NAME": "улица имени Дмитрия Благоева", "NAME_EN": null, "NAME_RU": null, "RAILWAY": null, "HIGHWAY": "bus_stop", "REF": null, "NETWORK": null, "PUBLIC_TRA": "platform", "OSM_TYPE": "node", "OSM_ID": 437857783 }, "geometry": { "type": "Point", "coordinates": [ 39.0808745, 45.012884 ] } },
{ "type": "Feature", "properties": { "NAME": "улица Стасова (улица Селезнева)", "NAME_EN": null, "NAME_RU": null, "RAILWAY": null, "HIGHWAY": "bus_stop", "REF": null, "NETWORK": null, "PUBLIC_TRA": "platform", "OSM_TYPE": "node", "OSM_ID": 443179152 }, "geometry": { "type": "Point", "coordinates": [ 39.0426976, 45.0234834 ] } },
{ "type": "Feature", "properties": { "NAME": "переулок Лунный", "NAME_EN": null, "NAME_RU": null, "RAILWAY": null, "HIGHWAY": "bus_stop", "REF": null, "NETWORK": null, "PUBLIC_TRA": "platform", "OSM_TYPE": "node", "OSM_ID": 448825665 }, "geometry": { "type": "Point", "coordinates": [ 38.9894748, 45.01626 ] } },
{ "type": "Feature", "properties": { "NAME": "улица Вишняковой", "NAME_EN": null, "NAME_RU": null, "RAILWAY": null, "HIGHWAY": "bus_stop", "REF": null, "NETWORK": null, "PUBLIC_TRA": "platform", "OSM_TYPE": "node", "OSM_ID": 448826785 }, "geometry": { "type": "Point", "coordinates": [ 38.9990064, 45.0199886 ] } },
{ "type": "Feature", "properties": { "NAME": "улица Павлова", "NAME_EN": null, "NAME_RU": null, "RAILWAY": null, "HIGHWAY": "bus_stop", "REF": null, "NETWORK": null, "PUBLIC_TRA": "platform", "OSM_TYPE": "node", "OSM_ID": 448826799 }, "geometry": { "type": "Point", "coordinates": [ 39.0048003, 45.0201494 ] } },
{ "type": "Feature", "properties": { "NAME": "Аврора", "NAME_EN": null, "NAME_RU": null, "RAILWAY": null, "HIGHWAY": "bus_stop", "REF": null, "NETWORK": null, "PUBLIC_TRA": "platform", "OSM_TYPE": "node", "OSM_ID": 471803433 }, "geometry": { "type": "Point", "coordinates": [ 38.9819397, 45.0594293 ] } },
{ "type": "Feature", "properties": { "NAME": "улица им. Гаврилова", "NAME_EN": null, "NAME_RU": null, "RAILWAY": null, "HIGHWAY": "bus_stop", "REF": null, "NETWORK": null, "PUBLIC_TRA": "platform", "OSM_TYPE": "node", "OSM_ID": 475367560 }, "geometry": { "type": "Point", "coordinates": [ 38.9799561, 45.0531846 ] } },
{ "type": "Feature", "properties": { "NAME": "улица Гаврилова", "NAME_EN": null, "NAME_RU": null, "RAILWAY": null, "HIGHWAY": "bus_stop", "REF": null, "NETWORK": null, "PUBLIC_TRA": "platform", "OSM_TYPE": "node", "OSM_ID": 475367561 }, "geometry": { "type": "Point", "coordinates": [ 38.9822189, 45.0547181 ] } },
{ "type": "Feature", "properties": { "NAME": "улица Одесская", "NAME_EN": null, "NAME_RU": null, "RAILWAY": null, "HIGHWAY": "bus_stop", "REF": null, "NETWORK": null, "PUBLIC_TRA": "platform", "OSM_TYPE": "node", "OSM_ID": 475367646 }, "geometry": { "type": "Point", "coordinates": [ 38.9790828, 45.050428 ] } },
{ "type": "Feature", "properties": { "NAME": "Одесская улица", "NAME_EN": null, "NAME_RU": null, "RAILWAY": null, "HIGHWAY": "bus_stop", "REF": null, "NETWORK": null, "PUBLIC_TRA": "platform", "OSM_TYPE": "node", "OSM_ID": 475367648 }, "geometry": { "type": "Point", "coordinates": [ 38.9805834, 45.05106 ] } },
{ "type": "Feature", "properties": { "NAME": "Дом Союзов", "NAME_EN": null, "NAME_RU": null, "RAILWAY": null, "HIGHWAY": "bus_stop", "REF": null, "NETWORK": null, "PUBLIC_TRA": "platform", "OSM_TYPE": "node", "OSM_ID": 475377587 }, "geometry": { "type": "Point", "coordinates": [ 38.9774265, 45.0454739 ] } },
{ "type": "Feature", "properties": { "NAME": "Дом Союзов", "NAME_EN": null, "NAME_RU": null, "RAILWAY": null, "HIGHWAY": "bus_stop", "REF": null, "NETWORK": null, "PUBLIC_TRA": "platform", "OSM_TYPE": "node", "OSM_ID": 475377588 }, "geometry": { "type": "Point", "coordinates": [ 38.9786798, 45.0464402 ] } },
{ "type": "Feature", "properties": { "NAME": "ТРК \"Галерея\"", "NAME_EN": null, "NAME_RU": null, "RAILWAY": null, "HIGHWAY": "bus_stop", "REF": null, "NETWORK": null, "PUBLIC_TRA": "platform", "OSM_TYPE": "node", "OSM_ID": 475377589 }, "geometry": { "type": "Point", "coordinates": [ 38.9745876, 45.0405674 ] } },
{ "type": "Feature", "properties": { "NAME": "улица Аэродромная", "NAME_EN": null, "NAME_RU": null, "RAILWAY": null, "HIGHWAY": "bus_stop", "REF": null, "NETWORK": null, "PUBLIC_TRA": "platform", "OSM_TYPE": "node", "OSM_ID": 475377591 }, "geometry": { "type": "Point", "coordinates": [ 38.968855, 45.0413043 ] } },
{ "type": "Feature", "properties": { "NAME": "Гагарина/Тургенева", "NAME_EN": null, "NAME_RU": null, "RAILWAY": null, "HIGHWAY": "bus_stop", "REF": null, "NETWORK": null, "PUBLIC_TRA": "platform", "OSM_TYPE": "node", "OSM_ID": 475378059 }, "geometry": { "type": "Point", "coordinates": [ 38.9593651, 45.0521771 ] } },
{ "type": "Feature", "properties": { "NAME": "Гагарина/Тургенева", "NAME_EN": null, "NAME_RU": null, "RAILWAY": null, "HIGHWAY": "bus_stop", "REF": null, "NETWORK": null, "PUBLIC_TRA": "platform", "OSM_TYPE": "node", "OSM_ID": 475378060 }, "geometry": { "type": "Point", "coordinates": [ 38.9598472, 45.0530412 ] } },
{ "type": "Feature", "properties": { "NAME": "Монтажников/Олимпийская", "NAME_EN": null, "NAME_RU": null, "RAILWAY": null, "HIGHWAY": "bus_stop", "REF": null, "NETWORK": null, "PUBLIC_TRA": "platform", "OSM_TYPE": "node", "OSM_ID": 475378061 }, "geometry": { "type": "Point", "coordinates": [ 38.9613466, 45.0576034 ] } },
{ "type": "Feature", "properties": { "NAME": "Универмаг \"Фестивальный\"", "NAME_EN": null, "NAME_RU": null, "RAILWAY": null, "HIGHWAY": "bus_stop", "REF": null, "NETWORK": null, "PUBLIC_TRA": "platform", "OSM_TYPE": "node", "OSM_ID": 475378063 }, "geometry": { "type": "Point", "coordinates": [ 38.9599195, 45.0592332 ] } },
{ "type": "Feature", "properties": { "NAME": "Универмаг \"Фестивальный\"", "NAME_EN": null, "NAME_RU": null, "RAILWAY": null, "HIGHWAY": "bus_stop", "REF": null, "NETWORK": null, "PUBLIC_TRA": "platform", "OSM_TYPE": "node", "OSM_ID": 475378064 }, "geometry": { "type": "Point", "coordinates": [ 38.9584416, 45.059061 ] } },
{ "type": "Feature", "properties": { "NAME": "Гастроном", "NAME_EN": null, "NAME_RU": null, "RAILWAY": null, "HIGHWAY": "bus_stop", "REF": null, "NETWORK": null, "PUBLIC_TRA": "platform", "OSM_TYPE": "node", "OSM_ID": 475378309 }, "geometry": { "type": "Point", "coordinates": [ 38.9511661, 45.0593944 ] } },
{ "type": "Feature", "properties": { "NAME": "МУП КТТУ", "NAME_EN": null, "NAME_RU": null, "RAILWAY": null, "HIGHWAY": "bus_stop", "REF": null, "NETWORK": null, "PUBLIC_TRA": "platform", "OSM_TYPE": "node", "OSM_ID": 484805385 }, "geometry": { "type": "Point", "coordinates": [ 38.9830897, 45.018785 ] } },
{ "type": "Feature", "properties": { "NAME": "МУП КТТУ", "NAME_EN": null, "NAME_RU": null, "RAILWAY": null, "HIGHWAY": "bus_stop", "REF": null, "NETWORK": null, "PUBLIC_TRA": "platform", "OSM_TYPE": "node", "OSM_ID": 484805442 }, "geometry": { "type": "Point", "coordinates": [ 38.9827055, 45.0188698 ] } },
{ "type": "Feature", "properties": { "NAME": "улица Будённого", "NAME_EN": null, "NAME_RU": null, "RAILWAY": null, "HIGHWAY": "bus_stop", "REF": null, "NETWORK": null, "PUBLIC_TRA": "platform", "OSM_TYPE": "node", "OSM_ID": 494295526 }, "geometry": { "type": "Point", "coordinates": [ 38.9700181, 45.0359702 ] } },
{ "type": "Feature", "properties": { "NAME": "улица Горького", "NAME_EN": null, "NAME_RU": null, "RAILWAY": null, "HIGHWAY": "bus_stop", "REF": null, "NETWORK": null, "PUBLIC_TRA": "platform", "OSM_TYPE": "node", "OSM_ID": 494295955 }, "geometry": { "type": "Point", "coordinates": [ 38.9686132, 45.0321666 ] } },
{ "type": "Feature", "properties": { "NAME": "улица Горького", "NAME_EN": null, "NAME_RU": null, "RAILWAY": null, "HIGHWAY": "bus_stop", "REF": null, "NETWORK": null, "PUBLIC_TRA": "platform", "OSM_TYPE": "node", "OSM_ID": 494296281 }, "geometry": { "type": "Point", "coordinates": [ 38.9683099, 45.0317383 ] } },
{ "type": "Feature", "properties": { "NAME": "улица Гоголя", "NAME_EN": null, "NAME_RU": null, "RAILWAY": null, "HIGHWAY": "bus_stop", "REF": null, "NETWORK": null, "PUBLIC_TRA": "platform", "OSM_TYPE": "node", "OSM_ID": 494297043 }, "geometry": { "type": "Point", "coordinates": [ 38.9672715, 45.028288 ] } },
{ "type": "Feature", "properties": { "NAME": "улица Гоголя", "NAME_EN": null, "NAME_RU": null, "RAILWAY": null, "HIGHWAY": "bus_stop", "REF": null, "NETWORK": null, "PUBLIC_TRA": "platform", "OSM_TYPE": "node", "OSM_ID": 494297318 }, "geometry": { "type": "Point", "coordinates": [ 38.966668, 45.0269779 ] } },
{ "type": "Feature", "properties": { "NAME": "улица Ленина", "NAME_EN": null, "NAME_RU": null, "RAILWAY": null, "HIGHWAY": "bus_stop", "REF": null, "NETWORK": null, "PUBLIC_TRA": "platform", "OSM_TYPE": "node", "OSM_ID": 494297899 }, "geometry": { "type": "Point", "coordinates": [ 38.9663129, 45.0253456 ] } },
{ "type": "Feature", "properties": { "NAME": "улица Ленина", "NAME_EN": null, "NAME_RU": null, "RAILWAY": null, "HIGHWAY": "bus_stop", "REF": null, "NETWORK": null, "PUBLIC_TRA": "platform", "OSM_TYPE": "node", "OSM_ID": 494298126 }, "geometry": { "type": "Point", "coordinates": [ 38.9655914, 45.0237928 ] } },
{ "type": "Feature", "properties": { "NAME": "улица Тульская", "NAME_EN": null, "NAME_RU": null, "RAILWAY": "tram_stop", "HIGHWAY": null, "REF": null, "NETWORK": null, "PUBLIC_TRA": "stop_position", "OSM_TYPE": "node", "OSM_ID": 494313596 }, "geometry": { "type": "Point", "coordinates": [ 38.9296155, 45.037773 ] } },
{ "type": "Feature", "properties": { "NAME": "улица Лузана", "NAME_EN": null, "NAME_RU": null, "RAILWAY": null, "HIGHWAY": "bus_stop", "REF": null, "NETWORK": null, "PUBLIC_TRA": "platform", "OSM_TYPE": "node", "OSM_ID": 494322193 }, "geometry": { "type": "Point", "coordinates": [ 38.9805568, 45.0689111 ] } },
{ "type": "Feature", "properties": { "NAME": "улица Стахановская", "NAME_EN": null, "NAME_RU": null, "RAILWAY": null, "HIGHWAY": "bus_stop", "REF": null, "NETWORK": null, "PUBLIC_TRA": "platform", "OSM_TYPE": "node", "OSM_ID": 494322208 }, "geometry": { "type": "Point", "coordinates": [ 38.9730898, 45.0708148 ] } },
{ "type": "Feature", "properties": { "NAME": "Дзержинского", "NAME_EN": null, "NAME_RU": null, "RAILWAY": null, "HIGHWAY": "bus_stop", "REF": null, "NETWORK": null, "PUBLIC_TRA": "platform", "OSM_TYPE": "node", "OSM_ID": 494322243 }, "geometry": { "type": "Point", "coordinates": [ 38.9724601, 45.0700827 ] } },
{ "type": "Feature", "properties": { "NAME": "Стахановская", "NAME_EN": null, "NAME_RU": null, "RAILWAY": null, "HIGHWAY": "bus_stop", "REF": null, "NETWORK": null, "PUBLIC_TRA": "platform", "OSM_TYPE": "node", "OSM_ID": 494322287 }, "geometry": { "type": "Point", "coordinates": [ 38.9724036, 45.0717439 ] } },
{ "type": "Feature", "properties": { "NAME": "Новаторов", "NAME_EN": null, "NAME_RU": null, "RAILWAY": null, "HIGHWAY": "bus_stop", "REF": null, "NETWORK": null, "PUBLIC_TRA": "platform", "OSM_TYPE": "node", "OSM_ID": 494322348 }, "geometry": { "type": "Point", "coordinates": [ 38.9679264, 45.0698409 ] } },
{ "type": "Feature", "properties": { "NAME": "Новаторов", "NAME_EN": null, "NAME_RU": null, "RAILWAY": null, "HIGHWAY": "bus_stop", "REF": null, "NETWORK": null, "PUBLIC_TRA": "platform", "OSM_TYPE": "node", "OSM_ID": 494322416 }, "geometry": { "type": "Point", "coordinates": [ 38.9683504, 45.0696676 ] } },
{ "type": "Feature", "properties": { "NAME": "Нефтемашремонт", "NAME_EN": null, "NAME_RU": null, "RAILWAY": null, "HIGHWAY": "bus_stop", "REF": null, "NETWORK": null, "PUBLIC_TRA": "platform", "OSM_TYPE": "node", "OSM_ID": 494322738 }, "geometry": { "type": "Point", "coordinates": [ 38.9830466, 45.0647741 ] } },
{ "type": "Feature", "properties": { "NAME": "Станция Юннатов", "NAME_EN": null, "NAME_RU": null, "RAILWAY": null, "HIGHWAY": "bus_stop", "REF": null, "NETWORK": null, "PUBLIC_TRA": "platform", "OSM_TYPE": "node", "OSM_ID": 494323118 }, "geometry": { "type": "Point", "coordinates": [ 38.9907117, 45.0543866 ] } },
{ "type": "Feature", "properties": { "NAME": "Больница скорой помощи", "NAME_EN": null, "NAME_RU": null, "RAILWAY": null, "HIGHWAY": "bus_stop", "REF": null, "NETWORK": null, "PUBLIC_TRA": "platform", "OSM_TYPE": "node", "OSM_ID": 494323169 }, "geometry": { "type": "Point", "coordinates": [ 38.9975963, 45.0547369 ] } },
{ "type": "Feature", "properties": { "NAME": "Больница скорой помощи", "NAME_EN": null, "NAME_RU": null, "RAILWAY": null, "HIGHWAY": "bus_stop", "REF": null, "NETWORK": null, "PUBLIC_TRA": "platform", "OSM_TYPE": "node", "OSM_ID": 494323202 }, "geometry": { "type": "Point", "coordinates": [ 38.9982744, 45.0549782 ] } },
{ "type": "Feature", "properties": { "NAME": "Депо №1", "NAME_EN": null, "NAME_RU": null, "RAILWAY": null, "HIGHWAY": "bus_stop", "REF": null, "NETWORK": null, "PUBLIC_TRA": "platform", "OSM_TYPE": "node", "OSM_ID": 494324731 }, "geometry": { "type": "Point", "coordinates": [ 38.9726968, 45.0682941 ] } },
{ "type": "Feature", "properties": { "NAME": "Депо №1", "NAME_EN": null, "NAME_RU": null, "RAILWAY": null, "HIGHWAY": "bus_stop", "REF": null, "NETWORK": null, "PUBLIC_TRA": "platform", "OSM_TYPE": "node", "OSM_ID": 494324944 }, "geometry": { "type": "Point", "coordinates": [ 38.9726498, 45.067379 ] } },
{ "type": "Feature", "properties": { "NAME": "улица Дальняя", "NAME_EN": null, "NAME_RU": null, "RAILWAY": null, "HIGHWAY": "bus_stop", "REF": null, "NETWORK": null, "PUBLIC_TRA": "platform", "OSM_TYPE": "node", "OSM_ID": 494324986 }, "geometry": { "type": "Point", "coordinates": [ 38.9758861, 45.0633293 ] } },
{ "type": "Feature", "properties": { "NAME": "улица Офицерская", "NAME_EN": null, "NAME_RU": null, "RAILWAY": null, "HIGHWAY": "bus_stop", "REF": null, "NETWORK": null, "PUBLIC_TRA": "platform", "OSM_TYPE": "node", "OSM_ID": 494325003 }, "geometry": { "type": "Point", "coordinates": [ 38.9779107, 45.0590972 ] } },
{ "type": "Feature", "properties": { "NAME": "Морская", "NAME_EN": null, "NAME_RU": null, "RAILWAY": null, "HIGHWAY": "bus_stop", "REF": null, "NETWORK": null, "PUBLIC_TRA": "platform", "OSM_TYPE": "node", "OSM_ID": 494325695 }, "geometry": { "type": "Point", "coordinates": [ 38.979319, 45.0561372 ] } },
{ "type": "Feature", "properties": { "NAME": "Цирк", "NAME_EN": null, "NAME_RU": null, "RAILWAY": null, "HIGHWAY": "bus_stop", "REF": null, "NETWORK": null, "PUBLIC_TRA": "platform", "OSM_TYPE": "node", "OSM_ID": 494325721 }, "geometry": { "type": "Point", "coordinates": [ 38.9730284, 45.0393867 ] } },
{ "type": "Feature", "properties": { "NAME": "ТРЦ \"Галерея\"", "NAME_EN": null, "NAME_RU": null, "RAILWAY": null, "HIGHWAY": "bus_stop", "REF": null, "NETWORK": null, "PUBLIC_TRA": "platform", "OSM_TYPE": "node", "OSM_ID": 494325743 }, "geometry": { "type": "Point", "coordinates": [ 38.9723516, 45.0404583 ] } },
{ "type": "Feature", "properties": { "NAME": "ЦКР", "NAME_EN": null, "NAME_RU": null, "RAILWAY": null, "HIGHWAY": "bus_stop", "REF": null, "NETWORK": null, "PUBLIC_TRA": "platform", "OSM_TYPE": "node", "OSM_ID": 494325826 }, "geometry": { "type": "Point", "coordinates": [ 38.9706072, 45.0387903 ] } },
{ "type": "Feature", "properties": { "NAME": "улица Аэродромная", "NAME_EN": null, "NAME_RU": null, "RAILWAY": null, "HIGHWAY": "bus_stop", "REF": null, "NETWORK": null, "PUBLIC_TRA": "platform", "OSM_TYPE": "node", "OSM_ID": 494325868 }, "geometry": { "type": "Point", "coordinates": [ 38.9661028, 45.0414363 ] } },
{ "type": "Feature", "properties": { "NAME": "улица Севастопольская", "NAME_EN": null, "NAME_RU": null, "RAILWAY": null, "HIGHWAY": "bus_stop", "REF": null, "NETWORK": null, "PUBLIC_TRA": "platform", "OSM_TYPE": "node", "OSM_ID": 494325914 }, "geometry": { "type": "Point", "coordinates": [ 38.9625017, 45.0420668 ] } },
{ "type": "Feature", "properties": { "NAME": "улица Тургенева", "NAME_EN": null, "NAME_RU": null, "RAILWAY": null, "HIGHWAY": "bus_stop", "REF": null, "NETWORK": null, "PUBLIC_TRA": "platform", "OSM_TYPE": "node", "OSM_ID": 494325924 }, "geometry": { "type": "Point", "coordinates": [ 38.9578809, 45.0428132 ] } },
{ "type": "Feature", "properties": { "NAME": "ЦКР", "NAME_EN": null, "NAME_RU": null, "RAILWAY": null, "HIGHWAY": "bus_stop", "REF": null, "NETWORK": null, "PUBLIC_TRA": "platform", "OSM_TYPE": "node", "OSM_ID": 494325964 }, "geometry": { "type": "Point", "coordinates": [ 38.9706096, 45.0381838 ] } },
{ "type": "Feature", "properties": { "NAME": "ЦКР", "NAME_EN": null, "NAME_RU": null, "RAILWAY": null, "HIGHWAY": "bus_stop", "REF": null, "NETWORK": null, "PUBLIC_TRA": "platform", "OSM_TYPE": "node", "OSM_ID": 494326079 }, "geometry": { "type": "Point", "coordinates": [ 38.9717213, 45.0377692 ] } },
{ "type": "Feature", "properties": { "NAME": "улица Будённого", "NAME_EN": null, "NAME_RU": null, "RAILWAY": null, "HIGHWAY": "bus_stop", "REF": null, "NETWORK": null, "PUBLIC_TRA": "platform", "OSM_TYPE": "node", "OSM_ID": 494326224 }, "geometry": { "type": "Point", "coordinates": [ 38.9699303, 45.036733 ] } },
{ "type": "Feature", "properties": { "NAME": "улица Рашпилевская", "NAME_EN": null, "NAME_RU": null, "RAILWAY": null, "HIGHWAY": "bus_stop", "REF": null, "NETWORK": null, "PUBLIC_TRA": "platform", "OSM_TYPE": "node", "OSM_ID": 494326262 }, "geometry": { "type": "Point", "coordinates": [ 38.9657674, 45.0214577 ] } },
{ "type": "Feature", "properties": { "NAME": "улица Рашпилевская", "NAME_EN": null, "NAME_RU": null, "RAILWAY": null, "HIGHWAY": "bus_stop", "REF": null, "NETWORK": null, "PUBLIC_TRA": "platform", "OSM_TYPE": "node", "OSM_ID": 494326384 }, "geometry": { "type": "Point", "coordinates": [ 38.9664056, 45.0212043 ] } },
{ "type": "Feature", "properties": { "NAME": "улица Мира", "NAME_EN": null, "NAME_RU": null, "RAILWAY": null, "HIGHWAY": "bus_stop", "REF": null, "NETWORK": null, "PUBLIC_TRA": "platform", "OSM_TYPE": "node", "OSM_ID": 494326425 }, "geometry": { "type": "Point", "coordinates": [ 38.9647606, 45.0207643 ] } },
{ "type": "Feature", "properties": { "NAME": "улица Постовая", "NAME_EN": null, "NAME_RU": null, "RAILWAY": null, "HIGHWAY": "bus_stop", "REF": null, "NETWORK": null, "PUBLIC_TRA": "platform", "OSM_TYPE": "node", "OSM_ID": 494326543 }, "geometry": { "type": "Point", "coordinates": [ 38.9629009, 45.0151254 ] } },
{ "type": "Feature", "properties": { "NAME": "улица Постовая", "NAME_EN": null, "NAME_RU": null, "RAILWAY": null, "HIGHWAY": "bus_stop", "REF": null, "NETWORK": null, "PUBLIC_TRA": "platform", "OSM_TYPE": "node", "OSM_ID": 494326674 }, "geometry": { "type": "Point", "coordinates": [ 38.9629451, 45.0159398 ] } },
{ "type": "Feature", "properties": { "NAME": "Медуниверситет", "NAME_EN": null, "NAME_RU": null, "RAILWAY": null, "HIGHWAY": "bus_stop", "REF": null, "NETWORK": null, "PUBLIC_TRA": "platform", "OSM_TYPE": "node", "OSM_ID": 494327108 }, "geometry": { "type": "Point", "coordinates": [ 38.9738654, 45.0147552 ] } },
{ "type": "Feature", "properties": { "NAME": "Медуниверситет", "NAME_EN": null, "NAME_RU": null, "RAILWAY": null, "HIGHWAY": "bus_stop", "REF": null, "NETWORK": null, "PUBLIC_TRA": "platform", "OSM_TYPE": "node", "OSM_ID": 494327250 }, "geometry": { "type": "Point", "coordinates": [ 38.9743339, 45.0153308 ] } },
{ "type": "Feature", "properties": { "NAME": "улица Стасова", "NAME_EN": null, "NAME_RU": null, "RAILWAY": null, "HIGHWAY": "bus_stop", "REF": null, "NETWORK": null, "PUBLIC_TRA": "platform", "OSM_TYPE": "node", "OSM_ID": 494328383 }, "geometry": { "type": "Point", "coordinates": [ 39.0430173, 45.0161206 ] } },
{ "type": "Feature", "properties": { "NAME": "Старокубанская улица", "NAME_EN": null, "NAME_RU": null, "RAILWAY": null, "HIGHWAY": "bus_stop", "REF": null, "NETWORK": null, "PUBLIC_TRA": "platform", "OSM_TYPE": "node", "OSM_ID": 494328465 }, "geometry": { "type": "Point", "coordinates": [ 39.0458483, 45.0158064 ] } },
{ "type": "Feature", "properties": { "NAME": "улица Старокубанская", "NAME_EN": null, "NAME_RU": null, "RAILWAY": null, "HIGHWAY": "bus_stop", "REF": null, "NETWORK": null, "PUBLIC_TRA": "platform", "OSM_TYPE": "node", "OSM_ID": 494328520 }, "geometry": { "type": "Point", "coordinates": [ 39.0482239, 45.0144281 ] } },
{ "type": "Feature", "properties": { "NAME": "ТЭЦ", "NAME_EN": null, "NAME_RU": null, "RAILWAY": null, "HIGHWAY": "bus_stop", "REF": null, "NETWORK": null, "PUBLIC_TRA": "platform", "OSM_TYPE": "node", "OSM_ID": 494328616 }, "geometry": { "type": "Point", "coordinates": [ 39.0628863, 45.0137359 ] } },
{ "type": "Feature", "properties": { "NAME": "ТЭЦ", "NAME_EN": null, "NAME_RU": null, "RAILWAY": null, "HIGHWAY": "bus_stop", "REF": null, "NETWORK": null, "PUBLIC_TRA": "platform", "OSM_TYPE": "node", "OSM_ID": 494328906 }, "geometry": { "type": "Point", "coordinates": [ 39.0629379, 45.0142634 ] } },
{ "type": "Feature", "properties": { "NAME": "Первомайская улица", "NAME_EN": null, "NAME_RU": null, "RAILWAY": null, "HIGHWAY": "bus_stop", "REF": null, "NETWORK": null, "PUBLIC_TRA": "platform", "OSM_TYPE": "node", "OSM_ID": 494329761 }, "geometry": { "type": "Point", "coordinates": [ 39.06662, 45.0241872 ] } },
{ "type": "Feature", "properties": { "NAME": "Первомайская улица", "NAME_EN": null, "NAME_RU": null, "RAILWAY": null, "HIGHWAY": "bus_stop", "REF": null, "NETWORK": null, "PUBLIC_TRA": "platform", "OSM_TYPE": "node", "OSM_ID": 494329886 }, "geometry": { "type": "Point", "coordinates": [ 39.0649217, 45.0241985 ] } },
{ "type": "Feature", "properties": { "NAME": "Троллейбусное депо №2", "NAME_EN": null, "NAME_RU": null, "RAILWAY": null, "HIGHWAY": "bus_stop", "REF": null, "NETWORK": null, "PUBLIC_TRA": "platform", "OSM_TYPE": "node", "OSM_ID": 494329929 }, "geometry": { "type": "Point", "coordinates": [ 39.0554438, 45.0230654 ] } },
{ "type": "Feature", "properties": { "NAME": "улица Лизы Чайкиной", "NAME_EN": null, "NAME_RU": null, "RAILWAY": null, "HIGHWAY": "bus_stop", "REF": null, "NETWORK": null, "PUBLIC_TRA": "platform", "OSM_TYPE": "node", "OSM_ID": 494329971 }, "geometry": { "type": "Point", "coordinates": [ 39.0614767, 45.0235919 ] } },
{ "type": "Feature", "properties": { "NAME": "улица Лизы Чайкиной", "NAME_EN": null, "NAME_RU": null, "RAILWAY": null, "HIGHWAY": "bus_stop", "REF": null, "NETWORK": null, "PUBLIC_TRA": "platform", "OSM_TYPE": "node", "OSM_ID": 494329985 }, "geometry": { "type": "Point", "coordinates": [ 39.0595249, 45.0235438 ] } },
{ "type": "Feature", "properties": { "NAME": "улица Старокубанская", "NAME_EN": null, "NAME_RU": null, "RAILWAY": null, "HIGHWAY": "bus_stop", "REF": null, "NETWORK": null, "PUBLIC_TRA": "platform", "OSM_TYPE": "node", "OSM_ID": 494330148 }, "geometry": { "type": "Point", "coordinates": [ 39.0477448, 45.0162591 ] } },
{ "type": "Feature", "properties": { "NAME": "улица Селезнева (Старокубанская улица)", "NAME_EN": null, "NAME_RU": null, "RAILWAY": null, "HIGHWAY": "bus_stop", "REF": null, "NETWORK": null, "PUBLIC_TRA": "platform", "OSM_TYPE": "node", "OSM_ID": 494330175 }, "geometry": { "type": "Point", "coordinates": [ 39.0486792, 45.0181243 ] } },
{ "type": "Feature", "properties": { "NAME": "улица Ялтинская", "NAME_EN": null, "NAME_RU": null, "RAILWAY": null, "HIGHWAY": "bus_stop", "REF": "улица Ялтинская", "NETWORK": null, "PUBLIC_TRA": "platform", "OSM_TYPE": "node", "OSM_ID": 494331197 }, "geometry": { "type": "Point", "coordinates": [ 39.0298568, 45.0266497 ] } },
{ "type": "Feature", "properties": { "NAME": "улица Уральская/Торговый дом \"Лекарства Кубани\"", "NAME_EN": null, "NAME_RU": null, "RAILWAY": null, "HIGHWAY": "bus_stop", "REF": null, "NETWORK": null, "PUBLIC_TRA": "platform", "OSM_TYPE": "node", "OSM_ID": 494331302 }, "geometry": { "type": "Point", "coordinates": [ 39.0281817, 45.0313712 ] } },
{ "type": "Feature", "properties": { "NAME": "улица Уральская/Торговый дом \"Лекарства Кубани\"", "NAME_EN": null, "NAME_RU": null, "RAILWAY": null, "HIGHWAY": "bus_stop", "REF": null, "NETWORK": null, "PUBLIC_TRA": "platform", "OSM_TYPE": "node", "OSM_ID": 494331419 }, "geometry": { "type": "Point", "coordinates": [ 39.0279801, 45.0302799 ] } },
{ "type": "Feature", "properties": { "NAME": "улица Филатова", "NAME_EN": null, "NAME_RU": null, "RAILWAY": null, "HIGHWAY": "bus_stop", "REF": null, "NETWORK": null, "PUBLIC_TRA": "platform", "OSM_TYPE": "node", "OSM_ID": 494331494 }, "geometry": { "type": "Point", "coordinates": [ 39.0163135, 45.0345246 ] } },
{ "type": "Feature", "properties": { "NAME": "улица Филатова", "NAME_EN": null, "NAME_RU": null, "RAILWAY": null, "HIGHWAY": "bus_stop", "REF": null, "NETWORK": null, "PUBLIC_TRA": "platform", "OSM_TYPE": "node", "OSM_ID": 494331504 }, "geometry": { "type": "Point", "coordinates": [ 39.0184682, 45.0342717 ] } },
{ "type": "Feature", "properties": { "NAME": "улица Ломоносова", "NAME_EN": null, "NAME_RU": null, "RAILWAY": null, "HIGHWAY": "bus_stop", "REF": null, "NETWORK": null, "PUBLIC_TRA": "platform", "OSM_TYPE": "node", "OSM_ID": 494331675 }, "geometry": { "type": "Point", "coordinates": [ 39.0025199, 45.0358173 ] } },
{ "type": "Feature", "properties": { "NAME": "улица Ломоносова", "NAME_EN": null, "NAME_RU": null, "RAILWAY": null, "HIGHWAY": "bus_stop", "REF": null, "NETWORK": null, "PUBLIC_TRA": "platform", "OSM_TYPE": "node", "OSM_ID": 494331723 }, "geometry": { "type": "Point", "coordinates": [ 39.001916, 45.0362469 ] } },
{ "type": "Feature", "properties": { "NAME": "улица Коммунаров", "NAME_EN": null, "NAME_RU": null, "RAILWAY": null, "HIGHWAY": "bus_stop", "REF": null, "NETWORK": null, "PUBLIC_TRA": "platform", "OSM_TYPE": "node", "OSM_ID": 494332225 }, "geometry": { "type": "Point", "coordinates": [ 38.9804999, 45.0395818 ] } },
{ "type": "Feature", "properties": { "NAME": "улица Коммунаров", "NAME_EN": null, "NAME_RU": null, "RAILWAY": null, "HIGHWAY": "bus_stop", "REF": null, "NETWORK": null, "PUBLIC_TRA": "platform", "OSM_TYPE": "node", "OSM_ID": 494332315 }, "geometry": { "type": "Point", "coordinates": [ 38.979586, 45.0394917 ] } },
{ "type": "Feature", "properties": { "NAME": "Центральный вход парка \"Солнечный остров\"", "NAME_EN": null, "NAME_RU": null, "RAILWAY": null, "HIGHWAY": "bus_stop", "REF": null, "NETWORK": null, "PUBLIC_TRA": "platform", "OSM_TYPE": "node", "OSM_ID": 494932661 }, "geometry": { "type": "Point", "coordinates": [ 39.0531928, 45.0125674 ] } },
{ "type": "Feature", "properties": { "NAME": "Яна-Полуяна", "NAME_EN": null, "NAME_RU": null, "RAILWAY": null, "HIGHWAY": "bus_stop", "REF": null, "NETWORK": null, "PUBLIC_TRA": "platform", "OSM_TYPE": "node", "OSM_ID": 498360027 }, "geometry": { "type": "Point", "coordinates": [ 38.9616482, 45.0646215 ] } },
{ "type": "Feature", "properties": { "NAME": "Гагарина/Тургенева", "NAME_EN": null, "NAME_RU": null, "RAILWAY": null, "HIGHWAY": "bus_stop", "REF": null, "NETWORK": null, "PUBLIC_TRA": "platform", "OSM_TYPE": "node", "OSM_ID": 498447451 }, "geometry": { "type": "Point", "coordinates": [ 38.9585698, 45.0528916 ] } },
{ "type": "Feature", "properties": { "NAME": "Железнодорожный вокзал \"Краснодар-1\"", "NAME_EN": null, "NAME_RU": null, "RAILWAY": null, "HIGHWAY": "bus_stop", "REF": null, "NETWORK": null, "PUBLIC_TRA": "platform", "OSM_TYPE": "node", "OSM_ID": 507572594 }, "geometry": { "type": "Point", "coordinates": [ 38.9871372, 45.0184606 ] } },
{ "type": "Feature", "properties": { "NAME": "Переезд", "NAME_EN": null, "NAME_RU": null, "RAILWAY": null, "HIGHWAY": "bus_stop", "REF": null, "NETWORK": null, "PUBLIC_TRA": "platform", "OSM_TYPE": "node", "OSM_ID": 508500876 }, "geometry": { "type": "Point", "coordinates": [ 38.9970972, 45.1289332 ] } },
{ "type": "Feature", "properties": { "NAME": "3-я Линия", "NAME_EN": null, "NAME_RU": null, "RAILWAY": null, "HIGHWAY": "bus_stop", "REF": null, "NETWORK": null, "PUBLIC_TRA": "platform", "OSM_TYPE": "node", "OSM_ID": 510589361 }, "geometry": { "type": "Point", "coordinates": [ 38.9320171, 45.0554646 ] } },
{ "type": "Feature", "properties": { "NAME": "улица 3-я Линия", "NAME_EN": null, "NAME_RU": null, "RAILWAY": null, "HIGHWAY": "bus_stop", "REF": null, "NETWORK": null, "PUBLIC_TRA": "platform", "OSM_TYPE": "node", "OSM_ID": 510589408 }, "geometry": { "type": "Point", "coordinates": [ 38.9307844, 45.0564697 ] } },
{ "type": "Feature", "properties": { "NAME": "Детская инфекционная больница", "NAME_EN": null, "NAME_RU": null, "RAILWAY": null, "HIGHWAY": "bus_stop", "REF": null, "NETWORK": null, "PUBLIC_TRA": "platform", "OSM_TYPE": "node", "OSM_ID": 510589508 }, "geometry": { "type": "Point", "coordinates": [ 38.9265541, 45.0585296 ] } },
{ "type": "Feature", "properties": { "NAME": "Микрохирургия глаза", "NAME_EN": null, "NAME_RU": null, "RAILWAY": null, "HIGHWAY": "bus_stop", "REF": null, "NETWORK": null, "PUBLIC_TRA": "platform", "OSM_TYPE": "node", "OSM_ID": 510589578 }, "geometry": { "type": "Point", "coordinates": [ 38.9217203, 45.0612162 ] } },
{ "type": "Feature", "properties": { "NAME": "Медицинский центр", "NAME_EN": null, "NAME_RU": null, "RAILWAY": null, "HIGHWAY": "bus_stop", "REF": null, "NETWORK": null, "PUBLIC_TRA": "stop_position", "OSM_TYPE": "node", "OSM_ID": 510589703 }, "geometry": { "type": "Point", "coordinates": [ 38.9249471, 45.0595366 ] } },
{ "type": "Feature", "properties": { "NAME": "Медицинский центр", "NAME_EN": null, "NAME_RU": null, "RAILWAY": null, "HIGHWAY": "bus_stop", "REF": null, "NETWORK": null, "PUBLIC_TRA": "platform", "OSM_TYPE": "node", "OSM_ID": 510589713 }, "geometry": { "type": "Point", "coordinates": [ 38.9247828, 45.0598982 ] } },
{ "type": "Feature", "properties": { "NAME": "Школа №45", "NAME_EN": null, "NAME_RU": null, "RAILWAY": null, "HIGHWAY": "bus_stop", "REF": null, "NETWORK": null, "PUBLIC_TRA": "platform", "OSM_TYPE": "node", "OSM_ID": 510590061 }, "geometry": { "type": "Point", "coordinates": [ 38.9325991, 45.0515806 ] } },
{ "type": "Feature", "properties": { "NAME": "Школа №45", "NAME_EN": null, "NAME_RU": null, "RAILWAY": null, "HIGHWAY": "bus_stop", "REF": null, "NETWORK": null, "PUBLIC_TRA": "platform", "OSM_TYPE": "node", "OSM_ID": 510590139 }, "geometry": { "type": "Point", "coordinates": [ 38.9321728, 45.051075 ] } },
{ "type": "Feature", "properties": { "NAME": "улица Академика Трубилина", "NAME_EN": null, "NAME_RU": null, "RAILWAY": null, "HIGHWAY": "bus_stop", "REF": null, "NETWORK": null, "PUBLIC_TRA": "platform", "OSM_TYPE": "node", "OSM_ID": 510590142 }, "geometry": { "type": "Point", "coordinates": [ 38.9315663, 45.0472434 ] } },
{ "type": "Feature", "properties": { "NAME": "улица Академика Трубилина", "NAME_EN": null, "NAME_RU": null, "RAILWAY": null, "HIGHWAY": "bus_stop", "REF": null, "NETWORK": null, "PUBLIC_TRA": "platform", "OSM_TYPE": "node", "OSM_ID": 510590171 }, "geometry": { "type": "Point", "coordinates": [ 38.9316017, 45.04705 ] } },
{ "type": "Feature", "properties": { "NAME": "улица им. Каляева", "NAME_EN": null, "NAME_RU": null, "RAILWAY": null, "HIGHWAY": "bus_stop", "REF": null, "NETWORK": null, "PUBLIC_TRA": "platform", "OSM_TYPE": "node", "OSM_ID": 510590332 }, "geometry": { "type": "Point", "coordinates": [ 38.9371685, 45.0463544 ] } },
{ "type": "Feature", "properties": { "NAME": "улица им. Каляева", "NAME_EN": null, "NAME_RU": null, "RAILWAY": null, "HIGHWAY": "bus_stop", "REF": null, "NETWORK": null, "PUBLIC_TRA": "platform", "OSM_TYPE": "node", "OSM_ID": 510590380 }, "geometry": { "type": "Point", "coordinates": [ 38.9378585, 45.0461167 ] } },
{ "type": "Feature", "properties": { "NAME": "Московская", "NAME_EN": null, "NAME_RU": null, "RAILWAY": null, "HIGHWAY": "bus_stop", "REF": null, "NETWORK": null, "PUBLIC_TRA": "stop_position", "OSM_TYPE": "node", "OSM_ID": 512049951 }, "geometry": { "type": "Point", "coordinates": [ 39.0026749, 45.0558091 ] } },
{ "type": "Feature", "properties": { "NAME": "Чистяковская Роща", "NAME_EN": null, "NAME_RU": null, "RAILWAY": null, "HIGHWAY": "bus_stop", "REF": null, "NETWORK": null, "PUBLIC_TRA": "stop_position", "OSM_TYPE": "node", "OSM_ID": 512051073 }, "geometry": { "type": "Point", "coordinates": [ 38.9893228, 45.0580758 ] } },
{ "type": "Feature", "properties": { "NAME": "Московская улица", "NAME_EN": null, "NAME_RU": null, "RAILWAY": null, "HIGHWAY": "bus_stop", "REF": null, "NETWORK": null, "PUBLIC_TRA": "platform", "OSM_TYPE": "node", "OSM_ID": 512085021 }, "geometry": { "type": "Point", "coordinates": [ 39.0036242, 45.0549819 ] } },
{ "type": "Feature", "properties": { "NAME": "Индустриальная улица", "NAME_EN": null, "NAME_RU": null, "RAILWAY": "tram_stop", "HIGHWAY": null, "REF": null, "NETWORK": null, "PUBLIC_TRA": "stop_position", "OSM_TYPE": "node", "OSM_ID": 527253318 }, "geometry": { "type": "Point", "coordinates": [ 38.9626686, 45.0000229 ] } },
{ "type": "Feature", "properties": { "NAME": "Монтажников/Олимпийская", "NAME_EN": null, "NAME_RU": null, "RAILWAY": null, "HIGHWAY": "bus_stop", "REF": null, "NETWORK": null, "PUBLIC_TRA": "platform", "OSM_TYPE": "node", "OSM_ID": 546412719 }, "geometry": { "type": "Point", "coordinates": [ 38.9607557, 45.0569907 ] } },
{ "type": "Feature", "properties": { "NAME": "улица Атарбекова", "NAME_EN": null, "NAME_RU": null, "RAILWAY": null, "HIGHWAY": "bus_stop", "REF": null, "NETWORK": null, "PUBLIC_TRA": "platform", "OSM_TYPE": "node", "OSM_ID": 550393940 }, "geometry": { "type": "Point", "coordinates": [ 38.9460419, 45.0586115 ] } },
{ "type": "Feature", "properties": { "NAME": "Герцена/Гагарина", "NAME_EN": null, "NAME_RU": null, "RAILWAY": null, "HIGHWAY": "bus_stop", "REF": null, "NETWORK": null, "PUBLIC_TRA": "platform", "OSM_TYPE": "node", "OSM_ID": 566375982 }, "geometry": { "type": "Point", "coordinates": [ 38.9453803, 45.0548764 ] } },
{ "type": "Feature", "properties": { "NAME": "Энгельса", "NAME_EN": null, "NAME_RU": null, "RAILWAY": null, "HIGHWAY": "bus_stop", "REF": null, "NETWORK": null, "PUBLIC_TRA": "platform", "OSM_TYPE": "node", "OSM_ID": 566375999 }, "geometry": { "type": "Point", "coordinates": [ 38.9495752, 45.0541967 ] } },
{ "type": "Feature", "properties": { "NAME": "Калинина", "NAME_EN": null, "NAME_RU": null, "RAILWAY": null, "HIGHWAY": "bus_stop", "REF": null, "NETWORK": null, "PUBLIC_TRA": "platform", "OSM_TYPE": "node", "OSM_ID": 566474462 }, "geometry": { "type": "Point", "coordinates": [ 38.9559238, 45.0404914 ] } },
{ "type": "Feature", "properties": { "NAME": "Калинина", "NAME_EN": null, "NAME_RU": null, "RAILWAY": null, "HIGHWAY": "bus_stop", "REF": null, "NETWORK": null, "PUBLIC_TRA": "platform", "OSM_TYPE": "node", "OSM_ID": 566474463 }, "geometry": { "type": "Point", "coordinates": [ 38.955674, 45.0405322 ] } },
{ "type": "Feature", "properties": { "NAME": "Школа №46", "NAME_EN": null, "NAME_RU": null, "RAILWAY": null, "HIGHWAY": "bus_stop", "REF": null, "NETWORK": null, "PUBLIC_TRA": "platform", "OSM_TYPE": "node", "OSM_ID": 583204557 }, "geometry": { "type": "Point", "coordinates": [ 39.0736281, 45.0025758 ] } },
{ "type": "Feature", "properties": { "NAME": "Детский сад", "NAME_EN": null, "NAME_RU": null, "RAILWAY": null, "HIGHWAY": "bus_stop", "REF": null, "NETWORK": null, "PUBLIC_TRA": "platform", "OSM_TYPE": "node", "OSM_ID": 583204558 }, "geometry": { "type": "Point", "coordinates": [ 39.0765788, 45.0028325 ] } },
{ "type": "Feature", "properties": { "NAME": "улица Минская", "NAME_EN": null, "NAME_RU": null, "RAILWAY": "tram_stop", "HIGHWAY": null, "REF": null, "NETWORK": null, "PUBLIC_TRA": "stop_position", "OSM_TYPE": "node", "OSM_ID": 583240123 }, "geometry": { "type": "Point", "coordinates": [ 38.934204, 45.0396458 ] } },
{ "type": "Feature", "properties": { "NAME": "Проспект Чекистов", "NAME_EN": null, "NAME_RU": null, "RAILWAY": null, "HIGHWAY": "bus_stop", "REF": null, "NETWORK": null, "PUBLIC_TRA": null, "OSM_TYPE": "node", "OSM_ID": 583400274 }, "geometry": { "type": "Point", "coordinates": [ 38.9166126, 45.0326869 ] } },
{ "type": "Feature", "properties": { "NAME": "Бальнеолечебница", "NAME_EN": null, "NAME_RU": null, "RAILWAY": null, "HIGHWAY": "bus_stop", "REF": null, "NETWORK": null, "PUBLIC_TRA": "platform", "OSM_TYPE": "node", "OSM_ID": 585162734 }, "geometry": { "type": "Point", "coordinates": [ 38.9455317, 45.0589408 ] } },
{ "type": "Feature", "properties": { "NAME": "Библиотека им. Толстого", "NAME_EN": null, "NAME_RU": null, "RAILWAY": null, "HIGHWAY": "bus_stop", "REF": null, "NETWORK": null, "PUBLIC_TRA": "platform", "OSM_TYPE": "node", "OSM_ID": 585162948 }, "geometry": { "type": "Point", "coordinates": [ 38.9628176, 45.0650518 ] } },
{ "type": "Feature", "properties": { "NAME": "улица Северная", "NAME_EN": null, "NAME_RU": null, "RAILWAY": null, "HIGHWAY": "bus_stop", "REF": null, "NETWORK": null, "PUBLIC_TRA": "platform", "OSM_TYPE": "node", "OSM_ID": 585164446 }, "geometry": { "type": "Point", "coordinates": [ 38.956398, 45.0428813 ] } },
{ "type": "Feature", "properties": { "NAME": "Рынок (Сормовская улица)", "NAME_EN": null, "NAME_RU": null, "RAILWAY": null, "HIGHWAY": "bus_stop", "REF": null, "NETWORK": null, "PUBLIC_TRA": "platform", "OSM_TYPE": "node", "OSM_ID": 588183526 }, "geometry": { "type": "Point", "coordinates": [ 39.0950828, 45.0326337 ] } },
{ "type": "Feature", "properties": { "NAME": "Аэропорт", "NAME_EN": "Airport", "NAME_RU": null, "RAILWAY": null, "HIGHWAY": "bus_stop", "REF": null, "NETWORK": null, "PUBLIC_TRA": "platform", "OSM_TYPE": "node", "OSM_ID": 596055539 }, "geometry": { "type": "Point", "coordinates": [ 39.1386555, 45.0343417 ] } },
{ "type": "Feature", "properties": { "NAME": "Аэропорт", "NAME_EN": null, "NAME_RU": null, "RAILWAY": null, "HIGHWAY": "bus_stop", "REF": null, "NETWORK": null, "PUBLIC_TRA": "platform", "OSM_TYPE": "node", "OSM_ID": 596055546 }, "geometry": { "type": "Point", "coordinates": [ 39.1379981, 45.0345459 ] } },
{ "type": "Feature", "properties": { "NAME": "Санэпидемстанция", "NAME_EN": null, "NAME_RU": null, "RAILWAY": null, "HIGHWAY": "bus_stop", "REF": null, "NETWORK": null, "PUBLIC_TRA": "platform", "OSM_TYPE": "node", "OSM_ID": 600382742 }, "geometry": { "type": "Point", "coordinates": [ 38.9646084, 45.066526 ] } },
{ "type": "Feature", "properties": { "NAME": "Санэпидемстанция", "NAME_EN": null, "NAME_RU": null, "RAILWAY": null, "HIGHWAY": "bus_stop", "REF": null, "NETWORK": null, "PUBLIC_TRA": "platform", "OSM_TYPE": "node", "OSM_ID": 600382743 }, "geometry": { "type": "Point", "coordinates": [ 38.9649152, 45.0673965 ] } },
{ "type": "Feature", "properties": { "NAME": "улица Севастопольская", "NAME_EN": null, "NAME_RU": null, "RAILWAY": null, "HIGHWAY": "bus_stop", "REF": null, "NETWORK": null, "PUBLIC_TRA": "platform", "OSM_TYPE": "node", "OSM_ID": 600403484 }, "geometry": { "type": "Point", "coordinates": [ 38.9615299, 45.0425686 ] } },
{ "type": "Feature", "properties": { "NAME": "улица Юннатов", "NAME_EN": null, "NAME_RU": null, "RAILWAY": null, "HIGHWAY": "bus_stop", "REF": null, "NETWORK": null, "PUBLIC_TRA": "platform", "OSM_TYPE": "node", "OSM_ID": 610476655 }, "geometry": { "type": "Point", "coordinates": [ 38.9939891, 45.054767 ] } },
{ "type": "Feature", "properties": { "NAME": "Московская улица", "NAME_EN": null, "NAME_RU": null, "RAILWAY": null, "HIGHWAY": "bus_stop", "REF": null, "NETWORK": null, "PUBLIC_TRA": "platform", "OSM_TYPE": "node", "OSM_ID": 610476656 }, "geometry": { "type": "Point", "coordinates": [ 39.0011055, 45.055149 ] } },
{ "type": "Feature", "properties": { "NAME": "Университет культуры", "NAME_EN": null, "NAME_RU": null, "RAILWAY": null, "HIGHWAY": "bus_stop", "REF": null, "NETWORK": null, "PUBLIC_TRA": "platform", "OSM_TYPE": "node", "OSM_ID": 610476658 }, "geometry": { "type": "Point", "coordinates": [ 39.0095045, 45.0555945 ] } },
{ "type": "Feature", "properties": { "NAME": "Российская улица (ул. 40 лет Победы)", "NAME_EN": null, "NAME_RU": null, "RAILWAY": null, "HIGHWAY": "bus_stop", "REF": null, "NETWORK": null, "PUBLIC_TRA": "platform", "OSM_TYPE": "node", "OSM_ID": 610476659 }, "geometry": { "type": "Point", "coordinates": [ 39.0158634, 45.0558498 ] } },
{ "type": "Feature", "properties": { "NAME": "40 лет Победы", "NAME_EN": null, "NAME_RU": null, "RAILWAY": null, "HIGHWAY": "bus_stop", "REF": null, "NETWORK": null, "PUBLIC_TRA": "platform", "OSM_TYPE": "node", "OSM_ID": 610476660 }, "geometry": { "type": "Point", "coordinates": [ 39.0207012, 45.0555369 ] } },
{ "type": "Feature", "properties": { "NAME": "1 Мая улица", "NAME_EN": null, "NAME_RU": null, "RAILWAY": null, "HIGHWAY": "bus_stop", "REF": null, "NETWORK": null, "PUBLIC_TRA": "platform", "OSM_TYPE": "node", "OSM_ID": 610476662 }, "geometry": { "type": "Point", "coordinates": [ 39.0225095, 45.0556472 ] } },
{ "type": "Feature", "properties": { "NAME": "Черкасская", "NAME_EN": null, "NAME_RU": null, "RAILWAY": null, "HIGHWAY": "bus_stop", "REF": null, "NETWORK": null, "PUBLIC_TRA": "platform", "OSM_TYPE": "node", "OSM_ID": 610476663 }, "geometry": { "type": "Point", "coordinates": [ 39.0226201, 45.0654721 ] } },
{ "type": "Feature", "properties": { "NAME": "Восточно-Кругликовская (ул. Черкасская)", "NAME_EN": null, "NAME_RU": null, "RAILWAY": null, "HIGHWAY": "bus_stop", "REF": null, "NETWORK": null, "PUBLIC_TRA": "platform", "OSM_TYPE": "node", "OSM_ID": 610476664 }, "geometry": { "type": "Point", "coordinates": [ 39.0245536, 45.0653957 ] } },
{ "type": "Feature", "properties": { "NAME": "ВНИИМК", "NAME_EN": null, "NAME_RU": null, "RAILWAY": null, "HIGHWAY": "bus_stop", "REF": null, "NETWORK": null, "PUBLIC_TRA": "platform", "OSM_TYPE": "node", "OSM_ID": 617022546 }, "geometry": { "type": "Point", "coordinates": [ 39.0138973, 45.0344268 ] } },
{ "type": "Feature", "properties": { "NAME": "улица Суворова", "NAME_EN": null, "NAME_RU": null, "RAILWAY": null, "HIGHWAY": "bus_stop", "REF": null, "NETWORK": null, "PUBLIC_TRA": "platform", "OSM_TYPE": "node", "OSM_ID": 633654514 }, "geometry": { "type": "Point", "coordinates": [ 38.979109, 45.0192804 ] } },
{ "type": "Feature", "properties": { "NAME": null, "NAME_EN": null, "NAME_RU": null, "RAILWAY": null, "HIGHWAY": "bus_stop", "REF": null, "NETWORK": null, "PUBLIC_TRA": null, "OSM_TYPE": "node", "OSM_ID": 634063765 }, "geometry": { "type": "Point", "coordinates": [ 38.9982281, 45.1373937 ] } },
{ "type": "Feature", "properties": { "NAME": "9 Тихая", "NAME_EN": null, "NAME_RU": null, "RAILWAY": null, "HIGHWAY": "bus_stop", "REF": null, "NETWORK": null, "PUBLIC_TRA": "platform", "OSM_TYPE": "node", "OSM_ID": 634070017 }, "geometry": { "type": "Point", "coordinates": [ 38.9988271, 45.1363932 ] } },
{ "type": "Feature", "properties": { "NAME": null, "NAME_EN": null, "NAME_RU": null, "RAILWAY": null, "HIGHWAY": "bus_stop", "REF": null, "NETWORK": null, "PUBLIC_TRA": "platform", "OSM_TYPE": "node", "OSM_ID": 652406930 }, "geometry": { "type": "Point", "coordinates": [ 38.985989, 45.0543295 ] } },
{ "type": "Feature", "properties": { "NAME": "Школа", "NAME_EN": null, "NAME_RU": null, "RAILWAY": null, "HIGHWAY": "bus_stop", "REF": null, "NETWORK": null, "PUBLIC_TRA": "platform", "OSM_TYPE": "node", "OSM_ID": 653325717 }, "geometry": { "type": "Point", "coordinates": [ 38.9605841, 45.0133322 ] } },
{ "type": "Feature", "properties": { "NAME": "Автовокзал \"Южный\"", "NAME_EN": null, "NAME_RU": null, "RAILWAY": null, "HIGHWAY": "bus_stop", "REF": null, "NETWORK": null, "PUBLIC_TRA": "platform", "OSM_TYPE": "node", "OSM_ID": 653325719 }, "geometry": { "type": "Point", "coordinates": [ 38.9597799, 44.9976505 ] } },
{ "type": "Feature", "properties": { "NAME": "Горгаз", "NAME_EN": null, "NAME_RU": null, "RAILWAY": null, "HIGHWAY": "bus_stop", "REF": null, "NETWORK": null, "PUBLIC_TRA": "platform", "OSM_TYPE": "node", "OSM_ID": 653325735 }, "geometry": { "type": "Point", "coordinates": [ 38.9602677, 45.0102711 ] } },
{ "type": "Feature", "properties": { "NAME": "Горгаз", "NAME_EN": null, "NAME_RU": null, "RAILWAY": null, "HIGHWAY": "bus_stop", "REF": null, "NETWORK": null, "PUBLIC_TRA": "platform", "OSM_TYPE": "node", "OSM_ID": 653325744 }, "geometry": { "type": "Point", "coordinates": [ 38.9599432, 45.0107127 ] } },
{ "type": "Feature", "properties": { "NAME": "Парк 30-летия Победы", "NAME_EN": null, "NAME_RU": null, "RAILWAY": null, "HIGHWAY": "bus_stop", "REF": null, "NETWORK": null, "PUBLIC_TRA": "platform", "OSM_TYPE": "node", "OSM_ID": 653325747 }, "geometry": { "type": "Point", "coordinates": [ 38.9580284, 45.0134494 ] } },
{ "type": "Feature", "properties": { "NAME": "Школа", "NAME_EN": null, "NAME_RU": null, "RAILWAY": null, "HIGHWAY": "bus_stop", "REF": null, "NETWORK": null, "PUBLIC_TRA": "platform", "OSM_TYPE": "node", "OSM_ID": 653325750 }, "geometry": { "type": "Point", "coordinates": [ 38.960625, 45.0135122 ] } },
{ "type": "Feature", "properties": { "NAME": "Промышленная", "NAME_EN": null, "NAME_RU": null, "RAILWAY": null, "HIGHWAY": "bus_stop", "REF": null, "NETWORK": null, "PUBLIC_TRA": "stop_position", "OSM_TYPE": "node", "OSM_ID": 653331632 }, "geometry": { "type": "Point", "coordinates": [ 38.9941446, 45.0393631 ] } },
{ "type": "Feature", "properties": { "NAME": "Екатерининский зал", "NAME_EN": null, "NAME_RU": null, "RAILWAY": null, "HIGHWAY": "bus_stop", "REF": null, "NETWORK": null, "PUBLIC_TRA": "platform", "OSM_TYPE": "node", "OSM_ID": 653340062 }, "geometry": { "type": "Point", "coordinates": [ 38.9880484, 45.0593878 ] } },
{ "type": "Feature", "properties": { "NAME": "Екатерининский зал", "NAME_EN": null, "NAME_RU": null, "RAILWAY": null, "HIGHWAY": "bus_stop", "REF": null, "NETWORK": null, "PUBLIC_TRA": "platform", "OSM_TYPE": "node", "OSM_ID": 653340065 }, "geometry": { "type": "Point", "coordinates": [ 38.9888203, 45.0596398 ] } },
{ "type": "Feature", "properties": { "NAME": "ДК ЗИП", "NAME_EN": null, "NAME_RU": null, "RAILWAY": null, "HIGHWAY": "bus_stop", "REF": null, "NETWORK": null, "PUBLIC_TRA": "platform", "OSM_TYPE": "node", "OSM_ID": 653340071 }, "geometry": { "type": "Point", "coordinates": [ 38.9860115, 45.0605853 ] } },
{ "type": "Feature", "properties": { "NAME": "улица Краевая", "NAME_EN": null, "NAME_RU": null, "RAILWAY": null, "HIGHWAY": "bus_stop", "REF": null, "NETWORK": null, "PUBLIC_TRA": "platform", "OSM_TYPE": "node", "OSM_ID": 654792965 }, "geometry": { "type": "Point", "coordinates": [ 39.0742195, 45.0126567 ] } },
{ "type": "Feature", "properties": { "NAME": "поселок Кирпичного завода", "NAME_EN": null, "NAME_RU": null, "RAILWAY": null, "HIGHWAY": "bus_stop", "REF": null, "NETWORK": null, "PUBLIC_TRA": "platform", "OSM_TYPE": "node", "OSM_ID": 656666825 }, "geometry": { "type": "Point", "coordinates": [ 38.8543459, 45.0542375 ] } },
{ "type": "Feature", "properties": { "NAME": "1-е отделение учхоз \"Кубань\"", "NAME_EN": null, "NAME_RU": null, "RAILWAY": null, "HIGHWAY": "bus_stop", "REF": null, "NETWORK": null, "PUBLIC_TRA": "platform", "OSM_TYPE": "node", "OSM_ID": 662288623 }, "geometry": { "type": "Point", "coordinates": [ 38.8843623, 45.0566638 ] } },
{ "type": "Feature", "properties": { "NAME": "2-е отделения совхоза «Солнечный»", "NAME_EN": null, "NAME_RU": null, "RAILWAY": null, "HIGHWAY": "bus_stop", "REF": null, "NETWORK": null, "PUBLIC_TRA": "platform", "OSM_TYPE": "node", "OSM_ID": 662289561 }, "geometry": { "type": "Point", "coordinates": [ 38.902882, 45.0880631 ] } },
{ "type": "Feature", "properties": { "NAME": "2-е отделения совхоза «Солнечный»", "NAME_EN": null, "NAME_RU": null, "RAILWAY": null, "HIGHWAY": "bus_stop", "REF": null, "NETWORK": null, "PUBLIC_TRA": "platform", "OSM_TYPE": "node", "OSM_ID": 662289562 }, "geometry": { "type": "Point", "coordinates": [ 38.9044631, 45.089208 ] } },
{ "type": "Feature", "properties": { "NAME": "Западный обход", "NAME_EN": null, "NAME_RU": null, "RAILWAY": null, "HIGHWAY": "bus_stop", "REF": null, "NETWORK": null, "PUBLIC_TRA": "platform", "OSM_TYPE": "node", "OSM_ID": 662535198 }, "geometry": { "type": "Point", "coordinates": [ 38.9230155, 45.1109513 ] } },
{ "type": "Feature", "properties": { "NAME": "Западный обход", "NAME_EN": null, "NAME_RU": null, "RAILWAY": null, "HIGHWAY": "bus_stop", "REF": null, "NETWORK": null, "PUBLIC_TRA": "platform", "OSM_TYPE": "node", "OSM_ID": 662535202 }, "geometry": { "type": "Point", "coordinates": [ 38.9236346, 45.111145 ] } },
{ "type": "Feature", "properties": { "NAME": null, "NAME_EN": null, "NAME_RU": null, "RAILWAY": null, "HIGHWAY": "bus_stop", "REF": null, "NETWORK": null, "PUBLIC_TRA": null, "OSM_TYPE": "node", "OSM_ID": 662547440 }, "geometry": { "type": "Point", "coordinates": [ 38.9851634, 45.1132736 ] } },
{ "type": "Feature", "properties": { "NAME": "Школа искусств", "NAME_EN": null, "NAME_RU": null, "RAILWAY": null, "HIGHWAY": "bus_stop", "REF": null, "NETWORK": null, "PUBLIC_TRA": "platform", "OSM_TYPE": "node", "OSM_ID": 663599688 }, "geometry": { "type": "Point", "coordinates": [ 38.9176708, 45.039078 ] } },
{ "type": "Feature", "properties": { "NAME": "Школа №60", "NAME_EN": null, "NAME_RU": null, "RAILWAY": null, "HIGHWAY": "bus_stop", "REF": null, "NETWORK": null, "PUBLIC_TRA": "platform", "OSM_TYPE": "node", "OSM_ID": 667077068 }, "geometry": { "type": "Point", "coordinates": [ 39.1130613, 45.0242944 ] } },
{ "type": "Feature", "properties": { "NAME": "Школа №60", "NAME_EN": null, "NAME_RU": null, "RAILWAY": null, "HIGHWAY": "bus_stop", "REF": null, "NETWORK": null, "PUBLIC_TRA": "platform", "OSM_TYPE": "node", "OSM_ID": 667077070 }, "geometry": { "type": "Point", "coordinates": [ 39.1127908, 45.0243493 ] } },
{ "type": "Feature", "properties": { "NAME": "улица 1 Мая", "NAME_EN": null, "NAME_RU": null, "RAILWAY": null, "HIGHWAY": "bus_stop", "REF": null, "NETWORK": null, "PUBLIC_TRA": "platform", "OSM_TYPE": "node", "OSM_ID": 667079629 }, "geometry": { "type": "Point", "coordinates": [ 39.1215743, 45.0287143 ] } },
{ "type": "Feature", "properties": { "NAME": "улица 1 Мая", "NAME_EN": null, "NAME_RU": null, "RAILWAY": null, "HIGHWAY": "bus_stop", "REF": null, "NETWORK": null, "PUBLIC_TRA": "platform", "OSM_TYPE": "node", "OSM_ID": 667079632 }, "geometry": { "type": "Point", "coordinates": [ 39.1238659, 45.0292483 ] } },
{ "type": "Feature", "properties": { "NAME": "8 марта", "NAME_EN": null, "NAME_RU": null, "RAILWAY": null, "HIGHWAY": "bus_stop", "REF": null, "NETWORK": null, "PUBLIC_TRA": "platform", "OSM_TYPE": "node", "OSM_ID": 667081525 }, "geometry": { "type": "Point", "coordinates": [ 39.1182599, 45.0268542 ] } },
{ "type": "Feature", "properties": { "NAME": "8 марта", "NAME_EN": null, "NAME_RU": null, "RAILWAY": null, "HIGHWAY": "bus_stop", "REF": null, "NETWORK": null, "PUBLIC_TRA": "platform", "OSM_TYPE": "node", "OSM_ID": 667081529 }, "geometry": { "type": "Point", "coordinates": [ 39.1169757, 45.0264218 ] } },
{ "type": "Feature", "properties": { "NAME": "Хлебозавод", "NAME_EN": null, "NAME_RU": null, "RAILWAY": null, "HIGHWAY": "bus_stop", "REF": null, "NETWORK": null, "PUBLIC_TRA": "platform", "OSM_TYPE": "node", "OSM_ID": 667086852 }, "geometry": { "type": "Point", "coordinates": [ 39.0955402, 45.0165408 ] } },
{ "type": "Feature", "properties": { "NAME": "улица Гоголя", "NAME_EN": null, "NAME_RU": null, "RAILWAY": null, "HIGHWAY": "bus_stop", "REF": null, "NETWORK": null, "PUBLIC_TRA": "platform", "OSM_TYPE": "node", "OSM_ID": 667086858 }, "geometry": { "type": "Point", "coordinates": [ 39.0997271, 45.0181945 ] } },
{ "type": "Feature", "properties": { "NAME": "Демченко", "NAME_EN": null, "NAME_RU": null, "RAILWAY": null, "HIGHWAY": "bus_stop", "REF": null, "NETWORK": null, "PUBLIC_TRA": "platform", "OSM_TYPE": "node", "OSM_ID": 667086862 }, "geometry": { "type": "Point", "coordinates": [ 39.1042111, 45.0197857 ] } },
{ "type": "Feature", "properties": { "NAME": "Демченко", "NAME_EN": null, "NAME_RU": null, "RAILWAY": null, "HIGHWAY": "bus_stop", "REF": null, "NETWORK": null, "PUBLIC_TRA": "platform", "OSM_TYPE": "node", "OSM_ID": 667086866 }, "geometry": { "type": "Point", "coordinates": [ 39.1031452, 45.0194482 ] } },
{ "type": "Feature", "properties": { "NAME": "Криничная", "NAME_EN": null, "NAME_RU": null, "RAILWAY": null, "HIGHWAY": "bus_stop", "REF": null, "NETWORK": null, "PUBLIC_TRA": "platform", "OSM_TYPE": "node", "OSM_ID": 667086871 }, "geometry": { "type": "Point", "coordinates": [ 39.108268, 45.0216306 ] } },
{ "type": "Feature", "properties": { "NAME": "Криничная", "NAME_EN": null, "NAME_RU": null, "RAILWAY": null, "HIGHWAY": "bus_stop", "REF": null, "NETWORK": null, "PUBLIC_TRA": "platform", "OSM_TYPE": "node", "OSM_ID": 667086874 }, "geometry": { "type": "Point", "coordinates": [ 39.1079628, 45.0216346 ] } },
{ "type": "Feature", "properties": { "NAME": "улица Дзержинского", "NAME_EN": null, "NAME_RU": null, "RAILWAY": null, "HIGHWAY": "bus_stop", "REF": null, "NETWORK": null, "PUBLIC_TRA": "platform", "OSM_TYPE": "node", "OSM_ID": 678268691 }, "geometry": { "type": "Point", "coordinates": [ 38.9755811, 45.0689596 ] } },
{ "type": "Feature", "properties": { "NAME": "Тургеневский мост", "NAME_EN": null, "NAME_RU": null, "RAILWAY": null, "HIGHWAY": "bus_stop", "REF": null, "NETWORK": null, "PUBLIC_TRA": "platform", "OSM_TYPE": "node", "OSM_ID": 724110052 }, "geometry": { "type": "Point", "coordinates": [ 38.9517032, 45.0372006 ] } },
{ "type": "Feature", "properties": { "NAME": "Брюсова", "NAME_EN": null, "NAME_RU": null, "RAILWAY": null, "HIGHWAY": "bus_stop", "REF": null, "NETWORK": null, "PUBLIC_TRA": "platform", "OSM_TYPE": "node", "OSM_ID": 724110053 }, "geometry": { "type": "Point", "coordinates": [ 38.9469751, 45.038578 ] } },
{ "type": "Feature", "properties": { "NAME": "ВНИИ Биологической защиты растений", "NAME_EN": null, "NAME_RU": null, "RAILWAY": null, "HIGHWAY": "bus_stop", "REF": null, "NETWORK": null, "PUBLIC_TRA": "platform", "OSM_TYPE": "node", "OSM_ID": 729598577 }, "geometry": { "type": "Point", "coordinates": [ 38.8753201, 45.0567805 ] } },
{ "type": "Feature", "properties": { "NAME": "ССК «Сокол»", "NAME_EN": null, "NAME_RU": null, "RAILWAY": null, "HIGHWAY": "bus_stop", "REF": null, "NETWORK": null, "PUBLIC_TRA": "platform", "OSM_TYPE": "node", "OSM_ID": 729598586 }, "geometry": { "type": "Point", "coordinates": [ 38.9160404, 45.1025561 ] } },
{ "type": "Feature", "properties": { "NAME": "Дачи", "NAME_EN": null, "NAME_RU": null, "RAILWAY": null, "HIGHWAY": "bus_stop", "REF": null, "NETWORK": null, "PUBLIC_TRA": "platform", "OSM_TYPE": "node", "OSM_ID": 729598588 }, "geometry": { "type": "Point", "coordinates": [ 38.9174225, 45.1042215 ] } },
{ "type": "Feature", "properties": { "NAME": "Продукты", "NAME_EN": null, "NAME_RU": null, "RAILWAY": null, "HIGHWAY": "bus_stop", "REF": null, "NETWORK": null, "PUBLIC_TRA": "platform", "OSM_TYPE": "node", "OSM_ID": 729598589 }, "geometry": { "type": "Point", "coordinates": [ 38.9340063, 45.1094024 ] } },
{ "type": "Feature", "properties": { "NAME": null, "NAME_EN": null, "NAME_RU": null, "RAILWAY": null, "HIGHWAY": "bus_stop", "REF": null, "NETWORK": null, "PUBLIC_TRA": null, "OSM_TYPE": "node", "OSM_ID": 729598593 }, "geometry": { "type": "Point", "coordinates": [ 38.9290109, 45.1111041 ] } },
{ "type": "Feature", "properties": { "NAME": null, "NAME_EN": null, "NAME_RU": null, "RAILWAY": null, "HIGHWAY": "bus_stop", "REF": null, "NETWORK": null, "PUBLIC_TRA": "stop_position", "OSM_TYPE": "node", "OSM_ID": 729598596 }, "geometry": { "type": "Point", "coordinates": [ 38.9421716, 45.1017652 ] } },
{ "type": "Feature", "properties": { "NAME": "ККБ", "NAME_EN": null, "NAME_RU": null, "RAILWAY": null, "HIGHWAY": "bus_stop", "REF": null, "NETWORK": null, "PUBLIC_TRA": "platform", "OSM_TYPE": "node", "OSM_ID": 739222396 }, "geometry": { "type": "Point", "coordinates": [ 39.021986, 45.0631085 ] } },
{ "type": "Feature", "properties": { "NAME": "Пригородная улица", "NAME_EN": null, "NAME_RU": null, "RAILWAY": null, "HIGHWAY": "bus_stop", "REF": null, "NETWORK": null, "PUBLIC_TRA": "platform", "OSM_TYPE": "node", "OSM_ID": 761099387 }, "geometry": { "type": "Point", "coordinates": [ 39.0000035, 45.1209094 ] } },
{ "type": "Feature", "properties": { "NAME": "Пригородная улица", "NAME_EN": null, "NAME_RU": null, "RAILWAY": null, "HIGHWAY": "bus_stop", "REF": null, "NETWORK": null, "PUBLIC_TRA": "platform", "OSM_TYPE": "node", "OSM_ID": 761099388 }, "geometry": { "type": "Point", "coordinates": [ 38.9999401, 45.1203762 ] } },
{ "type": "Feature", "properties": { "NAME": "Большевистская улица", "NAME_EN": null, "NAME_RU": null, "RAILWAY": null, "HIGHWAY": "bus_stop", "REF": null, "NETWORK": null, "PUBLIC_TRA": "platform", "OSM_TYPE": "node", "OSM_ID": 761099492 }, "geometry": { "type": "Point", "coordinates": [ 39.0069187, 45.1249154 ] } },
{ "type": "Feature", "properties": { "NAME": "Большевистская улица", "NAME_EN": null, "NAME_RU": null, "RAILWAY": null, "HIGHWAY": "bus_stop", "REF": null, "NETWORK": null, "PUBLIC_TRA": "platform", "OSM_TYPE": "node", "OSM_ID": 761099493 }, "geometry": { "type": "Point", "coordinates": [ 39.006216, 45.1242658 ] } },
{ "type": "Feature", "properties": { "NAME": "Геологическая улица", "NAME_EN": null, "NAME_RU": null, "RAILWAY": null, "HIGHWAY": "bus_stop", "REF": null, "NETWORK": null, "PUBLIC_TRA": "platform", "OSM_TYPE": "node", "OSM_ID": 761105415 }, "geometry": { "type": "Point", "coordinates": [ 38.996432, 45.1150153 ] } },
{ "type": "Feature", "properties": { "NAME": "Центральная улица", "NAME_EN": null, "NAME_RU": null, "RAILWAY": null, "HIGHWAY": "bus_stop", "REF": null, "NETWORK": null, "PUBLIC_TRA": "platform", "OSM_TYPE": "node", "OSM_ID": 852450868 }, "geometry": { "type": "Point", "coordinates": [ 38.9936138, 45.0723945 ] } },
{ "type": "Feature", "properties": { "NAME": "Солнечная", "NAME_EN": null, "NAME_RU": null, "RAILWAY": null, "HIGHWAY": "bus_stop", "REF": null, "NETWORK": null, "PUBLIC_TRA": "platform", "OSM_TYPE": "node", "OSM_ID": 944976268 }, "geometry": { "type": "Point", "coordinates": [ 38.9865519, 45.0718537 ] } },
{ "type": "Feature", "properties": { "NAME": "Бауцентр", "NAME_EN": null, "NAME_RU": null, "RAILWAY": null, "HIGHWAY": "bus_stop", "REF": null, "NETWORK": null, "PUBLIC_TRA": "platform", "OSM_TYPE": "node", "OSM_ID": 944977056 }, "geometry": { "type": "Point", "coordinates": [ 38.9921909, 45.0953331 ] } },
{ "type": "Feature", "properties": { "NAME": "Ягодина", "NAME_EN": null, "NAME_RU": null, "RAILWAY": null, "HIGHWAY": "bus_stop", "REF": null, "NETWORK": null, "PUBLIC_TRA": "platform", "OSM_TYPE": "node", "OSM_ID": 946590407 }, "geometry": { "type": "Point", "coordinates": [ 38.9950872, 45.1083928 ] } },
{ "type": "Feature", "properties": { "NAME": "Метро", "NAME_EN": null, "NAME_RU": null, "RAILWAY": null, "HIGHWAY": "bus_stop", "REF": null, "NETWORK": null, "PUBLIC_TRA": "platform", "OSM_TYPE": "node", "OSM_ID": 946590471 }, "geometry": { "type": "Point", "coordinates": [ 38.9917318, 45.0960085 ] } },
{ "type": "Feature", "properties": { "NAME": "Ягодина", "NAME_EN": null, "NAME_RU": null, "RAILWAY": null, "HIGHWAY": "bus_stop", "REF": null, "NETWORK": null, "PUBLIC_TRA": "platform", "OSM_TYPE": "node", "OSM_ID": 957903736 }, "geometry": { "type": "Point", "coordinates": [ 38.9941267, 45.1072329 ] } },
{ "type": "Feature", "properties": { "NAME": "улица Гоголя", "NAME_EN": null, "NAME_RU": null, "RAILWAY": null, "HIGHWAY": "bus_stop", "REF": null, "NETWORK": null, "PUBLIC_TRA": "platform", "OSM_TYPE": "node", "OSM_ID": 981589068 }, "geometry": { "type": "Point", "coordinates": [ 39.0990695, 45.0176391 ] } },
{ "type": "Feature", "properties": { "NAME": "улица Свободы", "NAME_EN": null, "NAME_RU": null, "RAILWAY": null, "HIGHWAY": "bus_stop", "REF": null, "NETWORK": null, "PUBLIC_TRA": "platform", "OSM_TYPE": "node", "OSM_ID": 992259600 }, "geometry": { "type": "Point", "coordinates": [ 38.9825931, 45.0677749 ] } },
{ "type": "Feature", "properties": { "NAME": "Поликлиника", "NAME_EN": null, "NAME_RU": null, "RAILWAY": null, "HIGHWAY": "bus_stop", "REF": null, "NETWORK": null, "PUBLIC_TRA": "platform", "OSM_TYPE": "node", "OSM_ID": 1012294745 }, "geometry": { "type": "Point", "coordinates": [ 38.9554537, 45.0593203 ] } },
{ "type": "Feature", "properties": { "NAME": "Геологическая улица", "NAME_EN": null, "NAME_RU": null, "RAILWAY": null, "HIGHWAY": "bus_stop", "REF": null, "NETWORK": null, "PUBLIC_TRA": "platform", "OSM_TYPE": "node", "OSM_ID": 1012372617 }, "geometry": { "type": "Point", "coordinates": [ 38.9963249, 45.115815 ] } },
{ "type": "Feature", "properties": { "NAME": "улица Тургенева", "NAME_EN": null, "NAME_RU": null, "RAILWAY": null, "HIGHWAY": "bus_stop", "REF": null, "NETWORK": null, "PUBLIC_TRA": "platform", "OSM_TYPE": "node", "OSM_ID": 1041407281 }, "geometry": { "type": "Point", "coordinates": [ 38.9584387, 45.042997 ] } },
{ "type": "Feature", "properties": { "NAME": "улица Северная (кинотеатр Северный)", "NAME_EN": null, "NAME_RU": null, "RAILWAY": null, "HIGHWAY": "bus_stop", "REF": null, "NETWORK": null, "PUBLIC_TRA": "platform", "OSM_TYPE": "node", "OSM_ID": 1041407317 }, "geometry": { "type": "Point", "coordinates": [ 38.9568779, 45.0436285 ] } },
{ "type": "Feature", "properties": { "NAME": "Чекистов", "NAME_EN": null, "NAME_RU": null, "RAILWAY": null, "HIGHWAY": "bus_stop", "REF": null, "NETWORK": null, "PUBLIC_TRA": "platform", "OSM_TYPE": "node", "OSM_ID": 1042654797 }, "geometry": { "type": "Point", "coordinates": [ 38.9172467, 45.0323006 ] } },
{ "type": "Feature", "properties": { "NAME": "Думенко", "NAME_EN": null, "NAME_RU": null, "RAILWAY": null, "HIGHWAY": "bus_stop", "REF": null, "NETWORK": null, "PUBLIC_TRA": "platform", "OSM_TYPE": "node", "OSM_ID": 1042781032 }, "geometry": { "type": "Point", "coordinates": [ 38.911941, 45.0380451 ] } },
{ "type": "Feature", "properties": { "NAME": "Западное депо", "NAME_EN": null, "NAME_RU": null, "RAILWAY": "tram_stop", "HIGHWAY": null, "REF": null, "NETWORK": null, "PUBLIC_TRA": "stop_position", "OSM_TYPE": "node", "OSM_ID": 1068051987 }, "geometry": { "type": "Point", "coordinates": [ 38.9233138, 45.0677739 ] } },
{ "type": "Feature", "properties": { "NAME": "улица Гоголя", "NAME_EN": null, "NAME_RU": null, "RAILWAY": null, "HIGHWAY": "bus_stop", "REF": null, "NETWORK": null, "PUBLIC_TRA": "platform", "OSM_TYPE": "node", "OSM_ID": 1083884636 }, "geometry": { "type": "Point", "coordinates": [ 38.9595754, 45.0294148 ] } },
{ "type": "Feature", "properties": { "NAME": "улица Стасова", "NAME_EN": null, "NAME_RU": null, "RAILWAY": null, "HIGHWAY": "bus_stop", "REF": null, "NETWORK": null, "PUBLIC_TRA": "platform", "OSM_TYPE": "node", "OSM_ID": 1134756755 }, "geometry": { "type": "Point", "coordinates": [ 39.0411211, 45.0168858 ] } },
{ "type": "Feature", "properties": { "NAME": "Думенко", "NAME_EN": null, "NAME_RU": null, "RAILWAY": null, "HIGHWAY": "bus_stop", "REF": null, "NETWORK": null, "PUBLIC_TRA": "platform", "OSM_TYPE": "node", "OSM_ID": 1142136658 }, "geometry": { "type": "Point", "coordinates": [ 38.9200233, 45.0338927 ] } },
{ "type": "Feature", "properties": { "NAME": "Думенко", "NAME_EN": null, "NAME_RU": null, "RAILWAY": null, "HIGHWAY": "bus_stop", "REF": null, "NETWORK": null, "PUBLIC_TRA": "platform", "OSM_TYPE": "node", "OSM_ID": 1142136659 }, "geometry": { "type": "Point", "coordinates": [ 38.9206066, 45.0336796 ] } },
{ "type": "Feature", "properties": { "NAME": "Чекистов", "NAME_EN": null, "NAME_RU": null, "RAILWAY": null, "HIGHWAY": "bus_stop", "REF": null, "NETWORK": null, "PUBLIC_TRA": "platform", "OSM_TYPE": "node", "OSM_ID": 1142136675 }, "geometry": { "type": "Point", "coordinates": [ 38.9171976, 45.0327792 ] } },
{ "type": "Feature", "properties": { "NAME": null, "NAME_EN": null, "NAME_RU": null, "RAILWAY": null, "HIGHWAY": "bus_stop", "REF": null, "NETWORK": null, "PUBLIC_TRA": null, "OSM_TYPE": "node", "OSM_ID": 1147072772 }, "geometry": { "type": "Point", "coordinates": [ 38.9397205, 45.105676 ] } },
{ "type": "Feature", "properties": { "NAME": "Магазин", "NAME_EN": null, "NAME_RU": null, "RAILWAY": null, "HIGHWAY": "bus_stop", "REF": null, "NETWORK": null, "PUBLIC_TRA": "platform", "OSM_TYPE": "node", "OSM_ID": 1164628240 }, "geometry": { "type": "Point", "coordinates": [ 39.0805085, 45.0064028 ] } },
{ "type": "Feature", "properties": { "NAME": "Уральская улица", "NAME_EN": null, "NAME_RU": null, "RAILWAY": null, "HIGHWAY": "bus_stop", "REF": null, "NETWORK": null, "PUBLIC_TRA": "platform", "OSM_TYPE": "node", "OSM_ID": 1231145731 }, "geometry": { "type": "Point", "coordinates": [ 39.0967729, 45.0385181 ] } },
{ "type": "Feature", "properties": { "NAME": "9 Тихая", "NAME_EN": null, "NAME_RU": null, "RAILWAY": null, "HIGHWAY": "bus_stop", "REF": null, "NETWORK": null, "PUBLIC_TRA": "platform", "OSM_TYPE": "node", "OSM_ID": 1291877059 }, "geometry": { "type": "Point", "coordinates": [ 38.9983136, 45.1364706 ] } },
{ "type": "Feature", "properties": { "NAME": "Техносклад", "NAME_EN": null, "NAME_RU": null, "RAILWAY": null, "HIGHWAY": "bus_stop", "REF": null, "NETWORK": null, "PUBLIC_TRA": "platform", "OSM_TYPE": "node", "OSM_ID": 1301552850 }, "geometry": { "type": "Point", "coordinates": [ 38.990211, 45.0861176 ] } },
{ "type": "Feature", "properties": { "NAME": "Техносклад", "NAME_EN": null, "NAME_RU": null, "RAILWAY": null, "HIGHWAY": "bus_stop", "REF": null, "NETWORK": null, "PUBLIC_TRA": "platform", "OSM_TYPE": "node", "OSM_ID": 1301552851 }, "geometry": { "type": "Point", "coordinates": [ 38.9893043, 45.0841297 ] } },
{ "type": "Feature", "properties": { "NAME": "улица Ялтинская", "NAME_EN": null, "NAME_RU": null, "RAILWAY": null, "HIGHWAY": "bus_stop", "REF": null, "NETWORK": null, "PUBLIC_TRA": "platform", "OSM_TYPE": "node", "OSM_ID": 1303067288 }, "geometry": { "type": "Point", "coordinates": [ 39.0313179, 45.0266554 ] } },
{ "type": "Feature", "properties": { "NAME": "Поликлиника", "NAME_EN": null, "NAME_RU": null, "RAILWAY": null, "HIGHWAY": "bus_stop", "REF": null, "NETWORK": null, "PUBLIC_TRA": "platform", "OSM_TYPE": "node", "OSM_ID": 1303109545 }, "geometry": { "type": "Point", "coordinates": [ 39.0345795, 45.0256898 ] } },
{ "type": "Feature", "properties": { "NAME": "Поликлиника", "NAME_EN": null, "NAME_RU": null, "RAILWAY": null, "HIGHWAY": "bus_stop", "REF": null, "NETWORK": null, "PUBLIC_TRA": "platform", "OSM_TYPE": "node", "OSM_ID": 1303110166 }, "geometry": { "type": "Point", "coordinates": [ 39.0348611, 45.025758 ] } },
{ "type": "Feature", "properties": { "NAME": "улица Волжская", "NAME_EN": null, "NAME_RU": null, "RAILWAY": null, "HIGHWAY": "bus_stop", "REF": null, "NETWORK": null, "PUBLIC_TRA": "platform", "OSM_TYPE": "node", "OSM_ID": 1303119454 }, "geometry": { "type": "Point", "coordinates": [ 39.0397775, 45.0241054 ] } },
{ "type": "Feature", "properties": { "NAME": "улица Волжская", "NAME_EN": null, "NAME_RU": null, "RAILWAY": null, "HIGHWAY": "bus_stop", "REF": null, "NETWORK": null, "PUBLIC_TRA": "platform", "OSM_TYPE": "node", "OSM_ID": 1303119592 }, "geometry": { "type": "Point", "coordinates": [ 39.0398141, 45.0243089 ] } },
{ "type": "Feature", "properties": { "NAME": "улица Корницкого", "NAME_EN": null, "NAME_RU": null, "RAILWAY": null, "HIGHWAY": "bus_stop", "REF": null, "NETWORK": null, "PUBLIC_TRA": "platform", "OSM_TYPE": "node", "OSM_ID": 1303205331 }, "geometry": { "type": "Point", "coordinates": [ 38.9987911, 45.0365089 ] } },
{ "type": "Feature", "properties": { "NAME": "улица Березанская", "NAME_EN": null, "NAME_RU": null, "RAILWAY": null, "HIGHWAY": "bus_stop", "REF": null, "NETWORK": null, "PUBLIC_TRA": "platform", "OSM_TYPE": "node", "OSM_ID": 1303205338 }, "geometry": { "type": "Point", "coordinates": [ 38.9979738, 45.0368298 ] } },
{ "type": "Feature", "properties": { "NAME": "Торговый центр \"Юбилейный\"", "NAME_EN": null, "NAME_RU": null, "RAILWAY": null, "HIGHWAY": "bus_stop", "REF": null, "NETWORK": null, "PUBLIC_TRA": "platform", "OSM_TYPE": "node", "OSM_ID": 1342116411 }, "geometry": { "type": "Point", "coordinates": [ 38.9127836, 45.0305591 ] } },
{ "type": "Feature", "properties": { "NAME": "Микрорайон Солнечный", "NAME_EN": null, "NAME_RU": null, "RAILWAY": null, "HIGHWAY": "bus_stop", "REF": null, "NETWORK": null, "PUBLIC_TRA": "platform", "OSM_TYPE": "node", "OSM_ID": 1415962688 }, "geometry": { "type": "Point", "coordinates": [ 38.953505, 45.0638705 ] } },
{ "type": "Feature", "properties": { "NAME": "Гоголя", "NAME_EN": null, "NAME_RU": null, "RAILWAY": null, "HIGHWAY": "bus_stop", "REF": null, "NETWORK": null, "PUBLIC_TRA": "platform", "OSM_TYPE": "node", "OSM_ID": 1431596826 }, "geometry": { "type": "Point", "coordinates": [ 38.966598, 45.0275716 ] } },
{ "type": "Feature", "properties": { "NAME": "Гоголя", "NAME_EN": null, "NAME_RU": null, "RAILWAY": null, "HIGHWAY": "bus_stop", "REF": null, "NETWORK": null, "PUBLIC_TRA": "platform", "OSM_TYPE": "node", "OSM_ID": 1431597694 }, "geometry": { "type": "Point", "coordinates": [ 38.9593359, 45.0281925 ] } },
{ "type": "Feature", "properties": { "NAME": "Рождественский храм", "NAME_EN": null, "NAME_RU": null, "RAILWAY": null, "HIGHWAY": "bus_stop", "REF": null, "NETWORK": null, "PUBLIC_TRA": "platform", "OSM_TYPE": "node", "OSM_ID": 1431796458 }, "geometry": { "type": "Point", "coordinates": [ 38.9048485, 45.0257512 ] } },
{ "type": "Feature", "properties": { "NAME": "Почта", "NAME_EN": null, "NAME_RU": null, "RAILWAY": null, "HIGHWAY": "bus_stop", "REF": null, "NETWORK": null, "PUBLIC_TRA": "platform", "OSM_TYPE": "node", "OSM_ID": 1431796459 }, "geometry": { "type": "Point", "coordinates": [ 38.9083339, 45.0287824 ] } },
{ "type": "Feature", "properties": { "NAME": "Рождественский храм", "NAME_EN": null, "NAME_RU": null, "RAILWAY": null, "HIGHWAY": "bus_stop", "REF": null, "NETWORK": null, "PUBLIC_TRA": "platform", "OSM_TYPE": "node", "OSM_ID": 1431796462 }, "geometry": { "type": "Point", "coordinates": [ 38.9060842, 45.0265644 ] } },
{ "type": "Feature", "properties": { "NAME": "Скорняжная", "NAME_EN": null, "NAME_RU": null, "RAILWAY": null, "HIGHWAY": "bus_stop", "REF": null, "NETWORK": null, "PUBLIC_TRA": "platform", "OSM_TYPE": "node", "OSM_ID": 1432524460 }, "geometry": { "type": "Point", "coordinates": [ 38.94862, 45.039491 ] } },
{ "type": "Feature", "properties": { "NAME": "Ленина", "NAME_EN": null, "NAME_RU": null, "RAILWAY": null, "HIGHWAY": "bus_stop", "REF": null, "NETWORK": null, "PUBLIC_TRA": "platform", "OSM_TYPE": "node", "OSM_ID": 1494279012 }, "geometry": { "type": "Point", "coordinates": [ 38.9595349, 45.0252858 ] } },
{ "type": "Feature", "properties": { "NAME": "Исправительная колония", "NAME_EN": null, "NAME_RU": null, "RAILWAY": null, "HIGHWAY": "bus_stop", "REF": null, "NETWORK": null, "PUBLIC_TRA": "platform", "OSM_TYPE": "node", "OSM_ID": 1558816949 }, "geometry": { "type": "Point", "coordinates": [ 38.8621996, 45.0559431 ] } },
{ "type": "Feature", "properties": { "NAME": null, "NAME_EN": null, "NAME_RU": null, "RAILWAY": null, "HIGHWAY": "bus_stop", "REF": null, "NETWORK": null, "PUBLIC_TRA": "platform", "OSM_TYPE": "node", "OSM_ID": 1648171079 }, "geometry": { "type": "Point", "coordinates": [ 38.9685724, 45.0380531 ] } },
{ "type": "Feature", "properties": { "NAME": "улица Свободная", "NAME_EN": null, "NAME_RU": null, "RAILWAY": "tram_stop", "HIGHWAY": null, "REF": null, "NETWORK": null, "PUBLIC_TRA": "stop_position", "OSM_TYPE": "node", "OSM_ID": 1741103296 }, "geometry": { "type": "Point", "coordinates": [ 39.0325861, 45.0086351 ] } },
{ "type": "Feature", "properties": { "NAME": "улица Димитрова", "NAME_EN": null, "NAME_RU": null, "RAILWAY": "tram_stop", "HIGHWAY": null, "REF": null, "NETWORK": null, "PUBLIC_TRA": "stop_position", "OSM_TYPE": "node", "OSM_ID": 1741431140 }, "geometry": { "type": "Point", "coordinates": [ 39.0219876, 45.0021888 ] } },
{ "type": "Feature", "properties": { "NAME": "улица Хакурате", "NAME_EN": null, "NAME_RU": null, "RAILWAY": null, "HIGHWAY": "bus_stop", "REF": null, "NETWORK": null, "PUBLIC_TRA": "platform", "OSM_TYPE": "node", "OSM_ID": 1805881866 }, "geometry": { "type": "Point", "coordinates": [ 38.9769168, 45.0412744 ] } },
{ "type": "Feature", "properties": { "NAME": "улица Хакурате", "NAME_EN": null, "NAME_RU": null, "RAILWAY": null, "HIGHWAY": "bus_stop", "REF": null, "NETWORK": null, "PUBLIC_TRA": "platform", "OSM_TYPE": "node", "OSM_ID": 1805881884 }, "geometry": { "type": "Point", "coordinates": [ 38.9759855, 45.0414321 ] } },
{ "type": "Feature", "properties": { "NAME": "Дачи", "NAME_EN": null, "NAME_RU": null, "RAILWAY": null, "HIGHWAY": "bus_stop", "REF": null, "NETWORK": null, "PUBLIC_TRA": null, "OSM_TYPE": "node", "OSM_ID": 1830086851 }, "geometry": { "type": "Point", "coordinates": [ 38.8326823, 45.0510986 ] } },
{ "type": "Feature", "properties": { "NAME": "по Требованию", "NAME_EN": null, "NAME_RU": null, "RAILWAY": null, "HIGHWAY": "bus_stop", "REF": null, "NETWORK": null, "PUBLIC_TRA": null, "OSM_TYPE": "node", "OSM_ID": 1830086862 }, "geometry": { "type": "Point", "coordinates": [ 38.8373823, 45.051699 ] } },
{ "type": "Feature", "properties": { "NAME": "Исправительная колония", "NAME_EN": null, "NAME_RU": null, "RAILWAY": null, "HIGHWAY": "bus_stop", "REF": null, "NETWORK": null, "PUBLIC_TRA": "platform", "OSM_TYPE": "node", "OSM_ID": 1831874238 }, "geometry": { "type": "Point", "coordinates": [ 38.8623625, 45.0555831 ] } },
{ "type": "Feature", "properties": { "NAME": "Фитопатология;ВНИИ Биологической защиты растений", "NAME_EN": null, "NAME_RU": null, "RAILWAY": null, "HIGHWAY": "bus_stop", "REF": null, "NETWORK": null, "PUBLIC_TRA": "platform", "OSM_TYPE": "node", "OSM_ID": 1831874242 }, "geometry": { "type": "Point", "coordinates": [ 38.8765332, 45.0565396 ] } },
{ "type": "Feature", "properties": { "NAME": "Октябрьская улица (улица Будённого)", "NAME_EN": null, "NAME_RU": null, "RAILWAY": null, "HIGHWAY": "bus_stop", "REF": null, "NETWORK": null, "PUBLIC_TRA": "platform", "OSM_TYPE": "node", "OSM_ID": 1913917659 }, "geometry": { "type": "Point", "coordinates": [ 38.9694281, 45.0366061 ] } },
{ "type": "Feature", "properties": { "NAME": null, "NAME_EN": null, "NAME_RU": null, "RAILWAY": null, "HIGHWAY": "bus_stop", "REF": null, "NETWORK": null, "PUBLIC_TRA": "platform", "OSM_TYPE": "node", "OSM_ID": 1913917665 }, "geometry": { "type": "Point", "coordinates": [ 38.9559962, 45.0399045 ] } },
{ "type": "Feature", "properties": { "NAME": "улица Суворова", "NAME_EN": null, "NAME_RU": null, "RAILWAY": null, "HIGHWAY": "bus_stop", "REF": null, "NETWORK": null, "PUBLIC_TRA": "platform", "OSM_TYPE": "node", "OSM_ID": 1942572970 }, "geometry": { "type": "Point", "coordinates": [ 38.979931, 45.0189752 ] } },
{ "type": "Feature", "properties": { "NAME": "улица Мира/улица Коммунаров", "NAME_EN": null, "NAME_RU": null, "RAILWAY": null, "HIGHWAY": "bus_stop", "REF": null, "NETWORK": null, "PUBLIC_TRA": "platform", "OSM_TYPE": "node", "OSM_ID": 1942572971 }, "geometry": { "type": "Point", "coordinates": [ 38.9736347, 45.0201696 ] } },
{ "type": "Feature", "properties": { "NAME": "улица Мира/улица Коммунаров", "NAME_EN": null, "NAME_RU": null, "RAILWAY": null, "HIGHWAY": "bus_stop", "REF": null, "NETWORK": null, "PUBLIC_TRA": "platform", "OSM_TYPE": "node", "OSM_ID": 1942572972 }, "geometry": { "type": "Point", "coordinates": [ 38.973062, 45.0200872 ] } },
{ "type": "Feature", "properties": { "NAME": "жилой комплекс «Спортивная деревня»", "NAME_EN": null, "NAME_RU": null, "RAILWAY": null, "HIGHWAY": "bus_stop", "REF": null, "NETWORK": null, "PUBLIC_TRA": "platform", "OSM_TYPE": "node", "OSM_ID": 1960761458 }, "geometry": { "type": "Point", "coordinates": [ 38.9096181, 45.0948883 ] } },
{ "type": "Feature", "properties": { "NAME": "Авиагородок", "NAME_EN": null, "NAME_RU": null, "RAILWAY": null, "HIGHWAY": "bus_stop", "REF": null, "NETWORK": null, "PUBLIC_TRA": "platform", "OSM_TYPE": "node", "OSM_ID": 2011989360 }, "geometry": { "type": "Point", "coordinates": [ 38.9731267, 45.0741278 ] } },
{ "type": "Feature", "properties": { "NAME": "Авиагородок", "NAME_EN": null, "NAME_RU": null, "RAILWAY": null, "HIGHWAY": "bus_stop", "REF": null, "NETWORK": null, "PUBLIC_TRA": "platform", "OSM_TYPE": "node", "OSM_ID": 2011989361 }, "geometry": { "type": "Point", "coordinates": [ 38.9736604, 45.0749403 ] } },
{ "type": "Feature", "properties": { "NAME": "улица Азовская", "NAME_EN": null, "NAME_RU": null, "RAILWAY": null, "HIGHWAY": "bus_stop", "REF": null, "NETWORK": null, "PUBLIC_TRA": "platform", "OSM_TYPE": "node", "OSM_ID": 2016293972 }, "geometry": { "type": "Point", "coordinates": [ 38.9182652, 45.0634944 ] } },
{ "type": "Feature", "properties": { "NAME": "улица Азовская", "NAME_EN": null, "NAME_RU": null, "RAILWAY": null, "HIGHWAY": "bus_stop", "REF": null, "NETWORK": null, "PUBLIC_TRA": "platform", "OSM_TYPE": "node", "OSM_ID": 2016293978 }, "geometry": { "type": "Point", "coordinates": [ 38.9166206, 45.0641007 ] } },
{ "type": "Feature", "properties": { "NAME": "улица Кирова", "NAME_EN": null, "NAME_RU": null, "RAILWAY": null, "HIGHWAY": "bus_stop", "REF": null, "NETWORK": null, "PUBLIC_TRA": "platform", "OSM_TYPE": "node", "OSM_ID": 2016694886 }, "geometry": { "type": "Point", "coordinates": [ 38.9623575, 45.0219202 ] } },
{ "type": "Feature", "properties": { "NAME": "Почта", "NAME_EN": null, "NAME_RU": null, "RAILWAY": null, "HIGHWAY": "bus_stop", "REF": null, "NETWORK": null, "PUBLIC_TRA": "platform", "OSM_TYPE": "node", "OSM_ID": 2016694887 }, "geometry": { "type": "Point", "coordinates": [ 38.9076637, 45.0289374 ] } },
{ "type": "Feature", "properties": { "NAME": "Хлебозавод", "NAME_EN": null, "NAME_RU": null, "RAILWAY": null, "HIGHWAY": "bus_stop", "REF": null, "NETWORK": null, "PUBLIC_TRA": "platform", "OSM_TYPE": "node", "OSM_ID": 2016694889 }, "geometry": { "type": "Point", "coordinates": [ 38.9408541, 45.0383831 ] } },
{ "type": "Feature", "properties": { "NAME": "Хлебозавод", "NAME_EN": null, "NAME_RU": null, "RAILWAY": null, "HIGHWAY": "bus_stop", "REF": null, "NETWORK": null, "PUBLIC_TRA": "platform", "OSM_TYPE": "node", "OSM_ID": 2016694890 }, "geometry": { "type": "Point", "coordinates": [ 38.9441435, 45.0397822 ] } },
{ "type": "Feature", "properties": { "NAME": "3 Тихая", "NAME_EN": null, "NAME_RU": null, "RAILWAY": null, "HIGHWAY": "bus_stop", "REF": null, "NETWORK": null, "PUBLIC_TRA": "platform", "OSM_TYPE": "node", "OSM_ID": 2039548468 }, "geometry": { "type": "Point", "coordinates": [ 38.9980257, 45.1313825 ] } },
{ "type": "Feature", "properties": { "NAME": "3 Тихая", "NAME_EN": null, "NAME_RU": null, "RAILWAY": null, "HIGHWAY": "bus_stop", "REF": null, "NETWORK": null, "PUBLIC_TRA": "platform", "OSM_TYPE": "node", "OSM_ID": 2039548470 }, "geometry": { "type": "Point", "coordinates": [ 38.9974823, 45.131468 ] } },
{ "type": "Feature", "properties": { "NAME": "Школа №83", "NAME_EN": null, "NAME_RU": null, "RAILWAY": null, "HIGHWAY": "bus_stop", "REF": null, "NETWORK": null, "PUBLIC_TRA": "platform", "OSM_TYPE": "node", "OSM_ID": 2097274523 }, "geometry": { "type": "Point", "coordinates": [ 39.1075674, 45.0388395 ] } },
{ "type": "Feature", "properties": { "NAME": "СБС", "NAME_EN": null, "NAME_RU": null, "RAILWAY": null, "HIGHWAY": "bus_stop", "REF": null, "NETWORK": null, "PUBLIC_TRA": "platform", "OSM_TYPE": "node", "OSM_ID": 2097902506 }, "geometry": { "type": "Point", "coordinates": [ 39.050832, 45.0326774 ] } },
{ "type": "Feature", "properties": { "NAME": "Магазин", "NAME_EN": null, "NAME_RU": null, "RAILWAY": null, "HIGHWAY": "bus_stop", "REF": null, "NETWORK": null, "PUBLIC_TRA": "platform", "OSM_TYPE": "node", "OSM_ID": 2118844983 }, "geometry": { "type": "Point", "coordinates": [ 39.0310817, 45.0657966 ] } },
{ "type": "Feature", "properties": { "NAME": "Магазин", "NAME_EN": null, "NAME_RU": null, "RAILWAY": null, "HIGHWAY": "bus_stop", "REF": null, "NETWORK": null, "PUBLIC_TRA": "platform", "OSM_TYPE": "node", "OSM_ID": 2118844984 }, "geometry": { "type": "Point", "coordinates": [ 39.0297036, 45.0658993 ] } },
{ "type": "Feature", "properties": { "NAME": "Ленинский переулок", "NAME_EN": null, "NAME_RU": null, "RAILWAY": null, "HIGHWAY": "bus_stop", "REF": null, "NETWORK": null, "PUBLIC_TRA": "platform", "OSM_TYPE": "node", "OSM_ID": 2138828416 }, "geometry": { "type": "Point", "coordinates": [ 39.0129278, 45.1046686 ] } },
{ "type": "Feature", "properties": { "NAME": "Ростовское шоссе, 9 км", "NAME_EN": null, "NAME_RU": null, "RAILWAY": null, "HIGHWAY": "bus_stop", "REF": null, "NETWORK": null, "PUBLIC_TRA": "platform", "OSM_TYPE": "node", "OSM_ID": 2147871007 }, "geometry": { "type": "Point", "coordinates": [ 39.0236795, 45.1331333 ] } },
{ "type": "Feature", "properties": { "NAME": "Ростовское шоссе, 9 км", "NAME_EN": null, "NAME_RU": null, "RAILWAY": null, "HIGHWAY": "bus_stop", "REF": null, "NETWORK": null, "PUBLIC_TRA": "platform", "OSM_TYPE": "node", "OSM_ID": 2147871008 }, "geometry": { "type": "Point", "coordinates": [ 39.0236751, 45.1327678 ] } },
{ "type": "Feature", "properties": { "NAME": "Улица Благоева/ Улица Василия Мачуги", "NAME_EN": null, "NAME_RU": null, "RAILWAY": null, "HIGHWAY": "bus_stop", "REF": null, "NETWORK": null, "PUBLIC_TRA": "platform", "OSM_TYPE": "node", "OSM_ID": 2166591473 }, "geometry": { "type": "Point", "coordinates": [ 39.0791074, 45.0132234 ] } },
{ "type": "Feature", "properties": { "NAME": "Елисейская", "NAME_EN": null, "NAME_RU": null, "RAILWAY": null, "HIGHWAY": "bus_stop", "REF": null, "NETWORK": null, "PUBLIC_TRA": "stop_position", "OSM_TYPE": "node", "OSM_ID": 2247695491 }, "geometry": { "type": "Point", "coordinates": [ 39.0486911, 45.0691852 ] } },
{ "type": "Feature", "properties": { "NAME": "ВАИ им. Серова", "NAME_EN": null, "NAME_RU": null, "RAILWAY": null, "HIGHWAY": "bus_stop", "REF": null, "NETWORK": null, "PUBLIC_TRA": "platform", "OSM_TYPE": "node", "OSM_ID": 2261991215 }, "geometry": { "type": "Point", "coordinates": [ 38.9742475, 45.0785762 ] } },
{ "type": "Feature", "properties": { "NAME": "ВАИ им. Серова", "NAME_EN": null, "NAME_RU": null, "RAILWAY": null, "HIGHWAY": "bus_stop", "REF": null, "NETWORK": null, "PUBLIC_TRA": "platform", "OSM_TYPE": "node", "OSM_ID": 2261991217 }, "geometry": { "type": "Point", "coordinates": [ 38.9747804, 45.0797439 ] } },
{ "type": "Feature", "properties": { "NAME": "улица им. Сафонова", "NAME_EN": null, "NAME_RU": null, "RAILWAY": null, "HIGHWAY": "bus_stop", "REF": null, "NETWORK": null, "PUBLIC_TRA": "platform", "OSM_TYPE": "node", "OSM_ID": 2261991218 }, "geometry": { "type": "Point", "coordinates": [ 38.975886, 45.0858077 ] } },
{ "type": "Feature", "properties": { "NAME": "улица им. Сафонова", "NAME_EN": null, "NAME_RU": null, "RAILWAY": null, "HIGHWAY": "bus_stop", "REF": null, "NETWORK": null, "PUBLIC_TRA": "platform", "OSM_TYPE": "node", "OSM_ID": 2261991219 }, "geometry": { "type": "Point", "coordinates": [ 38.9763377, 45.0868016 ] } },
{ "type": "Feature", "properties": { "NAME": "улица им. Талалихина", "NAME_EN": null, "NAME_RU": null, "RAILWAY": null, "HIGHWAY": "bus_stop", "REF": null, "NETWORK": null, "PUBLIC_TRA": "platform", "OSM_TYPE": "node", "OSM_ID": 2261991220 }, "geometry": { "type": "Point", "coordinates": [ 38.9756497, 45.0836828 ] } },
{ "type": "Feature", "properties": { "NAME": "улица Нахимова", "NAME_EN": null, "NAME_RU": null, "RAILWAY": null, "HIGHWAY": "bus_stop", "REF": null, "NETWORK": null, "PUBLIC_TRA": "platform", "OSM_TYPE": "node", "OSM_ID": 2261991222 }, "geometry": { "type": "Point", "coordinates": [ 38.9774933, 45.0919745 ] } },
{ "type": "Feature", "properties": { "NAME": "улица Нахимова", "NAME_EN": null, "NAME_RU": null, "RAILWAY": null, "HIGHWAY": "bus_stop", "REF": null, "NETWORK": null, "PUBLIC_TRA": "platform", "OSM_TYPE": "node", "OSM_ID": 2261991223 }, "geometry": { "type": "Point", "coordinates": [ 38.9771834, 45.0919782 ] } },
{ "type": "Feature", "properties": { "NAME": "ГУ МЧС", "NAME_EN": null, "NAME_RU": null, "RAILWAY": null, "HIGHWAY": "bus_stop", "REF": null, "NETWORK": null, "PUBLIC_TRA": "platform", "OSM_TYPE": "node", "OSM_ID": 2271992337 }, "geometry": { "type": "Point", "coordinates": [ 38.9756875, 45.0194991 ] } },
{ "type": "Feature", "properties": { "NAME": "ГУ МЧС", "NAME_EN": null, "NAME_RU": null, "RAILWAY": null, "HIGHWAY": "bus_stop", "REF": null, "NETWORK": null, "PUBLIC_TRA": "platform", "OSM_TYPE": "node", "OSM_ID": 2271992343 }, "geometry": { "type": "Point", "coordinates": [ 38.9752156, 45.0187808 ] } },
{ "type": "Feature", "properties": { "NAME": "Минская", "NAME_EN": null, "NAME_RU": null, "RAILWAY": null, "HIGHWAY": "bus_stop", "REF": null, "NETWORK": null, "PUBLIC_TRA": "platform", "OSM_TYPE": "node", "OSM_ID": 2276727431 }, "geometry": { "type": "Point", "coordinates": [ 38.9348278, 45.0397098 ] } },
{ "type": "Feature", "properties": { "NAME": "улица Мира", "NAME_EN": null, "NAME_RU": null, "RAILWAY": null, "HIGHWAY": "bus_stop", "REF": null, "NETWORK": null, "PUBLIC_TRA": "platform", "OSM_TYPE": "node", "OSM_ID": 2276727436 }, "geometry": { "type": "Point", "coordinates": [ 38.9646769, 45.0211141 ] } },
{ "type": "Feature", "properties": { "NAME": "Супермаркет", "NAME_EN": null, "NAME_RU": null, "RAILWAY": null, "HIGHWAY": "bus_stop", "REF": null, "NETWORK": null, "PUBLIC_TRA": "platform", "OSM_TYPE": "node", "OSM_ID": 2276851378 }, "geometry": { "type": "Point", "coordinates": [ 39.0517791, 45.0133967 ] } },
{ "type": "Feature", "properties": { "NAME": "Университет", "NAME_EN": null, "NAME_RU": null, "RAILWAY": null, "HIGHWAY": "bus_stop", "REF": null, "NETWORK": null, "PUBLIC_TRA": "platform", "OSM_TYPE": "node", "OSM_ID": 2276851380 }, "geometry": { "type": "Point", "coordinates": [ 39.0318353, 45.0188924 ] } },
{ "type": "Feature", "properties": { "NAME": "Университет", "NAME_EN": null, "NAME_RU": null, "RAILWAY": null, "HIGHWAY": "bus_stop", "REF": null, "NETWORK": null, "PUBLIC_TRA": "platform", "OSM_TYPE": "node", "OSM_ID": 2276851382 }, "geometry": { "type": "Point", "coordinates": [ 39.027623, 45.0194731 ] } },
{ "type": "Feature", "properties": { "NAME": "кинотеатр Болгария", "NAME_EN": null, "NAME_RU": null, "RAILWAY": null, "HIGHWAY": "bus_stop", "REF": null, "NETWORK": null, "PUBLIC_TRA": "platform", "OSM_TYPE": "node", "OSM_ID": 2276851386 }, "geometry": { "type": "Point", "coordinates": [ 39.03618, 45.0176166 ] } },
{ "type": "Feature", "properties": { "NAME": "Парк «Солнечный остров»", "NAME_EN": null, "NAME_RU": null, "RAILWAY": null, "HIGHWAY": "bus_stop", "REF": null, "NETWORK": null, "PUBLIC_TRA": "platform", "OSM_TYPE": "node", "OSM_ID": 2276851388 }, "geometry": { "type": "Point", "coordinates": [ 39.0574979, 45.0132243 ] } },
{ "type": "Feature", "properties": { "NAME": "парк \"Солнечный остров\"", "NAME_EN": null, "NAME_RU": null, "RAILWAY": null, "HIGHWAY": "bus_stop", "REF": null, "NETWORK": null, "PUBLIC_TRA": "platform", "OSM_TYPE": "node", "OSM_ID": 2276851390 }, "geometry": { "type": "Point", "coordinates": [ 39.0576446, 45.013649 ] } },
{ "type": "Feature", "properties": { "NAME": "улица 2-я Пятилетка", "NAME_EN": null, "NAME_RU": null, "RAILWAY": null, "HIGHWAY": "bus_stop", "REF": null, "NETWORK": null, "PUBLIC_TRA": "platform", "OSM_TYPE": "node", "OSM_ID": 2276851391 }, "geometry": { "type": "Point", "coordinates": [ 39.0231239, 45.0207001 ] } },
{ "type": "Feature", "properties": { "NAME": "улица Полины Осипенко", "NAME_EN": null, "NAME_RU": null, "RAILWAY": null, "HIGHWAY": "bus_stop", "REF": null, "NETWORK": null, "PUBLIC_TRA": "platform", "OSM_TYPE": "node", "OSM_ID": 2276851398 }, "geometry": { "type": "Point", "coordinates": [ 39.0195344, 45.0211169 ] } },
{ "type": "Feature", "properties": { "NAME": "улица Полины Осипенко", "NAME_EN": null, "NAME_RU": null, "RAILWAY": null, "HIGHWAY": "bus_stop", "REF": null, "NETWORK": null, "PUBLIC_TRA": "platform", "OSM_TYPE": "node", "OSM_ID": 2276851401 }, "geometry": { "type": "Point", "coordinates": [ 39.0181178, 45.0215758 ] } },
{ "type": "Feature", "properties": { "NAME": "улица Таманская", "NAME_EN": null, "NAME_RU": null, "RAILWAY": null, "HIGHWAY": "bus_stop", "REF": null, "NETWORK": null, "PUBLIC_TRA": "platform", "OSM_TYPE": "node", "OSM_ID": 2276851406 }, "geometry": { "type": "Point", "coordinates": [ 39.0133302, 45.0209141 ] } },
{ "type": "Feature", "properties": { "NAME": "Детский сад «Ясли»", "NAME_EN": null, "NAME_RU": null, "RAILWAY": "tram_stop", "HIGHWAY": null, "REF": null, "NETWORK": null, "PUBLIC_TRA": "platform", "OSM_TYPE": "node", "OSM_ID": 2276994936 }, "geometry": { "type": "Point", "coordinates": [ 39.0682266, 45.0190984 ] } },
{ "type": "Feature", "properties": { "NAME": "Детский сад «Ясли»", "NAME_EN": null, "NAME_RU": null, "RAILWAY": "tram_stop", "HIGHWAY": null, "REF": null, "NETWORK": null, "PUBLIC_TRA": "platform", "OSM_TYPE": "node", "OSM_ID": 2276994937 }, "geometry": { "type": "Point", "coordinates": [ 39.0680184, 45.0192867 ] } },
{ "type": "Feature", "properties": { "NAME": "Жилой комплекс на Магистральной улице", "NAME_EN": null, "NAME_RU": null, "RAILWAY": "tram_stop", "HIGHWAY": null, "REF": null, "NETWORK": null, "PUBLIC_TRA": "platform", "OSM_TYPE": "node", "OSM_ID": 2276994940 }, "geometry": { "type": "Point", "coordinates": [ 39.0715097, 45.0311976 ] } },
{ "type": "Feature", "properties": { "NAME": "Жилой комплекс на Магистральной улице", "NAME_EN": null, "NAME_RU": null, "RAILWAY": "tram_stop", "HIGHWAY": null, "REF": null, "NETWORK": null, "PUBLIC_TRA": "platform", "OSM_TYPE": "node", "OSM_ID": 2276994943 }, "geometry": { "type": "Point", "coordinates": [ 39.0720526, 45.0313594 ] } },
{ "type": "Feature", "properties": { "NAME": "Сормовская улица", "NAME_EN": null, "NAME_RU": null, "RAILWAY": null, "HIGHWAY": "bus_stop", "REF": null, "NETWORK": null, "PUBLIC_TRA": "platform", "OSM_TYPE": "node", "OSM_ID": 2276994946 }, "geometry": { "type": "Point", "coordinates": [ 39.0659072, 45.0240032 ] } },
{ "type": "Feature", "properties": { "NAME": "Сормовская улица", "NAME_EN": null, "NAME_RU": null, "RAILWAY": "tram_stop", "HIGHWAY": null, "REF": null, "NETWORK": null, "PUBLIC_TRA": "platform", "OSM_TYPE": "node", "OSM_ID": 2276994949 }, "geometry": { "type": "Point", "coordinates": [ 39.0655969, 45.0244421 ] } },
{ "type": "Feature", "properties": { "NAME": "Магистральная улица", "NAME_EN": null, "NAME_RU": null, "RAILWAY": "tram_stop", "HIGHWAY": null, "REF": null, "NETWORK": null, "PUBLIC_TRA": "platform", "OSM_TYPE": "node", "OSM_ID": 2276994952 }, "geometry": { "type": "Point", "coordinates": [ 39.0637316, 45.0303909 ] } },
{ "type": "Feature", "properties": { "NAME": "Магистральная улица", "NAME_EN": null, "NAME_RU": null, "RAILWAY": "tram_stop", "HIGHWAY": null, "REF": null, "NETWORK": null, "PUBLIC_TRA": "platform", "OSM_TYPE": "node", "OSM_ID": 2276994957 }, "geometry": { "type": "Point", "coordinates": [ 39.0642002, 45.0308068 ] } },
{ "type": "Feature", "properties": { "NAME": "Нежинская улица", "NAME_EN": null, "NAME_RU": null, "RAILWAY": "tram_stop", "HIGHWAY": null, "REF": null, "NETWORK": null, "PUBLIC_TRA": "platform", "OSM_TYPE": "node", "OSM_ID": 2276994960 }, "geometry": { "type": "Point", "coordinates": [ 39.0643391, 45.0276305 ] } },
{ "type": "Feature", "properties": { "NAME": "Онежская улица", "NAME_EN": null, "NAME_RU": null, "RAILWAY": "tram_stop", "HIGHWAY": null, "REF": null, "NETWORK": null, "PUBLIC_TRA": "platform", "OSM_TYPE": "node", "OSM_ID": 2276994963 }, "geometry": { "type": "Point", "coordinates": [ 39.0667829, 45.0308968 ] } },
{ "type": "Feature", "properties": { "NAME": "Онежская улица", "NAME_EN": null, "NAME_RU": null, "RAILWAY": "tram_stop", "HIGHWAY": null, "REF": null, "NETWORK": null, "PUBLIC_TRA": "platform", "OSM_TYPE": "node", "OSM_ID": 2276994967 }, "geometry": { "type": "Point", "coordinates": [ 39.0674331, 45.0310025 ] } },
{ "type": "Feature", "properties": { "NAME": "Симферопольская улица", "NAME_EN": null, "NAME_RU": null, "RAILWAY": "tram_stop", "HIGHWAY": null, "REF": null, "NETWORK": null, "PUBLIC_TRA": "platform", "OSM_TYPE": "node", "OSM_ID": 2276994970 }, "geometry": { "type": "Point", "coordinates": [ 39.0867463, 45.0358826 ] } },
{ "type": "Feature", "properties": { "NAME": "Симферопольская улица", "NAME_EN": null, "NAME_RU": null, "RAILWAY": "tram_stop", "HIGHWAY": null, "REF": null, "NETWORK": null, "PUBLIC_TRA": "platform", "OSM_TYPE": "node", "OSM_ID": 2276994973 }, "geometry": { "type": "Point", "coordinates": [ 39.0866291, 45.0359942 ] } },
{ "type": "Feature", "properties": { "NAME": "улица Тюляева", "NAME_EN": null, "NAME_RU": null, "RAILWAY": "tram_stop", "HIGHWAY": null, "REF": null, "NETWORK": null, "PUBLIC_TRA": "platform", "OSM_TYPE": "node", "OSM_ID": 2276994977 }, "geometry": { "type": "Point", "coordinates": [ 39.093959, 45.0388955 ] } },
{ "type": "Feature", "properties": { "NAME": "улица Тюляева", "NAME_EN": "Tulyaeva Str.", "NAME_RU": "улица Тюляева", "RAILWAY": "tram_stop", "HIGHWAY": null, "REF": null, "NETWORK": null, "PUBLIC_TRA": "platform", "OSM_TYPE": "node", "OSM_ID": 2276994980 }, "geometry": { "type": "Point", "coordinates": [ 39.0938798, 45.0389806 ] } },
{ "type": "Feature", "properties": { "NAME": "Уральская улица", "NAME_EN": null, "NAME_RU": null, "RAILWAY": "tram_stop", "HIGHWAY": null, "REF": null, "NETWORK": null, "PUBLIC_TRA": "platform", "OSM_TYPE": "node", "OSM_ID": 2276994984 }, "geometry": { "type": "Point", "coordinates": [ 39.0901559, 45.0377761 ] } },
{ "type": "Feature", "properties": { "NAME": "Уральская улица", "NAME_EN": null, "NAME_RU": null, "RAILWAY": "tram_stop", "HIGHWAY": null, "REF": null, "NETWORK": null, "PUBLIC_TRA": "platform", "OSM_TYPE": "node", "OSM_ID": 2276994987 }, "geometry": { "type": "Point", "coordinates": [ 39.0899815, 45.0378578 ] } },
{ "type": "Feature", "properties": { "NAME": "улица Нефтезаводская", "NAME_EN": null, "NAME_RU": null, "RAILWAY": null, "HIGHWAY": "bus_stop", "REF": null, "NETWORK": null, "PUBLIC_TRA": "platform", "OSM_TYPE": "node", "OSM_ID": 2278064453 }, "geometry": { "type": "Point", "coordinates": [ 38.9609816, 45.0041711 ] } },
{ "type": "Feature", "properties": { "NAME": "улица Заводская", "NAME_EN": null, "NAME_RU": null, "RAILWAY": null, "HIGHWAY": "bus_stop", "REF": null, "NETWORK": null, "PUBLIC_TRA": "platform", "OSM_TYPE": "node", "OSM_ID": 2278064455 }, "geometry": { "type": "Point", "coordinates": [ 38.9605964, 45.00579 ] } },
{ "type": "Feature", "properties": { "NAME": "ВНИИМК", "NAME_EN": null, "NAME_RU": null, "RAILWAY": null, "HIGHWAY": "bus_stop", "REF": null, "NETWORK": null, "PUBLIC_TRA": "platform", "OSM_TYPE": "node", "OSM_ID": 2278064457 }, "geometry": { "type": "Point", "coordinates": [ 39.0138609, 45.0341297 ] } },
{ "type": "Feature", "properties": { "NAME": "улица Индустриальная", "NAME_EN": null, "NAME_RU": null, "RAILWAY": null, "HIGHWAY": "bus_stop", "REF": null, "NETWORK": null, "PUBLIC_TRA": "platform", "OSM_TYPE": "node", "OSM_ID": 2278064458 }, "geometry": { "type": "Point", "coordinates": [ 38.9615455, 44.9998715 ] } },
{ "type": "Feature", "properties": { "NAME": "улица Индустриальная", "NAME_EN": null, "NAME_RU": null, "RAILWAY": null, "HIGHWAY": "bus_stop", "REF": null, "NETWORK": null, "PUBLIC_TRA": "platform", "OSM_TYPE": "node", "OSM_ID": 2278064460 }, "geometry": { "type": "Point", "coordinates": [ 38.9612956, 44.9998385 ] } },
{ "type": "Feature", "properties": { "NAME": "проезд Затонный", "NAME_EN": null, "NAME_RU": null, "RAILWAY": null, "HIGHWAY": "bus_stop", "REF": null, "NETWORK": null, "PUBLIC_TRA": "platform", "OSM_TYPE": "node", "OSM_ID": 2278064461 }, "geometry": { "type": "Point", "coordinates": [ 38.9606706, 45.0069553 ] } },
{ "type": "Feature", "properties": { "NAME": "переулок Затонный", "NAME_EN": null, "NAME_RU": null, "RAILWAY": null, "HIGHWAY": "bus_stop", "REF": null, "NETWORK": null, "PUBLIC_TRA": "platform", "OSM_TYPE": "node", "OSM_ID": 2278064463 }, "geometry": { "type": "Point", "coordinates": [ 38.9602545, 45.0082354 ] } },
{ "type": "Feature", "properties": { "NAME": "улица Базовская", "NAME_EN": null, "NAME_RU": null, "RAILWAY": null, "HIGHWAY": "bus_stop", "REF": null, "NETWORK": null, "PUBLIC_TRA": "platform", "OSM_TYPE": "node", "OSM_ID": 2278064485 }, "geometry": { "type": "Point", "coordinates": [ 38.9890387, 45.0380153 ] } },
{ "type": "Feature", "properties": { "NAME": "улица Базовская", "NAME_EN": null, "NAME_RU": null, "RAILWAY": null, "HIGHWAY": "bus_stop", "REF": null, "NETWORK": null, "PUBLIC_TRA": "platform", "OSM_TYPE": "node", "OSM_ID": 2278064487 }, "geometry": { "type": "Point", "coordinates": [ 38.9881429, 45.0383688 ] } },
{ "type": "Feature", "properties": { "NAME": "улица Нефтезаводская", "NAME_EN": null, "NAME_RU": null, "RAILWAY": null, "HIGHWAY": "bus_stop", "REF": null, "NETWORK": null, "PUBLIC_TRA": "platform", "OSM_TYPE": "node", "OSM_ID": 2278064488 }, "geometry": { "type": "Point", "coordinates": [ 38.9608227, 45.003738 ] } },
{ "type": "Feature", "properties": { "NAME": "улица Садовая", "NAME_EN": null, "NAME_RU": null, "RAILWAY": null, "HIGHWAY": "bus_stop", "REF": null, "NETWORK": null, "PUBLIC_TRA": "platform", "OSM_TYPE": "node", "OSM_ID": 2278064490 }, "geometry": { "type": "Point", "coordinates": [ 38.9939996, 45.0372823 ] } },
{ "type": "Feature", "properties": { "NAME": "улица Садовая", "NAME_EN": null, "NAME_RU": null, "RAILWAY": null, "HIGHWAY": "bus_stop", "REF": null, "NETWORK": null, "PUBLIC_TRA": "platform", "OSM_TYPE": "node", "OSM_ID": 2278064491 }, "geometry": { "type": "Point", "coordinates": [ 38.9934326, 45.0375379 ] } },
{ "type": "Feature", "properties": { "NAME": "улица Селезнева (Старокубанская улица)", "NAME_EN": null, "NAME_RU": null, "RAILWAY": null, "HIGHWAY": "bus_stop", "REF": null, "NETWORK": null, "PUBLIC_TRA": "platform", "OSM_TYPE": "node", "OSM_ID": 2278064493 }, "geometry": { "type": "Point", "coordinates": [ 39.0491566, 45.0198899 ] } },
{ "type": "Feature", "properties": { "NAME": "улица Советская", "NAME_EN": null, "NAME_RU": null, "RAILWAY": null, "HIGHWAY": "bus_stop", "REF": null, "NETWORK": null, "PUBLIC_TRA": "platform", "OSM_TYPE": "node", "OSM_ID": 2278064494 }, "geometry": { "type": "Point", "coordinates": [ 38.9638937, 45.018239 ] } },
{ "type": "Feature", "properties": { "NAME": "улица Советская", "NAME_EN": null, "NAME_RU": null, "RAILWAY": null, "HIGHWAY": "bus_stop", "REF": null, "NETWORK": null, "PUBLIC_TRA": "platform", "OSM_TYPE": "node", "OSM_ID": 2278064496 }, "geometry": { "type": "Point", "coordinates": [ 38.9640556, 45.0191815 ] } },
{ "type": "Feature", "properties": { "NAME": "улица Стасова (улица Селезнева)", "NAME_EN": null, "NAME_RU": null, "RAILWAY": null, "HIGHWAY": "bus_stop", "REF": null, "NETWORK": null, "PUBLIC_TRA": "platform", "OSM_TYPE": "node", "OSM_ID": 2278064497 }, "geometry": { "type": "Point", "coordinates": [ 39.044229, 45.022801 ] } },
{ "type": "Feature", "properties": { "NAME": "улица Янковского", "NAME_EN": null, "NAME_RU": null, "RAILWAY": null, "HIGHWAY": "bus_stop", "REF": null, "NETWORK": null, "PUBLIC_TRA": "platform", "OSM_TYPE": "node", "OSM_ID": 2278064499 }, "geometry": { "type": "Point", "coordinates": [ 38.9847192, 45.0387213 ] } },
{ "type": "Feature", "properties": { "NAME": "улица Янковского", "NAME_EN": null, "NAME_RU": null, "RAILWAY": null, "HIGHWAY": "bus_stop", "REF": null, "NETWORK": null, "PUBLIC_TRA": "platform", "OSM_TYPE": "node", "OSM_ID": 2278064500 }, "geometry": { "type": "Point", "coordinates": [ 38.9841236, 45.0390075 ] } },
{ "type": "Feature", "properties": { "NAME": "переулок Переправный", "NAME_EN": null, "NAME_RU": null, "RAILWAY": null, "HIGHWAY": "bus_stop", "REF": null, "NETWORK": null, "PUBLIC_TRA": "platform", "OSM_TYPE": "node", "OSM_ID": 2279513343 }, "geometry": { "type": "Point", "coordinates": [ 38.9816264, 45.0136244 ] } },
{ "type": "Feature", "properties": { "NAME": "улица КИМ", "NAME_EN": null, "NAME_RU": null, "RAILWAY": null, "HIGHWAY": "bus_stop", "REF": null, "NETWORK": null, "PUBLIC_TRA": "platform", "OSM_TYPE": "node", "OSM_ID": 2279513345 }, "geometry": { "type": "Point", "coordinates": [ 38.9940722, 45.0184224 ] } },
{ "type": "Feature", "properties": { "NAME": "Монтажная улица", "NAME_EN": null, "NAME_RU": null, "RAILWAY": "tram_stop", "HIGHWAY": null, "REF": null, "NETWORK": null, "PUBLIC_TRA": "platform", "OSM_TYPE": "node", "OSM_ID": 2280384177 }, "geometry": { "type": "Point", "coordinates": [ 39.0825049, 45.0345051 ] } },
{ "type": "Feature", "properties": { "NAME": "Монтажная улица", "NAME_EN": null, "NAME_RU": null, "RAILWAY": "tram_stop", "HIGHWAY": null, "REF": null, "NETWORK": null, "PUBLIC_TRA": "platform", "OSM_TYPE": "node", "OSM_ID": 2280384178 }, "geometry": { "type": "Point", "coordinates": [ 39.0830241, 45.0348281 ] } },
{ "type": "Feature", "properties": { "NAME": "Просторная улица", "NAME_EN": null, "NAME_RU": null, "RAILWAY": "tram_stop", "HIGHWAY": null, "REF": null, "NETWORK": null, "PUBLIC_TRA": "platform", "OSM_TYPE": "node", "OSM_ID": 2280384179 }, "geometry": { "type": "Point", "coordinates": [ 39.0795056, 45.0335476 ] } },
{ "type": "Feature", "properties": { "NAME": "Просторная улица", "NAME_EN": null, "NAME_RU": null, "RAILWAY": "tram_stop", "HIGHWAY": null, "REF": null, "NETWORK": null, "PUBLIC_TRA": "platform", "OSM_TYPE": "node", "OSM_ID": 2280384180 }, "geometry": { "type": "Point", "coordinates": [ 39.0787773, 45.0334421 ] } },
{ "type": "Feature", "properties": { "NAME": "Улица Благоева/ Улица Василия Мачуги", "NAME_EN": null, "NAME_RU": null, "RAILWAY": null, "HIGHWAY": "bus_stop", "REF": null, "NETWORK": null, "PUBLIC_TRA": "platform", "OSM_TYPE": "node", "OSM_ID": 2282092075 }, "geometry": { "type": "Point", "coordinates": [ 39.0800641, 45.0131484 ] } },
{ "type": "Feature", "properties": { "NAME": "улица Автолюбителей (О'Кей)", "NAME_EN": null, "NAME_RU": null, "RAILWAY": null, "HIGHWAY": "bus_stop", "REF": null, "NETWORK": null, "PUBLIC_TRA": "platform", "OSM_TYPE": "node", "OSM_ID": 2282092076 }, "geometry": { "type": "Point", "coordinates": [ 39.0679675, 45.0123827 ] } },
{ "type": "Feature", "properties": { "NAME": "улица Краевая", "NAME_EN": null, "NAME_RU": null, "RAILWAY": null, "HIGHWAY": "bus_stop", "REF": null, "NETWORK": null, "PUBLIC_TRA": "platform", "OSM_TYPE": "node", "OSM_ID": 2282092077 }, "geometry": { "type": "Point", "coordinates": [ 39.0740377, 45.0123365 ] } },
{ "type": "Feature", "properties": { "NAME": "Завод имени Седина", "NAME_EN": null, "NAME_RU": null, "RAILWAY": "tram_stop", "HIGHWAY": null, "REF": null, "NETWORK": null, "PUBLIC_TRA": "platform", "OSM_TYPE": "node", "OSM_ID": 2285648862 }, "geometry": { "type": "Point", "coordinates": [ 38.9670202, 45.0054723 ] } },
{ "type": "Feature", "properties": { "NAME": "Завод имени Седина", "NAME_EN": null, "NAME_RU": null, "RAILWAY": "tram_stop", "HIGHWAY": null, "REF": null, "NETWORK": null, "PUBLIC_TRA": "platform", "OSM_TYPE": "node", "OSM_ID": 2285648863 }, "geometry": { "type": "Point", "coordinates": [ 38.9671028, 45.0057836 ] } },
{ "type": "Feature", "properties": { "NAME": "Почта", "NAME_EN": null, "NAME_RU": null, "RAILWAY": "tram_stop", "HIGHWAY": null, "REF": null, "NETWORK": null, "PUBLIC_TRA": "platform", "OSM_TYPE": "node", "OSM_ID": 2285648868 }, "geometry": { "type": "Point", "coordinates": [ 39.0013631, 45.0667512 ] } },
{ "type": "Feature", "properties": { "NAME": "РИП", "NAME_EN": null, "NAME_RU": null, "RAILWAY": "tram_stop", "HIGHWAY": null, "REF": null, "NETWORK": null, "PUBLIC_TRA": "stop_position", "OSM_TYPE": "node", "OSM_ID": 2285648869 }, "geometry": { "type": "Point", "coordinates": [ 39.0010557, 45.0702136 ] } },
{ "type": "Feature", "properties": { "NAME": "РИП", "NAME_EN": null, "NAME_RU": null, "RAILWAY": "tram_stop", "HIGHWAY": null, "REF": null, "NETWORK": null, "PUBLIC_TRA": "stop_position", "OSM_TYPE": "node", "OSM_ID": 2285648870 }, "geometry": { "type": "Point", "coordinates": [ 39.000951, 45.0705136 ] } },
{ "type": "Feature", "properties": { "NAME": "улица 40 лет Победы", "NAME_EN": null, "NAME_RU": null, "RAILWAY": "tram_stop", "HIGHWAY": null, "REF": null, "NETWORK": null, "PUBLIC_TRA": "platform", "OSM_TYPE": "node", "OSM_ID": 2285648884 }, "geometry": { "type": "Point", "coordinates": [ 38.9895904, 45.0540875 ] } },
{ "type": "Feature", "properties": { "NAME": "Зиповская улица", "NAME_EN": null, "NAME_RU": null, "RAILWAY": "tram_stop", "HIGHWAY": null, "REF": null, "NETWORK": null, "PUBLIC_TRA": "platform", "OSM_TYPE": "node", "OSM_ID": 2285648889 }, "geometry": { "type": "Point", "coordinates": [ 39.0018376, 45.0625498 ] } },
{ "type": "Feature", "properties": { "NAME": "улица Коммунаров", "NAME_EN": null, "NAME_RU": null, "RAILWAY": "tram_stop", "HIGHWAY": null, "REF": null, "NETWORK": null, "PUBLIC_TRA": "stop_position", "OSM_TYPE": "node", "OSM_ID": 2285648893 }, "geometry": { "type": "Point", "coordinates": [ 38.9770599, 45.0306302 ] } },
{ "type": "Feature", "properties": { "NAME": "улица Коммунаров", "NAME_EN": null, "NAME_RU": null, "RAILWAY": "tram_stop", "HIGHWAY": null, "REF": null, "NETWORK": null, "PUBLIC_TRA": "stop_position", "OSM_TYPE": "node", "OSM_ID": 2285648894 }, "geometry": { "type": "Point", "coordinates": [ 38.97641, 45.0307151 ] } },
{ "type": "Feature", "properties": { "NAME": "Нефтезавод", "NAME_EN": null, "NAME_RU": null, "RAILWAY": "tram_stop", "HIGHWAY": null, "REF": null, "NETWORK": null, "PUBLIC_TRA": "platform", "OSM_TYPE": "node", "OSM_ID": 2285648920 }, "geometry": { "type": "Point", "coordinates": [ 38.9648338, 45.0026598 ] } },
{ "type": "Feature", "properties": { "NAME": "Нефтезавод", "NAME_EN": null, "NAME_RU": null, "RAILWAY": "tram_stop", "HIGHWAY": null, "REF": null, "NETWORK": null, "PUBLIC_TRA": "platform", "OSM_TYPE": "node", "OSM_ID": 2285648926 }, "geometry": { "type": "Point", "coordinates": [ 38.9647863, 45.002781 ] } },
{ "type": "Feature", "properties": { "NAME": "Восточный рынок", "NAME_EN": null, "NAME_RU": null, "RAILWAY": "tram_stop", "HIGHWAY": null, "REF": null, "NETWORK": null, "PUBLIC_TRA": "platform", "OSM_TYPE": "node", "OSM_ID": 2303508546 }, "geometry": { "type": "Point", "coordinates": [ 39.0427523, 45.0194856 ] } },
{ "type": "Feature", "properties": { "NAME": "Восточный рынок", "NAME_EN": null, "NAME_RU": null, "RAILWAY": "tram_stop", "HIGHWAY": null, "REF": null, "NETWORK": null, "PUBLIC_TRA": "platform", "OSM_TYPE": "node", "OSM_ID": 2303508547 }, "geometry": { "type": "Point", "coordinates": [ 39.0426518, 45.0199208 ] } },
{ "type": "Feature", "properties": { "NAME": "Кирпичный завод", "NAME_EN": null, "NAME_RU": null, "RAILWAY": "tram_stop", "HIGHWAY": null, "REF": null, "NETWORK": null, "PUBLIC_TRA": "platform", "OSM_TYPE": "node", "OSM_ID": 2303508548 }, "geometry": { "type": "Point", "coordinates": [ 39.0171471, 45.006332 ] } },
{ "type": "Feature", "properties": { "NAME": "Кирпичный завод", "NAME_EN": null, "NAME_RU": null, "RAILWAY": "tram_stop", "HIGHWAY": null, "REF": null, "NETWORK": null, "PUBLIC_TRA": "platform", "OSM_TYPE": "node", "OSM_ID": 2303508549 }, "geometry": { "type": "Point", "coordinates": [ 39.0171381, 45.0064279 ] } },
{ "type": "Feature", "properties": { "NAME": "Жилой комплекс «Фонтаны»", "NAME_EN": null, "NAME_RU": null, "RAILWAY": "tram_stop", "HIGHWAY": null, "REF": null, "NETWORK": null, "PUBLIC_TRA": "platform", "OSM_TYPE": "node", "OSM_ID": 2303508554 }, "geometry": { "type": "Point", "coordinates": [ 39.0238752, 45.0015531 ] } },
{ "type": "Feature", "properties": { "NAME": "ТРК «Меридиан»", "NAME_EN": null, "NAME_RU": null, "RAILWAY": "tram_stop", "HIGHWAY": null, "REF": null, "NETWORK": null, "PUBLIC_TRA": "platform", "OSM_TYPE": "node", "OSM_ID": 2303508562 }, "geometry": { "type": "Point", "coordinates": [ 39.0435112, 45.0258894 ] } },
{ "type": "Feature", "properties": { "NAME": "ТРК «Меридиан»", "NAME_EN": null, "NAME_RU": null, "RAILWAY": "tram_stop", "HIGHWAY": null, "REF": null, "NETWORK": null, "PUBLIC_TRA": "platform", "OSM_TYPE": "node", "OSM_ID": 2303508563 }, "geometry": { "type": "Point", "coordinates": [ 39.0433589, 45.0261297 ] } },
{ "type": "Feature", "properties": { "NAME": "Хладокомбинат", "NAME_EN": null, "NAME_RU": null, "RAILWAY": "tram_stop", "HIGHWAY": null, "REF": null, "NETWORK": null, "PUBLIC_TRA": "platform", "OSM_TYPE": "node", "OSM_ID": 2303508565 }, "geometry": { "type": "Point", "coordinates": [ 39.0432816, 45.0301934 ] } },
{ "type": "Feature", "properties": { "NAME": "Хладокомбинат", "NAME_EN": null, "NAME_RU": null, "RAILWAY": "tram_stop", "HIGHWAY": null, "REF": null, "NETWORK": null, "PUBLIC_TRA": "platform", "OSM_TYPE": "node", "OSM_ID": 2303508570 }, "geometry": { "type": "Point", "coordinates": [ 39.0434771, 45.0307681 ] } },
{ "type": "Feature", "properties": { "NAME": "Армавирская улица", "NAME_EN": null, "NAME_RU": null, "RAILWAY": "tram_stop", "HIGHWAY": null, "REF": null, "NETWORK": null, "PUBLIC_TRA": "platform", "OSM_TYPE": "node", "OSM_ID": 2303508574 }, "geometry": { "type": "Point", "coordinates": [ 39.0079895, 45.0498804 ] } },
{ "type": "Feature", "properties": { "NAME": "Армавирская улица", "NAME_EN": null, "NAME_RU": null, "RAILWAY": "tram_stop", "HIGHWAY": null, "REF": null, "NETWORK": null, "PUBLIC_TRA": "platform", "OSM_TYPE": "node", "OSM_ID": 2303508580 }, "geometry": { "type": "Point", "coordinates": [ 39.0080319, 45.0499593 ] } },
{ "type": "Feature", "properties": { "NAME": "Бургасская улица", "NAME_EN": null, "NAME_RU": null, "RAILWAY": "tram_stop", "HIGHWAY": null, "REF": null, "NETWORK": null, "PUBLIC_TRA": "platform", "OSM_TYPE": "node", "OSM_ID": 2303508584 }, "geometry": { "type": "Point", "coordinates": [ 39.0368299, 45.0119008 ] } },
{ "type": "Feature", "properties": { "NAME": "улица Димитрова", "NAME_EN": null, "NAME_RU": null, "RAILWAY": "tram_stop", "HIGHWAY": null, "REF": null, "NETWORK": null, "PUBLIC_TRA": "platform", "OSM_TYPE": "node", "OSM_ID": 2303508860 }, "geometry": { "type": "Point", "coordinates": [ 39.0217717, 45.002257 ] } },
{ "type": "Feature", "properties": { "NAME": "улица Достоевского", "NAME_EN": null, "NAME_RU": null, "RAILWAY": "tram_stop", "HIGHWAY": null, "REF": null, "NETWORK": null, "PUBLIC_TRA": "platform", "OSM_TYPE": "node", "OSM_ID": 2303508861 }, "geometry": { "type": "Point", "coordinates": [ 39.0138127, 45.049165 ] } },
{ "type": "Feature", "properties": { "NAME": "улица Достоевского", "NAME_EN": null, "NAME_RU": null, "RAILWAY": "tram_stop", "HIGHWAY": null, "REF": null, "NETWORK": null, "PUBLIC_TRA": "platform", "OSM_TYPE": "node", "OSM_ID": 2303508862 }, "geometry": { "type": "Point", "coordinates": [ 39.0143623, 45.0495273 ] } },
{ "type": "Feature", "properties": { "NAME": "улица Ковтюха", "NAME_EN": null, "NAME_RU": null, "RAILWAY": "tram_stop", "HIGHWAY": null, "REF": null, "NETWORK": null, "PUBLIC_TRA": "platform", "OSM_TYPE": "node", "OSM_ID": 2303508863 }, "geometry": { "type": "Point", "coordinates": [ 39.0121789, 45.0147039 ] } },
{ "type": "Feature", "properties": { "NAME": "улица Ковтюха", "NAME_EN": null, "NAME_RU": null, "RAILWAY": "tram_stop", "HIGHWAY": null, "REF": null, "NETWORK": null, "PUBLIC_TRA": "platform", "OSM_TYPE": "node", "OSM_ID": 2303508864 }, "geometry": { "type": "Point", "coordinates": [ 39.0119682, 45.0150632 ] } },
{ "type": "Feature", "properties": { "NAME": "Майкопская улица", "NAME_EN": null, "NAME_RU": null, "RAILWAY": "tram_stop", "HIGHWAY": null, "REF": null, "NETWORK": null, "PUBLIC_TRA": "platform", "OSM_TYPE": "node", "OSM_ID": 2303508865 }, "geometry": { "type": "Point", "coordinates": [ 39.0126604, 45.0112298 ] } },
{ "type": "Feature", "properties": { "NAME": "Майкопская улица", "NAME_EN": null, "NAME_RU": null, "RAILWAY": "tram_stop", "HIGHWAY": null, "REF": null, "NETWORK": null, "PUBLIC_TRA": "platform", "OSM_TYPE": "node", "OSM_ID": 2303508866 }, "geometry": { "type": "Point", "coordinates": [ 39.0124787, 45.0116216 ] } },
{ "type": "Feature", "properties": { "NAME": "улица Некрасова", "NAME_EN": null, "NAME_RU": null, "RAILWAY": "tram_stop", "HIGHWAY": null, "REF": null, "NETWORK": null, "PUBLIC_TRA": "platform", "OSM_TYPE": "node", "OSM_ID": 2303508867 }, "geometry": { "type": "Point", "coordinates": [ 39.0122647, 45.049456 ] } },
{ "type": "Feature", "properties": { "NAME": "улица Некрасова", "NAME_EN": null, "NAME_RU": null, "RAILWAY": "tram_stop", "HIGHWAY": null, "REF": null, "NETWORK": null, "PUBLIC_TRA": "platform", "OSM_TYPE": "node", "OSM_ID": 2303508868 }, "geometry": { "type": "Point", "coordinates": [ 39.0114425, 45.0494627 ] } },
{ "type": "Feature", "properties": { "NAME": "Новая улица", "NAME_EN": null, "NAME_RU": null, "RAILWAY": "tram_stop", "HIGHWAY": null, "REF": null, "NETWORK": null, "PUBLIC_TRA": "platform", "OSM_TYPE": "node", "OSM_ID": 2303508869 }, "geometry": { "type": "Point", "coordinates": [ 39.0279707, 45.0048268 ] } },
{ "type": "Feature", "properties": { "NAME": "Свободная улица", "NAME_EN": null, "NAME_RU": null, "RAILWAY": "tram_stop", "HIGHWAY": null, "REF": null, "NETWORK": null, "PUBLIC_TRA": "platform", "OSM_TYPE": "node", "OSM_ID": 2303508969 }, "geometry": { "type": "Point", "coordinates": [ 39.0322222, 45.0082487 ] } },
{ "type": "Feature", "properties": { "NAME": "улица Селезнева", "NAME_EN": null, "NAME_RU": null, "RAILWAY": "tram_stop", "HIGHWAY": null, "REF": null, "NETWORK": null, "PUBLIC_TRA": "platform", "OSM_TYPE": "node", "OSM_ID": 2303508972 }, "geometry": { "type": "Point", "coordinates": [ 39.0430432, 45.0224438 ] } },
{ "type": "Feature", "properties": { "NAME": "улица Селезнева", "NAME_EN": null, "NAME_RU": null, "RAILWAY": "tram_stop", "HIGHWAY": null, "REF": null, "NETWORK": null, "PUBLIC_TRA": "platform", "OSM_TYPE": "node", "OSM_ID": 2303508973 }, "geometry": { "type": "Point", "coordinates": [ 39.0432533, 45.0226257 ] } },
{ "type": "Feature", "properties": { "NAME": "Ставропольская улица", "NAME_EN": null, "NAME_RU": null, "RAILWAY": "tram_stop", "HIGHWAY": null, "REF": null, "NETWORK": null, "PUBLIC_TRA": "platform", "OSM_TYPE": "node", "OSM_ID": 2303508974 }, "geometry": { "type": "Point", "coordinates": [ 39.0113025, 45.02054 ] } },
{ "type": "Feature", "properties": { "NAME": "улица Ставропольская", "NAME_EN": null, "NAME_RU": null, "RAILWAY": "tram_stop", "HIGHWAY": null, "REF": null, "NETWORK": null, "PUBLIC_TRA": "platform", "OSM_TYPE": "node", "OSM_ID": 2303508975 }, "geometry": { "type": "Point", "coordinates": [ 39.0421382, 45.0170252 ] } },
{ "type": "Feature", "properties": { "NAME": "Баня", "NAME_EN": null, "NAME_RU": null, "RAILWAY": "tram_stop", "HIGHWAY": null, "REF": null, "NETWORK": null, "PUBLIC_TRA": "platform", "OSM_TYPE": "node", "OSM_ID": 2304117485 }, "geometry": { "type": "Point", "coordinates": [ 38.9328059, 45.0608722 ] } },
{ "type": "Feature", "properties": { "NAME": "Баня", "NAME_EN": null, "NAME_RU": null, "RAILWAY": "tram_stop", "HIGHWAY": null, "REF": null, "NETWORK": null, "PUBLIC_TRA": "platform", "OSM_TYPE": "node", "OSM_ID": 2304117486 }, "geometry": { "type": "Point", "coordinates": [ 38.9326894, 45.0608906 ] } },
{ "type": "Feature", "properties": { "NAME": "Западное депо", "NAME_EN": null, "NAME_RU": null, "RAILWAY": "tram_stop", "HIGHWAY": null, "REF": null, "NETWORK": null, "PUBLIC_TRA": "platform", "OSM_TYPE": "node", "OSM_ID": 2304117487 }, "geometry": { "type": "Point", "coordinates": [ 38.923291, 45.0677565 ] } },
{ "type": "Feature", "properties": { "NAME": "Западное депо", "NAME_EN": null, "NAME_RU": null, "RAILWAY": "tram_stop", "HIGHWAY": null, "REF": null, "NETWORK": null, "PUBLIC_TRA": "platform", "OSM_TYPE": "node", "OSM_ID": 2304117488 }, "geometry": { "type": "Point", "coordinates": [ 38.9237513, 45.0681031 ] } },
{ "type": "Feature", "properties": { "NAME": "улица Брюсова", "NAME_EN": null, "NAME_RU": null, "RAILWAY": "tram_stop", "HIGHWAY": null, "REF": null, "NETWORK": null, "PUBLIC_TRA": "platform", "OSM_TYPE": "node", "OSM_ID": 2304117490 }, "geometry": { "type": "Point", "coordinates": [ 38.9496427, 45.0411311 ] } },
{ "type": "Feature", "properties": { "NAME": "Почта", "NAME_EN": null, "NAME_RU": null, "RAILWAY": "tram_stop", "HIGHWAY": null, "REF": null, "NETWORK": null, "PUBLIC_TRA": "platform", "OSM_TYPE": "node", "OSM_ID": 2304117492 }, "geometry": { "type": "Point", "coordinates": [ 38.9081888, 45.0290097 ] } },
{ "type": "Feature", "properties": { "NAME": "Проспект Чекистов", "NAME_EN": null, "NAME_RU": null, "RAILWAY": "tram_stop", "HIGHWAY": null, "REF": null, "NETWORK": null, "PUBLIC_TRA": "platform", "OSM_TYPE": "node", "OSM_ID": 2304117494 }, "geometry": { "type": "Point", "coordinates": [ 38.917037, 45.0325519 ] } },
{ "type": "Feature", "properties": { "NAME": "Торговый центр", "NAME_EN": null, "NAME_RU": null, "RAILWAY": "tram_stop", "HIGHWAY": null, "REF": null, "NETWORK": null, "PUBLIC_TRA": "platform", "OSM_TYPE": "node", "OSM_ID": 2304117504 }, "geometry": { "type": "Point", "coordinates": [ 38.9127824, 45.0308494 ] } },
{ "type": "Feature", "properties": { "NAME": "ЦКР", "NAME_EN": null, "NAME_RU": null, "RAILWAY": "tram_stop", "HIGHWAY": null, "REF": null, "NETWORK": null, "PUBLIC_TRA": "platform", "OSM_TYPE": "node", "OSM_ID": 2304117505 }, "geometry": { "type": "Point", "coordinates": [ 38.9682105, 45.0376648 ] } },
{ "type": "Feature", "properties": { "NAME": "улица 2-я Линия", "NAME_EN": null, "NAME_RU": null, "RAILWAY": "tram_stop", "HIGHWAY": null, "REF": null, "NETWORK": null, "PUBLIC_TRA": "platform", "OSM_TYPE": "node", "OSM_ID": 2304117507 }, "geometry": { "type": "Point", "coordinates": [ 38.9344956, 45.0567722 ] } },
{ "type": "Feature", "properties": { "NAME": "улица 2-я Линия", "NAME_EN": null, "NAME_RU": null, "RAILWAY": "tram_stop", "HIGHWAY": null, "REF": null, "NETWORK": null, "PUBLIC_TRA": "platform", "OSM_TYPE": "node", "OSM_ID": 2304117508 }, "geometry": { "type": "Point", "coordinates": [ 38.9337836, 45.0567989 ] } },
{ "type": "Feature", "properties": { "NAME": "улица 3-я Линия", "NAME_EN": null, "NAME_RU": null, "RAILWAY": "tram_stop", "HIGHWAY": null, "REF": null, "NETWORK": null, "PUBLIC_TRA": "platform", "OSM_TYPE": "node", "OSM_ID": 2304117509 }, "geometry": { "type": "Point", "coordinates": [ 38.9319262, 45.0580928 ] } },
{ "type": "Feature", "properties": { "NAME": "улица 3-я Линия", "NAME_EN": null, "NAME_RU": null, "RAILWAY": "tram_stop", "HIGHWAY": null, "REF": null, "NETWORK": null, "PUBLIC_TRA": "platform", "OSM_TYPE": "node", "OSM_ID": 2304117510 }, "geometry": { "type": "Point", "coordinates": [ 38.9318132, 45.0581086 ] } },
{ "type": "Feature", "properties": { "NAME": "улица Бабушкина", "NAME_EN": null, "NAME_RU": null, "RAILWAY": "tram_stop", "HIGHWAY": null, "REF": null, "NETWORK": null, "PUBLIC_TRA": "platform", "OSM_TYPE": "node", "OSM_ID": 2304117907 }, "geometry": { "type": "Point", "coordinates": [ 38.9390327, 45.051255 ] } },
{ "type": "Feature", "properties": { "NAME": "улица Бабушкина", "NAME_EN": null, "NAME_RU": null, "RAILWAY": "tram_stop", "HIGHWAY": null, "REF": null, "NETWORK": null, "PUBLIC_TRA": "platform", "OSM_TYPE": "node", "OSM_ID": 2304117913 }, "geometry": { "type": "Point", "coordinates": [ 38.9393564, 45.0519068 ] } },
{ "type": "Feature", "properties": { "NAME": "улица Буденного", "NAME_EN": null, "NAME_RU": null, "RAILWAY": "tram_stop", "HIGHWAY": null, "REF": null, "NETWORK": null, "PUBLIC_TRA": "platform", "OSM_TYPE": "node", "OSM_ID": 2304117926 }, "geometry": { "type": "Point", "coordinates": [ 38.9925375, 45.0334142 ] } },
{ "type": "Feature", "properties": { "NAME": "Виноградная улица", "NAME_EN": null, "NAME_RU": null, "RAILWAY": "tram_stop", "HIGHWAY": null, "REF": null, "NETWORK": null, "PUBLIC_TRA": "platform", "OSM_TYPE": "node", "OSM_ID": 2304117932 }, "geometry": { "type": "Point", "coordinates": [ 38.9278948, 45.0658148 ] } },
{ "type": "Feature", "properties": { "NAME": "улица Власова", "NAME_EN": null, "NAME_RU": null, "RAILWAY": "tram_stop", "HIGHWAY": null, "REF": null, "NETWORK": null, "PUBLIC_TRA": "platform", "OSM_TYPE": "node", "OSM_ID": 2304117943 }, "geometry": { "type": "Point", "coordinates": [ 38.938429, 45.048982 ] } },
{ "type": "Feature", "properties": { "NAME": "улица Власова", "NAME_EN": null, "NAME_RU": null, "RAILWAY": "tram_stop", "HIGHWAY": null, "REF": null, "NETWORK": null, "PUBLIC_TRA": "platform", "OSM_TYPE": "node", "OSM_ID": 2304117954 }, "geometry": { "type": "Point", "coordinates": [ 38.9384618, 45.0494588 ] } },
{ "type": "Feature", "properties": { "NAME": "улица Гагарина", "NAME_EN": null, "NAME_RU": null, "RAILWAY": "tram_stop", "HIGHWAY": null, "REF": null, "NETWORK": null, "PUBLIC_TRA": "platform", "OSM_TYPE": "node", "OSM_ID": 2304117957 }, "geometry": { "type": "Point", "coordinates": [ 38.9399006, 45.0558258 ] } },
{ "type": "Feature", "properties": { "NAME": "улица Гагарина", "NAME_EN": null, "NAME_RU": null, "RAILWAY": "tram_stop", "HIGHWAY": null, "REF": null, "NETWORK": null, "PUBLIC_TRA": "platform", "OSM_TYPE": "node", "OSM_ID": 2304117963 }, "geometry": { "type": "Point", "coordinates": [ 38.9399256, 45.0558972 ] } },
{ "type": "Feature", "properties": { "NAME": "улица Доватора", "NAME_EN": null, "NAME_RU": null, "RAILWAY": "tram_stop", "HIGHWAY": null, "REF": null, "NETWORK": null, "PUBLIC_TRA": "platform", "OSM_TYPE": "node", "OSM_ID": 2304118002 }, "geometry": { "type": "Point", "coordinates": [ 38.9261066, 45.0667653 ] } },
{ "type": "Feature", "properties": { "NAME": "улица Думенко", "NAME_EN": null, "NAME_RU": null, "RAILWAY": "tram_stop", "HIGHWAY": null, "REF": null, "NETWORK": null, "PUBLIC_TRA": "platform", "OSM_TYPE": "node", "OSM_ID": 2304118004 }, "geometry": { "type": "Point", "coordinates": [ 38.9211703, 45.0342196 ] } },
{ "type": "Feature", "properties": { "NAME": "Калининградская улица", "NAME_EN": null, "NAME_RU": null, "RAILWAY": "tram_stop", "HIGHWAY": null, "REF": null, "NETWORK": null, "PUBLIC_TRA": "platform", "OSM_TYPE": "node", "OSM_ID": 2304118005 }, "geometry": { "type": "Point", "coordinates": [ 38.962358, 45.0390668 ] } },
{ "type": "Feature", "properties": { "NAME": "улица Каляева", "NAME_EN": null, "NAME_RU": null, "RAILWAY": "tram_stop", "HIGHWAY": null, "REF": null, "NETWORK": null, "PUBLIC_TRA": "platform", "OSM_TYPE": "node", "OSM_ID": 2304118008 }, "geometry": { "type": "Point", "coordinates": [ 38.9372782, 45.0430983 ] } },
{ "type": "Feature", "properties": { "NAME": "Красная улица", "NAME_EN": null, "NAME_RU": null, "RAILWAY": "tram_stop", "HIGHWAY": null, "REF": null, "NETWORK": null, "PUBLIC_TRA": "platform", "OSM_TYPE": "node", "OSM_ID": 2304118385 }, "geometry": { "type": "Point", "coordinates": [ 38.9730468, 45.0313454 ] } },
{ "type": "Feature", "properties": { "NAME": "улица Красных Партизан", "NAME_EN": null, "NAME_RU": null, "RAILWAY": "tram_stop", "HIGHWAY": null, "REF": null, "NETWORK": null, "PUBLIC_TRA": "platform", "OSM_TYPE": "node", "OSM_ID": 2304118390 }, "geometry": { "type": "Point", "coordinates": [ 38.9398914, 45.053556 ] } },
{ "type": "Feature", "properties": { "NAME": "улица Красных Партизан", "NAME_EN": null, "NAME_RU": null, "RAILWAY": "tram_stop", "HIGHWAY": null, "REF": null, "NETWORK": null, "PUBLIC_TRA": "platform", "OSM_TYPE": "node", "OSM_ID": 2304118396 }, "geometry": { "type": "Point", "coordinates": [ 38.9399171, 45.0540653 ] } },
{ "type": "Feature", "properties": { "NAME": "улица Леваневского", "NAME_EN": null, "NAME_RU": null, "RAILWAY": "tram_stop", "HIGHWAY": null, "REF": null, "NETWORK": null, "PUBLIC_TRA": "stop_position", "OSM_TYPE": "node", "OSM_ID": 2304118401 }, "geometry": { "type": "Point", "coordinates": [ 38.9830456, 45.029647 ] } },
{ "type": "Feature", "properties": { "NAME": "улица Леваневского", "NAME_EN": null, "NAME_RU": null, "RAILWAY": "tram_stop", "HIGHWAY": null, "REF": null, "NETWORK": null, "PUBLIC_TRA": "stop_position", "OSM_TYPE": "node", "OSM_ID": 2304118406 }, "geometry": { "type": "Point", "coordinates": [ 38.983513, 45.0296029 ] } },
{ "type": "Feature", "properties": { "NAME": "улица МОПР", "NAME_EN": null, "NAME_RU": null, "RAILWAY": "tram_stop", "HIGHWAY": null, "REF": null, "NETWORK": null, "PUBLIC_TRA": "platform", "OSM_TYPE": "node", "OSM_ID": 2304118416 }, "geometry": { "type": "Point", "coordinates": [ 38.996502, 45.0468983 ] } },
{ "type": "Feature", "properties": { "NAME": "Минская улица", "NAME_EN": null, "NAME_RU": null, "RAILWAY": "tram_stop", "HIGHWAY": null, "REF": null, "NETWORK": null, "PUBLIC_TRA": "platform", "OSM_TYPE": "node", "OSM_ID": 2304118422 }, "geometry": { "type": "Point", "coordinates": [ 38.9336215, 45.0394543 ] } },
{ "type": "Feature", "properties": { "NAME": "Пашковская улица", "NAME_EN": null, "NAME_RU": null, "RAILWAY": "tram_stop", "HIGHWAY": null, "REF": null, "NETWORK": null, "PUBLIC_TRA": "platform", "OSM_TYPE": "node", "OSM_ID": 2304118576 }, "geometry": { "type": "Point", "coordinates": [ 38.9669899, 45.0338906 ] } },
{ "type": "Feature", "properties": { "NAME": "Промышленная улица", "NAME_EN": null, "NAME_RU": null, "RAILWAY": "tram_stop", "HIGHWAY": null, "REF": null, "NETWORK": null, "PUBLIC_TRA": "platform", "OSM_TYPE": "node", "OSM_ID": 2304118611 }, "geometry": { "type": "Point", "coordinates": [ 38.9942931, 45.0395433 ] } },
{ "type": "Feature", "properties": { "NAME": "Северная улмца", "NAME_EN": null, "NAME_RU": null, "RAILWAY": "tram_stop", "HIGHWAY": null, "REF": null, "NETWORK": null, "PUBLIC_TRA": "platform", "OSM_TYPE": "node", "OSM_ID": 2304118636 }, "geometry": { "type": "Point", "coordinates": [ 38.9937038, 45.0375757 ] } },
{ "type": "Feature", "properties": { "NAME": "Северная улица", "NAME_EN": null, "NAME_RU": null, "RAILWAY": "tram_stop", "HIGHWAY": null, "REF": null, "NETWORK": null, "PUBLIC_TRA": "platform", "OSM_TYPE": "node", "OSM_ID": 2304118644 }, "geometry": { "type": "Point", "coordinates": [ 38.9374888, 45.0459557 ] } },
{ "type": "Feature", "properties": { "NAME": "Северная улица", "NAME_EN": null, "NAME_RU": null, "RAILWAY": "tram_stop", "HIGHWAY": null, "REF": null, "NETWORK": null, "PUBLIC_TRA": "platform", "OSM_TYPE": "node", "OSM_ID": 2304118658 }, "geometry": { "type": "Point", "coordinates": [ 38.9375177, 45.0464641 ] } },
{ "type": "Feature", "properties": { "NAME": "улица Серова", "NAME_EN": null, "NAME_RU": null, "RAILWAY": "tram_stop", "HIGHWAY": null, "REF": null, "NETWORK": null, "PUBLIC_TRA": "platform", "OSM_TYPE": "node", "OSM_ID": 2304119018 }, "geometry": { "type": "Point", "coordinates": [ 38.9975064, 45.0482589 ] } },
{ "type": "Feature", "properties": { "NAME": "улица Серова", "NAME_EN": null, "NAME_RU": null, "RAILWAY": "tram_stop", "HIGHWAY": null, "REF": null, "NETWORK": null, "PUBLIC_TRA": "platform", "OSM_TYPE": "node", "OSM_ID": 2304119024 }, "geometry": { "type": "Point", "coordinates": [ 38.997707, 45.0485788 ] } },
{ "type": "Feature", "properties": { "NAME": "Славянская улица", "NAME_EN": null, "NAME_RU": null, "RAILWAY": "tram_stop", "HIGHWAY": null, "REF": null, "NETWORK": null, "PUBLIC_TRA": "platform", "OSM_TYPE": "node", "OSM_ID": 2304119030 }, "geometry": { "type": "Point", "coordinates": [ 38.9333717, 45.0626494 ] } },
{ "type": "Feature", "properties": { "NAME": "Славянская улица", "NAME_EN": null, "NAME_RU": null, "RAILWAY": "tram_stop", "HIGHWAY": null, "REF": null, "NETWORK": null, "PUBLIC_TRA": "platform", "OSM_TYPE": "node", "OSM_ID": 2304119036 }, "geometry": { "type": "Point", "coordinates": [ 38.9332564, 45.0626596 ] } },
{ "type": "Feature", "properties": { "NAME": "улица Толстого", "NAME_EN": null, "NAME_RU": null, "RAILWAY": "tram_stop", "HIGHWAY": null, "REF": null, "NETWORK": null, "PUBLIC_TRA": "platform", "OSM_TYPE": "node", "OSM_ID": 2304119047 }, "geometry": { "type": "Point", "coordinates": [ 38.9301232, 45.0647742 ] } },
{ "type": "Feature", "properties": { "NAME": "Тульская улица", "NAME_EN": null, "NAME_RU": null, "RAILWAY": "tram_stop", "HIGHWAY": null, "REF": null, "NETWORK": null, "PUBLIC_TRA": "platform", "OSM_TYPE": "node", "OSM_ID": 2304119064 }, "geometry": { "type": "Point", "coordinates": [ 38.9294564, 45.0377537 ] } },
{ "type": "Feature", "properties": { "NAME": "улица Тургенева", "NAME_EN": null, "NAME_RU": null, "RAILWAY": "tram_stop", "HIGHWAY": null, "REF": null, "NETWORK": null, "PUBLIC_TRA": "platform", "OSM_TYPE": "node", "OSM_ID": 2304119070 }, "geometry": { "type": "Point", "coordinates": [ 38.9560666, 45.0400688 ] } },
{ "type": "Feature", "properties": { "NAME": "Харьковская улица", "NAME_EN": null, "NAME_RU": null, "RAILWAY": "tram_stop", "HIGHWAY": null, "REF": null, "NETWORK": null, "PUBLIC_TRA": "platform", "OSM_TYPE": "node", "OSM_ID": 2304119131 }, "geometry": { "type": "Point", "coordinates": [ 38.9262092, 45.0363212 ] } },
{ "type": "Feature", "properties": { "NAME": "Ставропольская улица", "NAME_EN": null, "NAME_RU": null, "RAILWAY": "tram_stop", "HIGHWAY": null, "REF": null, "NETWORK": null, "PUBLIC_TRA": "platform", "OSM_TYPE": "node", "OSM_ID": 2305070929 }, "geometry": { "type": "Point", "coordinates": [ 39.0419665, 45.0160361 ] } },
{ "type": "Feature", "properties": { "NAME": "БЗО", "NAME_EN": null, "NAME_RU": null, "RAILWAY": null, "HIGHWAY": "bus_stop", "REF": null, "NETWORK": null, "PUBLIC_TRA": "platform", "OSM_TYPE": "node", "OSM_ID": 2320977229 }, "geometry": { "type": "Point", "coordinates": [ 38.9040865, 45.0556925 ] } },
{ "type": "Feature", "properties": { "NAME": "БЗО", "NAME_EN": null, "NAME_RU": null, "RAILWAY": null, "HIGHWAY": "bus_stop", "REF": null, "NETWORK": null, "PUBLIC_TRA": "platform", "OSM_TYPE": "node", "OSM_ID": 2320977230 }, "geometry": { "type": "Point", "coordinates": [ 38.9047203, 45.0552788 ] } },
{ "type": "Feature", "properties": { "NAME": "Веселый переулок", "NAME_EN": null, "NAME_RU": null, "RAILWAY": null, "HIGHWAY": "bus_stop", "REF": null, "NETWORK": null, "PUBLIC_TRA": "platform", "OSM_TYPE": "node", "OSM_ID": 2411421328 }, "geometry": { "type": "Point", "coordinates": [ 39.0229109, 45.0365977 ] } },
{ "type": "Feature", "properties": { "NAME": "Стадион ФК \"Краснодар\"", "NAME_EN": null, "NAME_RU": null, "RAILWAY": null, "HIGHWAY": "bus_stop", "REF": null, "NETWORK": null, "PUBLIC_TRA": "platform", "OSM_TYPE": "node", "OSM_ID": 2411421330 }, "geometry": { "type": "Point", "coordinates": [ 39.0272322, 45.0430677 ] } },
{ "type": "Feature", "properties": { "NAME": "улица Восточно-Кругликовская", "NAME_EN": null, "NAME_RU": null, "RAILWAY": null, "HIGHWAY": "bus_stop", "REF": null, "NETWORK": null, "PUBLIC_TRA": "platform", "OSM_TYPE": "node", "OSM_ID": 2411421331 }, "geometry": { "type": "Point", "coordinates": [ 39.0260378, 45.0376719 ] } },
{ "type": "Feature", "properties": { "NAME": "улица Восточно-Кругликовская", "NAME_EN": null, "NAME_RU": null, "RAILWAY": null, "HIGHWAY": "bus_stop", "REF": null, "NETWORK": null, "PUBLIC_TRA": "platform", "OSM_TYPE": "node", "OSM_ID": 2411421332 }, "geometry": { "type": "Point", "coordinates": [ 39.0258714, 45.0378173 ] } },
{ "type": "Feature", "properties": { "NAME": "Троллейбусное депо №2", "NAME_EN": null, "NAME_RU": null, "RAILWAY": null, "HIGHWAY": "bus_stop", "REF": null, "NETWORK": null, "PUBLIC_TRA": "platform", "OSM_TYPE": "node", "OSM_ID": 2435625766 }, "geometry": { "type": "Point", "coordinates": [ 39.0522524, 45.0224473 ] } },
{ "type": "Feature", "properties": { "NAME": "Гуманитарно-Технологический колледж", "NAME_EN": null, "NAME_RU": null, "RAILWAY": null, "HIGHWAY": "bus_stop", "REF": null, "NETWORK": null, "PUBLIC_TRA": "platform", "OSM_TYPE": "node", "OSM_ID": 2435762371 }, "geometry": { "type": "Point", "coordinates": [ 39.0223546, 45.0592381 ] } },
{ "type": "Feature", "properties": { "NAME": "микрорайон Панорама", "NAME_EN": null, "NAME_RU": null, "RAILWAY": null, "HIGHWAY": "bus_stop", "REF": null, "NETWORK": null, "PUBLIC_TRA": "platform", "OSM_TYPE": "node", "OSM_ID": 2451451192 }, "geometry": { "type": "Point", "coordinates": [ 39.0262577, 45.0477326 ] } },
{ "type": "Feature", "properties": { "NAME": "микрорайон Панорама", "NAME_EN": null, "NAME_RU": null, "RAILWAY": null, "HIGHWAY": "bus_stop", "REF": null, "NETWORK": null, "PUBLIC_TRA": "platform", "OSM_TYPE": "node", "OSM_ID": 2451451193 }, "geometry": { "type": "Point", "coordinates": [ 39.0265883, 45.0475131 ] } },
{ "type": "Feature", "properties": { "NAME": "улица Весенняя", "NAME_EN": null, "NAME_RU": null, "RAILWAY": null, "HIGHWAY": "bus_stop", "REF": null, "NETWORK": null, "PUBLIC_TRA": "platform", "OSM_TYPE": "node", "OSM_ID": 2451451194 }, "geometry": { "type": "Point", "coordinates": [ 39.02597, 45.0508766 ] } },
{ "type": "Feature", "properties": { "NAME": "улица Весенняя", "NAME_EN": null, "NAME_RU": null, "RAILWAY": null, "HIGHWAY": "bus_stop", "REF": null, "NETWORK": null, "PUBLIC_TRA": "platform", "OSM_TYPE": "node", "OSM_ID": 2451451195 }, "geometry": { "type": "Point", "coordinates": [ 39.0262155, 45.0514353 ] } },
{ "type": "Feature", "properties": { "NAME": "Гастроном", "NAME_EN": null, "NAME_RU": null, "RAILWAY": null, "HIGHWAY": "bus_stop", "REF": null, "NETWORK": null, "PUBLIC_TRA": "platform", "OSM_TYPE": "node", "OSM_ID": 2466465756 }, "geometry": { "type": "Point", "coordinates": [ 38.9517678, 45.0592776 ] } },
{ "type": "Feature", "properties": { "NAME": "Поликлиника", "NAME_EN": null, "NAME_RU": null, "RAILWAY": null, "HIGHWAY": "bus_stop", "REF": null, "NETWORK": null, "PUBLIC_TRA": "platform", "OSM_TYPE": "node", "OSM_ID": 2466514561 }, "geometry": { "type": "Point", "coordinates": [ 38.9552477, 45.0591677 ] } },
{ "type": "Feature", "properties": { "NAME": "КНИИСХ", "NAME_EN": null, "NAME_RU": null, "RAILWAY": null, "HIGHWAY": "bus_stop", "REF": null, "NETWORK": null, "PUBLIC_TRA": "platform", "OSM_TYPE": "node", "OSM_ID": 2481415287 }, "geometry": { "type": "Point", "coordinates": [ 38.9122407, 45.0664222 ] } },
{ "type": "Feature", "properties": { "NAME": "КНИИСХ", "NAME_EN": null, "NAME_RU": null, "RAILWAY": null, "HIGHWAY": "bus_stop", "REF": null, "NETWORK": null, "PUBLIC_TRA": "platform", "OSM_TYPE": "node", "OSM_ID": 2481415493 }, "geometry": { "type": "Point", "coordinates": [ 38.9132613, 45.0661707 ] } },
{ "type": "Feature", "properties": { "NAME": "Военный городок имени Жукова (Энка)", "NAME_EN": null, "NAME_RU": null, "RAILWAY": null, "HIGHWAY": "bus_stop", "REF": null, "NETWORK": null, "PUBLIC_TRA": "platform", "OSM_TYPE": "node", "OSM_ID": 2481687392 }, "geometry": { "type": "Point", "coordinates": [ 38.9794636, 45.0984406 ] } },
{ "type": "Feature", "properties": { "NAME": "Кореновская улица", "NAME_EN": null, "NAME_RU": null, "RAILWAY": null, "HIGHWAY": "bus_stop", "REF": null, "NETWORK": null, "PUBLIC_TRA": "platform", "OSM_TYPE": "node", "OSM_ID": 2481688386 }, "geometry": { "type": "Point", "coordinates": [ 38.9779616, 45.0976927 ] } },
{ "type": "Feature", "properties": { "NAME": "улица Александра Покрышкина", "NAME_EN": null, "NAME_RU": null, "RAILWAY": null, "HIGHWAY": "bus_stop", "REF": null, "NETWORK": null, "PUBLIC_TRA": "platform", "OSM_TYPE": "node", "OSM_ID": 2483856004 }, "geometry": { "type": "Point", "coordinates": [ 38.9788117, 45.1022556 ] } },
{ "type": "Feature", "properties": { "NAME": "Мегацентр \"Красная Площадь\"", "NAME_EN": null, "NAME_RU": null, "RAILWAY": null, "HIGHWAY": "bus_stop", "REF": null, "NETWORK": null, "PUBLIC_TRA": "platform", "OSM_TYPE": "node", "OSM_ID": 2483856008 }, "geometry": { "type": "Point", "coordinates": [ 38.9810969, 45.1016024 ] } },
{ "type": "Feature", "properties": { "NAME": "улица Круговая", "NAME_EN": null, "NAME_RU": null, "RAILWAY": null, "HIGHWAY": "bus_stop", "REF": null, "NETWORK": null, "PUBLIC_TRA": "stop_position", "OSM_TYPE": "node", "OSM_ID": 2581138106 }, "geometry": { "type": "Point", "coordinates": [ 38.9105803, 45.0677816 ] } },
{ "type": "Feature", "properties": { "NAME": "улица им. Брюсова", "NAME_EN": null, "NAME_RU": null, "RAILWAY": null, "HIGHWAY": "bus_stop", "REF": null, "NETWORK": null, "PUBLIC_TRA": "platform", "OSM_TYPE": "node", "OSM_ID": 2626401525 }, "geometry": { "type": "Point", "coordinates": [ 38.9506697, 45.0440963 ] } },
{ "type": "Feature", "properties": { "NAME": "улица им. Брюсова", "NAME_EN": null, "NAME_RU": null, "RAILWAY": null, "HIGHWAY": "bus_stop", "REF": null, "NETWORK": null, "PUBLIC_TRA": "platform", "OSM_TYPE": "node", "OSM_ID": 2626401526 }, "geometry": { "type": "Point", "coordinates": [ 38.9498249, 45.0443787 ] } },
{ "type": "Feature", "properties": { "NAME": "Передерия улица", "NAME_EN": null, "NAME_RU": null, "RAILWAY": null, "HIGHWAY": "bus_stop", "REF": null, "NETWORK": null, "PUBLIC_TRA": "platform", "OSM_TYPE": "node", "OSM_ID": 2626404767 }, "geometry": { "type": "Point", "coordinates": [ 38.9442349, 45.0451043 ] } },
{ "type": "Feature", "properties": { "NAME": "Передерия улица", "NAME_EN": null, "NAME_RU": null, "RAILWAY": null, "HIGHWAY": "bus_stop", "REF": null, "NETWORK": null, "PUBLIC_TRA": "platform", "OSM_TYPE": "node", "OSM_ID": 2626404770 }, "geometry": { "type": "Point", "coordinates": [ 38.9435846, 45.0453657 ] } },
{ "type": "Feature", "properties": { "NAME": "Стоматологическая Поликлиника", "NAME_EN": null, "NAME_RU": null, "RAILWAY": null, "HIGHWAY": "bus_stop", "REF": null, "NETWORK": null, "PUBLIC_TRA": "platform", "OSM_TYPE": "node", "OSM_ID": 2681666647 }, "geometry": { "type": "Point", "coordinates": [ 39.0805981, 45.0031193 ] } },
{ "type": "Feature", "properties": { "NAME": "улица Толстого", "NAME_EN": null, "NAME_RU": null, "RAILWAY": "tram_stop", "HIGHWAY": null, "REF": null, "NETWORK": null, "PUBLIC_TRA": "stop_position", "OSM_TYPE": "node", "OSM_ID": 2725501581 }, "geometry": { "type": "Point", "coordinates": [ 38.93009, 45.0647492 ] } },
{ "type": "Feature", "properties": { "NAME": null, "NAME_EN": null, "NAME_RU": null, "RAILWAY": null, "HIGHWAY": "bus_stop", "REF": null, "NETWORK": null, "PUBLIC_TRA": null, "OSM_TYPE": "node", "OSM_ID": 2873985121 }, "geometry": { "type": "Point", "coordinates": [ 39.1079038, 45.0020422 ] } },
{ "type": "Feature", "properties": { "NAME": "Дружная улица", "NAME_EN": null, "NAME_RU": null, "RAILWAY": null, "HIGHWAY": "bus_stop", "REF": null, "NETWORK": null, "PUBLIC_TRA": "platform", "OSM_TYPE": "node", "OSM_ID": 2940995571 }, "geometry": { "type": "Point", "coordinates": [ 39.0143084, 45.0895386 ] } },
{ "type": "Feature", "properties": { "NAME": null, "NAME_EN": null, "NAME_RU": null, "RAILWAY": null, "HIGHWAY": "bus_stop", "REF": null, "NETWORK": null, "PUBLIC_TRA": null, "OSM_TYPE": "node", "OSM_ID": 3040663308 }, "geometry": { "type": "Point", "coordinates": [ 38.9591445, 45.1030548 ] } },
{ "type": "Feature", "properties": { "NAME": "Стадионная улица", "NAME_EN": null, "NAME_RU": null, "RAILWAY": null, "HIGHWAY": "bus_stop", "REF": null, "NETWORK": null, "PUBLIC_TRA": "platform", "OSM_TYPE": "node", "OSM_ID": 3267992475 }, "geometry": { "type": "Point", "coordinates": [ 38.9841631, 45.1090876 ] } },
{ "type": "Feature", "properties": { "NAME": "Артезианская улица", "NAME_EN": null, "NAME_RU": null, "RAILWAY": null, "HIGHWAY": "bus_stop", "REF": null, "NETWORK": null, "PUBLIC_TRA": "stop_position", "OSM_TYPE": "node", "OSM_ID": 3343649460 }, "geometry": { "type": "Point", "coordinates": [ 39.0716489, 45.0001109 ] } },
{ "type": "Feature", "properties": { "NAME": "Черкасская", "NAME_EN": null, "NAME_RU": null, "RAILWAY": null, "HIGHWAY": "bus_stop", "REF": null, "NETWORK": null, "PUBLIC_TRA": "platform", "OSM_TYPE": "node", "OSM_ID": 3426407361 }, "geometry": { "type": "Point", "coordinates": [ 39.0237135, 45.0656578 ] } },
{ "type": "Feature", "properties": { "NAME": "Стадион ФК \"Краснодар\"", "NAME_EN": null, "NAME_RU": null, "RAILWAY": null, "HIGHWAY": "bus_stop", "REF": null, "NETWORK": null, "PUBLIC_TRA": "platform", "OSM_TYPE": "node", "OSM_ID": 3468043293 }, "geometry": { "type": "Point", "coordinates": [ 39.026715, 45.0429762 ] } },
{ "type": "Feature", "properties": { "NAME": "Кафе", "NAME_EN": null, "NAME_RU": null, "RAILWAY": null, "HIGHWAY": "bus_stop", "REF": null, "NETWORK": null, "PUBLIC_TRA": "platform", "OSM_TYPE": "node", "OSM_ID": 3468043300 }, "geometry": { "type": "Point", "coordinates": [ 39.0258995, 45.054803 ] } },
{ "type": "Feature", "properties": { "NAME": "Восточно-Кругликовская (ул. 40 лет Победы)", "NAME_EN": null, "NAME_RU": null, "RAILWAY": null, "HIGHWAY": "bus_stop", "REF": null, "NETWORK": null, "PUBLIC_TRA": "platform", "OSM_TYPE": "node", "OSM_ID": 3468043301 }, "geometry": { "type": "Point", "coordinates": [ 39.0249406, 45.0557192 ] } },
{ "type": "Feature", "properties": { "NAME": "Солнечная улица", "NAME_EN": null, "NAME_RU": null, "RAILWAY": "tram_stop", "HIGHWAY": null, "REF": null, "NETWORK": null, "PUBLIC_TRA": "stop_position", "OSM_TYPE": "node", "OSM_ID": 3588003067 }, "geometry": { "type": "Point", "coordinates": [ 39.0007806, 45.0724388 ] } },
{ "type": "Feature", "properties": { "NAME": "Ангарская улица", "NAME_EN": null, "NAME_RU": null, "RAILWAY": null, "HIGHWAY": "bus_stop", "REF": null, "NETWORK": null, "PUBLIC_TRA": "platform", "OSM_TYPE": "node", "OSM_ID": 3671348957 }, "geometry": { "type": "Point", "coordinates": [ 39.0147232, 45.0811775 ] } },
{ "type": "Feature", "properties": { "NAME": "улица 1 Мая", "NAME_EN": null, "NAME_RU": null, "RAILWAY": null, "HIGHWAY": "bus_stop", "REF": null, "NETWORK": null, "PUBLIC_TRA": "platform", "OSM_TYPE": "node", "OSM_ID": 3704877599 }, "geometry": { "type": "Point", "coordinates": [ 39.0238244, 45.0458661 ] } },
{ "type": "Feature", "properties": { "NAME": "улица 1 Мая", "NAME_EN": null, "NAME_RU": null, "RAILWAY": null, "HIGHWAY": "bus_stop", "REF": null, "NETWORK": null, "PUBLIC_TRA": "platform", "OSM_TYPE": "node", "OSM_ID": 3704877600 }, "geometry": { "type": "Point", "coordinates": [ 39.0233234, 45.0459765 ] } },
{ "type": "Feature", "properties": { "NAME": "улица Монтажная", "NAME_EN": null, "NAME_RU": null, "RAILWAY": "tram_stop", "HIGHWAY": null, "REF": null, "NETWORK": null, "PUBLIC_TRA": "stop_position", "OSM_TYPE": "node", "OSM_ID": 3824604043 }, "geometry": { "type": "Point", "coordinates": [ 39.0830363, 45.0347711 ] } },
{ "type": "Feature", "properties": { "NAME": "улица Тюляева", "NAME_EN": null, "NAME_RU": null, "RAILWAY": "tram_stop", "HIGHWAY": null, "REF": null, "NETWORK": null, "PUBLIC_TRA": "stop_position", "OSM_TYPE": "node", "OSM_ID": 3824604473 }, "geometry": { "type": "Point", "coordinates": [ 39.093932, 45.0389477 ] } },
{ "type": "Feature", "properties": { "NAME": "улица Сормовская", "NAME_EN": null, "NAME_RU": null, "RAILWAY": "tram_stop", "HIGHWAY": null, "REF": null, "NETWORK": null, "PUBLIC_TRA": "stop_position", "OSM_TYPE": "node", "OSM_ID": 3825914012 }, "geometry": { "type": "Point", "coordinates": [ 39.0656783, 45.0243363 ] } },
{ "type": "Feature", "properties": { "NAME": "улица Магистральная", "NAME_EN": null, "NAME_RU": null, "RAILWAY": "tram_stop", "HIGHWAY": null, "REF": null, "NETWORK": null, "PUBLIC_TRA": "stop_position", "OSM_TYPE": "node", "OSM_ID": 3825914036 }, "geometry": { "type": "Point", "coordinates": [ 39.0636696, 45.0304277 ] } },
{ "type": "Feature", "properties": { "NAME": "улица Октябрьская", "NAME_EN": null, "NAME_RU": null, "RAILWAY": "tram_stop", "HIGHWAY": null, "REF": null, "NETWORK": null, "PUBLIC_TRA": "stop_position", "OSM_TYPE": "node", "OSM_ID": 3888031760 }, "geometry": { "type": "Point", "coordinates": [ 39.0837789, 45.0193959 ] } },
{ "type": "Feature", "properties": { "NAME": "улица Стасова", "NAME_EN": null, "NAME_RU": null, "RAILWAY": "tram_stop", "HIGHWAY": null, "REF": null, "NETWORK": null, "PUBLIC_TRA": "stop_position", "OSM_TYPE": "node", "OSM_ID": 3906855360 }, "geometry": { "type": "Point", "coordinates": [ 39.0411487, 45.0167139 ] } },
{ "type": "Feature", "properties": { "NAME": "Железнодорожная улица", "NAME_EN": null, "NAME_RU": null, "RAILWAY": "tram_stop", "HIGHWAY": null, "REF": null, "NETWORK": null, "PUBLIC_TRA": "stop_position", "OSM_TYPE": "node", "OSM_ID": 3906855436 }, "geometry": { "type": "Point", "coordinates": [ 38.9882742, 45.0221446 ] } },
{ "type": "Feature", "properties": { "NAME": "улица Дмитриевская Дамба", "NAME_EN": null, "NAME_RU": null, "RAILWAY": "tram_stop", "HIGHWAY": null, "REF": null, "NETWORK": null, "PUBLIC_TRA": "stop_position", "OSM_TYPE": "node", "OSM_ID": 3906855767 }, "geometry": { "type": "Point", "coordinates": [ 38.9903104, 45.0281348 ] } },
{ "type": "Feature", "properties": { "NAME": "Проспект Чекистов", "NAME_EN": null, "NAME_RU": null, "RAILWAY": "tram_stop", "HIGHWAY": null, "REF": null, "NETWORK": null, "PUBLIC_TRA": "stop_position", "OSM_TYPE": "node", "OSM_ID": 3906855865 }, "geometry": { "type": "Point", "coordinates": [ 38.9170523, 45.0325191 ] } },
{ "type": "Feature", "properties": { "NAME": "улица Хакурате", "NAME_EN": null, "NAME_RU": null, "RAILWAY": "tram_stop", "HIGHWAY": null, "REF": null, "NETWORK": null, "PUBLIC_TRA": "stop_position", "OSM_TYPE": "node", "OSM_ID": 3906855936 }, "geometry": { "type": "Point", "coordinates": [ 38.9804843, 45.0414604 ] } },
{ "type": "Feature", "properties": { "NAME": "улица Ставропольская", "NAME_EN": null, "NAME_RU": null, "RAILWAY": "tram_stop", "HIGHWAY": null, "REF": null, "NETWORK": null, "PUBLIC_TRA": "stop_position", "OSM_TYPE": "node", "OSM_ID": 4004660434 }, "geometry": { "type": "Point", "coordinates": [ 39.0418936, 45.016048 ] } },
{ "type": "Feature", "properties": { "NAME": "КубГТУ", "NAME_EN": null, "NAME_RU": null, "RAILWAY": "tram_stop", "HIGHWAY": null, "REF": null, "NETWORK": null, "PUBLIC_TRA": "stop_position", "OSM_TYPE": "node", "OSM_ID": 4005165882 }, "geometry": { "type": "Point", "coordinates": [ 39.0016616, 45.0501832 ] } },
{ "type": "Feature", "properties": { "NAME": "улица Серова", "NAME_EN": null, "NAME_RU": null, "RAILWAY": "tram_stop", "HIGHWAY": null, "REF": null, "NETWORK": null, "PUBLIC_TRA": "stop_position", "OSM_TYPE": "node", "OSM_ID": 4005167493 }, "geometry": { "type": "Point", "coordinates": [ 38.9977658, 45.0485316 ] } },
{ "type": "Feature", "properties": { "NAME": "Топольковый переулок", "NAME_EN": null, "NAME_RU": null, "RAILWAY": null, "HIGHWAY": "bus_stop", "REF": null, "NETWORK": null, "PUBLIC_TRA": "platform", "OSM_TYPE": "node", "OSM_ID": 4140802533 }, "geometry": { "type": "Point", "coordinates": [ 39.0137109, 45.093184 ] } },
{ "type": "Feature", "properties": { "NAME": "улица Петра Метальникова", "NAME_EN": null, "NAME_RU": null, "RAILWAY": null, "HIGHWAY": "bus_stop", "REF": null, "NETWORK": null, "PUBLIC_TRA": "platform", "OSM_TYPE": "node", "OSM_ID": 4140802554 }, "geometry": { "type": "Point", "coordinates": [ 39.0137531, 45.0956453 ] } },
{ "type": "Feature", "properties": { "NAME": "Хладокомбинат", "NAME_EN": null, "NAME_RU": null, "RAILWAY": "tram_stop", "HIGHWAY": null, "REF": null, "NETWORK": null, "PUBLIC_TRA": "stop_position", "OSM_TYPE": "node", "OSM_ID": 4200560659 }, "geometry": { "type": "Point", "coordinates": [ 39.043427, 45.0307707 ] } },
{ "type": "Feature", "properties": { "NAME": "Архитектурный техникум", "NAME_EN": null, "NAME_RU": null, "RAILWAY": null, "HIGHWAY": "bus_stop", "REF": null, "NETWORK": null, "PUBLIC_TRA": "platform", "OSM_TYPE": "node", "OSM_ID": 4313485195 }, "geometry": { "type": "Point", "coordinates": [ 39.0165645, 45.0614066 ] } },
{ "type": "Feature", "properties": { "NAME": "Архитектурный техникум", "NAME_EN": null, "NAME_RU": null, "RAILWAY": null, "HIGHWAY": "bus_stop", "REF": null, "NETWORK": null, "PUBLIC_TRA": "platform", "OSM_TYPE": "node", "OSM_ID": 4313485196 }, "geometry": { "type": "Point", "coordinates": [ 39.0168735, 45.0619342 ] } },
{ "type": "Feature", "properties": { "NAME": "Хлебозавод", "NAME_EN": null, "NAME_RU": null, "RAILWAY": null, "HIGHWAY": "bus_stop", "REF": null, "NETWORK": null, "PUBLIC_TRA": "platform", "OSM_TYPE": "node", "OSM_ID": 4313485200 }, "geometry": { "type": "Point", "coordinates": [ 39.0168386, 45.0575457 ] } },
{ "type": "Feature", "properties": { "NAME": "проспект Знаменского", "NAME_EN": null, "NAME_RU": null, "RAILWAY": null, "HIGHWAY": "bus_stop", "REF": null, "NETWORK": null, "PUBLIC_TRA": "stop_position", "OSM_TYPE": "node", "OSM_ID": 4431442896 }, "geometry": { "type": "Point", "coordinates": [ 39.0740991, 45.000103 ] } },
{ "type": "Feature", "properties": { "NAME": "Баррикадная", "NAME_EN": null, "NAME_RU": null, "RAILWAY": null, "HIGHWAY": "bus_stop", "REF": null, "NETWORK": null, "PUBLIC_TRA": "platform", "OSM_TYPE": "node", "OSM_ID": 4435621081 }, "geometry": { "type": "Point", "coordinates": [ 39.0329747, 45.1161723 ] } },
{ "type": "Feature", "properties": { "NAME": "Куликова поля", "NAME_EN": null, "NAME_RU": null, "RAILWAY": null, "HIGHWAY": "bus_stop", "REF": null, "NETWORK": null, "PUBLIC_TRA": "platform", "OSM_TYPE": "node", "OSM_ID": 4496416093 }, "geometry": { "type": "Point", "coordinates": [ 39.0263459, 45.1113728 ] } },
{ "type": "Feature", "properties": { "NAME": "Веселый переулок", "NAME_EN": null, "NAME_RU": null, "RAILWAY": null, "HIGHWAY": "bus_stop", "REF": null, "NETWORK": null, "PUBLIC_TRA": "platform", "OSM_TYPE": "node", "OSM_ID": 4529975627 }, "geometry": { "type": "Point", "coordinates": [ 39.0228495, 45.036388 ] } },
{ "type": "Feature", "properties": { "NAME": "Школьная улица", "NAME_EN": null, "NAME_RU": null, "RAILWAY": null, "HIGHWAY": "bus_stop", "REF": null, "NETWORK": null, "PUBLIC_TRA": "platform", "OSM_TYPE": "node", "OSM_ID": 4529975628 }, "geometry": { "type": "Point", "coordinates": [ 39.018482, 45.0352038 ] } },
{ "type": "Feature", "properties": { "NAME": "Школьная улица", "NAME_EN": null, "NAME_RU": null, "RAILWAY": null, "HIGHWAY": "bus_stop", "REF": null, "NETWORK": null, "PUBLIC_TRA": "platform", "OSM_TYPE": "node", "OSM_ID": 4529975629 }, "geometry": { "type": "Point", "coordinates": [ 39.019115, 45.0355511 ] } },
{ "type": "Feature", "properties": { "NAME": "Ангарская улица", "NAME_EN": null, "NAME_RU": null, "RAILWAY": null, "HIGHWAY": "bus_stop", "REF": null, "NETWORK": null, "PUBLIC_TRA": "platform", "OSM_TYPE": "node", "OSM_ID": 4535657061 }, "geometry": { "type": "Point", "coordinates": [ 39.0015721, 45.0821547 ] } },
{ "type": "Feature", "properties": { "NAME": "Ангарская улица", "NAME_EN": null, "NAME_RU": null, "RAILWAY": null, "HIGHWAY": "bus_stop", "REF": null, "NETWORK": null, "PUBLIC_TRA": "platform", "OSM_TYPE": "node", "OSM_ID": 4535657063 }, "geometry": { "type": "Point", "coordinates": [ 39.0011974, 45.0820867 ] } },
{ "type": "Feature", "properties": { "NAME": null, "NAME_EN": null, "NAME_RU": null, "RAILWAY": null, "HIGHWAY": "bus_stop", "REF": null, "NETWORK": null, "PUBLIC_TRA": null, "OSM_TYPE": "node", "OSM_ID": 4539584378 }, "geometry": { "type": "Point", "coordinates": [ 38.9240447, 45.1143554 ] } },
{ "type": "Feature", "properties": { "NAME": "Школа №53", "NAME_EN": null, "NAME_RU": null, "RAILWAY": null, "HIGHWAY": "bus_stop", "REF": null, "NETWORK": null, "PUBLIC_TRA": "platform", "OSM_TYPE": "node", "OSM_ID": 4563595565 }, "geometry": { "type": "Point", "coordinates": [ 39.0718412, 45.0261658 ] } },
{ "type": "Feature", "properties": { "NAME": "Школа №53", "NAME_EN": null, "NAME_RU": null, "RAILWAY": null, "HIGHWAY": "bus_stop", "REF": null, "NETWORK": null, "PUBLIC_TRA": "platform", "OSM_TYPE": "node", "OSM_ID": 4563595566 }, "geometry": { "type": "Point", "coordinates": [ 39.0718322, 45.026463 ] } },
{ "type": "Feature", "properties": { "NAME": "улица Дежнёва", "NAME_EN": null, "NAME_RU": null, "RAILWAY": null, "HIGHWAY": "bus_stop", "REF": null, "NETWORK": null, "PUBLIC_TRA": "platform", "OSM_TYPE": "node", "OSM_ID": 4563595568 }, "geometry": { "type": "Point", "coordinates": [ 39.0768114, 45.0279291 ] } },
{ "type": "Feature", "properties": { "NAME": "Братская улица", "NAME_EN": null, "NAME_RU": null, "RAILWAY": null, "HIGHWAY": "bus_stop", "REF": null, "NETWORK": null, "PUBLIC_TRA": "platform", "OSM_TYPE": "node", "OSM_ID": 4563595569 }, "geometry": { "type": "Point", "coordinates": [ 39.0830726, 45.0299905 ] } },
{ "type": "Feature", "properties": { "NAME": "Симферопольская улица (Сормоская улица)", "NAME_EN": null, "NAME_RU": null, "RAILWAY": null, "HIGHWAY": "bus_stop", "REF": null, "NETWORK": null, "PUBLIC_TRA": "platform", "OSM_TYPE": "node", "OSM_ID": 4563595571 }, "geometry": { "type": "Point", "coordinates": [ 39.0905744, 45.0319029 ] } },
{ "type": "Feature", "properties": { "NAME": "Симферопольская улица (Сормоская улица)", "NAME_EN": null, "NAME_RU": null, "RAILWAY": null, "HIGHWAY": "bus_stop", "REF": null, "NETWORK": null, "PUBLIC_TRA": "platform", "OSM_TYPE": "node", "OSM_ID": 4563595572 }, "geometry": { "type": "Point", "coordinates": [ 39.0914374, 45.0322001 ] } },
{ "type": "Feature", "properties": { "NAME": "Рынок (Сормовская улица)", "NAME_EN": null, "NAME_RU": null, "RAILWAY": null, "HIGHWAY": "bus_stop", "REF": null, "NETWORK": null, "PUBLIC_TRA": "platform", "OSM_TYPE": "node", "OSM_ID": 4563595573 }, "geometry": { "type": "Point", "coordinates": [ 39.0949906, 45.0324441 ] } },
{ "type": "Feature", "properties": { "NAME": "Свято-Духов храм", "NAME_EN": null, "NAME_RU": null, "RAILWAY": null, "HIGHWAY": "bus_stop", "REF": null, "NETWORK": null, "PUBLIC_TRA": "platform", "OSM_TYPE": "node", "OSM_ID": 4563595574 }, "geometry": { "type": "Point", "coordinates": [ 39.0998803, 45.0330564 ] } },
{ "type": "Feature", "properties": { "NAME": "Свято-Духов храм", "NAME_EN": null, "NAME_RU": null, "RAILWAY": null, "HIGHWAY": "bus_stop", "REF": null, "NETWORK": null, "PUBLIC_TRA": "platform", "OSM_TYPE": "node", "OSM_ID": 4563595575 }, "geometry": { "type": "Point", "coordinates": [ 39.0996488, 45.0332148 ] } },
{ "type": "Feature", "properties": { "NAME": "улица 30-й Иркутской Дивизии", "NAME_EN": null, "NAME_RU": null, "RAILWAY": null, "HIGHWAY": "bus_stop", "REF": null, "NETWORK": null, "PUBLIC_TRA": "platform", "OSM_TYPE": "node", "OSM_ID": 4563595576 }, "geometry": { "type": "Point", "coordinates": [ 39.1045058, 45.0377381 ] } },
{ "type": "Feature", "properties": { "NAME": "улица 30-й Иркутской Дивизии", "NAME_EN": null, "NAME_RU": null, "RAILWAY": null, "HIGHWAY": "bus_stop", "REF": null, "NETWORK": null, "PUBLIC_TRA": "platform", "OSM_TYPE": "node", "OSM_ID": 4563595577 }, "geometry": { "type": "Point", "coordinates": [ 39.1032357, 45.0372529 ] } },
{ "type": "Feature", "properties": { "NAME": "Школа №83", "NAME_EN": null, "NAME_RU": null, "RAILWAY": null, "HIGHWAY": "bus_stop", "REF": null, "NETWORK": null, "PUBLIC_TRA": "platform", "OSM_TYPE": "node", "OSM_ID": 4563595578 }, "geometry": { "type": "Point", "coordinates": [ 39.1080905, 45.0387099 ] } },
{ "type": "Feature", "properties": { "NAME": "улица 1 Мая (улица Сормовская)", "NAME_EN": null, "NAME_RU": null, "RAILWAY": null, "HIGHWAY": "bus_stop", "REF": null, "NETWORK": null, "PUBLIC_TRA": "platform", "OSM_TYPE": "node", "OSM_ID": 4563595579 }, "geometry": { "type": "Point", "coordinates": [ 39.1137797, 45.0400975 ] } },
{ "type": "Feature", "properties": { "NAME": "улица 1 Мая (улица Сормовская)", "NAME_EN": null, "NAME_RU": null, "RAILWAY": null, "HIGHWAY": "bus_stop", "REF": null, "NETWORK": null, "PUBLIC_TRA": "platform", "OSM_TYPE": "node", "OSM_ID": 4563595580 }, "geometry": { "type": "Point", "coordinates": [ 39.1135525, 45.0393138 ] } },
{ "type": "Feature", "properties": { "NAME": "улица Тюляева", "NAME_EN": null, "NAME_RU": null, "RAILWAY": null, "HIGHWAY": "bus_stop", "REF": null, "NETWORK": null, "PUBLIC_TRA": "platform", "OSM_TYPE": "node", "OSM_ID": 4564864853 }, "geometry": { "type": "Point", "coordinates": [ 39.0970547, 45.035163 ] } },
{ "type": "Feature", "properties": { "NAME": "улица Тюляева", "NAME_EN": null, "NAME_RU": null, "RAILWAY": null, "HIGHWAY": "bus_stop", "REF": null, "NETWORK": null, "PUBLIC_TRA": "platform", "OSM_TYPE": "node", "OSM_ID": 4564864854 }, "geometry": { "type": "Point", "coordinates": [ 39.0974638, 45.0351886 ] } },
{ "type": "Feature", "properties": { "NAME": "улица Рылеева (улица Тургенева)", "NAME_EN": null, "NAME_RU": null, "RAILWAY": null, "HIGHWAY": "bus_stop", "REF": null, "NETWORK": null, "PUBLIC_TRA": "platform", "OSM_TYPE": "node", "OSM_ID": 4564864855 }, "geometry": { "type": "Point", "coordinates": [ 38.9578756, 45.0475195 ] } },
{ "type": "Feature", "properties": { "NAME": "улица Рылеева (улица Тургенева)", "NAME_EN": null, "NAME_RU": null, "RAILWAY": null, "HIGHWAY": "bus_stop", "REF": null, "NETWORK": null, "PUBLIC_TRA": "platform", "OSM_TYPE": "node", "OSM_ID": 4564864856 }, "geometry": { "type": "Point", "coordinates": [ 38.9582457, 45.0478938 ] } },
{ "type": "Feature", "properties": { "NAME": "Уральская улица", "NAME_EN": null, "NAME_RU": null, "RAILWAY": null, "HIGHWAY": "bus_stop", "REF": null, "NETWORK": null, "PUBLIC_TRA": "platform", "OSM_TYPE": "node", "OSM_ID": 4564928155 }, "geometry": { "type": "Point", "coordinates": [ 39.0962795, 45.038337 ] } },
{ "type": "Feature", "properties": { "NAME": "ЖК \"Немецкая деревня\"", "NAME_EN": null, "NAME_RU": null, "RAILWAY": null, "HIGHWAY": "bus_stop", "REF": null, "NETWORK": null, "PUBLIC_TRA": "platform", "OSM_TYPE": "node", "OSM_ID": 4576737030 }, "geometry": { "type": "Point", "coordinates": [ 38.9221898, 45.1137168 ] } },
{ "type": "Feature", "properties": { "NAME": "ККБ", "NAME_EN": null, "NAME_RU": null, "RAILWAY": null, "HIGHWAY": "bus_stop", "REF": null, "NETWORK": null, "PUBLIC_TRA": "platform", "OSM_TYPE": "node", "OSM_ID": 4616031126 }, "geometry": { "type": "Point", "coordinates": [ 39.022216, 45.0627605 ] } },
{ "type": "Feature", "properties": { "NAME": "Гуманитарно-Технологический колледж", "NAME_EN": null, "NAME_RU": null, "RAILWAY": null, "HIGHWAY": "bus_stop", "REF": null, "NETWORK": null, "PUBLIC_TRA": "platform", "OSM_TYPE": "node", "OSM_ID": 4616031127 }, "geometry": { "type": "Point", "coordinates": [ 39.022496, 45.0596022 ] } },
{ "type": "Feature", "properties": { "NAME": "Российская улица (ул. 40 лет Победы)", "NAME_EN": null, "NAME_RU": null, "RAILWAY": null, "HIGHWAY": "bus_stop", "REF": null, "NETWORK": null, "PUBLIC_TRA": "platform", "OSM_TYPE": "node", "OSM_ID": 4616031129 }, "geometry": { "type": "Point", "coordinates": [ 39.0157636, 45.0555303 ] } },
{ "type": "Feature", "properties": { "NAME": "Стадионная улица", "NAME_EN": null, "NAME_RU": null, "RAILWAY": null, "HIGHWAY": "bus_stop", "REF": null, "NETWORK": null, "PUBLIC_TRA": "platform", "OSM_TYPE": "node", "OSM_ID": 4631556989 }, "geometry": { "type": "Point", "coordinates": [ 38.9835685, 45.1088228 ] } },
{ "type": "Feature", "properties": { "NAME": "\"Баскет-Холл\"", "NAME_EN": null, "NAME_RU": null, "RAILWAY": null, "HIGHWAY": "bus_stop", "REF": null, "NETWORK": null, "PUBLIC_TRA": "platform", "OSM_TYPE": "node", "OSM_ID": 4631564001 }, "geometry": { "type": "Point", "coordinates": [ 38.9851543, 45.1157422 ] } },
{ "type": "Feature", "properties": { "NAME": "улица Вавилова", "NAME_EN": null, "NAME_RU": "улица Вавилова", "RAILWAY": null, "HIGHWAY": "bus_stop", "REF": null, "NETWORK": null, "PUBLIC_TRA": "platform", "OSM_TYPE": "node", "OSM_ID": 4642426240 }, "geometry": { "type": "Point", "coordinates": [ 38.8913914, 45.0565914 ] } },
{ "type": "Feature", "properties": { "NAME": "улица Вавилова", "NAME_EN": null, "NAME_RU": "улица Вавилова", "RAILWAY": null, "HIGHWAY": "bus_stop", "REF": null, "NETWORK": null, "PUBLIC_TRA": "platform", "OSM_TYPE": "node", "OSM_ID": 4642426241 }, "geometry": { "type": "Point", "coordinates": [ 38.8916138, 45.0563264 ] } },
{ "type": "Feature", "properties": { "NAME": "Рубероидный завод", "NAME_EN": null, "NAME_RU": null, "RAILWAY": null, "HIGHWAY": "bus_stop", "REF": null, "NETWORK": null, "PUBLIC_TRA": "platform", "OSM_TYPE": "node", "OSM_ID": 4642426243 }, "geometry": { "type": "Point", "coordinates": [ 38.8963728, 45.0561912 ] } },
{ "type": "Feature", "properties": { "NAME": "улица Володарского", "NAME_EN": null, "NAME_RU": null, "RAILWAY": null, "HIGHWAY": "bus_stop", "REF": null, "NETWORK": null, "PUBLIC_TRA": "platform", "OSM_TYPE": "node", "OSM_ID": 4712963204 }, "geometry": { "type": "Point", "coordinates": [ 39.0050062, 45.0320833 ] } },
{ "type": "Feature", "properties": { "NAME": "Кузнечная улица", "NAME_EN": null, "NAME_RU": null, "RAILWAY": null, "HIGHWAY": "bus_stop", "REF": null, "NETWORK": null, "PUBLIC_TRA": "platform", "OSM_TYPE": "node", "OSM_ID": 4712963207 }, "geometry": { "type": "Point", "coordinates": [ 39.0002146, 45.0331229 ] } },
{ "type": "Feature", "properties": { "NAME": "Кузнечная улица", "NAME_EN": null, "NAME_RU": null, "RAILWAY": null, "HIGHWAY": "bus_stop", "REF": null, "NETWORK": null, "PUBLIC_TRA": "platform", "OSM_TYPE": "node", "OSM_ID": 4712963208 }, "geometry": { "type": "Point", "coordinates": [ 38.9998541, 45.0330164 ] } },
{ "type": "Feature", "properties": { "NAME": "Военный городок имени Жукова (Энка)", "NAME_EN": null, "NAME_RU": null, "RAILWAY": null, "HIGHWAY": "bus_stop", "REF": null, "NETWORK": null, "PUBLIC_TRA": "platform", "OSM_TYPE": "node", "OSM_ID": 4713233499 }, "geometry": { "type": "Point", "coordinates": [ 38.979988, 45.0983836 ] } },
{ "type": "Feature", "properties": { "NAME": "Мегацентр \"Красная Площадь\"", "NAME_EN": null, "NAME_RU": null, "RAILWAY": null, "HIGHWAY": "bus_stop", "REF": null, "NETWORK": null, "PUBLIC_TRA": "stop_position", "OSM_TYPE": "node", "OSM_ID": 4713233501 }, "geometry": { "type": "Point", "coordinates": [ 38.9816133, 45.101348 ] } },
{ "type": "Feature", "properties": { "NAME": "Микрохирургия глаза", "NAME_EN": null, "NAME_RU": null, "RAILWAY": null, "HIGHWAY": "bus_stop", "REF": null, "NETWORK": null, "PUBLIC_TRA": "platform", "OSM_TYPE": "node", "OSM_ID": 4713304443 }, "geometry": { "type": "Point", "coordinates": [ 38.9230783, 45.0608199 ] } },
{ "type": "Feature", "properties": { "NAME": "Восточное депо", "NAME_EN": null, "NAME_RU": null, "RAILWAY": null, "HIGHWAY": "bus_stop", "REF": null, "NETWORK": null, "PUBLIC_TRA": "platform", "OSM_TYPE": "node", "OSM_ID": 4713354523 }, "geometry": { "type": "Point", "coordinates": [ 39.0235919, 45.0202784 ] } },
{ "type": "Feature", "properties": { "NAME": "улица Плиева", "NAME_EN": null, "NAME_RU": null, "RAILWAY": null, "HIGHWAY": "bus_stop", "REF": null, "NETWORK": null, "PUBLIC_TRA": "platform", "OSM_TYPE": "node", "OSM_ID": 4713354524 }, "geometry": { "type": "Point", "coordinates": [ 39.0882938, 45.0146994 ] } },
{ "type": "Feature", "properties": { "NAME": "улица Плиева", "NAME_EN": null, "NAME_RU": null, "RAILWAY": null, "HIGHWAY": "bus_stop", "REF": null, "NETWORK": null, "PUBLIC_TRA": "platform", "OSM_TYPE": "node", "OSM_ID": 4713354525 }, "geometry": { "type": "Point", "coordinates": [ 39.0897605, 45.0153466 ] } },
{ "type": "Feature", "properties": { "NAME": "Хлебозавод", "NAME_EN": null, "NAME_RU": null, "RAILWAY": null, "HIGHWAY": "bus_stop", "REF": null, "NETWORK": null, "PUBLIC_TRA": "platform", "OSM_TYPE": "node", "OSM_ID": 4713354526 }, "geometry": { "type": "Point", "coordinates": [ 39.0948963, 45.0165206 ] } },
{ "type": "Feature", "properties": { "NAME": "Торговый центр \"Юбилейный\"", "NAME_EN": null, "NAME_RU": null, "RAILWAY": null, "HIGHWAY": "bus_stop", "REF": null, "NETWORK": null, "PUBLIC_TRA": "platform", "OSM_TYPE": "node", "OSM_ID": 4714755919 }, "geometry": { "type": "Point", "coordinates": [ 38.9121929, 45.0307574 ] } },
{ "type": "Feature", "properties": { "NAME": "Беговая", "NAME_EN": null, "NAME_RU": null, "RAILWAY": null, "HIGHWAY": "bus_stop", "REF": null, "NETWORK": null, "PUBLIC_TRA": "platform", "OSM_TYPE": "node", "OSM_ID": 4718024603 }, "geometry": { "type": "Point", "coordinates": [ 39.0234515, 45.1259655 ] } },
{ "type": "Feature", "properties": { "NAME": "улица Достоевского", "NAME_EN": null, "NAME_RU": null, "RAILWAY": "tram_stop", "HIGHWAY": null, "REF": null, "NETWORK": null, "PUBLIC_TRA": "stop_position", "OSM_TYPE": "node", "OSM_ID": 4741164971 }, "geometry": { "type": "Point", "coordinates": [ 39.0138545, 45.0491912 ] } },
{ "type": "Feature", "properties": { "NAME": "Заполярная улица", "NAME_EN": null, "NAME_RU": null, "RAILWAY": null, "HIGHWAY": "bus_stop", "REF": null, "NETWORK": null, "PUBLIC_TRA": "platform", "OSM_TYPE": "node", "OSM_ID": 4774898496 }, "geometry": { "type": "Point", "coordinates": [ 38.9018553, 45.0727828 ] } },
{ "type": "Feature", "properties": { "NAME": "жилой комплекс «Светлоград»", "NAME_EN": null, "NAME_RU": null, "RAILWAY": null, "HIGHWAY": "bus_stop", "REF": null, "NETWORK": null, "PUBLIC_TRA": "platform", "OSM_TYPE": "node", "OSM_ID": 4776673933 }, "geometry": { "type": "Point", "coordinates": [ 38.8971683, 45.0763511 ] } },
{ "type": "Feature", "properties": { "NAME": "улица Круговая", "NAME_EN": null, "NAME_RU": null, "RAILWAY": null, "HIGHWAY": "bus_stop", "REF": null, "NETWORK": null, "PUBLIC_TRA": "platform", "OSM_TYPE": "node", "OSM_ID": 4776673934 }, "geometry": { "type": "Point", "coordinates": [ 38.9063025, 45.0701164 ] } },
{ "type": "Feature", "properties": { "NAME": "Заполярная улица", "NAME_EN": null, "NAME_RU": null, "RAILWAY": null, "HIGHWAY": "bus_stop", "REF": null, "NETWORK": null, "PUBLIC_TRA": "platform", "OSM_TYPE": "node", "OSM_ID": 4776673935 }, "geometry": { "type": "Point", "coordinates": [ 38.9017963, 45.073167 ] } },
{ "type": "Feature", "properties": { "NAME": "Рождественский парк", "NAME_EN": null, "NAME_RU": null, "RAILWAY": null, "HIGHWAY": "bus_stop", "REF": null, "NETWORK": null, "PUBLIC_TRA": "platform", "OSM_TYPE": "node", "OSM_ID": 4801595910 }, "geometry": { "type": "Point", "coordinates": [ 38.9017249, 45.0292527 ] } },
{ "type": "Feature", "properties": { "NAME": "Супермаркет \"Маяк\"", "NAME_EN": null, "NAME_RU": null, "RAILWAY": null, "HIGHWAY": "bus_stop", "REF": null, "NETWORK": null, "PUBLIC_TRA": "platform", "OSM_TYPE": "node", "OSM_ID": 4801595911 }, "geometry": { "type": "Point", "coordinates": [ 38.9039786, 45.0330614 ] } },
{ "type": "Feature", "properties": { "NAME": "Школа №80", "NAME_EN": null, "NAME_RU": null, "RAILWAY": null, "HIGHWAY": "bus_stop", "REF": null, "NETWORK": null, "PUBLIC_TRA": "platform", "OSM_TYPE": "node", "OSM_ID": 4801595912 }, "geometry": { "type": "Point", "coordinates": [ 38.9066347, 45.0360226 ] } },
{ "type": "Feature", "properties": { "NAME": "Думенко", "NAME_EN": null, "NAME_RU": null, "RAILWAY": null, "HIGHWAY": "bus_stop", "REF": null, "NETWORK": null, "PUBLIC_TRA": "platform", "OSM_TYPE": "node", "OSM_ID": 4801595913 }, "geometry": { "type": "Point", "coordinates": [ 38.9105366, 45.0381724 ] } },
{ "type": "Feature", "properties": { "NAME": "Харьковская улица", "NAME_EN": null, "NAME_RU": null, "RAILWAY": null, "HIGHWAY": "bus_stop", "REF": null, "NETWORK": null, "PUBLIC_TRA": "platform", "OSM_TYPE": "node", "OSM_ID": 4801595914 }, "geometry": { "type": "Point", "coordinates": [ 38.9238756, 45.0400936 ] } },
{ "type": "Feature", "properties": { "NAME": "Харьковская улица", "NAME_EN": null, "NAME_RU": null, "RAILWAY": null, "HIGHWAY": "bus_stop", "REF": null, "NETWORK": null, "PUBLIC_TRA": "platform", "OSM_TYPE": "node", "OSM_ID": 4801595915 }, "geometry": { "type": "Point", "coordinates": [ 38.9226766, 45.0400196 ] } },
{ "type": "Feature", "properties": { "NAME": "Алма-Атинская улица", "NAME_EN": null, "NAME_RU": null, "RAILWAY": null, "HIGHWAY": "bus_stop", "REF": null, "NETWORK": null, "PUBLIC_TRA": "platform", "OSM_TYPE": "node", "OSM_ID": 4801595916 }, "geometry": { "type": "Point", "coordinates": [ 38.9286928, 45.0413369 ] } },
{ "type": "Feature", "properties": { "NAME": "КубГАУ", "NAME_EN": null, "NAME_RU": null, "RAILWAY": null, "HIGHWAY": "bus_stop", "REF": null, "NETWORK": null, "PUBLIC_TRA": "platform", "OSM_TYPE": "node", "OSM_ID": 4801595917 }, "geometry": { "type": "Point", "coordinates": [ 38.9306482, 45.0461183 ] } },
{ "type": "Feature", "properties": { "NAME": "жилой комплекс «Спортивная деревня»", "NAME_EN": null, "NAME_RU": null, "RAILWAY": null, "HIGHWAY": "bus_stop", "REF": null, "NETWORK": null, "PUBLIC_TRA": "platform", "OSM_TYPE": "node", "OSM_ID": 4801595918 }, "geometry": { "type": "Point", "coordinates": [ 38.9085903, 45.094188 ] } },
{ "type": "Feature", "properties": { "NAME": "ЖК \"Немецкая деревня\"", "NAME_EN": null, "NAME_RU": null, "RAILWAY": null, "HIGHWAY": "bus_stop", "REF": null, "NETWORK": null, "PUBLIC_TRA": "platform", "OSM_TYPE": "node", "OSM_ID": 4801598722 }, "geometry": { "type": "Point", "coordinates": [ 38.930913, 45.1181916 ] } },
{ "type": "Feature", "properties": { "NAME": "Народная улица", "NAME_EN": null, "NAME_RU": null, "RAILWAY": null, "HIGHWAY": "bus_stop", "REF": null, "NETWORK": null, "PUBLIC_TRA": "platform", "OSM_TYPE": "node", "OSM_ID": 4801598724 }, "geometry": { "type": "Point", "coordinates": [ 38.9381805, 45.1082835 ] } },
{ "type": "Feature", "properties": { "NAME": "СНТ \"Лесник\"", "NAME_EN": null, "NAME_RU": null, "RAILWAY": null, "HIGHWAY": "bus_stop", "REF": null, "NETWORK": null, "PUBLIC_TRA": "platform", "OSM_TYPE": "node", "OSM_ID": 4801598725 }, "geometry": { "type": "Point", "coordinates": [ 38.941774, 45.1018832 ] } },
{ "type": "Feature", "properties": { "NAME": "2-й Лиговский проезд", "NAME_EN": null, "NAME_RU": null, "RAILWAY": null, "HIGHWAY": "bus_stop", "REF": null, "NETWORK": null, "PUBLIC_TRA": "platform", "OSM_TYPE": "node", "OSM_ID": 4801598726 }, "geometry": { "type": "Point", "coordinates": [ 38.961578, 45.0995697 ] } },
{ "type": "Feature", "properties": { "NAME": "Автоколонна №1683", "NAME_EN": null, "NAME_RU": null, "RAILWAY": null, "HIGHWAY": "bus_stop", "REF": null, "NETWORK": null, "PUBLIC_TRA": "platform", "OSM_TYPE": "node", "OSM_ID": 4801598727 }, "geometry": { "type": "Point", "coordinates": [ 38.9679201, 45.098837 ] } },
{ "type": "Feature", "properties": { "NAME": "улица Достоевского", "NAME_EN": null, "NAME_RU": null, "RAILWAY": "tram_stop", "HIGHWAY": null, "REF": null, "NETWORK": null, "PUBLIC_TRA": "stop_position", "OSM_TYPE": "node", "OSM_ID": 4805886255 }, "geometry": { "type": "Point", "coordinates": [ 39.0144007, 45.0494949 ] } },
{ "type": "Feature", "properties": { "NAME": "улица Гаврилова - Краснодар-2", "NAME_EN": null, "NAME_RU": null, "RAILWAY": "tram_stop", "HIGHWAY": null, "REF": null, "NETWORK": null, "PUBLIC_TRA": "stop_position", "OSM_TYPE": "node", "OSM_ID": 4805981549 }, "geometry": { "type": "Point", "coordinates": [ 38.9836374, 45.0539743 ] } },
{ "type": "Feature", "properties": { "NAME": "улица Клиническая", "NAME_EN": null, "NAME_RU": null, "RAILWAY": "tram_stop", "HIGHWAY": null, "REF": null, "NETWORK": null, "PUBLIC_TRA": "stop_position", "OSM_TYPE": "node", "OSM_ID": 4806258223 }, "geometry": { "type": "Point", "coordinates": [ 38.9925304, 45.0521342 ] } },
{ "type": "Feature", "properties": { "NAME": "улица Димитрова", "NAME_EN": null, "NAME_RU": null, "RAILWAY": "tram_stop", "HIGHWAY": null, "REF": null, "NETWORK": null, "PUBLIC_TRA": "stop_position", "OSM_TYPE": "node", "OSM_ID": 4807608902 }, "geometry": { "type": "Point", "coordinates": [ 39.0218242, 45.0022529 ] } },
{ "type": "Feature", "properties": { "NAME": "Почта", "NAME_EN": null, "NAME_RU": null, "RAILWAY": "tram_stop", "HIGHWAY": null, "REF": null, "NETWORK": null, "PUBLIC_TRA": "stop_position", "OSM_TYPE": "node", "OSM_ID": 4809729363 }, "geometry": { "type": "Point", "coordinates": [ 38.90788, 45.0287925 ] } },
{ "type": "Feature", "properties": { "NAME": "Индустриальная улица", "NAME_EN": null, "NAME_RU": null, "RAILWAY": "tram_stop", "HIGHWAY": null, "REF": null, "NETWORK": null, "PUBLIC_TRA": "platform", "OSM_TYPE": "node", "OSM_ID": 4809797251 }, "geometry": { "type": "Point", "coordinates": [ 38.9626325, 45.0000648 ] } },
{ "type": "Feature", "properties": { "NAME": "улица Толстого", "NAME_EN": null, "NAME_RU": null, "RAILWAY": "tram_stop", "HIGHWAY": null, "REF": null, "NETWORK": null, "PUBLIC_TRA": "platform", "OSM_TYPE": "node", "OSM_ID": 4810122051 }, "geometry": { "type": "Point", "coordinates": [ 38.9297749, 45.0648341 ] } },
{ "type": "Feature", "properties": { "NAME": "улица Толбухина", "NAME_EN": null, "NAME_RU": null, "RAILWAY": "tram_stop", "HIGHWAY": null, "REF": null, "NETWORK": null, "PUBLIC_TRA": "platform", "OSM_TYPE": "node", "OSM_ID": 4810122054 }, "geometry": { "type": "Point", "coordinates": [ 38.9246854, 45.0674654 ] } },
{ "type": "Feature", "properties": { "NAME": "улица Доватора", "NAME_EN": null, "NAME_RU": null, "RAILWAY": "tram_stop", "HIGHWAY": null, "REF": null, "NETWORK": null, "PUBLIC_TRA": "platform", "OSM_TYPE": "node", "OSM_ID": 4810122055 }, "geometry": { "type": "Point", "coordinates": [ 38.9263878, 45.0667082 ] } },
{ "type": "Feature", "properties": { "NAME": "Виноградная улица", "NAME_EN": null, "NAME_RU": null, "RAILWAY": "tram_stop", "HIGHWAY": null, "REF": null, "NETWORK": null, "PUBLIC_TRA": "platform", "OSM_TYPE": "node", "OSM_ID": 4810122056 }, "geometry": { "type": "Point", "coordinates": [ 38.9282724, 45.0657259 ] } },
{ "type": "Feature", "properties": { "NAME": "улица Декабристов", "NAME_EN": null, "NAME_RU": null, "RAILWAY": "tram_stop", "HIGHWAY": null, "REF": null, "NETWORK": null, "PUBLIC_TRA": "stop_position", "OSM_TYPE": "node", "OSM_ID": 4812957922 }, "geometry": { "type": "Point", "coordinates": [ 39.0151631, 45.0518339 ] } },
{ "type": "Feature", "properties": { "NAME": "Октябрьская улица", "NAME_EN": null, "NAME_RU": null, "RAILWAY": "tram_stop", "HIGHWAY": null, "REF": null, "NETWORK": null, "PUBLIC_TRA": "platform", "OSM_TYPE": "node", "OSM_ID": 4813169610 }, "geometry": { "type": "Point", "coordinates": [ 38.9689001, 45.0320589 ] } },
{ "type": "Feature", "properties": { "NAME": "улица Тюляева", "NAME_EN": null, "NAME_RU": null, "RAILWAY": "tram_stop", "HIGHWAY": null, "REF": null, "NETWORK": null, "PUBLIC_TRA": "stop_position", "OSM_TYPE": "node", "OSM_ID": 4813300915 }, "geometry": { "type": "Point", "coordinates": [ 39.0939111, 45.0389685 ] } },
{ "type": "Feature", "properties": { "NAME": "улица 8-го Марта", "NAME_EN": null, "NAME_RU": null, "RAILWAY": "tram_stop", "HIGHWAY": null, "REF": null, "NETWORK": null, "PUBLIC_TRA": "stop_position", "OSM_TYPE": "node", "OSM_ID": 4813353655 }, "geometry": { "type": "Point", "coordinates": [ 39.1139858, 45.0298241 ] } },
{ "type": "Feature", "properties": { "NAME": "улица 8-го Марта", "NAME_EN": null, "NAME_RU": null, "RAILWAY": "tram_stop", "HIGHWAY": null, "REF": null, "NETWORK": null, "PUBLIC_TRA": "stop_position", "OSM_TYPE": "node", "OSM_ID": 4813354632 }, "geometry": { "type": "Point", "coordinates": [ 39.1140056, 45.0298025 ] } },
{ "type": "Feature", "properties": { "NAME": "Кирпичный завод", "NAME_EN": null, "NAME_RU": null, "RAILWAY": "tram_stop", "HIGHWAY": null, "REF": null, "NETWORK": null, "PUBLIC_TRA": "stop_position", "OSM_TYPE": "node", "OSM_ID": 4813943659 }, "geometry": { "type": "Point", "coordinates": [ 39.0172408, 45.0062878 ] } },
{ "type": "Feature", "properties": { "NAME": "Кирпичный завод", "NAME_EN": null, "NAME_RU": null, "RAILWAY": "tram_stop", "HIGHWAY": null, "REF": null, "NETWORK": null, "PUBLIC_TRA": "stop_position", "OSM_TYPE": "node", "OSM_ID": 4813943661 }, "geometry": { "type": "Point", "coordinates": [ 39.0171023, 45.0064197 ] } },
{ "type": "Feature", "properties": { "NAME": "Хладокомбинат", "NAME_EN": null, "NAME_RU": null, "RAILWAY": "tram_stop", "HIGHWAY": null, "REF": null, "NETWORK": null, "PUBLIC_TRA": "stop_position", "OSM_TYPE": "node", "OSM_ID": 4814864738 }, "geometry": { "type": "Point", "coordinates": [ 39.0433939, 45.0301917 ] } },
{ "type": "Feature", "properties": { "NAME": "Восточное трамвайное депо", "NAME_EN": null, "NAME_RU": null, "RAILWAY": "tram_stop", "HIGHWAY": null, "REF": null, "NETWORK": null, "PUBLIC_TRA": "stop_position", "OSM_TYPE": "node", "OSM_ID": 4815167968 }, "geometry": { "type": "Point", "coordinates": [ 39.0234015, 45.0204776 ] } },
{ "type": "Feature", "properties": { "NAME": "Рынок (Уральская улица)", "NAME_EN": null, "NAME_RU": null, "RAILWAY": null, "HIGHWAY": "bus_stop", "REF": null, "NETWORK": null, "PUBLIC_TRA": "platform", "OSM_TYPE": "node", "OSM_ID": 4819437352 }, "geometry": { "type": "Point", "coordinates": [ 39.1096696, 45.042904 ] } },
{ "type": "Feature", "properties": { "NAME": "улица Брюсова", "NAME_EN": null, "NAME_RU": "улица Брюсова", "RAILWAY": null, "HIGHWAY": "bus_stop", "REF": null, "NETWORK": null, "PUBLIC_TRA": "platform", "OSM_TYPE": "node", "OSM_ID": 4819437353 }, "geometry": { "type": "Point", "coordinates": [ 38.9527799, 45.0538632 ] } },
{ "type": "Feature", "properties": { "NAME": "улица 30-й Иркутской Дивизии", "NAME_EN": null, "NAME_RU": null, "RAILWAY": null, "HIGHWAY": "bus_stop", "REF": null, "NETWORK": null, "PUBLIC_TRA": "platform", "OSM_TYPE": "node", "OSM_ID": 4819437354 }, "geometry": { "type": "Point", "coordinates": [ 39.1033773, 45.0420201 ] } },
{ "type": "Feature", "properties": { "NAME": "Рынок (Уральская улица)", "NAME_EN": null, "NAME_RU": null, "RAILWAY": null, "HIGHWAY": "bus_stop", "REF": null, "NETWORK": null, "PUBLIC_TRA": "platform", "OSM_TYPE": "node", "OSM_ID": 4819437355 }, "geometry": { "type": "Point", "coordinates": [ 39.1093137, 45.0429644 ] } },
{ "type": "Feature", "properties": { "NAME": "улица 1 Мая (улица Сормовская)", "NAME_EN": null, "NAME_RU": null, "RAILWAY": null, "HIGHWAY": "bus_stop", "REF": null, "NETWORK": null, "PUBLIC_TRA": "platform", "OSM_TYPE": "node", "OSM_ID": 4819437356 }, "geometry": { "type": "Point", "coordinates": [ 39.1139268, 45.0409557 ] } },
{ "type": "Feature", "properties": { "NAME": "Почта", "NAME_EN": null, "NAME_RU": null, "RAILWAY": null, "HIGHWAY": "bus_stop", "REF": null, "NETWORK": null, "PUBLIC_TRA": "platform", "OSM_TYPE": "node", "OSM_ID": 4819439344 }, "geometry": { "type": "Point", "coordinates": [ 39.1001975, 45.041472 ] } },
{ "type": "Feature", "properties": { "NAME": "Уральская улица", "NAME_EN": null, "NAME_RU": null, "RAILWAY": null, "HIGHWAY": "bus_stop", "REF": null, "NETWORK": null, "PUBLIC_TRA": "platform", "OSM_TYPE": "node", "OSM_ID": 4819439346 }, "geometry": { "type": "Point", "coordinates": [ 39.1134363, 45.0430061 ] } },
{ "type": "Feature", "properties": { "NAME": "улица Брюсова", "NAME_EN": null, "NAME_RU": null, "RAILWAY": null, "HIGHWAY": "bus_stop", "REF": null, "NETWORK": null, "PUBLIC_TRA": "platform", "OSM_TYPE": "node", "OSM_ID": 4819439498 }, "geometry": { "type": "Point", "coordinates": [ 38.9540702, 45.0535165 ] } },
{ "type": "Feature", "properties": { "NAME": "улица 30-й Иркутской Дивизии", "NAME_EN": null, "NAME_RU": null, "RAILWAY": null, "HIGHWAY": "bus_stop", "REF": null, "NETWORK": null, "PUBLIC_TRA": "platform", "OSM_TYPE": "node", "OSM_ID": 4819439499 }, "geometry": { "type": "Point", "coordinates": [ 39.1053407, 45.0424883 ] } },
{ "type": "Feature", "properties": { "NAME": "Почта", "NAME_EN": null, "NAME_RU": null, "RAILWAY": null, "HIGHWAY": "bus_stop", "REF": null, "NETWORK": null, "PUBLIC_TRA": "platform", "OSM_TYPE": "node", "OSM_ID": 4819439501 }, "geometry": { "type": "Point", "coordinates": [ 39.0985969, 45.0409204 ] } },
{ "type": "Feature", "properties": { "NAME": "Супермаркет", "NAME_EN": null, "NAME_RU": null, "RAILWAY": "tram_stop", "HIGHWAY": null, "REF": null, "NETWORK": null, "PUBLIC_TRA": "stop_position", "OSM_TYPE": "node", "OSM_ID": 4823243142 }, "geometry": { "type": "Point", "coordinates": [ 39.0515408, 45.0132233 ] } },
{ "type": "Feature", "properties": { "NAME": "Стадион ФК \"Краснодар\"", "NAME_EN": null, "NAME_RU": null, "RAILWAY": null, "HIGHWAY": "bus_stop", "REF": null, "NETWORK": null, "PUBLIC_TRA": "platform", "OSM_TYPE": "node", "OSM_ID": 4828829087 }, "geometry": { "type": "Point", "coordinates": [ 39.0269854, 45.0455404 ] } },
{ "type": "Feature", "properties": { "NAME": "Ипподром", "NAME_EN": null, "NAME_RU": null, "RAILWAY": null, "HIGHWAY": "bus_stop", "REF": null, "NETWORK": null, "PUBLIC_TRA": "platform", "OSM_TYPE": "node", "OSM_ID": 4883937953 }, "geometry": { "type": "Point", "coordinates": [ 39.0129989, 45.1276195 ] } },
{ "type": "Feature", "properties": { "NAME": "Оз молл", "NAME_EN": null, "NAME_RU": "Оз молл", "RAILWAY": null, "HIGHWAY": "bus_stop", "REF": null, "NETWORK": null, "PUBLIC_TRA": "platform", "OSM_TYPE": "node", "OSM_ID": 4986272122 }, "geometry": { "type": "Point", "coordinates": [ 39.1206001, 45.0122539 ] } },
{ "type": "Feature", "properties": { "NAME": "ТРК Oz молл", "NAME_EN": null, "NAME_RU": null, "RAILWAY": null, "HIGHWAY": "bus_stop", "REF": null, "NETWORK": "60;61; 77", "PUBLIC_TRA": "platform", "OSM_TYPE": "node", "OSM_ID": 4986274221 }, "geometry": { "type": "Point", "coordinates": [ 39.124836, 45.0104121 ] } },
{ "type": "Feature", "properties": { "NAME": "ССК «Сокол»", "NAME_EN": null, "NAME_RU": null, "RAILWAY": null, "HIGHWAY": "bus_stop", "REF": null, "NETWORK": null, "PUBLIC_TRA": "platform", "OSM_TYPE": "node", "OSM_ID": 5047643323 }, "geometry": { "type": "Point", "coordinates": [ 38.9146185, 45.1003618 ] } },
{ "type": "Feature", "properties": { "NAME": "жилой комплекс «Западный Город»", "NAME_EN": null, "NAME_RU": null, "RAILWAY": null, "HIGHWAY": "bus_stop", "REF": null, "NETWORK": null, "PUBLIC_TRA": "platform", "OSM_TYPE": "node", "OSM_ID": 5047648138 }, "geometry": { "type": "Point", "coordinates": [ 38.9124347, 45.0983989 ] } },
{ "type": "Feature", "properties": { "NAME": "жилой комплекс «Светлоград»", "NAME_EN": null, "NAME_RU": null, "RAILWAY": null, "HIGHWAY": "bus_stop", "REF": null, "NETWORK": null, "PUBLIC_TRA": "platform", "OSM_TYPE": "node", "OSM_ID": 5048098165 }, "geometry": { "type": "Point", "coordinates": [ 38.8974285, 45.0758275 ] } },
{ "type": "Feature", "properties": { "NAME": "Тепличная улица", "NAME_EN": null, "NAME_RU": null, "RAILWAY": null, "HIGHWAY": "bus_stop", "REF": null, "NETWORK": null, "PUBLIC_TRA": "platform", "OSM_TYPE": "node", "OSM_ID": 5056307106 }, "geometry": { "type": "Point", "coordinates": [ 39.0121705, 45.1099496 ] } },
{ "type": "Feature", "properties": { "NAME": "Городская психиатрическая больница", "NAME_EN": null, "NAME_RU": null, "RAILWAY": null, "HIGHWAY": "bus_stop", "REF": null, "NETWORK": null, "PUBLIC_TRA": "platform", "OSM_TYPE": "node", "OSM_ID": 5058204855 }, "geometry": { "type": "Point", "coordinates": [ 39.0239531, 45.1215796 ] } },
{ "type": "Feature", "properties": { "NAME": "Беговая", "NAME_EN": null, "NAME_RU": null, "RAILWAY": null, "HIGHWAY": "bus_stop", "REF": null, "NETWORK": null, "PUBLIC_TRA": "platform", "OSM_TYPE": "node", "OSM_ID": 5058204856 }, "geometry": { "type": "Point", "coordinates": [ 39.0232734, 45.1263775 ] } },
{ "type": "Feature", "properties": { "NAME": "Ипподром", "NAME_EN": null, "NAME_RU": null, "RAILWAY": null, "HIGHWAY": "bus_stop", "REF": null, "NETWORK": null, "PUBLIC_TRA": "platform", "OSM_TYPE": "node", "OSM_ID": 5058204857 }, "geometry": { "type": "Point", "coordinates": [ 39.0179547, 45.1255545 ] } },
{ "type": "Feature", "properties": { "NAME": "Беговая улица", "NAME_EN": null, "NAME_RU": null, "RAILWAY": null, "HIGHWAY": "bus_stop", "REF": null, "NETWORK": null, "PUBLIC_TRA": "platform", "OSM_TYPE": "node", "OSM_ID": 5058204859 }, "geometry": { "type": "Point", "coordinates": [ 39.0212594, 45.1264115 ] } },
{ "type": "Feature", "properties": { "NAME": "Российская (ул. Беговая)", "NAME_EN": null, "NAME_RU": null, "RAILWAY": null, "HIGHWAY": "bus_stop", "REF": null, "NETWORK": null, "PUBLIC_TRA": "platform", "OSM_TYPE": "node", "OSM_ID": 5058204860 }, "geometry": { "type": "Point", "coordinates": [ 39.0119224, 45.1261091 ] } },
{ "type": "Feature", "properties": { "NAME": "Российская (ул. Беговая)", "NAME_EN": null, "NAME_RU": null, "RAILWAY": null, "HIGHWAY": "bus_stop", "REF": null, "NETWORK": null, "PUBLIC_TRA": "platform", "OSM_TYPE": "node", "OSM_ID": 5058204861 }, "geometry": { "type": "Point", "coordinates": [ 39.0114806, 45.1263119 ] } },
{ "type": "Feature", "properties": { "NAME": "40 лет Победы", "NAME_EN": null, "NAME_RU": null, "RAILWAY": null, "HIGHWAY": "bus_stop", "REF": null, "NETWORK": null, "PUBLIC_TRA": "platform", "OSM_TYPE": "node", "OSM_ID": 5065780301 }, "geometry": { "type": "Point", "coordinates": [ 39.0197478, 45.0556973 ] } },
{ "type": "Feature", "properties": { "NAME": "улица Ивана Рослого", "NAME_EN": null, "NAME_RU": null, "RAILWAY": null, "HIGHWAY": "bus_stop", "REF": null, "NETWORK": null, "PUBLIC_TRA": "platform", "OSM_TYPE": "node", "OSM_ID": 5069489680 }, "geometry": { "type": "Point", "coordinates": [ 39.0133921, 45.099589 ] } },
{ "type": "Feature", "properties": { "NAME": "улица Ивана Рослого", "NAME_EN": null, "NAME_RU": null, "RAILWAY": null, "HIGHWAY": "bus_stop", "REF": null, "NETWORK": null, "PUBLIC_TRA": "platform", "OSM_TYPE": "node", "OSM_ID": 5069489681 }, "geometry": { "type": "Point", "coordinates": [ 39.0130175, 45.1002053 ] } },
{ "type": "Feature", "properties": { "NAME": "переулок Гаражный", "NAME_EN": null, "NAME_RU": null, "RAILWAY": null, "HIGHWAY": "bus_stop", "REF": null, "NETWORK": null, "PUBLIC_TRA": "platform", "OSM_TYPE": "node", "OSM_ID": 5091687605 }, "geometry": { "type": "Point", "coordinates": [ 39.0161123, 45.0848538 ] } },
{ "type": "Feature", "properties": { "NAME": "переулок Гаражный", "NAME_EN": null, "NAME_RU": null, "RAILWAY": null, "HIGHWAY": "bus_stop", "REF": null, "NETWORK": null, "PUBLIC_TRA": "platform", "OSM_TYPE": "node", "OSM_ID": 5091687615 }, "geometry": { "type": "Point", "coordinates": [ 39.0146882, 45.085362 ] } },
{ "type": "Feature", "properties": { "NAME": "Ивановская улица", "NAME_EN": null, "NAME_RU": null, "RAILWAY": null, "HIGHWAY": "bus_stop", "REF": null, "NETWORK": null, "PUBLIC_TRA": "platform", "OSM_TYPE": "node", "OSM_ID": 5107501566 }, "geometry": { "type": "Point", "coordinates": [ 39.0255609, 45.0884342 ] } },
{ "type": "Feature", "properties": { "NAME": "Ивановская улица", "NAME_EN": null, "NAME_RU": null, "RAILWAY": null, "HIGHWAY": "bus_stop", "REF": null, "NETWORK": null, "PUBLIC_TRA": "platform", "OSM_TYPE": "node", "OSM_ID": 5107501567 }, "geometry": { "type": "Point", "coordinates": [ 39.0248391, 45.0885401 ] } },
{ "type": "Feature", "properties": { "NAME": "поселок Краснодарский", "NAME_EN": null, "NAME_RU": null, "RAILWAY": null, "HIGHWAY": "bus_stop", "REF": null, "NETWORK": null, "PUBLIC_TRA": "platform", "OSM_TYPE": "node", "OSM_ID": 5107501612 }, "geometry": { "type": "Point", "coordinates": [ 39.0440016, 45.0886847 ] } },
{ "type": "Feature", "properties": { "NAME": "Магазин \"Магнит\"", "NAME_EN": null, "NAME_RU": null, "RAILWAY": null, "HIGHWAY": "bus_stop", "REF": null, "NETWORK": null, "PUBLIC_TRA": "platform", "OSM_TYPE": "node", "OSM_ID": 5137142401 }, "geometry": { "type": "Point", "coordinates": [ 39.0311914, 45.0557182 ] } },
{ "type": "Feature", "properties": { "NAME": "Магазин \"Магнит\"", "NAME_EN": null, "NAME_RU": null, "RAILWAY": null, "HIGHWAY": "bus_stop", "REF": null, "NETWORK": null, "PUBLIC_TRA": "platform", "OSM_TYPE": "node", "OSM_ID": 5137142402 }, "geometry": { "type": "Point", "coordinates": [ 39.0309104, 45.0558125 ] } },
{ "type": "Feature", "properties": { "NAME": null, "NAME_EN": null, "NAME_RU": null, "RAILWAY": null, "HIGHWAY": "bus_stop", "REF": null, "NETWORK": null, "PUBLIC_TRA": "platform", "OSM_TYPE": "node", "OSM_ID": 5137142403 }, "geometry": { "type": "Point", "coordinates": [ 39.035923, 45.0558698 ] } },
{ "type": "Feature", "properties": { "NAME": null, "NAME_EN": null, "NAME_RU": null, "RAILWAY": null, "HIGHWAY": "bus_stop", "REF": null, "NETWORK": null, "PUBLIC_TRA": "platform", "OSM_TYPE": "node", "OSM_ID": 5137142404 }, "geometry": { "type": "Point", "coordinates": [ 39.036761, 45.0556655 ] } },
{ "type": "Feature", "properties": { "NAME": "улица героя Владислава Посадского", "NAME_EN": null, "NAME_RU": null, "RAILWAY": null, "HIGHWAY": "bus_stop", "REF": null, "NETWORK": null, "PUBLIC_TRA": "platform", "OSM_TYPE": "node", "OSM_ID": 5137142405 }, "geometry": { "type": "Point", "coordinates": [ 39.0411562, 45.0569689 ] } },
{ "type": "Feature", "properties": { "NAME": "улица героя Владислава Посадского", "NAME_EN": null, "NAME_RU": null, "RAILWAY": null, "HIGHWAY": "bus_stop", "REF": null, "NETWORK": null, "PUBLIC_TRA": "platform", "OSM_TYPE": "node", "OSM_ID": 5137142406 }, "geometry": { "type": "Point", "coordinates": [ 39.0400486, 45.0566429 ] } },
{ "type": "Feature", "properties": { "NAME": "ЖК \"Олимп\"", "NAME_EN": null, "NAME_RU": null, "RAILWAY": null, "HIGHWAY": "bus_stop", "REF": null, "NETWORK": null, "PUBLIC_TRA": "platform", "OSM_TYPE": "node", "OSM_ID": 5139168214 }, "geometry": { "type": "Point", "coordinates": [ 39.0342355, 45.0689261 ] } },
{ "type": "Feature", "properties": { "NAME": "Губернский", "NAME_EN": null, "NAME_RU": null, "RAILWAY": null, "HIGHWAY": "bus_stop", "REF": null, "NETWORK": null, "PUBLIC_TRA": "platform", "OSM_TYPE": "node", "OSM_ID": 5139168215 }, "geometry": { "type": "Point", "coordinates": [ 39.0340389, 45.0689479 ] } },
{ "type": "Feature", "properties": { "NAME": "Солнечная", "NAME_EN": null, "NAME_RU": null, "RAILWAY": null, "HIGHWAY": "bus_stop", "REF": null, "NETWORK": null, "PUBLIC_TRA": "platform", "OSM_TYPE": "node", "OSM_ID": 5422371173 }, "geometry": { "type": "Point", "coordinates": [ 38.9872371, 45.0730939 ] } },
{ "type": "Feature", "properties": { "NAME": "Ипподром", "NAME_EN": null, "NAME_RU": null, "RAILWAY": null, "HIGHWAY": "bus_stop", "REF": null, "NETWORK": null, "PUBLIC_TRA": "platform", "OSM_TYPE": "node", "OSM_ID": 5554311260 }, "geometry": { "type": "Point", "coordinates": [ 39.0147686, 45.1287422 ] } },
{ "type": "Feature", "properties": { "NAME": "Пригородная улица", "NAME_EN": null, "NAME_RU": null, "RAILWAY": null, "HIGHWAY": "bus_stop", "REF": null, "NETWORK": null, "PUBLIC_TRA": "platform", "OSM_TYPE": "node", "OSM_ID": 5554335274 }, "geometry": { "type": "Point", "coordinates": [ 38.9874141, 45.1234708 ] } },
{ "type": "Feature", "properties": { "NAME": "\"Баскет-Холл\"", "NAME_EN": null, "NAME_RU": null, "RAILWAY": null, "HIGHWAY": "bus_stop", "REF": null, "NETWORK": null, "PUBLIC_TRA": "platform", "OSM_TYPE": "node", "OSM_ID": 5554335276 }, "geometry": { "type": "Point", "coordinates": [ 38.9855701, 45.115728 ] } },
{ "type": "Feature", "properties": { "NAME": "Екатерининский зал", "NAME_EN": null, "NAME_RU": null, "RAILWAY": null, "HIGHWAY": "bus_stop", "REF": null, "NETWORK": null, "PUBLIC_TRA": "platform", "OSM_TYPE": "node", "OSM_ID": 5554335974 }, "geometry": { "type": "Point", "coordinates": [ 38.9854413, 45.0615434 ] } },
{ "type": "Feature", "properties": { "NAME": "ТЦ \"Лента\"", "NAME_EN": null, "NAME_RU": null, "RAILWAY": null, "HIGHWAY": "bus_stop", "REF": null, "NETWORK": null, "PUBLIC_TRA": "platform", "OSM_TYPE": "node", "OSM_ID": 5574203346 }, "geometry": { "type": "Point", "coordinates": [ 39.0141092, 45.0872738 ] } },
{ "type": "Feature", "properties": { "NAME": "переулок Гаражный", "NAME_EN": null, "NAME_RU": null, "RAILWAY": null, "HIGHWAY": "bus_stop", "REF": null, "NETWORK": null, "PUBLIC_TRA": "platform", "OSM_TYPE": "node", "OSM_ID": 5574795644 }, "geometry": { "type": "Point", "coordinates": [ 39.0145034, 45.0838396 ] } },
{ "type": "Feature", "properties": { "NAME": "улица Зиповская", "NAME_EN": null, "NAME_RU": null, "RAILWAY": "tram_stop", "HIGHWAY": null, "REF": null, "NETWORK": null, "PUBLIC_TRA": "stop_position", "OSM_TYPE": "node", "OSM_ID": 5623213814 }, "geometry": { "type": "Point", "coordinates": [ 39.0018677, 45.0625483 ] } },
{ "type": "Feature", "properties": { "NAME": "улица Зиповская", "NAME_EN": null, "NAME_RU": null, "RAILWAY": "tram_stop", "HIGHWAY": null, "REF": null, "NETWORK": null, "PUBLIC_TRA": "stop_position", "OSM_TYPE": "node", "OSM_ID": 5623213815 }, "geometry": { "type": "Point", "coordinates": [ 39.0019226, 45.0626887 ] } },
{ "type": "Feature", "properties": { "NAME": "Железнодорожная больница", "NAME_EN": null, "NAME_RU": null, "RAILWAY": null, "HIGHWAY": "bus_stop", "REF": null, "NETWORK": null, "PUBLIC_TRA": "platform", "OSM_TYPE": "node", "OSM_ID": 5623213819 }, "geometry": { "type": "Point", "coordinates": [ 39.0014027, 45.0688465 ] } },
{ "type": "Feature", "properties": { "NAME": "Почта", "NAME_EN": null, "NAME_RU": null, "RAILWAY": null, "HIGHWAY": "bus_stop", "REF": null, "NETWORK": null, "PUBLIC_TRA": "stop_position", "OSM_TYPE": "node", "OSM_ID": 5624408527 }, "geometry": { "type": "Point", "coordinates": [ 39.001374, 45.0661883 ] } },
{ "type": "Feature", "properties": { "NAME": "Ангарская улица", "NAME_EN": null, "NAME_RU": null, "RAILWAY": null, "HIGHWAY": "bus_stop", "REF": null, "NETWORK": null, "PUBLIC_TRA": "platform", "OSM_TYPE": "node", "OSM_ID": 5633839816 }, "geometry": { "type": "Point", "coordinates": [ 39.0149805, 45.0819869 ] } },
{ "type": "Feature", "properties": { "NAME": "Детский сад", "NAME_EN": null, "NAME_RU": null, "RAILWAY": null, "HIGHWAY": "bus_stop", "REF": null, "NETWORK": null, "PUBLIC_TRA": "platform", "OSM_TYPE": "node", "OSM_ID": 5633839818 }, "geometry": { "type": "Point", "coordinates": [ 39.0152715, 45.0786588 ] } },
{ "type": "Feature", "properties": { "NAME": "Школа искусств", "NAME_EN": null, "NAME_RU": null, "RAILWAY": null, "HIGHWAY": "bus_stop", "REF": null, "NETWORK": null, "PUBLIC_TRA": "platform", "OSM_TYPE": "node", "OSM_ID": 5633839944 }, "geometry": { "type": "Point", "coordinates": [ 38.918142, 45.0390239 ] } },
{ "type": "Feature", "properties": { "NAME": "Почта", "NAME_EN": null, "NAME_RU": null, "RAILWAY": "tram_stop", "HIGHWAY": null, "REF": null, "NETWORK": null, "PUBLIC_TRA": "stop_position", "OSM_TYPE": "node", "OSM_ID": 5634925369 }, "geometry": { "type": "Point", "coordinates": [ 39.001386, 45.066733 ] } },
{ "type": "Feature", "properties": { "NAME": "Почта", "NAME_EN": null, "NAME_RU": null, "RAILWAY": "tram_stop", "HIGHWAY": null, "REF": null, "NETWORK": null, "PUBLIC_TRA": "stop_position", "OSM_TYPE": "node", "OSM_ID": 5634925370 }, "geometry": { "type": "Point", "coordinates": [ 39.0014947, 45.0664034 ] } },
{ "type": "Feature", "properties": { "NAME": "п. Пригородный-Канал", "NAME_EN": null, "NAME_RU": null, "RAILWAY": null, "HIGHWAY": "bus_stop", "REF": null, "NETWORK": null, "PUBLIC_TRA": "platform", "OSM_TYPE": "node", "OSM_ID": 5646042121 }, "geometry": { "type": "Point", "coordinates": [ 39.1848993, 45.0645272 ] } },
{ "type": "Feature", "properties": { "NAME": "Автомобилист", "NAME_EN": null, "NAME_RU": null, "RAILWAY": null, "HIGHWAY": "bus_stop", "REF": null, "NETWORK": null, "PUBLIC_TRA": "platform", "OSM_TYPE": "node", "OSM_ID": 5646042122 }, "geometry": { "type": "Point", "coordinates": [ 39.1794081, 45.0640569 ] } },
{ "type": "Feature", "properties": { "NAME": "Нефтемашремонт", "NAME_EN": null, "NAME_RU": null, "RAILWAY": null, "HIGHWAY": "bus_stop", "REF": null, "NETWORK": null, "PUBLIC_TRA": "platform", "OSM_TYPE": "node", "OSM_ID": 5652195389 }, "geometry": { "type": "Point", "coordinates": [ 38.9831608, 45.0653447 ] } },
{ "type": "Feature", "properties": { "NAME": "Гомельская улица", "NAME_EN": null, "NAME_RU": null, "RAILWAY": null, "HIGHWAY": "bus_stop", "REF": null, "NETWORK": null, "PUBLIC_TRA": "platform", "OSM_TYPE": "node", "OSM_ID": 5662005946 }, "geometry": { "type": "Point", "coordinates": [ 39.0017371, 45.0843121 ] } },
{ "type": "Feature", "properties": { "NAME": "Институт культуры", "NAME_EN": null, "NAME_RU": null, "RAILWAY": "tram_stop", "HIGHWAY": null, "REF": null, "NETWORK": null, "PUBLIC_TRA": "stop_position", "OSM_TYPE": "node", "OSM_ID": 5725192017 }, "geometry": { "type": "Point", "coordinates": [ 39.0026983, 45.0548377 ] } },
{ "type": "Feature", "properties": { "NAME": "Институт культуры", "NAME_EN": null, "NAME_RU": null, "RAILWAY": "tram_stop", "HIGHWAY": null, "REF": null, "NETWORK": null, "PUBLIC_TRA": "stop_position", "OSM_TYPE": "node", "OSM_ID": 5725192018 }, "geometry": { "type": "Point", "coordinates": [ 39.0025818, 45.0554175 ] } },
{ "type": "Feature", "properties": { "NAME": "улица Островского/КубГТУ", "NAME_EN": null, "NAME_RU": null, "RAILWAY": "tram_stop", "HIGHWAY": null, "REF": null, "NETWORK": null, "PUBLIC_TRA": "stop_position", "OSM_TYPE": "node", "OSM_ID": 5725192019 }, "geometry": { "type": "Point", "coordinates": [ 39.0020254, 45.0513223 ] } },
{ "type": "Feature", "properties": { "NAME": "КубГТУ", "NAME_EN": null, "NAME_RU": null, "RAILWAY": "tram_stop", "HIGHWAY": null, "REF": null, "NETWORK": null, "PUBLIC_TRA": "stop_position", "OSM_TYPE": "node", "OSM_ID": 5725192824 }, "geometry": { "type": "Point", "coordinates": [ 39.00383, 45.050419 ] } },
{ "type": "Feature", "properties": { "NAME": "Магнит", "NAME_EN": null, "NAME_RU": null, "RAILWAY": null, "HIGHWAY": "bus_stop", "REF": null, "NETWORK": null, "PUBLIC_TRA": "platform", "OSM_TYPE": "node", "OSM_ID": 5739314332 }, "geometry": { "type": "Point", "coordinates": [ 39.0019778, 45.087166 ] } },
{ "type": "Feature", "properties": { "NAME": "Школа №32", "NAME_EN": null, "NAME_RU": null, "RAILWAY": null, "HIGHWAY": "bus_stop", "REF": null, "NETWORK": null, "PUBLIC_TRA": "platform", "OSM_TYPE": "node", "OSM_ID": 5771744232 }, "geometry": { "type": "Point", "coordinates": [ 38.9988423, 45.0182063 ] } },
{ "type": "Feature", "properties": { "NAME": "Жигулёвская улица", "NAME_EN": null, "NAME_RU": null, "RAILWAY": null, "HIGHWAY": "bus_stop", "REF": null, "NETWORK": null, "PUBLIC_TRA": "platform", "OSM_TYPE": "node", "OSM_ID": 5771744248 }, "geometry": { "type": "Point", "coordinates": [ 39.0010629, 45.080075 ] } },
{ "type": "Feature", "properties": { "NAME": "улица Петра Метальникова", "NAME_EN": null, "NAME_RU": null, "RAILWAY": null, "HIGHWAY": "bus_stop", "REF": null, "NETWORK": null, "PUBLIC_TRA": "platform", "OSM_TYPE": "node", "OSM_ID": 5771744252 }, "geometry": { "type": "Point", "coordinates": [ 39.0018216, 45.0929979 ] } },
{ "type": "Feature", "properties": { "NAME": "Кружевная", "NAME_EN": null, "NAME_RU": null, "RAILWAY": null, "HIGHWAY": "bus_stop", "REF": null, "NETWORK": null, "PUBLIC_TRA": "platform", "OSM_TYPE": "node", "OSM_ID": 5813466091 }, "geometry": { "type": "Point", "coordinates": [ 39.0678231, 44.9928103 ] } },
{ "type": "Feature", "properties": { "NAME": "Кружевная", "NAME_EN": null, "NAME_RU": null, "RAILWAY": null, "HIGHWAY": "bus_stop", "REF": null, "NETWORK": null, "PUBLIC_TRA": "platform", "OSM_TYPE": "node", "OSM_ID": 5841740044 }, "geometry": { "type": "Point", "coordinates": [ 39.0691529, 44.9937372 ] } },
{ "type": "Feature", "properties": { "NAME": "Валерия Гассия", "NAME_EN": null, "NAME_RU": null, "RAILWAY": null, "HIGHWAY": "bus_stop", "REF": null, "NETWORK": null, "PUBLIC_TRA": "platform", "OSM_TYPE": "node", "OSM_ID": 5841740206 }, "geometry": { "type": "Point", "coordinates": [ 39.0684378, 44.9882152 ] } },
{ "type": "Feature", "properties": { "NAME": "улица имени Невкипелова", "NAME_EN": null, "NAME_RU": null, "RAILWAY": null, "HIGHWAY": "bus_stop", "REF": null, "NETWORK": null, "PUBLIC_TRA": "platform", "OSM_TYPE": "node", "OSM_ID": 5842438185 }, "geometry": { "type": "Point", "coordinates": [ 39.0787102, 45.0002781 ] } },
{ "type": "Feature", "properties": { "NAME": null, "NAME_EN": null, "NAME_RU": null, "RAILWAY": null, "HIGHWAY": "bus_stop", "REF": null, "NETWORK": null, "PUBLIC_TRA": "platform", "OSM_TYPE": "node", "OSM_ID": 5885410557 }, "geometry": { "type": "Point", "coordinates": [ 39.0741007, 45.0000587 ] } },
{ "type": "Feature", "properties": { "NAME": "Торговый центр \"Западный\"", "NAME_EN": null, "NAME_RU": null, "RAILWAY": null, "HIGHWAY": "bus_stop", "REF": null, "NETWORK": null, "PUBLIC_TRA": "platform", "OSM_TYPE": "node", "OSM_ID": 5903285103 }, "geometry": { "type": "Point", "coordinates": [ 38.902543, 45.0862116 ] } },
{ "type": "Feature", "properties": { "NAME": null, "NAME_EN": null, "NAME_RU": null, "RAILWAY": null, "HIGHWAY": "bus_stop", "REF": null, "NETWORK": null, "PUBLIC_TRA": "platform", "OSM_TYPE": "node", "OSM_ID": 5925899960 }, "geometry": { "type": "Point", "coordinates": [ 38.9292202, 45.1003224 ] } },
{ "type": "Feature", "properties": { "NAME": "Кореновская улица", "NAME_EN": null, "NAME_RU": null, "RAILWAY": null, "HIGHWAY": "bus_stop", "REF": null, "NETWORK": null, "PUBLIC_TRA": "platform", "OSM_TYPE": "node", "OSM_ID": 5926004064 }, "geometry": { "type": "Point", "coordinates": [ 38.9783314, 45.0974647 ] } },
{ "type": "Feature", "properties": { "NAME": "СОШ №66", "NAME_EN": null, "NAME_RU": null, "RAILWAY": null, "HIGHWAY": "bus_stop", "REF": null, "NETWORK": null, "PUBLIC_TRA": "stop_position", "OSM_TYPE": "node", "OSM_ID": 5971579288 }, "geometry": { "type": "Point", "coordinates": [ 39.0387583, 45.0726905 ] } },
{ "type": "Feature", "properties": { "NAME": "поселок Кирпичного завода", "NAME_EN": null, "NAME_RU": null, "RAILWAY": null, "HIGHWAY": "bus_stop", "REF": null, "NETWORK": null, "PUBLIC_TRA": "platform", "OSM_TYPE": "node", "OSM_ID": 6024721038 }, "geometry": { "type": "Point", "coordinates": [ 38.8545146, 45.0538803 ] } },
{ "type": "Feature", "properties": { "NAME": "ТРК \"СБС\"", "NAME_EN": null, "NAME_RU": null, "RAILWAY": null, "HIGHWAY": "bus_stop", "REF": null, "NETWORK": null, "PUBLIC_TRA": "platform", "OSM_TYPE": "node", "OSM_ID": 6065470526 }, "geometry": { "type": "Point", "coordinates": [ 39.0506013, 45.0360384 ] } },
{ "type": "Feature", "properties": { "NAME": null, "NAME_EN": null, "NAME_RU": null, "RAILWAY": null, "HIGHWAY": "bus_stop", "REF": null, "NETWORK": null, "PUBLIC_TRA": "platform", "OSM_TYPE": "node", "OSM_ID": 6115949055 }, "geometry": { "type": "Point", "coordinates": [ 38.9770979, 45.105462 ] } },
{ "type": "Feature", "properties": { "NAME": "Поющие Фонтаны", "NAME_EN": null, "NAME_RU": null, "RAILWAY": null, "HIGHWAY": "bus_stop", "REF": null, "NETWORK": null, "PUBLIC_TRA": "platform", "OSM_TYPE": "node", "OSM_ID": 6116224686 }, "geometry": { "type": "Point", "coordinates": [ 39.0768884, 45.0000408 ] } },
{ "type": "Feature", "properties": { "NAME": "Детский сад", "NAME_EN": null, "NAME_RU": null, "RAILWAY": null, "HIGHWAY": "bus_stop", "REF": null, "NETWORK": null, "PUBLIC_TRA": "platform", "OSM_TYPE": "node", "OSM_ID": 6120132705 }, "geometry": { "type": "Point", "coordinates": [ 39.0759712, 45.0029248 ] } },
{ "type": "Feature", "properties": { "NAME": "Стоматологическая поликлиника", "NAME_EN": null, "NAME_RU": null, "RAILWAY": null, "HIGHWAY": "bus_stop", "REF": null, "NETWORK": null, "PUBLIC_TRA": "platform", "OSM_TYPE": "node", "OSM_ID": 6120132706 }, "geometry": { "type": "Point", "coordinates": [ 39.0798457, 45.00325 ] } },
{ "type": "Feature", "properties": { "NAME": "Памирская улица", "NAME_EN": null, "NAME_RU": null, "RAILWAY": null, "HIGHWAY": "bus_stop", "REF": null, "NETWORK": null, "PUBLIC_TRA": "platform", "OSM_TYPE": "node", "OSM_ID": 6273457837 }, "geometry": { "type": "Point", "coordinates": [ 39.0161406, 45.0686604 ] } },
{ "type": "Feature", "properties": { "NAME": "Черкасская улица", "NAME_EN": null, "NAME_RU": null, "RAILWAY": null, "HIGHWAY": "bus_stop", "REF": null, "NETWORK": null, "PUBLIC_TRA": "platform", "OSM_TYPE": "node", "OSM_ID": 6273457839 }, "geometry": { "type": "Point", "coordinates": [ 39.0164222, 45.0661404 ] } },
{ "type": "Feature", "properties": { "NAME": "Хлебозавод", "NAME_EN": null, "NAME_RU": null, "RAILWAY": null, "HIGHWAY": "bus_stop", "REF": null, "NETWORK": null, "PUBLIC_TRA": "platform", "OSM_TYPE": "node", "OSM_ID": 6273457842 }, "geometry": { "type": "Point", "coordinates": [ 39.0171504, 45.057982 ] } },
{ "type": "Feature", "properties": { "NAME": null, "NAME_EN": null, "NAME_RU": null, "RAILWAY": null, "HIGHWAY": "bus_stop", "REF": null, "NETWORK": null, "PUBLIC_TRA": null, "OSM_TYPE": "node", "OSM_ID": 6327750987 }, "geometry": { "type": "Point", "coordinates": [ 38.9867627, 45.1230256 ] } },
{ "type": "Feature", "properties": { "NAME": "Пригородная улица", "NAME_EN": null, "NAME_RU": null, "RAILWAY": null, "HIGHWAY": "bus_stop", "REF": null, "NETWORK": null, "PUBLIC_TRA": "platform", "OSM_TYPE": "node", "OSM_ID": 6327755687 }, "geometry": { "type": "Point", "coordinates": [ 38.9859991, 45.1223375 ] } },
{ "type": "Feature", "properties": { "NAME": "4-й Пригородный проезд", "NAME_EN": null, "NAME_RU": null, "RAILWAY": null, "HIGHWAY": "bus_stop", "REF": null, "NETWORK": null, "PUBLIC_TRA": "platform", "OSM_TYPE": "node", "OSM_ID": 6327755688 }, "geometry": { "type": "Point", "coordinates": [ 38.9914691, 45.1251735 ] } },
{ "type": "Feature", "properties": { "NAME": "4-й Пригородный проезд", "NAME_EN": null, "NAME_RU": null, "RAILWAY": null, "HIGHWAY": "bus_stop", "REF": null, "NETWORK": null, "PUBLIC_TRA": "platform", "OSM_TYPE": "node", "OSM_ID": 6327755689 }, "geometry": { "type": "Point", "coordinates": [ 38.9915539, 45.1249459 ] } },
{ "type": "Feature", "properties": { "NAME": null, "NAME_EN": null, "NAME_RU": null, "RAILWAY": null, "HIGHWAY": "bus_stop", "REF": null, "NETWORK": null, "PUBLIC_TRA": "platform", "OSM_TYPE": "node", "OSM_ID": 6327755690 }, "geometry": { "type": "Point", "coordinates": [ 38.9964308, 45.1279687 ] } },
{ "type": "Feature", "properties": { "NAME": null, "NAME_EN": null, "NAME_RU": null, "RAILWAY": null, "HIGHWAY": "bus_stop", "REF": null, "NETWORK": null, "PUBLIC_TRA": null, "OSM_TYPE": "node", "OSM_ID": 6327755785 }, "geometry": { "type": "Point", "coordinates": [ 38.9850932, 45.1292631 ] } },
{ "type": "Feature", "properties": { "NAME": "8-я Урожайная улица", "NAME_EN": null, "NAME_RU": null, "RAILWAY": null, "HIGHWAY": "bus_stop", "REF": null, "NETWORK": null, "PUBLIC_TRA": "platform", "OSM_TYPE": "node", "OSM_ID": 6360582288 }, "geometry": { "type": "Point", "coordinates": [ 38.9854107, 45.1291307 ] } },
{ "type": "Feature", "properties": { "NAME": null, "NAME_EN": null, "NAME_RU": null, "RAILWAY": null, "HIGHWAY": "bus_stop", "REF": null, "NETWORK": null, "PUBLIC_TRA": null, "OSM_TYPE": "node", "OSM_ID": 6360583386 }, "geometry": { "type": "Point", "coordinates": [ 38.9851316, 45.1292493 ] } },
{ "type": "Feature", "properties": { "NAME": null, "NAME_EN": null, "NAME_RU": null, "RAILWAY": null, "HIGHWAY": "bus_stop", "REF": null, "NETWORK": null, "PUBLIC_TRA": "platform", "OSM_TYPE": "node", "OSM_ID": 6395839846 }, "geometry": { "type": "Point", "coordinates": [ 39.0145095, 45.0285759 ] } },
{ "type": "Feature", "properties": { "NAME": "Бауцентр", "NAME_EN": null, "NAME_RU": null, "RAILWAY": null, "HIGHWAY": "bus_stop", "REF": null, "NETWORK": null, "PUBLIC_TRA": "platform", "OSM_TYPE": "node", "OSM_ID": 6395840370 }, "geometry": { "type": "Point", "coordinates": [ 39.0206925, 45.0279646 ] } },
{ "type": "Feature", "properties": { "NAME": "Рождественский храм", "NAME_EN": null, "NAME_RU": null, "RAILWAY": "tram_stop", "HIGHWAY": null, "REF": null, "NETWORK": null, "PUBLIC_TRA": "stop_position", "OSM_TYPE": "node", "OSM_ID": 6424097904 }, "geometry": { "type": "Point", "coordinates": [ 38.9057141, 45.026468 ] } },
{ "type": "Feature", "properties": { "NAME": "Рождественский храм", "NAME_EN": null, "NAME_RU": null, "RAILWAY": "tram_stop", "HIGHWAY": null, "REF": null, "NETWORK": null, "PUBLIC_TRA": "stop_position", "OSM_TYPE": "node", "OSM_ID": 6424097905 }, "geometry": { "type": "Point", "coordinates": [ 38.9052568, 45.0256805 ] } },
{ "type": "Feature", "properties": { "NAME": "улица Солнечная", "NAME_EN": null, "NAME_RU": null, "RAILWAY": null, "HIGHWAY": "bus_stop", "REF": null, "NETWORK": null, "PUBLIC_TRA": "platform", "OSM_TYPE": "node", "OSM_ID": 6426721788 }, "geometry": { "type": "Point", "coordinates": [ 39.0006575, 45.0728756 ] } },
{ "type": "Feature", "properties": { "NAME": "Домбайская улица", "NAME_EN": null, "NAME_RU": null, "RAILWAY": null, "HIGHWAY": "bus_stop", "REF": null, "NETWORK": null, "PUBLIC_TRA": "platform", "OSM_TYPE": "node", "OSM_ID": 6450764677 }, "geometry": { "type": "Point", "coordinates": [ 39.0247893, 45.0710998 ] } },
{ "type": "Feature", "properties": { "NAME": "Восточно-Кругликовская улица", "NAME_EN": null, "NAME_RU": null, "RAILWAY": null, "HIGHWAY": "bus_stop", "REF": null, "NETWORK": null, "PUBLIC_TRA": "platform", "OSM_TYPE": "node", "OSM_ID": 6450764679 }, "geometry": { "type": "Point", "coordinates": [ 39.0251005, 45.0663715 ] } },
{ "type": "Feature", "properties": { "NAME": "Восточно-Кругликовская улица", "NAME_EN": null, "NAME_RU": null, "RAILWAY": null, "HIGHWAY": "bus_stop", "REF": null, "NETWORK": null, "PUBLIC_TRA": "platform", "OSM_TYPE": "node", "OSM_ID": 6450764682 }, "geometry": { "type": "Point", "coordinates": [ 39.0256048, 45.0600912 ] } },
{ "type": "Feature", "properties": { "NAME": "Восточно-Кругликовская улица", "NAME_EN": null, "NAME_RU": null, "RAILWAY": null, "HIGHWAY": "bus_stop", "REF": null, "NETWORK": null, "PUBLIC_TRA": "platform", "OSM_TYPE": "node", "OSM_ID": 6451117658 }, "geometry": { "type": "Point", "coordinates": [ 39.0253178, 45.0603262 ] } },
{ "type": "Feature", "properties": { "NAME": "улица 40 лет Победы", "NAME_EN": "ulitsa 40 Let Pobedy", "NAME_RU": null, "RAILWAY": null, "HIGHWAY": "bus_stop", "REF": null, "NETWORK": null, "PUBLIC_TRA": "stop_position", "OSM_TYPE": "node", "OSM_ID": 6466329485 }, "geometry": { "type": "Point", "coordinates": [ 39.0226892, 45.0565179 ] } },
{ "type": "Feature", "properties": { "NAME": "улица 40 лет Победы", "NAME_EN": null, "NAME_RU": null, "RAILWAY": null, "HIGHWAY": "bus_stop", "REF": null, "NETWORK": null, "PUBLIC_TRA": "platform", "OSM_TYPE": "node", "OSM_ID": 6466329585 }, "geometry": { "type": "Point", "coordinates": [ 39.0227292, 45.0566359 ] } },
{ "type": "Feature", "properties": { "NAME": "улица Демченко", "NAME_EN": null, "NAME_RU": null, "RAILWAY": null, "HIGHWAY": "bus_stop", "REF": null, "NETWORK": null, "PUBLIC_TRA": "platform", "OSM_TYPE": "node", "OSM_ID": 6564394777 }, "geometry": { "type": "Point", "coordinates": [ 39.109004, 45.0161287 ] } },
{ "type": "Feature", "properties": { "NAME": "ЖК \"Тургенев\"", "NAME_EN": null, "NAME_RU": null, "RAILWAY": null, "HIGHWAY": "bus_stop", "REF": null, "NETWORK": null, "PUBLIC_TRA": "platform", "OSM_TYPE": "node", "OSM_ID": 6627803577 }, "geometry": { "type": "Point", "coordinates": [ 38.9609041, 45.0612011 ] } },
{ "type": "Feature", "properties": { "NAME": "улица Гидростроителей", "NAME_EN": null, "NAME_RU": null, "RAILWAY": null, "HIGHWAY": "bus_stop", "REF": null, "NETWORK": null, "PUBLIC_TRA": "platform", "OSM_TYPE": "node", "OSM_ID": 6627879111 }, "geometry": { "type": "Point", "coordinates": [ 39.0710581, 45.0023671 ] } },
{ "type": "Feature", "properties": { "NAME": "улица Невкипелого", "NAME_EN": null, "NAME_RU": null, "RAILWAY": null, "HIGHWAY": "bus_stop", "REF": null, "NETWORK": null, "PUBLIC_TRA": "platform", "OSM_TYPE": "node", "OSM_ID": 6627879112 }, "geometry": { "type": "Point", "coordinates": [ 39.0703758, 45.0010403 ] } },
{ "type": "Feature", "properties": { "NAME": "Невкипелого", "NAME_EN": null, "NAME_RU": null, "RAILWAY": null, "HIGHWAY": "bus_stop", "REF": null, "NETWORK": null, "PUBLIC_TRA": null, "OSM_TYPE": "node", "OSM_ID": 6837416690 }, "geometry": { "type": "Point", "coordinates": [ 39.074496, 45.0002545 ] } },
{ "type": "Feature", "properties": { "NAME": "Автомобильная улица", "NAME_EN": null, "NAME_RU": null, "RAILWAY": null, "HIGHWAY": "bus_stop", "REF": null, "NETWORK": null, "PUBLIC_TRA": "platform", "OSM_TYPE": "node", "OSM_ID": 6991424379 }, "geometry": { "type": "Point", "coordinates": [ 38.9906666, 45.0899285 ] } },
{ "type": "Feature", "properties": { "NAME": "Автомобильная улица", "NAME_EN": null, "NAME_RU": null, "RAILWAY": null, "HIGHWAY": "bus_stop", "REF": null, "NETWORK": null, "PUBLIC_TRA": "platform", "OSM_TYPE": "node", "OSM_ID": 6991424380 }, "geometry": { "type": "Point", "coordinates": [ 38.9907944, 45.0886677 ] } },
{ "type": "Feature", "properties": { "NAME": "ЖК Инсити", "NAME_EN": null, "NAME_RU": null, "RAILWAY": null, "HIGHWAY": "bus_stop", "REF": null, "NETWORK": null, "PUBLIC_TRA": "platform", "OSM_TYPE": "node", "OSM_ID": 7098841370 }, "geometry": { "type": "Point", "coordinates": [ 39.0343286, 45.0885991 ] } },
{ "type": "Feature", "properties": { "NAME": "Оз молл", "NAME_EN": null, "NAME_RU": null, "RAILWAY": null, "HIGHWAY": "bus_stop", "REF": null, "NETWORK": null, "PUBLIC_TRA": "platform", "OSM_TYPE": "node", "OSM_ID": 7107736118 }, "geometry": { "type": "Point", "coordinates": [ 39.1205429, 45.0124179 ] } },
{ "type": "Feature", "properties": { "NAME": "Магнит Гипермаркет", "NAME_EN": null, "NAME_RU": null, "RAILWAY": null, "HIGHWAY": "bus_stop", "REF": null, "NETWORK": null, "PUBLIC_TRA": "platform", "OSM_TYPE": "node", "OSM_ID": 7235152849 }, "geometry": { "type": "Point", "coordinates": [ 38.9480017, 45.1065473 ] } },
{ "type": "Feature", "properties": { "NAME": "Автовокзал \"Южный\"", "NAME_EN": null, "NAME_RU": null, "RAILWAY": null, "HIGHWAY": "bus_stop", "REF": null, "NETWORK": null, "PUBLIC_TRA": "stop_position", "OSM_TYPE": "node", "OSM_ID": 7347706842 }, "geometry": { "type": "Point", "coordinates": [ 38.9585673, 44.997426 ] } },
{ "type": "Feature", "properties": { "NAME": "ЖК Спортивная деревня", "NAME_EN": null, "NAME_RU": null, "RAILWAY": null, "HIGHWAY": "bus_stop", "REF": null, "NETWORK": null, "PUBLIC_TRA": "platform", "OSM_TYPE": "node", "OSM_ID": 7580032719 }, "geometry": { "type": "Point", "coordinates": [ 38.9098674, 45.0917317 ] } },
{ "type": "Feature", "properties": { "NAME": "Мегацентр \"Красная Площадь\"", "NAME_EN": null, "NAME_RU": null, "RAILWAY": null, "HIGHWAY": "bus_stop", "REF": null, "NETWORK": null, "PUBLIC_TRA": "stop_position", "OSM_TYPE": "node", "OSM_ID": 7619696819 }, "geometry": { "type": "Point", "coordinates": [ 38.981844, 45.1017649 ] } },
{ "type": "Feature", "properties": { "NAME": "Магнит", "NAME_EN": null, "NAME_RU": null, "RAILWAY": null, "HIGHWAY": "bus_stop", "REF": null, "NETWORK": null, "PUBLIC_TRA": "platform", "OSM_TYPE": "node", "OSM_ID": 7655402027 }, "geometry": { "type": "Point", "coordinates": [ 38.9504099, 45.1061784 ] } },
{ "type": "Feature", "properties": { "NAME": "улица Восточно-Кругликовская", "NAME_EN": null, "NAME_RU": null, "RAILWAY": null, "HIGHWAY": "bus_stop", "REF": null, "NETWORK": null, "PUBLIC_TRA": "platform", "OSM_TYPE": "node", "OSM_ID": 7685492554 }, "geometry": { "type": "Point", "coordinates": [ 39.0246271, 45.0668811 ] } },
{ "type": "Feature", "properties": { "NAME": "Деловые линии", "NAME_EN": null, "NAME_RU": null, "RAILWAY": null, "HIGHWAY": "bus_stop", "REF": null, "NETWORK": null, "PUBLIC_TRA": "stop_position", "OSM_TYPE": "node", "OSM_ID": 7714824380 }, "geometry": { "type": "Point", "coordinates": [ 38.9670475, 45.1040162 ] } },
{ "type": "Feature", "properties": { "NAME": "улица Крупской", "NAME_EN": null, "NAME_RU": null, "RAILWAY": "tram_stop", "HIGHWAY": null, "REF": null, "NETWORK": null, "PUBLIC_TRA": "stop_position", "OSM_TYPE": "node", "OSM_ID": 7922806658 }, "geometry": { "type": "Point", "coordinates": [ 38.9989189, 45.0525457 ] } },
{ "type": "Feature", "properties": { "NAME": "улица Клиническая", "NAME_EN": null, "NAME_RU": null, "RAILWAY": "tram_stop", "HIGHWAY": null, "REF": null, "NETWORK": null, "PUBLIC_TRA": "stop_position", "OSM_TYPE": "node", "OSM_ID": 7922806659 }, "geometry": { "type": "Point", "coordinates": [ 38.9917725, 45.0517712 ] } },
{ "type": "Feature", "properties": { "NAME": "улица 40 лет Победы", "NAME_EN": null, "NAME_RU": null, "RAILWAY": "tram_stop", "HIGHWAY": null, "REF": null, "NETWORK": null, "PUBLIC_TRA": "stop_position", "OSM_TYPE": "node", "OSM_ID": 7922806660 }, "geometry": { "type": "Point", "coordinates": [ 38.9895103, 45.0540777 ] } },
{ "type": "Feature", "properties": { "NAME": "Чистяковская роща", "NAME_EN": null, "NAME_RU": null, "RAILWAY": "tram_stop", "HIGHWAY": null, "REF": null, "NETWORK": null, "PUBLIC_TRA": "stop_position", "OSM_TYPE": "node", "OSM_ID": 7922806661 }, "geometry": { "type": "Point", "coordinates": [ 38.9892417, 45.0574671 ] } },
{ "type": "Feature", "properties": { "NAME": "Екатерининский зал", "NAME_EN": null, "NAME_RU": null, "RAILWAY": "tram_stop", "HIGHWAY": null, "REF": null, "NETWORK": null, "PUBLIC_TRA": "stop_position", "OSM_TYPE": "node", "OSM_ID": 7922806662 }, "geometry": { "type": "Point", "coordinates": [ 38.9880199, 45.0593256 ] } },
{ "type": "Feature", "properties": { "NAME": "улица Офицерская", "NAME_EN": null, "NAME_RU": null, "RAILWAY": "tram_stop", "HIGHWAY": null, "REF": null, "NETWORK": null, "PUBLIC_TRA": "stop_position", "OSM_TYPE": "node", "OSM_ID": 7922806663 }, "geometry": { "type": "Point", "coordinates": [ 38.9848665, 45.0580145 ] } },
{ "type": "Feature", "properties": { "NAME": "улица Одесская", "NAME_EN": null, "NAME_RU": null, "RAILWAY": "tram_stop", "HIGHWAY": null, "REF": null, "NETWORK": null, "PUBLIC_TRA": "stop_position", "OSM_TYPE": "node", "OSM_ID": 7922806664 }, "geometry": { "type": "Point", "coordinates": [ 38.9834069, 45.0498886 ] } },
{ "type": "Feature", "properties": { "NAME": "ТК «Центр города»", "NAME_EN": null, "NAME_RU": null, "RAILWAY": "tram_stop", "HIGHWAY": null, "REF": null, "NETWORK": null, "PUBLIC_TRA": "stop_position", "OSM_TYPE": "node", "OSM_ID": 7922806665 }, "geometry": { "type": "Point", "coordinates": [ 38.9818161, 45.0456251 ] } },
{ "type": "Feature", "properties": { "NAME": "улица Северная", "NAME_EN": null, "NAME_RU": null, "RAILWAY": "tram_stop", "HIGHWAY": null, "REF": null, "NETWORK": null, "PUBLIC_TRA": "stop_position", "OSM_TYPE": "node", "OSM_ID": 7922806666 }, "geometry": { "type": "Point", "coordinates": [ 38.9798665, 45.039373 ] } },
{ "type": "Feature", "properties": { "NAME": "Драмтеатр", "NAME_EN": null, "NAME_RU": null, "RAILWAY": "tram_stop", "HIGHWAY": null, "REF": null, "NETWORK": null, "PUBLIC_TRA": "stop_position", "OSM_TYPE": "node", "OSM_ID": 7922806667 }, "geometry": { "type": "Point", "coordinates": [ 38.978429, 45.0351131 ] } },
{ "type": "Feature", "properties": { "NAME": "улица Горького", "NAME_EN": null, "NAME_RU": null, "RAILWAY": "tram_stop", "HIGHWAY": null, "REF": null, "NETWORK": null, "PUBLIC_TRA": "stop_position", "OSM_TYPE": "node", "OSM_ID": 7922806668 }, "geometry": { "type": "Point", "coordinates": [ 38.9768102, 45.0303188 ] } },
{ "type": "Feature", "properties": { "NAME": "Кооперативный рынок", "NAME_EN": null, "NAME_RU": null, "RAILWAY": "tram_stop", "HIGHWAY": null, "REF": null, "NETWORK": null, "PUBLIC_TRA": "stop_position", "OSM_TYPE": "node", "OSM_ID": 7922806669 }, "geometry": { "type": "Point", "coordinates": [ 38.9758489, 45.0260785 ] } },
{ "type": "Feature", "properties": { "NAME": "улица Янковского", "NAME_EN": null, "NAME_RU": null, "RAILWAY": "tram_stop", "HIGHWAY": null, "REF": null, "NETWORK": null, "PUBLIC_TRA": "stop_position", "OSM_TYPE": "node", "OSM_ID": 7922806670 }, "geometry": { "type": "Point", "coordinates": [ 38.9798158, 45.0254248 ] } },
{ "type": "Feature", "properties": { "NAME": "улица Базовская", "NAME_EN": null, "NAME_RU": null, "RAILWAY": "tram_stop", "HIGHWAY": null, "REF": null, "NETWORK": null, "PUBLIC_TRA": "stop_position", "OSM_TYPE": "node", "OSM_ID": 7922806671 }, "geometry": { "type": "Point", "coordinates": [ 38.9841586, 45.0246413 ] } },
{ "type": "Feature", "properties": { "NAME": "улица Железнодорожная", "NAME_EN": null, "NAME_RU": null, "RAILWAY": "tram_stop", "HIGHWAY": null, "REF": null, "NETWORK": null, "PUBLIC_TRA": "stop_position", "OSM_TYPE": "node", "OSM_ID": 7922806672 }, "geometry": { "type": "Point", "coordinates": [ 38.9887906, 45.0220711 ] } },
{ "type": "Feature", "properties": { "NAME": "Стадион «Кубань»", "NAME_EN": null, "NAME_RU": null, "RAILWAY": "tram_stop", "HIGHWAY": null, "REF": null, "NETWORK": null, "PUBLIC_TRA": "stop_position", "OSM_TYPE": "node", "OSM_ID": 7922806673 }, "geometry": { "type": "Point", "coordinates": [ 38.992139, 45.0234043 ] } },
{ "type": "Feature", "properties": { "NAME": "улица Вишняковой", "NAME_EN": null, "NAME_RU": null, "RAILWAY": "tram_stop", "HIGHWAY": null, "REF": null, "NETWORK": null, "PUBLIC_TRA": "stop_position", "OSM_TYPE": "node", "OSM_ID": 7922806674 }, "geometry": { "type": "Point", "coordinates": [ 39.0004304, 45.019951 ] } },
{ "type": "Feature", "properties": { "NAME": "улица Павлова", "NAME_EN": null, "NAME_RU": null, "RAILWAY": "tram_stop", "HIGHWAY": null, "REF": null, "NETWORK": null, "PUBLIC_TRA": "stop_position", "OSM_TYPE": "node", "OSM_ID": 7922806675 }, "geometry": { "type": "Point", "coordinates": [ 39.0046122, 45.0202935 ] } },
{ "type": "Feature", "properties": { "NAME": "улица Шевченко", "NAME_EN": null, "NAME_RU": null, "RAILWAY": "tram_stop", "HIGHWAY": null, "REF": null, "NETWORK": null, "PUBLIC_TRA": "stop_position", "OSM_TYPE": "node", "OSM_ID": 7922806676 }, "geometry": { "type": "Point", "coordinates": [ 39.0103519, 45.0208419 ] } },
{ "type": "Feature", "properties": { "NAME": "улица Таманская", "NAME_EN": null, "NAME_RU": null, "RAILWAY": "tram_stop", "HIGHWAY": null, "REF": null, "NETWORK": null, "PUBLIC_TRA": "stop_position", "OSM_TYPE": "node", "OSM_ID": 7922806677 }, "geometry": { "type": "Point", "coordinates": [ 39.0148636, 45.0212463 ] } },
{ "type": "Feature", "properties": { "NAME": "улица Полины Осипенко", "NAME_EN": null, "NAME_RU": null, "RAILWAY": "tram_stop", "HIGHWAY": null, "REF": null, "NETWORK": null, "PUBLIC_TRA": "stop_position", "OSM_TYPE": "node", "OSM_ID": 7922806678 }, "geometry": { "type": "Point", "coordinates": [ 39.0191367, 45.0213743 ] } },
{ "type": "Feature", "properties": { "NAME": "Восточное трамвайное депо", "NAME_EN": null, "NAME_RU": null, "RAILWAY": "tram_stop", "HIGHWAY": null, "REF": null, "NETWORK": null, "PUBLIC_TRA": "stop_position", "OSM_TYPE": "node", "OSM_ID": 7922806679 }, "geometry": { "type": "Point", "coordinates": [ 39.0234694, 45.0204969 ] } },
{ "type": "Feature", "properties": { "NAME": "Университет", "NAME_EN": null, "NAME_RU": null, "RAILWAY": "tram_stop", "HIGHWAY": null, "REF": null, "NETWORK": null, "PUBLIC_TRA": "stop_position", "OSM_TYPE": "node", "OSM_ID": 7922806680 }, "geometry": { "type": "Point", "coordinates": [ 39.0289082, 45.01935 ] } },
{ "type": "Feature", "properties": { "NAME": "улица Айвазовского", "NAME_EN": null, "NAME_RU": null, "RAILWAY": "tram_stop", "HIGHWAY": null, "REF": null, "NETWORK": null, "PUBLIC_TRA": "stop_position", "OSM_TYPE": "node", "OSM_ID": 7922806681 }, "geometry": { "type": "Point", "coordinates": [ 39.0333325, 45.0184064 ] } },
{ "type": "Feature", "properties": { "NAME": "Кинотеатр «Болгария»", "NAME_EN": null, "NAME_RU": null, "RAILWAY": "tram_stop", "HIGHWAY": null, "REF": null, "NETWORK": null, "PUBLIC_TRA": "stop_position", "OSM_TYPE": "node", "OSM_ID": 7922806682 }, "geometry": { "type": "Point", "coordinates": [ 39.0378126, 45.0174578 ] } },
{ "type": "Feature", "properties": { "NAME": "улица Стасова", "NAME_EN": null, "NAME_RU": null, "RAILWAY": "tram_stop", "HIGHWAY": null, "REF": null, "NETWORK": null, "PUBLIC_TRA": "stop_position", "OSM_TYPE": "node", "OSM_ID": 7922806683 }, "geometry": { "type": "Point", "coordinates": [ 39.0426611, 45.0164024 ] } },
{ "type": "Feature", "properties": { "NAME": "улица Старокубанская", "NAME_EN": null, "NAME_RU": null, "RAILWAY": "tram_stop", "HIGHWAY": null, "REF": null, "NETWORK": null, "PUBLIC_TRA": "stop_position", "OSM_TYPE": "node", "OSM_ID": 7922806684 }, "geometry": { "type": "Point", "coordinates": [ 39.0470709, 45.0151451 ] } },
{ "type": "Feature", "properties": { "NAME": "Парк «Солнечный остров»", "NAME_EN": null, "NAME_RU": null, "RAILWAY": "tram_stop", "HIGHWAY": null, "REF": null, "NETWORK": null, "PUBLIC_TRA": "stop_position", "OSM_TYPE": "node", "OSM_ID": 7922813385 }, "geometry": { "type": "Point", "coordinates": [ 39.0574666, 45.0133986 ] } },
{ "type": "Feature", "properties": { "NAME": "ТЭЦ", "NAME_EN": null, "NAME_RU": null, "RAILWAY": "tram_stop", "HIGHWAY": null, "REF": null, "NETWORK": null, "PUBLIC_TRA": "stop_position", "OSM_TYPE": "node", "OSM_ID": 7922813386 }, "geometry": { "type": "Point", "coordinates": [ 39.0630562, 45.0147477 ] } },
{ "type": "Feature", "properties": { "NAME": "улица Энергетиков", "NAME_EN": null, "NAME_RU": null, "RAILWAY": "tram_stop", "HIGHWAY": null, "REF": null, "NETWORK": null, "PUBLIC_TRA": "stop_position", "OSM_TYPE": "node", "OSM_ID": 7922813387 }, "geometry": { "type": "Point", "coordinates": [ 39.0699866, 45.0153215 ] } },
{ "type": "Feature", "properties": { "NAME": "улица Краевая", "NAME_EN": null, "NAME_RU": null, "RAILWAY": "tram_stop", "HIGHWAY": null, "REF": null, "NETWORK": null, "PUBLIC_TRA": "stop_position", "OSM_TYPE": "node", "OSM_ID": 7922813388 }, "geometry": { "type": "Point", "coordinates": [ 39.0738503, 45.0160453 ] } },
{ "type": "Feature", "properties": { "NAME": "Школа №57", "NAME_EN": null, "NAME_RU": null, "RAILWAY": "tram_stop", "HIGHWAY": null, "REF": null, "NETWORK": null, "PUBLIC_TRA": "stop_position", "OSM_TYPE": "node", "OSM_ID": 7922813389 }, "geometry": { "type": "Point", "coordinates": [ 39.0783556, 45.0175832 ] } },
{ "type": "Feature", "properties": { "NAME": "улица Октябрьская", "NAME_EN": null, "NAME_RU": null, "RAILWAY": "tram_stop", "HIGHWAY": null, "REF": null, "NETWORK": null, "PUBLIC_TRA": "stop_position", "OSM_TYPE": "node", "OSM_ID": 7922813390 }, "geometry": { "type": "Point", "coordinates": [ 39.0845177, 45.0196776 ] } },
{ "type": "Feature", "properties": { "NAME": "улица Плиева", "NAME_EN": null, "NAME_RU": null, "RAILWAY": "tram_stop", "HIGHWAY": null, "REF": null, "NETWORK": null, "PUBLIC_TRA": "stop_position", "OSM_TYPE": "node", "OSM_ID": 7922813391 }, "geometry": { "type": "Point", "coordinates": [ 39.0889059, 45.0211701 ] } },
{ "type": "Feature", "properties": { "NAME": "Площадь", "NAME_EN": null, "NAME_RU": null, "RAILWAY": "tram_stop", "HIGHWAY": null, "REF": null, "NETWORK": null, "PUBLIC_TRA": "stop_position", "OSM_TYPE": "node", "OSM_ID": 7922813392 }, "geometry": { "type": "Point", "coordinates": [ 39.09476, 45.0231663 ] } },
{ "type": "Feature", "properties": { "NAME": "улица Комсомольская", "NAME_EN": null, "NAME_RU": null, "RAILWAY": "tram_stop", "HIGHWAY": null, "REF": null, "NETWORK": null, "PUBLIC_TRA": "stop_position", "OSM_TYPE": "node", "OSM_ID": 7922813393 }, "geometry": { "type": "Point", "coordinates": [ 39.1012876, 45.0254457 ] } },
{ "type": "Feature", "properties": { "NAME": "улица Ярославского", "NAME_EN": null, "NAME_RU": null, "RAILWAY": "tram_stop", "HIGHWAY": null, "REF": null, "NETWORK": null, "PUBLIC_TRA": "stop_position", "OSM_TYPE": "node", "OSM_ID": 7922813394 }, "geometry": { "type": "Point", "coordinates": [ 39.1065408, 45.0271584 ] } },
{ "type": "Feature", "properties": { "NAME": "улица Ярославского", "NAME_EN": null, "NAME_RU": null, "RAILWAY": "tram_stop", "HIGHWAY": null, "REF": null, "NETWORK": null, "PUBLIC_TRA": "stop_position", "OSM_TYPE": "node", "OSM_ID": 7923786521 }, "geometry": { "type": "Point", "coordinates": [ 39.1057904, 45.0268843 ] } },
{ "type": "Feature", "properties": { "NAME": "улица Комсомольская", "NAME_EN": null, "NAME_RU": null, "RAILWAY": "tram_stop", "HIGHWAY": null, "REF": null, "NETWORK": null, "PUBLIC_TRA": "stop_position", "OSM_TYPE": "node", "OSM_ID": 7923786522 }, "geometry": { "type": "Point", "coordinates": [ 39.1007711, 45.0252326 ] } },
{ "type": "Feature", "properties": { "NAME": "Площадь", "NAME_EN": null, "NAME_RU": null, "RAILWAY": "tram_stop", "HIGHWAY": null, "REF": null, "NETWORK": null, "PUBLIC_TRA": "stop_position", "OSM_TYPE": "node", "OSM_ID": 7923786523 }, "geometry": { "type": "Point", "coordinates": [ 39.0944026, 45.0230108 ] } },
{ "type": "Feature", "properties": { "NAME": "улица Плиева", "NAME_EN": null, "NAME_RU": null, "RAILWAY": "tram_stop", "HIGHWAY": null, "REF": null, "NETWORK": null, "PUBLIC_TRA": "stop_position", "OSM_TYPE": "node", "OSM_ID": 7923786524 }, "geometry": { "type": "Point", "coordinates": [ 39.0884087, 45.0209714 ] } },
{ "type": "Feature", "properties": { "NAME": "Школа №57", "NAME_EN": null, "NAME_RU": null, "RAILWAY": "tram_stop", "HIGHWAY": null, "REF": null, "NETWORK": null, "PUBLIC_TRA": "stop_position", "OSM_TYPE": "node", "OSM_ID": 7923786525 }, "geometry": { "type": "Point", "coordinates": [ 39.0776399, 45.0173095 ] } },
{ "type": "Feature", "properties": { "NAME": "Краевая улица", "NAME_EN": null, "NAME_RU": null, "RAILWAY": "tram_stop", "HIGHWAY": null, "REF": null, "NETWORK": null, "PUBLIC_TRA": "stop_position", "OSM_TYPE": "node", "OSM_ID": 7923786526 }, "geometry": { "type": "Point", "coordinates": [ 39.0732667, 45.0158183 ] } },
{ "type": "Feature", "properties": { "NAME": "улица Энергетиков", "NAME_EN": null, "NAME_RU": null, "RAILWAY": "tram_stop", "HIGHWAY": null, "REF": null, "NETWORK": null, "PUBLIC_TRA": "stop_position", "OSM_TYPE": "node", "OSM_ID": 7923786527 }, "geometry": { "type": "Point", "coordinates": [ 39.0691877, 45.0153495 ] } },
{ "type": "Feature", "properties": { "NAME": "ТЭЦ", "NAME_EN": null, "NAME_RU": null, "RAILWAY": "tram_stop", "HIGHWAY": null, "REF": null, "NETWORK": null, "PUBLIC_TRA": "stop_position", "OSM_TYPE": "node", "OSM_ID": 7923786528 }, "geometry": { "type": "Point", "coordinates": [ 39.0630469, 45.0147189 ] } },
{ "type": "Feature", "properties": { "NAME": "Парк «Солнечный остров»", "NAME_EN": null, "NAME_RU": null, "RAILWAY": "tram_stop", "HIGHWAY": null, "REF": null, "NETWORK": null, "PUBLIC_TRA": "stop_position", "OSM_TYPE": "node", "OSM_ID": 7923786529 }, "geometry": { "type": "Point", "coordinates": [ 39.0568161, 45.0132074 ] } },
{ "type": "Feature", "properties": { "NAME": "Супермаркет", "NAME_EN": null, "NAME_RU": null, "RAILWAY": "tram_stop", "HIGHWAY": null, "REF": null, "NETWORK": null, "PUBLIC_TRA": "stop_position", "OSM_TYPE": "node", "OSM_ID": 7923786530 }, "geometry": { "type": "Point", "coordinates": [ 39.0506371, 45.0135678 ] } },
{ "type": "Feature", "properties": { "NAME": "улица Старокубанская", "NAME_EN": null, "NAME_RU": null, "RAILWAY": "tram_stop", "HIGHWAY": null, "REF": null, "NETWORK": null, "PUBLIC_TRA": "stop_position", "OSM_TYPE": "node", "OSM_ID": 7923786531 }, "geometry": { "type": "Point", "coordinates": [ 39.0468815, 45.0151922 ] } },
{ "type": "Feature", "properties": { "NAME": "Кинотеатр «Болгария»", "NAME_EN": null, "NAME_RU": null, "RAILWAY": "tram_stop", "HIGHWAY": null, "REF": null, "NETWORK": null, "PUBLIC_TRA": "stop_position", "OSM_TYPE": "node", "OSM_ID": 7923786532 }, "geometry": { "type": "Point", "coordinates": [ 39.0369159, 45.0176181 ] } },
{ "type": "Feature", "properties": { "NAME": "улица Айвазовского", "NAME_EN": null, "NAME_RU": null, "RAILWAY": "tram_stop", "HIGHWAY": null, "REF": null, "NETWORK": null, "PUBLIC_TRA": "stop_position", "OSM_TYPE": "node", "OSM_ID": 7923786533 }, "geometry": { "type": "Point", "coordinates": [ 39.0325031, 45.0185518 ] } },
{ "type": "Feature", "properties": { "NAME": "Университет", "NAME_EN": null, "NAME_RU": null, "RAILWAY": "tram_stop", "HIGHWAY": null, "REF": null, "NETWORK": null, "PUBLIC_TRA": "stop_position", "OSM_TYPE": "node", "OSM_ID": 7923786534 }, "geometry": { "type": "Point", "coordinates": [ 39.028024, 45.019502 ] } },
{ "type": "Feature", "properties": { "NAME": "улица Полины Осипенко", "NAME_EN": null, "NAME_RU": null, "RAILWAY": "tram_stop", "HIGHWAY": null, "REF": null, "NETWORK": null, "PUBLIC_TRA": "stop_position", "OSM_TYPE": "node", "OSM_ID": 7923786535 }, "geometry": { "type": "Point", "coordinates": [ 39.0184234, 45.0214146 ] } },
{ "type": "Feature", "properties": { "NAME": "улица Таманская", "NAME_EN": null, "NAME_RU": null, "RAILWAY": "tram_stop", "HIGHWAY": null, "REF": null, "NETWORK": null, "PUBLIC_TRA": "stop_position", "OSM_TYPE": "node", "OSM_ID": 7923786536 }, "geometry": { "type": "Point", "coordinates": [ 39.0140802, 45.0211447 ] } },
{ "type": "Feature", "properties": { "NAME": "улица Шевченко", "NAME_EN": null, "NAME_RU": null, "RAILWAY": "tram_stop", "HIGHWAY": null, "REF": null, "NETWORK": null, "PUBLIC_TRA": "stop_position", "OSM_TYPE": "node", "OSM_ID": 7923786537 }, "geometry": { "type": "Point", "coordinates": [ 39.0094869, 45.0207303 ] } },
{ "type": "Feature", "properties": { "NAME": "улица Павлова", "NAME_EN": null, "NAME_RU": null, "RAILWAY": "tram_stop", "HIGHWAY": null, "REF": null, "NETWORK": null, "PUBLIC_TRA": "stop_position", "OSM_TYPE": "node", "OSM_ID": 7923786538 }, "geometry": { "type": "Point", "coordinates": [ 39.0038643, 45.0201961 ] } },
{ "type": "Feature", "properties": { "NAME": "улица Вишняковой", "NAME_EN": null, "NAME_RU": null, "RAILWAY": "tram_stop", "HIGHWAY": null, "REF": null, "NETWORK": null, "PUBLIC_TRA": "stop_position", "OSM_TYPE": "node", "OSM_ID": 7923786539 }, "geometry": { "type": "Point", "coordinates": [ 39.0004372, 45.0199201 ] } },
{ "type": "Feature", "properties": { "NAME": "Стадион «Кубань»", "NAME_EN": null, "NAME_RU": null, "RAILWAY": "tram_stop", "HIGHWAY": null, "REF": null, "NETWORK": null, "PUBLIC_TRA": "stop_position", "OSM_TYPE": "node", "OSM_ID": 7923786540 }, "geometry": { "type": "Point", "coordinates": [ 38.9931721, 45.0237865 ] } },
{ "type": "Feature", "properties": { "NAME": "улица Базовская", "NAME_EN": null, "NAME_RU": null, "RAILWAY": "tram_stop", "HIGHWAY": null, "REF": null, "NETWORK": null, "PUBLIC_TRA": "stop_position", "OSM_TYPE": "node", "OSM_ID": 7923786542 }, "geometry": { "type": "Point", "coordinates": [ 38.9835563, 45.0247529 ] } },
{ "type": "Feature", "properties": { "NAME": "улица Янковского", "NAME_EN": null, "NAME_RU": null, "RAILWAY": "tram_stop", "HIGHWAY": null, "REF": null, "NETWORK": null, "PUBLIC_TRA": "stop_position", "OSM_TYPE": "node", "OSM_ID": 7923786543 }, "geometry": { "type": "Point", "coordinates": [ 38.9793137, 45.0254769 ] } },
{ "type": "Feature", "properties": { "NAME": "Кооперативный рынок", "NAME_EN": null, "NAME_RU": null, "RAILWAY": "tram_stop", "HIGHWAY": null, "REF": null, "NETWORK": null, "PUBLIC_TRA": "stop_position", "OSM_TYPE": "node", "OSM_ID": 7923786544 }, "geometry": { "type": "Point", "coordinates": [ 38.9754778, 45.0265015 ] } },
{ "type": "Feature", "properties": { "NAME": "улица Горького", "NAME_EN": null, "NAME_RU": null, "RAILWAY": "tram_stop", "HIGHWAY": null, "REF": null, "NETWORK": null, "PUBLIC_TRA": "stop_position", "OSM_TYPE": "node", "OSM_ID": 7923786545 }, "geometry": { "type": "Point", "coordinates": [ 38.9769341, 45.0308706 ] } },
{ "type": "Feature", "properties": { "NAME": "Драмтеатр", "NAME_EN": null, "NAME_RU": null, "RAILWAY": "tram_stop", "HIGHWAY": null, "REF": null, "NETWORK": null, "PUBLIC_TRA": "stop_position", "OSM_TYPE": "node", "OSM_ID": 7923786546 }, "geometry": { "type": "Point", "coordinates": [ 38.9785682, 45.0356296 ] } },
{ "type": "Feature", "properties": { "NAME": "улица Северная", "NAME_EN": null, "NAME_RU": null, "RAILWAY": "tram_stop", "HIGHWAY": null, "REF": null, "NETWORK": null, "PUBLIC_TRA": "stop_position", "OSM_TYPE": "node", "OSM_ID": 7923786547 }, "geometry": { "type": "Point", "coordinates": [ 38.9799564, 45.0397917 ] } },
{ "type": "Feature", "properties": { "NAME": "улица Хакурате", "NAME_EN": null, "NAME_RU": null, "RAILWAY": "tram_stop", "HIGHWAY": null, "REF": null, "NETWORK": null, "PUBLIC_TRA": "stop_position", "OSM_TYPE": "node", "OSM_ID": 7923786548 }, "geometry": { "type": "Point", "coordinates": [ 38.9805284, 45.0418492 ] } },
{ "type": "Feature", "properties": { "NAME": "ТК «Центр города»", "NAME_EN": null, "NAME_RU": null, "RAILWAY": "tram_stop", "HIGHWAY": null, "REF": null, "NETWORK": null, "PUBLIC_TRA": "stop_position", "OSM_TYPE": "node", "OSM_ID": 7923786549 }, "geometry": { "type": "Point", "coordinates": [ 38.9817715, 45.0456614 ] } },
{ "type": "Feature", "properties": { "NAME": "улица Одесская", "NAME_EN": null, "NAME_RU": null, "RAILWAY": "tram_stop", "HIGHWAY": null, "REF": null, "NETWORK": null, "PUBLIC_TRA": "stop_position", "OSM_TYPE": "node", "OSM_ID": 7923786550 }, "geometry": { "type": "Point", "coordinates": [ 38.98337, 45.0499134 ] } },
{ "type": "Feature", "properties": { "NAME": "улица Гаврилова - Краснодар-2", "NAME_EN": null, "NAME_RU": null, "RAILWAY": "tram_stop", "HIGHWAY": null, "REF": null, "NETWORK": null, "PUBLIC_TRA": "stop_position", "OSM_TYPE": "node", "OSM_ID": 7923786551 }, "geometry": { "type": "Point", "coordinates": [ 38.9835845, 45.0539498 ] } },
{ "type": "Feature", "properties": { "NAME": "улица Офицерская", "NAME_EN": null, "NAME_RU": null, "RAILWAY": "tram_stop", "HIGHWAY": null, "REF": null, "NETWORK": null, "PUBLIC_TRA": "stop_position", "OSM_TYPE": "node", "OSM_ID": 7923786552 }, "geometry": { "type": "Point", "coordinates": [ 38.984802, 45.058331 ] } },
{ "type": "Feature", "properties": { "NAME": "Екатерининский зал", "NAME_EN": null, "NAME_RU": null, "RAILWAY": "tram_stop", "HIGHWAY": null, "REF": null, "NETWORK": null, "PUBLIC_TRA": "stop_position", "OSM_TYPE": "node", "OSM_ID": 7923786553 }, "geometry": { "type": "Point", "coordinates": [ 38.9879052, 45.0593526 ] } },
{ "type": "Feature", "properties": { "NAME": "Чистяковская роща", "NAME_EN": null, "NAME_RU": null, "RAILWAY": "tram_stop", "HIGHWAY": null, "REF": null, "NETWORK": null, "PUBLIC_TRA": "stop_position", "OSM_TYPE": "node", "OSM_ID": 7923786554 }, "geometry": { "type": "Point", "coordinates": [ 38.9893005, 45.0573326 ] } },
{ "type": "Feature", "properties": { "NAME": "улица 40 лет Победы", "NAME_EN": null, "NAME_RU": null, "RAILWAY": "tram_stop", "HIGHWAY": null, "REF": null, "NETWORK": null, "PUBLIC_TRA": "stop_position", "OSM_TYPE": "node", "OSM_ID": 7923786555 }, "geometry": { "type": "Point", "coordinates": [ 38.9895497, 45.0540859 ] } },
{ "type": "Feature", "properties": { "NAME": "улица Крупской", "NAME_EN": null, "NAME_RU": null, "RAILWAY": "tram_stop", "HIGHWAY": null, "REF": null, "NETWORK": null, "PUBLIC_TRA": "stop_position", "OSM_TYPE": "node", "OSM_ID": 7923786556 }, "geometry": { "type": "Point", "coordinates": [ 38.998967, 45.0525799 ] } },
{ "type": "Feature", "properties": { "NAME": "улица Дежнёва", "NAME_EN": null, "NAME_RU": null, "RAILWAY": null, "HIGHWAY": "bus_stop", "REF": null, "NETWORK": null, "PUBLIC_TRA": "platform", "OSM_TYPE": "node", "OSM_ID": 7925314787 }, "geometry": { "type": "Point", "coordinates": [ 39.0770254, 45.0281703 ] } },
{ "type": "Feature", "properties": { "NAME": "Артезианская улица", "NAME_EN": null, "NAME_RU": null, "RAILWAY": null, "HIGHWAY": "bus_stop", "REF": null, "NETWORK": null, "PUBLIC_TRA": "platform", "OSM_TYPE": "node", "OSM_ID": 7927335790 }, "geometry": { "type": "Point", "coordinates": [ 39.0703491, 44.9962872 ] } },
{ "type": "Feature", "properties": { "NAME": "Артезианская", "NAME_EN": null, "NAME_RU": null, "RAILWAY": null, "HIGHWAY": "bus_stop", "REF": null, "NETWORK": null, "PUBLIC_TRA": "platform", "OSM_TYPE": "node", "OSM_ID": 7927335791 }, "geometry": { "type": "Point", "coordinates": [ 39.0702297, 44.9965031 ] } },
{ "type": "Feature", "properties": { "NAME": "улица Железнодорожная", "NAME_EN": null, "NAME_RU": null, "RAILWAY": "tram_stop", "HIGHWAY": null, "REF": null, "NETWORK": null, "PUBLIC_TRA": "stop_position", "OSM_TYPE": "node", "OSM_ID": 7973266275 }, "geometry": { "type": "Point", "coordinates": [ 38.9886623, 45.0217521 ] } },
{ "type": "Feature", "properties": { "NAME": "улица Ставропольская", "NAME_EN": null, "NAME_RU": null, "RAILWAY": "tram_stop", "HIGHWAY": null, "REF": null, "NETWORK": null, "PUBLIC_TRA": "stop_position", "OSM_TYPE": "node", "OSM_ID": 7973266984 }, "geometry": { "type": "Point", "coordinates": [ 39.0422208, 45.0170212 ] } },
{ "type": "Feature", "properties": { "NAME": "Восточный рынок", "NAME_EN": null, "NAME_RU": null, "RAILWAY": "tram_stop", "HIGHWAY": null, "REF": null, "NETWORK": null, "PUBLIC_TRA": "stop_position", "OSM_TYPE": "node", "OSM_ID": 7973270885 }, "geometry": { "type": "Point", "coordinates": [ 39.0427285, 45.0199145 ] } },
{ "type": "Feature", "properties": { "NAME": "улица Селезнева", "NAME_EN": null, "NAME_RU": null, "RAILWAY": "tram_stop", "HIGHWAY": null, "REF": null, "NETWORK": null, "PUBLIC_TRA": "stop_position", "OSM_TYPE": "node", "OSM_ID": 7973270886 }, "geometry": { "type": "Point", "coordinates": [ 39.0431282, 45.0224382 ] } },
{ "type": "Feature", "properties": { "NAME": "ТРК «Меридиан»", "NAME_EN": null, "NAME_RU": null, "RAILWAY": "tram_stop", "HIGHWAY": null, "REF": null, "NETWORK": null, "PUBLIC_TRA": "stop_position", "OSM_TYPE": "node", "OSM_ID": 7973270887 }, "geometry": { "type": "Point", "coordinates": [ 39.0434236, 45.0261296 ] } },
{ "type": "Feature", "properties": { "NAME": "ТРК «Меридиан»", "NAME_EN": null, "NAME_RU": null, "RAILWAY": "tram_stop", "HIGHWAY": null, "REF": null, "NETWORK": null, "PUBLIC_TRA": "stop_position", "OSM_TYPE": "node", "OSM_ID": 7973270888 }, "geometry": { "type": "Point", "coordinates": [ 39.0434659, 45.0258874 ] } },
{ "type": "Feature", "properties": { "NAME": "улица Селезнева", "NAME_EN": null, "NAME_RU": null, "RAILWAY": "tram_stop", "HIGHWAY": null, "REF": null, "NETWORK": null, "PUBLIC_TRA": "stop_position", "OSM_TYPE": "node", "OSM_ID": 7973270889 }, "geometry": { "type": "Point", "coordinates": [ 39.0432052, 45.0226267 ] } },
{ "type": "Feature", "properties": { "NAME": "Восточный рынок", "NAME_EN": null, "NAME_RU": null, "RAILWAY": "tram_stop", "HIGHWAY": null, "REF": null, "NETWORK": null, "PUBLIC_TRA": "stop_position", "OSM_TYPE": "node", "OSM_ID": 7973270890 }, "geometry": { "type": "Point", "coordinates": [ 39.042708, 45.0194856 ] } },
{ "type": "Feature", "properties": { "NAME": "Жилой комплекс «Фонтаны»", "NAME_EN": null, "NAME_RU": null, "RAILWAY": "tram_stop", "HIGHWAY": null, "REF": null, "NETWORK": null, "PUBLIC_TRA": "stop_position", "OSM_TYPE": "node", "OSM_ID": 7995713693 }, "geometry": { "type": "Point", "coordinates": [ 39.0238865, 45.0016255 ] } },
{ "type": "Feature", "properties": { "NAME": "улица Новая", "NAME_EN": null, "NAME_RU": null, "RAILWAY": "tram_stop", "HIGHWAY": null, "REF": null, "NETWORK": null, "PUBLIC_TRA": "stop_position", "OSM_TYPE": "node", "OSM_ID": 7995713694 }, "geometry": { "type": "Point", "coordinates": [ 39.0283464, 45.0052183 ] } },
{ "type": "Feature", "properties": { "NAME": "улица Бургасская", "NAME_EN": null, "NAME_RU": null, "RAILWAY": "tram_stop", "HIGHWAY": null, "REF": null, "NETWORK": null, "PUBLIC_TRA": "stop_position", "OSM_TYPE": "node", "OSM_ID": 7995713695 }, "geometry": { "type": "Point", "coordinates": [ 39.0375856, 45.012583 ] } },
{ "type": "Feature", "properties": { "NAME": "улица Серова", "NAME_EN": null, "NAME_RU": null, "RAILWAY": "tram_stop", "HIGHWAY": null, "REF": null, "NETWORK": null, "PUBLIC_TRA": "stop_position", "OSM_TYPE": "node", "OSM_ID": 7995713696 }, "geometry": { "type": "Point", "coordinates": [ 38.9974818, 45.0482768 ] } },
{ "type": "Feature", "properties": { "NAME": "улица МОПР", "NAME_EN": null, "NAME_RU": null, "RAILWAY": "tram_stop", "HIGHWAY": null, "REF": null, "NETWORK": null, "PUBLIC_TRA": "stop_position", "OSM_TYPE": "node", "OSM_ID": 7995713697 }, "geometry": { "type": "Point", "coordinates": [ 38.9965985, 45.0469621 ] } },
{ "type": "Feature", "properties": { "NAME": "улица Промышленная", "NAME_EN": null, "NAME_RU": null, "RAILWAY": "tram_stop", "HIGHWAY": null, "REF": null, "NETWORK": null, "PUBLIC_TRA": "stop_position", "OSM_TYPE": "node", "OSM_ID": 7995713698 }, "geometry": { "type": "Point", "coordinates": [ 38.9943765, 45.0395162 ] } },
{ "type": "Feature", "properties": { "NAME": "улица Северная", "NAME_EN": null, "NAME_RU": null, "RAILWAY": "tram_stop", "HIGHWAY": null, "REF": null, "NETWORK": null, "PUBLIC_TRA": "stop_position", "OSM_TYPE": "node", "OSM_ID": 7995713699 }, "geometry": { "type": "Point", "coordinates": [ 38.9936887, 45.0371491 ] } },
{ "type": "Feature", "properties": { "NAME": "улица Буденного", "NAME_EN": null, "NAME_RU": null, "RAILWAY": "tram_stop", "HIGHWAY": null, "REF": null, "NETWORK": null, "PUBLIC_TRA": "stop_position", "OSM_TYPE": "node", "OSM_ID": 7995713700 }, "geometry": { "type": "Point", "coordinates": [ 38.9924686, 45.03292 ] } },
{ "type": "Feature", "properties": { "NAME": "улица Дмитриевская Дамба", "NAME_EN": null, "NAME_RU": null, "RAILWAY": "tram_stop", "HIGHWAY": null, "REF": null, "NETWORK": null, "PUBLIC_TRA": "stop_position", "OSM_TYPE": "node", "OSM_ID": 7995713701 }, "geometry": { "type": "Point", "coordinates": [ 38.9897607, 45.0285055 ] } },
{ "type": "Feature", "properties": { "NAME": "улица Красная", "NAME_EN": null, "NAME_RU": null, "RAILWAY": "tram_stop", "HIGHWAY": null, "REF": null, "NETWORK": null, "PUBLIC_TRA": "stop_position", "OSM_TYPE": "node", "OSM_ID": 7995713702 }, "geometry": { "type": "Point", "coordinates": [ 38.9725713, 45.031372 ] } },
{ "type": "Feature", "properties": { "NAME": "Октябрьская улица", "NAME_EN": null, "NAME_RU": null, "RAILWAY": "tram_stop", "HIGHWAY": null, "REF": null, "NETWORK": null, "PUBLIC_TRA": "stop_position", "OSM_TYPE": "node", "OSM_ID": 7995713703 }, "geometry": { "type": "Point", "coordinates": [ 38.9681795, 45.0321316 ] } },
{ "type": "Feature", "properties": { "NAME": "улица Пашковская", "NAME_EN": null, "NAME_RU": null, "RAILWAY": "tram_stop", "HIGHWAY": null, "REF": null, "NETWORK": null, "PUBLIC_TRA": "stop_position", "OSM_TYPE": "node", "OSM_ID": 7995713704 }, "geometry": { "type": "Point", "coordinates": [ 38.9669956, 45.0341362 ] } },
{ "type": "Feature", "properties": { "NAME": "ЦКР", "NAME_EN": null, "NAME_RU": null, "RAILWAY": "tram_stop", "HIGHWAY": null, "REF": null, "NETWORK": null, "PUBLIC_TRA": "stop_position", "OSM_TYPE": "node", "OSM_ID": 7995713705 }, "geometry": { "type": "Point", "coordinates": [ 38.9677182, 45.0381629 ] } },
{ "type": "Feature", "properties": { "NAME": "улица Калининградская", "NAME_EN": null, "NAME_RU": null, "RAILWAY": "tram_stop", "HIGHWAY": null, "REF": null, "NETWORK": null, "PUBLIC_TRA": "stop_position", "OSM_TYPE": "node", "OSM_ID": 7995713706 }, "geometry": { "type": "Point", "coordinates": [ 38.9616414, 45.0391178 ] } },
{ "type": "Feature", "properties": { "NAME": "улица Тургенева", "NAME_EN": null, "NAME_RU": null, "RAILWAY": "tram_stop", "HIGHWAY": null, "REF": null, "NETWORK": null, "PUBLIC_TRA": "stop_position", "OSM_TYPE": "node", "OSM_ID": 7995713707 }, "geometry": { "type": "Point", "coordinates": [ 38.9552416, 45.0401434 ] } },
{ "type": "Feature", "properties": { "NAME": "улица Брюсова", "NAME_EN": null, "NAME_RU": null, "RAILWAY": "tram_stop", "HIGHWAY": null, "REF": null, "NETWORK": null, "PUBLIC_TRA": "stop_position", "OSM_TYPE": "node", "OSM_ID": 7995713708 }, "geometry": { "type": "Point", "coordinates": [ 38.9498824, 45.0410326 ] } },
{ "type": "Feature", "properties": { "NAME": "улица Передерия", "NAME_EN": null, "NAME_RU": null, "RAILWAY": "tram_stop", "HIGHWAY": null, "REF": null, "NETWORK": null, "PUBLIC_TRA": "stop_position", "OSM_TYPE": "node", "OSM_ID": 7995713709 }, "geometry": { "type": "Point", "coordinates": [ 38.942715, 45.0421685 ] } },
{ "type": "Feature", "properties": { "NAME": "улица Каляева", "NAME_EN": null, "NAME_RU": null, "RAILWAY": "tram_stop", "HIGHWAY": null, "REF": null, "NETWORK": null, "PUBLIC_TRA": "stop_position", "OSM_TYPE": "node", "OSM_ID": 7995713710 }, "geometry": { "type": "Point", "coordinates": [ 38.9373488, 45.0430286 ] } },
{ "type": "Feature", "properties": { "NAME": "улица Харьковская", "NAME_EN": null, "NAME_RU": null, "RAILWAY": "tram_stop", "HIGHWAY": null, "REF": null, "NETWORK": null, "PUBLIC_TRA": "stop_position", "OSM_TYPE": "node", "OSM_ID": 7995713711 }, "geometry": { "type": "Point", "coordinates": [ 38.9254521, 45.0359222 ] } },
{ "type": "Feature", "properties": { "NAME": "улица Думенко", "NAME_EN": null, "NAME_RU": null, "RAILWAY": "tram_stop", "HIGHWAY": null, "REF": null, "NETWORK": null, "PUBLIC_TRA": "stop_position", "OSM_TYPE": "node", "OSM_ID": 7995713712 }, "geometry": { "type": "Point", "coordinates": [ 38.9213462, 45.0342164 ] } },
{ "type": "Feature", "properties": { "NAME": "Проспект Чекистов", "NAME_EN": null, "NAME_RU": null, "RAILWAY": "tram_stop", "HIGHWAY": null, "REF": null, "NETWORK": null, "PUBLIC_TRA": "stop_position", "OSM_TYPE": "node", "OSM_ID": 7995713718 }, "geometry": { "type": "Point", "coordinates": [ 38.916888, 45.0324112 ] } },
{ "type": "Feature", "properties": { "NAME": "Торговый центр", "NAME_EN": null, "NAME_RU": null, "RAILWAY": "tram_stop", "HIGHWAY": null, "REF": null, "NETWORK": null, "PUBLIC_TRA": "stop_position", "OSM_TYPE": "node", "OSM_ID": 7995713728 }, "geometry": { "type": "Point", "coordinates": [ 38.9124656, 45.0306442 ] } },
{ "type": "Feature", "properties": { "NAME": "КП Николино парк", "NAME_EN": null, "NAME_RU": null, "RAILWAY": null, "HIGHWAY": "bus_stop", "REF": null, "NETWORK": null, "PUBLIC_TRA": "stop_position", "OSM_TYPE": "node", "OSM_ID": 8091515286 }, "geometry": { "type": "Point", "coordinates": [ 39.0555542, 45.0961591 ] } },
{ "type": "Feature", "properties": { "NAME": "КП Николино парк", "NAME_EN": null, "NAME_RU": null, "RAILWAY": null, "HIGHWAY": "bus_stop", "REF": null, "NETWORK": null, "PUBLIC_TRA": "stop_position", "OSM_TYPE": "node", "OSM_ID": 8091515287 }, "geometry": { "type": "Point", "coordinates": [ 39.0571955, 45.0961876 ] } },
{ "type": "Feature", "properties": { "NAME": "улица Передерия", "NAME_EN": null, "NAME_RU": null, "RAILWAY": "tram_stop", "HIGHWAY": null, "REF": null, "NETWORK": null, "PUBLIC_TRA": "stop_position", "OSM_TYPE": "node", "OSM_ID": 8191333744 }, "geometry": { "type": "Point", "coordinates": [ 38.9433015, 45.0421079 ] } },
{ "type": "Feature", "properties": { "NAME": null, "NAME_EN": null, "NAME_RU": null, "RAILWAY": null, "HIGHWAY": "bus_stop", "REF": null, "NETWORK": null, "PUBLIC_TRA": "stop_position", "OSM_TYPE": "node", "OSM_ID": 8198300289 }, "geometry": { "type": "Point", "coordinates": [ 39.0356596, 45.0721431 ] } },
{ "type": "Feature", "properties": { "NAME": null, "NAME_EN": null, "NAME_RU": null, "RAILWAY": null, "HIGHWAY": "bus_stop", "REF": null, "NETWORK": null, "PUBLIC_TRA": "platform", "OSM_TYPE": "node", "OSM_ID": 8198300290 }, "geometry": { "type": "Point", "coordinates": [ 39.035661, 45.0720618 ] } },
{ "type": "Feature", "properties": { "NAME": null, "NAME_EN": null, "NAME_RU": null, "RAILWAY": null, "HIGHWAY": "bus_stop", "REF": null, "NETWORK": null, "PUBLIC_TRA": "stop_position", "OSM_TYPE": "node", "OSM_ID": 8198300292 }, "geometry": { "type": "Point", "coordinates": [ 39.0343314, 45.0717439 ] } },
{ "type": "Feature", "properties": { "NAME": "улица Армавирская", "NAME_EN": null, "NAME_RU": null, "RAILWAY": "tram_stop", "HIGHWAY": null, "REF": null, "NETWORK": null, "PUBLIC_TRA": "stop_position", "OSM_TYPE": "node", "OSM_ID": 8339483926 }, "geometry": { "type": "Point", "coordinates": [ 39.0080234, 45.0499403 ] } },
{ "type": "Feature", "properties": { "NAME": "улица Некрасова", "NAME_EN": null, "NAME_RU": null, "RAILWAY": "tram_stop", "HIGHWAY": null, "REF": null, "NETWORK": null, "PUBLIC_TRA": "stop_position", "OSM_TYPE": "node", "OSM_ID": 8339483927 }, "geometry": { "type": "Point", "coordinates": [ 39.0122591, 45.0494193 ] } },
{ "type": "Feature", "properties": { "NAME": "улица Некрасова", "NAME_EN": null, "NAME_RU": null, "RAILWAY": "tram_stop", "HIGHWAY": null, "REF": null, "NETWORK": null, "PUBLIC_TRA": "stop_position", "OSM_TYPE": "node", "OSM_ID": 8339483928 }, "geometry": { "type": "Point", "coordinates": [ 39.0114492, 45.0494873 ] } },
{ "type": "Feature", "properties": { "NAME": "улица Армавирская", "NAME_EN": null, "NAME_RU": null, "RAILWAY": "tram_stop", "HIGHWAY": null, "REF": null, "NETWORK": null, "PUBLIC_TRA": "stop_position", "OSM_TYPE": "node", "OSM_ID": 8339483929 }, "geometry": { "type": "Point", "coordinates": [ 39.0080066, 45.0499045 ] } },
{ "type": "Feature", "properties": { "NAME": "улица Декабристов", "NAME_EN": null, "NAME_RU": null, "RAILWAY": "tram_stop", "HIGHWAY": null, "REF": null, "NETWORK": null, "PUBLIC_TRA": "stop_position", "OSM_TYPE": "node", "OSM_ID": 8339483931 }, "geometry": { "type": "Point", "coordinates": [ 39.0151995, 45.0518136 ] } },
{ "type": "Feature", "properties": { "NAME": "Почта", "NAME_EN": null, "NAME_RU": null, "RAILWAY": "tram_stop", "HIGHWAY": null, "REF": null, "NETWORK": null, "PUBLIC_TRA": "stop_position", "OSM_TYPE": "node", "OSM_ID": 8346265845 }, "geometry": { "type": "Point", "coordinates": [ 38.9081155, 45.0289414 ] } },
{ "type": "Feature", "properties": { "NAME": "Торговый центр", "NAME_EN": null, "NAME_RU": null, "RAILWAY": "tram_stop", "HIGHWAY": null, "REF": null, "NETWORK": null, "PUBLIC_TRA": "stop_position", "OSM_TYPE": "node", "OSM_ID": 8346265846 }, "geometry": { "type": "Point", "coordinates": [ 38.9126442, 45.0307588 ] } },
{ "type": "Feature", "properties": { "NAME": "улица Думенко", "NAME_EN": null, "NAME_RU": null, "RAILWAY": "tram_stop", "HIGHWAY": null, "REF": null, "NETWORK": null, "PUBLIC_TRA": "stop_position", "OSM_TYPE": "node", "OSM_ID": 8346265847 }, "geometry": { "type": "Point", "coordinates": [ 38.9211885, 45.0341915 ] } },
{ "type": "Feature", "properties": { "NAME": "улица Харьковская", "NAME_EN": null, "NAME_RU": null, "RAILWAY": "tram_stop", "HIGHWAY": null, "REF": null, "NETWORK": null, "PUBLIC_TRA": "stop_position", "OSM_TYPE": "node", "OSM_ID": 8346265848 }, "geometry": { "type": "Point", "coordinates": [ 38.9262211, 45.0363026 ] } },
{ "type": "Feature", "properties": { "NAME": "улица Тульская", "NAME_EN": null, "NAME_RU": null, "RAILWAY": "tram_stop", "HIGHWAY": null, "REF": null, "NETWORK": null, "PUBLIC_TRA": "stop_position", "OSM_TYPE": "node", "OSM_ID": 8346265849 }, "geometry": { "type": "Point", "coordinates": [ 38.9294622, 45.0377464 ] } },
{ "type": "Feature", "properties": { "NAME": "улица Минская", "NAME_EN": null, "NAME_RU": null, "RAILWAY": "tram_stop", "HIGHWAY": null, "REF": null, "NETWORK": null, "PUBLIC_TRA": "stop_position", "OSM_TYPE": "node", "OSM_ID": 8346265850 }, "geometry": { "type": "Point", "coordinates": [ 38.9336301, 45.0394434 ] } },
{ "type": "Feature", "properties": { "NAME": "улица Каляева", "NAME_EN": null, "NAME_RU": null, "RAILWAY": "tram_stop", "HIGHWAY": null, "REF": null, "NETWORK": null, "PUBLIC_TRA": "stop_position", "OSM_TYPE": "node", "OSM_ID": 8346265851 }, "geometry": { "type": "Point", "coordinates": [ 38.9372682, 45.0430721 ] } },
{ "type": "Feature", "properties": { "NAME": "улица Брюсова", "NAME_EN": null, "NAME_RU": null, "RAILWAY": "tram_stop", "HIGHWAY": null, "REF": null, "NETWORK": null, "PUBLIC_TRA": "stop_position", "OSM_TYPE": "node", "OSM_ID": 8346265852 }, "geometry": { "type": "Point", "coordinates": [ 38.9496359, 45.0411104 ] } },
{ "type": "Feature", "properties": { "NAME": "улица Тургенева", "NAME_EN": null, "NAME_RU": null, "RAILWAY": "tram_stop", "HIGHWAY": null, "REF": null, "NETWORK": null, "PUBLIC_TRA": "stop_position", "OSM_TYPE": "node", "OSM_ID": 8346265853 }, "geometry": { "type": "Point", "coordinates": [ 38.9560592, 45.0400483 ] } },
{ "type": "Feature", "properties": { "NAME": "улица Калининградская", "NAME_EN": null, "NAME_RU": null, "RAILWAY": "tram_stop", "HIGHWAY": null, "REF": null, "NETWORK": null, "PUBLIC_TRA": "stop_position", "OSM_TYPE": "node", "OSM_ID": 8346265854 }, "geometry": { "type": "Point", "coordinates": [ 38.9623512, 45.039039 ] } },
{ "type": "Feature", "properties": { "NAME": "ЦКР", "NAME_EN": null, "NAME_RU": null, "RAILWAY": "tram_stop", "HIGHWAY": null, "REF": null, "NETWORK": null, "PUBLIC_TRA": "stop_position", "OSM_TYPE": "node", "OSM_ID": 8346265855 }, "geometry": { "type": "Point", "coordinates": [ 38.968179, 45.0376693 ] } },
{ "type": "Feature", "properties": { "NAME": "Пашковская улица", "NAME_EN": null, "NAME_RU": null, "RAILWAY": "tram_stop", "HIGHWAY": null, "REF": null, "NETWORK": null, "PUBLIC_TRA": "stop_position", "OSM_TYPE": "node", "OSM_ID": 8346265856 }, "geometry": { "type": "Point", "coordinates": [ 38.9669638, 45.0338965 ] } },
{ "type": "Feature", "properties": { "NAME": "Октябрьская улица", "NAME_EN": null, "NAME_RU": null, "RAILWAY": "tram_stop", "HIGHWAY": null, "REF": null, "NETWORK": null, "PUBLIC_TRA": "stop_position", "OSM_TYPE": "node", "OSM_ID": 8346265857 }, "geometry": { "type": "Point", "coordinates": [ 38.9688906, 45.0320324 ] } },
{ "type": "Feature", "properties": { "NAME": "улица Красная", "NAME_EN": null, "NAME_RU": null, "RAILWAY": "tram_stop", "HIGHWAY": null, "REF": null, "NETWORK": null, "PUBLIC_TRA": "stop_position", "OSM_TYPE": "node", "OSM_ID": 8346265858 }, "geometry": { "type": "Point", "coordinates": [ 38.9730406, 45.03132 ] } },
{ "type": "Feature", "properties": { "NAME": "улица Дмитриевская Дамба", "NAME_EN": null, "NAME_RU": null, "RAILWAY": "tram_stop", "HIGHWAY": null, "REF": null, "NETWORK": null, "PUBLIC_TRA": "stop_position", "OSM_TYPE": "node", "OSM_ID": 8346265859 }, "geometry": { "type": "Point", "coordinates": [ 38.9903983, 45.028596 ] } },
{ "type": "Feature", "properties": { "NAME": "улица Буденного", "NAME_EN": null, "NAME_RU": null, "RAILWAY": "tram_stop", "HIGHWAY": null, "REF": null, "NETWORK": null, "PUBLIC_TRA": "stop_position", "OSM_TYPE": "node", "OSM_ID": 8346265860 }, "geometry": { "type": "Point", "coordinates": [ 38.9925722, 45.0334072 ] } },
{ "type": "Feature", "properties": { "NAME": "улица Северная", "NAME_EN": null, "NAME_RU": null, "RAILWAY": "tram_stop", "HIGHWAY": null, "REF": null, "NETWORK": null, "PUBLIC_TRA": "stop_position", "OSM_TYPE": "node", "OSM_ID": 8346265861 }, "geometry": { "type": "Point", "coordinates": [ 38.9937463, 45.0375604 ] } },
{ "type": "Feature", "properties": { "NAME": "улица Промышленная", "NAME_EN": null, "NAME_RU": null, "RAILWAY": "tram_stop", "HIGHWAY": null, "REF": null, "NETWORK": null, "PUBLIC_TRA": "stop_position", "OSM_TYPE": "node", "OSM_ID": 8346265862 }, "geometry": { "type": "Point", "coordinates": [ 38.9943319, 45.0395366 ] } },
{ "type": "Feature", "properties": { "NAME": "улица МОПР", "NAME_EN": null, "NAME_RU": null, "RAILWAY": "tram_stop", "HIGHWAY": null, "REF": null, "NETWORK": null, "PUBLIC_TRA": "stop_position", "OSM_TYPE": "node", "OSM_ID": 8346265863 }, "geometry": { "type": "Point", "coordinates": [ 38.9965316, 45.0468927 ] } },
{ "type": "Feature", "properties": { "NAME": null, "NAME_EN": null, "NAME_RU": null, "RAILWAY": null, "HIGHWAY": "bus_stop", "REF": null, "NETWORK": null, "PUBLIC_TRA": "platform", "OSM_TYPE": "node", "OSM_ID": 8455208471 }, "geometry": { "type": "Point", "coordinates": [ 39.0021101, 45.0892466 ] } },
{ "type": "Feature", "properties": { "NAME": "улица Майкопская", "NAME_EN": null, "NAME_RU": null, "RAILWAY": "tram_stop", "HIGHWAY": null, "REF": null, "NETWORK": null, "PUBLIC_TRA": "stop_position", "OSM_TYPE": "node", "OSM_ID": 8615811241 }, "geometry": { "type": "Point", "coordinates": [ 39.0125321, 45.0116215 ] } },
{ "type": "Feature", "properties": { "NAME": "улица Ковтюха", "NAME_EN": null, "NAME_RU": null, "RAILWAY": "tram_stop", "HIGHWAY": null, "REF": null, "NETWORK": null, "PUBLIC_TRA": "stop_position", "OSM_TYPE": "node", "OSM_ID": 8615811242 }, "geometry": { "type": "Point", "coordinates": [ 39.0120281, 45.0150631 ] } },
{ "type": "Feature", "properties": { "NAME": "Яна-Полуяна", "NAME_EN": null, "NAME_RU": null, "RAILWAY": null, "HIGHWAY": "bus_stop", "REF": null, "NETWORK": null, "PUBLIC_TRA": "platform", "OSM_TYPE": "node", "OSM_ID": 8743606339 }, "geometry": { "type": "Point", "coordinates": [ 38.9613933, 45.0620417 ] } },
{ "type": "Feature", "properties": { "NAME": "Автовокзал \"Южный\"", "NAME_EN": null, "NAME_RU": null, "RAILWAY": null, "HIGHWAY": "bus_stop", "REF": null, "NETWORK": null, "PUBLIC_TRA": "platform", "OSM_TYPE": "node", "OSM_ID": 9093847258 }, "geometry": { "type": "Point", "coordinates": [ 38.9598278, 44.9980416 ] } },
{ "type": "Feature", "properties": { "NAME": "улица 40 лет Победы", "NAME_EN": null, "NAME_RU": null, "RAILWAY": null, "HIGHWAY": "bus_stop", "REF": null, "NETWORK": null, "PUBLIC_TRA": "platform", "OSM_TYPE": "node", "OSM_ID": 9111847719 }, "geometry": { "type": "Point", "coordinates": [ 39.0225752, 45.0565378 ] } },
{ "type": "Feature", "properties": { "NAME": "остановка Конгрессная", "NAME_EN": null, "NAME_RU": null, "RAILWAY": null, "HIGHWAY": "bus_stop", "REF": null, "NETWORK": null, "PUBLIC_TRA": "platform", "OSM_TYPE": "node", "OSM_ID": 9117403616 }, "geometry": { "type": "Point", "coordinates": [ 38.9635424, 45.1066145 ] } },
{ "type": "Feature", "properties": { "NAME": "ЖК «Лиговский»", "NAME_EN": null, "NAME_RU": null, "RAILWAY": null, "HIGHWAY": "bus_stop", "REF": null, "NETWORK": null, "PUBLIC_TRA": null, "OSM_TYPE": "node", "OSM_ID": 9120315058 }, "geometry": { "type": "Point", "coordinates": [ 38.948169, 45.1009703 ] } },
{ "type": "Feature", "properties": { "NAME": "Дачи", "NAME_EN": null, "NAME_RU": null, "RAILWAY": null, "HIGHWAY": "bus_stop", "REF": null, "NETWORK": null, "PUBLIC_TRA": null, "OSM_TYPE": "node", "OSM_ID": 9129479066 }, "geometry": { "type": "Point", "coordinates": [ 38.8344812, 45.0510987 ] } },
{ "type": "Feature", "properties": { "NAME": "Рубероидный завод", "NAME_EN": null, "NAME_RU": null, "RAILWAY": null, "HIGHWAY": "bus_stop", "REF": null, "NETWORK": null, "PUBLIC_TRA": "platform", "OSM_TYPE": "node", "OSM_ID": 9129614461 }, "geometry": { "type": "Point", "coordinates": [ 38.8961348, 45.0565596 ] } },
{ "type": "Feature", "properties": { "NAME": "улица Котлярова", "NAME_EN": null, "NAME_RU": null, "RAILWAY": null, "HIGHWAY": "bus_stop", "REF": null, "NETWORK": null, "PUBLIC_TRA": "platform", "OSM_TYPE": "node", "OSM_ID": 9288261147 }, "geometry": { "type": "Point", "coordinates": [ 39.0114132, 45.0718618 ] } },
{ "type": "Feature", "properties": { "NAME": "улица Мира", "NAME_EN": null, "NAME_RU": null, "RAILWAY": "tram_stop", "HIGHWAY": null, "REF": null, "NETWORK": null, "PUBLIC_TRA": "stop_position", "OSM_TYPE": "node", "OSM_ID": 9411161651 }, "geometry": { "type": "Point", "coordinates": [ 38.9732885, 45.0199128 ] } },
{ "type": "Feature", "properties": { "NAME": "улица Советская", "NAME_EN": null, "NAME_RU": null, "RAILWAY": "tram_stop", "HIGHWAY": null, "REF": null, "NETWORK": null, "PUBLIC_TRA": "stop_position", "OSM_TYPE": "node", "OSM_ID": 9411161652 }, "geometry": { "type": "Point", "coordinates": [ 38.9722681, 45.0168914 ] } },
{ "type": "Feature", "properties": { "NAME": "Парк «Городской сад»", "NAME_EN": null, "NAME_RU": null, "RAILWAY": "tram_stop", "HIGHWAY": null, "REF": null, "NETWORK": null, "PUBLIC_TRA": "stop_position", "OSM_TYPE": "node", "OSM_ID": 9411161653 }, "geometry": { "type": "Point", "coordinates": [ 38.9715638, 45.014679 ] } },
{ "type": "Feature", "properties": { "NAME": "Водолечебница", "NAME_EN": null, "NAME_RU": null, "RAILWAY": "tram_stop", "HIGHWAY": null, "REF": null, "NETWORK": null, "PUBLIC_TRA": "stop_position", "OSM_TYPE": "node", "OSM_ID": 9411161654 }, "geometry": { "type": "Point", "coordinates": [ 38.9686244, 45.009749 ] } },
{ "type": "Feature", "properties": { "NAME": "Завод имени «Седина»", "NAME_EN": null, "NAME_RU": null, "RAILWAY": "tram_stop", "HIGHWAY": null, "REF": null, "NETWORK": null, "PUBLIC_TRA": "stop_position", "OSM_TYPE": "node", "OSM_ID": 9411161655 }, "geometry": { "type": "Point", "coordinates": [ 38.967001, 45.0054817 ] } },
{ "type": "Feature", "properties": { "NAME": "Нефтезавод", "NAME_EN": null, "NAME_RU": null, "RAILWAY": "tram_stop", "HIGHWAY": null, "REF": null, "NETWORK": null, "PUBLIC_TRA": "stop_position", "OSM_TYPE": "node", "OSM_ID": 9411161656 }, "geometry": { "type": "Point", "coordinates": [ 38.9647974, 45.0026714 ] } },
{ "type": "Feature", "properties": { "NAME": "улица Доватора", "NAME_EN": null, "NAME_RU": null, "RAILWAY": "tram_stop", "HIGHWAY": null, "REF": null, "NETWORK": null, "PUBLIC_TRA": "stop_position", "OSM_TYPE": "node", "OSM_ID": 9411230931 }, "geometry": { "type": "Point", "coordinates": [ 38.9263593, 45.0666892 ] } },
{ "type": "Feature", "properties": { "NAME": "улица Виноградная", "NAME_EN": null, "NAME_RU": null, "RAILWAY": "tram_stop", "HIGHWAY": null, "REF": null, "NETWORK": null, "PUBLIC_TRA": "stop_position", "OSM_TYPE": "node", "OSM_ID": 9411230932 }, "geometry": { "type": "Point", "coordinates": [ 38.9282433, 45.0657005 ] } },
{ "type": "Feature", "properties": { "NAME": "улица Славянская", "NAME_EN": null, "NAME_RU": null, "RAILWAY": "tram_stop", "HIGHWAY": null, "REF": null, "NETWORK": null, "PUBLIC_TRA": "stop_position", "OSM_TYPE": "node", "OSM_ID": 9411230933 }, "geometry": { "type": "Point", "coordinates": [ 38.9333357, 45.0626497 ] } },
{ "type": "Feature", "properties": { "NAME": "Баня", "NAME_EN": null, "NAME_RU": null, "RAILWAY": "tram_stop", "HIGHWAY": null, "REF": null, "NETWORK": null, "PUBLIC_TRA": "stop_position", "OSM_TYPE": "node", "OSM_ID": 9411230934 }, "geometry": { "type": "Point", "coordinates": [ 38.9327784, 45.0608744 ] } },
{ "type": "Feature", "properties": { "NAME": "улица 3-я Линия", "NAME_EN": null, "NAME_RU": null, "RAILWAY": "tram_stop", "HIGHWAY": null, "REF": null, "NETWORK": null, "PUBLIC_TRA": "stop_position", "OSM_TYPE": "node", "OSM_ID": 9411230935 }, "geometry": { "type": "Point", "coordinates": [ 38.9318983, 45.0580965 ] } },
{ "type": "Feature", "properties": { "NAME": "улица 2-я Линия", "NAME_EN": null, "NAME_RU": null, "RAILWAY": "tram_stop", "HIGHWAY": null, "REF": null, "NETWORK": null, "PUBLIC_TRA": "stop_position", "OSM_TYPE": "node", "OSM_ID": 9411230936 }, "geometry": { "type": "Point", "coordinates": [ 38.934486, 45.0567493 ] } },
{ "type": "Feature", "properties": { "NAME": "улица Гагарина", "NAME_EN": null, "NAME_RU": null, "RAILWAY": "tram_stop", "HIGHWAY": null, "REF": null, "NETWORK": null, "PUBLIC_TRA": "stop_position", "OSM_TYPE": "node", "OSM_ID": 9411230937 }, "geometry": { "type": "Point", "coordinates": [ 38.939917, 45.0558754 ] } },
{ "type": "Feature", "properties": { "NAME": "улица Красных Партизан", "NAME_EN": null, "NAME_RU": null, "RAILWAY": "tram_stop", "HIGHWAY": null, "REF": null, "NETWORK": null, "PUBLIC_TRA": "stop_position", "OSM_TYPE": "node", "OSM_ID": 9411230938 }, "geometry": { "type": "Point", "coordinates": [ 38.9398355, 45.0535602 ] } },
{ "type": "Feature", "properties": { "NAME": "улица Бабушкина", "NAME_EN": null, "NAME_RU": null, "RAILWAY": "tram_stop", "HIGHWAY": null, "REF": null, "NETWORK": null, "PUBLIC_TRA": "stop_position", "OSM_TYPE": "node", "OSM_ID": 9411230939 }, "geometry": { "type": "Point", "coordinates": [ 38.9393376, 45.0519101 ] } },
{ "type": "Feature", "properties": { "NAME": "улица Власова", "NAME_EN": null, "NAME_RU": null, "RAILWAY": "tram_stop", "HIGHWAY": null, "REF": null, "NETWORK": null, "PUBLIC_TRA": "stop_position", "OSM_TYPE": "node", "OSM_ID": 9411230940 }, "geometry": { "type": "Point", "coordinates": [ 38.938402, 45.0489814 ] } },
{ "type": "Feature", "properties": { "NAME": "улица Северная", "NAME_EN": null, "NAME_RU": null, "RAILWAY": "tram_stop", "HIGHWAY": null, "REF": null, "NETWORK": null, "PUBLIC_TRA": "stop_position", "OSM_TYPE": "node", "OSM_ID": 9411230941 }, "geometry": { "type": "Point", "coordinates": [ 38.9374457, 45.0459556 ] } },
{ "type": "Feature", "properties": { "NAME": "улица Северная", "NAME_EN": null, "NAME_RU": null, "RAILWAY": "tram_stop", "HIGHWAY": null, "REF": null, "NETWORK": null, "PUBLIC_TRA": "stop_position", "OSM_TYPE": "node", "OSM_ID": 9411230942 }, "geometry": { "type": "Point", "coordinates": [ 38.9375553, 45.0464584 ] } },
{ "type": "Feature", "properties": { "NAME": "улица Власова", "NAME_EN": null, "NAME_RU": null, "RAILWAY": "tram_stop", "HIGHWAY": null, "REF": null, "NETWORK": null, "PUBLIC_TRA": "stop_position", "OSM_TYPE": "node", "OSM_ID": 9411230943 }, "geometry": { "type": "Point", "coordinates": [ 38.9385033, 45.0494524 ] } },
{ "type": "Feature", "properties": { "NAME": "улица Бабушкина", "NAME_EN": null, "NAME_RU": null, "RAILWAY": "tram_stop", "HIGHWAY": null, "REF": null, "NETWORK": null, "PUBLIC_TRA": "stop_position", "OSM_TYPE": "node", "OSM_ID": 9411230944 }, "geometry": { "type": "Point", "coordinates": [ 38.9390761, 45.0512485 ] } },
{ "type": "Feature", "properties": { "NAME": "улица Красных Партизан", "NAME_EN": null, "NAME_RU": null, "RAILWAY": "tram_stop", "HIGHWAY": null, "REF": null, "NETWORK": null, "PUBLIC_TRA": "stop_position", "OSM_TYPE": "node", "OSM_ID": 9411230945 }, "geometry": { "type": "Point", "coordinates": [ 38.9399461, 45.0540588 ] } },
{ "type": "Feature", "properties": { "NAME": "улица Гагарина", "NAME_EN": null, "NAME_RU": null, "RAILWAY": "tram_stop", "HIGHWAY": null, "REF": null, "NETWORK": null, "PUBLIC_TRA": "stop_position", "OSM_TYPE": "node", "OSM_ID": 9411230946 }, "geometry": { "type": "Point", "coordinates": [ 38.9399105, 45.0558485 ] } },
{ "type": "Feature", "properties": { "NAME": "улица 2-я Линия", "NAME_EN": null, "NAME_RU": null, "RAILWAY": "tram_stop", "HIGHWAY": null, "REF": null, "NETWORK": null, "PUBLIC_TRA": "stop_position", "OSM_TYPE": "node", "OSM_ID": 9411230947 }, "geometry": { "type": "Point", "coordinates": [ 38.9337911, 45.0568253 ] } },
{ "type": "Feature", "properties": { "NAME": "улица 3-я Линия", "NAME_EN": null, "NAME_RU": null, "RAILWAY": "tram_stop", "HIGHWAY": null, "REF": null, "NETWORK": null, "PUBLIC_TRA": "stop_position", "OSM_TYPE": "node", "OSM_ID": 9411230948 }, "geometry": { "type": "Point", "coordinates": [ 38.931854, 45.0581003 ] } },
{ "type": "Feature", "properties": { "NAME": "Баня", "NAME_EN": null, "NAME_RU": null, "RAILWAY": "tram_stop", "HIGHWAY": null, "REF": null, "NETWORK": null, "PUBLIC_TRA": "stop_position", "OSM_TYPE": "node", "OSM_ID": 9411230949 }, "geometry": { "type": "Point", "coordinates": [ 38.932735, 45.0608815 ] } },
{ "type": "Feature", "properties": { "NAME": "улица Славянская", "NAME_EN": null, "NAME_RU": null, "RAILWAY": "tram_stop", "HIGHWAY": null, "REF": null, "NETWORK": null, "PUBLIC_TRA": "stop_position", "OSM_TYPE": "node", "OSM_ID": 9411230950 }, "geometry": { "type": "Point", "coordinates": [ 38.9332949, 45.0626548 ] } },
{ "type": "Feature", "properties": { "NAME": "улица Толстого", "NAME_EN": null, "NAME_RU": null, "RAILWAY": "tram_stop", "HIGHWAY": null, "REF": null, "NETWORK": null, "PUBLIC_TRA": "stop_position", "OSM_TYPE": "node", "OSM_ID": 9411230951 }, "geometry": { "type": "Point", "coordinates": [ 38.9298094, 45.0648614 ] } },
{ "type": "Feature", "properties": { "NAME": "улица Доватора", "NAME_EN": null, "NAME_RU": null, "RAILWAY": "tram_stop", "HIGHWAY": null, "REF": null, "NETWORK": null, "PUBLIC_TRA": "stop_position", "OSM_TYPE": "node", "OSM_ID": 9411230952 }, "geometry": { "type": "Point", "coordinates": [ 38.9261244, 45.0667761 ] } },
{ "type": "Feature", "properties": { "NAME": "улица Виноградная", "NAME_EN": null, "NAME_RU": null, "RAILWAY": "tram_stop", "HIGHWAY": null, "REF": null, "NETWORK": null, "PUBLIC_TRA": "stop_position", "OSM_TYPE": "node", "OSM_ID": 9411230953 }, "geometry": { "type": "Point", "coordinates": [ 38.9279216, 45.0658329 ] } },
{ "type": "Feature", "properties": { "NAME": "улица Толбухина", "NAME_EN": null, "NAME_RU": null, "RAILWAY": "tram_stop", "HIGHWAY": null, "REF": null, "NETWORK": null, "PUBLIC_TRA": "stop_position", "OSM_TYPE": "node", "OSM_ID": 9411230954 }, "geometry": { "type": "Point", "coordinates": [ 38.9247331, 45.0675062 ] } },
{ "type": "Feature", "properties": { "NAME": "Нефтезавод", "NAME_EN": null, "NAME_RU": null, "RAILWAY": "tram_stop", "HIGHWAY": null, "REF": null, "NETWORK": null, "PUBLIC_TRA": "stop_position", "OSM_TYPE": "node", "OSM_ID": 9411230955 }, "geometry": { "type": "Point", "coordinates": [ 38.9648158, 45.0027664 ] } },
{ "type": "Feature", "properties": { "NAME": "Завод имени «Седина»", "NAME_EN": null, "NAME_RU": null, "RAILWAY": "tram_stop", "HIGHWAY": null, "REF": null, "NETWORK": null, "PUBLIC_TRA": "stop_position", "OSM_TYPE": "node", "OSM_ID": 9411230956 }, "geometry": { "type": "Point", "coordinates": [ 38.9671527, 45.0057721 ] } },
{ "type": "Feature", "properties": { "NAME": "Водолечебница", "NAME_EN": null, "NAME_RU": null, "RAILWAY": "tram_stop", "HIGHWAY": null, "REF": null, "NETWORK": null, "PUBLIC_TRA": "stop_position", "OSM_TYPE": "node", "OSM_ID": 9411230957 }, "geometry": { "type": "Point", "coordinates": [ 38.9688258, 45.010461 ] } },
{ "type": "Feature", "properties": { "NAME": "Парк «Городской сад»", "NAME_EN": null, "NAME_RU": null, "RAILWAY": "tram_stop", "HIGHWAY": null, "REF": null, "NETWORK": null, "PUBLIC_TRA": "stop_position", "OSM_TYPE": "node", "OSM_ID": 9411230958 }, "geometry": { "type": "Point", "coordinates": [ 38.9714327, 45.0144242 ] } },
{ "type": "Feature", "properties": { "NAME": "улица Советская", "NAME_EN": null, "NAME_RU": null, "RAILWAY": "tram_stop", "HIGHWAY": null, "REF": null, "NETWORK": null, "PUBLIC_TRA": "stop_position", "OSM_TYPE": "node", "OSM_ID": 9411230959 }, "geometry": { "type": "Point", "coordinates": [ 38.9723388, 45.01726 ] } },
{ "type": "Feature", "properties": { "NAME": "улица Мира", "NAME_EN": null, "NAME_RU": null, "RAILWAY": "tram_stop", "HIGHWAY": null, "REF": null, "NETWORK": null, "PUBLIC_TRA": "stop_position", "OSM_TYPE": "node", "OSM_ID": 9411230960 }, "geometry": { "type": "Point", "coordinates": [ 38.9733856, 45.0203287 ] } },
{ "type": "Feature", "properties": { "NAME": "улица Ленина", "NAME_EN": null, "NAME_RU": null, "RAILWAY": "tram_stop", "HIGHWAY": null, "REF": null, "NETWORK": null, "PUBLIC_TRA": "stop_position", "OSM_TYPE": "node", "OSM_ID": 9411230961 }, "geometry": { "type": "Point", "coordinates": [ 38.9743825, 45.0233287 ] } },
{ "type": "Feature", "properties": { "NAME": "Кооперативный рынок", "NAME_EN": null, "NAME_RU": null, "RAILWAY": "tram_stop", "HIGHWAY": null, "REF": null, "NETWORK": null, "PUBLIC_TRA": "stop_position", "OSM_TYPE": "node", "OSM_ID": 9411230962 }, "geometry": { "type": "Point", "coordinates": [ 38.9753032, 45.0258669 ] } },
{ "type": "Feature", "properties": { "NAME": "улица Ленина", "NAME_EN": null, "NAME_RU": null, "RAILWAY": "tram_stop", "HIGHWAY": null, "REF": null, "NETWORK": null, "PUBLIC_TRA": "stop_position", "OSM_TYPE": "node", "OSM_ID": 9411230963 }, "geometry": { "type": "Point", "coordinates": [ 38.9742975, 45.0229335 ] } },
{ "type": "Feature", "properties": { "NAME": "улица Уральская", "NAME_EN": null, "NAME_RU": null, "RAILWAY": "tram_stop", "HIGHWAY": null, "REF": null, "NETWORK": null, "PUBLIC_TRA": "stop_position", "OSM_TYPE": "node", "OSM_ID": 9483174154 }, "geometry": { "type": "Point", "coordinates": [ 39.0902682, 45.0378316 ] } },
{ "type": "Feature", "properties": { "NAME": "улица Симферопольская", "NAME_EN": null, "NAME_RU": null, "RAILWAY": "tram_stop", "HIGHWAY": null, "REF": null, "NETWORK": null, "PUBLIC_TRA": "stop_position", "OSM_TYPE": "node", "OSM_ID": 9483174155 }, "geometry": { "type": "Point", "coordinates": [ 39.0868524, 45.0359727 ] } },
{ "type": "Feature", "properties": { "NAME": "улица Монтажная", "NAME_EN": null, "NAME_RU": null, "RAILWAY": "tram_stop", "HIGHWAY": null, "REF": null, "NETWORK": null, "PUBLIC_TRA": "stop_position", "OSM_TYPE": "node", "OSM_ID": 9483174156 }, "geometry": { "type": "Point", "coordinates": [ 39.0824688, 45.034558 ] } },
{ "type": "Feature", "properties": { "NAME": "улица Просторная", "NAME_EN": null, "NAME_RU": null, "RAILWAY": "tram_stop", "HIGHWAY": null, "REF": null, "NETWORK": null, "PUBLIC_TRA": "stop_position", "OSM_TYPE": "node", "OSM_ID": 9483174157 }, "geometry": { "type": "Point", "coordinates": [ 39.0796537, 45.0336456 ] } },
{ "type": "Feature", "properties": { "NAME": "ЖК на Магистральной", "NAME_EN": null, "NAME_RU": null, "RAILWAY": "tram_stop", "HIGHWAY": null, "REF": null, "NETWORK": null, "PUBLIC_TRA": "stop_position", "OSM_TYPE": "node", "OSM_ID": 9483174158 }, "geometry": { "type": "Point", "coordinates": [ 39.0716308, 45.0312624 ] } },
{ "type": "Feature", "properties": { "NAME": "улица Онежская", "NAME_EN": null, "NAME_RU": null, "RAILWAY": "tram_stop", "HIGHWAY": null, "REF": null, "NETWORK": null, "PUBLIC_TRA": "stop_position", "OSM_TYPE": "node", "OSM_ID": 9483174159 }, "geometry": { "type": "Point", "coordinates": [ 39.0668373, 45.0309265 ] } },
{ "type": "Feature", "properties": { "NAME": "улица Нежинская", "NAME_EN": null, "NAME_RU": null, "RAILWAY": "tram_stop", "HIGHWAY": null, "REF": null, "NETWORK": null, "PUBLIC_TRA": "stop_position", "OSM_TYPE": "node", "OSM_ID": 9483174160 }, "geometry": { "type": "Point", "coordinates": [ 39.0642071, 45.0277246 ] } },
{ "type": "Feature", "properties": { "NAME": "Сормовская улица", "NAME_EN": null, "NAME_RU": null, "RAILWAY": "tram_stop", "HIGHWAY": null, "REF": null, "NETWORK": null, "PUBLIC_TRA": "stop_position", "OSM_TYPE": "node", "OSM_ID": 9483174161 }, "geometry": { "type": "Point", "coordinates": [ 39.0658725, 45.0240017 ] } },
{ "type": "Feature", "properties": { "NAME": "Детский сад «Ясли»", "NAME_EN": null, "NAME_RU": null, "RAILWAY": "tram_stop", "HIGHWAY": null, "REF": null, "NETWORK": null, "PUBLIC_TRA": "stop_position", "OSM_TYPE": "node", "OSM_ID": 9483174162 }, "geometry": { "type": "Point", "coordinates": [ 39.0681809, 45.0191023 ] } },
{ "type": "Feature", "properties": { "NAME": "Детский сад «Ясли»", "NAME_EN": null, "NAME_RU": null, "RAILWAY": "tram_stop", "HIGHWAY": null, "REF": null, "NETWORK": null, "PUBLIC_TRA": "stop_position", "OSM_TYPE": "node", "OSM_ID": 9483174163 }, "geometry": { "type": "Point", "coordinates": [ 39.0680888, 45.019219 ] } },
{ "type": "Feature", "properties": { "NAME": "улица Магистральная", "NAME_EN": null, "NAME_RU": null, "RAILWAY": "tram_stop", "HIGHWAY": null, "REF": null, "NETWORK": null, "PUBLIC_TRA": "stop_position", "OSM_TYPE": "node", "OSM_ID": 9483174164 }, "geometry": { "type": "Point", "coordinates": [ 39.0642033, 45.0307664 ] } },
{ "type": "Feature", "properties": { "NAME": "улица Онежская", "NAME_EN": null, "NAME_RU": null, "RAILWAY": "tram_stop", "HIGHWAY": null, "REF": null, "NETWORK": null, "PUBLIC_TRA": "stop_position", "OSM_TYPE": "node", "OSM_ID": 9483174165 }, "geometry": { "type": "Point", "coordinates": [ 39.0672812, 45.0309803 ] } },
{ "type": "Feature", "properties": { "NAME": "ЖК на Магистральной", "NAME_EN": null, "NAME_RU": null, "RAILWAY": "tram_stop", "HIGHWAY": null, "REF": null, "NETWORK": null, "PUBLIC_TRA": "stop_position", "OSM_TYPE": "node", "OSM_ID": 9483174166 }, "geometry": { "type": "Point", "coordinates": [ 39.0719203, 45.0313041 ] } },
{ "type": "Feature", "properties": { "NAME": "улица Просторная", "NAME_EN": null, "NAME_RU": null, "RAILWAY": "tram_stop", "HIGHWAY": null, "REF": null, "NETWORK": null, "PUBLIC_TRA": "stop_position", "OSM_TYPE": "node", "OSM_ID": 9483174167 }, "geometry": { "type": "Point", "coordinates": [ 39.0787665, 45.0333835 ] } },
{ "type": "Feature", "properties": { "NAME": "улица Симферопольская", "NAME_EN": null, "NAME_RU": null, "RAILWAY": "tram_stop", "HIGHWAY": null, "REF": null, "NETWORK": null, "PUBLIC_TRA": "stop_position", "OSM_TYPE": "node", "OSM_ID": 9483174168 }, "geometry": { "type": "Point", "coordinates": [ 39.0865643, 45.0359059 ] } },
{ "type": "Feature", "properties": { "NAME": "улица Уральская", "NAME_EN": null, "NAME_RU": null, "RAILWAY": "tram_stop", "HIGHWAY": null, "REF": null, "NETWORK": null, "PUBLIC_TRA": "stop_position", "OSM_TYPE": "node", "OSM_ID": 9483174169 }, "geometry": { "type": "Point", "coordinates": [ 39.0899193, 45.0378232 ] } },
{ "type": "Feature", "properties": { "NAME": "Жилой комплекс «Фонтаны»", "NAME_EN": null, "NAME_RU": null, "RAILWAY": "tram_stop", "HIGHWAY": null, "REF": null, "NETWORK": null, "PUBLIC_TRA": "stop_position", "OSM_TYPE": "node", "OSM_ID": 9483362580 }, "geometry": { "type": "Point", "coordinates": [ 39.0237677, 45.0014934 ] } },
{ "type": "Feature", "properties": { "NAME": "улица Ковтюха", "NAME_EN": null, "NAME_RU": null, "RAILWAY": "tram_stop", "HIGHWAY": null, "REF": null, "NETWORK": null, "PUBLIC_TRA": "stop_position", "OSM_TYPE": "node", "OSM_ID": 9483362581 }, "geometry": { "type": "Point", "coordinates": [ 39.0121041, 45.0147841 ] } },
{ "type": "Feature", "properties": { "NAME": "улица Майкопская", "NAME_EN": null, "NAME_RU": null, "RAILWAY": "tram_stop", "HIGHWAY": null, "REF": null, "NETWORK": null, "PUBLIC_TRA": "stop_position", "OSM_TYPE": "node", "OSM_ID": 9483362582 }, "geometry": { "type": "Point", "coordinates": [ 39.0126207, 45.0112462 ] } },
{ "type": "Feature", "properties": { "NAME": "улица Бургасская", "NAME_EN": null, "NAME_RU": null, "RAILWAY": "tram_stop", "HIGHWAY": null, "REF": null, "NETWORK": null, "PUBLIC_TRA": "stop_position", "OSM_TYPE": "node", "OSM_ID": 9483430762 }, "geometry": { "type": "Point", "coordinates": [ 39.0368271, 45.0119344 ] } },
{ "type": "Feature", "properties": { "NAME": "улица Свободная", "NAME_EN": null, "NAME_RU": null, "RAILWAY": "tram_stop", "HIGHWAY": null, "REF": null, "NETWORK": null, "PUBLIC_TRA": "stop_position", "OSM_TYPE": "node", "OSM_ID": 9483430763 }, "geometry": { "type": "Point", "coordinates": [ 39.0322296, 45.0083001 ] } },
{ "type": "Feature", "properties": { "NAME": "улица Новая", "NAME_EN": null, "NAME_RU": null, "RAILWAY": "tram_stop", "HIGHWAY": null, "REF": null, "NETWORK": null, "PUBLIC_TRA": "stop_position", "OSM_TYPE": "node", "OSM_ID": 9483430764 }, "geometry": { "type": "Point", "coordinates": [ 39.0279501, 45.0048518 ] } },
{ "type": "Feature", "properties": { "NAME": "Солнечная улица", "NAME_EN": null, "NAME_RU": null, "RAILWAY": "tram_stop", "HIGHWAY": null, "REF": null, "NETWORK": null, "PUBLIC_TRA": "stop_position", "OSM_TYPE": "node", "OSM_ID": 9630264579 }, "geometry": { "type": "Point", "coordinates": [ 39.0008237, 45.0726418 ] } },
{ "type": "Feature", "properties": { "NAME": "Гомельская улица", "NAME_EN": null, "NAME_RU": null, "RAILWAY": null, "HIGHWAY": "bus_stop", "REF": null, "NETWORK": null, "PUBLIC_TRA": "platform", "OSM_TYPE": "node", "OSM_ID": 9630264582 }, "geometry": { "type": "Point", "coordinates": [ 39.0012879, 45.0834859 ] } },
{ "type": "Feature", "properties": { "NAME": "Гомельская улица", "NAME_EN": null, "NAME_RU": null, "RAILWAY": "tram_stop", "HIGHWAY": null, "REF": null, "NETWORK": null, "PUBLIC_TRA": "stop_position", "OSM_TYPE": "node", "OSM_ID": 9630264594 }, "geometry": { "type": "Point", "coordinates": [ 39.001501, 45.0836999 ] } },
{ "type": "Feature", "properties": { "NAME": "Гомельская улица", "NAME_EN": null, "NAME_RU": null, "RAILWAY": "tram_stop", "HIGHWAY": null, "REF": null, "NETWORK": null, "PUBLIC_TRA": "stop_position", "OSM_TYPE": "node", "OSM_ID": 9630264595 }, "geometry": { "type": "Point", "coordinates": [ 39.0014791, 45.0838673 ] } },
{ "type": "Feature", "properties": { "NAME": "Жигулёвская улица", "NAME_EN": null, "NAME_RU": null, "RAILWAY": "tram_stop", "HIGHWAY": null, "REF": null, "NETWORK": null, "PUBLIC_TRA": "stop_position", "OSM_TYPE": "node", "OSM_ID": 9630264607 }, "geometry": { "type": "Point", "coordinates": [ 39.0012447, 45.0802223 ] } },
{ "type": "Feature", "properties": { "NAME": "Жигулёвская улица", "NAME_EN": null, "NAME_RU": null, "RAILWAY": "tram_stop", "HIGHWAY": null, "REF": null, "NETWORK": null, "PUBLIC_TRA": "stop_position", "OSM_TYPE": "node", "OSM_ID": 9630264608 }, "geometry": { "type": "Point", "coordinates": [ 39.0012692, 45.0800821 ] } },
{ "type": "Feature", "properties": { "NAME": "улица Петра Метальникова", "NAME_EN": null, "NAME_RU": null, "RAILWAY": "tram_stop", "HIGHWAY": null, "REF": null, "NETWORK": null, "PUBLIC_TRA": "stop_position", "OSM_TYPE": "node", "OSM_ID": 9664380843 }, "geometry": { "type": "Point", "coordinates": [ 39.0023175, 45.0933746 ] } },
{ "type": "Feature", "properties": { "NAME": "Ахтарская улица", "NAME_EN": null, "NAME_RU": null, "RAILWAY": "tram_stop", "HIGHWAY": null, "REF": null, "NETWORK": null, "PUBLIC_TRA": "stop_position", "OSM_TYPE": "node", "OSM_ID": 9710454048 }, "geometry": { "type": "Point", "coordinates": [ 39.0018904, 45.0889364 ] } },
{ "type": "Feature", "properties": { "NAME": "Ахтарская улица", "NAME_EN": null, "NAME_RU": null, "RAILWAY": "tram_stop", "HIGHWAY": null, "REF": null, "NETWORK": null, "PUBLIC_TRA": "stop_position", "OSM_TYPE": "node", "OSM_ID": 9710454049 }, "geometry": { "type": "Point", "coordinates": [ 39.0018716, 45.0893015 ] } },
{ "type": "Feature", "properties": { "NAME": "Почта", "NAME_EN": null, "NAME_RU": null, "RAILWAY": null, "HIGHWAY": "bus_stop", "REF": null, "NETWORK": null, "PUBLIC_TRA": "platform", "OSM_TYPE": "node", "OSM_ID": 9808992326 }, "geometry": { "type": "Point", "coordinates": [ 39.0015884, 45.0668375 ] } },
{ "type": "Feature", "properties": { "NAME": "улица Петра Метальникова", "NAME_EN": null, "NAME_RU": null, "RAILWAY": "tram_stop", "HIGHWAY": null, "REF": null, "NETWORK": null, "PUBLIC_TRA": "stop_position", "OSM_TYPE": "node", "OSM_ID": 10679233687 }, "geometry": { "type": "Point", "coordinates": [ 39.002233, 45.0933785 ] } },
{ "type": "Feature", "properties": { "NAME": "Гипермаркет \"ОКЕЙ\"", "NAME_EN": null, "NAME_RU": null, "RAILWAY": null, "HIGHWAY": "bus_stop", "REF": null, "NETWORK": null, "PUBLIC_TRA": "platform", "OSM_TYPE": "node", "OSM_ID": 10679314972 }, "geometry": { "type": "Point", "coordinates": [ 38.9325348, 45.038299 ] } },
{ "type": "Feature", "properties": { "NAME": "улица Фрунзе", "NAME_EN": null, "NAME_RU": null, "RAILWAY": null, "HIGHWAY": "bus_stop", "REF": null, "NETWORK": null, "PUBLIC_TRA": "platform", "OSM_TYPE": "node", "OSM_ID": 10680870036 }, "geometry": { "type": "Point", "coordinates": [ 38.9652751, 45.0371551 ] } },
{ "type": "Feature", "properties": { "NAME": "Бальнеолечебница", "NAME_EN": null, "NAME_RU": null, "RAILWAY": null, "HIGHWAY": "bus_stop", "REF": null, "NETWORK": null, "PUBLIC_TRA": "platform", "OSM_TYPE": "node", "OSM_ID": 11103184538 }, "geometry": { "type": "Point", "coordinates": [ 38.9453489, 45.0590709 ] } },
{ "type": "Feature", "properties": { "NAME": "улица Круговая", "NAME_EN": null, "NAME_RU": null, "RAILWAY": null, "HIGHWAY": "bus_stop", "REF": null, "NETWORK": null, "PUBLIC_TRA": "platform", "OSM_TYPE": "node", "OSM_ID": 11122044292 }, "geometry": { "type": "Point", "coordinates": [ 38.9070852, 45.0693011 ] } },
{ "type": "Feature", "properties": { "NAME": "улица Венецианская", "NAME_EN": null, "NAME_RU": null, "RAILWAY": null, "HIGHWAY": "bus_stop", "REF": null, "NETWORK": null, "PUBLIC_TRA": "platform", "OSM_TYPE": "node", "OSM_ID": 11122044297 }, "geometry": { "type": "Point", "coordinates": [ 38.9259928, 45.1134898 ] } },
{ "type": "Feature", "properties": { "NAME": "улица Венецианская", "NAME_EN": null, "NAME_RU": null, "RAILWAY": null, "HIGHWAY": "bus_stop", "REF": null, "NETWORK": null, "PUBLIC_TRA": "platform", "OSM_TYPE": "node", "OSM_ID": 11122044298 }, "geometry": { "type": "Point", "coordinates": [ 38.9237693, 45.1136147 ] } },
{ "type": "Feature", "properties": { "NAME": "жилой комплекс «Немецкая Деревня»", "NAME_EN": null, "NAME_RU": null, "RAILWAY": null, "HIGHWAY": "bus_stop", "REF": null, "NETWORK": null, "PUBLIC_TRA": "platform", "OSM_TYPE": "node", "OSM_ID": 11122044301 }, "geometry": { "type": "Point", "coordinates": [ 38.9301905, 45.1177854 ] } },
{ "type": "Feature", "properties": { "NAME": "жилой комплекс «Немецкая Деревня»", "NAME_EN": null, "NAME_RU": null, "RAILWAY": null, "HIGHWAY": "bus_stop", "REF": null, "NETWORK": null, "PUBLIC_TRA": "platform", "OSM_TYPE": "node", "OSM_ID": 11122044302 }, "geometry": { "type": "Point", "coordinates": [ 38.9298525, 45.1171722 ] } },
{ "type": "Feature", "properties": { "NAME": null, "NAME_EN": null, "NAME_RU": null, "RAILWAY": null, "HIGHWAY": "bus_stop", "REF": null, "NETWORK": null, "PUBLIC_TRA": "platform", "OSM_TYPE": "node", "OSM_ID": 11181841739 }, "geometry": { "type": "Point", "coordinates": [ 38.9672361, 45.1064763 ] } },
{ "type": "Feature", "properties": { "NAME": null, "NAME_EN": null, "NAME_RU": null, "RAILWAY": null, "HIGHWAY": "bus_stop", "REF": null, "NETWORK": null, "PUBLIC_TRA": "platform", "OSM_TYPE": "node", "OSM_ID": 11181841740 }, "geometry": { "type": "Point", "coordinates": [ 38.9680952, 45.1087082 ] } },
{ "type": "Feature", "properties": { "NAME": null, "NAME_EN": null, "NAME_RU": null, "RAILWAY": null, "HIGHWAY": "bus_stop", "REF": null, "NETWORK": null, "PUBLIC_TRA": "platform", "OSM_TYPE": "node", "OSM_ID": 11181841741 }, "geometry": { "type": "Point", "coordinates": [ 38.9682045, 45.1103424 ] } },
{ "type": "Feature", "properties": { "NAME": null, "NAME_EN": null, "NAME_RU": null, "RAILWAY": null, "HIGHWAY": "bus_stop", "REF": null, "NETWORK": null, "PUBLIC_TRA": "platform", "OSM_TYPE": "node", "OSM_ID": 11181841742 }, "geometry": { "type": "Point", "coordinates": [ 38.9688047, 45.1115043 ] } },
{ "type": "Feature", "properties": { "NAME": null, "NAME_EN": null, "NAME_RU": null, "RAILWAY": null, "HIGHWAY": "bus_stop", "REF": null, "NETWORK": null, "PUBLIC_TRA": "platform", "OSM_TYPE": "node", "OSM_ID": 11195383162 }, "geometry": { "type": "Point", "coordinates": [ 39.0616195, 45.0964022 ] } },
{ "type": "Feature", "properties": { "NAME": null, "NAME_EN": null, "NAME_RU": null, "RAILWAY": null, "HIGHWAY": "bus_stop", "REF": null, "NETWORK": null, "PUBLIC_TRA": "platform", "OSM_TYPE": "node", "OSM_ID": 11195383167 }, "geometry": { "type": "Point", "coordinates": [ 39.0630109, 45.0961763 ] } },
{ "type": "Feature", "properties": { "NAME": null, "NAME_EN": null, "NAME_RU": null, "RAILWAY": null, "HIGHWAY": "bus_stop", "REF": null, "NETWORK": null, "PUBLIC_TRA": "platform", "OSM_TYPE": "node", "OSM_ID": 11195566812 }, "geometry": { "type": "Point", "coordinates": [ 39.0525757, 45.0610306 ] } },
{ "type": "Feature", "properties": { "NAME": null, "NAME_EN": null, "NAME_RU": null, "RAILWAY": null, "HIGHWAY": "bus_stop", "REF": null, "NETWORK": null, "PUBLIC_TRA": "platform", "OSM_TYPE": "node", "OSM_ID": 11195566817 }, "geometry": { "type": "Point", "coordinates": [ 39.0563014, 45.0610681 ] } },
{ "type": "Feature", "properties": { "NAME": null, "NAME_EN": null, "NAME_RU": null, "RAILWAY": null, "HIGHWAY": "bus_stop", "REF": null, "NETWORK": null, "PUBLIC_TRA": "platform", "OSM_TYPE": "node", "OSM_ID": 11195566832 }, "geometry": { "type": "Point", "coordinates": [ 39.0627046, 45.0642033 ] } },
{ "type": "Feature", "properties": { "NAME": null, "NAME_EN": null, "NAME_RU": null, "RAILWAY": null, "HIGHWAY": "bus_stop", "REF": null, "NETWORK": null, "PUBLIC_TRA": "platform", "OSM_TYPE": "node", "OSM_ID": 11195566833 }, "geometry": { "type": "Point", "coordinates": [ 39.0619691, 45.0639922 ] } },
{ "type": "Feature", "properties": { "NAME": null, "NAME_EN": null, "NAME_RU": null, "RAILWAY": null, "HIGHWAY": "bus_stop", "REF": null, "NETWORK": null, "PUBLIC_TRA": "platform", "OSM_TYPE": "node", "OSM_ID": 11476844146 }, "geometry": { "type": "Point", "coordinates": [ 39.0348794, 45.0579977 ] } },
{ "type": "Feature", "properties": { "NAME": "ЖК «Дыхание»", "NAME_EN": null, "NAME_RU": null, "RAILWAY": null, "HIGHWAY": "bus_stop", "REF": null, "NETWORK": null, "PUBLIC_TRA": "platform", "OSM_TYPE": "node", "OSM_ID": 11586700166 }, "geometry": { "type": "Point", "coordinates": [ 39.0590331, 45.098274 ] } },
{ "type": "Feature", "properties": { "NAME": "Московская улица", "NAME_EN": null, "NAME_RU": null, "RAILWAY": "tram_stop", "HIGHWAY": null, "REF": null, "NETWORK": null, "PUBLIC_TRA": "stop_position", "OSM_TYPE": "node", "OSM_ID": 11660092900 }, "geometry": { "type": "Point", "coordinates": [ 39.0029204, 45.0522219 ] } },
{ "type": "Feature", "properties": { "NAME": null, "NAME_EN": null, "NAME_RU": null, "RAILWAY": null, "HIGHWAY": "bus_stop", "REF": null, "NETWORK": null, "PUBLIC_TRA": "platform", "OSM_TYPE": "node", "OSM_ID": 12058783861 }, "geometry": { "type": "Point", "coordinates": [ 38.946103, 45.0589741 ] } },
{ "type": "Feature", "properties": { "NAME": null, "NAME_EN": null, "NAME_RU": null, "RAILWAY": null, "HIGHWAY": "bus_stop", "REF": null, "NETWORK": null, "PUBLIC_TRA": "platform", "OSM_TYPE": "node", "OSM_ID": 12504424657 }, "geometry": { "type": "Point", "coordinates": [ 39.0578327, 45.0613765 ] } }
]
}
