{
"type": "FeatureCollection",
"name": "gwr_results_amenity_shop_office",
"crs": { "type": "name", "properties": { "name": "urn:ogc:def:crs:EPSG::3857" } },
"features": [
{ "type": "Feature", "properties": { "ID": 314626, "Address": "Ореховая улица, 621", "lat": 45.134188, "long": 39.019627, "population_x": 12000.0, "type": "pvz", "hex_id": 56, "poi_amenity": 0, "poi_shop": 0, "poi_office": 0, "poi_leisure": 0, "poi_tourism": 0, "population_y": 12000.0, "car_traffic": 23000.0, "foot_traffic": 13000.0, "poi_transport": 0, "attractiveness": 0.05, "coef_amenity": 13572.628732384928, "coef_shop": -1592.1298745687484, "coef_office": 981.5510778171265 }, "geometry": { "type": "Point", "coordinates": [ 4343645.008583468385041, 5642671.436305220238864 ] } },
{ "type": "Feature", "properties": { "ID": 168523, "Address": "Рябиновая улица, 241/1", "lat": 45.134881, "long": 39.015827, "population_x": 12000.0, "type": "pvz", "hex_id": 56, "poi_amenity": 0, "poi_shop": 0, "poi_office": 0, "poi_leisure": 0, "poi_tourism": 0, "population_y": 12000.0, "car_traffic": 23000.0, "foot_traffic": 13000.0, "poi_transport": 0, "attractiveness": 0.05, "coef_amenity": 13452.1578605091, "coef_shop": -1536.4290807651851, "coef_office": 698.04966492289998 }, "geometry": { "type": "Point", "coordinates": [ 4343221.994518455117941, 5642780.792048195376992 ] } },
{ "type": "Feature", "properties": { "ID": 307362, "Address": "Ростовское шоссе, 52/2\n", "lat": 45.125979, "long": 39.010132, "population_x": 10000.0, "type": "pvz", "hex_id": 55, "poi_amenity": 1, "poi_shop": 2, "poi_office": 0, "poi_leisure": 0, "poi_tourism": 1, "population_y": 10000.0, "car_traffic": 22000.0, "foot_traffic": 15000.0, "poi_transport": 3, "attractiveness": 1.2, "coef_amenity": 15728.412071696679, "coef_shop": -3668.423157540542, "coef_office": 3514.0045833936861 }, "geometry": { "type": "Point", "coordinates": [ 4342588.030018386431038, 5641376.153132449835539 ] } },
{ "type": "Feature", "properties": { "ID": 50019822, "Address": "бульвар Строителей, 130", "lat": 45.122557, "long": 39.014507, "population_x": 10000.0, "type": "pvz", "hex_id": 55, "poi_amenity": 0, "poi_shop": 0, "poi_office": 0, "poi_leisure": 0, "poi_tourism": 0, "population_y": 10000.0, "car_traffic": 22000.0, "foot_traffic": 15000.0, "poi_transport": 0, "attractiveness": 0.05, "coef_amenity": 16970.489166708907, "coef_shop": -2691.8595410611488, "coef_office": 2877.5144503067913 }, "geometry": { "type": "Point", "coordinates": [ 4343075.052790607325733, 5640836.257026197388768 ] } },
{ "type": "Feature", "properties": { "ID": 162912, "Address": "Пригородная улица, 307", "lat": 45.120573, "long": 39.008829, "population_x": 10000.0, "type": "pvz", "hex_id": 55, "poi_amenity": 0, "poi_shop": 1, "poi_office": 0, "poi_leisure": 0, "poi_tourism": 0, "population_y": 10000.0, "car_traffic": 22000.0, "foot_traffic": 15000.0, "poi_transport": 1, "attractiveness": 0.35, "coef_amenity": 18592.889167665366, "coef_shop": -2594.6906283634103, "coef_office": 2929.783845114443 }, "geometry": { "type": "Point", "coordinates": [ 4342442.980721882544458, 5640523.252021700143814 ] } },
{ "type": "Feature", "properties": { "ID": 212451, "Address": "улица Силантьева, 76\n", "lat": 45.116172, "long": 38.997789, "population_x": 38000.0, "type": "pvz", "hex_id": 46, "poi_amenity": 2, "poi_shop": 4, "poi_office": 0, "poi_leisure": 0, "poi_tourism": 0, "population_y": 38000.0, "car_traffic": 38000.0, "foot_traffic": 37000.0, "poi_transport": 2, "attractiveness": 1.9, "coef_amenity": 25719.011202129957, "coef_shop": -1184.825108913212, "coef_office": 542.44728085326403 }, "geometry": { "type": "Point", "coordinates": [ 4341214.013543524779379, 5639828.968780823051929 ] } },
{ "type": "Feature", "properties": { "ID": 162433, "Address": "улица имени М.Е. Соколова, 86к1", "lat": 45.114849, "long": 38.986228, "population_x": 26000.0, "type": "pvz", "hex_id": 39, "poi_amenity": 1, "poi_shop": 5, "poi_office": 1, "poi_leisure": 0, "poi_tourism": 1, "population_y": 26000.0, "car_traffic": 26000.0, "foot_traffic": 21000.0, "poi_transport": 3, "attractiveness": 2.15, "coef_amenity": 23066.369156579622, "coef_shop": -609.39938639200284, "coef_office": 127.27093507051079 }, "geometry": { "type": "Point", "coordinates": [ 4339927.048910464160144, 5639620.268335829488933 ] } },
{ "type": "Feature", "properties": { "ID": 317624, "Address": "улица имени Дзержинского, 110Ак1", "lat": 45.117539, "long": 38.986928, "population_x": 7000.0, "type": "pvz", "hex_id": 47, "poi_amenity": 1, "poi_shop": 1, "poi_office": 0, "poi_leisure": 0, "poi_tourism": 0, "population_y": 7000.0, "car_traffic": 26000.0, "foot_traffic": 15000.0, "poi_transport": 0, "attractiveness": 0.6, "coef_amenity": 20337.921720403901, "coef_shop": -578.78706843865712, "coef_office": 185.88063422909352 }, "geometry": { "type": "Point", "coordinates": [ 4340004.972554019652307, 5640044.615215272642672 ] } },
{ "type": "Feature", "properties": { "ID": 50035892, "Address": "жилой комплекс Архитектор", "lat": 45.116522, "long": 38.973148, "population_x": 26000.0, "type": "pvz", "hex_id": 39, "poi_amenity": 0, "poi_shop": 1, "poi_office": 0, "poi_leisure": 0, "poi_tourism": 0, "population_y": 26000.0, "car_traffic": 26000.0, "foot_traffic": 21000.0, "poi_transport": 0, "attractiveness": 0.25, "coef_amenity": 17147.685652957964, "coef_shop": -384.97098048008274, "coef_office": 120.07657499161722 }, "geometry": { "type": "Point", "coordinates": [ 4338470.98997088894248, 5639884.181348103098571 ] } },
{ "type": "Feature", "properties": { "ID": 326073, "Address": "Пригородная улица, 161", "lat": 45.123969, "long": 38.979014, "population_x": 7000.0, "type": "pvz", "hex_id": 47, "poi_amenity": 0, "poi_shop": 1, "poi_office": 0, "poi_leisure": 0, "poi_tourism": 0, "population_y": 7000.0, "car_traffic": 26000.0, "foot_traffic": 15000.0, "poi_transport": 0, "attractiveness": 0.25, "coef_amenity": 13047.726851845746, "coef_shop": -1778.5996258787961, "coef_office": 1314.9854846252506 }, "geometry": { "type": "Point", "coordinates": [ 4339123.990103881806135, 5641059.027298616245389 ] } },
{ "type": "Feature", "properties": { "ID": 310391, "Address": "Гороховецкая улица, 1", "lat": 45.123689, "long": 38.976804, "population_x": 7000.0, "type": "pvz", "hex_id": 47, "poi_amenity": 0, "poi_shop": 1, "poi_office": 0, "poi_leisure": 0, "poi_tourism": 0, "population_y": 7000.0, "car_traffic": 26000.0, "foot_traffic": 15000.0, "poi_transport": 0, "attractiveness": 0.25, "coef_amenity": 13077.150441036583, "coef_shop": -1504.4849391702667, "coef_office": 999.74810772617911 }, "geometry": { "type": "Point", "coordinates": [ 4338877.974029229022563, 5641014.851452212780714 ] } },
{ "type": "Feature", "properties": { "ID": 310169, "Address": "3-й Звенигородский проезд, 79", "lat": 45.124541, "long": 38.969276, "population_x": 5000.0, "type": "pvz", "hex_id": 40, "poi_amenity": 3, "poi_shop": 2, "poi_office": 0, "poi_leisure": 0, "poi_tourism": 0, "population_y": 5000.0, "car_traffic": 4600.0, "foot_traffic": 7000.0, "poi_transport": 0, "attractiveness": 1.55, "coef_amenity": 12149.767414222981, "coef_shop": -497.95806953848859, "coef_office": 314.85105040350481 }, "geometry": { "type": "Point", "coordinates": [ 4338039.960902536287904, 5641149.272915878333151 ] } },
{ "type": "Feature", "properties": { "ID": 162837, "Address": "улица Изосимова, 10", "lat": 45.126983, "long": 38.970462, "population_x": 5000.0, "type": "pvz", "hex_id": 40, "poi_amenity": 0, "poi_shop": 0, "poi_office": 0, "poi_leisure": 0, "poi_tourism": 0, "population_y": 5000.0, "car_traffic": 4600.0, "foot_traffic": 7000.0, "poi_transport": 0, "attractiveness": 0.05, "coef_amenity": 11298.985666785982, "coef_shop": -973.09619547395528, "coef_office": 671.66662536963656 }, "geometry": { "type": "Point", "coordinates": [ 4338171.985818617977202, 5641534.562460072338581 ] } },
{ "type": "Feature", "properties": { "ID": 137621, "Address": "3-й Звенигородский проезд, 41", "lat": 45.125018, "long": 38.965189, "population_x": 5000.0, "type": "pvz", "hex_id": 40, "poi_amenity": 1, "poi_shop": 2, "poi_office": 0, "poi_leisure": 0, "poi_tourism": 0, "population_y": 5000.0, "car_traffic": 4600.0, "foot_traffic": 7000.0, "poi_transport": 0, "attractiveness": 0.85, "coef_amenity": 11501.112173497391, "coef_shop": -1.2966656258471301, "coef_office": 125.72276609221504 }, "geometry": { "type": "Point", "coordinates": [ 4337584.998143664561212, 5641224.53087954223156 ] } },
{ "type": "Feature", "properties": { "ID": 50017284, "Address": "Звенигородская улица, 1А", "lat": 45.126138, "long": 38.955182, "population_x": 5000.0, "type": "pvz", "hex_id": 40, "poi_amenity": 2, "poi_shop": 2, "poi_office": 0, "poi_leisure": 0, "poi_tourism": 0, "population_y": 5000.0, "car_traffic": 4600.0, "foot_traffic": 7000.0, "poi_transport": 0, "attractiveness": 1.2, "coef_amenity": 9424.8143433576552, "coef_shop": 726.1859309310239, "coef_office": 103.96623722495235 }, "geometry": { "type": "Point", "coordinates": [ 4336471.02399929612875, 5641401.239682789891958 ] } },
{ "type": "Feature", "properties": { "ID": 165263, "Address": "Пригородная улица, 11", "lat": 45.127104, "long": 38.951714, "population_x": 5000.0, "type": "pvz", "hex_id": 40, "poi_amenity": 0, "poi_shop": 3, "poi_office": 0, "poi_leisure": 0, "poi_tourism": 0, "population_y": 5000.0, "car_traffic": 4600.0, "foot_traffic": 7000.0, "poi_transport": 0, "attractiveness": 0.75, "coef_amenity": 8752.6134947540122, "coef_shop": 794.11092776694181, "coef_office": 241.36452298056824 }, "geometry": { "type": "Point", "coordinates": [ 4336084.968005225993693, 5641553.653812318108976 ] } },
{ "type": "Feature", "properties": { "ID": 156999, "Address": "Ягодная улица, 487\n", "lat": 45.131861, "long": 38.960284, "population_x": 5000.0, "type": "pvz", "hex_id": 40, "poi_amenity": 0, "poi_shop": 1, "poi_office": 0, "poi_leisure": 0, "poi_tourism": 0, "population_y": 5000.0, "car_traffic": 4600.0, "foot_traffic": 7000.0, "poi_transport": 0, "attractiveness": 0.25, "coef_amenity": 8709.3562026379732, "coef_shop": -373.71567388608867, "coef_office": 570.7368359215294 }, "geometry": { "type": "Point", "coordinates": [ 4337038.976041323505342, 5642304.244276060722768 ] } },
{ "type": "Feature", "properties": { "ID": 156977, "Address": "Лимонная улица, 193", "lat": 45.130347, "long": 38.973597, "population_x": 5000.0, "type": "pvz", "hex_id": 40, "poi_amenity": 3, "poi_shop": 2, "poi_office": 0, "poi_leisure": 0, "poi_tourism": 0, "population_y": 5000.0, "car_traffic": 4600.0, "foot_traffic": 7000.0, "poi_transport": 1, "attractiveness": 1.65, "coef_amenity": 10211.777704587106, "coef_shop": -1702.9002149131516, "coef_office": 1100.0956593929091 }, "geometry": { "type": "Point", "coordinates": [ 4338520.972422254271805, 5642065.348697162233293 ] } },
{ "type": "Feature", "properties": { "ID": 308179, "Address": "улица Садовое Кольцо, 3", "lat": 45.132071, "long": 38.974765, "population_x": 5000.0, "type": "pvz", "hex_id": 40, "poi_amenity": 0, "poi_shop": 1, "poi_office": 0, "poi_leisure": 0, "poi_tourism": 0, "population_y": 5000.0, "car_traffic": 4600.0, "foot_traffic": 7000.0, "poi_transport": 1, "attractiveness": 0.35, "coef_amenity": 10061.681779863731, "coef_shop": -1546.0555798409812, "coef_office": 992.41747161915305 }, "geometry": { "type": "Point", "coordinates": [ 4338650.993587500415742, 5642337.380887559615076 ] } },
{ "type": "Feature", "properties": { "ID": 214131, "Address": "3-я Трудовая улица, 1/3", "lat": 45.13043, "long": 38.978754, "population_x": 7000.0, "type": "pvz", "hex_id": 47, "poi_amenity": 0, "poi_shop": 1, "poi_office": 0, "poi_leisure": 0, "poi_tourism": 0, "population_y": 7000.0, "car_traffic": 26000.0, "foot_traffic": 15000.0, "poi_transport": 0, "attractiveness": 0.25, "coef_amenity": 10761.037256041454, "coef_shop": -1727.9639098666576, "coef_office": 1169.1026590740632 }, "geometry": { "type": "Point", "coordinates": [ 4339095.047036275267601, 5642078.445186134427786 ] } },
{ "type": "Feature", "properties": { "ID": 319050, "Address": "улица Садовое Кольцо, 9/1", "lat": 45.132795, "long": 38.978358, "population_x": 7000.0, "type": "pvz", "hex_id": 47, "poi_amenity": 0, "poi_shop": 0, "poi_office": 1, "poi_leisure": 0, "poi_tourism": 0, "population_y": 7000.0, "car_traffic": 26000.0, "foot_traffic": 15000.0, "poi_transport": 0, "attractiveness": 0.2, "coef_amenity": 10269.154372720264, "coef_shop": -1513.5634151739428, "coef_office": 964.33997997940321 }, "geometry": { "type": "Point", "coordinates": [ 4339050.964517921209335, 5642451.624236001633108 ] } },
{ "type": "Feature", "properties": { "ID": 50034918, "Address": "Апрельская улица, 5", "lat": 45.13366, "long": 38.985482, "population_x": 7000.0, "type": "pvz", "hex_id": 47, "poi_amenity": 1, "poi_shop": 4, "poi_office": 0, "poi_leisure": 0, "poi_tourism": 0, "population_y": 7000.0, "car_traffic": 26000.0, "foot_traffic": 15000.0, "poi_transport": 0, "attractiveness": 1.35, "coef_amenity": 10985.997419312813, "coef_shop": -1442.1582002059397, "coef_office": 816.3609360410511 }, "geometry": { "type": "Point", "coordinates": [ 4339844.004570332355797, 5642588.118535850197077 ] } },
{ "type": "Feature", "properties": { "ID": 164023, "Address": "3-я Трудовая улица, 1", "lat": 45.129215, "long": 38.986892, "population_x": 7000.0, "type": "pvz", "hex_id": 47, "poi_amenity": 1, "poi_shop": 1, "poi_office": 0, "poi_leisure": 0, "poi_tourism": 0, "population_y": 7000.0, "car_traffic": 26000.0, "foot_traffic": 15000.0, "poi_transport": 3, "attractiveness": 0.9, "coef_amenity": 12134.696350989307, "coef_shop": -1909.153808484155, "coef_office": 1326.9889848639409 }, "geometry": { "type": "Point", "coordinates": [ 4340000.96505235042423, 5641886.733424731530249 ] } },
{ "type": "Feature", "properties": { "ID": 103929, "Address": "3-я Трудовая улица, 43", "lat": 45.128433, "long": 38.993728, "population_x": 7000.0, "type": "pvz", "hex_id": 47, "poi_amenity": 0, "poi_shop": 1, "poi_office": 0, "poi_leisure": 0, "poi_tourism": 0, "population_y": 7000.0, "car_traffic": 26000.0, "foot_traffic": 15000.0, "poi_transport": 1, "attractiveness": 0.35, "coef_amenity": 13485.591663466375, "coef_shop": -2099.3419396032627, "coef_office": 1438.1496462239372 }, "geometry": { "type": "Point", "coordinates": [ 4340761.945091413334012, 5641763.345792660489678 ] } },
{ "type": "Feature", "properties": { "ID": 50007090, "Address": "1-я Первомайская улица, 23", "lat": 45.127327, "long": 39.002173, "population_x": 7000.0, "type": "pvz", "hex_id": 47, "poi_amenity": 0, "poi_shop": 0, "poi_office": 0, "poi_leisure": 0, "poi_tourism": 0, "population_y": 7000.0, "car_traffic": 26000.0, "foot_traffic": 15000.0, "poi_transport": 0, "attractiveness": 0.05, "coef_amenity": 15086.79935108248, "coef_shop": -2680.4970889741585, "coef_office": 2127.2518163668828 }, "geometry": { "type": "Point", "coordinates": [ 4341702.038191162981093, 5641588.838807259686291 ] } },
{ "type": "Feature", "properties": { "ID": 326835, "Address": "Магистральная улица, 15А", "lat": 45.136006, "long": 39.002613, "population_x": 12000.0, "type": "pvz", "hex_id": 56, "poi_amenity": 0, "poi_shop": 0, "poi_office": 0, "poi_leisure": 0, "poi_tourism": 0, "population_y": 12000.0, "car_traffic": 23000.0, "foot_traffic": 13000.0, "poi_transport": 0, "attractiveness": 0.05, "coef_amenity": 12185.37738092532, "coef_shop": -1328.5396349477808, "coef_office": 531.63006778359693 }, "geometry": { "type": "Point", "coordinates": [ 4341751.018767111934721, 5642958.320434756577015 ] } },
{ "type": "Feature", "properties": { "ID": 123078, "Address": "9-я Тихая улица, 11/1", "lat": 45.137793, "long": 38.998283, "population_x": 7000.0, "type": "pvz", "hex_id": 47, "poi_amenity": 5, "poi_shop": 8, "poi_office": 0, "poi_leisure": 0, "poi_tourism": 0, "population_y": 7000.0, "car_traffic": 26000.0, "foot_traffic": 15000.0, "poi_transport": 3, "attractiveness": 4.05, "coef_amenity": 11678.71087396487, "coef_shop": -1277.855265035585, "coef_office": 519.97585398493868 }, "geometry": { "type": "Point", "coordinates": [ 4341269.005371977575123, 5643240.321614405140281 ] } },
{ "type": "Feature", "properties": { "ID": 50006425, "Address": "5-я Дорожная улица, 47", "lat": 45.137043, "long": 38.993971, "population_x": 7000.0, "type": "pvz", "hex_id": 47, "poi_amenity": 2, "poi_shop": 1, "poi_office": 1, "poi_leisure": 0, "poi_tourism": 0, "population_y": 7000.0, "car_traffic": 26000.0, "foot_traffic": 15000.0, "poi_transport": 0, "attractiveness": 1.15, "coef_amenity": 11328.369322020881, "coef_shop": -1230.5381852197447, "coef_office": 523.19109303529262 }, "geometry": { "type": "Point", "coordinates": [ 4340788.995727676898241, 5643121.965258561074734 ] } },
{ "type": "Feature", "properties": { "ID": 324782, "Address": "Дубравная улица, 1", "lat": 45.139732, "long": 38.986677, "population_x": 9000.0, "type": "pvz", "hex_id": 48, "poi_amenity": 0, "poi_shop": 0, "poi_office": 0, "poi_leisure": 0, "poi_tourism": 0, "population_y": 9000.0, "car_traffic": 2200.0, "foot_traffic": 5000.0, "poi_transport": 0, "attractiveness": 0.05, "coef_amenity": 10168.123103933485, "coef_shop": -1046.4466699797965, "coef_office": 492.23510246127483 }, "geometry": { "type": "Point", "coordinates": [ 4339977.031361830420792, 5643546.319461558945477 ] } },
{ "type": "Feature", "properties": { "ID": 137365, "Address": "Душистая улица, 24", "lat": 45.1415, "long": 38.988994, "population_x": 9000.0, "type": "pvz", "hex_id": 48, "poi_amenity": 2, "poi_shop": 2, "poi_office": 0, "poi_leisure": 0, "poi_tourism": 0, "population_y": 9000.0, "car_traffic": 2200.0, "foot_traffic": 5000.0, "poi_transport": 0, "attractiveness": 1.2, "coef_amenity": 10336.717758259669, "coef_shop": -1010.6143693872157, "coef_office": 419.03376031969657 }, "geometry": { "type": "Point", "coordinates": [ 4340234.95862199831754, 5643825.340493484400213 ] } },
{ "type": "Feature", "properties": { "ID": 142978, "Address": "Душистая улица, 23", "lat": 45.142345, "long": 38.985931, "population_x": 9000.0, "type": "pvz", "hex_id": 48, "poi_amenity": 0, "poi_shop": 1, "poi_office": 0, "poi_leisure": 0, "poi_tourism": 0, "population_y": 9000.0, "car_traffic": 2200.0, "foot_traffic": 5000.0, "poi_transport": 0, "attractiveness": 0.25, "coef_amenity": 10005.672520166114, "coef_shop": -977.52603040944007, "coef_office": 436.28073159277693 }, "geometry": { "type": "Point", "coordinates": [ 4339893.987021698616445, 5643958.699189667589962 ] } },
{ "type": "Feature", "properties": { "ID": 50015985, "Address": "Душистая улица, 30к2", "lat": 45.141093, "long": 38.990513, "population_x": 9000.0, "type": "pvz", "hex_id": 48, "poi_amenity": 1, "poi_shop": 2, "poi_office": 0, "poi_leisure": 0, "poi_tourism": 0, "population_y": 9000.0, "car_traffic": 2200.0, "foot_traffic": 5000.0, "poi_transport": 0, "attractiveness": 0.85, "coef_amenity": 10508.835628745877, "coef_shop": -1029.2254653010632, "coef_office": 412.22003824285628 }, "geometry": { "type": "Point", "coordinates": [ 4340404.052928512915969, 5643761.108075265772641 ] } },
{ "type": "Feature", "properties": { "ID": 308364, "Address": "Душистая улица, 50", "lat": 45.141099, "long": 38.993998, "population_x": 9000.0, "type": "pvz", "hex_id": 48, "poi_amenity": 5, "poi_shop": 2, "poi_office": 1, "poi_leisure": 0, "poi_tourism": 0, "population_y": 9000.0, "car_traffic": 2200.0, "foot_traffic": 5000.0, "poi_transport": 0, "attractiveness": 2.45, "coef_amenity": 10856.944155150064, "coef_shop": -1056.5735242731828, "coef_office": 384.95634117330951 }, "geometry": { "type": "Point", "coordinates": [ 4340792.001353927887976, 5643762.054987192153931 ] } },
{ "type": "Feature", "properties": { "ID": 137674, "Address": "5-я Дорожная улица, 68к2", "lat": 45.140482, "long": 38.995804, "population_x": 9000.0, "type": "pvz", "hex_id": 48, "poi_amenity": 6, "poi_shop": 2, "poi_office": 0, "poi_leisure": 0, "poi_tourism": 0, "population_y": 9000.0, "car_traffic": 2200.0, "foot_traffic": 5000.0, "poi_transport": 0, "attractiveness": 2.6, "coef_amenity": 11135.434616884288, "coef_shop": -1117.7578582844592, "coef_office": 409.44765078432658 }, "geometry": { "type": "Point", "coordinates": [ 4340993.044354300945997, 5643664.681399194523692 ] } },
{ "type": "Feature", "properties": { "ID": 141025, "Address": "Душистая улица, 60к2", "lat": 45.140635, "long": 38.998121, "population_x": 12000.0, "type": "pvz", "hex_id": 56, "poi_amenity": 2, "poi_shop": 2, "poi_office": 0, "poi_leisure": 0, "poi_tourism": 0, "population_y": 12000.0, "car_traffic": 23000.0, "foot_traffic": 13000.0, "poi_transport": 0, "attractiveness": 1.2, "coef_amenity": 11323.517949677069, "coef_shop": -1141.136726011249, "coef_office": 406.5885624535195 }, "geometry": { "type": "Point", "coordinates": [ 4341250.971614468842745, 5643688.82742568012327 ] } },
{ "type": "Feature", "properties": { "ID": 141910, "Address": "Душистая улица, 79к1", "lat": 45.141932, "long": 38.998651, "population_x": 12000.0, "type": "pvz", "hex_id": 56, "poi_amenity": 3, "poi_shop": 2, "poi_office": 0, "poi_leisure": 0, "poi_tourism": 0, "population_y": 12000.0, "car_traffic": 23000.0, "foot_traffic": 13000.0, "poi_transport": 0, "attractiveness": 1.55, "coef_amenity": 11269.126257352647, "coef_shop": -1117.9317053600782, "coef_office": 383.52274754365254 }, "geometry": { "type": "Point", "coordinates": [ 4341309.970944589003921, 5643893.518893581815064 ] } },
{ "type": "Feature", "properties": { "ID": 307996, "Address": "Душистая улица, 79к2", "lat": 45.141964, "long": 38.99787, "population_x": 12000.0, "type": "pvz", "hex_id": 56, "poi_amenity": 3, "poi_shop": 2, "poi_office": 0, "poi_leisure": 0, "poi_tourism": 0, "population_y": 12000.0, "car_traffic": 23000.0, "foot_traffic": 13000.0, "poi_transport": 0, "attractiveness": 1.55, "coef_amenity": 11213.876546607235, "coef_shop": -1113.0952373661053, "coef_office": 386.13769470757597 }, "geometry": { "type": "Point", "coordinates": [ 4341223.03042227961123, 5643898.569165993481874 ] } },
{ "type": "Feature", "properties": { "ID": 214779, "Address": "Душистая улица, 53", "lat": 45.142968, "long": 38.9946, "population_x": 9000.0, "type": "pvz", "hex_id": 48, "poi_amenity": 4, "poi_shop": 3, "poi_office": 0, "poi_leisure": 0, "poi_tourism": 0, "population_y": 9000.0, "car_traffic": 2200.0, "foot_traffic": 5000.0, "poi_transport": 0, "attractiveness": 2.15, "coef_amenity": 10820.404617955201, "coef_shop": -1029.4400123907437, "coef_office": 352.72024898578059 }, "geometry": { "type": "Point", "coordinates": [ 4340859.015687385573983, 5644057.02290253713727 ] } },
{ "type": "Feature", "properties": { "ID": 331720, "Address": "3-я Целиноградская улица, 10", "lat": 45.144806, "long": 38.995642, "population_x": 9000.0, "type": "pvz", "hex_id": 48, "poi_amenity": 4, "poi_shop": 9, "poi_office": 0, "poi_leisure": 0, "poi_tourism": 0, "population_y": 9000.0, "car_traffic": 2200.0, "foot_traffic": 5000.0, "poi_transport": 0, "attractiveness": 3.65, "coef_amenity": 10831.156519292226, "coef_shop": -1012.822643764294, "coef_office": 326.07044587006686 }, "geometry": { "type": "Point", "coordinates": [ 4340975.010596792213619, 5644347.107790092006326 ] } },
{ "type": "Feature", "properties": { "ID": 127374, "Address": "Целиноградская улица, 4/6", "lat": 45.145969, "long": 38.993288, "population_x": 9000.0, "type": "pvz", "hex_id": 48, "poi_amenity": 1, "poi_shop": 2, "poi_office": 0, "poi_leisure": 0, "poi_tourism": 0, "population_y": 9000.0, "car_traffic": 2200.0, "foot_traffic": 5000.0, "poi_transport": 0, "attractiveness": 0.85, "coef_amenity": 10615.670582174766, "coef_shop": -980.54594168345909, "coef_office": 322.57184109817467 }, "geometry": { "type": "Point", "coordinates": [ 4340712.964515465311706, 5644530.664702100679278 ] } },
{ "type": "Feature", "properties": { "ID": 301416, "Address": "Целиноградская улица, 4/2к3", "lat": 45.146547, "long": 38.995795, "population_x": 9000.0, "type": "pvz", "hex_id": 48, "poi_amenity": 1, "poi_shop": 0, "poi_office": 0, "poi_leisure": 0, "poi_tourism": 0, "population_y": 9000.0, "car_traffic": 2200.0, "foot_traffic": 5000.0, "poi_transport": 0, "attractiveness": 0.35, "coef_amenity": 10784.065779900064, "coef_shop": -994.29330225178671, "coef_office": 308.18085602776171 }, "geometry": { "type": "Point", "coordinates": [ 4340992.042478883638978, 5644621.892144319601357 ] } },
{ "type": "Feature", "properties": { "ID": 310086, "Address": "Ейское шоссе, 1/5", "lat": 45.148849, "long": 38.998813, "population_x": 12000.0, "type": "pvz", "hex_id": 56, "poi_amenity": 0, "poi_shop": 0, "poi_office": 0, "poi_leisure": 0, "poi_tourism": 0, "population_y": 12000.0, "car_traffic": 23000.0, "foot_traffic": 13000.0, "poi_transport": 0, "attractiveness": 0.05, "coef_amenity": 10907.377007527011, "coef_shop": -995.05751186781038, "coef_office": 283.56582870051824 }, "geometry": { "type": "Point", "coordinates": [ 4341328.004702097736299, 5644985.232762413099408 ] } },
{ "type": "Feature", "properties": { "ID": 50027095, "Address": "улица Профессора Рудакова, 1", "lat": 45.149815, "long": 38.998427, "population_x": 9000.0, "type": "pvz", "hex_id": 48, "poi_amenity": 0, "poi_shop": 0, "poi_office": 0, "poi_leisure": 0, "poi_tourism": 0, "population_y": 9000.0, "car_traffic": 2200.0, "foot_traffic": 5000.0, "poi_transport": 0, "attractiveness": 0.05, "coef_amenity": 10857.024152729142, "coef_shop": -984.08260523937236, "coef_office": 277.54026214900097 }, "geometry": { "type": "Point", "coordinates": [ 4341285.035378651693463, 5645137.707609884440899 ] } },
{ "type": "Feature", "properties": { "ID": 312340, "Address": "улица Мира, 38/1", "lat": 45.150253, "long": 39.016016, "population_x": 12000.0, "type": "pvz", "hex_id": 56, "poi_amenity": 0, "poi_shop": 0, "poi_office": 0, "poi_leisure": 0, "poi_tourism": 0, "population_y": 12000.0, "car_traffic": 23000.0, "foot_traffic": 13000.0, "poi_transport": 0, "attractiveness": 0.05, "coef_amenity": 11554.332064512942, "coef_shop": -990.39577455231074, "coef_office": 181.95491558192521 }, "geometry": { "type": "Point", "coordinates": [ 4343243.033902213908732, 5645206.843019547872245 ] } },
{ "type": "Feature", "properties": { "ID": 319966, "Address": "улица Мира, 37В", "lat": 45.150571, "long": 39.013024, "population_x": 12000.0, "type": "pvz", "hex_id": 56, "poi_amenity": 0, "poi_shop": 0, "poi_office": 0, "poi_leisure": 0, "poi_tourism": 0, "population_y": 12000.0, "car_traffic": 23000.0, "foot_traffic": 13000.0, "poi_transport": 0, "attractiveness": 0.05, "coef_amenity": 11426.532377123393, "coef_shop": -981.1057765248745, "coef_office": 186.3292867697576 }, "geometry": { "type": "Point", "coordinates": [ 4342909.965985761024058, 5645257.037553972564638 ] } },
{ "type": "Feature", "properties": { "ID": 203076, "Address": "улица Мира, 17", "lat": 45.150571, "long": 39.00697, "population_x": 12000.0, "type": "pvz", "hex_id": 56, "poi_amenity": 0, "poi_shop": 0, "poi_office": 0, "poi_leisure": 0, "poi_tourism": 0, "population_y": 12000.0, "car_traffic": 23000.0, "foot_traffic": 13000.0, "poi_transport": 0, "attractiveness": 0.05, "coef_amenity": 11210.249667878919, "coef_shop": -995.62637244453424, "coef_office": 232.81351708317058 }, "geometry": { "type": "Point", "coordinates": [ 4342236.037788498215377, 5645257.037553972564638 ] } },
{ "type": "Feature", "properties": { "ID": 50001712, "Address": "улица имени Профессора Малигонова, 38А", "lat": 45.152637, "long": 38.973139, "population_x": 9000.0, "type": "pvz", "hex_id": 48, "poi_amenity": 0, "poi_shop": 0, "poi_office": 0, "poi_leisure": 0, "poi_tourism": 0, "population_y": 9000.0, "car_traffic": 2200.0, "foot_traffic": 5000.0, "poi_transport": 0, "attractiveness": 0.05, "coef_amenity": 8833.6933503795753, "coef_shop": -740.13533917900793, "coef_office": 363.89312783916245 }, "geometry": { "type": "Point", "coordinates": [ 4338469.988095471635461, 5645583.151003699749708 ] } },
{ "type": "Feature", "properties": { "ID": 50004460, "Address": "Бисерная улица, 18", "lat": 45.122316, "long": 39.04151, "population_x": 7000.0, "type": "pvz", "hex_id": 62, "poi_amenity": 0, "poi_shop": 0, "poi_office": 0, "poi_leisure": 0, "poi_tourism": 0, "population_y": 7000.0, "car_traffic": 1100.0, "foot_traffic": 3200.0, "poi_transport": 0, "attractiveness": 0.05, "coef_amenity": 10572.528245638692, "coef_shop": -299.3528022469722, "coef_office": 238.69533216835643 }, "geometry": { "type": "Point", "coordinates": [ 4346081.013000498525798, 5640798.235172177664936 ] } },
{ "type": "Feature", "properties": { "ID": 202818, "Address": "улица Академика Королёва, 51", "lat": 45.12063, "long": 39.040531, "population_x": 7000.0, "type": "pvz", "hex_id": 62, "poi_amenity": 0, "poi_shop": 0, "poi_office": 0, "poi_leisure": 0, "poi_tourism": 0, "population_y": 7000.0, "car_traffic": 1100.0, "foot_traffic": 3200.0, "poi_transport": 0, "attractiveness": 0.05, "coef_amenity": 10616.129122505703, "coef_shop": -299.49335198998881, "coef_office": 232.59016743684344 }, "geometry": { "type": "Point", "coordinates": [ 4345972.031219011172652, 5640532.24445313308388 ] } },
{ "type": "Feature", "properties": { "ID": 215368, "Address": "Альпийский проезд, 25", "lat": 45.115434, "long": 39.043495, "population_x": 7000.0, "type": "pvz", "hex_id": 62, "poi_amenity": 0, "poi_shop": 0, "poi_office": 0, "poi_leisure": 0, "poi_tourism": 0, "population_y": 7000.0, "car_traffic": 1100.0, "foot_traffic": 3200.0, "poi_transport": 0, "attractiveness": 0.05, "coef_amenity": 9373.3484008675077, "coef_shop": -213.03316287822466, "coef_office": -77.285059859745331 }, "geometry": { "type": "Point", "coordinates": [ 4346301.98218972235918, 5639712.550248797051609 ] } },
{ "type": "Feature", "properties": { "ID": 50013072, "Address": "улица Ратной Славы, 108", "lat": 45.112966, "long": 39.043262, "population_x": 7000.0, "type": "pvz", "hex_id": 62, "poi_amenity": 0, "poi_shop": 9, "poi_office": 0, "poi_leisure": 0, "poi_tourism": 0, "population_y": 7000.0, "car_traffic": 1100.0, "foot_traffic": 3200.0, "poi_transport": 0, "attractiveness": 2.25, "coef_amenity": 9256.3864128928126, "coef_shop": -197.30459927809028, "coef_office": -165.88827328629631 }, "geometry": { "type": "Point", "coordinates": [ 4346276.044748367741704, 5639323.237421799451113 ] } },
{ "type": "Feature", "properties": { "ID": 144158, "Address": "Измаильская улица, 85", "lat": 45.114136, "long": 39.048912, "population_x": 7000.0, "type": "pvz", "hex_id": 62, "poi_amenity": 18, "poi_shop": 6, "poi_office": 0, "poi_leisure": 3, "poi_tourism": 0, "population_y": 7000.0, "car_traffic": 1100.0, "foot_traffic": 3200.0, "poi_transport": 0, "attractiveness": 7.95, "coef_amenity": 8036.4271273329268, "coef_shop": -166.89004994919543, "coef_office": -83.575309333209162 }, "geometry": { "type": "Point", "coordinates": [ 4346904.99987134989351, 5639507.796103929169476 ] } },
{ "type": "Feature", "properties": { "ID": 349000, "Address": "улица имени В.М. Комарова, 106Бк7", "lat": 45.115968, "long": 39.053179, "population_x": 7000.0, "type": "pvz", "hex_id": 62, "poi_amenity": 26, "poi_shop": 0, "poi_office": 0, "poi_leisure": 0, "poi_tourism": 0, "population_y": 7000.0, "car_traffic": 1100.0, "foot_traffic": 3200.0, "poi_transport": 0, "attractiveness": 9.1, "coef_amenity": 7446.4520315021782, "coef_shop": -151.58248900232704, "coef_office": -38.123508967104215 }, "geometry": { "type": "Point", "coordinates": [ 4347380.000138564966619, 5639796.787897822447121 ] } },
{ "type": "Feature", "properties": { "ID": 308375, "Address": "Чукотская улица, 29", "lat": 45.103659, "long": 39.043423, "population_x": 26000.0, "type": "pvz", "hex_id": 54, "poi_amenity": 0, "poi_shop": 0, "poi_office": 0, "poi_leisure": 0, "poi_tourism": 0, "population_y": 26000.0, "car_traffic": 13000.0, "foot_traffic": 15000.0, "poi_transport": 0, "attractiveness": 0.05, "coef_amenity": 11093.629221037791, "coef_shop": -347.31571442273611, "coef_office": 618.51055827216373 }, "geometry": { "type": "Point", "coordinates": [ 4346293.967186385765672, 5637855.263052977621555 ] } },
{ "type": "Feature", "properties": { "ID": 313489, "Address": "улица Лётчика Позднякова, 2к16", "lat": 45.104315, "long": 39.0605, "population_x": 11000.0, "type": "pvz", "hex_id": 61, "poi_amenity": 0, "poi_shop": 1, "poi_office": 0, "poi_leisure": 0, "poi_tourism": 0, "population_y": 11000.0, "car_traffic": 7500.0, "foot_traffic": 4400.0, "poi_transport": 0, "attractiveness": 0.25, "coef_amenity": 7501.8460818281019, "coef_shop": -273.13267062860666, "coef_office": 1067.0950825236991 }, "geometry": { "type": "Point", "coordinates": [ 4348194.970130662433803, 5637958.724771617911756 ] } },
{ "type": "Feature", "properties": { "ID": 313489, "Address": "улица Лётчика Позднякова, 2к19", "lat": 45.104327, "long": 39.062126, "population_x": 11000.0, "type": "pvz", "hex_id": 61, "poi_amenity": 0, "poi_shop": 1, "poi_office": 0, "poi_leisure": 0, "poi_tourism": 0, "population_y": 11000.0, "car_traffic": 7500.0, "foot_traffic": 4400.0, "poi_transport": 0, "attractiveness": 0.25, "coef_amenity": 7327.8896142994963, "coef_shop": -268.12798812317726, "coef_office": 1087.0355066527477 }, "geometry": { "type": "Point", "coordinates": [ 4348375.975622692145407, 5637960.617375103756785 ] } },
{ "type": "Feature", "properties": { "ID": 313489, "Address": "улица Лётчика Позднякова, 2к22", "lat": 45.101897, "long": 39.061345, "population_x": 11000.0, "type": "pvz", "hex_id": 61, "poi_amenity": 0, "poi_shop": 1, "poi_office": 0, "poi_leisure": 0, "poi_tourism": 0, "population_y": 11000.0, "car_traffic": 7500.0, "foot_traffic": 4400.0, "poi_transport": 0, "attractiveness": 0.25, "coef_amenity": 8069.1939478388931, "coef_shop": -317.80967449781031, "coef_office": 1338.1573941261493 }, "geometry": { "type": "Point", "coordinates": [ 4348289.035100382752717, 5637577.373285156674683 ] } },
{ "type": "Feature", "properties": { "ID": 313489, "Address": "улица Лётчика Позднякова, 2к7", "lat": 45.099613, "long": 39.060024, "population_x": 11000.0, "type": "pvz", "hex_id": 61, "poi_amenity": 1, "poi_shop": 1, "poi_office": 0, "poi_leisure": 0, "poi_tourism": 0, "population_y": 11000.0, "car_traffic": 7500.0, "foot_traffic": 4400.0, "poi_transport": 1, "attractiveness": 0.7, "coef_amenity": 8790.7142671867168, "coef_shop": -367.49253281989024, "coef_office": 1547.535642232308 }, "geometry": { "type": "Point", "coordinates": [ 4348141.982053044252098, 5637217.170254282653332 ] } },
{ "type": "Feature", "properties": { "ID": 143568, "Address": "улица Лётчика Позднякова, 2к2", "lat": 45.09794, "long": 39.060572, "population_x": 11000.0, "type": "pvz", "hex_id": 61, "poi_amenity": 0, "poi_shop": 2, "poi_office": 0, "poi_leisure": 0, "poi_tourism": 0, "population_y": 11000.0, "car_traffic": 7500.0, "foot_traffic": 4400.0, "poi_transport": 2, "attractiveness": 0.7, "coef_amenity": 8917.8125872377732, "coef_shop": -401.36634249269719, "coef_office": 1753.8932298425025 }, "geometry": { "type": "Point", "coordinates": [ 4348202.985134, 5636953.335407917387784 ] } },
{ "type": "Feature", "properties": { "ID": 305044, "Address": "улица Шевцова, 36/1", "lat": 45.095038, "long": 39.048858, "population_x": 11000.0, "type": "pvz", "hex_id": 61, "poi_amenity": 0, "poi_shop": 2, "poi_office": 0, "poi_leisure": 0, "poi_tourism": 0, "population_y": 11000.0, "car_traffic": 7500.0, "foot_traffic": 4400.0, "poi_transport": 1, "attractiveness": 0.6, "coef_amenity": 15464.566868077944, "coef_shop": -310.22517601197802, "coef_office": 960.34105083350448 }, "geometry": { "type": "Point", "coordinates": [ 4346898.988618846982718, 5636495.703577372245491 ] } },
{ "type": "Feature", "properties": { "ID": 162151, "Address": "улица Краеведа Соловьёва, 6к1", "lat": 45.092474, "long": 39.045292, "population_x": 45000.0, "type": "pvz", "hex_id": 53, "poi_amenity": 0, "poi_shop": 7, "poi_office": 0, "poi_leisure": 0, "poi_tourism": 0, "population_y": 45000.0, "car_traffic": 14000.0, "foot_traffic": 25000.0, "poi_transport": 0, "attractiveness": 1.75, "coef_amenity": 20378.126788830621, "coef_shop": -405.77437150383162, "coef_office": 171.44950819820261 }, "geometry": { "type": "Point", "coordinates": [ 4346502.023314679041505, 5636091.392116601578891 ] } },
{ "type": "Feature", "properties": { "ID": 306178, "Address": "улица Краеведа Соловьёва, 6к6", "lat": 45.091335, "long": 39.046522, "population_x": 45000.0, "type": "pvz", "hex_id": 53, "poi_amenity": 1, "poi_shop": 7, "poi_office": 0, "poi_leisure": 0, "poi_tourism": 0, "population_y": 45000.0, "car_traffic": 14000.0, "foot_traffic": 25000.0, "poi_transport": 0, "attractiveness": 2.1, "coef_amenity": 20871.001925839042, "coef_shop": -405.28345581972627, "coef_office": 97.531400807278985 }, "geometry": { "type": "Point", "coordinates": [ 4346638.946288353763521, 5635911.79156107455492 ] } },
{ "type": "Feature", "properties": { "ID": 363859, "Address": "улица Шевцова, 8", "lat": 45.090094, "long": 39.048086, "population_x": 45000.0, "type": "pvz", "hex_id": 53, "poi_amenity": 0, "poi_shop": 2, "poi_office": 0, "poi_leisure": 0, "poi_tourism": 0, "population_y": 45000.0, "car_traffic": 14000.0, "foot_traffic": 25000.0, "poi_transport": 0, "attractiveness": 0.5, "coef_amenity": 21469.082190417619, "coef_shop": -425.46612138377293, "coef_office": 25.769268745565331 }, "geometry": { "type": "Point", "coordinates": [ 4346813.049971953965724, 5635716.111450889147818 ] } },
{ "type": "Feature", "properties": { "ID": 160805, "Address": "улица Краеведа Соловьёва, 2к1", "lat": 45.088815, "long": 39.045292, "population_x": 45000.0, "type": "pvz", "hex_id": 53, "poi_amenity": 0, "poi_shop": 4, "poi_office": 0, "poi_leisure": 1, "poi_tourism": 0, "population_y": 45000.0, "car_traffic": 14000.0, "foot_traffic": 25000.0, "poi_transport": 1, "attractiveness": 1.15, "coef_amenity": 23168.43806796525, "coef_shop": -406.79915593534247, "coef_office": -241.36208896757299 }, "geometry": { "type": "Point", "coordinates": [ 4346502.023314679041505, 5635514.44397318828851 ] } },
{ "type": "Feature", "properties": { "ID": 217229, "Address": "посёлок Краснодарский, 66к2", "lat": 45.087339, "long": 39.046648, "population_x": 45000.0, "type": "pvz", "hex_id": 53, "poi_amenity": 0, "poi_shop": 1, "poi_office": 0, "poi_leisure": 0, "poi_tourism": 0, "population_y": 45000.0, "car_traffic": 14000.0, "foot_traffic": 25000.0, "poi_transport": 0, "attractiveness": 0.25, "coef_amenity": 23788.676554360529, "coef_shop": -338.19046355285889, "coef_office": -308.50989649684135 }, "geometry": { "type": "Point", "coordinates": [ 4346652.972544193267822, 5635281.719955498352647 ] } },
{ "type": "Feature", "properties": { "ID": 317394, "Address": "улица им. Сорока А.М., 4/1", "lat": 45.088618, "long": 39.050861, "population_x": 45000.0, "type": "pvz", "hex_id": 53, "poi_amenity": 0, "poi_shop": 0, "poi_office": 0, "poi_leisure": 0, "poi_tourism": 0, "population_y": 45000.0, "car_traffic": 14000.0, "foot_traffic": 25000.0, "poi_transport": 0, "attractiveness": 0.05, "coef_amenity": 21971.730141320979, "coef_shop": -410.13924358773033, "coef_office": -27.677802236214745 }, "geometry": { "type": "Point", "coordinates": [ 4347121.961558905430138, 5635483.382221985608339 ] } },
{ "type": "Feature", "properties": { "ID": 50027102, "Address": "посёлок Краснодарский, 63", "lat": 45.085003, "long": 39.044888, "population_x": 45000.0, "type": "pvz", "hex_id": 53, "poi_amenity": 0, "poi_shop": 0, "poi_office": 0, "poi_leisure": 0, "poi_tourism": 0, "population_y": 45000.0, "car_traffic": 14000.0, "foot_traffic": 25000.0, "poi_transport": 0, "attractiveness": 0.05, "coef_amenity": 24846.503531913033, "coef_shop": -179.91574314683243, "coef_office": -394.00900486016923 }, "geometry": { "type": "Point", "coordinates": [ 4346457.050240398384631, 5634913.410222582519054 ] } },
{ "type": "Feature", "properties": { "ID": 50009353, "Address": "микрорайон Любимово, 10", "lat": 45.081643, "long": 39.03568, "population_x": 45000.0, "type": "pvz", "hex_id": 53, "poi_amenity": 0, "poi_shop": 0, "poi_office": 0, "poi_leisure": 0, "poi_tourism": 0, "population_y": 45000.0, "car_traffic": 14000.0, "foot_traffic": 25000.0, "poi_transport": 0, "attractiveness": 0.05, "coef_amenity": 25217.853879585004, "coef_shop": -27.289431214721354, "coef_office": -149.64920013542459 }, "geometry": { "type": "Point", "coordinates": [ 4345432.020369173027575, 5634383.67605787422508 ] } },
{ "type": "Feature", "properties": { "ID": 50017222, "Address": "микрорайон Любимово, 8", "lat": 45.083081, "long": 39.035698, "population_x": 45000.0, "type": "pvz", "hex_id": 53, "poi_amenity": 0, "poi_shop": 2, "poi_office": 0, "poi_leisure": 0, "poi_tourism": 0, "population_y": 45000.0, "car_traffic": 14000.0, "foot_traffic": 25000.0, "poi_transport": 0, "attractiveness": 0.5, "coef_amenity": 25317.014111090921, "coef_shop": -168.26112064471351, "coef_office": -238.32161783227932 }, "geometry": { "type": "Point", "coordinates": [ 4345434.024120006710291, 5634610.385854012332857 ] } },
{ "type": "Feature", "properties": { "ID": 311273, "Address": "микрорайон Любимово, 7", "lat": 45.084087, "long": 39.037629, "population_x": 45000.0, "type": "pvz", "hex_id": 53, "poi_amenity": 0, "poi_shop": 2, "poi_office": 0, "poi_leisure": 0, "poi_tourism": 0, "population_y": 45000.0, "car_traffic": 14000.0, "foot_traffic": 25000.0, "poi_transport": 0, "attractiveness": 0.5, "coef_amenity": 25278.925986570579, "coef_shop": -180.18734142377585, "coef_office": -409.86442660111624 }, "geometry": { "type": "Point", "coordinates": [ 4345648.982056729495525, 5634768.991510009393096 ] } },
{ "type": "Feature", "properties": { "ID": 50007038, "Address": "микрорайон Любимово, 5", "lat": 45.084526, "long": 39.035698, "population_x": 45000.0, "type": "pvz", "hex_id": 53, "poi_amenity": 1, "poi_shop": 2, "poi_office": 0, "poi_leisure": 0, "poi_tourism": 0, "population_y": 45000.0, "car_traffic": 14000.0, "foot_traffic": 25000.0, "poi_transport": 0, "attractiveness": 0.85, "coef_amenity": 25832.770162900088, "coef_shop": -186.93775339234787, "coef_office": -594.343044563337 }, "geometry": { "type": "Point", "coordinates": [ 4345434.024120006710291, 5634838.204992685467005 ] } },
{ "type": "Feature", "properties": { "ID": 50019221, "Address": "микрорайон Любимово, 2", "lat": 45.087574, "long": 39.03798, "population_x": 45000.0, "type": "pvz", "hex_id": 53, "poi_amenity": 1, "poi_shop": 2, "poi_office": 1, "poi_leisure": 0, "poi_tourism": 0, "population_y": 45000.0, "car_traffic": 14000.0, "foot_traffic": 25000.0, "poi_transport": 0, "attractiveness": 1.05, "coef_amenity": 25189.665455855622, "coef_shop": -326.85979489641863, "coef_office": -609.32986132064502 }, "geometry": { "type": "Point", "coordinates": [ 4345688.055197997018695, 5635318.772496187128127 ] } },
{ "type": "Feature", "properties": { "ID": 163597, "Address": "улица Адмирала Крузенштерна, 6", "lat": 45.09173, "long": 39.041833, "population_x": 45000.0, "type": "pvz", "hex_id": 53, "poi_amenity": 1, "poi_shop": 1, "poi_office": 0, "poi_leisure": 0, "poi_tourism": 0, "population_y": 45000.0, "car_traffic": 14000.0, "foot_traffic": 25000.0, "poi_transport": 0, "attractiveness": 0.6, "coef_amenity": 22515.201459265401, "coef_shop": -376.87380968402277, "coef_office": -206.21101679333603 }, "geometry": { "type": "Point", "coordinates": [ 4346116.969196024350822, 5635974.075808091089129 ] } },
{ "type": "Feature", "properties": { "ID": 213012, "Address": "улица Адмирала Крузенштерна, 6/3", "lat": 45.093276, "long": 39.04204, "population_x": 26000.0, "type": "pvz", "hex_id": 54, "poi_amenity": 1, "poi_shop": 5, "poi_office": 1, "poi_leisure": 0, "poi_tourism": 0, "population_y": 26000.0, "car_traffic": 13000.0, "foot_traffic": 15000.0, "poi_transport": 0, "attractiveness": 1.8, "coef_amenity": 21513.310018735865, "coef_shop": -368.81386920479383, "coef_office": -54.071583990118974 }, "geometry": { "type": "Point", "coordinates": [ 4346140.012330618686974, 5636217.855762986466289 ] } },
{ "type": "Feature", "properties": { "ID": 50014330, "Address": "улица Адмирала Крузенштерна, 5/2", "lat": 45.093098, "long": 39.039641, "population_x": 26000.0, "type": "pvz", "hex_id": 54, "poi_amenity": 2, "poi_shop": 3, "poi_office": 0, "poi_leisure": 0, "poi_tourism": 0, "population_y": 26000.0, "car_traffic": 13000.0, "foot_traffic": 15000.0, "poi_transport": 0, "attractiveness": 1.45, "coef_amenity": 22810.526017433651, "coef_shop": -380.58170840960958, "coef_office": -247.36418335748536 }, "geometry": { "type": "Point", "coordinates": [ 4345872.956872206181288, 5636189.787618303671479 ] } },
{ "type": "Feature", "properties": { "ID": 207969, "Address": "улица Адмирала Серебрякова, 3к3", "lat": 45.091666, "long": 39.038536, "population_x": 45000.0, "type": "pvz", "hex_id": 53, "poi_amenity": 1, "poi_shop": 5, "poi_office": 0, "poi_leisure": 0, "poi_tourism": 0, "population_y": 45000.0, "car_traffic": 14000.0, "foot_traffic": 25000.0, "poi_transport": 0, "attractiveness": 1.6, "coef_amenity": 23904.244633654744, "coef_shop": -413.36847078349638, "coef_office": -387.19227117077043 }, "geometry": { "type": "Point", "coordinates": [ 4345749.94883487932384, 5635963.984154014848173 ] } },
{ "type": "Feature", "properties": { "ID": 324796, "Address": "Адмиралтейский бульвар, 3", "lat": 45.09334, "long": 39.036875, "population_x": 26000.0, "type": "pvz", "hex_id": 54, "poi_amenity": 2, "poi_shop": 4, "poi_office": 0, "poi_leisure": 0, "poi_tourism": 0, "population_y": 26000.0, "car_traffic": 13000.0, "foot_traffic": 15000.0, "poi_transport": 0, "attractiveness": 1.7, "coef_amenity": 23742.600082338729, "coef_shop": -569.44408947695797, "coef_office": -140.0725146693795 }, "geometry": { "type": "Point", "coordinates": [ 4345565.047160672023892, 5636227.947701558470726 ] } },
{ "type": "Feature", "properties": { "ID": 305535, "Address": "Адмиралтейский бульвар, 3к2", "lat": 45.093804, "long": 39.037674, "population_x": 26000.0, "type": "pvz", "hex_id": 54, "poi_amenity": 2, "poi_shop": 4, "poi_office": 0, "poi_leisure": 0, "poi_tourism": 0, "population_y": 26000.0, "car_traffic": 13000.0, "foot_traffic": 15000.0, "poi_transport": 0, "attractiveness": 1.7, "coef_amenity": 23285.889948655455, "coef_shop": -512.06443160081767, "coef_office": -134.3592306286846 }, "geometry": { "type": "Point", "coordinates": [ 4345653.991433815099299, 5636301.114594426937401 ] } },
{ "type": "Feature", "properties": { "ID": 312789, "Address": "бульвар Адмирала Пустошкина, 11/1", "lat": 45.095573, "long": 39.037387, "population_x": 26000.0, "type": "pvz", "hex_id": 54, "poi_amenity": 0, "poi_shop": 1, "poi_office": 0, "poi_leisure": 0, "poi_tourism": 0, "population_y": 26000.0, "car_traffic": 13000.0, "foot_traffic": 15000.0, "poi_transport": 0, "attractiveness": 0.25, "coef_amenity": 22289.932604245609, "coef_shop": -461.34541689865767, "coef_office": -8.8407065336498203 }, "geometry": { "type": "Point", "coordinates": [ 4345622.04273995757103, 5636580.068827232345939 ] } },
{ "type": "Feature", "properties": { "ID": 153612, "Address": "Командорская улица, 6", "lat": 45.091704, "long": 39.035231, "population_x": 26000.0, "type": "pvz", "hex_id": 54, "poi_amenity": 4, "poi_shop": 7, "poi_office": 0, "poi_leisure": 0, "poi_tourism": 0, "population_y": 26000.0, "car_traffic": 13000.0, "foot_traffic": 15000.0, "poi_transport": 0, "attractiveness": 3.15, "coef_amenity": 25045.230082345552, "coef_shop": -674.6839381955881, "coef_office": -247.02169331807647 }, "geometry": { "type": "Point", "coordinates": [ 4345382.03791780769825, 5635969.976072260178626 ] } },
{ "type": "Feature", "properties": { "ID": 50015868, "Address": "Командорская улица, 5/3", "lat": 45.091838, "long": 39.033748, "population_x": 26000.0, "type": "pvz", "hex_id": 54, "poi_amenity": 6, "poi_shop": 4, "poi_office": 1, "poi_leisure": 0, "poi_tourism": 0, "population_y": 26000.0, "car_traffic": 13000.0, "foot_traffic": 15000.0, "poi_transport": 0, "attractiveness": 3.3, "coef_amenity": 25578.268907277481, "coef_shop": -755.95198136740521, "coef_office": -211.692090768274 }, "geometry": { "type": "Point", "coordinates": [ 4345216.951112960465252, 5635991.105499990284443 ] } },
{ "type": "Feature", "properties": { "ID": 159145, "Address": "Командорская улица, 9/1", "lat": 45.094434, "long": 39.032167, "population_x": 26000.0, "type": "pvz", "hex_id": 54, "poi_amenity": 2, "poi_shop": 3, "poi_office": 1, "poi_leisure": 0, "poi_tourism": 0, "population_y": 26000.0, "car_traffic": 13000.0, "foot_traffic": 15000.0, "poi_transport": 0, "attractiveness": 1.65, "coef_amenity": 24026.926498474531, "coef_shop": -572.5038134976877, "coef_office": 267.82020883856836 }, "geometry": { "type": "Point", "coordinates": [ 4345040.954998016357422, 5636400.458525510504842 ] } },
{ "type": "Feature", "properties": { "ID": 162237, "Address": "Командорская улица, 3к2", "lat": 45.090629, "long": 39.032554, "population_x": 26000.0, "type": "pvz", "hex_id": 54, "poi_amenity": 6, "poi_shop": 3, "poi_office": 0, "poi_leisure": 0, "poi_tourism": 0, "population_y": 26000.0, "car_traffic": 13000.0, "foot_traffic": 15000.0, "poi_transport": 0, "attractiveness": 2.85, "coef_amenity": 26192.856485347402, "coef_shop": -777.65166632461921, "coef_office": -130.21737724548646 }, "geometry": { "type": "Point", "coordinates": [ 4345084.035640953108668, 5635800.469397637061775 ] } },
{ "type": "Feature", "properties": { "ID": 50013422, "Address": "Командорская улица, 1к1", "lat": 45.089509, "long": 39.032042, "population_x": 45000.0, "type": "pvz", "hex_id": 53, "poi_amenity": 4, "poi_shop": 5, "poi_office": 0, "poi_leisure": 0, "poi_tourism": 0, "population_y": 45000.0, "car_traffic": 14000.0, "foot_traffic": 25000.0, "poi_transport": 3, "attractiveness": 2.95, "coef_amenity": 26257.932182263805, "coef_shop": -754.37438757171481, "coef_office": 5.4144907101955262 }, "geometry": { "type": "Point", "coordinates": [ 4345027.040061666630208, 5635623.870488272048533 ] } },
{ "type": "Feature", "properties": { "ID": 50013422, "Address": "Командорская улица, 1/3", "lat": 45.089515, "long": 39.033811, "population_x": 45000.0, "type": "pvz", "hex_id": 53, "poi_amenity": 10, "poi_shop": 7, "poi_office": 0, "poi_leisure": 0, "poi_tourism": 0, "population_y": 45000.0, "car_traffic": 14000.0, "foot_traffic": 25000.0, "poi_transport": 3, "attractiveness": 5.55, "coef_amenity": 26403.886742520353, "coef_shop": -789.19468354376636, "coef_office": -319.1416283175115 }, "geometry": { "type": "Point", "coordinates": [ 4345223.964240880683064, 5635624.816544632427394 ] } },
{ "type": "Feature", "properties": { "ID": 50034737, "Address": "Штурвальная улица, 8", "lat": 45.090953, "long": 39.025547, "population_x": 46000.0, "type": "pvz", "hex_id": 45, "poi_amenity": 0, "poi_shop": 0, "poi_office": 0, "poi_leisure": 0, "poi_tourism": 0, "population_y": 46000.0, "car_traffic": 29000.0, "foot_traffic": 46000.0, "poi_transport": 0, "attractiveness": 0.05, "coef_amenity": 29003.103615421034, "coef_shop": -432.31196574221195, "coef_office": 812.44383318313351 }, "geometry": { "type": "Point", "coordinates": [ 4344304.019968965090811, 5635851.557585079222918 ] } },
{ "type": "Feature", "properties": { "ID": 311410, "Address": "жилой комплекс Хорошая Погода", "lat": 45.08984, "long": 39.023517, "population_x": 46000.0, "type": "pvz", "hex_id": 45, "poi_amenity": 0, "poi_shop": 1, "poi_office": 0, "poi_leisure": 0, "poi_tourism": 0, "population_y": 46000.0, "car_traffic": 29000.0, "foot_traffic": 46000.0, "poi_transport": 1, "attractiveness": 0.35, "coef_amenity": 33748.813459183082, "coef_shop": -263.04901111682068, "coef_office": 649.24965346268937 }, "geometry": { "type": "Point", "coordinates": [ 4344078.041402654722333, 5635676.061412611044943 ] } },
{ "type": "Feature", "properties": { "ID": 316508, "Address": "улица 1 Мая, 484", "lat": 45.09229, "long": 39.019789, "population_x": 46000.0, "type": "pvz", "hex_id": 45, "poi_amenity": 0, "poi_shop": 1, "poi_office": 0, "poi_leisure": 0, "poi_tourism": 0, "population_y": 46000.0, "car_traffic": 29000.0, "foot_traffic": 46000.0, "poi_transport": 0, "attractiveness": 0.25, "coef_amenity": 38225.300754827644, "coef_shop": 69.561348165748342, "coef_office": 201.26549722403726 }, "geometry": { "type": "Point", "coordinates": [ 4343663.042340977117419, 5636062.378263648599386 ] } },
{ "type": "Feature", "properties": { "ID": 209125, "Address": "2-я Ямальская улица, 3с2", "lat": 45.09542, "long": 39.021837, "population_x": 26000.0, "type": "pvz", "hex_id": 54, "poi_amenity": 1, "poi_shop": 8, "poi_office": 1, "poi_leisure": 0, "poi_tourism": 0, "population_y": 26000.0, "car_traffic": 13000.0, "foot_traffic": 15000.0, "poi_transport": 0, "attractiveness": 2.55, "coef_amenity": 33098.403490794008, "coef_shop": 147.58144418127432, "coef_office": 373.61045867016793 }, "geometry": { "type": "Point", "coordinates": [ 4343891.024658121168613, 5636555.941861994564533 ] } },
{ "type": "Feature", "properties": { "ID": 307131, "Address": "улица Крашенинникова, 41", "lat": 45.095573, "long": 39.020139, "population_x": 26000.0, "type": "pvz", "hex_id": 54, "poi_amenity": 2, "poi_shop": 4, "poi_office": 0, "poi_leisure": 0, "poi_tourism": 0, "population_y": 26000.0, "car_traffic": 13000.0, "foot_traffic": 15000.0, "poi_transport": 0, "attractiveness": 1.7, "coef_amenity": 36045.889809886168, "coef_shop": 432.12164760825738, "coef_office": 38.840408160271068 }, "geometry": { "type": "Point", "coordinates": [ 4343702.004162754863501, 5636580.068827232345939 ] } },
{ "type": "Feature", "properties": { "ID": 112685, "Address": "Топольковый переулок, 13", "lat": 45.095032, "long": 39.017336, "population_x": 46000.0, "type": "pvz", "hex_id": 45, "poi_amenity": 4, "poi_shop": 12, "poi_office": 0, "poi_leisure": 0, "poi_tourism": 0, "population_y": 46000.0, "car_traffic": 29000.0, "foot_traffic": 46000.0, "poi_transport": 0, "attractiveness": 4.4, "coef_amenity": 39250.84027261538, "coef_shop": 419.5654393759105, "coef_office": -185.8660497050688 }, "geometry": { "type": "Point", "coordinates": [ 4343389.97563006170094, 5636494.757429518736899 ] } },
{ "type": "Feature", "properties": { "ID": 5428, "Address": "Гаражный переулок, 9", "lat": 45.085493, "long": 39.019133, "population_x": 46000.0, "type": "pvz", "hex_id": 45, "poi_amenity": 2, "poi_shop": 6, "poi_office": 2, "poi_leisure": 0, "poi_tourism": 0, "population_y": 46000.0, "car_traffic": 29000.0, "foot_traffic": 46000.0, "poi_transport": 0, "attractiveness": 2.6, "coef_amenity": 45046.227222206369, "coef_shop": 0.49001447194584813, "coef_office": 23.297430783711331 }, "geometry": { "type": "Point", "coordinates": [ 4343590.016755016520619, 5634990.665724772028625 ] } },
{ "type": "Feature", "properties": { "ID": 315660, "Address": "2-я Российская улица, 162", "lat": 45.082744, "long": 39.016366, "population_x": 46000.0, "type": "pvz", "hex_id": 45, "poi_amenity": 1, "poi_shop": 7, "poi_office": 1, "poi_leisure": 0, "poi_tourism": 0, "population_y": 46000.0, "car_traffic": 29000.0, "foot_traffic": 46000.0, "poi_transport": 2, "attractiveness": 2.5, "coef_amenity": 48907.562152787083, "coef_shop": 0.85324905029294529, "coef_office": -118.31150972372762 }, "geometry": { "type": "Point", "coordinates": [ 4343281.995723991654813, 5634557.255160352215171 ] } },
{ "type": "Feature", "properties": { "ID": 157910, "Address": "Российская улица, 257Б", "lat": 45.087269, "long": 39.013959, "population_x": 46000.0, "type": "pvz", "hex_id": 45, "poi_amenity": 41, "poi_shop": 28, "poi_office": 2, "poi_leisure": 0, "poi_tourism": 0, "population_y": 46000.0, "car_traffic": 29000.0, "foot_traffic": 46000.0, "poi_transport": 1, "attractiveness": 21.85, "coef_amenity": 45445.687106265039, "coef_shop": 7.5194551125869706, "coef_office": 12.273476240728899 }, "geometry": { "type": "Point", "coordinates": [ 4343014.049709652550519, 5635270.683057950809598 ] } },
{ "type": "Feature", "properties": { "ID": 212274, "Address": "Аксайская улица, 40/3", "lat": 45.080644, "long": 39.014021, "population_x": 46000.0, "type": "pvz", "hex_id": 45, "poi_amenity": 3, "poi_shop": 3, "poi_office": 1, "poi_leisure": 0, "poi_tourism": 0, "population_y": 46000.0, "car_traffic": 29000.0, "foot_traffic": 46000.0, "poi_transport": 2, "attractiveness": 2.2, "coef_amenity": 52952.197567184558, "coef_shop": -22.182887372762366, "coef_office": -267.50537805593945 }, "geometry": { "type": "Point", "coordinates": [ 4343020.95151808205992, 5634226.180747694335878 ] } },
{ "type": "Feature", "properties": { "ID": 50005499, "Address": "Ангарская улица, 34", "lat": 45.081567, "long": 39.01121, "population_x": 46000.0, "type": "pvz", "hex_id": 45, "poi_amenity": 3, "poi_shop": 2, "poi_office": 0, "poi_leisure": 0, "poi_tourism": 0, "population_y": 46000.0, "car_traffic": 29000.0, "foot_traffic": 46000.0, "poi_transport": 0, "attractiveness": 1.55, "coef_amenity": 49291.651771786135, "coef_shop": -3.2404739482628919, "coef_office": -134.82778876365677 }, "geometry": { "type": "Point", "coordinates": [ 4342708.032429461367428, 5634371.694335892796516 ] } },
{ "type": "Feature", "properties": { "ID": 156711, "Address": "улица имени Ф.И. Шаляпина, 31В", "lat": 45.084736, "long": 39.011434, "population_x": 46000.0, "type": "pvz", "hex_id": 45, "poi_amenity": 39, "poi_shop": 14, "poi_office": 0, "poi_leisure": 0, "poi_tourism": 0, "population_y": 46000.0, "car_traffic": 29000.0, "foot_traffic": 46000.0, "poi_transport": 0, "attractiveness": 17.15, "coef_amenity": 46148.774693931162, "coef_shop": -0.43804393822901083, "coef_office": -6.1592174673103832 }, "geometry": { "type": "Point", "coordinates": [ 4342732.967995399609208, 5634871.314136021770537 ] } },
{ "type": "Feature", "properties": { "ID": 141401, "Address": "улица имени С.В. Рахманинова, 30", "lat": 45.086263, "long": 39.00979, "population_x": 46000.0, "type": "pvz", "hex_id": 45, "poi_amenity": 19, "poi_shop": 14, "poi_office": 2, "poi_leisure": 0, "poi_tourism": 0, "population_y": 46000.0, "car_traffic": 29000.0, "foot_traffic": 46000.0, "poi_transport": 0, "attractiveness": 10.55, "coef_amenity": 45955.644800705202, "coef_shop": 1.0924537168268569, "coef_office": 1.401309713078462 }, "geometry": { "type": "Point", "coordinates": [ 4342549.958752535283566, 5635112.068567094393075 ] } },
{ "type": "Feature", "properties": { "ID": 50010084, "Address": "улица имени Сергея Есенина, 84", "lat": 45.08613, "long": 39.00776, "population_x": 46000.0, "type": "pvz", "hex_id": 45, "poi_amenity": 6, "poi_shop": 21, "poi_office": 0, "poi_leisure": 0, "poi_tourism": 0, "population_y": 46000.0, "car_traffic": 29000.0, "foot_traffic": 46000.0, "poi_transport": 0, "attractiveness": 7.35, "coef_amenity": 45900.958304985827, "coef_shop": 2.8801742184664625, "coef_office": 2.4296124648852429 }, "geometry": { "type": "Point", "coordinates": [ 4342323.980186224915087, 5635091.098868321627378 ] } },
{ "type": "Feature", "properties": { "ID": 306743, "Address": "Гомельская улица, 7", "lat": 45.086664, "long": 39.005838, "population_x": 46000.0, "type": "pvz", "hex_id": 45, "poi_amenity": 12, "poi_shop": 22, "poi_office": 1, "poi_leisure": 0, "poi_tourism": 0, "population_y": 46000.0, "car_traffic": 29000.0, "foot_traffic": 46000.0, "poi_transport": 0, "attractiveness": 9.9, "coef_amenity": 45676.189557345104, "coef_shop": 7.30132004989549, "coef_office": 9.0426067963272061 }, "geometry": { "type": "Point", "coordinates": [ 4342110.024124920368195, 5635175.293292748741806 ] } },
{ "type": "Feature", "properties": { "ID": 110623, "Address": "Московская улица, 118к1", "lat": 45.078168, "long": 39.00308, "population_x": 46000.0, "type": "pvz", "hex_id": 45, "poi_amenity": 26, "poi_shop": 5, "poi_office": 0, "poi_leisure": 2, "poi_tourism": 0, "population_y": 46000.0, "car_traffic": 29000.0, "foot_traffic": 46000.0, "poi_transport": 0, "attractiveness": 10.45, "coef_amenity": 58111.565638776599, "coef_shop": -208.91905094352413, "coef_office": -423.18529549709189 }, "geometry": { "type": "Point", "coordinates": [ 4341803.004969312809408, 5633835.843881270848215 ] } },
{ "type": "Feature", "properties": { "ID": 323098, "Address": "Московская улица, 112", "lat": 45.077742, "long": 39.002406, "population_x": 46000.0, "type": "pvz", "hex_id": 45, "poi_amenity": 25, "poi_shop": 8, "poi_office": 0, "poi_leisure": 0, "poi_tourism": 0, "population_y": 46000.0, "car_traffic": 29000.0, "foot_traffic": 46000.0, "poi_transport": 0, "attractiveness": 10.75, "coef_amenity": 59669.04184874428, "coef_shop": -262.07730353049072, "coef_office": -466.37470814361404 }, "geometry": { "type": "Point", "coordinates": [ 4341727.975632517598569, 5633768.687466713599861 ] } },
{ "type": "Feature", "properties": { "ID": 323036, "Address": "Жигулёвская улица, 8", "lat": 45.079549, "long": 39.001939, "population_x": 46000.0, "type": "pvz", "hex_id": 45, "poi_amenity": 12, "poi_shop": 14, "poi_office": 1, "poi_leisure": 0, "poi_tourism": 0, "population_y": 46000.0, "car_traffic": 29000.0, "foot_traffic": 46000.0, "poi_transport": 4, "attractiveness": 8.3, "coef_amenity": 52187.076099072656, "coef_shop": -79.235680241816354, "coef_office": -234.67780809066602 }, "geometry": { "type": "Point", "coordinates": [ 4341675.989430317655206, 5634053.553916482254863 ] } },
{ "type": "Feature", "properties": { "ID": 50010060, "Address": "Ангарская улица, 1/5", "lat": 45.081853, "long": 39.002891, "population_x": 46000.0, "type": "pvz", "hex_id": 45, "poi_amenity": 13, "poi_shop": 21, "poi_office": 0, "poi_leisure": 0, "poi_tourism": 0, "population_y": 46000.0, "car_traffic": 29000.0, "foot_traffic": 46000.0, "poi_transport": 3, "attractiveness": 10.1, "coef_amenity": 46450.596371330677, "coef_shop": 22.65237063270812, "coef_office": -30.431619414432259 }, "geometry": { "type": "Point", "coordinates": [ 4341781.965585552155972, 5634416.7835304280743 ] } },
{ "type": "Feature", "properties": { "ID": 50006771, "Address": "Суздальская улица, 9", "lat": 45.083667, "long": 39.002074, "population_x": 46000.0, "type": "pvz", "hex_id": 45, "poi_amenity": 12, "poi_shop": 20, "poi_office": 0, "poi_leisure": 2, "poi_tourism": 0, "population_y": 46000.0, "car_traffic": 29000.0, "foot_traffic": 46000.0, "poi_transport": 6, "attractiveness": 9.9, "coef_amenity": 43822.63098688695, "coef_shop": 36.659009864447818, "coef_office": 87.458446795812009 }, "geometry": { "type": "Point", "coordinates": [ 4341691.017561574466527, 5634702.774097317829728 ] } },
{ "type": "Feature", "properties": { "ID": 155932, "Address": "Суздальская улица, 11", "lat": 45.084017, "long": 39.002218, "population_x": 46000.0, "type": "pvz", "hex_id": 45, "poi_amenity": 15, "poi_shop": 20, "poi_office": 0, "poi_leisure": 2, "poi_tourism": 0, "population_y": 46000.0, "car_traffic": 29000.0, "foot_traffic": 46000.0, "poi_transport": 4, "attractiveness": 10.75, "coef_amenity": 43914.308432653575, "coef_shop": 30.457050601374014, "coef_office": 86.033014009244695 }, "geometry": { "type": "Point", "coordinates": [ 4341707.047568248584867, 5634757.955240755341947 ] } },
{ "type": "Feature", "properties": { "ID": 142568, "Address": "Московская улица, 144к2", "lat": 45.088338, "long": 39.003349, "population_x": 46000.0, "type": "pvz", "hex_id": 45, "poi_amenity": 13, "poi_shop": 14, "poi_office": 0, "poi_leisure": 0, "poi_tourism": 0, "population_y": 46000.0, "car_traffic": 29000.0, "foot_traffic": 46000.0, "poi_transport": 7, "attractiveness": 8.75, "coef_amenity": 44380.201117195029, "coef_shop": 27.968373631363097, "coef_office": 46.900638043540376 }, "geometry": { "type": "Point", "coordinates": [ 4341832.949912335723639, 5635439.233724412508309 ] } },
{ "type": "Feature", "properties": { "ID": 308100, "Address": "улица имени С.С. Прокофьева, 3А", "lat": 45.088173, "long": 39.00476, "population_x": 46000.0, "type": "pvz", "hex_id": 45, "poi_amenity": 6, "poi_shop": 9, "poi_office": 0, "poi_leisure": 0, "poi_tourism": 0, "population_y": 46000.0, "car_traffic": 29000.0, "foot_traffic": 46000.0, "poi_transport": 0, "attractiveness": 4.35, "coef_amenity": 44930.405097817013, "coef_shop": 18.533654005715903, "coef_office": 29.159770622664897 }, "geometry": { "type": "Point", "coordinates": [ 4341990.021713844500482, 5635413.217746827751398 ] } },
{ "type": "Feature", "properties": { "ID": 312473, "Address": "улица имени Сергея Есенина, 98/1", "lat": 45.088542, "long": 39.009584, "population_x": 46000.0, "type": "pvz", "hex_id": 45, "poi_amenity": 1, "poi_shop": 13, "poi_office": 1, "poi_leisure": 1, "poi_tourism": 0, "population_y": 46000.0, "car_traffic": 29000.0, "foot_traffic": 46000.0, "poi_transport": 0, "attractiveness": 3.85, "coef_amenity": 45825.412008227642, "coef_shop": 2.4601842760042834, "coef_office": 5.1379026942355051 }, "geometry": { "type": "Point", "coordinates": [ 4342527.026937431655824, 5635471.399036958813667 ] } },
{ "type": "Feature", "properties": { "ID": 157770, "Address": "улица имени Дунаевского И.И., 22А", "lat": 45.089019, "long": 39.009898, "population_x": 46000.0, "type": "pvz", "hex_id": 45, "poi_amenity": 4, "poi_shop": 9, "poi_office": 0, "poi_leisure": 0, "poi_tourism": 0, "population_y": 46000.0, "car_traffic": 29000.0, "foot_traffic": 46000.0, "poi_transport": 0, "attractiveness": 3.65, "coef_amenity": 45729.547367051484, "coef_shop": 2.0595724925365215, "coef_office": 8.931186870653665 }, "geometry": { "type": "Point", "coordinates": [ 4342561.981257541105151, 5635546.609554348513484 ] } },
{ "type": "Feature", "properties": { "ID": 142912, "Address": "улица имени Сергея Есенина, 108/2", "lat": 45.089293, "long": 39.007643, "population_x": 46000.0, "type": "pvz", "hex_id": 45, "poi_amenity": 6, "poi_shop": 10, "poi_office": 0, "poi_leisure": 0, "poi_tourism": 0, "population_y": 46000.0, "car_traffic": 29000.0, "foot_traffic": 46000.0, "poi_transport": 0, "attractiveness": 4.6, "coef_amenity": 45115.834482125938, "coef_shop": 12.253516694165764, "coef_office": 20.402675532682004 }, "geometry": { "type": "Point", "coordinates": [ 4342310.955805802717805, 5635589.812525507062674 ] } },
{ "type": "Feature", "properties": { "ID": 310094, "Address": "улица имени Мусоргского М.П., 1", "lat": 45.090113, "long": 39.00493, "population_x": 46000.0, "type": "pvz", "hex_id": 45, "poi_amenity": 0, "poi_shop": 4, "poi_office": 1, "poi_leisure": 0, "poi_tourism": 0, "population_y": 46000.0, "car_traffic": 29000.0, "foot_traffic": 46000.0, "poi_transport": 0, "attractiveness": 1.2, "coef_amenity": 43669.592469514086, "coef_shop": 44.123342317438158, "coef_office": 44.740711932849571 }, "geometry": { "type": "Point", "coordinates": [ 4342008.946027279831469, 5635719.107327052392066 ] } },
{ "type": "Feature", "properties": { "ID": 206097, "Address": "улица имени Сергея Есенина, 149", "lat": 45.091157, "long": 39.004769, "population_x": 46000.0, "type": "pvz", "hex_id": 45, "poi_amenity": 0, "poi_shop": 4, "poi_office": 0, "poi_leisure": 0, "poi_tourism": 0, "population_y": 46000.0, "car_traffic": 29000.0, "foot_traffic": 46000.0, "poi_transport": 0, "attractiveness": 1.0, "coef_amenity": 42585.857068809804, "coef_shop": 87.060543667841344, "coef_office": 32.995675542601766 }, "geometry": { "type": "Point", "coordinates": [ 4341991.023589262738824, 5635883.724370302632451 ] } },
{ "type": "Feature", "properties": { "ID": 137176, "Address": "улица имени Сергея Есенина, 110/1", "lat": 45.090826, "long": 39.007976, "population_x": 46000.0, "type": "pvz", "hex_id": 45, "poi_amenity": 7, "poi_shop": 6, "poi_office": 1, "poi_leisure": 0, "poi_tourism": 0, "population_y": 46000.0, "car_traffic": 29000.0, "foot_traffic": 46000.0, "poi_transport": 0, "attractiveness": 4.15, "coef_amenity": 44273.823277462805, "coef_shop": 22.477976420928588, "coef_office": 30.845212055251377 }, "geometry": { "type": "Point", "coordinates": [ 4342348.025196236558259, 5635831.532242503017187 ] } },
{ "type": "Feature", "properties": { "ID": 321194, "Address": "Российская улица, 267Б", "lat": 45.091723, "long": 39.012117, "population_x": 46000.0, "type": "pvz", "hex_id": 45, "poi_amenity": 6, "poi_shop": 5, "poi_office": 2, "poi_leisure": 0, "poi_tourism": 0, "population_y": 46000.0, "car_traffic": 29000.0, "foot_traffic": 46000.0, "poi_transport": 1, "attractiveness": 3.85, "coef_amenity": 43194.348283480256, "coef_shop": 25.960079520811, "coef_office": 61.418061870598834 }, "geometry": { "type": "Point", "coordinates": [ 4342808.999207611195743, 5635972.972032876685262 ] } },
{ "type": "Feature", "properties": { "ID": 151691, "Address": "Российская улица, 267/3к3", "lat": 45.092321, "long": 39.009853, "population_x": 46000.0, "type": "pvz", "hex_id": 45, "poi_amenity": 4, "poi_shop": 5, "poi_office": 0, "poi_leisure": 2, "poi_tourism": 0, "population_y": 46000.0, "car_traffic": 29000.0, "foot_traffic": 46000.0, "poi_transport": 0, "attractiveness": 2.75, "coef_amenity": 43038.034175196532, "coef_shop": 26.949422774835377, "coef_office": 54.075486563796709 }, "geometry": { "type": "Point", "coordinates": [ 4342556.971880455501378, 5636067.266460587270558 ] } },
{ "type": "Feature", "properties": { "ID": 150701, "Address": "Российская улица, 267/6А", "lat": 45.092061, "long": 39.007895, "population_x": 46000.0, "type": "pvz", "hex_id": 45, "poi_amenity": 4, "poi_shop": 8, "poi_office": 2, "poi_leisure": 0, "poi_tourism": 0, "population_y": 46000.0, "car_traffic": 29000.0, "foot_traffic": 46000.0, "poi_transport": 0, "attractiveness": 3.8, "coef_amenity": 42887.112765368736, "coef_shop": 60.158895117709143, "coef_office": 24.510772743422834 }, "geometry": { "type": "Point", "coordinates": [ 4342339.008317481726408, 5636026.268762006424367 ] } },
{ "type": "Feature", "properties": { "ID": 111059, "Address": "улица Петра Метальникова, 5к3", "lat": 45.093492, "long": 39.009539, "population_x": 46000.0, "type": "pvz", "hex_id": 45, "poi_amenity": 3, "poi_shop": 7, "poi_office": 2, "poi_leisure": 3, "poi_tourism": 0, "population_y": 46000.0, "car_traffic": 29000.0, "foot_traffic": 46000.0, "poi_transport": 0, "attractiveness": 3.35, "coef_amenity": 41783.956287371075, "coef_shop": 112.29512101264501, "coef_office": -6.8568608765200976 }, "geometry": { "type": "Point", "coordinates": [ 4342522.017560346052051, 5636251.916100990027189 ] } },
{ "type": "Feature", "properties": { "ID": 164697, "Address": "улица Петра Метальникова, 5к1", "lat": 45.093429, "long": 39.008146, "population_x": 46000.0, "type": "pvz", "hex_id": 45, "poi_amenity": 2, "poi_shop": 5, "poi_office": 2, "poi_leisure": 0, "poi_tourism": 0, "population_y": 46000.0, "car_traffic": 29000.0, "foot_traffic": 46000.0, "poi_transport": 1, "attractiveness": 2.45, "coef_amenity": 41823.715532737973, "coef_shop": 141.30922236170446, "coef_office": -35.619427842226536 }, "geometry": { "type": "Point", "coordinates": [ 4342366.949509671889246, 5636241.981822432950139 ] } },
{ "type": "Feature", "properties": { "ID": 310657, "Address": "улица Евгении Жигуленко, 4", "lat": 45.093327, "long": 39.007266, "population_x": 46000.0, "type": "pvz", "hex_id": 45, "poi_amenity": 2, "poi_shop": 4, "poi_office": 2, "poi_leisure": 0, "poi_tourism": 0, "population_y": 46000.0, "car_traffic": 29000.0, "foot_traffic": 46000.0, "poi_transport": 1, "attractiveness": 2.2, "coef_amenity": 41842.5678173251, "coef_shop": 160.77397085076925, "coef_office": -50.759432774863981 }, "geometry": { "type": "Point", "coordinates": [ 4342268.988357773050666, 5636225.897775619290769 ] } },
{ "type": "Feature", "properties": { "ID": 144560, "Address": "улица Петра Метальникова, 3/1к1", "lat": 45.093524, "long": 39.00423, "population_x": 46000.0, "type": "pvz", "hex_id": 45, "poi_amenity": 11, "poi_shop": 14, "poi_office": 0, "poi_leisure": 0, "poi_tourism": 0, "population_y": 46000.0, "car_traffic": 29000.0, "foot_traffic": 46000.0, "poi_transport": 4, "attractiveness": 7.75, "coef_amenity": 41113.377872554593, "coef_shop": 226.25332935612067, "coef_office": -65.992052691174607 }, "geometry": { "type": "Point", "coordinates": [ 4341931.022383724339306, 5636256.962087947875261 ] } },
{ "type": "Feature", "properties": { "ID": 113174, "Address": "Московская улица, 129", "lat": 45.093359, "long": 39.000475, "population_x": 46000.0, "type": "pvz", "hex_id": 45, "poi_amenity": 1, "poi_shop": 3, "poi_office": 1, "poi_leisure": 0, "poi_tourism": 0, "population_y": 46000.0, "car_traffic": 29000.0, "foot_traffic": 46000.0, "poi_transport": 3, "attractiveness": 1.6, "coef_amenity": 39772.187959200557, "coef_shop": 469.7446131348828, "coef_office": -119.19141375524725 }, "geometry": { "type": "Point", "coordinates": [ 4341513.017695795744658, 5636230.943747997283936 ] } },
{ "type": "Feature", "properties": { "ID": 210282, "Address": "Московская улица, 133к3", "lat": 45.094943, "long": 39.000205, "population_x": 38000.0, "type": "pvz", "hex_id": 46, "poi_amenity": 1, "poi_shop": 9, "poi_office": 1, "poi_leisure": 0, "poi_tourism": 0, "population_y": 38000.0, "car_traffic": 38000.0, "foot_traffic": 37000.0, "poi_transport": 0, "attractiveness": 2.8, "coef_amenity": 39752.630017330135, "coef_shop": 652.65661136143785, "coef_office": -294.36651089875033 }, "geometry": { "type": "Point", "coordinates": [ 4341482.961433282122016, 5636480.722914704121649 ] } },
{ "type": "Feature", "properties": { "ID": 214434, "Address": "Тополиная улица, 46к1", "lat": 45.09521, "long": 38.998436, "population_x": 38000.0, "type": "pvz", "hex_id": 46, "poi_amenity": 1, "poi_shop": 2, "poi_office": 0, "poi_leisure": 0, "poi_tourism": 0, "population_y": 38000.0, "car_traffic": 38000.0, "foot_traffic": 37000.0, "poi_transport": 0, "attractiveness": 0.85, "coef_amenity": 37586.260978419814, "coef_shop": 677.63243676564889, "coef_office": -165.60606730776723 }, "geometry": { "type": "Point", "coordinates": [ 4341286.03725406806916, 5636522.826524765230715 ] } },
{ "type": "Feature", "properties": { "ID": 50017063, "Address": "улица Петра Метальникова, 26", "lat": 45.095223, "long": 39.00644, "population_x": 46000.0, "type": "pvz", "hex_id": 45, "poi_amenity": 2, "poi_shop": 1, "poi_office": 1, "poi_leisure": 1, "poi_tourism": 0, "population_y": 46000.0, "car_traffic": 29000.0, "foot_traffic": 46000.0, "poi_transport": 1, "attractiveness": 1.3, "coef_amenity": 40857.779819172691, "coef_shop": 352.23540514525081, "coef_office": -192.88674186258731 }, "geometry": { "type": "Point", "coordinates": [ 4342177.038458378054202, 5636524.876518296077847 ] } },
{ "type": "Feature", "properties": { "ID": 209718, "Address": "улица Евгении Жигуленко, 5к2", "lat": 45.096432, "long": 39.005425, "population_x": 38000.0, "type": "pvz", "hex_id": 46, "poi_amenity": 3, "poi_shop": 5, "poi_office": 1, "poi_leisure": 0, "poi_tourism": 0, "population_y": 38000.0, "car_traffic": 38000.0, "foot_traffic": 37000.0, "poi_transport": 0, "attractiveness": 2.5, "coef_amenity": 40442.902192440073, "coef_shop": 505.53105838664726, "coef_office": -293.3956156492597 }, "geometry": { "type": "Point", "coordinates": [ 4342064.049175223335624, 5636715.527956535108387 ] } },
{ "type": "Feature", "properties": { "ID": 342331, "Address": "улица Евгении Жигуленко, 9", "lat": 45.097908, "long": 39.006098, "population_x": 38000.0, "type": "pvz", "hex_id": 46, "poi_amenity": 10, "poi_shop": 13, "poi_office": 0, "poi_leisure": 0, "poi_tourism": 0, "population_y": 38000.0, "car_traffic": 38000.0, "foot_traffic": 37000.0, "poi_transport": 0, "attractiveness": 6.75, "coef_amenity": 40046.514380099637, "coef_shop": 633.28314634085268, "coef_office": -398.33866791699012 }, "geometry": { "type": "Point", "coordinates": [ 4342138.967192526906729, 5636948.289030730724335 ] } },
{ "type": "Feature", "properties": { "ID": 209176, "Address": "улица Евгении Жигуленко, 11к1", "lat": 45.097838, "long": 39.004733, "population_x": 38000.0, "type": "pvz", "hex_id": 46, "poi_amenity": 6, "poi_shop": 13, "poi_office": 0, "poi_leisure": 0, "poi_tourism": 0, "population_y": 38000.0, "car_traffic": 38000.0, "foot_traffic": 37000.0, "poi_transport": 0, "attractiveness": 5.35, "coef_amenity": 40112.843701351558, "coef_shop": 641.06589037588878, "coef_office": -402.61447344395128 }, "geometry": { "type": "Point", "coordinates": [ 4341987.01608759444207, 5636937.250090495683253 ] } },
{ "type": "Feature", "properties": { "ID": 50022075, "Address": "улица Цезаря Куникова, 35", "lat": 45.097813, "long": 39.003853, "population_x": 38000.0, "type": "pvz", "hex_id": 46, "poi_amenity": 2, "poi_shop": 4, "poi_office": 0, "poi_leisure": 0, "poi_tourism": 0, "population_y": 38000.0, "car_traffic": 38000.0, "foot_traffic": 37000.0, "poi_transport": 0, "attractiveness": 1.7, "coef_amenity": 40084.309821280112, "coef_shop": 640.69973804576921, "coef_office": -390.93871730319677 }, "geometry": { "type": "Point", "coordinates": [ 4341889.05493569560349, 5636933.307615119963884 ] } },
{ "type": "Feature", "properties": { "ID": 306922, "Address": "улица Петра Метальникова, 38", "lat": 45.097526, "long": 39.00211, "population_x": 38000.0, "type": "pvz", "hex_id": 46, "poi_amenity": 1, "poi_shop": 7, "poi_office": 0, "poi_leisure": 0, "poi_tourism": 0, "population_y": 38000.0, "car_traffic": 38000.0, "foot_traffic": 37000.0, "poi_transport": 0, "attractiveness": 2.1, "coef_amenity": 40060.672085968479, "coef_shop": 652.41331779793029, "coef_office": -389.98656670380154 }, "geometry": { "type": "Point", "coordinates": [ 4341695.025063242763281, 5636888.048121450468898 ] } },
{ "type": "Feature", "properties": { "ID": 164179, "Address": "улица Евгении Жигуленко, 13", "lat": 45.099499, "long": 39.005982, "population_x": 38000.0, "type": "pvz", "hex_id": 46, "poi_amenity": 8, "poi_shop": 8, "poi_office": 0, "poi_leisure": 0, "poi_tourism": 0, "population_y": 38000.0, "car_traffic": 38000.0, "foot_traffic": 37000.0, "poi_transport": 0, "attractiveness": 4.8, "coef_amenity": 39336.556737765663, "coef_shop": 625.09648310469811, "coef_office": -348.51833551688225 }, "geometry": { "type": "Point", "coordinates": [ 4342126.054131595417857, 5637199.192021708004177 ] } },
{ "type": "Feature", "properties": { "ID": 302095, "Address": "улица Цезаря Куникова, 24к3", "lat": 45.09939, "long": 39.002828, "population_x": 38000.0, "type": "pvz", "hex_id": 46, "poi_amenity": 1, "poi_shop": 12, "poi_office": 0, "poi_leisure": 0, "poi_tourism": 0, "population_y": 38000.0, "car_traffic": 38000.0, "foot_traffic": 37000.0, "poi_transport": 0, "attractiveness": 3.35, "coef_amenity": 39760.464619356819, "coef_shop": 617.49515202143755, "coef_office": -409.0952159214005 }, "geometry": { "type": "Point", "coordinates": [ 4341774.952457632869482, 5637182.00234167277813 ] } },
{ "type": "Feature", "properties": { "ID": 121352, "Address": "улица Цезаря Куникова, 24к1", "lat": 45.099308, "long": 39.001409, "population_x": 38000.0, "type": "pvz", "hex_id": 46, "poi_amenity": 1, "poi_shop": 9, "poi_office": 0, "poi_leisure": 0, "poi_tourism": 0, "population_y": 38000.0, "car_traffic": 38000.0, "foot_traffic": 37000.0, "poi_transport": 0, "attractiveness": 2.6, "coef_amenity": 39549.825004345061, "coef_shop": 603.27202471711837, "coef_office": -406.82723605744843 }, "geometry": { "type": "Point", "coordinates": [ 4341616.99010019749403, 5637169.070677403360605 ] } },
{ "type": "Feature", "properties": { "ID": 151875, "Address": "улица Евгении Жигуленко, 25к3", "lat": 45.100612, "long": 39.003583, "population_x": 38000.0, "type": "pvz", "hex_id": 46, "poi_amenity": 2, "poi_shop": 8, "poi_office": 1, "poi_leisure": 0, "poi_tourism": 0, "population_y": 38000.0, "car_traffic": 38000.0, "foot_traffic": 37000.0, "poi_transport": 0, "attractiveness": 2.9, "coef_amenity": 39262.537369639882, "coef_shop": 569.54134025961935, "coef_office": -362.57103950851274 }, "geometry": { "type": "Point", "coordinates": [ 4341858.998673181049526, 5637374.717880575917661 ] } },
{ "type": "Feature", "properties": { "ID": 50022339, "Address": "улица Евгении Жигуленко, 25к1", "lat": 45.100567, "long": 39.002236, "population_x": 38000.0, "type": "pvz", "hex_id": 46, "poi_amenity": 1, "poi_shop": 9, "poi_office": 1, "poi_leisure": 0, "poi_tourism": 0, "population_y": 38000.0, "car_traffic": 38000.0, "foot_traffic": 37000.0, "poi_transport": 0, "attractiveness": 2.8, "coef_amenity": 39271.703731521055, "coef_shop": 536.8051406515508, "coef_office": -378.00005613780456 }, "geometry": { "type": "Point", "coordinates": [ 4341709.051319083198905, 5637367.621081362478435 ] } },
{ "type": "Feature", "properties": { "ID": 50005904, "Address": "улица Григория Пономаренко, 43", "lat": 45.101541, "long": 39.001804, "population_x": 38000.0, "type": "pvz", "hex_id": 46, "poi_amenity": 3, "poi_shop": 6, "poi_office": 2, "poi_leisure": 0, "poi_tourism": 0, "population_y": 38000.0, "car_traffic": 38000.0, "foot_traffic": 37000.0, "poi_transport": 0, "attractiveness": 2.95, "coef_amenity": 38809.594957437446, "coef_shop": 468.22782710342108, "coef_office": -328.36221124445456 }, "geometry": { "type": "Point", "coordinates": [ 4341660.961299059912562, 5637521.228607341647148 ] } },
{ "type": "Feature", "properties": { "ID": 50006393, "Address": "улица Ивана Рослого, 8", "lat": 45.098474, "long": 39.010231, "population_x": 38000.0, "type": "pvz", "hex_id": 46, "poi_amenity": 0, "poi_shop": 2, "poi_office": 0, "poi_leisure": 0, "poi_tourism": 0, "population_y": 38000.0, "car_traffic": 38000.0, "foot_traffic": 37000.0, "poi_transport": 0, "attractiveness": 0.5, "coef_amenity": 39058.832638210173, "coef_shop": 665.68648147111946, "coef_office": -324.30402758221146 }, "geometry": { "type": "Point", "coordinates": [ 4342599.050647974945605, 5637037.547244591638446 ] } },
{ "type": "Feature", "properties": { "ID": 317464, "Address": "улица им. Ягодина М. Д., 50", "lat": 45.10635, "long": 39.004787, "population_x": 38000.0, "type": "pvz", "hex_id": 46, "poi_amenity": 0, "poi_shop": 3, "poi_office": 0, "poi_leisure": 0, "poi_tourism": 0, "population_y": 38000.0, "car_traffic": 38000.0, "foot_traffic": 37000.0, "poi_transport": 0, "attractiveness": 0.75, "coef_amenity": 35033.879601808178, "coef_shop": -27.967990741339964, "coef_office": 219.27209119391262 }, "geometry": { "type": "Point", "coordinates": [ 4341993.02734009642154, 5638279.684466622769833 ] } },
{ "type": "Feature", "properties": { "ID": 50035105, "Address": "улица им. Ягодина М. Д., 67", "lat": 45.106649, "long": 39.011147, "population_x": 38000.0, "type": "pvz", "hex_id": 46, "poi_amenity": 1, "poi_shop": 3, "poi_office": 0, "poi_leisure": 0, "poi_tourism": 0, "population_y": 38000.0, "car_traffic": 38000.0, "foot_traffic": 37000.0, "poi_transport": 1, "attractiveness": 1.2, "coef_amenity": 29913.026009782625, "coef_shop": -453.76541413734094, "coef_office": 872.50031002671972 }, "geometry": { "type": "Point", "coordinates": [ 4342701.019301542080939, 5638326.843636502511799 ] } },
{ "type": "Feature", "properties": { "ID": 306930, "Address": "Ленинский переулок, 8", "lat": 45.104671, "long": 39.015126, "population_x": 38000.0, "type": "pvz", "hex_id": 46, "poi_amenity": 2, "poi_shop": 13, "poi_office": 0, "poi_leisure": 0, "poi_tourism": 0, "population_y": 38000.0, "car_traffic": 38000.0, "foot_traffic": 37000.0, "poi_transport": 2, "attractiveness": 4.15, "coef_amenity": 28448.672587882753, "coef_shop": -44.266052037387411, "coef_office": 894.11954577754318 }, "geometry": { "type": "Point", "coordinates": [ 4343143.959555408917367, 5638014.872177568264306 ] } },
{ "type": "Feature", "properties": { "ID": 112891, "Address": "Тепличная улица, 62/1к2", "lat": 45.106274, "long": 39.015737, "population_x": 38000.0, "type": "pvz", "hex_id": 46, "poi_amenity": 0, "poi_shop": 9, "poi_office": 0, "poi_leisure": 0, "poi_tourism": 0, "population_y": 38000.0, "car_traffic": 38000.0, "foot_traffic": 37000.0, "poi_transport": 0, "attractiveness": 2.25, "coef_amenity": 26004.736503134493, "coef_shop": -772.30635625713444, "coef_office": 1334.686084577276 }, "geometry": { "type": "Point", "coordinates": [ 4343211.975764282979071, 5638267.697559804655612 ] } },
{ "type": "Feature", "properties": { "ID": 326637, "Address": "Тепличная улица, 56/1", "lat": 45.107502, "long": 39.016079, "population_x": 38000.0, "type": "pvz", "hex_id": 46, "poi_amenity": 0, "poi_shop": 1, "poi_office": 0, "poi_leisure": 0, "poi_tourism": 0, "population_y": 38000.0, "car_traffic": 38000.0, "foot_traffic": 37000.0, "poi_transport": 0, "attractiveness": 0.25, "coef_amenity": 24116.366762735732, "coef_shop": -1198.5703520582076, "coef_office": 1623.2040229558831 }, "geometry": { "type": "Point", "coordinates": [ 4343250.047030134126544, 5638461.382692771032453 ] } },
{ "type": "Feature", "properties": { "ID": 50002867, "Address": "Тепличная улица, 62/1к6", "lat": 45.108386, "long": 39.01403, "population_x": 38000.0, "type": "pvz", "hex_id": 46, "poi_amenity": 0, "poi_shop": 1, "poi_office": 0, "poi_leisure": 0, "poi_tourism": 0, "population_y": 38000.0, "car_traffic": 38000.0, "foot_traffic": 37000.0, "poi_transport": 0, "attractiveness": 0.25, "coef_amenity": 24852.572552543454, "coef_shop": -1219.3875143454848, "coef_office": 1583.409554472385 }, "geometry": { "type": "Point", "coordinates": [ 4343021.953393498435616, 5638600.813332087360322 ] } },
{ "type": "Feature", "properties": { "ID": 165658, "Address": "Есаульская улица, 57", "lat": 45.11177, "long": 39.010338, "population_x": 38000.0, "type": "pvz", "hex_id": 46, "poi_amenity": 1, "poi_shop": 2, "poi_office": 0, "poi_leisure": 0, "poi_tourism": 0, "population_y": 38000.0, "car_traffic": 38000.0, "foot_traffic": 37000.0, "poi_transport": 2, "attractiveness": 1.05, "coef_amenity": 24083.15907374458, "coef_shop": -1513.1875454187573, "coef_office": 1804.5645118712712 }, "geometry": { "type": "Point", "coordinates": [ 4342610.96183349005878, 5639134.581346280872822 ] } },
{ "type": "Feature", "properties": { "ID": 50013587, "Address": "Российская улица, 672", "lat": 45.112591, "long": 39.012548, "population_x": 38000.0, "type": "pvz", "hex_id": 46, "poi_amenity": 0, "poi_shop": 2, "poi_office": 0, "poi_leisure": 0, "poi_tourism": 0, "population_y": 38000.0, "car_traffic": 38000.0, "foot_traffic": 37000.0, "poi_transport": 2, "attractiveness": 0.7, "coef_amenity": 22203.253165267528, "coef_shop": -1919.4472321163287, "coef_office": 2048.8451028107684 }, "geometry": { "type": "Point", "coordinates": [ 4342856.977908143773675, 5639264.084798741154373 ] } },
{ "type": "Feature", "properties": { "ID": 50035283, "Address": "1-й Сахалинский проезд, 9", "lat": 45.108666, "long": 39.022349, "population_x": 26000.0, "type": "pvz", "hex_id": 54, "poi_amenity": 0, "poi_shop": 2, "poi_office": 0, "poi_leisure": 0, "poi_tourism": 0, "population_y": 26000.0, "car_traffic": 13000.0, "foot_traffic": 15000.0, "poi_transport": 0, "attractiveness": 0.5, "coef_amenity": 20052.783626986322, "coef_shop": -2219.6109360007599, "coef_office": 1961.4111313771784 }, "geometry": { "type": "Point", "coordinates": [ 4343948.020237407647073, 5638644.97733330540359 ] } },
{ "type": "Feature", "properties": { "ID": 213487, "Address": "Тепличная улица, 78/1", "lat": 45.111013, "long": 39.022187, "population_x": 10000.0, "type": "pvz", "hex_id": 55, "poi_amenity": 0, "poi_shop": 1, "poi_office": 0, "poi_leisure": 0, "poi_tourism": 1, "population_y": 10000.0, "car_traffic": 22000.0, "foot_traffic": 15000.0, "poi_transport": 0, "attractiveness": 0.3, "coef_amenity": 18982.555697197338, "coef_shop": -2194.8160214394293, "coef_office": 1968.3866584869181 }, "geometry": { "type": "Point", "coordinates": [ 4343929.986479899846017, 5639015.174819788895547 ] } },
{ "type": "Feature", "properties": { "ID": 218531, "Address": "Тепличная улица, 19Б", "lat": 45.11135, "long": 39.018926, "population_x": 10000.0, "type": "pvz", "hex_id": 55, "poi_amenity": 2, "poi_shop": 0, "poi_office": 0, "poi_leisure": 0, "poi_tourism": 0, "population_y": 10000.0, "car_traffic": 22000.0, "foot_traffic": 15000.0, "poi_transport": 2, "attractiveness": 0.9, "coef_amenity": 20484.49779409045, "coef_shop": -2484.126613109092, "coef_office": 2077.7243350860704 }, "geometry": { "type": "Point", "coordinates": [ 4343566.973620422184467, 5639068.331822914071381 ] } },
{ "type": "Feature", "properties": { "ID": 318084, "Address": "улица 1 Мая, 569", "lat": 45.114232, "long": 39.017273, "population_x": 10000.0, "type": "pvz", "hex_id": 55, "poi_amenity": 2, "poi_shop": 2, "poi_office": 0, "poi_leisure": 0, "poi_tourism": 0, "population_y": 10000.0, "car_traffic": 22000.0, "foot_traffic": 15000.0, "poi_transport": 0, "attractiveness": 1.2, "coef_amenity": 19812.29947032611, "coef_shop": -2503.094567512263, "coef_office": 2236.359610435627 }, "geometry": { "type": "Point", "coordinates": [ 4343382.962502141483128, 5639522.939548379741609 ] } },
{ "type": "Feature", "properties": { "ID": 323509, "Address": "улица Заводовского, 8", "lat": 45.114168, "long": 39.022142, "population_x": 10000.0, "type": "pvz", "hex_id": 55, "poi_amenity": 0, "poi_shop": 0, "poi_office": 0, "poi_leisure": 0, "poi_tourism": 0, "population_y": 10000.0, "car_traffic": 22000.0, "foot_traffic": 15000.0, "poi_transport": 0, "attractiveness": 0.05, "coef_amenity": 17491.180189988761, "coef_shop": -1918.1148580811475, "coef_office": 1951.0166910185878 }, "geometry": { "type": "Point", "coordinates": [ 4343924.977102814242244, 5639512.843915915116668 ] } },
{ "type": "Feature", "properties": { "ID": 168994, "Address": "улица имени В.М. Комарова, 1", "lat": 45.115777, "long": 39.020606, "population_x": 10000.0, "type": "pvz", "hex_id": 55, "poi_amenity": 1, "poi_shop": 2, "poi_office": 1, "poi_leisure": 0, "poi_tourism": 0, "population_y": 10000.0, "car_traffic": 22000.0, "foot_traffic": 15000.0, "poi_transport": 0, "attractiveness": 1.05, "coef_amenity": 17556.418239298051, "coef_shop": -2021.87500507615, "coef_office": 2079.3872541171977 }, "geometry": { "type": "Point", "coordinates": [ 4343753.990364955738187, 5639766.657861646264791 ] } },
{ "type": "Feature", "properties": { "ID": 164235, "Address": "улица Куликова Поля, 2", "lat": 45.111427, "long": 39.026831, "population_x": 26000.0, "type": "pvz", "hex_id": 54, "poi_amenity": 5, "poi_shop": 3, "poi_office": 0, "poi_leisure": 0, "poi_tourism": 0, "population_y": 26000.0, "car_traffic": 13000.0, "foot_traffic": 15000.0, "poi_transport": 1, "attractiveness": 2.6, "coef_amenity": 15957.729956047351, "coef_shop": -1193.4733898636546, "coef_office": 1573.3194038147035 }, "geometry": { "type": "Point", "coordinates": [ 4344446.954195143654943, 5639080.477532367222011 ] } },
{ "type": "Feature", "properties": { "ID": 145235, "Address": "2-я Тверская улица, 2/1", "lat": 45.113468, "long": 39.026795, "population_x": 10000.0, "type": "pvz", "hex_id": 55, "poi_amenity": 0, "poi_shop": 0, "poi_office": 0, "poi_leisure": 0, "poi_tourism": 0, "population_y": 10000.0, "car_traffic": 22000.0, "foot_traffic": 15000.0, "poi_transport": 0, "attractiveness": 0.05, "coef_amenity": 15326.126863942525, "coef_shop": -971.39172092380545, "coef_office": 1500.7174859557131 }, "geometry": { "type": "Point", "coordinates": [ 4344442.946693475358188, 5639402.423674961552024 ] } },
{ "type": "Feature", "properties": { "ID": 50015385, "Address": "Волховская улица, 8", "lat": 45.117024, "long": 39.025502, "population_x": 10000.0, "type": "pvz", "hex_id": 55, "poi_amenity": 0, "poi_shop": 0, "poi_office": 0, "poi_leisure": 0, "poi_tourism": 0, "population_y": 10000.0, "car_traffic": 22000.0, "foot_traffic": 15000.0, "poi_transport": 0, "attractiveness": 0.05, "coef_amenity": 14981.60937613888, "coef_shop": -887.82182543289514, "coef_office": 1527.6785105338984 }, "geometry": { "type": "Point", "coordinates": [ 4344299.010591879487038, 5639963.372535794042051 ] } },
{ "type": "Feature", "properties": { "ID": 308651, "Address": "улица Куликова Поля, 17", "lat": 45.112254, "long": 39.02976, "population_x": 26000.0, "type": "pvz", "hex_id": 54, "poi_amenity": 0, "poi_shop": 0, "poi_office": 0, "poi_leisure": 0, "poi_tourism": 0, "population_y": 26000.0, "car_traffic": 13000.0, "foot_traffic": 15000.0, "poi_transport": 0, "attractiveness": 0.05, "coef_amenity": 14364.156411711978, "coef_shop": -722.10720268397733, "coef_office": 1233.8178892705171 }, "geometry": { "type": "Point", "coordinates": [ 4344773.008983677253127, 5639210.926639744080603 ] } },
{ "type": "Feature", "properties": { "ID": 151376, "Address": "улица Ратной Славы, 17", "lat": 45.113278, "long": 39.030119, "population_x": 10000.0, "type": "pvz", "hex_id": 55, "poi_amenity": 0, "poi_shop": 0, "poi_office": 0, "poi_leisure": 0, "poi_tourism": 0, "population_y": 10000.0, "car_traffic": 22000.0, "foot_traffic": 15000.0, "poi_transport": 0, "attractiveness": 0.05, "coef_amenity": 14088.141184331194, "coef_shop": -663.49251704425615, "coef_office": 1189.6570961613347 }, "geometry": { "type": "Point", "coordinates": [ 4344812.972680872306228, 5639372.45270040538162 ] } },
{ "type": "Feature", "properties": { "ID": 50031674, "Address": "улица Ратной Славы, 56", "lat": 45.112712, "long": 39.032976, "population_x": 26000.0, "type": "pvz", "hex_id": 54, "poi_amenity": 1, "poi_shop": 0, "poi_office": 0, "poi_leisure": 0, "poi_tourism": 0, "population_y": 26000.0, "car_traffic": 13000.0, "foot_traffic": 15000.0, "poi_transport": 0, "attractiveness": 0.35, "coef_amenity": 13027.893122958614, "coef_shop": -515.34223782993263, "coef_office": 847.9043713500804 }, "geometry": { "type": "Point", "coordinates": [ 4345131.012466068379581, 5639283.1713359747082 ] } },
{ "type": "Feature", "properties": { "ID": 3958, "Address": "улица имени В.М. Комарова, 21/1к7", "lat": 45.116458, "long": 39.028808, "population_x": 10000.0, "type": "pvz", "hex_id": 55, "poi_amenity": 4, "poi_shop": 6, "poi_office": 0, "poi_leisure": 0, "poi_tourism": 0, "population_y": 10000.0, "car_traffic": 22000.0, "foot_traffic": 15000.0, "poi_transport": 0, "attractiveness": 2.9, "coef_amenity": 13919.315296504903, "coef_shop": -650.18965576968219, "coef_office": 1200.0940534128063 }, "geometry": { "type": "Point", "coordinates": [ 4344667.032828441821039, 5639874.085310501046479 ] } },
{ "type": "Feature", "properties": { "ID": 50010338, "Address": "улица имени В.М. Комарова, 21Б", "lat": 45.117431, "long": 39.028394, "population_x": 10000.0, "type": "pvz", "hex_id": 55, "poi_amenity": 0, "poi_shop": 1, "poi_office": 0, "poi_leisure": 0, "poi_tourism": 0, "population_y": 10000.0, "car_traffic": 22000.0, "foot_traffic": 15000.0, "poi_transport": 0, "attractiveness": 0.25, "coef_amenity": 13958.431002389983, "coef_shop": -651.57974968206906, "coef_office": 1234.7406017615285 }, "geometry": { "type": "Point", "coordinates": [ 4344620.946559253148735, 5640027.57785473857075 ] } },
{ "type": "Feature", "properties": { "ID": 50015385, "Address": "Волховская улица, 8", "lat": 45.117024, "long": 39.025502, "population_x": 10000.0, "type": "pvz", "hex_id": 55, "poi_amenity": 0, "poi_shop": 0, "poi_office": 0, "poi_leisure": 0, "poi_tourism": 0, "population_y": 10000.0, "car_traffic": 22000.0, "foot_traffic": 15000.0, "poi_transport": 0, "attractiveness": 0.05, "coef_amenity": 14981.60937613888, "coef_shop": -887.82182543289514, "coef_office": 1527.6785105338984 }, "geometry": { "type": "Point", "coordinates": [ 4344299.010591879487038, 5639963.372535794042051 ] } },
{ "type": "Feature", "properties": { "ID": 316998, "Address": "2-й проезд Талалихина, 32", "lat": 45.084743, "long": 38.984997, "population_x": 9500.0, "type": "pvz", "hex_id": 38, "poi_amenity": 0, "poi_shop": 1, "poi_office": 0, "poi_leisure": 0, "poi_tourism": 0, "population_y": 9500.0, "car_traffic": 29000.0, "foot_traffic": 19000.0, "poi_transport": 3, "attractiveness": 0.55, "coef_amenity": 24350.454679521405, "coef_shop": 700.02459757602492, "coef_office": 848.74639519207983 }, "geometry": { "type": "Point", "coordinates": [ 4339790.014617297798395, 5634872.417776228860021 ] } },
{ "type": "Feature", "properties": { "ID": 311516, "Address": "Ярославская улица, 115", "lat": 45.090597, "long": 38.9855, "population_x": 9500.0, "type": "pvz", "hex_id": 38, "poi_amenity": 0, "poi_shop": 1, "poi_office": 0, "poi_leisure": 0, "poi_tourism": 0, "population_y": 9500.0, "car_traffic": 29000.0, "foot_traffic": 19000.0, "poi_transport": 0, "attractiveness": 0.25, "coef_amenity": 20681.551837494058, "coef_shop": 1548.3515223797922, "coef_office": -261.39829915511899 }, "geometry": { "type": "Point", "coordinates": [ 4339846.008321166969836, 5635795.423666454851627 ] } },
{ "type": "Feature", "properties": { "ID": 50000309, "Address": "улица имени Дзержинского, 175", "lat": 45.092003, "long": 38.97693, "population_x": 9500.0, "type": "pvz", "hex_id": 38, "poi_amenity": 3, "poi_shop": 4, "poi_office": 0, "poi_leisure": 0, "poi_tourism": 0, "population_y": 9500.0, "car_traffic": 29000.0, "foot_traffic": 19000.0, "poi_transport": 2, "attractiveness": 2.25, "coef_amenity": 20096.974330130914, "coef_shop": 320.65164411715921, "coef_office": -51.090678037196589 }, "geometry": { "type": "Point", "coordinates": [ 4338892.000285068526864, 5636017.123147014528513 ] } },
{ "type": "Feature", "properties": { "ID": 319479, "Address": "Кореновская улица, 57к2", "lat": 45.098035, "long": 38.984449, "population_x": 9500.0, "type": "pvz", "hex_id": 38, "poi_amenity": 1, "poi_shop": 1, "poi_office": 0, "poi_leisure": 0, "poi_tourism": 0, "population_y": 9500.0, "car_traffic": 29000.0, "foot_traffic": 19000.0, "poi_transport": 0, "attractiveness": 0.6, "coef_amenity": 23268.835642649032, "coef_shop": -833.10096342848499, "coef_office": 200.7723686317587 }, "geometry": { "type": "Point", "coordinates": [ 4339729.011536342091858, 5636968.316856852732599 ] } },
{ "type": "Feature", "properties": { "ID": 165913, "Address": "Кореновская улица, 57к1", "lat": 45.097895, "long": 38.983784, "population_x": 9500.0, "type": "pvz", "hex_id": 38, "poi_amenity": 1, "poi_shop": 1, "poi_office": 0, "poi_leisure": 0, "poi_tourism": 0, "population_y": 9500.0, "car_traffic": 29000.0, "foot_traffic": 19000.0, "poi_transport": 0, "attractiveness": 0.6, "coef_amenity": 23003.681313101781, "coef_shop": -827.48750735866156, "coef_office": 201.0258901356604 }, "geometry": { "type": "Point", "coordinates": [ 4339654.984074965119362, 5636946.23894080799073 ] } },
{ "type": "Feature", "properties": { "ID": 307802, "Address": "улица имени Дзержинского, 215", "lat": 45.100599, "long": 38.979562, "population_x": 9500.0, "type": "pvz", "hex_id": 38, "poi_amenity": 4, "poi_shop": 1, "poi_office": 0, "poi_leisure": 0, "poi_tourism": 0, "population_y": 9500.0, "car_traffic": 29000.0, "foot_traffic": 19000.0, "poi_transport": 3, "attractiveness": 1.95, "coef_amenity": 21628.074276528456, "coef_shop": -808.56557494224637, "coef_office": 181.72007547125236 }, "geometry": { "type": "Point", "coordinates": [ 4339184.993184836581349, 5637372.66769356187433 ] } },
{ "type": "Feature", "properties": { "ID": 50013069, "Address": "улица Александра Покрышкина, 25Ак2", "lat": 45.102947, "long": 38.978331, "population_x": 26000.0, "type": "pvz", "hex_id": 39, "poi_amenity": 0, "poi_shop": 0, "poi_office": 0, "poi_leisure": 0, "poi_tourism": 0, "population_y": 26000.0, "car_traffic": 26000.0, "foot_traffic": 21000.0, "poi_transport": 1, "attractiveness": 0.1, "coef_amenity": 21251.664793677191, "coef_shop": -428.71747437514074, "coef_office": 93.190065242913676 }, "geometry": { "type": "Point", "coordinates": [ 4339047.958891669288278, 5637742.970581822097301 ] } },
{ "type": "Feature", "properties": { "ID": 50019334, "Address": "Кореновская улица, 30", "lat": 45.097329, "long": 38.977146, "population_x": 9500.0, "type": "pvz", "hex_id": 38, "poi_amenity": 4, "poi_shop": 9, "poi_office": 2, "poi_leisure": 1, "poi_tourism": 2, "population_y": 9500.0, "car_traffic": 29000.0, "foot_traffic": 19000.0, "poi_transport": 2, "attractiveness": 4.4, "coef_amenity": 20599.50326984893, "coef_shop": -433.94323459105533, "coef_office": 108.39399551952583 }, "geometry": { "type": "Point", "coordinates": [ 4338916.045295079238713, 5636856.981632026843727 ] } },
{ "type": "Feature", "properties": { "ID": 162553, "Address": "Кореновская улица, 21/1", "lat": 45.098322, "long": 38.97384, "population_x": 9500.0, "type": "pvz", "hex_id": 38, "poi_amenity": 4, "poi_shop": 5, "poi_office": 0, "poi_leisure": 0, "poi_tourism": 0, "population_y": 9500.0, "car_traffic": 29000.0, "foot_traffic": 19000.0, "poi_transport": 1, "attractiveness": 2.75, "coef_amenity": 19679.30572600188, "coef_shop": -222.54811123650961, "coef_office": 69.863948093950299 }, "geometry": { "type": "Point", "coordinates": [ 4338548.023058517836034, 5637013.576753971166909 ] } },
{ "type": "Feature", "properties": { "ID": 50013264, "Address": "Кореновская улица, 2к2", "lat": 45.097144, "long": 38.971351, "population_x": 9500.0, "type": "pvz", "hex_id": 38, "poi_amenity": 1, "poi_shop": 2, "poi_office": 1, "poi_leisure": 0, "poi_tourism": 0, "population_y": 9500.0, "car_traffic": 29000.0, "foot_traffic": 19000.0, "poi_transport": 1, "attractiveness": 1.15, "coef_amenity": 18709.18248040881, "coef_shop": -228.40135897040378, "coef_office": 88.641465378065874 }, "geometry": { "type": "Point", "coordinates": [ 4338270.948845932260156, 5636827.807615174911916 ] } },
{ "type": "Feature", "properties": { "ID": 312428, "Address": "Прохладная улица, 86", "lat": 45.098124, "long": 38.969429, "population_x": 9500.0, "type": "pvz", "hex_id": 38, "poi_amenity": 0, "poi_shop": 0, "poi_office": 0, "poi_leisure": 0, "poi_tourism": 0, "population_y": 9500.0, "car_traffic": 29000.0, "foot_traffic": 19000.0, "poi_transport": 2, "attractiveness": 0.2, "coef_amenity": 18064.581492671743, "coef_shop": -209.2922160219868, "coef_office": 95.075457390918189 }, "geometry": { "type": "Point", "coordinates": [ 4338056.992784627713263, 5636982.352131623774767 ] } },
{ "type": "Feature", "properties": { "ID": 164005, "Address": "Кореновская улица, 15/1", "lat": 45.099976, "long": 38.971684, "population_x": 26000.0, "type": "pvz", "hex_id": 39, "poi_amenity": 0, "poi_shop": 2, "poi_office": 0, "poi_leisure": 0, "poi_tourism": 0, "population_y": 26000.0, "car_traffic": 26000.0, "foot_traffic": 21000.0, "poi_transport": 1, "attractiveness": 0.6, "coef_amenity": 18949.047587821868, "coef_shop": -284.37438818762644, "coef_office": 95.625475120534603 }, "geometry": { "type": "Point", "coordinates": [ 4338308.018236367031932, 5637274.416970822028816 ] } },
{ "type": "Feature", "properties": { "ID": 160547, "Address": "улица Александра Покрышкина, 4/10", "lat": 45.100574, "long": 38.972286, "population_x": 26000.0, "type": "pvz", "hex_id": 39, "poi_amenity": 0, "poi_shop": 2, "poi_office": 0, "poi_leisure": 0, "poi_tourism": 0, "population_y": 26000.0, "car_traffic": 26000.0, "foot_traffic": 21000.0, "poi_transport": 0, "attractiveness": 0.5, "coef_amenity": 19236.542474614485, "coef_shop": -290.03235824930374, "coef_office": 91.775193388887615 }, "geometry": { "type": "Point", "coordinates": [ 4338375.032569824717939, 5637368.725027540698647 ] } },
{ "type": "Feature", "properties": { "ID": 50013987, "Address": "улица Александра Покрышкина, 4/9", "lat": 45.101751, "long": 38.972564, "population_x": 26000.0, "type": "pvz", "hex_id": 39, "poi_amenity": 1, "poi_shop": 3, "poi_office": 0, "poi_leisure": 0, "poi_tourism": 0, "population_y": 26000.0, "car_traffic": 26000.0, "foot_traffic": 21000.0, "poi_transport": 2, "attractiveness": 1.3, "coef_amenity": 19404.472144907548, "coef_shop": -314.48954899985711, "coef_office": 94.041261695562042 }, "geometry": { "type": "Point", "coordinates": [ 4338405.979388264939189, 5637554.347616516053677 ] } },
{ "type": "Feature", "properties": { "ID": 2055, "Address": "улица Александра Покрышкина, 2/2", "lat": 45.102559, "long": 38.970238, "population_x": 26000.0, "type": "pvz", "hex_id": 39, "poi_amenity": 2, "poi_shop": 2, "poi_office": 1, "poi_leisure": 0, "poi_tourism": 0, "population_y": 26000.0, "car_traffic": 26000.0, "foot_traffic": 21000.0, "poi_transport": 1, "attractiveness": 1.5, "coef_amenity": 18635.528523306693, "coef_shop": -302.88500497086761, "coef_office": 103.59142490282528 }, "geometry": { "type": "Point", "coordinates": [ 4338147.050252680666745, 5637681.77808313537389 ] } },
{ "type": "Feature", "properties": { "ID": 50015367, "Address": "улица имени Валерия Вишневецкого, 7к1", "lat": 45.096419, "long": 38.948947, "population_x": 11000.0, "type": "pvz", "hex_id": 30, "poi_amenity": 0, "poi_shop": 0, "poi_office": 0, "poi_leisure": 0, "poi_tourism": 0, "population_y": 11000.0, "car_traffic": 2600.0, "foot_traffic": 3400.0, "poi_transport": 0, "attractiveness": 0.05, "coef_amenity": 5214.8969473976331, "coef_shop": 1174.9233709429404, "coef_office": 637.87237359515984 }, "geometry": { "type": "Point", "coordinates": [ 4335776.946974200196564, 5636713.477919600903988 ] } },
{ "type": "Feature", "properties": { "ID": 162684, "Address": "улица Героя Хабибуллина, 6", "lat": 45.101445, "long": 38.948417, "population_x": 11000.0, "type": "pvz", "hex_id": 30, "poi_amenity": 1, "poi_shop": 1, "poi_office": 0, "poi_leisure": 0, "poi_tourism": 0, "population_y": 11000.0, "car_traffic": 2600.0, "foot_traffic": 3400.0, "poi_transport": 2, "attractiveness": 0.8, "coef_amenity": 5901.2240924274229, "coef_shop": 1266.0274772439614, "coef_office": 659.10223864127227 }, "geometry": { "type": "Point", "coordinates": [ 4335717.947644080035388, 5637506.08852943778038 ] } },
{ "type": "Feature", "properties": { "ID": 310691, "Address": "Питерская улица, 40", "lat": 45.100968, "long": 38.953718, "population_x": 11000.0, "type": "pvz", "hex_id": 30, "poi_amenity": 1, "poi_shop": 1, "poi_office": 0, "poi_leisure": 0, "poi_tourism": 0, "population_y": 11000.0, "car_traffic": 2600.0, "foot_traffic": 3400.0, "poi_transport": 0, "attractiveness": 0.6, "coef_amenity": 8655.260552447231, "coef_shop": 1009.8055707183942, "coef_office": 360.97252151086718 }, "geometry": { "type": "Point", "coordinates": [ 4336308.052264775149524, 5637430.861644838005304 ] } },
{ "type": "Feature", "properties": { "ID": 309492, "Address": "улица Героя Пешкова, 7", "lat": 45.1042, "long": 38.950771, "population_x": 11000.0, "type": "pvz", "hex_id": 30, "poi_amenity": 1, "poi_shop": 0, "poi_office": 0, "poi_leisure": 0, "poi_tourism": 0, "population_y": 11000.0, "car_traffic": 2600.0, "foot_traffic": 3400.0, "poi_transport": 0, "attractiveness": 0.35, "coef_amenity": 6905.6846622999255, "coef_shop": 1222.79754041056, "coef_office": 666.20811883011402 }, "geometry": { "type": "Point", "coordinates": [ 4335979.993725406937301, 5637940.587341708131135 ] } },
{ "type": "Feature", "properties": { "ID": 320115, "Address": "улица Героя Пешкова, 14к5", "lat": 45.10427, "long": 38.953673, "population_x": 11000.0, "type": "pvz", "hex_id": 30, "poi_amenity": 4, "poi_shop": 1, "poi_office": 0, "poi_leisure": 0, "poi_tourism": 0, "population_y": 11000.0, "car_traffic": 2600.0, "foot_traffic": 3400.0, "poi_transport": 0, "attractiveness": 1.65, "coef_amenity": 8852.3667258616606, "coef_shop": 987.49627071614395, "coef_office": 447.99894619104737 }, "geometry": { "type": "Point", "coordinates": [ 4336303.042887689545751, 5637951.627512084320188 ] } },
{ "type": "Feature", "properties": { "ID": 160580, "Address": "Степная улица, 1/1", "lat": 45.10469, "long": 38.955999, "population_x": 11000.0, "type": "pvz", "hex_id": 30, "poi_amenity": 0, "poi_shop": 4, "poi_office": 1, "poi_leisure": 0, "poi_tourism": 0, "population_y": 11000.0, "car_traffic": 2600.0, "foot_traffic": 3400.0, "poi_transport": 0, "attractiveness": 1.2, "coef_amenity": 10794.886368380778, "coef_shop": 737.03761110384801, "coef_office": 245.91559351372067 }, "geometry": { "type": "Point", "coordinates": [ 4336561.972023274749517, 5638017.868818627670407 ] } },
{ "type": "Feature", "properties": { "ID": 213025, "Address": "улица Героя Пешкова, 14к2", "lat": 45.105243, "long": 38.952523, "population_x": 11000.0, "type": "pvz", "hex_id": 30, "poi_amenity": 5, "poi_shop": 1, "poi_office": 0, "poi_leisure": 0, "poi_tourism": 0, "population_y": 11000.0, "car_traffic": 2600.0, "foot_traffic": 3400.0, "poi_transport": 1, "attractiveness": 2.1, "coef_amenity": 7948.8464544265098, "coef_shop": 1106.6810333333121, "coef_office": 601.60316297369741 }, "geometry": { "type": "Point", "coordinates": [ 4336175.025473277084529, 5638105.087282190099359 ] } },
{ "type": "Feature", "properties": { "ID": 157715, "Address": "Конгрессная улица, 15", "lat": 45.107724, "long": 38.96421, "population_x": 26000.0, "type": "pvz", "hex_id": 39, "poi_amenity": 2, "poi_shop": 1, "poi_office": 1, "poi_leisure": 0, "poi_tourism": 0, "population_y": 26000.0, "car_traffic": 26000.0, "foot_traffic": 21000.0, "poi_transport": 1, "attractiveness": 1.25, "coef_amenity": 17365.408567550305, "coef_shop": -206.85993713707347, "coef_office": 94.497588535074115 }, "geometry": { "type": "Point", "coordinates": [ 4337476.016362178139389, 5638496.397876519709826 ] } },
{ "type": "Feature", "properties": { "ID": 206909, "Address": "Конгрессная улица, 27", "lat": 45.107355, "long": 38.960832, "population_x": 26000.0, "type": "pvz", "hex_id": 39, "poi_amenity": 5, "poi_shop": 2, "poi_office": 0, "poi_leisure": 0, "poi_tourism": 0, "population_y": 26000.0, "car_traffic": 26000.0, "foot_traffic": 21000.0, "poi_transport": 0, "attractiveness": 2.25, "coef_amenity": 15360.493487356183, "coef_shop": 58.519064676707863, "coef_office": 60.44234841775009 }, "geometry": { "type": "Point", "coordinates": [ 4337099.979122278280556, 5638438.197037935256958 ] } },
{ "type": "Feature", "properties": { "ID": 50016466, "Address": "Конгрессная улица, 33", "lat": 45.108119, "long": 38.958155, "population_x": 26000.0, "type": "pvz", "hex_id": 39, "poi_amenity": 4, "poi_shop": 3, "poi_office": 1, "poi_leisure": 0, "poi_tourism": 0, "population_y": 26000.0, "car_traffic": 26000.0, "foot_traffic": 21000.0, "poi_transport": 0, "attractiveness": 2.35, "coef_amenity": 13807.556497985004, "coef_shop": 316.37510616265132, "coef_office": 40.379862785470557 }, "geometry": { "type": "Point", "coordinates": [ 4336801.976845424622297, 5638558.700004142709076 ] } },
{ "type": "Feature", "properties": { "ID": 50006913, "Address": "улица Григория Булгакова, 7к1", "lat": 45.108901, "long": 38.955999, "population_x": 26000.0, "type": "pvz", "hex_id": 39, "poi_amenity": 4, "poi_shop": 2, "poi_office": 1, "poi_leisure": 0, "poi_tourism": 0, "population_y": 26000.0, "car_traffic": 26000.0, "foot_traffic": 21000.0, "poi_transport": 0, "attractiveness": 2.1, "coef_amenity": 12452.641310890038, "coef_shop": 539.93550616835307, "coef_office": 128.10112405008431 }, "geometry": { "type": "Point", "coordinates": [ 4336561.972023274749517, 5638682.043715831823647 ] } },
{ "type": "Feature", "properties": { "ID": 214816, "Address": "улица Григория Булгакова, 8", "lat": 45.109626, "long": 38.957886, "population_x": 26000.0, "type": "pvz", "hex_id": 39, "poi_amenity": 4, "poi_shop": 4, "poi_office": 1, "poi_leisure": 0, "poi_tourism": 0, "population_y": 26000.0, "car_traffic": 26000.0, "foot_traffic": 21000.0, "poi_transport": 0, "attractiveness": 2.6, "coef_amenity": 14310.1222171467, "coef_shop": 258.23140124803098, "coef_office": -12.602365781549643 }, "geometry": { "type": "Point", "coordinates": [ 4336772.031902401708066, 5638796.398410821333528 ] } },
{ "type": "Feature", "properties": { "ID": 50022975, "Address": "улица Григория Булгакова, 13к1", "lat": 45.110542, "long": 38.956951, "population_x": 26000.0, "type": "pvz", "hex_id": 39, "poi_amenity": 2, "poi_shop": 2, "poi_office": 0, "poi_leisure": 0, "poi_tourism": 0, "population_y": 26000.0, "car_traffic": 26000.0, "foot_traffic": 21000.0, "poi_transport": 0, "attractiveness": 1.2, "coef_amenity": 14114.884378886363, "coef_shop": 314.38001095131125, "coef_office": -14.377980565483291 }, "geometry": { "type": "Point", "coordinates": [ 4336667.948178509250283, 5638940.881730030290782 ] } },
{ "type": "Feature", "properties": { "ID": 50008878, "Address": "улица Григория Булгакова, 12", "lat": 45.111287, "long": 38.958838, "population_x": 26000.0, "type": "pvz", "hex_id": 39, "poi_amenity": 2, "poi_shop": 4, "poi_office": 0, "poi_leisure": 0, "poi_tourism": 0, "population_y": 26000.0, "car_traffic": 26000.0, "foot_traffic": 21000.0, "poi_transport": 0, "attractiveness": 1.7, "coef_amenity": 15876.659746651061, "coef_shop": 52.061646164423159, "coef_office": -143.7502518986025 }, "geometry": { "type": "Point", "coordinates": [ 4336878.008057636208832, 5639058.39443645812571 ] } },
{ "type": "Feature", "properties": { "ID": 305662, "Address": "улица Григория Булгакова, 12к1", "lat": 45.111357, "long": 38.960015, "population_x": 26000.0, "type": "pvz", "hex_id": 39, "poi_amenity": 2, "poi_shop": 2, "poi_office": 0, "poi_leisure": 0, "poi_tourism": 0, "population_y": 26000.0, "car_traffic": 26000.0, "foot_traffic": 21000.0, "poi_transport": 0, "attractiveness": 1.2, "coef_amenity": 16449.757963541259, "coef_shop": -34.330080606560117, "coef_office": -185.56725525575376 }, "geometry": { "type": "Point", "coordinates": [ 4337009.031098300591111, 5639069.435977642424405 ] } },
{ "type": "Feature", "properties": { "ID": 322499, "Address": "улица им. Мурата Ахеджака, 10А", "lat": 45.112056, "long": 38.961551, "population_x": 26000.0, "type": "pvz", "hex_id": 39, "poi_amenity": 1, "poi_shop": 1, "poi_office": 0, "poi_leisure": 0, "poi_tourism": 0, "population_y": 26000.0, "car_traffic": 26000.0, "foot_traffic": 21000.0, "poi_transport": 0, "attractiveness": 0.6, "coef_amenity": 17401.599583718715, "coef_shop": -131.63074991567865, "coef_office": -265.57431215806713 }, "geometry": { "type": "Point", "coordinates": [ 4337180.017836159095168, 5639179.694395982660353 ] } },
{ "type": "Feature", "properties": { "ID": 310122, "Address": "улица им. Мурата Ахеджака, 12к2", "lat": 45.112044, "long": 38.962907, "population_x": 26000.0, "type": "pvz", "hex_id": 39, "poi_amenity": 0, "poi_shop": 1, "poi_office": 0, "poi_leisure": 0, "poi_tourism": 0, "population_y": 26000.0, "car_traffic": 26000.0, "foot_traffic": 21000.0, "poi_transport": 0, "attractiveness": 0.25, "coef_amenity": 17821.369809826963, "coef_shop": -179.47382882385764, "coef_office": -203.43671838763831 }, "geometry": { "type": "Point", "coordinates": [ 4337330.967065674252808, 5639177.801536205224693 ] } },
{ "type": "Feature", "properties": { "ID": 50016121, "Address": "Стадионная улица, 4", "lat": 45.108469, "long": 38.985635, "population_x": 26000.0, "type": "pvz", "hex_id": 39, "poi_amenity": 4, "poi_shop": 1, "poi_office": 1, "poi_leisure": 0, "poi_tourism": 0, "population_y": 26000.0, "car_traffic": 26000.0, "foot_traffic": 21000.0, "poi_transport": 2, "attractiveness": 2.05, "coef_amenity": 25598.424857415263, "coef_shop": -1838.8776815989984, "coef_office": 368.57979674052677 }, "geometry": { "type": "Point", "coordinates": [ 4339861.036452423781157, 5638613.904781284742057 ] } },
{ "type": "Feature", "properties": { "ID": 50011456, "Address": "улица Красных Партизан, 16/1", "lat": 45.054136, "long": 38.936236, "population_x": 21000.0, "type": "pvz", "hex_id": 21, "poi_amenity": 4, "poi_shop": 1, "poi_office": 1, "poi_leisure": 0, "poi_tourism": 0, "population_y": 21000.0, "car_traffic": 28000.0, "foot_traffic": 35000.0, "poi_transport": 1, "attractiveness": 1.95, "coef_amenity": 33357.53649988398, "coef_shop": 23.177532567641197, "coef_office": 60.543746656303867 }, "geometry": { "type": "Point", "coordinates": [ 4334361.964926727116108, 5630048.121530483476818 ] } },
{ "type": "Feature", "properties": { "ID": 50001101, "Address": "улица Гагарина, 22", "lat": 45.05648, "long": 38.934332, "population_x": 21000.0, "type": "pvz", "hex_id": 21, "poi_amenity": 0, "poi_shop": 0, "poi_office": 0, "poi_leisure": 0, "poi_tourism": 0, "population_y": 21000.0, "car_traffic": 28000.0, "foot_traffic": 35000.0, "poi_transport": 4, "attractiveness": 0.4, "coef_amenity": 30499.912770489787, "coef_shop": 528.5374991936651, "coef_office": -190.1206371978304 }, "geometry": { "type": "Point", "coordinates": [ 4334150.012616256251931, 5630417.493086281232536 ] } },
{ "type": "Feature", "properties": { "ID": 50031886, "Address": "улица имени Панфилова, 1", "lat": 45.059287, "long": 38.927217, "population_x": 21000.0, "type": "pvz", "hex_id": 21, "poi_amenity": 16, "poi_shop": 9, "poi_office": 1, "poi_leisure": 0, "poi_tourism": 0, "population_y": 21000.0, "car_traffic": 28000.0, "foot_traffic": 35000.0, "poi_transport": 5, "attractiveness": 8.55, "coef_amenity": 24280.231074751857, "coef_shop": 1596.7471645671565, "coef_office": -930.26326844376501 }, "geometry": { "type": "Point", "coordinates": [ 4333357.974439262412488, 5630859.844902302138507 ] } },
{ "type": "Feature", "properties": { "ID": 50034991, "Address": "Темрюкская улица, 58", "lat": 45.061694, "long": 38.927451, "population_x": 21000.0, "type": "pvz", "hex_id": 21, "poi_amenity": 1, "poi_shop": 1, "poi_office": 0, "poi_leisure": 0, "poi_tourism": 0, "population_y": 21000.0, "car_traffic": 28000.0, "foot_traffic": 35000.0, "poi_transport": 0, "attractiveness": 0.6, "coef_amenity": 23554.224409823943, "coef_shop": 1673.9925332478201, "coef_office": -875.34432257037372 }, "geometry": { "type": "Point", "coordinates": [ 4333384.023200107738376, 5631239.178485793992877 ] } },
{ "type": "Feature", "properties": { "ID": 50022152, "Address": "улица 3-я Линия, 57/7", "lat": 45.062235, "long": 38.932877, "population_x": 21000.0, "type": "pvz", "hex_id": 21, "poi_amenity": 2, "poi_shop": 0, "poi_office": 0, "poi_leisure": 0, "poi_tourism": 0, "population_y": 21000.0, "car_traffic": 28000.0, "foot_traffic": 35000.0, "poi_transport": 8, "attractiveness": 1.5, "coef_amenity": 27308.234241386665, "coef_shop": 1226.3772261771974, "coef_office": -465.01464190914169 }, "geometry": { "type": "Point", "coordinates": [ 4333988.042757151648402, 5631324.44012247864157 ] } },
{ "type": "Feature", "properties": { "ID": 126698, "Address": "улица Академика Лукьяненко, 30", "lat": 45.056263, "long": 38.912485, "population_x": 13000.0, "type": "pvz", "hex_id": 13, "poi_amenity": 1, "poi_shop": 6, "poi_office": 0, "poi_leisure": 0, "poi_tourism": 0, "population_y": 13000.0, "car_traffic": 13000.0, "foot_traffic": 9500.0, "poi_transport": 2, "attractiveness": 2.05, "coef_amenity": 16762.61558837253, "coef_shop": 1027.452507246217, "coef_office": -908.28268856588488 }, "geometry": { "type": "Point", "coordinates": [ 4331718.015700895339251, 5630383.297216705046594 ] } },
{ "type": "Feature", "properties": { "ID": 50006867, "Address": "улица Академика Лукьяненко, 95/9", "lat": 45.060032, "long": 38.917291, "population_x": 13000.0, "type": "pvz", "hex_id": 13, "poi_amenity": 0, "poi_shop": 1, "poi_office": 0, "poi_leisure": 0, "poi_tourism": 0, "population_y": 13000.0, "car_traffic": 13000.0, "foot_traffic": 9500.0, "poi_transport": 2, "attractiveness": 0.45, "coef_amenity": 18242.918713149411, "coef_shop": 1675.8836029127058, "coef_office": -1440.5207337149307 }, "geometry": { "type": "Point", "coordinates": [ 4332253.017173647880554, 5630977.252219409681857 ] } },
{ "type": "Feature", "properties": { "ID": 167574, "Address": "улица Академика Лукьяненко, 12/1", "lat": 45.061471, "long": 38.917515, "population_x": 13000.0, "type": "pvz", "hex_id": 13, "poi_amenity": 0, "poi_shop": 3, "poi_office": 0, "poi_leisure": 0, "poi_tourism": 0, "population_y": 13000.0, "car_traffic": 13000.0, "foot_traffic": 9500.0, "poi_transport": 1, "attractiveness": 0.85, "coef_amenity": 17451.719015008097, "coef_shop": 1736.9928700384924, "coef_office": -1383.1514861243072 }, "geometry": { "type": "Point", "coordinates": [ 4332277.952739586122334, 5631204.03390549402684 ] } },
{ "type": "Feature", "properties": { "ID": 212762, "Address": "улица Красных Партизан, 4/4", "lat": 45.061433, "long": 38.92039, "population_x": 13000.0, "type": "pvz", "hex_id": 13, "poi_amenity": 2, "poi_shop": 1, "poi_office": 0, "poi_leisure": 0, "poi_tourism": 0, "population_y": 13000.0, "car_traffic": 13000.0, "foot_traffic": 9500.0, "poi_transport": 1, "attractiveness": 1.05, "coef_amenity": 19243.617827189602, "coef_shop": 1814.5492759980507, "coef_office": -1376.4318655706359 }, "geometry": { "type": "Point", "coordinates": [ 4332597.996275616809726, 5631198.045156602747738 ] } },
{ "type": "Feature", "properties": { "ID": 50000808, "Address": "Азовская улица, 17", "lat": 45.065297, "long": 38.918297, "population_x": 13000.0, "type": "pvz", "hex_id": 13, "poi_amenity": 2, "poi_shop": 7, "poi_office": 0, "poi_leisure": 0, "poi_tourism": 0, "population_y": 13000.0, "car_traffic": 13000.0, "foot_traffic": 9500.0, "poi_transport": 3, "attractiveness": 2.75, "coef_amenity": 15582.27382843031, "coef_shop": 1711.1476186498385, "coef_office": -1049.1628167944211 }, "geometry": { "type": "Point", "coordinates": [ 4332365.004581387154758, 5631807.026736904866993 ] } },
{ "type": "Feature", "properties": { "ID": 101793, "Address": "улица Красных Партизан, 81", "lat": 45.067735, "long": 38.914237, "population_x": 13000.0, "type": "pvz", "hex_id": 13, "poi_amenity": 2, "poi_shop": 4, "poi_office": 1, "poi_leisure": 0, "poi_tourism": 0, "population_y": 13000.0, "car_traffic": 13000.0, "foot_traffic": 9500.0, "poi_transport": 3, "attractiveness": 2.2, "coef_amenity": 13579.357334900091, "coef_shop": 1394.9300251269356, "coef_office": -772.42151565783115 }, "geometry": { "type": "Point", "coordinates": [ 4331913.047448765486479, 5632191.286294677294791 ] } },
{ "type": "Feature", "properties": { "ID": 50003520, "Address": "Славянская улица, 81", "lat": 45.066672, "long": 38.925043, "population_x": 3600.0, "type": "pvz", "hex_id": 22, "poi_amenity": 1, "poi_shop": 5, "poi_office": 1, "poi_leisure": 0, "poi_tourism": 0, "population_y": 3600.0, "car_traffic": 4200.0, "foot_traffic": 3600.0, "poi_transport": 10, "attractiveness": 2.8, "coef_amenity": 18900.067335258565, "coef_shop": 1767.1467102205527, "coef_office": -792.59127441159762 }, "geometry": { "type": "Point", "coordinates": [ 4333115.96586627792567, 5632023.742068844847381 ] } },
{ "type": "Feature", "properties": { "ID": 50005351, "Address": "улица имени Толбухина, 41", "lat": 45.070104, "long": 38.932922, "population_x": 3600.0, "type": "pvz", "hex_id": 22, "poi_amenity": 0, "poi_shop": 0, "poi_office": 0, "poi_leisure": 0, "poi_tourism": 0, "population_y": 3600.0, "car_traffic": 4200.0, "foot_traffic": 3600.0, "poi_transport": 0, "attractiveness": 0.05, "coef_amenity": 28749.902520070893, "coef_shop": 1418.8134510852744, "coef_office": -480.71029227492016 }, "geometry": { "type": "Point", "coordinates": [ 4333993.052134237252176, 5632564.686282431706786 ] } },
{ "type": "Feature", "properties": { "ID": 318052, "Address": "улица имени Калинина, 1к10", "lat": 45.057415, "long": 38.896881, "population_x": 13000.0, "type": "pvz", "hex_id": 13, "poi_amenity": 5, "poi_shop": 6, "poi_office": 0, "poi_leisure": 4, "poi_tourism": 0, "population_y": 13000.0, "car_traffic": 13000.0, "foot_traffic": 9500.0, "poi_transport": 2, "attractiveness": 3.65, "coef_amenity": 10175.946511608416, "coef_shop": 43.186352159632705, "coef_office": 63.491230846105914 }, "geometry": { "type": "Point", "coordinates": [ 4329980.986366557888687, 5630564.836220481432974 ] } },
{ "type": "Feature", "properties": { "ID": 5698, "Address": "микрорайон имени Н.И. Вавилова", "lat": 45.054652, "long": 38.891446, "population_x": 3000.0, "type": "pvz", "hex_id": 5, "poi_amenity": 5, "poi_shop": 2, "poi_office": 0, "poi_leisure": 2, "poi_tourism": 0, "population_y": 3000.0, "car_traffic": 12000.0, "foot_traffic": 2600.0, "poi_transport": 1, "attractiveness": 2.45, "coef_amenity": 8936.7642220743546, "coef_shop": -394.61563926813562, "coef_office": 324.99001638421726 }, "geometry": { "type": "Point", "coordinates": [ 4329375.964934096671641, 5630129.432399301789701 ] } },
{ "type": "Feature", "properties": { "ID": 50004504, "Address": "улица Вавилова, 18/2", "lat": 45.055645, "long": 38.889802, "population_x": 600.0, "type": "pvz", "hex_id": 6, "poi_amenity": 1, "poi_shop": 6, "poi_office": 0, "poi_leisure": 1, "poi_tourism": 0, "population_y": 600.0, "car_traffic": 12000.0, "foot_traffic": 1900.0, "poi_transport": 2, "attractiveness": 2.1, "coef_amenity": 9402.3966864368595, "coef_shop": -285.26654751594208, "coef_office": 222.61527520956665 }, "geometry": { "type": "Point", "coordinates": [ 4329192.955691232345998, 5630285.910612534731627 ] } },
{ "type": "Feature", "properties": { "ID": 50004291, "Address": "Красная улица, 10", "lat": 45.060478, "long": 38.885904, "population_x": 600.0, "type": "pvz", "hex_id": 6, "poi_amenity": 1, "poi_shop": 1, "poi_office": 0, "poi_leisure": 0, "poi_tourism": 0, "population_y": 600.0, "car_traffic": 12000.0, "foot_traffic": 1900.0, "poi_transport": 0, "attractiveness": 0.6, "coef_amenity": 10714.12485969179, "coef_shop": -3.1868367718711599, "coef_office": -97.152560745861336 }, "geometry": { "type": "Point", "coordinates": [ 4328759.032316119410098, 5631047.539748013950884 ] } },
{ "type": "Feature", "properties": { "ID": 321694, "Address": "Заполярная улица, 39к6", "lat": 45.072522, "long": 38.907113, "population_x": 30000.0, "type": "pvz", "hex_id": 14, "poi_amenity": 1, "poi_shop": 3, "poi_office": 0, "poi_leisure": 0, "poi_tourism": 0, "population_y": 30000.0, "car_traffic": 12000.0, "foot_traffic": 14000.0, "poi_transport": 0, "attractiveness": 1.1, "coef_amenity": 12865.598294018577, "coef_shop": 419.74006723769639, "coef_office": -196.82584236443441 }, "geometry": { "type": "Point", "coordinates": [ 4331120.007396355271339, 5632945.825573689304292 ] } },
{ "type": "Feature", "properties": { "ID": 173155, "Address": "Заполярная улица, 39с2", "lat": 45.072917, "long": 38.905819, "population_x": 30000.0, "type": "pvz", "hex_id": 14, "poi_amenity": 2, "poi_shop": 3, "poi_office": 0, "poi_leisure": 0, "poi_tourism": 0, "population_y": 30000.0, "car_traffic": 12000.0, "foot_traffic": 14000.0, "poi_transport": 0, "attractiveness": 1.45, "coef_amenity": 13027.643242722548, "coef_shop": 239.4885925596306, "coef_office": -132.72463662493979 }, "geometry": { "type": "Point", "coordinates": [ 4330975.959975268691778, 5633008.089314412325621 ] } },
{ "type": "Feature", "properties": { "ID": 317634, "Address": "Заполярная улица, 39к9", "lat": 45.074279, "long": 38.907284, "population_x": 30000.0, "type": "pvz", "hex_id": 14, "poi_amenity": 0, "poi_shop": 1, "poi_office": 0, "poi_leisure": 1, "poi_tourism": 0, "population_y": 30000.0, "car_traffic": 12000.0, "foot_traffic": 14000.0, "poi_transport": 0, "attractiveness": 0.3, "coef_amenity": 13277.873969213257, "coef_shop": 136.32861177786211, "coef_office": -98.43743376991425 }, "geometry": { "type": "Point", "coordinates": [ 4331139.043029279448092, 5633222.784297884441912 ] } },
{ "type": "Feature", "properties": { "ID": 159956, "Address": "Заполярная улица, 39к4", "lat": 45.073229, "long": 38.905559, "population_x": 30000.0, "type": "pvz", "hex_id": 14, "poi_amenity": 1, "poi_shop": 3, "poi_office": 0, "poi_leisure": 0, "poi_tourism": 0, "population_y": 30000.0, "car_traffic": 12000.0, "foot_traffic": 14000.0, "poi_transport": 0, "attractiveness": 1.1, "coef_amenity": 13114.742032466786, "coef_shop": 172.59740365569013, "coef_office": -102.98754436080011 }, "geometry": { "type": "Point", "coordinates": [ 4330947.016907661221921, 5633057.270092303864658 ] } },
{ "type": "Feature", "properties": { "ID": 129981, "Address": "Заполярная улица, 37к2", "lat": 45.074146, "long": 38.904678, "population_x": 30000.0, "type": "pvz", "hex_id": 14, "poi_amenity": 4, "poi_shop": 3, "poi_office": 0, "poi_leisure": 0, "poi_tourism": 0, "population_y": 30000.0, "car_traffic": 12000.0, "foot_traffic": 14000.0, "poi_transport": 0, "attractiveness": 2.15, "coef_amenity": 13184.939026680642, "coef_shop": 93.372723185005256, "coef_office": -38.255858991778084 }, "geometry": { "type": "Point", "coordinates": [ 4330848.944436272606254, 5633201.818996973335743 ] } },
{ "type": "Feature", "properties": { "ID": 50009499, "Address": "Заполярная улица, 35к9", "lat": 45.075425, "long": 38.904849, "population_x": 30000.0, "type": "pvz", "hex_id": 14, "poi_amenity": 2, "poi_shop": 1, "poi_office": 0, "poi_leisure": 0, "poi_tourism": 0, "population_y": 30000.0, "car_traffic": 12000.0, "foot_traffic": 14000.0, "poi_transport": 0, "attractiveness": 0.95, "coef_amenity": 13249.42451044382, "coef_shop": 40.166178937184725, "coef_office": 21.33320172475586 }, "geometry": { "type": "Point", "coordinates": [ 4330867.980069198645651, 5633403.434701723046601 ] } },
{ "type": "Feature", "properties": { "ID": 314080, "Address": "Заполярная улица, 35к3", "lat": 45.074317, "long": 38.903106, "population_x": 30000.0, "type": "pvz", "hex_id": 14, "poi_amenity": 4, "poi_shop": 3, "poi_office": 0, "poi_leisure": 0, "poi_tourism": 0, "population_y": 30000.0, "car_traffic": 12000.0, "foot_traffic": 14000.0, "poi_transport": 2, "attractiveness": 2.35, "coef_amenity": 13107.679900225634, "coef_shop": 67.27464227924699, "coef_office": 29.583500132117081 }, "geometry": { "type": "Point", "coordinates": [ 4330673.950196745805442, 5633228.774392820894718 ] } },
{ "type": "Feature", "properties": { "ID": 131488, "Address": "Заполярная улица, 35к4", "lat": 45.074521, "long": 38.902774, "population_x": 30000.0, "type": "pvz", "hex_id": 14, "poi_amenity": 4, "poi_shop": 2, "poi_office": 0, "poi_leisure": 0, "poi_tourism": 0, "population_y": 30000.0, "car_traffic": 12000.0, "foot_traffic": 14000.0, "poi_transport": 2, "attractiveness": 2.1, "coef_amenity": 13101.570830928033, "coef_shop": 48.292840148543938, "coef_office": 42.846441348344797 }, "geometry": { "type": "Point", "coordinates": [ 4330636.992125802673399, 5633260.931812671013176 ] } },
{ "type": "Feature", "properties": { "ID": 305303, "Address": "улица Красных Партизан, 1/4к16", "lat": 45.076316, "long": 38.903017, "population_x": 30000.0, "type": "pvz", "hex_id": 14, "poi_amenity": 0, "poi_shop": 2, "poi_office": 0, "poi_leisure": 0, "poi_tourism": 0, "population_y": 30000.0, "car_traffic": 12000.0, "foot_traffic": 14000.0, "poi_transport": 0, "attractiveness": 0.5, "coef_amenity": 13174.385326377225, "coef_shop": -82.430842087669348, "coef_office": 144.8900122059118 }, "geometry": { "type": "Point", "coordinates": [ 4330664.042762065306306, 5633543.890529492869973 ] } },
{ "type": "Feature", "properties": { "ID": 50017134, "Address": "улица Красных Партизан, 1/3к10", "lat": 45.077665, "long": 38.899657, "population_x": 30000.0, "type": "pvz", "hex_id": 14, "poi_amenity": 1, "poi_shop": 3, "poi_office": 1, "poi_leisure": 0, "poi_tourism": 0, "population_y": 30000.0, "car_traffic": 12000.0, "foot_traffic": 14000.0, "poi_transport": 0, "attractiveness": 1.3, "coef_amenity": 13032.406568679296, "coef_shop": -299.875528778682, "coef_office": 360.85383074379121 }, "geometry": { "type": "Point", "coordinates": [ 4330290.009272999130189, 5633756.548919389024377 ] } },
{ "type": "Feature", "properties": { "ID": 162105, "Address": "улица Красных Партизан, 1/4к11", "lat": 45.078881, "long": 38.898669, "population_x": 30000.0, "type": "pvz", "hex_id": 14, "poi_amenity": 2, "poi_shop": 4, "poi_office": 0, "poi_leisure": 0, "poi_tourism": 0, "population_y": 30000.0, "car_traffic": 12000.0, "foot_traffic": 14000.0, "poi_transport": 0, "attractiveness": 1.7, "coef_amenity": 12953.201423490622, "coef_shop": -456.4092401572313, "coef_office": 463.56936960297816 }, "geometry": { "type": "Point", "coordinates": [ 4330180.025616096332669, 5633948.24529164750129 ] } },
{ "type": "Feature", "properties": { "ID": 163112, "Address": "улица Красных Партизан, 1/4к8", "lat": 45.078741, "long": 38.897977, "population_x": 30000.0, "type": "pvz", "hex_id": 14, "poi_amenity": 3, "poi_shop": 4, "poi_office": 0, "poi_leisure": 0, "poi_tourism": 0, "population_y": 30000.0, "car_traffic": 12000.0, "foot_traffic": 14000.0, "poi_transport": 0, "attractiveness": 2.05, "coef_amenity": 12928.218385254766, "coef_shop": -456.67056795864522, "coef_office": 473.62261715336558 }, "geometry": { "type": "Point", "coordinates": [ 4330102.992528467439115, 5633926.174777824431658 ] } },
{ "type": "Feature", "properties": { "ID": 50011665, "Address": "улица Красных Партизан, 1/4к3", "lat": 45.079066, "long": 38.896576, "population_x": 30000.0, "type": "pvz", "hex_id": 14, "poi_amenity": 3, "poi_shop": 3, "poi_office": 1, "poi_leisure": 0, "poi_tourism": 0, "population_y": 30000.0, "car_traffic": 12000.0, "foot_traffic": 14000.0, "poi_transport": 0, "attractiveness": 1.9999999999999998, "coef_amenity": 12767.581424733035, "coef_shop": -520.8588579677546, "coef_office": 531.7528495972814 }, "geometry": { "type": "Point", "coordinates": [ 4329947.033921865746379, 5633977.409982142038643 ] } },
{ "type": "Feature", "properties": { "ID": 139652, "Address": "улица Красных Партизан, 1/4к4", "lat": 45.079995, "long": 38.897267, "population_x": 30000.0, "type": "pvz", "hex_id": 14, "poi_amenity": 2, "poi_shop": 5, "poi_office": 1, "poi_leisure": 0, "poi_tourism": 0, "population_y": 30000.0, "car_traffic": 12000.0, "foot_traffic": 14000.0, "poi_transport": 0, "attractiveness": 2.15, "coef_amenity": 12794.958554583533, "coef_shop": -565.7670004367186, "coef_office": 546.78350940172504 }, "geometry": { "type": "Point", "coordinates": [ 4330023.955690003931522, 5634123.865450227633119 ] } },
{ "type": "Feature", "properties": { "ID": 164050, "Address": "улица Красных Партизан, 1/4к9", "lat": 45.081573, "long": 38.898678, "population_x": 30000.0, "type": "pvz", "hex_id": 14, "poi_amenity": 1, "poi_shop": 2, "poi_office": 0, "poi_leisure": 0, "poi_tourism": 0, "population_y": 30000.0, "car_traffic": 12000.0, "foot_traffic": 14000.0, "poi_transport": 0, "attractiveness": 0.85, "coef_amenity": 12443.930425037626, "coef_shop": -608.22497225015036, "coef_office": 598.23360663705455 }, "geometry": { "type": "Point", "coordinates": [ 4330181.027491512708366, 5634372.640260731801391 ] } },
{ "type": "Feature", "properties": { "ID": 50022268, "Address": "улица Красных Партизан, 1/4к13", "lat": 45.081287, "long": 38.900061, "population_x": 30000.0, "type": "pvz", "hex_id": 14, "poi_amenity": 1, "poi_shop": 1, "poi_office": 0, "poi_leisure": 0, "poi_tourism": 0, "population_y": 30000.0, "car_traffic": 12000.0, "foot_traffic": 14000.0, "poi_transport": 0, "attractiveness": 0.6, "coef_amenity": 12477.803811290913, "coef_shop": -585.65287856517625, "coef_office": 570.50566368756631 }, "geometry": { "type": "Point", "coordinates": [ 4330334.982347280718386, 5634327.551287173293531 ] } },
{ "type": "Feature", "properties": { "ID": 312376, "Address": "улица Красных Партизан, 1/4к21", "lat": 45.084023, "long": 38.903574, "population_x": 30000.0, "type": "pvz", "hex_id": 14, "poi_amenity": 0, "poi_shop": 2, "poi_office": 0, "poi_leisure": 0, "poi_tourism": 0, "population_y": 30000.0, "car_traffic": 12000.0, "foot_traffic": 14000.0, "poi_transport": 0, "attractiveness": 0.5, "coef_amenity": 12266.214257072043, "coef_shop": -629.72053066270814, "coef_office": 549.13439557585457 }, "geometry": { "type": "Point", "coordinates": [ 4330726.047718437388539, 5634758.901206160895526 ] } },
{ "type": "Feature", "properties": { "ID": 308494, "Address": "улица Даниила Смоляна, 65к1", "lat": 45.08935, "long": 38.89998, "population_x": 30000.0, "type": "pvz", "hex_id": 14, "poi_amenity": 0, "poi_shop": 0, "poi_office": 1, "poi_leisure": 0, "poi_tourism": 0, "population_y": 30000.0, "car_traffic": 12000.0, "foot_traffic": 14000.0, "poi_transport": 0, "attractiveness": 0.2, "coef_amenity": 10463.211133033556, "coef_shop": -587.21533235274933, "coef_office": 632.33422684685127 }, "geometry": { "type": "Point", "coordinates": [ 4330325.965468525886536, 5635598.800030950456858 ] } },
{ "type": "Feature", "properties": { "ID": 50015468, "Address": "улица Даниила Смоляна, 71к3", "lat": 45.089611, "long": 38.902199, "population_x": 30000.0, "type": "pvz", "hex_id": 14, "poi_amenity": 0, "poi_shop": 0, "poi_office": 1, "poi_leisure": 0, "poi_tourism": 0, "population_y": 30000.0, "car_traffic": 12000.0, "foot_traffic": 14000.0, "poi_transport": 2, "attractiveness": 0.4, "coef_amenity": 10366.04027773407, "coef_shop": -555.23415900324017, "coef_office": 565.93080423358947 }, "geometry": { "type": "Point", "coordinates": [ 4330572.98341859690845, 5635639.953459906391799 ] } },
{ "type": "Feature", "properties": { "ID": 50019717, "Address": "отделение № 2 Агрофирмы Солнечная, 9/2", "lat": 45.0876, "long": 38.909215, "population_x": 30000.0, "type": "pvz", "hex_id": 14, "poi_amenity": 0, "poi_shop": 0, "poi_office": 0, "poi_leisure": 0, "poi_tourism": 0, "population_y": 30000.0, "car_traffic": 12000.0, "foot_traffic": 14000.0, "poi_transport": 0, "attractiveness": 0.05, "coef_amenity": 11136.604950672507, "coef_shop": -562.52993466848693, "coef_office": 377.12621070476592 }, "geometry": { "type": "Point", "coordinates": [ 4331354.000966002233326, 5635322.871935588307679 ] } },
{ "type": "Feature", "properties": { "ID": 50009047, "Address": "улица Западный Обход, 39/1к6", "lat": 45.091933, "long": 38.903124, "population_x": 30000.0, "type": "pvz", "hex_id": 14, "poi_amenity": 1, "poi_shop": 0, "poi_office": 0, "poi_leisure": 0, "poi_tourism": 0, "population_y": 30000.0, "car_traffic": 12000.0, "foot_traffic": 14000.0, "poi_transport": 0, "attractiveness": 0.35, "coef_amenity": 9499.6498641075523, "coef_shop": -398.07132968202097, "coef_office": 596.65007667216912 }, "geometry": { "type": "Point", "coordinates": [ 4330675.953947579488158, 5636006.085348187014461 ] } },
{ "type": "Feature", "properties": { "ID": 312610, "Address": "улица Константина Гондаря, 91", "lat": 45.093136, "long": 38.901103, "population_x": 30000.0, "type": "pvz", "hex_id": 14, "poi_amenity": 4, "poi_shop": 1, "poi_office": 0, "poi_leisure": 0, "poi_tourism": 0, "population_y": 30000.0, "car_traffic": 12000.0, "foot_traffic": 14000.0, "poi_transport": 0, "attractiveness": 1.65, "coef_amenity": 9187.3527314407511, "coef_shop": -361.77451438458888, "coef_office": 661.82615194364621 }, "geometry": { "type": "Point", "coordinates": [ 4330450.977256687358022, 5636195.779686791822314 ] } },
{ "type": "Feature", "properties": { "ID": 214065, "Address": "улица Западный Обход, 39/2к7", "lat": 45.093505, "long": 38.902594, "population_x": 30000.0, "type": "pvz", "hex_id": 14, "poi_amenity": 4, "poi_shop": 1, "poi_office": 1, "poi_leisure": 0, "poi_tourism": 0, "population_y": 30000.0, "car_traffic": 12000.0, "foot_traffic": 14000.0, "poi_transport": 0, "attractiveness": 1.85, "coef_amenity": 9128.6584848124603, "coef_shop": -338.86394952904158, "coef_office": 606.75415981904996 }, "geometry": { "type": "Point", "coordinates": [ 4330616.954617459326982, 5636253.966032850556076 ] } },
{ "type": "Feature", "properties": { "ID": 319166, "Address": "улица Ивана Беличенко, 85", "lat": 45.094498, "long": 38.899567, "population_x": 8500.0, "type": "pvz", "hex_id": 15, "poi_amenity": 3, "poi_shop": 1, "poi_office": 0, "poi_leisure": 0, "poi_tourism": 0, "population_y": 8500.0, "car_traffic": 1600.0, "foot_traffic": 1400.0, "poi_transport": 0, "attractiveness": 1.3, "coef_amenity": 8893.8911940478356, "coef_shop": -324.72438830247881, "coef_office": 691.37078990947941 }, "geometry": { "type": "Point", "coordinates": [ 4330279.990518827922642, 5636410.550668721087277 ] } },
{ "type": "Feature", "properties": { "ID": 50006852, "Address": "улица Западный Обход, 39/2", "lat": 45.093702, "long": 38.905658, "population_x": 26000.0, "type": "pvz", "hex_id": 23, "poi_amenity": 4, "poi_shop": 2, "poi_office": 0, "poi_leisure": 0, "poi_tourism": 0, "population_y": 26000.0, "car_traffic": 11000.0, "foot_traffic": 10000.0, "poi_transport": 0, "attractiveness": 1.9, "coef_amenity": 9192.2386825988997, "coef_shop": -309.72544896914297, "coef_office": 525.44729573339964 }, "geometry": { "type": "Point", "coordinates": [ 4330958.03753725066781, 5636285.030442000366747 ] } },
{ "type": "Feature", "properties": { "ID": 50016237, "Address": "улица Константина Гондаря, 97", "lat": 45.095191, "long": 38.903035, "population_x": 8500.0, "type": "pvz", "hex_id": 15, "poi_amenity": 7, "poi_shop": 0, "poi_office": 0, "poi_leisure": 0, "poi_tourism": 0, "population_y": 8500.0, "car_traffic": 1600.0, "foot_traffic": 1400.0, "poi_transport": 0, "attractiveness": 2.45, "coef_amenity": 8911.0919982321284, "coef_shop": -285.00800838334845, "coef_office": 601.38243474069782 }, "geometry": { "type": "Point", "coordinates": [ 4330666.046512899920344, 5636519.830381214618683 ] } },
{ "type": "Feature", "properties": { "ID": 312117, "Address": "улица Ивана Беличенко, 89", "lat": 45.096954, "long": 38.901076, "population_x": 8500.0, "type": "pvz", "hex_id": 15, "poi_amenity": 3, "poi_shop": 1, "poi_office": 0, "poi_leisure": 0, "poi_tourism": 0, "population_y": 8500.0, "car_traffic": 1600.0, "foot_traffic": 1400.0, "poi_transport": 0, "attractiveness": 1.3, "coef_amenity": 8693.2885354588198, "coef_shop": -257.35662701787646, "coef_office": 644.85737740965908 }, "geometry": { "type": "Point", "coordinates": [ 4330447.971630435436964, 5636797.845209767110646 ] } },
{ "type": "Feature", "properties": { "ID": 140184, "Address": "улица Западный Обход, 45с1", "lat": 45.09472, "long": 38.906843, "population_x": 26000.0, "type": "pvz", "hex_id": 23, "poi_amenity": 2, "poi_shop": 4, "poi_office": 0, "poi_leisure": 0, "poi_tourism": 0, "population_y": 26000.0, "car_traffic": 11000.0, "foot_traffic": 10000.0, "poi_transport": 1, "attractiveness": 1.8, "coef_amenity": 9094.3555822900926, "coef_shop": -272.24395341530686, "coef_office": 499.95979814248949 }, "geometry": { "type": "Point", "coordinates": [ 4331089.951133840717375, 5636445.55787814129144 ] } },
{ "type": "Feature", "properties": { "ID": 217837, "Address": "улица Западный Обход, 42к6", "lat": 45.093066, "long": 38.911308, "population_x": 26000.0, "type": "pvz", "hex_id": 23, "poi_amenity": 1, "poi_shop": 1, "poi_office": 0, "poi_leisure": 0, "poi_tourism": 0, "population_y": 26000.0, "car_traffic": 11000.0, "foot_traffic": 10000.0, "poi_transport": 1, "attractiveness": 0.7, "coef_amenity": 9479.3369197733155, "coef_shop": -282.99651918822764, "coef_office": 375.21241172252792 }, "geometry": { "type": "Point", "coordinates": [ 4331586.992660231888294, 5636184.741668987087905 ] } },
{ "type": "Feature", "properties": { "ID": 108722, "Address": "улица Западный Обход, 42к2", "lat": 45.093505, "long": 38.91005, "population_x": 26000.0, "type": "pvz", "hex_id": 23, "poi_amenity": 3, "poi_shop": 8, "poi_office": 0, "poi_leisure": 0, "poi_tourism": 0, "population_y": 26000.0, "car_traffic": 11000.0, "foot_traffic": 10000.0, "poi_transport": 3, "attractiveness": 3.35, "coef_amenity": 9370.4847079265164, "coef_shop": -281.09784055762049, "coef_office": 411.06658573311978 }, "geometry": { "type": "Point", "coordinates": [ 4331446.952740813605487, 5636253.966032850556076 ] } },
{ "type": "Feature", "properties": { "ID": 50019116, "Address": "улица имени Б.С. Кудухова, 1к1", "lat": 45.09451, "long": 38.911317, "population_x": 26000.0, "type": "pvz", "hex_id": 23, "poi_amenity": 0, "poi_shop": 0, "poi_office": 0, "poi_leisure": 0, "poi_tourism": 0, "population_y": 26000.0, "car_traffic": 11000.0, "foot_traffic": 10000.0, "poi_transport": 1, "attractiveness": 0.1, "coef_amenity": 9271.6283109806845, "coef_shop": -245.61199161089968, "coef_office": 385.53654726286999 }, "geometry": { "type": "Point", "coordinates": [ 4331587.994535648263991, 5636412.442946831695735 ] } },
{ "type": "Feature", "properties": { "ID": 50006212, "Address": "улица имени Генерала Корнилова, 12к1", "lat": 45.092474, "long": 38.917039, "population_x": 26000.0, "type": "pvz", "hex_id": 23, "poi_amenity": 0, "poi_shop": 0, "poi_office": 0, "poi_leisure": 0, "poi_tourism": 0, "population_y": 26000.0, "car_traffic": 11000.0, "foot_traffic": 10000.0, "poi_transport": 0, "attractiveness": 0.05, "coef_amenity": 9717.551619562646, "coef_shop": -234.73928350135728, "coef_office": 214.35945918789153 }, "geometry": { "type": "Point", "coordinates": [ 4332224.964661968871951, 5636091.392116601578891 ] } },
{ "type": "Feature", "properties": { "ID": 214718, "Address": "улица Западный Обход, 57к1", "lat": 45.097634, "long": 38.907257, "population_x": 26000.0, "type": "pvz", "hex_id": 23, "poi_amenity": 9, "poi_shop": 2, "poi_office": 1, "poi_leisure": 0, "poi_tourism": 0, "population_y": 26000.0, "car_traffic": 11000.0, "foot_traffic": 10000.0, "poi_transport": 0, "attractiveness": 3.85, "coef_amenity": 8813.1779741859737, "coef_shop": -207.76802343502263, "coef_office": 484.5080426625878 }, "geometry": { "type": "Point", "coordinates": [ 4331136.037403029389679, 5636905.079541850835085 ] } },
{ "type": "Feature", "properties": { "ID": 50018091, "Address": "улица Западный Обход, 57к2", "lat": 45.098754, "long": 38.908263, "population_x": 26000.0, "type": "pvz", "hex_id": 23, "poi_amenity": 10, "poi_shop": 3, "poi_office": 0, "poi_leisure": 0, "poi_tourism": 0, "population_y": 26000.0, "car_traffic": 11000.0, "foot_traffic": 10000.0, "poi_transport": 0, "attractiveness": 4.25, "coef_amenity": 8715.1020844926679, "coef_shop": -174.93806049735721, "coef_office": 452.46088927531048 }, "geometry": { "type": "Point", "coordinates": [ 4331248.024810766801238, 5637081.703578563407063 ] } },
{ "type": "Feature", "properties": { "ID": 317159, "Address": "улица Константина Гондаря, 103к1", "lat": 45.098977, "long": 38.907427, "population_x": 26000.0, "type": "pvz", "hex_id": 23, "poi_amenity": 8, "poi_shop": 1, "poi_office": 0, "poi_leisure": 0, "poi_tourism": 0, "population_y": 26000.0, "car_traffic": 11000.0, "foot_traffic": 10000.0, "poi_transport": 0, "attractiveness": 3.05, "coef_amenity": 8658.6113275027383, "coef_shop": -173.76231439682127, "coef_office": 468.02772135960794 }, "geometry": { "type": "Point", "coordinates": [ 4331154.961716463789344, 5637116.871099447831511 ] } },
{ "type": "Feature", "properties": { "ID": 319960, "Address": "улица Ивана Беличенко, 95", "lat": 45.099492, "long": 38.903403, "population_x": 8500.0, "type": "pvz", "hex_id": 15, "poi_amenity": 0, "poi_shop": 0, "poi_office": 0, "poi_leisure": 0, "poi_tourism": 0, "population_y": 8500.0, "car_traffic": 1600.0, "foot_traffic": 1400.0, "poi_transport": 0, "attractiveness": 0.05, "coef_amenity": 8498.3008432840234, "coef_shop": -187.63537807862178, "coef_office": 555.17174215518071 }, "geometry": { "type": "Point", "coordinates": [ 4330707.012085511349142, 5637198.088096315972507 ] } },
{ "type": "Feature", "properties": { "ID": 306313, "Address": "улица Ивана Беличенко, 97", "lat": 45.10135, "long": 38.905191, "population_x": 8500.0, "type": "pvz", "hex_id": 15, "poi_amenity": 1, "poi_shop": 0, "poi_office": 1, "poi_leisure": 0, "poi_tourism": 0, "population_y": 8500.0, "car_traffic": 1600.0, "foot_traffic": 1400.0, "poi_transport": 0, "attractiveness": 0.55, "coef_amenity": 8402.2979501596164, "coef_shop": -146.76587943671544, "coef_office": 515.78397966418265 }, "geometry": { "type": "Point", "coordinates": [ 4330906.051335049793124, 5637491.106185736134648 ] } },
{ "type": "Feature", "properties": { "ID": 50015425, "Address": "улица Ивана Беличенко, 92к3", "lat": 45.103812, "long": 38.904813, "population_x": 8500.0, "type": "pvz", "hex_id": 15, "poi_amenity": 0, "poi_shop": 0, "poi_office": 0, "poi_leisure": 0, "poi_tourism": 0, "population_y": 8500.0, "car_traffic": 1600.0, "foot_traffic": 1400.0, "poi_transport": 0, "attractiveness": 0.05, "coef_amenity": 8267.3543244657103, "coef_shop": -120.36568482188528, "coef_office": 533.46486322777639 }, "geometry": { "type": "Point", "coordinates": [ 4330863.972567529417574, 5637879.393499949947 ] } },
{ "type": "Feature", "properties": { "ID": 313779, "Address": "улица Ивана Беличенко, 103", "lat": 45.103939, "long": 38.907454, "population_x": 26000.0, "type": "pvz", "hex_id": 23, "poi_amenity": 4, "poi_shop": 1, "poi_office": 0, "poi_leisure": 0, "poi_tourism": 0, "population_y": 26000.0, "car_traffic": 11000.0, "foot_traffic": 10000.0, "poi_transport": 0, "attractiveness": 1.65, "coef_amenity": 8293.5872615257067, "coef_shop": -103.27746763978081, "coef_office": 515.66497268690728 }, "geometry": { "type": "Point", "coordinates": [ 4331157.967342714779079, 5637899.423397213220596 ] } },
{ "type": "Feature", "properties": { "ID": 311080, "Address": "улица Западный Обход, 65к1", "lat": 45.10268, "long": 38.913707, "population_x": 26000.0, "type": "pvz", "hex_id": 23, "poi_amenity": 1, "poi_shop": 1, "poi_office": 0, "poi_leisure": 0, "poi_tourism": 0, "population_y": 26000.0, "car_traffic": 11000.0, "foot_traffic": 10000.0, "poi_transport": 1, "attractiveness": 0.7, "coef_amenity": 8530.1788212721458, "coef_shop": -74.84147359728874, "coef_office": 452.514273447248 }, "geometry": { "type": "Point", "coordinates": [ 4331854.048118645325303, 5637700.861266194842756 ] } },
{ "type": "Feature", "properties": { "ID": 50015883, "Address": "Крылатская улица, 7", "lat": 45.098112, "long": 38.915476, "population_x": 26000.0, "type": "pvz", "hex_id": 23, "poi_amenity": 0, "poi_shop": 1, "poi_office": 0, "poi_leisure": 0, "poi_tourism": 0, "population_y": 26000.0, "car_traffic": 11000.0, "foot_traffic": 10000.0, "poi_transport": 0, "attractiveness": 0.25, "coef_amenity": 8991.8232139551383, "coef_shop": -129.76189936839583, "coef_office": 322.53306408534138 }, "geometry": { "type": "Point", "coordinates": [ 4332050.972297858446836, 5636980.459733749739826 ] } },
{ "type": "Feature", "properties": { "ID": 50007486, "Address": "улица имени Генерала Брусилова, 5лит1.1", "lat": 45.100275, "long": 38.917884, "population_x": 26000.0, "type": "pvz", "hex_id": 23, "poi_amenity": 0, "poi_shop": 1, "poi_office": 0, "poi_leisure": 0, "poi_tourism": 0, "population_y": 26000.0, "car_traffic": 11000.0, "foot_traffic": 10000.0, "poi_transport": 0, "attractiveness": 0.25, "coef_amenity": 8827.9315300038597, "coef_shop": -58.387691548226769, "coef_office": 301.77742698532836 }, "geometry": { "type": "Point", "coordinates": [ 4332319.029631689190865, 5637321.570875713601708 ] } },
{ "type": "Feature", "properties": { "ID": 308121, "Address": "Цветная улица, 43", "lat": 45.10072, "long": 38.928035, "population_x": 26000.0, "type": "pvz", "hex_id": 23, "poi_amenity": 3, "poi_shop": 5, "poi_office": 1, "poi_leisure": 0, "poi_tourism": 0, "population_y": 26000.0, "car_traffic": 11000.0, "foot_traffic": 10000.0, "poi_transport": 1, "attractiveness": 2.6, "coef_amenity": 8685.6290830126782, "coef_shop": 295.49237846801049, "coef_office": -374.60258025781991 }, "geometry": { "type": "Point", "coordinates": [ 4333449.033782730810344, 5637391.750221506692469 ] } },
{ "type": "Feature", "properties": { "ID": 50015564, "Address": "Владимирская улица, 15", "lat": 45.100828, "long": 38.933281, "population_x": 26000.0, "type": "pvz", "hex_id": 23, "poi_amenity": 0, "poi_shop": 1, "poi_office": 0, "poi_leisure": 0, "poi_tourism": 0, "population_y": 26000.0, "car_traffic": 11000.0, "foot_traffic": 10000.0, "poi_transport": 0, "attractiveness": 0.25, "coef_amenity": 7175.8682071672038, "coef_shop": -54.415463227346756, "coef_office": -70.007540542937363 }, "geometry": { "type": "Point", "coordinates": [ 4334033.015831432305276, 5637408.782594654709101 ] } },
{ "type": "Feature", "properties": { "ID": 150148, "Address": "Средняя улица, 80", "lat": 45.102527, "long": 38.930227, "population_x": 26000.0, "type": "pvz", "hex_id": 23, "poi_amenity": 0, "poi_shop": 1, "poi_office": 0, "poi_leisure": 0, "poi_tourism": 0, "population_y": 26000.0, "car_traffic": 11000.0, "foot_traffic": 10000.0, "poi_transport": 0, "attractiveness": 0.25, "coef_amenity": 8209.0046228075425, "coef_shop": 243.73054343717135, "coef_office": -316.53840204282409 }, "geometry": { "type": "Point", "coordinates": [ 4333693.046106550842524, 5637676.731297683902085 ] } },
{ "type": "Feature", "properties": { "ID": 322809, "Address": "улица имени Героя Ростовского, 8к6", "lat": 45.095986, "long": 38.940072, "population_x": 11000.0, "type": "pvz", "hex_id": 30, "poi_amenity": 0, "poi_shop": 1, "poi_office": 0, "poi_leisure": 0, "poi_tourism": 0, "population_y": 11000.0, "car_traffic": 2600.0, "foot_traffic": 3400.0, "poi_transport": 0, "attractiveness": 0.25, "coef_amenity": 5266.8344248961948, "coef_shop": 472.60538648017177, "coef_office": 176.0805730802081 }, "geometry": { "type": "Point", "coordinates": [ 4334788.986493409611285, 5636645.196186872199178 ] } },
{ "type": "Feature", "properties": { "ID": 311268, "Address": "улица имени Героя Ростовского, 8к3", "lat": 45.096699, "long": 38.942165, "population_x": 11000.0, "type": "pvz", "hex_id": 30, "poi_amenity": 1, "poi_shop": 2, "poi_office": 0, "poi_leisure": 0, "poi_tourism": 0, "population_y": 11000.0, "car_traffic": 2600.0, "foot_traffic": 3400.0, "poi_transport": 0, "attractiveness": 0.85, "coef_amenity": 4256.203922954116, "coef_shop": 754.33899849949523, "coef_office": 483.37996931803184 }, "geometry": { "type": "Point", "coordinates": [ 4335021.978187641128898, 5636757.63266446441412 ] } },
{ "type": "Feature", "properties": { "ID": 50000027, "Address": "Цветочная улица, 108", "lat": 45.105587, "long": 38.939578, "population_x": 13000.0, "type": "pvz", "hex_id": 31, "poi_amenity": 1, "poi_shop": 3, "poi_office": 0, "poi_leisure": 0, "poi_tourism": 0, "population_y": 13000.0, "car_traffic": 13000.0, "foot_traffic": 9500.0, "poi_transport": 2, "attractiveness": 1.3, "coef_amenity": 5541.8143119261458, "coef_shop": 1055.0176928812684, "coef_office": 663.77518451185551 }, "geometry": { "type": "Point", "coordinates": [ 4334733.994664957746863, 5638159.342955227009952 ] } },
{ "type": "Feature", "properties": { "ID": 308919, "Address": "Средняя улица, 48", "lat": 45.108068, "long": 38.933856, "population_x": 13000.0, "type": "pvz", "hex_id": 31, "poi_amenity": 0, "poi_shop": 2, "poi_office": 1, "poi_leisure": 0, "poi_tourism": 0, "population_y": 13000.0, "car_traffic": 13000.0, "foot_traffic": 9500.0, "poi_transport": 1, "attractiveness": 0.8, "coef_amenity": 7426.2581625078947, "coef_shop": 348.96896320428345, "coef_office": 134.22681372821447 }, "geometry": { "type": "Point", "coordinates": [ 4334097.024538639001548, 5638550.655907730571926 ] } },
{ "type": "Feature", "properties": { "ID": 5724, "Address": "Средняя улица, 36", "lat": 45.110867, "long": 38.935572, "population_x": 13000.0, "type": "pvz", "hex_id": 31, "poi_amenity": 0, "poi_shop": 3, "poi_office": 0, "poi_leisure": 0, "poi_tourism": 0, "population_y": 13000.0, "car_traffic": 13000.0, "foot_traffic": 9500.0, "poi_transport": 1, "attractiveness": 0.85, "coef_amenity": 7358.6642398322156, "coef_shop": 625.22830755876259, "coef_office": 317.69128272704592 }, "geometry": { "type": "Point", "coordinates": [ 4334288.0487848399207, 5638992.145473743788898 ] } },
{ "type": "Feature", "properties": { "ID": 139667, "Address": "Византийская улица, 1", "lat": 45.113049, "long": 38.928116, "population_x": 13000.0, "type": "pvz", "hex_id": 31, "poi_amenity": 1, "poi_shop": 3, "poi_office": 0, "poi_leisure": 0, "poi_tourism": 0, "population_y": 13000.0, "car_traffic": 13000.0, "foot_traffic": 9500.0, "poi_transport": 1, "attractiveness": 1.2, "coef_amenity": 8942.3250252264261, "coef_shop": 215.04511889115898, "coef_office": -82.374739226638312 }, "geometry": { "type": "Point", "coordinates": [ 4333458.050661485642195, 5639336.32992157060653 ] } },
{ "type": "Feature", "properties": { "ID": 336560, "Address": "Византийская улица, 5", "lat": 45.113704, "long": 38.929095, "population_x": 13000.0, "type": "pvz", "hex_id": 31, "poi_amenity": 2, "poi_shop": 2, "poi_office": 0, "poi_leisure": 0, "poi_tourism": 0, "population_y": 13000.0, "car_traffic": 13000.0, "foot_traffic": 9500.0, "poi_transport": 0, "attractiveness": 1.2, "coef_amenity": 8895.8495866665107, "coef_shop": 232.21913319194834, "coef_office": -66.922314840376998 }, "geometry": { "type": "Point", "coordinates": [ 4333567.032442972064018, 5639439.650919143110514 ] } },
{ "type": "Feature", "properties": { "ID": 130971, "Address": "Византийская улица, 7", "lat": 45.114136, "long": 38.929247, "population_x": 13000.0, "type": "pvz", "hex_id": 31, "poi_amenity": 2, "poi_shop": 1, "poi_office": 0, "poi_leisure": 0, "poi_tourism": 0, "population_y": 13000.0, "car_traffic": 13000.0, "foot_traffic": 9500.0, "poi_transport": 0, "attractiveness": 0.95, "coef_amenity": 8861.8875421499652, "coef_shop": 244.25338841940851, "coef_office": -47.251693720473561 }, "geometry": { "type": "Point", "coordinates": [ 4333583.953005571849644, 5639507.796103929169476 ] } },
{ "type": "Feature", "properties": { "ID": 211869, "Address": "проспект Гёте, 6", "lat": 45.118341, "long": 38.929867, "population_x": 13000.0, "type": "pvz", "hex_id": 31, "poi_amenity": 3, "poi_shop": 0, "poi_office": 0, "poi_leisure": 0, "poi_tourism": 0, "population_y": 13000.0, "car_traffic": 13000.0, "foot_traffic": 9500.0, "poi_transport": 3, "attractiveness": 1.35, "coef_amenity": 8091.2399162513238, "coef_shop": 550.37238966145367, "coef_office": 245.86714662690591 }, "geometry": { "type": "Point", "coordinates": [ 4333652.971089865081012, 5640171.134401430375874 ] } },
{ "type": "Feature", "properties": { "ID": 314525, "Address": "Скандинавская улица, 1", "lat": 45.121355, "long": 38.93408, "population_x": 13000.0, "type": "pvz", "hex_id": 31, "poi_amenity": 0, "poi_shop": 1, "poi_office": 0, "poi_leisure": 0, "poi_tourism": 0, "population_y": 13000.0, "car_traffic": 13000.0, "foot_traffic": 9500.0, "poi_transport": 0, "attractiveness": 0.25, "coef_amenity": 7412.2300772415902, "coef_shop": 917.41529393258031, "coef_office": 547.76309986804074 }, "geometry": { "type": "Point", "coordinates": [ 4334121.960104577243328, 5640646.622654316946864 ] } },
{ "type": "Feature", "properties": { "ID": 318295, "Address": "Скандинавская улица, 1к10", "lat": 45.121323, "long": 38.93647, "population_x": 13000.0, "type": "pvz", "hex_id": 31, "poi_amenity": 0, "poi_shop": 2, "poi_office": 0, "poi_leisure": 0, "poi_tourism": 0, "population_y": 13000.0, "car_traffic": 13000.0, "foot_traffic": 9500.0, "poi_transport": 0, "attractiveness": 0.5, "coef_amenity": 7318.9165080463881, "coef_shop": 1057.1820538115589, "coef_office": 625.23374070367618 }, "geometry": { "type": "Point", "coordinates": [ 4334388.013687572441995, 5640641.574206500314176 ] } },
{ "type": "Feature", "properties": { "ID": 318205, "Address": "Скандинавская улица, 1к5", "lat": 45.119511, "long": 38.937934, "population_x": 13000.0, "type": "pvz", "hex_id": 31, "poi_amenity": 0, "poi_shop": 1, "poi_office": 0, "poi_leisure": 0, "poi_tourism": 0, "population_y": 13000.0, "car_traffic": 13000.0, "foot_traffic": 9500.0, "poi_transport": 0, "attractiveness": 0.25, "coef_amenity": 7366.4405489494875, "coef_shop": 1074.0253050024796, "coef_office": 649.87961676438522 }, "geometry": { "type": "Point", "coordinates": [ 4334550.985422093421221, 5640355.710468489676714 ] } },
{ "type": "Feature", "properties": { "ID": 50008906, "Address": "Средняя улица, 32/36", "lat": 45.117654, "long": 38.939991, "population_x": 13000.0, "type": "pvz", "hex_id": 31, "poi_amenity": 0, "poi_shop": 2, "poi_office": 0, "poi_leisure": 0, "poi_tourism": 0, "population_y": 13000.0, "car_traffic": 13000.0, "foot_traffic": 9500.0, "poi_transport": 0, "attractiveness": 0.5, "coef_amenity": 7426.6011716646935, "coef_shop": 1120.3512168380569, "coef_office": 684.14943370469246 }, "geometry": { "type": "Point", "coordinates": [ 4334779.969614655710757, 5640062.756884625181556 ] } },
{ "type": "Feature", "properties": { "ID": 325165, "Address": "Средняя улица, 15А", "lat": 45.122417, "long": 38.943719, "population_x": 13000.0, "type": "pvz", "hex_id": 31, "poi_amenity": 0, "poi_shop": 1, "poi_office": 0, "poi_leisure": 0, "poi_tourism": 0, "population_y": 13000.0, "car_traffic": 13000.0, "foot_traffic": 9500.0, "poi_transport": 0, "attractiveness": 0.25, "coef_amenity": 7615.5824724016438, "coef_shop": 1230.5054011204429, "coef_office": 648.4847496315324 }, "geometry": { "type": "Point", "coordinates": [ 4335194.96867633331567, 5640814.169622569344938 ] } },
{ "type": "Feature", "properties": { "ID": 50003926, "Address": "улица Писателя В.П. Неподобы, 34", "lat": 45.130118, "long": 38.940207, "population_x": 1900.0, "type": "pvz", "hex_id": 32, "poi_amenity": 0, "poi_shop": 1, "poi_office": 0, "poi_leisure": 0, "poi_tourism": 0, "population_y": 1900.0, "car_traffic": 700.0, "foot_traffic": 1400.0, "poi_transport": 0, "attractiveness": 0.25, "coef_amenity": 7182.5094858108778, "coef_shop": 925.76264420391158, "coef_office": 527.47354109986986 }, "geometry": { "type": "Point", "coordinates": [ 4334804.014624667353928, 5642029.215109555050731 ] } },
{ "type": "Feature", "properties": { "ID": 110453, "Address": "улица 1-я Линия Поймы реки Кубань, 2", "lat": 45.01425, "long": 38.991258, "population_x": 7500.0, "type": "pvz", "hex_id": 26, "poi_amenity": 3, "poi_shop": 9, "poi_office": 0, "poi_leisure": 0, "poi_tourism": 0, "population_y": 7500.0, "car_traffic": 20000.0, "foot_traffic": 20000.0, "poi_transport": 0, "attractiveness": 3.3, "coef_amenity": 32984.025278231587, "coef_shop": 8030.1602780041312, "coef_office": -3875.4312521809607 }, "geometry": { "type": "Point", "coordinates": [ 4340486.985949154943228, 5623765.136089513078332 ] } },
{ "type": "Feature", "properties": { "ID": 50022799, "Address": "улица 1-я Линия Поймы реки Кубань, 43", "lat": 45.01532, "long": 38.992183, "population_x": 7500.0, "type": "pvz", "hex_id": 26, "poi_amenity": 3, "poi_shop": 6, "poi_office": 0, "poi_leisure": 0, "poi_tourism": 0, "population_y": 7500.0, "car_traffic": 20000.0, "foot_traffic": 20000.0, "poi_transport": 0, "attractiveness": 2.55, "coef_amenity": 32311.024380914565, "coef_shop": 10254.025070076057, "coef_office": -4803.6320929888516 }, "geometry": { "type": "Point", "coordinates": [ 4340589.956478137522936, 5623933.629175244830549 ] } },
{ "type": "Feature", "properties": { "ID": 321507, "Address": "улица Вишняковой, 1/23к2", "lat": 45.008591, "long": 38.996792, "population_x": 7500.0, "type": "pvz", "hex_id": 26, "poi_amenity": 1, "poi_shop": 1, "poi_office": 0, "poi_leisure": 0, "poi_tourism": 0, "population_y": 7500.0, "car_traffic": 20000.0, "foot_traffic": 20000.0, "poi_transport": 0, "attractiveness": 0.6, "coef_amenity": 24449.707454915082, "coef_shop": 6988.7566815633509, "coef_office": -2728.3365748268379 }, "geometry": { "type": "Point", "coordinates": [ 4341103.028011203743517, 5622874.064726788550615 ] } },
{ "type": "Feature", "properties": { "ID": 50006291, "Address": "Ставропольская улица, 60", "lat": 45.017493, "long": 38.992857, "population_x": 7500.0, "type": "pvz", "hex_id": 26, "poi_amenity": 3, "poi_shop": 2, "poi_office": 1, "poi_leisure": 0, "poi_tourism": 0, "population_y": 7500.0, "car_traffic": 20000.0, "foot_traffic": 20000.0, "poi_transport": 2, "attractiveness": 1.95, "coef_amenity": 36437.870226301857, "coef_shop": 10399.287094153538, "coef_office": -5142.6291972777926 }, "geometry": { "type": "Point", "coordinates": [ 4340664.985814933665097, 5624275.821551837958395 ] } },
{ "type": "Feature", "properties": { "ID": 213506, "Address": "улица КИМ, 37", "lat": 45.01741, "long": 38.99875, "population_x": 7500.0, "type": "pvz", "hex_id": 26, "poi_amenity": 0, "poi_shop": 3, "poi_office": 0, "poi_leisure": 0, "poi_tourism": 0, "population_y": 7500.0, "car_traffic": 20000.0, "foot_traffic": 20000.0, "poi_transport": 1, "attractiveness": 0.85, "coef_amenity": 35120.469709008015, "coef_shop": 7156.8304619965556, "coef_office": -3054.7015420867515 }, "geometry": { "type": "Point", "coordinates": [ 4341320.99157417844981, 5624262.750918805599213 ] } },
{ "type": "Feature", "properties": { "ID": 101476, "Address": "улица КИМ, 36/1", "lat": 45.017072, "long": 38.998777, "population_x": 7500.0, "type": "pvz", "hex_id": 26, "poi_amenity": 0, "poi_shop": 2, "poi_office": 0, "poi_leisure": 0, "poi_tourism": 0, "population_y": 7500.0, "car_traffic": 20000.0, "foot_traffic": 20000.0, "poi_transport": 1, "attractiveness": 0.6, "coef_amenity": 34590.835296285237, "coef_shop": 7099.8914662233619, "coef_office": -3038.7499077441735 }, "geometry": { "type": "Point", "coordinates": [ 4341323.997200428508222, 5624209.52371731121093 ] } },
{ "type": "Feature", "properties": { "ID": 50007505, "Address": "Ставропольская улица, 128", "lat": 45.01985, "long": 39.002505, "population_x": 25000.0, "type": "pvz", "hex_id": 35, "poi_amenity": 7, "poi_shop": 15, "poi_office": 2, "poi_leisure": 0, "poi_tourism": 0, "population_y": 25000.0, "car_traffic": 47000.0, "foot_traffic": 50000.0, "poi_transport": 10, "attractiveness": 7.6, "coef_amenity": 40930.66060111946, "coef_shop": 4321.4222037494856, "coef_office": -2173.4298924879736 }, "geometry": { "type": "Point", "coordinates": [ 4341738.996262106113136, 5624647.003943006508052 ] } },
{ "type": "Feature", "properties": { "ID": 50022830, "Address": "Ставропольская улица, 172", "lat": 45.019774, "long": 39.007383, "population_x": 25000.0, "type": "pvz", "hex_id": 35, "poi_amenity": 6, "poi_shop": 4, "poi_office": 0, "poi_leisure": 0, "poi_tourism": 0, "population_y": 25000.0, "car_traffic": 47000.0, "foot_traffic": 50000.0, "poi_transport": 5, "attractiveness": 3.6, "coef_amenity": 40030.997103171219, "coef_shop": 2221.900581869083, "coef_office": -783.38180309446034 }, "geometry": { "type": "Point", "coordinates": [ 4342282.012738196179271, 5624635.035159112885594 ] } },
{ "type": "Feature", "properties": { "ID": 308356, "Address": "улица Маяковского, 121", "lat": 45.01943, "long": 39.012234, "population_x": 25000.0, "type": "pvz", "hex_id": 35, "poi_amenity": 0, "poi_shop": 0, "poi_office": 0, "poi_leisure": 0, "poi_tourism": 0, "population_y": 25000.0, "car_traffic": 47000.0, "foot_traffic": 50000.0, "poi_transport": 2, "attractiveness": 0.2, "coef_amenity": 39165.276763013964, "coef_shop": 1255.3432944081642, "coef_office": -43.085598878679896 }, "geometry": { "type": "Point", "coordinates": [ 4342822.023588034324348, 5624580.860862291418016 ] } },
{ "type": "Feature", "properties": { "ID": 169926, "Address": "улица Маяковского, 133/2", "lat": 45.021328, "long": 39.011776, "population_x": 25000.0, "type": "pvz", "hex_id": 35, "poi_amenity": 4, "poi_shop": 4, "poi_office": 1, "poi_leisure": 0, "poi_tourism": 0, "population_y": 25000.0, "car_traffic": 47000.0, "foot_traffic": 50000.0, "poi_transport": 10, "attractiveness": 3.6, "coef_amenity": 42957.079816765086, "coef_shop": 985.61476258602477, "coef_office": -82.767802408229997 }, "geometry": { "type": "Point", "coordinates": [ 4342771.039261250756681, 5624879.768451724201441 ] } },
{ "type": "Feature", "properties": { "ID": 322743, "Address": "Таманская улица, 153к2", "lat": 45.022692, "long": 39.01306, "population_x": 25000.0, "type": "pvz", "hex_id": 35, "poi_amenity": 5, "poi_shop": 6, "poi_office": 1, "poi_leisure": 0, "poi_tourism": 0, "population_y": 25000.0, "car_traffic": 47000.0, "foot_traffic": 50000.0, "poi_transport": 3, "attractiveness": 3.75, "coef_amenity": 45340.380255135628, "coef_shop": 578.90605635749569, "coef_office": 35.43073101082711 }, "geometry": { "type": "Point", "coordinates": [ 4342913.973487429320812, 5625094.584872545674443 ] } },
{ "type": "Feature", "properties": { "ID": 165829, "Address": "Новороссийская улица, 90/2к2", "lat": 45.025259, "long": 39.014192, "population_x": 25000.0, "type": "pvz", "hex_id": 35, "poi_amenity": 1, "poi_shop": 1, "poi_office": 0, "poi_leisure": 0, "poi_tourism": 0, "population_y": 25000.0, "car_traffic": 47000.0, "foot_traffic": 50000.0, "poi_transport": 0, "attractiveness": 0.6, "coef_amenity": 48708.338320358234, "coef_shop": 158.38351830562428, "coef_office": 29.787961305698708 }, "geometry": { "type": "Point", "coordinates": [ 4343039.987151007167995, 5625498.875696948729455 ] } },
{ "type": "Feature", "properties": { "ID": 50022556, "Address": "улица Селезнёва, 4/4", "lat": 45.027062, "long": 39.018522, "population_x": 25000.0, "type": "pvz", "hex_id": 35, "poi_amenity": 8, "poi_shop": 10, "poi_office": 2, "poi_leisure": 1, "poi_tourism": 0, "population_y": 25000.0, "car_traffic": 47000.0, "foot_traffic": 50000.0, "poi_transport": 1, "attractiveness": 5.85, "coef_amenity": 49956.692439203434, "coef_shop": -50.516619619793936, "coef_office": 24.698774408490912 }, "geometry": { "type": "Point", "coordinates": [ 4343522.000546142458916, 5625782.850835043936968 ] } },
{ "type": "Feature", "properties": { "ID": 302715, "Address": "улица Селезнёва, 4/13к1", "lat": 45.026138, "long": 39.018279, "population_x": 25000.0, "type": "pvz", "hex_id": 35, "poi_amenity": 7, "poi_shop": 14, "poi_office": 0, "poi_leisure": 1, "poi_tourism": 0, "population_y": 25000.0, "car_traffic": 47000.0, "foot_traffic": 50000.0, "poi_transport": 0, "attractiveness": 5.9999999999999991, "coef_amenity": 49900.98593046418, "coef_shop": -16.427613614104029, "coef_office": 13.773182432762621 }, "geometry": { "type": "Point", "coordinates": [ 4343494.949909878894687, 5625637.318365724757314 ] } },
{ "type": "Feature", "properties": { "ID": 151474, "Address": "улица Селезнёва, 4/15к3", "lat": 45.02582, "long": 39.019726, "population_x": 25000.0, "type": "pvz", "hex_id": 35, "poi_amenity": 7, "poi_shop": 12, "poi_office": 0, "poi_leisure": 2, "poi_tourism": 0, "population_y": 25000.0, "car_traffic": 47000.0, "foot_traffic": 50000.0, "poi_transport": 0, "attractiveness": 5.55, "coef_amenity": 49622.087857023333, "coef_shop": -18.731712647694344, "coef_office": 38.38008573001197 }, "geometry": { "type": "Point", "coordinates": [ 4343656.02921305783093, 5625587.233059246093035 ] } },
{ "type": "Feature", "properties": { "ID": 309713, "Address": "улица Селезнёва, 4А", "lat": 45.025514, "long": 39.019941, "population_x": 25000.0, "type": "pvz", "hex_id": 35, "poi_amenity": 4, "poi_shop": 10, "poi_office": 0, "poi_leisure": 0, "poi_tourism": 0, "population_y": 25000.0, "car_traffic": 47000.0, "foot_traffic": 50000.0, "poi_transport": 0, "attractiveness": 3.9, "coef_amenity": 49489.959943679532, "coef_shop": -9.7985506137170564, "coef_office": 45.353192510848437 }, "geometry": { "type": "Point", "coordinates": [ 4343679.96290357876569, 5625539.038027014583349 ] } },
{ "type": "Feature", "properties": { "ID": 163299, "Address": "улица Селезнёва, 4/5", "lat": 45.025062, "long": 39.019618, "population_x": 25000.0, "type": "pvz", "hex_id": 35, "poi_amenity": 4, "poi_shop": 9, "poi_office": 0, "poi_leisure": 0, "poi_tourism": 0, "population_y": 25000.0, "car_traffic": 47000.0, "foot_traffic": 50000.0, "poi_transport": 0, "attractiveness": 3.65, "coef_amenity": 48739.494633423419, "coef_shop": 34.970030641509162, "coef_office": 88.090832562164607 }, "geometry": { "type": "Point", "coordinates": [ 4343644.006708052009344, 5625467.848450725898147 ] } },
{ "type": "Feature", "properties": { "ID": 50017901, "Address": "Ставропольская улица, 107/11", "lat": 45.023647, "long": 39.020031, "population_x": 25000.0, "type": "pvz", "hex_id": 35, "poi_amenity": 3, "poi_shop": 2, "poi_office": 0, "poi_leisure": 0, "poi_tourism": 0, "population_y": 25000.0, "car_traffic": 47000.0, "foot_traffic": 50000.0, "poi_transport": 0, "attractiveness": 1.55, "coef_amenity": 46735.967815369004, "coef_shop": 132.55254986151115, "coef_office": 205.24665390968454 }, "geometry": { "type": "Point", "coordinates": [ 4343689.981657749973238, 5625244.990911273285747 ] } },
{ "type": "Feature", "properties": { "ID": 141696, "Address": "Ставропольская улица, 111", "lat": 45.022138, "long": 39.017696, "population_x": 25000.0, "type": "pvz", "hex_id": 35, "poi_amenity": 10, "poi_shop": 8, "poi_office": 1, "poi_leisure": 0, "poi_tourism": 0, "population_y": 25000.0, "car_traffic": 47000.0, "foot_traffic": 50000.0, "poi_transport": 6, "attractiveness": 6.3, "coef_amenity": 43906.108769733233, "coef_shop": 382.50958494012144, "coef_office": 279.78607336477751 }, "geometry": { "type": "Point", "coordinates": [ 4343430.050646747462451, 5625007.334770636633039 ] } },
{ "type": "Feature", "properties": { "ID": 150856, "Address": "Ставропольская улица, 127", "lat": 45.021112, "long": 39.022223, "population_x": 25000.0, "type": "pvz", "hex_id": 35, "poi_amenity": 7, "poi_shop": 5, "poi_office": 0, "poi_leisure": 0, "poi_tourism": 0, "population_y": 25000.0, "car_traffic": 47000.0, "foot_traffic": 50000.0, "poi_transport": 7, "attractiveness": 4.4, "coef_amenity": 41283.489181167097, "coef_shop": 337.58914120110296, "coef_office": 518.59687728673657 }, "geometry": { "type": "Point", "coordinates": [ 4343933.993981567211449, 5624845.75107148848474 ] } },
{ "type": "Feature", "properties": { "ID": 306764, "Address": "улица 2-я Пятилетка, 4", "lat": 45.021322, "long": 39.024244, "population_x": 25000.0, "type": "pvz", "hex_id": 35, "poi_amenity": 8, "poi_shop": 5, "poi_office": 0, "poi_leisure": 0, "poi_tourism": 0, "population_y": 25000.0, "car_traffic": 47000.0, "foot_traffic": 50000.0, "poi_transport": 6, "attractiveness": 4.65, "coef_amenity": 42424.336632032137, "coef_shop": 242.92498302622664, "coef_office": 471.55929124913854 }, "geometry": { "type": "Point", "coordinates": [ 4344158.970672461204231, 5624878.823522762395442 ] } },
{ "type": "Feature", "properties": { "ID": 50011829, "Address": "улица Полины Осипенко, 125/1", "lat": 45.018793, "long": 39.019115, "population_x": 25000.0, "type": "pvz", "hex_id": 35, "poi_amenity": 2, "poi_shop": 1, "poi_office": 0, "poi_leisure": 0, "poi_tourism": 0, "population_y": 25000.0, "car_traffic": 47000.0, "foot_traffic": 50000.0, "poi_transport": 0, "attractiveness": 0.95, "coef_amenity": 35506.182322385634, "coef_shop": 828.66022681148775, "coef_office": 589.23874375337891 }, "geometry": { "type": "Point", "coordinates": [ 4343588.013004182837903, 5624480.544782493263483 ] } },
{ "type": "Feature", "properties": { "ID": 311605, "Address": "улица Ковтюха, 109/3", "lat": 45.015677, "long": 39.017291, "population_x": 16000.0, "type": "pvz", "hex_id": 34, "poi_amenity": 0, "poi_shop": 1, "poi_office": 0, "poi_leisure": 0, "poi_tourism": 0, "population_y": 16000.0, "car_traffic": 6500.0, "foot_traffic": 13000.0, "poi_transport": 0, "attractiveness": 0.25, "coef_amenity": 29185.656848983293, "coef_shop": 1487.3065672368871, "coef_office": 398.25153086243449 }, "geometry": { "type": "Point", "coordinates": [ 4343384.966252976097167, 5623989.846727648749948 ] } },
{ "type": "Feature", "properties": { "ID": 162181, "Address": "Пионерская улица, 79/1", "lat": 45.015473, "long": 39.017669, "population_x": 16000.0, "type": "pvz", "hex_id": 34, "poi_amenity": 0, "poi_shop": 1, "poi_office": 0, "poi_leisure": 0, "poi_tourism": 0, "population_y": 16000.0, "car_traffic": 6500.0, "foot_traffic": 13000.0, "poi_transport": 0, "attractiveness": 0.25, "coef_amenity": 28357.812981125619, "coef_shop": 1563.5499620402438, "coef_office": 353.57192662299292 }, "geometry": { "type": "Point", "coordinates": [ 4343427.045020495541394, 5623957.72236907389015 ] } },
{ "type": "Feature", "properties": { "ID": 50012731, "Address": "улица Димитрова, 127/2", "lat": 45.020449, "long": 39.028412, "population_x": 37000.0, "type": "pvz", "hex_id": 42, "poi_amenity": 14, "poi_shop": 9, "poi_office": 0, "poi_leisure": 0, "poi_tourism": 0, "population_y": 37000.0, "car_traffic": 36000.0, "foot_traffic": 49000.0, "poi_transport": 5, "attractiveness": 7.65, "coef_amenity": 42696.879568568351, "coef_shop": 288.10066015486984, "coef_office": 250.66923906154923 }, "geometry": { "type": "Point", "coordinates": [ 4344622.950310087762773, 5624741.337414223700762 ] } },
{ "type": "Feature", "properties": { "ID": 50013770, "Address": "Ставропольская улица, 137", "lat": 45.020022, "long": 39.027469, "population_x": 37000.0, "type": "pvz", "hex_id": 42, "poi_amenity": 18, "poi_shop": 14, "poi_office": 0, "poi_leisure": 0, "poi_tourism": 0, "population_y": 37000.0, "car_traffic": 36000.0, "foot_traffic": 49000.0, "poi_transport": 5, "attractiveness": 10.3, "coef_amenity": 40666.610401427803, "coef_shop": 398.85915176015936, "coef_office": 336.8360726265862 }, "geometry": { "type": "Point", "coordinates": [ 4344517.976030270569026, 5624674.091249427758157 ] } },
{ "type": "Feature", "properties": { "ID": 158835, "Address": "улица Димитрова, 162", "lat": 45.018614, "long": 39.028529, "population_x": 37000.0, "type": "pvz", "hex_id": 42, "poi_amenity": 18, "poi_shop": 11, "poi_office": 1, "poi_leisure": 0, "poi_tourism": 0, "population_y": 37000.0, "car_traffic": 36000.0, "foot_traffic": 49000.0, "poi_transport": 5, "attractiveness": 9.75, "coef_amenity": 36212.859436381754, "coef_shop": 956.28543968846316, "coef_office": -26.498465213009077 }, "geometry": { "type": "Point", "coordinates": [ 4344635.974690510891378, 5624452.35569248907268 ] } },
{ "type": "Feature", "properties": { "ID": 50008202, "Address": "улица Селезнёва, 48", "lat": 45.027196, "long": 39.025825, "population_x": 25000.0, "type": "pvz", "hex_id": 35, "poi_amenity": 2, "poi_shop": 6, "poi_office": 0, "poi_leisure": 1, "poi_tourism": 0, "population_y": 25000.0, "car_traffic": 47000.0, "foot_traffic": 50000.0, "poi_transport": 0, "attractiveness": 2.25, "coef_amenity": 49446.549376717019, "coef_shop": -211.74030723959694, "coef_office": 170.9978409826326 }, "geometry": { "type": "Point", "coordinates": [ 4344334.966787405312061, 5625803.956388192251325 ] } },
{ "type": "Feature", "properties": { "ID": 5927, "Address": "улица Селезнёва, 105", "lat": 45.027062, "long": 39.029634, "population_x": 37000.0, "type": "pvz", "hex_id": 42, "poi_amenity": 6, "poi_shop": 6, "poi_office": 0, "poi_leisure": 0, "poi_tourism": 0, "population_y": 37000.0, "car_traffic": 36000.0, "foot_traffic": 49000.0, "poi_transport": 2, "attractiveness": 3.8, "coef_amenity": 49013.338453710821, "coef_shop": -280.58508142513546, "coef_office": 279.0378740094888 }, "geometry": { "type": "Point", "coordinates": [ 4344758.982727836817503, 5625782.850835043936968 ] } },
{ "type": "Feature", "properties": { "ID": 205001, "Address": "улица Селезнёва, 82", "lat": 45.026087, "long": 39.032329, "population_x": 37000.0, "type": "pvz", "hex_id": 42, "poi_amenity": 2, "poi_shop": 4, "poi_office": 1, "poi_leisure": 0, "poi_tourism": 0, "population_y": 37000.0, "car_traffic": 36000.0, "foot_traffic": 49000.0, "poi_transport": 4, "attractiveness": 2.3, "coef_amenity": 48869.809163066413, "coef_shop": -218.61058093921045, "coef_office": 239.44618359749754 }, "geometry": { "type": "Point", "coordinates": [ 4345058.9887555250898, 5625629.285797838121653 ] } },
{ "type": "Feature", "properties": { "ID": 50017220, "Address": "улица Селезнёва, 88/1", "lat": 45.024246, "long": 39.031853, "population_x": 37000.0, "type": "pvz", "hex_id": 42, "poi_amenity": 3, "poi_shop": 2, "poi_office": 0, "poi_leisure": 0, "poi_tourism": 0, "population_y": 37000.0, "car_traffic": 36000.0, "foot_traffic": 49000.0, "poi_transport": 0, "attractiveness": 1.55, "coef_amenity": 49178.286271985511, "coef_shop": -73.047073344631031, "coef_office": 78.420693570861275 }, "geometry": { "type": "Point", "coordinates": [ 4345006.000677907839417, 5625339.330639003776014 ] } },
{ "type": "Feature", "properties": { "ID": 209621, "Address": "Енисейская улица, 54", "lat": 45.033636, "long": 39.030425, "population_x": 25000.0, "type": "pvz", "hex_id": 43, "poi_amenity": 12, "poi_shop": 6, "poi_office": 0, "poi_leisure": 1, "poi_tourism": 1, "population_y": 25000.0, "car_traffic": 42000.0, "foot_traffic": 41000.0, "poi_transport": 1, "attractiveness": 5.9, "coef_amenity": 48845.642799902744, "coef_shop": -666.10108219877009, "coef_office": 145.09679703727832 }, "geometry": { "type": "Point", "coordinates": [ 4344847.036445055156946, 5626818.341224991716444 ] } },
{ "type": "Feature", "properties": { "ID": 312212, "Address": "Уральская улица, 13", "lat": 45.031477, "long": 39.031988, "population_x": 37000.0, "type": "pvz", "hex_id": 42, "poi_amenity": 2, "poi_shop": 1, "poi_office": 0, "poi_leisure": 0, "poi_tourism": 1, "population_y": 37000.0, "car_traffic": 36000.0, "foot_traffic": 49000.0, "poi_transport": 2, "attractiveness": 1.2, "coef_amenity": 48647.191217282234, "coef_shop": -696.84816266665655, "coef_office": 393.49697645717055 }, "geometry": { "type": "Point", "coordinates": [ 4345021.028809164650738, 5626478.257565222680569 ] } },
{ "type": "Feature", "properties": { "ID": 50007108, "Address": "Новгородская улица, 42", "lat": 45.033419, "long": 39.036434, "population_x": 25000.0, "type": "pvz", "hex_id": 43, "poi_amenity": 2, "poi_shop": 0, "poi_office": 0, "poi_leisure": 0, "poi_tourism": 0, "population_y": 25000.0, "car_traffic": 42000.0, "foot_traffic": 41000.0, "poi_transport": 0, "attractiveness": 0.7, "coef_amenity": 46737.930530602156, "coef_shop": -72.049837287013759, "coef_office": -265.22609347640497 }, "geometry": { "type": "Point", "coordinates": [ 4345515.955265231430531, 5626784.159008095040917 ] } },
{ "type": "Feature", "properties": { "ID": 305933, "Address": "Уральская улица, 71к2", "lat": 45.033617, "long": 39.043163, "population_x": 37000.0, "type": "pvz", "hex_id": 42, "poi_amenity": 2, "poi_shop": 4, "poi_office": 1, "poi_leisure": 0, "poi_tourism": 0, "population_y": 37000.0, "car_traffic": 36000.0, "foot_traffic": 49000.0, "poi_transport": 0, "attractiveness": 1.9, "coef_amenity": 42724.154798798321, "coef_shop": 1058.2684179339492, "coef_office": -689.05225907828174 }, "geometry": { "type": "Point", "coordinates": [ 4346265.024118779227138, 5626815.348306814208627 ] } },
{ "type": "Feature", "properties": { "ID": 139563, "Address": "Уральская улица, 75к1", "lat": 45.033273, "long": 39.044411, "population_x": 37000.0, "type": "pvz", "hex_id": 42, "poi_amenity": 1, "poi_shop": 3, "poi_office": 1, "poi_leisure": 0, "poi_tourism": 1, "population_y": 37000.0, "car_traffic": 36000.0, "foot_traffic": 49000.0, "poi_transport": 0, "attractiveness": 1.35, "coef_amenity": 42487.201848077268, "coef_shop": 1247.4761082526122, "coef_office": -748.48649615097543 }, "geometry": { "type": "Point", "coordinates": [ 4346403.950843288563192, 5626761.16090745292604 ] } },
{ "type": "Feature", "properties": { "ID": 6071, "Address": "Волжская улица, 54", "lat": 45.029406, "long": 39.03824, "population_x": 37000.0, "type": "pvz", "hex_id": 42, "poi_amenity": 1, "poi_shop": 0, "poi_office": 0, "poi_leisure": 0, "poi_tourism": 0, "population_y": 37000.0, "car_traffic": 36000.0, "foot_traffic": 49000.0, "poi_transport": 2, "attractiveness": 0.55, "coef_amenity": 47414.042246746074, "coef_shop": -188.50527272642904, "coef_office": 96.17477895581132 }, "geometry": { "type": "Point", "coordinates": [ 4345716.998265604488552, 5626152.047638203017414 ] } },
{ "type": "Feature", "properties": { "ID": 213810, "Address": "улица Стасова, 181", "lat": 45.028604, "long": 39.042911, "population_x": 37000.0, "type": "pvz", "hex_id": 42, "poi_amenity": 5, "poi_shop": 4, "poi_office": 0, "poi_leisure": 0, "poi_tourism": 0, "population_y": 37000.0, "car_traffic": 36000.0, "foot_traffic": 49000.0, "poi_transport": 2, "attractiveness": 2.95, "coef_amenity": 46131.59388106026, "coef_shop": 820.23665501085611, "coef_office": -555.77724088921036 }, "geometry": { "type": "Point", "coordinates": [ 4346236.971607099287212, 5626025.725187478587031 ] } },
{ "type": "Feature", "properties": { "ID": 50002962, "Address": "улица Лизы Чайкиной, 20А", "lat": 45.032929, "long": 39.058102, "population_x": 9000.0, "type": "pvz", "hex_id": 51, "poi_amenity": 0, "poi_shop": 3, "poi_office": 0, "poi_leisure": 0, "poi_tourism": 0, "population_y": 9000.0, "car_traffic": 24000.0, "foot_traffic": 22000.0, "poi_transport": 1, "attractiveness": 0.85, "coef_amenity": 35383.731889951348, "coef_shop": 1391.4097358266461, "coef_office": -606.29469994447572 }, "geometry": { "type": "Point", "coordinates": [ 4347928.025991739705205, 5626706.973833805881441 ] } },
{ "type": "Feature", "properties": { "ID": 213591, "Address": "Старокубанская улица, 124", "lat": 45.028069, "long": 39.051948, "population_x": 37000.0, "type": "pvz", "hex_id": 42, "poi_amenity": 2, "poi_shop": 4, "poi_office": 0, "poi_leisure": 0, "poi_tourism": 0, "population_y": 37000.0, "car_traffic": 36000.0, "foot_traffic": 49000.0, "poi_transport": 0, "attractiveness": 1.7, "coef_amenity": 42665.557076157864, "coef_shop": 1291.7047234081649, "coef_office": -734.58097159016245 }, "geometry": { "type": "Point", "coordinates": [ 4347242.96584539860487, 5625941.458701403811574 ] } },
{ "type": "Feature", "properties": { "ID": 217460, "Address": "Старокубанская улица, 131/1", "lat": 45.025342, "long": 39.048382, "population_x": 37000.0, "type": "pvz", "hex_id": 42, "poi_amenity": 2, "poi_shop": 4, "poi_office": 0, "poi_leisure": 0, "poi_tourism": 0, "population_y": 37000.0, "car_traffic": 36000.0, "foot_traffic": 49000.0, "poi_transport": 0, "attractiveness": 1.7, "coef_amenity": 47270.729514816194, "coef_shop": 689.99638816311028, "coef_office": -489.15517117897514 }, "geometry": { "type": "Point", "coordinates": [ 4346846.000541228801012, 5625511.948121997527778 ] } },
{ "type": "Feature", "properties": { "ID": 315869, "Address": "Старокубанская улица, 137/1", "lat": 45.024278, "long": 39.049155, "population_x": 37000.0, "type": "pvz", "hex_id": 42, "poi_amenity": 6, "poi_shop": 6, "poi_office": 0, "poi_leisure": 0, "poi_tourism": 0, "population_y": 37000.0, "car_traffic": 36000.0, "foot_traffic": 49000.0, "poi_transport": 0, "attractiveness": 3.6, "coef_amenity": 47836.209749564841, "coef_shop": 288.41542959228434, "coef_office": -252.18579885549204 }, "geometry": { "type": "Point", "coordinates": [ 4346932.050507612526417, 5625344.370518678799272 ] } },
{ "type": "Feature", "properties": { "ID": 319945, "Address": "Сормовская улица, 3", "lat": 45.023112, "long": 39.052775, "population_x": 37000.0, "type": "pvz", "hex_id": 42, "poi_amenity": 5, "poi_shop": 1, "poi_office": 0, "poi_leisure": 0, "poi_tourism": 0, "population_y": 37000.0, "car_traffic": 36000.0, "foot_traffic": 49000.0, "poi_transport": 2, "attractiveness": 2.2, "coef_amenity": 46525.448782333806, "coef_shop": -748.46424560519165, "coef_office": 149.4268776683767 }, "geometry": { "type": "Point", "coordinates": [ 4347335.027064284309745, 5625160.731721864081919 ] } },
{ "type": "Feature", "properties": { "ID": 202826, "Address": "улица Селезнёва, 176", "lat": 45.021411, "long": 39.047816, "population_x": 37000.0, "type": "pvz", "hex_id": 42, "poi_amenity": 1, "poi_shop": 0, "poi_office": 0, "poi_leisure": 0, "poi_tourism": 0, "population_y": 37000.0, "car_traffic": 36000.0, "foot_traffic": 49000.0, "poi_transport": 1, "attractiveness": 0.45, "coef_amenity": 46895.79389412584, "coef_shop": -555.59113341435693, "coef_office": 366.86746879293662 }, "geometry": { "type": "Point", "coordinates": [ 4346782.993709440343082, 5624892.839979189448059 ] } },
{ "type": "Feature", "properties": { "ID": 307082, "Address": "улица Селезнёва, 126", "lat": 45.023552, "long": 39.040989, "population_x": 37000.0, "type": "pvz", "hex_id": 42, "poi_amenity": 6, "poi_shop": 7, "poi_office": 0, "poi_leisure": 0, "poi_tourism": 0, "population_y": 37000.0, "car_traffic": 36000.0, "foot_traffic": 49000.0, "poi_transport": 7, "attractiveness": 4.55, "coef_amenity": 48931.534447078848, "coef_shop": -6.3918688715845464, "coef_office": 9.4860835663095333 }, "geometry": { "type": "Point", "coordinates": [ 4346023.015545795671642, 5625230.028941638767719 ] } },
{ "type": "Feature", "properties": { "ID": 50005846, "Address": "улица Селезнёва, 100", "lat": 45.024922, "long": 39.036452, "population_x": 37000.0, "type": "pvz", "hex_id": 42, "poi_amenity": 3, "poi_shop": 2, "poi_office": 1, "poi_leisure": 0, "poi_tourism": 0, "population_y": 37000.0, "car_traffic": 36000.0, "foot_traffic": 49000.0, "poi_transport": 2, "attractiveness": 1.95, "coef_amenity": 48782.47041758745, "coef_shop": -69.909869925209421, "coef_office": 73.416935809395056 }, "geometry": { "type": "Point", "coordinates": [ 4345517.959016065113246, 5625445.79869597684592 ] } },
{ "type": "Feature", "properties": { "ID": 50014180, "Address": "улица Селезнёва, 104/1", "lat": 45.023323, "long": 39.035886, "population_x": 37000.0, "type": "pvz", "hex_id": 42, "poi_amenity": 1, "poi_shop": 0, "poi_office": 0, "poi_leisure": 0, "poi_tourism": 0, "population_y": 37000.0, "car_traffic": 36000.0, "foot_traffic": 49000.0, "poi_transport": 0, "attractiveness": 0.35, "coef_amenity": 48781.396144823819, "coef_shop": -20.3994702289529, "coef_office": 32.607842590481653 }, "geometry": { "type": "Point", "coordinates": [ 4345454.952184276655316, 5625193.962822156026959 ] } },
{ "type": "Feature", "properties": { "ID": 147976, "Address": "Ставропольская улица, 183/2", "lat": 45.019768, "long": 39.039507, "population_x": 37000.0, "type": "pvz", "hex_id": 42, "poi_amenity": 1, "poi_shop": 2, "poi_office": 0, "poi_leisure": 0, "poi_tourism": 0, "population_y": 37000.0, "car_traffic": 36000.0, "foot_traffic": 49000.0, "poi_transport": 0, "attractiveness": 0.85, "coef_amenity": 44714.322093298528, "coef_shop": 655.53653036894013, "coef_office": -402.21927055234272 }, "geometry": { "type": "Point", "coordinates": [ 4345858.040060439147055, 5624634.090255798771977 ] } },
{ "type": "Feature", "properties": { "ID": 157598, "Address": "Ставропольская улица, 181", "lat": 45.01762, "long": 39.03868, "population_x": 37000.0, "type": "pvz", "hex_id": 42, "poi_amenity": 11, "poi_shop": 15, "poi_office": 0, "poi_leisure": 0, "poi_tourism": 0, "population_y": 37000.0, "car_traffic": 36000.0, "foot_traffic": 49000.0, "poi_transport": 6, "attractiveness": 8.2, "coef_amenity": 38663.41491616753, "coef_shop": 1120.780528052848, "coef_office": -495.90798577402745 }, "geometry": { "type": "Point", "coordinates": [ 4345765.978841552510858, 5624295.821231825277209 ] } },
{ "type": "Feature", "properties": { "ID": 50019260, "Address": "Ставропольская улица, 246", "lat": 45.016926, "long": 39.038599, "population_x": 37000.0, "type": "pvz", "hex_id": 42, "poi_amenity": 12, "poi_shop": 18, "poi_office": 0, "poi_leisure": 1, "poi_tourism": 0, "population_y": 37000.0, "car_traffic": 36000.0, "foot_traffic": 49000.0, "poi_transport": 8, "attractiveness": 9.55, "coef_amenity": 36820.056152596597, "coef_shop": 1225.0972009822476, "coef_office": -482.41555885183641 }, "geometry": { "type": "Point", "coordinates": [ 4345756.96196279861033, 5624186.532183065079153 ] } },
{ "type": "Feature", "properties": { "ID": 1283, "Address": "Ставропольская улица, 159", "lat": 45.018111, "long": 39.036452, "population_x": 37000.0, "type": "pvz", "hex_id": 42, "poi_amenity": 9, "poi_shop": 11, "poi_office": 0, "poi_leisure": 0, "poi_tourism": 0, "population_y": 37000.0, "car_traffic": 36000.0, "foot_traffic": 49000.0, "poi_transport": 5, "attractiveness": 6.4, "coef_amenity": 38833.244592694238, "coef_shop": 1083.7564751566451, "coef_office": -473.09386951675805 }, "geometry": { "type": "Point", "coordinates": [ 4345517.959016065113246, 5624373.143246515654027 ] } },
{ "type": "Feature", "properties": { "ID": 50005059, "Address": "улица Айвазовского, 106", "lat": 45.016595, "long": 39.033245, "population_x": 37000.0, "type": "pvz", "hex_id": 42, "poi_amenity": 2, "poi_shop": 1, "poi_office": 0, "poi_leisure": 0, "poi_tourism": 0, "population_y": 37000.0, "car_traffic": 36000.0, "foot_traffic": 49000.0, "poi_transport": 2, "attractiveness": 1.15, "coef_amenity": 32606.650737975426, "coef_shop": 1486.5416739376042, "coef_office": -431.68951779280866 }, "geometry": { "type": "Point", "coordinates": [ 4345160.957409092225134, 5624134.407757456414402 ] } },
{ "type": "Feature", "properties": { "ID": 50013432, "Address": "улица Стасова, 168/1", "lat": 45.015913, "long": 39.041905, "population_x": 37000.0, "type": "pvz", "hex_id": 42, "poi_amenity": 14, "poi_shop": 21, "poi_office": 0, "poi_leisure": 0, "poi_tourism": 0, "population_y": 37000.0, "car_traffic": 36000.0, "foot_traffic": 49000.0, "poi_transport": 10, "attractiveness": 11.15, "coef_amenity": 36114.292265345117, "coef_shop": 1018.964391828107, "coef_office": -323.0150668907151 }, "geometry": { "type": "Point", "coordinates": [ 4346124.984199361875653, 5624027.010344069451094 ] } },
{ "type": "Feature", "properties": { "ID": 216293, "Address": "Старокубанская улица, 123А", "lat": 45.017264, "long": 39.04707, "population_x": 37000.0, "type": "pvz", "hex_id": 42, "poi_amenity": 3, "poi_shop": 2, "poi_office": 1, "poi_leisure": 0, "poi_tourism": 0, "population_y": 37000.0, "car_traffic": 36000.0, "foot_traffic": 49000.0, "poi_transport": 3, "attractiveness": 2.05, "coef_amenity": 40624.050957622268, "coef_shop": -312.67358304079016, "coef_office": 322.67322864539801 }, "geometry": { "type": "Point", "coordinates": [ 4346699.949369308538735, 5624239.759248845279217 ] } },
{ "type": "Feature", "properties": { "ID": 50001411, "Address": "Старокубанская улица, 121", "lat": 45.014734, "long": 39.045849, "population_x": 37000.0, "type": "pvz", "hex_id": 42, "poi_amenity": 5, "poi_shop": 8, "poi_office": 0, "poi_leisure": 1, "poi_tourism": 0, "population_y": 37000.0, "car_traffic": 36000.0, "foot_traffic": 49000.0, "poi_transport": 6, "attractiveness": 4.4, "coef_amenity": 35480.495080918903, "coef_shop": 216.56635813210238, "coef_office": 196.01631647054995 }, "geometry": { "type": "Point", "coordinates": [ 4346564.028271050192416, 5623841.351263573393226 ] } },
{ "type": "Feature", "properties": { "ID": 50031275, "Address": "Кубанская улица, 47", "lat": 45.013441, "long": 39.047277, "population_x": 37000.0, "type": "pvz", "hex_id": 42, "poi_amenity": 4, "poi_shop": 5, "poi_office": 0, "poi_leisure": 1, "poi_tourism": 0, "population_y": 37000.0, "car_traffic": 36000.0, "foot_traffic": 49000.0, "poi_transport": 5, "attractiveness": 3.2, "coef_amenity": 33263.77331654849, "coef_shop": -166.03991620184004, "coef_office": 537.82490348201918 }, "geometry": { "type": "Point", "coordinates": [ 4346722.992503902874887, 5623637.744809032417834 ] } },
{ "type": "Feature", "properties": { "ID": 5074, "Address": "Кубанская улица, 46", "lat": 45.01265, "long": 39.048535, "population_x": 10000.0, "type": "pvz", "hex_id": 41, "poi_amenity": 0, "poi_shop": 3, "poi_office": 0, "poi_leisure": 1, "poi_tourism": 0, "population_y": 10000.0, "car_traffic": 5000.0, "foot_traffic": 9000.0, "poi_transport": 3, "attractiveness": 1.1, "coef_amenity": 31658.502503476051, "coef_shop": -485.08012597101072, "coef_office": 823.39625280485723 }, "geometry": { "type": "Point", "coordinates": [ 4346863.032423321157694, 5623513.189685121178627 ] } },
{ "type": "Feature", "properties": { "ID": 145143, "Address": "Ставропольская улица", "lat": 45.021112, "long": 39.022223, "population_x": 25000.0, "type": "pvz", "hex_id": 35, "poi_amenity": 7, "poi_shop": 5, "poi_office": 0, "poi_leisure": 0, "poi_tourism": 0, "population_y": 25000.0, "car_traffic": 47000.0, "foot_traffic": 50000.0, "poi_transport": 7, "attractiveness": 4.4, "coef_amenity": 41283.489181167097, "coef_shop": 337.58914120110296, "coef_office": 518.59687728673657 }, "geometry": { "type": "Point", "coordinates": [ 4343933.993981567211449, 5624845.75107148848474 ] } },
{ "type": "Feature", "properties": { "ID": 50022127, "Address": "Ставропольская улица, 336/3", "lat": 45.012803, "long": 39.051445, "population_x": 10000.0, "type": "pvz", "hex_id": 41, "poi_amenity": 8, "poi_shop": 4, "poi_office": 0, "poi_leisure": 1, "poi_tourism": 0, "population_y": 10000.0, "car_traffic": 5000.0, "foot_traffic": 9000.0, "poi_transport": 6, "attractiveness": 4.45, "coef_amenity": 32070.875100590725, "coef_shop": -1194.4014816709116, "coef_office": 1247.2234161973022 }, "geometry": { "type": "Point", "coordinates": [ 4347186.972141529433429, 5623537.281755676493049 ] } },
{ "type": "Feature", "properties": { "ID": 50003019, "Address": "улица Стасова, 148", "lat": 45.013568, "long": 39.03983, "population_x": 37000.0, "type": "pvz", "hex_id": 42, "poi_amenity": 1, "poi_shop": 4, "poi_office": 0, "poi_leisure": 0, "poi_tourism": 0, "population_y": 37000.0, "car_traffic": 36000.0, "foot_traffic": 49000.0, "poi_transport": 2, "attractiveness": 1.55, "coef_amenity": 29595.892946225264, "coef_shop": 1415.090973951809, "coef_office": -253.02784404783316 }, "geometry": { "type": "Point", "coordinates": [ 4345893.996255965903401, 5623657.743073910474777 ] } },
{ "type": "Feature", "properties": { "ID": 321461, "Address": "улица Стасова, 121", "lat": 45.012128, "long": 39.036219, "population_x": 16000.0, "type": "pvz", "hex_id": 34, "poi_amenity": 5, "poi_shop": 11, "poi_office": 0, "poi_leisure": 0, "poi_tourism": 0, "population_y": 16000.0, "car_traffic": 6500.0, "foot_traffic": 13000.0, "poi_transport": 4, "attractiveness": 4.9, "coef_amenity": 23927.800557212806, "coef_shop": 1716.5970334888614, "coef_office": -163.295057538126 }, "geometry": { "type": "Point", "coordinates": [ 4345492.021574711427093, 5623430.993693496100605 ] } },
{ "type": "Feature", "properties": { "ID": 325824, "Address": "Бургасская улица, 56", "lat": 45.011682, "long": 39.037692, "population_x": 16000.0, "type": "pvz", "hex_id": 34, "poi_amenity": 4, "poi_shop": 9, "poi_office": 0, "poi_leisure": 0, "poi_tourism": 0, "population_y": 16000.0, "car_traffic": 6500.0, "foot_traffic": 13000.0, "poi_transport": 4, "attractiveness": 4.05, "coef_amenity": 23295.766140122196, "coef_shop": 1662.9865464654767, "coef_office": -86.960097992782167 }, "geometry": { "type": "Point", "coordinates": [ 4345655.995184648782015, 5623360.765527868643403 ] } },
{ "type": "Feature", "properties": { "ID": 139490, "Address": "Бургасская улица, 45", "lat": 45.010637, "long": 39.0408, "population_x": 10000.0, "type": "pvz", "hex_id": 41, "poi_amenity": 2, "poi_shop": 4, "poi_office": 0, "poi_leisure": 0, "poi_tourism": 0, "population_y": 10000.0, "car_traffic": 5000.0, "foot_traffic": 9000.0, "poi_transport": 0, "attractiveness": 1.7, "coef_amenity": 23803.209034948144, "coef_shop": 1086.4486271878777, "coef_office": 236.17750616453631 }, "geometry": { "type": "Point", "coordinates": [ 4346001.976162034086883, 5623196.219613480381668 ] } },
{ "type": "Feature", "properties": { "ID": 50010189, "Address": "Бургасская улица, 26", "lat": 45.013396, "long": 39.031781, "population_x": 16000.0, "type": "pvz", "hex_id": 34, "poi_amenity": 4, "poi_shop": 2, "poi_office": 0, "poi_leisure": 0, "poi_tourism": 0, "population_y": 16000.0, "car_traffic": 6500.0, "foot_traffic": 13000.0, "poi_transport": 0, "attractiveness": 1.9, "coef_amenity": 22305.194711617642, "coef_shop": 2190.0771135969767, "coef_office": -369.65849314002526 }, "geometry": { "type": "Point", "coordinates": [ 4344997.985674570314586, 5623630.658820306882262 ] } },
{ "type": "Feature", "properties": { "ID": 6007, "Address": "улица Димитрова, 75", "lat": 45.013683, "long": 39.025771, "population_x": 16000.0, "type": "pvz", "hex_id": 34, "poi_amenity": 1, "poi_shop": 1, "poi_office": 0, "poi_leisure": 0, "poi_tourism": 0, "population_y": 16000.0, "car_traffic": 6500.0, "foot_traffic": 13000.0, "poi_transport": 0, "attractiveness": 0.6, "coef_amenity": 20305.657250268556, "coef_shop": 2550.9311836059901, "coef_office": -663.94922629403061 }, "geometry": { "type": "Point", "coordinates": [ 4344328.955534902401268, 5623675.851777218282223 ] } },
{ "type": "Feature", "properties": { "ID": 327321, "Address": "улица Димитрова, 43", "lat": 45.010407, "long": 39.024478, "population_x": 16000.0, "type": "pvz", "hex_id": 34, "poi_amenity": 0, "poi_shop": 0, "poi_office": 0, "poi_leisure": 0, "poi_tourism": 1, "population_y": 16000.0, "car_traffic": 6500.0, "foot_traffic": 13000.0, "poi_transport": 0, "attractiveness": 0.05, "coef_amenity": 16297.149872321777, "coef_shop": 2738.2723504898768, "coef_office": -889.21718879194884 }, "geometry": { "type": "Point", "coordinates": [ 4344185.019433306530118, 5623160.004169400781393 ] } },
{ "type": "Feature", "properties": { "ID": 314961, "Address": "улица Маяковского, 15", "lat": 45.011325, "long": 39.013438, "population_x": 16000.0, "type": "pvz", "hex_id": 34, "poi_amenity": 1, "poi_shop": 3, "poi_office": 0, "poi_leisure": 0, "poi_tourism": 0, "population_y": 16000.0, "car_traffic": 6500.0, "foot_traffic": 13000.0, "poi_transport": 4, "attractiveness": 1.5, "coef_amenity": 23114.431950430626, "coef_shop": 2782.5892138570352, "coef_office": -931.39933963980866 }, "geometry": { "type": "Point", "coordinates": [ 4342956.052254949696362, 5623304.551896994933486 ] } },
{ "type": "Feature", "properties": { "ID": 162363, "Address": "улица Стасова, 97", "lat": 45.009248, "long": 39.033102, "population_x": 16000.0, "type": "pvz", "hex_id": 34, "poi_amenity": 1, "poi_shop": 3, "poi_office": 0, "poi_leisure": 0, "poi_tourism": 0, "population_y": 16000.0, "car_traffic": 6500.0, "foot_traffic": 13000.0, "poi_transport": 4, "attractiveness": 1.5, "coef_amenity": 16190.370180268765, "coef_shop": 1850.5220339406362, "coef_office": 90.687309893733726 }, "geometry": { "type": "Point", "coordinates": [ 4345145.038721908815205, 5622977.512035764753819 ] } },
{ "type": "Feature", "properties": { "ID": 314488, "Address": "Старокубанская улица, 2/5", "lat": 45.004462, "long": 39.034808, "population_x": 16000.0, "type": "pvz", "hex_id": 34, "poi_amenity": 1, "poi_shop": 2, "poi_office": 0, "poi_leisure": 0, "poi_tourism": 0, "population_y": 16000.0, "car_traffic": 6500.0, "foot_traffic": 13000.0, "poi_transport": 0, "attractiveness": 0.85, "coef_amenity": 14087.663433467877, "coef_shop": 1036.9576368997932, "coef_office": 627.44111149489322 }, "geometry": { "type": "Point", "coordinates": [ 4345334.949773201718926, 5622223.964125509373844 ] } },
{ "type": "Feature", "properties": { "ID": 150877, "Address": "Воронежская улица, 47/Г", "lat": 45.002454, "long": 39.031934, "population_x": 16000.0, "type": "pvz", "hex_id": 34, "poi_amenity": 8, "poi_shop": 10, "poi_office": 0, "poi_leisure": 0, "poi_tourism": 0, "population_y": 16000.0, "car_traffic": 6500.0, "foot_traffic": 13000.0, "poi_transport": 0, "attractiveness": 5.3, "coef_amenity": 13467.972896886424, "coef_shop": 1150.527767218455, "coef_office": 482.53738627713562 }, "geometry": { "type": "Point", "coordinates": [ 4345015.017556661739945, 5621907.826541339047253 ] } },
{ "type": "Feature", "properties": { "ID": 307799, "Address": "Воронежская улица, 47Д", "lat": 45.001428, "long": 39.032212, "population_x": 16000.0, "type": "pvz", "hex_id": 34, "poi_amenity": 8, "poi_shop": 6, "poi_office": 0, "poi_leisure": 0, "poi_tourism": 0, "population_y": 16000.0, "car_traffic": 6500.0, "foot_traffic": 13000.0, "poi_transport": 0, "attractiveness": 4.3, "coef_amenity": 13322.93292477776, "coef_shop": 992.37991812115104, "coef_office": 567.72910257327703 }, "geometry": { "type": "Point", "coordinates": [ 4345045.964375101961195, 5621746.298367664217949 ] } },
{ "type": "Feature", "properties": { "ID": 50003893, "Address": "Воронежская улица, 47/14", "lat": 44.999797, "long": 39.03117, "population_x": 16000.0, "type": "pvz", "hex_id": 34, "poi_amenity": 0, "poi_shop": 0, "poi_office": 0, "poi_leisure": 0, "poi_tourism": 0, "population_y": 16000.0, "car_traffic": 6500.0, "foot_traffic": 13000.0, "poi_transport": 0, "attractiveness": 0.05, "coef_amenity": 13111.871694475123, "coef_shop": 874.17799442723697, "coef_office": 566.90741337232794 }, "geometry": { "type": "Point", "coordinates": [ 4344929.969465696252882, 5621489.528053352609277 ] } },
{ "type": "Feature", "properties": { "ID": 50004592, "Address": "улица Стасова, 10", "lat": 45.003474, "long": 39.026984, "population_x": 16000.0, "type": "pvz", "hex_id": 34, "poi_amenity": 2, "poi_shop": 1, "poi_office": 0, "poi_leisure": 0, "poi_tourism": 0, "population_y": 16000.0, "car_traffic": 6500.0, "foot_traffic": 13000.0, "poi_transport": 2, "attractiveness": 1.15, "coef_amenity": 13136.470643629551, "coef_shop": 1470.331744941097, "coef_office": -59.783636516899129 }, "geometry": { "type": "Point", "coordinates": [ 4344463.986077235080302, 5622068.412973255850375 ] } },
{ "type": "Feature", "properties": { "ID": 50034184, "Address": "улица Димитрова, 1", "lat": 45.003034, "long": 39.021424, "population_x": 16000.0, "type": "pvz", "hex_id": 34, "poi_amenity": 1, "poi_shop": 1, "poi_office": 0, "poi_leisure": 0, "poi_tourism": 0, "population_y": 16000.0, "car_traffic": 6500.0, "foot_traffic": 13000.0, "poi_transport": 4, "attractiveness": 1.0, "coef_amenity": 14334.129020959408, "coef_shop": 1917.120113390996, "coef_office": -933.52606857226726 }, "geometry": { "type": "Point", "coordinates": [ 4343845.049708425067365, 5621999.140044124796987 ] } },
{ "type": "Feature", "properties": { "ID": 50007850, "Address": "Воронежская улица, 102", "lat": 45.002671, "long": 39.020768, "population_x": 16000.0, "type": "pvz", "hex_id": 34, "poi_amenity": 1, "poi_shop": 1, "poi_office": 0, "poi_leisure": 0, "poi_tourism": 0, "population_y": 16000.0, "car_traffic": 6500.0, "foot_traffic": 13000.0, "poi_transport": 4, "attractiveness": 1.0, "coef_amenity": 14473.313068765308, "coef_shop": 1910.1870413091956, "coef_office": -1017.306906869595 }, "geometry": { "type": "Point", "coordinates": [ 4343772.024122463539243, 5621941.990278114564717 ] } },
{ "type": "Feature", "properties": { "ID": 50017267, "Address": "улица Красных Партизан, 62", "lat": 45.053175, "long": 38.942695, "population_x": 21000.0, "type": "pvz", "hex_id": 21, "poi_amenity": 6, "poi_shop": 0, "poi_office": 0, "poi_leisure": 0, "poi_tourism": 0, "population_y": 21000.0, "car_traffic": 28000.0, "foot_traffic": 35000.0, "poi_transport": 2, "attractiveness": 2.3, "coef_amenity": 34646.504756381182, "coef_shop": 1934.2302930916194, "coef_office": -1147.1264266246444 }, "geometry": { "type": "Point", "coordinates": [ 4335080.977517761290073, 5629896.689871805720031 ] } },
{ "type": "Feature", "properties": { "ID": 5285, "Address": "улица Гагарина, 132", "lat": 45.053945, "long": 38.949945, "population_x": 21000.0, "type": "pvz", "hex_id": 21, "poi_amenity": 4, "poi_shop": 3, "poi_office": 0, "poi_leisure": 1, "poi_tourism": 0, "population_y": 21000.0, "car_traffic": 28000.0, "foot_traffic": 35000.0, "poi_transport": 3, "attractiveness": 2.5, "coef_amenity": 44931.338547427069, "coef_shop": 2944.8519562519091, "coef_office": -2193.9607843649806 }, "geometry": { "type": "Point", "coordinates": [ 4335888.043826011940837, 5630018.024088730104268 ] } },
{ "type": "Feature", "properties": { "ID": 209978, "Address": "улица Герцена, 186", "lat": 45.057689, "long": 38.946091, "population_x": 21000.0, "type": "pvz", "hex_id": 21, "poi_amenity": 5, "poi_shop": 3, "poi_office": 0, "poi_leisure": 0, "poi_tourism": 0, "population_y": 21000.0, "car_traffic": 28000.0, "foot_traffic": 35000.0, "poi_transport": 5, "attractiveness": 3.0, "coef_amenity": 36674.866634782818, "coef_shop": 2495.418497317251, "coef_office": -1605.7929903554634 }, "geometry": { "type": "Point", "coordinates": [ 4335459.018508494831622, 5630608.015306652523577 ] } },
{ "type": "Feature", "properties": { "ID": 50009042, "Address": "улица Каляева, 263/4", "lat": 45.06002, "long": 38.940755, "population_x": 21000.0, "type": "pvz", "hex_id": 21, "poi_amenity": 3, "poi_shop": 4, "poi_office": 1, "poi_leisure": 0, "poi_tourism": 0, "population_y": 21000.0, "car_traffic": 28000.0, "foot_traffic": 35000.0, "poi_transport": 0, "attractiveness": 2.25, "coef_amenity": 35262.028713198124, "coef_shop": 912.8950930958149, "coef_office": -536.51983761274528 }, "geometry": { "type": "Point", "coordinates": [ 4334865.017705622129142, 5630975.361082716844976 ] } },
{ "type": "Feature", "properties": { "ID": 307356, "Address": "улица Новицкого, 2/4", "lat": 45.060726, "long": 38.943486, "population_x": 21000.0, "type": "pvz", "hex_id": 21, "poi_amenity": 4, "poi_shop": 10, "poi_office": 0, "poi_leisure": 1, "poi_tourism": 0, "population_y": 21000.0, "car_traffic": 28000.0, "foot_traffic": 35000.0, "poi_transport": 0, "attractiveness": 3.95, "coef_amenity": 36268.829994684776, "coef_shop": 1427.9277927609719, "coef_office": -890.92815472062387 }, "geometry": { "type": "Point", "coordinates": [ 4335169.031234977766871, 5631086.623633409850299 ] } },
{ "type": "Feature", "properties": { "ID": 162540, "Address": "Совхозная улица, 1к1", "lat": 45.061376, "long": 38.944079, "population_x": 21000.0, "type": "pvz", "hex_id": 21, "poi_amenity": 1, "poi_shop": 2, "poi_office": 0, "poi_leisure": 0, "poi_tourism": 0, "population_y": 21000.0, "car_traffic": 28000.0, "foot_traffic": 35000.0, "poi_transport": 0, "attractiveness": 0.85, "coef_amenity": 36554.644748924009, "coef_shop": 1430.4352021232835, "coef_office": -908.34160193270679 }, "geometry": { "type": "Point", "coordinates": [ 4335235.043693019077182, 5631189.062040727585554 ] } },
{ "type": "Feature", "properties": { "ID": 206935, "Address": "улица Атарбекова, 30", "lat": 45.058434, "long": 38.951903, "population_x": 21000.0, "type": "pvz", "hex_id": 21, "poi_amenity": 13, "poi_shop": 20, "poi_office": 1, "poi_leisure": 0, "poi_tourism": 0, "population_y": 21000.0, "car_traffic": 28000.0, "foot_traffic": 35000.0, "poi_transport": 2, "attractiveness": 9.95, "coef_amenity": 43326.538511937862, "coef_shop": 2660.1861462746733, "coef_office": -2100.0710511169705 }, "geometry": { "type": "Point", "coordinates": [ 4336106.007388984784484, 5630725.419342537410557 ] } },
{ "type": "Feature", "properties": { "ID": 50016484, "Address": "улица Атарбекова, 28", "lat": 45.059077, "long": 38.95096, "population_x": 21000.0, "type": "pvz", "hex_id": 21, "poi_amenity": 20, "poi_shop": 25, "poi_office": 0, "poi_leisure": 0, "poi_tourism": 0, "population_y": 21000.0, "car_traffic": 28000.0, "foot_traffic": 35000.0, "poi_transport": 2, "attractiveness": 13.45, "coef_amenity": 41272.476720239058, "coef_shop": 2636.5884384477208, "coef_office": -1953.6949241039933 }, "geometry": { "type": "Point", "coordinates": [ 4336001.033109167590737, 5630826.750498692505062 ] } },
{ "type": "Feature", "properties": { "ID": 203190, "Address": "улица Ковалёва, 5", "lat": 45.061949, "long": 38.948947, "population_x": 21000.0, "type": "pvz", "hex_id": 21, "poi_amenity": 2, "poi_shop": 9, "poi_office": 0, "poi_leisure": 0, "poi_tourism": 0, "population_y": 21000.0, "car_traffic": 28000.0, "foot_traffic": 35000.0, "poi_transport": 1, "attractiveness": 3.05, "coef_amenity": 38673.297706773847, "coef_shop": 2130.6933019739486, "coef_office": -1502.0782858225723 }, "geometry": { "type": "Point", "coordinates": [ 4335776.946974200196564, 5631279.36640256550163 ] } },
{ "type": "Feature", "properties": { "ID": 139531, "Address": "улица Яна Полуяна, 33", "lat": 45.06433, "long": 38.951454, "population_x": 21000.0, "type": "pvz", "hex_id": 21, "poi_amenity": 6, "poi_shop": 2, "poi_office": 0, "poi_leisure": 0, "poi_tourism": 0, "population_y": 21000.0, "car_traffic": 28000.0, "foot_traffic": 35000.0, "poi_transport": 3, "attractiveness": 2.9, "coef_amenity": 40014.493397773054, "coef_shop": 1928.466757909099, "coef_office": -1357.4689714727522 }, "geometry": { "type": "Point", "coordinates": [ 4336056.024937618523836, 5631654.61987638939172 ] } },
{ "type": "Feature", "properties": { "ID": 50016357, "Address": "улица Садоводов, 8", "lat": 45.065749, "long": 38.946827, "population_x": 21000.0, "type": "pvz", "hex_id": 21, "poi_amenity": 1, "poi_shop": 3, "poi_office": 0, "poi_leisure": 0, "poi_tourism": 1, "population_y": 21000.0, "car_traffic": 28000.0, "foot_traffic": 35000.0, "poi_transport": 0, "attractiveness": 1.15, "coef_amenity": 38895.992404637604, "coef_shop": 1459.9981108604613, "coef_office": -964.7069699117111 }, "geometry": { "type": "Point", "coordinates": [ 4335540.949653718620539, 5631878.266401792876422 ] } },
{ "type": "Feature", "properties": { "ID": 173134, "Address": "проспект Константина Образцова, 2/2", "lat": 45.06785, "long": 38.949298, "population_x": 48000.0, "type": "pvz", "hex_id": 29, "poi_amenity": 1, "poi_shop": 1, "poi_office": 1, "poi_leisure": 0, "poi_tourism": 0, "population_y": 48000.0, "car_traffic": 25000.0, "foot_traffic": 44000.0, "poi_transport": 0, "attractiveness": 0.8, "coef_amenity": 40279.377838618129, "coef_shop": 1278.205495221835, "coef_office": -838.28897306372812 }, "geometry": { "type": "Point", "coordinates": [ 4335816.020115468651056, 5632209.412150282412767 ] } },
{ "type": "Feature", "properties": { "ID": 312276, "Address": "улица Архитектора Петина, 14", "lat": 45.068633, "long": 38.950978, "population_x": 48000.0, "type": "pvz", "hex_id": 29, "poi_amenity": 4, "poi_shop": 1, "poi_office": 0, "poi_leisure": 0, "poi_tourism": 0, "population_y": 48000.0, "car_traffic": 25000.0, "foot_traffic": 44000.0, "poi_transport": 0, "attractiveness": 1.65, "coef_amenity": 41095.501265861283, "coef_shop": 1041.2099686589481, "coef_office": -675.86828380821214 }, "geometry": { "type": "Point", "coordinates": [ 4336003.036860001273453, 5632332.826553975231946 ] } },
{ "type": "Feature", "properties": { "ID": 141127, "Address": "проспект Константина Образцова, 6/2", "lat": 45.066838, "long": 38.952226, "population_x": 48000.0, "type": "pvz", "hex_id": 29, "poi_amenity": 4, "poi_shop": 2, "poi_office": 0, "poi_leisure": 0, "poi_tourism": 0, "population_y": 48000.0, "car_traffic": 25000.0, "foot_traffic": 44000.0, "poi_transport": 0, "attractiveness": 1.9, "coef_amenity": 40516.49980324338, "coef_shop": 1436.5090183909444, "coef_office": -920.57680410082503 }, "geometry": { "type": "Point", "coordinates": [ 4336141.96358451154083, 5632049.905872483737767 ] } },
{ "type": "Feature", "properties": { "ID": 3852, "Address": "улица имени Симиренко, 37к1", "lat": 45.072465, "long": 38.949253, "population_x": 48000.0, "type": "pvz", "hex_id": 29, "poi_amenity": 1, "poi_shop": 6, "poi_office": 0, "poi_leisure": 0, "poi_tourism": 0, "population_y": 48000.0, "car_traffic": 25000.0, "foot_traffic": 44000.0, "poi_transport": 1, "attractiveness": 1.95, "coef_amenity": 40502.626209713737, "coef_shop": 868.83028598610008, "coef_office": -427.23798153656588 }, "geometry": { "type": "Point", "coordinates": [ 4335811.010738383047283, 5632936.840714989230037 ] } },
{ "type": "Feature", "properties": { "ID": 337942, "Address": "Круговая улица, 4Вк7", "lat": 45.073757, "long": 38.951364, "population_x": 48000.0, "type": "pvz", "hex_id": 29, "poi_amenity": 0, "poi_shop": 0, "poi_office": 0, "poi_leisure": 0, "poi_tourism": 0, "population_y": 48000.0, "car_traffic": 25000.0, "foot_traffic": 44000.0, "poi_transport": 0, "attractiveness": 0.05, "coef_amenity": 41382.639043167619, "coef_shop": 644.24303099202746, "coef_office": -262.07683937895837 }, "geometry": { "type": "Point", "coordinates": [ 4336046.006183447316289, 5633140.499712709337473 ] } },
{ "type": "Feature", "properties": { "ID": 50007604, "Address": "Круговая улица, 4Вк3", "lat": 45.074527, "long": 38.953367, "population_x": 48000.0, "type": "pvz", "hex_id": 29, "poi_amenity": 0, "poi_shop": 1, "poi_office": 0, "poi_leisure": 0, "poi_tourism": 0, "population_y": 48000.0, "car_traffic": 25000.0, "foot_traffic": 44000.0, "poi_transport": 0, "attractiveness": 0.25, "coef_amenity": 42114.20845086014, "coef_shop": 442.49388755606401, "coef_office": -126.33158657716912 }, "geometry": { "type": "Point", "coordinates": [ 4336268.979123506695032, 5633261.877620876766741 ] } },
{ "type": "Feature", "properties": { "ID": 139733, "Address": "Круговая улица, 4Вк1", "lat": 45.073687, "long": 38.953385, "population_x": 48000.0, "type": "pvz", "hex_id": 29, "poi_amenity": 0, "poi_shop": 1, "poi_office": 0, "poi_leisure": 1, "poi_tourism": 0, "population_y": 48000.0, "car_traffic": 25000.0, "foot_traffic": 44000.0, "poi_transport": 0, "attractiveness": 0.3, "coef_amenity": 41932.576783504934, "coef_shop": 547.55760569770985, "coef_office": -183.09620528921323 }, "geometry": { "type": "Point", "coordinates": [ 4336270.982874340377748, 5633129.465438516810536 ] } },
{ "type": "Feature", "properties": { "ID": 315637, "Address": "улица имени Симиренко, 71к2", "lat": 45.072077, "long": 38.954948, "population_x": 48000.0, "type": "pvz", "hex_id": 29, "poi_amenity": 0, "poi_shop": 2, "poi_office": 0, "poi_leisure": 2, "poi_tourism": 0, "population_y": 48000.0, "car_traffic": 25000.0, "foot_traffic": 44000.0, "poi_transport": 0, "attractiveness": 0.6, "coef_amenity": 41409.060443715782, "coef_shop": 825.37617086176954, "coef_office": -246.56622765656465 }, "geometry": { "type": "Point", "coordinates": [ 4336444.975238450802863, 5632875.680862290784717 ] } },
{ "type": "Feature", "properties": { "ID": 140341, "Address": "улица Архитектора Петина, 18/2", "lat": 45.068499, "long": 38.953951, "population_x": 48000.0, "type": "pvz", "hex_id": 29, "poi_amenity": 4, "poi_shop": 1, "poi_office": 0, "poi_leisure": 0, "poi_tourism": 0, "population_y": 48000.0, "car_traffic": 25000.0, "foot_traffic": 44000.0, "poi_transport": 0, "attractiveness": 1.65, "coef_amenity": 40813.094626612801, "coef_shop": 1395.2800971725762, "coef_office": -707.07957121652396 }, "geometry": { "type": "Point", "coordinates": [ 4336333.989706130698323, 5632311.705705979838967 ] } },
{ "type": "Feature", "properties": { "ID": 50016337, "Address": "Казбекская улица, 14", "lat": 45.068499, "long": 38.953951, "population_x": 48000.0, "type": "pvz", "hex_id": 29, "poi_amenity": 4, "poi_shop": 1, "poi_office": 0, "poi_leisure": 0, "poi_tourism": 0, "population_y": 48000.0, "car_traffic": 25000.0, "foot_traffic": 44000.0, "poi_transport": 0, "attractiveness": 1.65, "coef_amenity": 40813.094626612801, "coef_shop": 1395.2800971725762, "coef_office": -707.07957121652396 }, "geometry": { "type": "Point", "coordinates": [ 4336333.989706130698323, 5632311.705705979838967 ] } },
{ "type": "Feature", "properties": { "ID": 307384, "Address": "Казбекская улица, 15", "lat": 45.066017, "long": 38.955766, "population_x": 48000.0, "type": "pvz", "hex_id": 29, "poi_amenity": 6, "poi_shop": 5, "poi_office": 0, "poi_leisure": 0, "poi_tourism": 0, "population_y": 48000.0, "car_traffic": 25000.0, "foot_traffic": 44000.0, "poi_transport": 0, "attractiveness": 3.35, "coef_amenity": 40928.921670963413, "coef_shop": 1713.705804565212, "coef_office": -895.62568121282754 }, "geometry": { "type": "Point", "coordinates": [ 4336536.034581919200718, 5631920.50611512362957 ] } },
{ "type": "Feature", "properties": { "ID": 139581, "Address": "улица Архитектора Ишунина, 1", "lat": 45.064419, "long": 38.956466, "population_x": 48000.0, "type": "pvz", "hex_id": 29, "poi_amenity": 9, "poi_shop": 14, "poi_office": 0, "poi_leisure": 0, "poi_tourism": 0, "population_y": 48000.0, "car_traffic": 25000.0, "foot_traffic": 44000.0, "poi_transport": 0, "attractiveness": 6.65, "coef_amenity": 43008.996899285572, "coef_shop": 1880.1562559535355, "coef_office": -1120.6156017441283 }, "geometry": { "type": "Point", "coordinates": [ 4336613.958225474692881, 5631668.646873725578189 ] } },
{ "type": "Feature", "properties": { "ID": 50004254, "Address": "улица Архитектора Ишунина, 6", "lat": 45.06538, "long": 38.957212, "population_x": 48000.0, "type": "pvz", "hex_id": 29, "poi_amenity": 5, "poi_shop": 6, "poi_office": 0, "poi_leisure": 0, "poi_tourism": 0, "population_y": 48000.0, "car_traffic": 25000.0, "foot_traffic": 44000.0, "poi_transport": 0, "attractiveness": 3.25, "coef_amenity": 41822.399597349991, "coef_shop": 1788.4210117724103, "coef_office": -840.82785903176648 }, "geometry": { "type": "Point", "coordinates": [ 4336697.002565606497228, 5631820.108314563520253 ] } },
{ "type": "Feature", "properties": { "ID": 126707, "Address": "проспект Константина Образцова, 25к1", "lat": 45.066806, "long": 38.958667, "population_x": 48000.0, "type": "pvz", "hex_id": 29, "poi_amenity": 2, "poi_shop": 6, "poi_office": 0, "poi_leisure": 0, "poi_tourism": 0, "population_y": 48000.0, "car_traffic": 25000.0, "foot_traffic": 44000.0, "poi_transport": 0, "attractiveness": 2.2, "coef_amenity": 40577.41450932817, "coef_shop": 1668.9849157869437, "coef_office": -400.62941170517627 }, "geometry": { "type": "Point", "coordinates": [ 4336858.972424710169435, 5632044.86224177479744 ] } },
{ "type": "Feature", "properties": { "ID": 212229, "Address": "улица Архитектора Ишунина, 9", "lat": 45.068124, "long": 38.959431, "population_x": 48000.0, "type": "pvz", "hex_id": 29, "poi_amenity": 1, "poi_shop": 2, "poi_office": 0, "poi_leisure": 0, "poi_tourism": 0, "population_y": 48000.0, "car_traffic": 25000.0, "foot_traffic": 44000.0, "poi_transport": 0, "attractiveness": 0.85, "coef_amenity": 39834.886086162333, "coef_shop": 1519.13610162757, "coef_office": -140.48615340954478 }, "geometry": { "type": "Point", "coordinates": [ 4336944.020515677519143, 5632252.599118418060243 ] } },
{ "type": "Feature", "properties": { "ID": 2122, "Address": "улица имени Тургенева, 98", "lat": 45.050284, "long": 38.95961, "population_x": 39000.0, "type": "pvz", "hex_id": 28, "poi_amenity": 8, "poi_shop": 5, "poi_office": 2, "poi_leisure": 0, "poi_tourism": 0, "population_y": 39000.0, "car_traffic": 51000.0, "foot_traffic": 95000.0, "poi_transport": 2, "attractiveness": 4.65, "coef_amenity": 73963.955846822748, "coef_shop": 2454.7943324673806, "coef_office": -2702.8717839872497 }, "geometry": { "type": "Point", "coordinates": [ 4336963.946704528294504, 5629441.149619748815894 ] } },
{ "type": "Feature", "properties": { "ID": 50014074, "Address": "улица Красных Партизан, 443", "lat": 45.051545, "long": 38.958038, "population_x": 39000.0, "type": "pvz", "hex_id": 28, "poi_amenity": 13, "poi_shop": 6, "poi_office": 1, "poi_leisure": 0, "poi_tourism": 0, "population_y": 39000.0, "car_traffic": 51000.0, "foot_traffic": 95000.0, "poi_transport": 3, "attractiveness": 6.55, "coef_amenity": 71463.508536177673, "coef_shop": 2037.0980395835854, "coef_office": -2304.0259996434929 }, "geometry": { "type": "Point", "coordinates": [ 4336788.952465002425015, 5629639.844905832782388 ] } },
{ "type": "Feature", "properties": { "ID": 50034056, "Address": "улица имени Тургенева, 109", "lat": 45.052576, "long": 38.958676, "population_x": 39000.0, "type": "pvz", "hex_id": 28, "poi_amenity": 16, "poi_shop": 8, "poi_office": 1, "poi_leisure": 0, "poi_tourism": 0, "population_y": 39000.0, "car_traffic": 51000.0, "foot_traffic": 95000.0, "poi_transport": 4, "attractiveness": 8.2, "coef_amenity": 74656.770840031328, "coef_shop": 1541.4802358112595, "coef_office": -1976.5476741129373 }, "geometry": { "type": "Point", "coordinates": [ 4336859.974300128407776, 5629802.302435383200645 ] } },
{ "type": "Feature", "properties": { "ID": 50037986, "Address": "Фестивальная улица, 38", "lat": 45.054315, "long": 38.960599, "population_x": 39000.0, "type": "pvz", "hex_id": 28, "poi_amenity": 4, "poi_shop": 8, "poi_office": 0, "poi_leisure": 0, "poi_tourism": 0, "population_y": 39000.0, "car_traffic": 51000.0, "foot_traffic": 95000.0, "poi_transport": 1, "attractiveness": 3.5, "coef_amenity": 80022.771756184477, "coef_shop": 801.39511460711174, "coef_office": -1510.8542113860217 }, "geometry": { "type": "Point", "coordinates": [ 4337074.04168092366308, 5630076.328124734573066 ] } },
{ "type": "Feature", "properties": { "ID": 161796, "Address": "улица Воровского, 197", "lat": 45.052831, "long": 38.954418, "population_x": 21000.0, "type": "pvz", "hex_id": 21, "poi_amenity": 4, "poi_shop": 2, "poi_office": 1, "poi_leisure": 1, "poi_tourism": 0, "population_y": 21000.0, "car_traffic": 28000.0, "foot_traffic": 35000.0, "poi_transport": 3, "attractiveness": 2.45, "coef_amenity": 60724.73118675057, "coef_shop": 2397.9205670440915, "coef_office": -2319.6642897246447 }, "geometry": { "type": "Point", "coordinates": [ 4336385.975908329710364, 5629842.483944397419691 ] } },
{ "type": "Feature", "properties": { "ID": 50031787, "Address": "Фестивальная улица, 7", "lat": 45.055282, "long": 38.956933, "population_x": 39000.0, "type": "pvz", "hex_id": 28, "poi_amenity": 2, "poi_shop": 1, "poi_office": 0, "poi_leisure": 0, "poi_tourism": 0, "population_y": 39000.0, "car_traffic": 51000.0, "foot_traffic": 95000.0, "poi_transport": 0, "attractiveness": 0.95, "coef_amenity": 68944.978513434515, "coef_shop": 1468.7972984731409, "coef_office": -1895.0280165027471 }, "geometry": { "type": "Point", "coordinates": [ 4336665.944427674636245, 5630228.708292000927031 ] } },
{ "type": "Feature", "properties": { "ID": 137644, "Address": "улица имени Тургенева, 135", "lat": 45.056333, "long": 38.959799, "population_x": 39000.0, "type": "pvz", "hex_id": 28, "poi_amenity": 8, "poi_shop": 9, "poi_office": 1, "poi_leisure": 1, "poi_tourism": 0, "population_y": 39000.0, "car_traffic": 51000.0, "foot_traffic": 95000.0, "poi_transport": 2, "attractiveness": 5.5, "coef_amenity": 76230.102212867147, "coef_shop": 812.47573161088076, "coef_office": -1537.2699943326279 }, "geometry": { "type": "Point", "coordinates": [ 4336984.98608828894794, 5630394.328128196299076 ] } },
{ "type": "Feature", "properties": { "ID": 151739, "Address": "улица Атарбекова, 45", "lat": 45.059529, "long": 38.958515, "population_x": 39000.0, "type": "pvz", "hex_id": 28, "poi_amenity": 20, "poi_shop": 7, "poi_office": 0, "poi_leisure": 0, "poi_tourism": 0, "population_y": 39000.0, "car_traffic": 51000.0, "foot_traffic": 95000.0, "poi_transport": 2, "attractiveness": 8.95, "coef_amenity": 63894.646039328851, "coef_shop": 1218.888271095884, "coef_office": -1565.7118740177034 }, "geometry": { "type": "Point", "coordinates": [ 4336842.051862110383809, 5630897.98241339251399 ] } },
{ "type": "Feature", "properties": { "ID": 322777, "Address": "улица имени Тургенева, 155", "lat": 45.062318, "long": 38.960491, "population_x": 48000.0, "type": "pvz", "hex_id": 29, "poi_amenity": 14, "poi_shop": 3, "poi_office": 0, "poi_leisure": 0, "poi_tourism": 0, "population_y": 48000.0, "car_traffic": 25000.0, "foot_traffic": 44000.0, "poi_transport": 2, "attractiveness": 5.85, "coef_amenity": 55369.251995886356, "coef_shop": 1318.6465412909233, "coef_office": -856.71246368347079 }, "geometry": { "type": "Point", "coordinates": [ 4337062.019175916910172, 5631337.520999492146075 ] } },
{ "type": "Feature", "properties": { "ID": 213695, "Address": "улица имени Тургенева, 142", "lat": 45.065399, "long": 38.963671, "population_x": 48000.0, "type": "pvz", "hex_id": 29, "poi_amenity": 2, "poi_shop": 5, "poi_office": 0, "poi_leisure": 0, "poi_tourism": 0, "population_y": 48000.0, "car_traffic": 25000.0, "foot_traffic": 44000.0, "poi_transport": 3, "attractiveness": 2.25, "coef_amenity": 42958.780778993991, "coef_shop": 1632.9728026017924, "coef_office": 347.8688127069446 }, "geometry": { "type": "Point", "coordinates": [ 4337416.015156640671194, 5631823.102895255200565 ] } },
{ "type": "Feature", "properties": { "ID": 50019696, "Address": "Дальний проезд, 9к2", "lat": 45.063247, "long": 38.964479, "population_x": 48000.0, "type": "pvz", "hex_id": 29, "poi_amenity": 2, "poi_shop": 5, "poi_office": 0, "poi_leisure": 0, "poi_tourism": 0, "population_y": 48000.0, "car_traffic": 25000.0, "foot_traffic": 44000.0, "poi_transport": 0, "attractiveness": 1.95, "coef_amenity": 52782.518455493766, "coef_shop": 1267.3761314666749, "coef_office": 268.15004102211276 }, "geometry": { "type": "Point", "coordinates": [ 4337505.961305201053619, 5631483.93355733063072 ] } },
{ "type": "Feature", "properties": { "ID": 150386, "Address": "Дальняя улица, 39/3", "lat": 45.060904, "long": 38.964578, "population_x": 39000.0, "type": "pvz", "hex_id": 28, "poi_amenity": 10, "poi_shop": 8, "poi_office": 2, "poi_leisure": 0, "poi_tourism": 0, "population_y": 39000.0, "car_traffic": 51000.0, "foot_traffic": 95000.0, "poi_transport": 0, "attractiveness": 5.9, "coef_amenity": 67401.094119141853, "coef_shop": 619.98364194542387, "coef_office": -134.13902456081777 }, "geometry": { "type": "Point", "coordinates": [ 4337516.981934790499508, 5631114.675881465896964 ] } },
{ "type": "Feature", "properties": { "ID": 308738, "Address": "Дальняя улица, 39/2", "lat": 45.061325, "long": 38.965324, "population_x": 39000.0, "type": "pvz", "hex_id": 28, "poi_amenity": 9, "poi_shop": 6, "poi_office": 2, "poi_leisure": 0, "poi_tourism": 0, "population_y": 39000.0, "car_traffic": 51000.0, "foot_traffic": 95000.0, "poi_transport": 0, "attractiveness": 5.05, "coef_amenity": 64635.448586655606, "coef_shop": 719.90099027298299, "coef_office": 203.73008267565388 }, "geometry": { "type": "Point", "coordinates": [ 4337600.026274922303855, 5631181.024523586966097 ] } },
{ "type": "Feature", "properties": { "ID": 157869, "Address": "Гаражная улица, 87к1", "lat": 45.060892, "long": 38.967318, "population_x": 39000.0, "type": "pvz", "hex_id": 28, "poi_amenity": 6, "poi_shop": 8, "poi_office": 0, "poi_leisure": 0, "poi_tourism": 0, "population_y": 39000.0, "car_traffic": 51000.0, "foot_traffic": 95000.0, "poi_transport": 1, "attractiveness": 4.2, "coef_amenity": 66824.193647232722, "coef_shop": 514.80285258425863, "coef_office": 832.89959018146487 }, "geometry": { "type": "Point", "coordinates": [ 4337821.997339563444257, 5631112.784715931862593 ] } },
{ "type": "Feature", "properties": { "ID": 335761, "Address": "Гаражная улица, 87", "lat": 45.061395, "long": 38.968288, "population_x": 39000.0, "type": "pvz", "hex_id": 28, "poi_amenity": 6, "poi_shop": 6, "poi_office": 0, "poi_leisure": 0, "poi_tourism": 0, "population_y": 39000.0, "car_traffic": 51000.0, "foot_traffic": 95000.0, "poi_transport": 2, "attractiveness": 3.8, "coef_amenity": 65368.021413384799, "coef_shop": 621.95564150788107, "coef_office": 716.10228490342126 }, "geometry": { "type": "Point", "coordinates": [ 4337929.977245633490384, 5631192.056411690078676 ] } },
{ "type": "Feature", "properties": { "ID": 50004457, "Address": "улица Монтажников, 14", "lat": 45.059829, "long": 38.967857, "population_x": 39000.0, "type": "pvz", "hex_id": 28, "poi_amenity": 4, "poi_shop": 9, "poi_office": 0, "poi_leisure": 1, "poi_tourism": 0, "population_y": 39000.0, "car_traffic": 51000.0, "foot_traffic": 95000.0, "poi_transport": 0, "attractiveness": 3.7, "coef_amenity": 71991.473043632242, "coef_shop": 245.82547343797336, "coef_office": 1009.9426349185544 }, "geometry": { "type": "Point", "coordinates": [ 4337881.998545101843774, 5630945.260543788783252 ] } },
{ "type": "Feature", "properties": { "ID": 114368, "Address": "Морская улица, 45", "lat": 45.055251, "long": 38.968118, "population_x": 39000.0, "type": "pvz", "hex_id": 28, "poi_amenity": 0, "poi_shop": 3, "poi_office": 0, "poi_leisure": 0, "poi_tourism": 0, "population_y": 39000.0, "car_traffic": 51000.0, "foot_traffic": 95000.0, "poi_transport": 0, "attractiveness": 0.75, "coef_amenity": 86849.844637846632, "coef_shop": -140.35545097600729, "coef_office": 810.76626719809155 }, "geometry": { "type": "Point", "coordinates": [ 4337911.052932198159397, 5630223.823262171819806 ] } },
{ "type": "Feature", "properties": { "ID": 214796, "Address": "Гаражная улица, 71", "lat": 45.055671, "long": 38.970543, "population_x": 39000.0, "type": "pvz", "hex_id": 28, "poi_amenity": 4, "poi_shop": 4, "poi_office": 0, "poi_leisure": 0, "poi_tourism": 1, "population_y": 39000.0, "car_traffic": 51000.0, "foot_traffic": 95000.0, "poi_transport": 0, "attractiveness": 2.45, "coef_amenity": 86967.905928927983, "coef_shop": 13.484100278730049, "coef_office": 726.35750309246282 }, "geometry": { "type": "Point", "coordinates": [ 4338181.00269737187773, 5630290.007762373425066 ] } },
{ "type": "Feature", "properties": { "ID": 50006439, "Address": "улица Гагарина, 147", "lat": 45.051793, "long": 38.966312, "population_x": 39000.0, "type": "pvz", "hex_id": 28, "poi_amenity": 0, "poi_shop": 1, "poi_office": 0, "poi_leisure": 0, "poi_tourism": 1, "population_y": 39000.0, "car_traffic": 51000.0, "foot_traffic": 95000.0, "poi_transport": 0, "attractiveness": 0.3, "coef_amenity": 89976.161630022718, "coef_shop": 332.19100073602027, "coef_office": -175.03859997628859 }, "geometry": { "type": "Point", "coordinates": [ 4337710.009931826032698, 5629678.922686176374555 ] } },
{ "type": "Feature", "properties": { "ID": 311711, "Address": "2-й Пластунский проезд, 13", "lat": 45.047552, "long": 38.968019, "population_x": 39000.0, "type": "pvz", "hex_id": 28, "poi_amenity": 2, "poi_shop": 2, "poi_office": 1, "poi_leisure": 0, "poi_tourism": 1, "population_y": 39000.0, "car_traffic": 51000.0, "foot_traffic": 95000.0, "poi_transport": 1, "attractiveness": 1.55, "coef_amenity": 83875.929112311584, "coef_shop": 1472.7198051432206, "coef_office": -1927.2024984682753 }, "geometry": { "type": "Point", "coordinates": [ 4337900.03230260964483, 5629010.684454265981913 ] } },
{ "type": "Feature", "properties": { "ID": 318390, "Address": "Гаражная улица, 156к1", "lat": 45.065208, "long": 38.968953, "population_x": 48000.0, "type": "pvz", "hex_id": 29, "poi_amenity": 4, "poi_shop": 1, "poi_office": 0, "poi_leisure": 0, "poi_tourism": 0, "population_y": 48000.0, "car_traffic": 25000.0, "foot_traffic": 44000.0, "poi_transport": 0, "attractiveness": 1.65, "coef_amenity": 49736.368428287613, "coef_shop": 1695.0783389355083, "coef_office": 211.10005657597878 }, "geometry": { "type": "Point", "coordinates": [ 4338004.00470701046288, 5631792.99952413327992 ] } },
{ "type": "Feature", "properties": { "ID": 211591, "Address": "Рашпилевская улица, 333/1", "lat": 45.067646, "long": 38.969986, "population_x": 48000.0, "type": "pvz", "hex_id": 29, "poi_amenity": 3, "poi_shop": 1, "poi_office": 1, "poi_leisure": 0, "poi_tourism": 0, "population_y": 48000.0, "car_traffic": 25000.0, "foot_traffic": 44000.0, "poi_transport": 1, "attractiveness": 1.6, "coef_amenity": 45521.172437351612, "coef_shop": 1695.5463644849096, "coef_office": -89.840919029028612 }, "geometry": { "type": "Point", "coordinates": [ 4338118.997740999795496, 5632177.25848363339901 ] } },
{ "type": "Feature", "properties": { "ID": 213621, "Address": "улица имени Тургенева, 174", "lat": 45.069792, "long": 38.970247, "population_x": 48000.0, "type": "pvz", "hex_id": 29, "poi_amenity": 2, "poi_shop": 3, "poi_office": 0, "poi_leisure": 0, "poi_tourism": 0, "population_y": 48000.0, "car_traffic": 25000.0, "foot_traffic": 44000.0, "poi_transport": 3, "attractiveness": 1.75, "coef_amenity": 44486.915913213859, "coef_shop": 1471.7994285836867, "coef_office": -163.6918737196184 }, "geometry": { "type": "Point", "coordinates": [ 4338148.052128097042441, 5632515.50819356739521 ] } },
{ "type": "Feature", "properties": { "ID": 50005710, "Address": "улица имени Тургенева, 189", "lat": 45.068086, "long": 38.965297, "population_x": 48000.0, "type": "pvz", "hex_id": 29, "poi_amenity": 10, "poi_shop": 16, "poi_office": 0, "poi_leisure": 1, "poi_tourism": 1, "population_y": 48000.0, "car_traffic": 25000.0, "foot_traffic": 44000.0, "poi_transport": 2, "attractiveness": 7.8, "coef_amenity": 41353.520812596646, "coef_shop": 1253.9419339741976, "coef_office": 213.85933703038737 }, "geometry": { "type": "Point", "coordinates": [ 4337597.020648670382798, 5632246.609672516584396 ] } },
{ "type": "Feature", "properties": { "ID": 319606, "Address": "Стахановская улица, 1/5к3", "lat": 45.073725, "long": 38.96677, "population_x": 48000.0, "type": "pvz", "hex_id": 29, "poi_amenity": 3, "poi_shop": 2, "poi_office": 0, "poi_leisure": 0, "poi_tourism": 0, "population_y": 48000.0, "car_traffic": 25000.0, "foot_traffic": 44000.0, "poi_transport": 0, "attractiveness": 1.55, "coef_amenity": 42690.717169900534, "coef_shop": 672.25689934403351, "coef_office": -57.237559893514593 }, "geometry": { "type": "Point", "coordinates": [ 4337760.99425860773772, 5633135.455471401102841 ] } },
{ "type": "Feature", "properties": { "ID": 316252, "Address": "Стахановская улица, 1/5к5", "lat": 45.073025, "long": 38.967893, "population_x": 48000.0, "type": "pvz", "hex_id": 29, "poi_amenity": 3, "poi_shop": 3, "poi_office": 1, "poi_leisure": 0, "poi_tourism": 0, "population_y": 48000.0, "car_traffic": 25000.0, "foot_traffic": 44000.0, "poi_transport": 0, "attractiveness": 1.9999999999999998, "coef_amenity": 42926.378714776278, "coef_shop": 807.20155247822527, "coef_office": -118.82416260908359 }, "geometry": { "type": "Point", "coordinates": [ 4337886.006046769209206, 5633025.113399455323815 ] } },
{ "type": "Feature", "properties": { "ID": 140352, "Address": "Стахановская улица, 1/5", "lat": 45.073662, "long": 38.969213, "population_x": 48000.0, "type": "pvz", "hex_id": 29, "poi_amenity": 3, "poi_shop": 2, "poi_office": 1, "poi_leisure": 0, "poi_tourism": 0, "population_y": 48000.0, "car_traffic": 25000.0, "foot_traffic": 44000.0, "poi_transport": 0, "attractiveness": 1.75, "coef_amenity": 43026.412263179394, "coef_shop": 783.57624225048812, "coef_office": -25.631794396352422 }, "geometry": { "type": "Point", "coordinates": [ 4338032.947774617001414, 5633125.524629578925669 ] } },
{ "type": "Feature", "properties": { "ID": 320976, "Address": "улица Авиагородок, 8", "lat": 45.07538, "long": 38.973166, "population_x": 48000.0, "type": "pvz", "hex_id": 29, "poi_amenity": 5, "poi_shop": 5, "poi_office": 0, "poi_leisure": 0, "poi_tourism": 1, "population_y": 48000.0, "car_traffic": 25000.0, "foot_traffic": 44000.0, "poi_transport": 2, "attractiveness": 3.25, "coef_amenity": 43447.747736928599, "coef_shop": 407.7753626612382, "coef_office": 321.20613082206307 }, "geometry": { "type": "Point", "coordinates": [ 4338472.993721722625196, 5633396.341031144373119 ] } },
{ "type": "Feature", "properties": { "ID": 139037, "Address": "улица Циолковского, 7", "lat": 45.080402, "long": 38.976732, "population_x": 9500.0, "type": "pvz", "hex_id": 38, "poi_amenity": 3, "poi_shop": 3, "poi_office": 0, "poi_leisure": 0, "poi_tourism": 0, "population_y": 9500.0, "car_traffic": 29000.0, "foot_traffic": 19000.0, "poi_transport": 2, "attractiveness": 1.9999999999999998, "coef_amenity": 32614.510205733401, "coef_shop": 897.48228057167876, "coef_office": 1411.7347526096735 }, "geometry": { "type": "Point", "coordinates": [ 4338869.959025890566409, 5634188.029144956730306 ] } },
{ "type": "Feature", "properties": { "ID": 312535, "Address": "проезд Репина, 5", "lat": 45.075158, "long": 38.976427, "population_x": 48000.0, "type": "pvz", "hex_id": 29, "poi_amenity": 3, "poi_shop": 3, "poi_office": 0, "poi_leisure": 0, "poi_tourism": 0, "population_y": 48000.0, "car_traffic": 25000.0, "foot_traffic": 44000.0, "poi_transport": 0, "attractiveness": 1.8, "coef_amenity": 44146.918120894399, "coef_shop": 358.16488513058329, "coef_office": 434.33884825524126 }, "geometry": { "type": "Point", "coordinates": [ 4338836.006581199355423, 5633361.345671373419464 ] } },
{ "type": "Feature", "properties": { "ID": 212518, "Address": "улица Репина, 5", "lat": 45.074667, "long": 38.977199, "population_x": 48000.0, "type": "pvz", "hex_id": 29, "poi_amenity": 3, "poi_shop": 4, "poi_office": 0, "poi_leisure": 0, "poi_tourism": 0, "population_y": 48000.0, "car_traffic": 25000.0, "foot_traffic": 44000.0, "poi_transport": 0, "attractiveness": 2.05, "coef_amenity": 44712.661543768234, "coef_shop": 453.02153253965918, "coef_office": 378.75848566817297 }, "geometry": { "type": "Point", "coordinates": [ 4338921.945228091441095, 5633283.946507160551846 ] } },
{ "type": "Feature", "properties": { "ID": 309432, "Address": "проезд Репина, 3к1", "lat": 45.073484, "long": 38.97622, "population_x": 48000.0, "type": "pvz", "hex_id": 29, "poi_amenity": 3, "poi_shop": 8, "poi_office": 1, "poi_leisure": 0, "poi_tourism": 0, "population_y": 48000.0, "car_traffic": 25000.0, "foot_traffic": 44000.0, "poi_transport": 0, "attractiveness": 3.25, "coef_amenity": 45695.072836828534, "coef_shop": 612.64545550321986, "coef_office": 197.10090576666232 }, "geometry": { "type": "Point", "coordinates": [ 4338812.963446605019271, 5633097.466119787655771 ] } },
{ "type": "Feature", "properties": { "ID": 50017411, "Address": "проезд Репина, 42", "lat": 45.074088, "long": 38.977568, "population_x": 48000.0, "type": "pvz", "hex_id": 29, "poi_amenity": 3, "poi_shop": 5, "poi_office": 0, "poi_leisure": 0, "poi_tourism": 0, "population_y": 48000.0, "car_traffic": 25000.0, "foot_traffic": 44000.0, "poi_transport": 0, "attractiveness": 2.3, "coef_amenity": 45373.707984685025, "coef_shop": 547.95932273934591, "coef_office": 291.27798867636739 }, "geometry": { "type": "Point", "coordinates": [ 4338963.022120194509625, 5633192.676249450072646 ] } },
{ "type": "Feature", "properties": { "ID": 50016599, "Address": "Стахановская улица, 8", "lat": 45.071211, "long": 38.975008, "population_x": 48000.0, "type": "pvz", "hex_id": 29, "poi_amenity": 0, "poi_shop": 0, "poi_office": 0, "poi_leisure": 0, "poi_tourism": 0, "population_y": 48000.0, "car_traffic": 25000.0, "foot_traffic": 44000.0, "poi_transport": 1, "attractiveness": 0.1, "coef_amenity": 46736.111337415066, "coef_shop": 970.6800162460421, "coef_office": -10.076098376797264 }, "geometry": { "type": "Point", "coordinates": [ 4338678.044223763979971, 5632739.176090684719384 ] } },
{ "type": "Feature", "properties": { "ID": 135247, "Address": "проезд Репина, 22", "lat": 45.074082, "long": 38.980245, "population_x": 25000.0, "type": "pvz", "hex_id": 37, "poi_amenity": 6, "poi_shop": 4, "poi_office": 1, "poi_leisure": 0, "poi_tourism": 0, "population_y": 25000.0, "car_traffic": 39000.0, "foot_traffic": 58000.0, "poi_transport": 0, "attractiveness": 3.3, "coef_amenity": 45733.039937395231, "coef_shop": 457.2397532127884, "coef_office": 393.13041978033408 }, "geometry": { "type": "Point", "coordinates": [ 4339261.024397047236562, 5633191.730448511429131 ] } },
{ "type": "Feature", "properties": { "ID": 300686, "Address": "проезд Репина, 28", "lat": 45.072936, "long": 38.981691, "population_x": 25000.0, "type": "pvz", "hex_id": 37, "poi_amenity": 5, "poi_shop": 6, "poi_office": 1, "poi_leisure": 0, "poi_tourism": 0, "population_y": 25000.0, "car_traffic": 39000.0, "foot_traffic": 58000.0, "poi_transport": 0, "attractiveness": 3.45, "coef_amenity": 47652.875486624762, "coef_shop": 555.40307326236314, "coef_office": 211.90874749394945 }, "geometry": { "type": "Point", "coordinates": [ 4339421.992380735464394, 5633011.084290005266666 ] } },
{ "type": "Feature", "properties": { "ID": 114613, "Address": "Стахановская улица, 24", "lat": 45.071058, "long": 38.979571, "population_x": 25000.0, "type": "pvz", "hex_id": 37, "poi_amenity": 0, "poi_shop": 0, "poi_office": 0, "poi_leisure": 0, "poi_tourism": 0, "population_y": 25000.0, "car_traffic": 39000.0, "foot_traffic": 58000.0, "poi_transport": 1, "attractiveness": 0.1, "coef_amenity": 48993.823952792751, "coef_shop": 844.98611476131555, "coef_office": -64.512552735938968 }, "geometry": { "type": "Point", "coordinates": [ 4339185.995060253888369, 5632715.059411847963929 ] } },
{ "type": "Feature", "properties": { "ID": 158336, "Address": "улица Фёдора Лузана, 10", "lat": 45.068671, "long": 38.97932, "population_x": 25000.0, "type": "pvz", "hex_id": 37, "poi_amenity": 11, "poi_shop": 8, "poi_office": 0, "poi_leisure": 0, "poi_tourism": 0, "population_y": 25000.0, "car_traffic": 39000.0, "foot_traffic": 58000.0, "poi_transport": 1, "attractiveness": 5.95, "coef_amenity": 51503.5877318852, "coef_shop": 910.02839203169856, "coef_office": -186.02807959010025 }, "geometry": { "type": "Point", "coordinates": [ 4339158.053868064656854, 5632338.816057194024324 ] } },
{ "type": "Feature", "properties": { "ID": 216668, "Address": "улица Строителей, 21", "lat": 45.066628, "long": 38.981332, "population_x": 25000.0, "type": "pvz", "hex_id": 37, "poi_amenity": 3, "poi_shop": 1, "poi_office": 3, "poi_leisure": 1, "poi_tourism": 1, "population_y": 25000.0, "car_traffic": 39000.0, "foot_traffic": 58000.0, "poi_transport": 3, "attractiveness": 2.3, "coef_amenity": 55405.311283503266, "coef_shop": 867.91240599084688, "coef_office": -409.5942329951551 }, "geometry": { "type": "Point", "coordinates": [ 4339382.028683541342616, 5632016.807097487151623 ] } },
{ "type": "Feature", "properties": { "ID": 109221, "Address": "улица Шоссе Нефтяников, 37", "lat": 45.064788, "long": 38.980963, "population_x": 25000.0, "type": "pvz", "hex_id": 37, "poi_amenity": 1, "poi_shop": 1, "poi_office": 1, "poi_leisure": 0, "poi_tourism": 1, "population_y": 25000.0, "car_traffic": 39000.0, "foot_traffic": 58000.0, "poi_transport": 3, "attractiveness": 1.15, "coef_amenity": 58480.686675492754, "coef_shop": 837.04206953084372, "coef_office": -396.33528164041741 }, "geometry": { "type": "Point", "coordinates": [ 4339340.951791438274086, 5631726.803983280435205 ] } },
{ "type": "Feature", "properties": { "ID": 50005267, "Address": "улица Шоссе Нефтяников, 18к2", "lat": 45.062986, "long": 38.983236, "population_x": 25000.0, "type": "pvz", "hex_id": 37, "poi_amenity": 2, "poi_shop": 2, "poi_office": 0, "poi_leisure": 0, "poi_tourism": 0, "population_y": 25000.0, "car_traffic": 39000.0, "foot_traffic": 58000.0, "poi_transport": 1, "attractiveness": 1.3, "coef_amenity": 61666.548719323247, "coef_shop": 794.2704828297434, "coef_office": -504.58088399994836 }, "geometry": { "type": "Point", "coordinates": [ 4339593.980994010344148, 5631442.799110777676105 ] } },
{ "type": "Feature", "properties": { "ID": 130288, "Address": "улица имени Дзержинского, 93к6", "lat": 45.064024, "long": 38.974127, "population_x": 39000.0, "type": "pvz", "hex_id": 28, "poi_amenity": 4, "poi_shop": 2, "poi_office": 1, "poi_leisure": 0, "poi_tourism": 0, "population_y": 39000.0, "car_traffic": 51000.0, "foot_traffic": 95000.0, "poi_transport": 1, "attractiveness": 2.2, "coef_amenity": 58767.324701150617, "coef_shop": 762.97229000775815, "coef_office": 550.70658456262584 }, "geometry": { "type": "Point", "coordinates": [ 4338579.971752375364304, 5631606.3923892499879 ] } },
{ "type": "Feature", "properties": { "ID": 164045, "Address": "Зиповская улица, 1", "lat": 45.061726, "long": 38.986632, "population_x": 25000.0, "type": "pvz", "hex_id": 37, "poi_amenity": 5, "poi_shop": 6, "poi_office": 0, "poi_leisure": 0, "poi_tourism": 1, "population_y": 25000.0, "car_traffic": 39000.0, "foot_traffic": 58000.0, "poi_transport": 2, "attractiveness": 3.5, "coef_amenity": 61203.699456566414, "coef_shop": 770.47228586910683, "coef_office": -701.25584780988299 }, "geometry": { "type": "Point", "coordinates": [ 4339972.021984744817019, 5631244.22166551463306 ] } },
{ "type": "Feature", "properties": { "ID": 50008234, "Address": "Офицерская улица, 45", "lat": 45.059625, "long": 38.984673, "population_x": 25000.0, "type": "pvz", "hex_id": 37, "poi_amenity": 8, "poi_shop": 3, "poi_office": 1, "poi_leisure": 0, "poi_tourism": 1, "population_y": 25000.0, "car_traffic": 39000.0, "foot_traffic": 58000.0, "poi_transport": 5, "attractiveness": 4.3, "coef_amenity": 66099.187780932087, "coef_shop": 760.60310389498557, "coef_office": -451.97650629772517 }, "geometry": { "type": "Point", "coordinates": [ 4339753.947102281264961, 5630913.111388128250837 ] } },
{ "type": "Feature", "properties": { "ID": 130288, "Address": "улица имени Дзержинского, 93к6", "lat": 45.064024, "long": 38.974127, "population_x": 39000.0, "type": "pvz", "hex_id": 28, "poi_amenity": 4, "poi_shop": 2, "poi_office": 1, "poi_leisure": 0, "poi_tourism": 0, "population_y": 39000.0, "car_traffic": 51000.0, "foot_traffic": 95000.0, "poi_transport": 1, "attractiveness": 2.2, "coef_amenity": 58767.324701150617, "coef_shop": 762.97229000775815, "coef_office": 550.70658456262584 }, "geometry": { "type": "Point", "coordinates": [ 4338579.971752375364304, 5631606.3923892499879 ] } },
{ "type": "Feature", "properties": { "ID": 306686, "Address": "Красная улица, 176/1", "lat": 45.044922, "long": 38.978718, "population_x": 39000.0, "type": "pvz", "hex_id": 28, "poi_amenity": 24, "poi_shop": 13, "poi_office": 1, "poi_leisure": 0, "poi_tourism": 4, "population_y": 39000.0, "car_traffic": 51000.0, "foot_traffic": 95000.0, "poi_transport": 3, "attractiveness": 12.35, "coef_amenity": 87327.186134461372, "coef_shop": 468.1771101507191, "coef_office": -126.50720949074133 }, "geometry": { "type": "Point", "coordinates": [ 4339091.039534606970847, 5628596.31025084014982 ] } },
{ "type": "Feature", "properties": { "ID": 349561, "Address": "улица Бабушкина, 295", "lat": 45.047208, "long": 38.97437, "population_x": 39000.0, "type": "pvz", "hex_id": 28, "poi_amenity": 4, "poi_shop": 4, "poi_office": 2, "poi_leisure": 0, "poi_tourism": 0, "population_y": 39000.0, "car_traffic": 51000.0, "foot_traffic": 95000.0, "poi_transport": 0, "attractiveness": 2.8, "coef_amenity": 87902.278257448997, "coef_shop": 588.81772987345585, "coef_office": -529.30330949236634 }, "geometry": { "type": "Point", "coordinates": [ 4338607.02238863799721, 5628956.483855687081814 ] } },
{ "type": "Feature", "properties": { "ID": 208111, "Address": "Рашпилевская улица, 144", "lat": 45.049163, "long": 38.976795, "population_x": 39000.0, "type": "pvz", "hex_id": 28, "poi_amenity": 7, "poi_shop": 0, "poi_office": 1, "poi_leisure": 0, "poi_tourism": 0, "population_y": 39000.0, "car_traffic": 51000.0, "foot_traffic": 95000.0, "poi_transport": 0, "attractiveness": 2.65, "coef_amenity": 90908.475234986923, "coef_shop": 186.37064079227559, "coef_office": -39.29897091811705 }, "geometry": { "type": "Point", "coordinates": [ 4338876.972153811715543, 5629264.517758057452738 ] } },
{ "type": "Feature", "properties": { "ID": 127434, "Address": "улица имени П.М. Гаврилова, 60/3", "lat": 45.05236, "long": 38.973768, "population_x": 39000.0, "type": "pvz", "hex_id": 28, "poi_amenity": 0, "poi_shop": 0, "poi_office": 1, "poi_leisure": 0, "poi_tourism": 0, "population_y": 39000.0, "car_traffic": 51000.0, "foot_traffic": 95000.0, "poi_transport": 0, "attractiveness": 0.2, "coef_amenity": 93935.317245033701, "coef_shop": 19.091529503176286, "coef_office": 64.165381765993345 }, "geometry": { "type": "Point", "coordinates": [ 4338540.008055180311203, 5629768.266473779454827 ] } },
{ "type": "Feature", "properties": { "ID": 50006610, "Address": "улица имени П.М. Гаврилова, 93", "lat": 45.053977, "long": 38.978394, "population_x": 39000.0, "type": "pvz", "hex_id": 28, "poi_amenity": 8, "poi_shop": 4, "poi_office": 0, "poi_leisure": 0, "poi_tourism": 1, "population_y": 39000.0, "car_traffic": 51000.0, "foot_traffic": 95000.0, "poi_transport": 1, "attractiveness": 3.95, "coef_amenity": 85775.485801616887, "coef_shop": 355.89416716909943, "coef_office": -219.74873313645651 }, "geometry": { "type": "Point", "coordinates": [ 4339054.972019590437412, 5630023.066585051827133 ] } },
{ "type": "Feature", "properties": { "ID": 215050, "Address": "улица имени Дзержинского, 8", "lat": 45.057428, "long": 38.979158, "population_x": 39000.0, "type": "pvz", "hex_id": 28, "poi_amenity": 1, "poi_shop": 1, "poi_office": 1, "poi_leisure": 0, "poi_tourism": 0, "population_y": 39000.0, "car_traffic": 51000.0, "foot_traffic": 95000.0, "poi_transport": 3, "attractiveness": 1.1, "coef_amenity": 77845.332656889208, "coef_shop": 530.56681462592928, "coef_office": -38.926835366255901 }, "geometry": { "type": "Point", "coordinates": [ 4339140.020110554993153, 5630566.884858580306172 ] } },
{ "type": "Feature", "properties": { "ID": 313972, "Address": "Колхозная улица, 77", "lat": 45.058574, "long": 38.988779, "population_x": 25000.0, "type": "pvz", "hex_id": 37, "poi_amenity": 2, "poi_shop": 18, "poi_office": 4, "poi_leisure": 0, "poi_tourism": 1, "population_y": 25000.0, "car_traffic": 39000.0, "foot_traffic": 58000.0, "poi_transport": 13, "attractiveness": 7.35, "coef_amenity": 59654.551058715282, "coef_shop": 829.28031242484769, "coef_office": -438.31371009492835 }, "geometry": { "type": "Point", "coordinates": [ 4340211.024931477382779, 5630747.482016663998365 ] } },
{ "type": "Feature", "properties": { "ID": 327069, "Address": "Колхозная улица, 63", "lat": 45.055155, "long": 38.989102, "population_x": 25000.0, "type": "pvz", "hex_id": 36, "poi_amenity": 4, "poi_shop": 4, "poi_office": 0, "poi_leisure": 0, "poi_tourism": 0, "population_y": 25000.0, "car_traffic": 41000.0, "foot_traffic": 52000.0, "poi_transport": 5, "attractiveness": 2.9, "coef_amenity": 61017.761469424579, "coef_shop": 940.92092360001914, "coef_office": -92.095246248231348 }, "geometry": { "type": "Point", "coordinates": [ 4340246.981127004139125, 5630208.695444663986564 ] } },
{ "type": "Feature", "properties": { "ID": 313083, "Address": "улица имени П.М. Гаврилова, 100", "lat": 45.053404, "long": 38.984629, "population_x": 39000.0, "type": "pvz", "hex_id": 28, "poi_amenity": 12, "poi_shop": 13, "poi_office": 1, "poi_leisure": 0, "poi_tourism": 0, "population_y": 39000.0, "car_traffic": 51000.0, "foot_traffic": 95000.0, "poi_transport": 5, "attractiveness": 8.15, "coef_amenity": 72294.394712217472, "coef_shop": 769.01385488117216, "coef_office": -278.73542367970873 }, "geometry": { "type": "Point", "coordinates": [ 4339749.049044685438275, 5629932.774812392890453 ] } },
{ "type": "Feature", "properties": { "ID": 50007884, "Address": "улица имени 40-летия Победы, 10", "lat": 45.054359, "long": 38.993432, "population_x": 25000.0, "type": "pvz", "hex_id": 36, "poi_amenity": 0, "poi_shop": 5, "poi_office": 0, "poi_leisure": 0, "poi_tourism": 0, "population_y": 25000.0, "car_traffic": 41000.0, "foot_traffic": 52000.0, "poi_transport": 1, "attractiveness": 1.35, "coef_amenity": 52271.339029774244, "coef_shop": 1015.24831555584, "coef_office": 426.56244784127648 }, "geometry": { "type": "Point", "coordinates": [ 4340728.994522139430046, 5630083.261602761223912 ] } },
{ "type": "Feature", "properties": { "ID": 101224, "Address": "улица Юннатов, 19", "lat": 45.050933, "long": 38.99575, "population_x": 25000.0, "type": "pvz", "hex_id": 36, "poi_amenity": 4, "poi_shop": 0, "poi_office": 0, "poi_leisure": 0, "poi_tourism": 0, "population_y": 25000.0, "car_traffic": 41000.0, "foot_traffic": 52000.0, "poi_transport": 0, "attractiveness": 1.4, "coef_amenity": 49232.061231572836, "coef_shop": 1395.6288946578647, "coef_office": 1495.4146626231375 }, "geometry": { "type": "Point", "coordinates": [ 4340987.033101798035204, 5629543.411753565073013 ] } },
{ "type": "Feature", "properties": { "ID": 50000763, "Address": "Украинская улица, 15А", "lat": 45.047329, "long": 38.996073, "population_x": 25000.0, "type": "pvz", "hex_id": 36, "poi_amenity": 1, "poi_shop": 1, "poi_office": 0, "poi_leisure": 0, "poi_tourism": 0, "population_y": 25000.0, "car_traffic": 41000.0, "foot_traffic": 52000.0, "poi_transport": 8, "attractiveness": 1.4, "coef_amenity": 53538.784415689355, "coef_shop": 809.69390939597736, "coef_office": 1168.7843426241686 }, "geometry": { "type": "Point", "coordinates": [ 4341022.989297324791551, 5628975.54856395535171 ] } },
{ "type": "Feature", "properties": { "ID": 50017787, "Address": "улица Коммунаров, 227", "lat": 45.049259, "long": 38.982814, "population_x": 39000.0, "type": "pvz", "hex_id": 28, "poi_amenity": 14, "poi_shop": 16, "poi_office": 3, "poi_leisure": 0, "poi_tourism": 0, "population_y": 39000.0, "car_traffic": 51000.0, "foot_traffic": 95000.0, "poi_transport": 4, "attractiveness": 9.9, "coef_amenity": 79408.834835966292, "coef_shop": 669.11911092070795, "coef_office": -229.33337213710607 }, "geometry": { "type": "Point", "coordinates": [ 4339547.004168896004558, 5629279.643990695476532 ] } },
{ "type": "Feature", "properties": { "ID": 150043, "Address": "улица Коммунаров, 268/3", "lat": 45.04775, "long": 38.984781, "population_x": 39000.0, "type": "pvz", "hex_id": 28, "poi_amenity": 9, "poi_shop": 4, "poi_office": 1, "poi_leisure": 0, "poi_tourism": 0, "population_y": 39000.0, "car_traffic": 51000.0, "foot_traffic": 95000.0, "poi_transport": 0, "attractiveness": 4.35, "coef_amenity": 75457.096036247909, "coef_shop": 911.32009802166942, "coef_office": -206.42942171608721 }, "geometry": { "type": "Point", "coordinates": [ 4339765.969607286155224, 5629041.881458225660026 ] } },
{ "type": "Feature", "properties": { "ID": 312025, "Address": "Промышленная улица, 19/1", "lat": 45.042139, "long": 38.986892, "population_x": 21000.0, "type": "pvz", "hex_id": 27, "poi_amenity": 1, "poi_shop": 5, "poi_office": 0, "poi_leisure": 0, "poi_tourism": 0, "population_y": 21000.0, "car_traffic": 52000.0, "foot_traffic": 95000.0, "poi_transport": 0, "attractiveness": 1.6, "coef_amenity": 74876.031623429604, "coef_shop": 1077.4069446000601, "coef_office": -568.49079441635035 }, "geometry": { "type": "Point", "coordinates": [ 4340000.96505235042423, 5628157.850612138397992 ] } },
{ "type": "Feature", "properties": { "ID": 172245, "Address": "улица Леваневского, 187", "lat": 45.040139, "long": 38.986829, "population_x": 21000.0, "type": "pvz", "hex_id": 27, "poi_amenity": 6, "poi_shop": 4, "poi_office": 3, "poi_leisure": 0, "poi_tourism": 0, "population_y": 21000.0, "car_traffic": 52000.0, "foot_traffic": 95000.0, "poi_transport": 0, "attractiveness": 3.7, "coef_amenity": 78601.325030982131, "coef_shop": 982.96498810811124, "coef_office": -1042.0252449591774 }, "geometry": { "type": "Point", "coordinates": [ 4339993.951924431137741, 5627842.765228846110404 ] } },
{ "type": "Feature", "properties": { "ID": 215440, "Address": "Колхозная улица, 5", "lat": 45.044406, "long": 38.993666, "population_x": 25000.0, "type": "pvz", "hex_id": 36, "poi_amenity": 4, "poi_shop": 3, "poi_office": 0, "poi_leisure": 0, "poi_tourism": 0, "population_y": 25000.0, "car_traffic": 41000.0, "foot_traffic": 52000.0, "poi_transport": 0, "attractiveness": 2.15, "coef_amenity": 59183.387621000977, "coef_shop": 1252.4715092632732, "coef_office": 394.22887153720961 }, "geometry": { "type": "Point", "coordinates": [ 4340755.043282983824611, 5628515.013212994672358 ] } },
{ "type": "Feature", "properties": { "ID": 114183, "Address": "Садовая улица, 161/2к2", "lat": 45.04254, "long": 38.993594, "population_x": 25000.0, "type": "pvz", "hex_id": 36, "poi_amenity": 3, "poi_shop": 3, "poi_office": 1, "poi_leisure": 0, "poi_tourism": 0, "population_y": 25000.0, "car_traffic": 41000.0, "foot_traffic": 52000.0, "poi_transport": 0, "attractiveness": 1.9999999999999998, "coef_amenity": 60950.050337686742, "coef_shop": 1473.406242184923, "coef_office": -130.3887508387561 }, "geometry": { "type": "Point", "coordinates": [ 4340747.028279648162425, 5628221.026557100005448 ] } },
{ "type": "Feature", "properties": { "ID": 50016730, "Address": "Садовая улица, 112", "lat": 45.040356, "long": 38.995211, "population_x": 25000.0, "type": "pvz", "hex_id": 36, "poi_amenity": 3, "poi_shop": 6, "poi_office": 0, "poi_leisure": 0, "poi_tourism": 0, "population_y": 25000.0, "car_traffic": 41000.0, "foot_traffic": 52000.0, "poi_transport": 5, "attractiveness": 3.05, "coef_amenity": 61247.614533311098, "coef_shop": 1996.1004350428132, "coef_office": -881.45739312800674 }, "geometry": { "type": "Point", "coordinates": [ 4340927.031896259635687, 5627876.951460243202746 ] } },
{ "type": "Feature", "properties": { "ID": 130439, "Address": "Березанская улица, 89", "lat": 45.039929, "long": 38.998606, "population_x": 25000.0, "type": "pvz", "hex_id": 36, "poi_amenity": 2, "poi_shop": 2, "poi_office": 0, "poi_leisure": 0, "poi_tourism": 0, "population_y": 25000.0, "car_traffic": 41000.0, "foot_traffic": 52000.0, "poi_transport": 0, "attractiveness": 1.2, "coef_amenity": 56158.369922112026, "coef_shop": 2865.2501172567663, "coef_office": -1235.1303003215389 }, "geometry": { "type": "Point", "coordinates": [ 4341304.961567503400147, 5627809.681902556680143 ] } },
{ "type": "Feature", "properties": { "ID": 3090, "Address": "Промышленная улица, 49/2", "lat": 45.038751, "long": 39.003942, "population_x": 25000.0, "type": "pvz", "hex_id": 36, "poi_amenity": 0, "poi_shop": 1, "poi_office": 0, "poi_leisure": 0, "poi_tourism": 0, "population_y": 25000.0, "car_traffic": 41000.0, "foot_traffic": 52000.0, "poi_transport": 0, "attractiveness": 0.25, "coef_amenity": 55518.162575967988, "coef_shop": 2626.5204629630657, "coef_office": -2454.9265451364986 }, "geometry": { "type": "Point", "coordinates": [ 4341898.962370376102626, 5627624.102447009645402 ] } },
{ "type": "Feature", "properties": { "ID": 335637, "Address": "Передовая улица, 65", "lat": 45.039114, "long": 39.008605, "population_x": 25000.0, "type": "pvz", "hex_id": 36, "poi_amenity": 0, "poi_shop": 2, "poi_office": 0, "poi_leisure": 0, "poi_tourism": 0, "population_y": 25000.0, "car_traffic": 41000.0, "foot_traffic": 52000.0, "poi_transport": 0, "attractiveness": 0.5, "coef_amenity": 54457.013150068138, "coef_shop": 626.8111679978847, "coef_office": -1595.0818760957932 }, "geometry": { "type": "Point", "coordinates": [ 4342418.045155945234001, 5627681.28823868278414 ] } },
{ "type": "Feature", "properties": { "ID": 50002697, "Address": "Московская улица, 2к1", "lat": 45.044062, "long": 39.002954, "population_x": 25000.0, "type": "pvz", "hex_id": 36, "poi_amenity": 2, "poi_shop": 2, "poi_office": 0, "poi_leisure": 0, "poi_tourism": 0, "population_y": 25000.0, "car_traffic": 41000.0, "foot_traffic": 52000.0, "poi_transport": 2, "attractiveness": 1.4, "coef_amenity": 52362.791809279144, "coef_shop": 661.9955425791461, "coef_office": 75.058689973119399 }, "geometry": { "type": "Point", "coordinates": [ 4341788.978713473305106, 5628460.815595146268606 ] } },
{ "type": "Feature", "properties": { "ID": 316453, "Address": "микрорайон Любимово, 16", "lat": 45.079091, "long": 39.03868, "population_x": 45000.0, "type": "pvz", "hex_id": 53, "poi_amenity": 2, "poi_shop": 1, "poi_office": 1, "poi_leisure": 0, "poi_tourism": 0, "population_y": 45000.0, "car_traffic": 14000.0, "foot_traffic": 25000.0, "poi_transport": 0, "attractiveness": 1.15, "coef_amenity": 26184.849903959839, "coef_shop": 809.83605309322286, "coef_office": -1067.6079117313177 }, "geometry": { "type": "Point", "coordinates": [ 4345765.978841552510858, 5633981.35116377659142 ] } },
{ "type": "Feature", "properties": { "ID": 210485, "Address": "микрорайон Любимово, 16/1", "lat": 45.078194, "long": 39.038671, "population_x": 45000.0, "type": "pvz", "hex_id": 53, "poi_amenity": 2, "poi_shop": 1, "poi_office": 1, "poi_leisure": 0, "poi_tourism": 0, "population_y": 45000.0, "car_traffic": 14000.0, "foot_traffic": 25000.0, "poi_transport": 0, "attractiveness": 1.15, "coef_amenity": 26653.734863119658, "coef_shop": 981.67105461792721, "coef_office": -1255.9770205839845 }, "geometry": { "type": "Point", "coordinates": [ 4345764.976966136135161, 5633839.942645790055394 ] } },
{ "type": "Feature", "properties": { "ID": 311572, "Address": "улица имени Героя Николая Шевелёва, 17", "lat": 45.077175, "long": 39.038411, "population_x": 45000.0, "type": "pvz", "hex_id": 53, "poi_amenity": 1, "poi_shop": 0, "poi_office": 0, "poi_leisure": 0, "poi_tourism": 0, "population_y": 45000.0, "car_traffic": 14000.0, "foot_traffic": 25000.0, "poi_transport": 0, "attractiveness": 0.35, "coef_amenity": 27753.382783487054, "coef_shop": 1069.8734968361296, "coef_office": -1401.9843832175245 }, "geometry": { "type": "Point", "coordinates": [ 4345736.033898529596627, 5633679.304001466371119 ] } },
{ "type": "Feature", "properties": { "ID": 50012866, "Address": "Боспорская улица, 12", "lat": 45.076532, "long": 39.036704, "population_x": 45000.0, "type": "pvz", "hex_id": 53, "poi_amenity": 2, "poi_shop": 0, "poi_office": 0, "poi_leisure": 0, "poi_tourism": 0, "population_y": 45000.0, "car_traffic": 14000.0, "foot_traffic": 25000.0, "poi_transport": 0, "attractiveness": 0.7, "coef_amenity": 30193.783676943163, "coef_shop": 808.85470332173463, "coef_office": -1535.934398399992 }, "geometry": { "type": "Point", "coordinates": [ 4345546.011527745984495, 5633577.940756944939494 ] } },
{ "type": "Feature", "properties": { "ID": 161349, "Address": "улица имени Героя Николая Шевелёва, 5", "lat": 45.075177, "long": 39.038456, "population_x": 45000.0, "type": "pvz", "hex_id": 53, "poi_amenity": 5, "poi_shop": 6, "poi_office": 0, "poi_leisure": 0, "poi_tourism": 0, "population_y": 45000.0, "car_traffic": 14000.0, "foot_traffic": 25000.0, "poi_transport": 0, "attractiveness": 3.25, "coef_amenity": 29565.060983375675, "coef_shop": 1129.3179722711413, "coef_office": -1499.0230974985379 }, "geometry": { "type": "Point", "coordinates": [ 4345741.0432756152004, 5633364.340764410793781 ] } },
{ "type": "Feature", "properties": { "ID": 127390, "Address": "Боспорская улица, 8", "lat": 45.075145, "long": 39.036659, "population_x": 45000.0, "type": "pvz", "hex_id": 53, "poi_amenity": 7, "poi_shop": 5, "poi_office": 0, "poi_leisure": 0, "poi_tourism": 0, "population_y": 45000.0, "car_traffic": 14000.0, "foot_traffic": 25000.0, "poi_transport": 0, "attractiveness": 3.7, "coef_amenity": 33374.165932955315, "coef_shop": 763.36457024258277, "coef_office": -1629.4611226541988 }, "geometry": { "type": "Point", "coordinates": [ 4345541.002150660380721, 5633359.296397761441767 ] } },
{ "type": "Feature", "properties": { "ID": 306761, "Address": "микрорайон Любимово, 18", "lat": 45.079091, "long": 39.043324, "population_x": 45000.0, "type": "pvz", "hex_id": 53, "poi_amenity": 0, "poi_shop": 1, "poi_office": 0, "poi_leisure": 0, "poi_tourism": 0, "population_y": 45000.0, "car_traffic": 14000.0, "foot_traffic": 25000.0, "poi_transport": 0, "attractiveness": 0.25, "coef_amenity": 25015.164462845449, "coef_shop": 974.78473593214494, "coef_office": -808.72204795293328 }, "geometry": { "type": "Point", "coordinates": [ 4346282.946556796319783, 5633981.35116377659142 ] } },
{ "type": "Feature", "properties": { "ID": 50015544, "Address": "микрорайон Любимово, 18", "lat": 45.079091, "long": 39.043324, "population_x": 45000.0, "type": "pvz", "hex_id": 53, "poi_amenity": 0, "poi_shop": 1, "poi_office": 0, "poi_leisure": 0, "poi_tourism": 0, "population_y": 45000.0, "car_traffic": 14000.0, "foot_traffic": 25000.0, "poi_transport": 0, "attractiveness": 0.25, "coef_amenity": 25015.164462845449, "coef_shop": 974.78473593214494, "coef_office": -808.72204795293328 }, "geometry": { "type": "Point", "coordinates": [ 4346282.946556796319783, 5633981.35116377659142 ] } },
{ "type": "Feature", "properties": { "ID": 309346, "Address": "улица имени Героя Георгия Бочарникова, 14/1", "lat": 45.076774, "long": 39.043711, "population_x": 45000.0, "type": "pvz", "hex_id": 53, "poi_amenity": 3, "poi_shop": 2, "poi_office": 0, "poi_leisure": 0, "poi_tourism": 0, "population_y": 45000.0, "car_traffic": 14000.0, "foot_traffic": 25000.0, "poi_transport": 0, "attractiveness": 1.55, "coef_amenity": 25273.134357094321, "coef_shop": 1449.9219152764829, "coef_office": -1129.9631639850045 }, "geometry": { "type": "Point", "coordinates": [ 4346326.027199734002352, 5633616.089775769039989 ] } },
{ "type": "Feature", "properties": { "ID": 212022, "Address": "улица имени Героя Георгия Бочарникова, 12/2", "lat": 45.076119, "long": 39.043639, "population_x": 45000.0, "type": "pvz", "hex_id": 53, "poi_amenity": 3, "poi_shop": 2, "poi_office": 0, "poi_leisure": 0, "poi_tourism": 0, "population_y": 45000.0, "car_traffic": 14000.0, "foot_traffic": 25000.0, "poi_transport": 0, "attractiveness": 1.55, "coef_amenity": 25456.124659666461, "coef_shop": 1496.1985542875441, "coef_office": -1132.0939976127659 }, "geometry": { "type": "Point", "coordinates": [ 4346318.012196397408843, 5633512.835573160089552 ] } },
{ "type": "Feature", "properties": { "ID": 307327, "Address": "улица имени Героя Георгия Бочарникова, 8/1", "lat": 45.074967, "long": 39.042821, "population_x": 45000.0, "type": "pvz", "hex_id": 53, "poi_amenity": 2, "poi_shop": 2, "poi_office": 0, "poi_leisure": 0, "poi_tourism": 0, "population_y": 45000.0, "car_traffic": 14000.0, "foot_traffic": 25000.0, "poi_transport": 0, "attractiveness": 1.2, "coef_amenity": 27348.405081649991, "coef_shop": 1498.2036443020957, "coef_office": -1195.2290906303208 }, "geometry": { "type": "Point", "coordinates": [ 4346226.952852928079665, 5633331.237159828655422 ] } },
{ "type": "Feature", "properties": { "ID": 311374, "Address": "улица имени Героя Георгия Бочарникова, 4к2", "lat": 45.073891, "long": 39.042723, "population_x": 45000.0, "type": "pvz", "hex_id": 53, "poi_amenity": 1, "poi_shop": 2, "poi_office": 0, "poi_leisure": 1, "poi_tourism": 0, "population_y": 45000.0, "car_traffic": 14000.0, "foot_traffic": 25000.0, "poi_transport": 0, "attractiveness": 0.9, "coef_amenity": 28138.852920173857, "coef_shop": 1528.3226089840421, "coef_office": -1189.5690763621119 }, "geometry": { "type": "Point", "coordinates": [ 4346216.043542831204832, 5633161.622503865510225 ] } },
{ "type": "Feature", "properties": { "ID": 161349, "Address": "улица имени Героя Николая Шевелёва, 5", "lat": 45.075177, "long": 39.038456, "population_x": 45000.0, "type": "pvz", "hex_id": 53, "poi_amenity": 5, "poi_shop": 6, "poi_office": 0, "poi_leisure": 0, "poi_tourism": 0, "population_y": 45000.0, "car_traffic": 14000.0, "foot_traffic": 25000.0, "poi_transport": 0, "attractiveness": 3.25, "coef_amenity": 29565.060983375675, "coef_shop": 1129.3179722711413, "coef_office": -1499.0230974985379 }, "geometry": { "type": "Point", "coordinates": [ 4345741.0432756152004, 5633364.340764410793781 ] } },
{ "type": "Feature", "properties": { "ID": 211003, "Address": "улица им. Героя Яцкова И.В., 1/10\n", "lat": 45.073846, "long": 39.040764, "population_x": 45000.0, "type": "pvz", "hex_id": 53, "poi_amenity": 3, "poi_shop": 4, "poi_office": 0, "poi_leisure": 1, "poi_tourism": 0, "population_y": 45000.0, "car_traffic": 14000.0, "foot_traffic": 25000.0, "poi_transport": 1, "attractiveness": 2.2, "coef_amenity": 30291.912557589312, "coef_shop": 1357.3608639545671, "coef_office": -1332.165171782922 }, "geometry": { "type": "Point", "coordinates": [ 4345997.968660366721451, 5633154.529023700393736 ] } },
{ "type": "Feature", "properties": { "ID": 50015044, "Address": "улица имени Героя Георгия Бочарникова, 3", "lat": 45.072834, "long": 39.040234, "population_x": 45000.0, "type": "pvz", "hex_id": 53, "poi_amenity": 3, "poi_shop": 2, "poi_office": 0, "poi_leisure": 1, "poi_tourism": 1, "population_y": 45000.0, "car_traffic": 14000.0, "foot_traffic": 25000.0, "poi_transport": 1, "attractiveness": 1.75, "coef_amenity": 33318.294924882277, "coef_shop": 1277.0366616996789, "coef_office": -1444.9174792880074 }, "geometry": { "type": "Point", "coordinates": [ 4345938.969330245628953, 5632995.006011662073433 ] } },
{ "type": "Feature", "properties": { "ID": 50011632, "Address": "Домбайская улица, 63", "lat": 45.073165, "long": 39.038501, "population_x": 45000.0, "type": "pvz", "hex_id": 53, "poi_amenity": 5, "poi_shop": 3, "poi_office": 0, "poi_leisure": 0, "poi_tourism": 1, "population_y": 45000.0, "car_traffic": 14000.0, "foot_traffic": 25000.0, "poi_transport": 1, "attractiveness": 2.65, "coef_amenity": 34813.822117902622, "coef_shop": 1051.4177294386795, "coef_office": -1654.429900697595 }, "geometry": { "type": "Point", "coordinates": [ 4345746.052652700804174, 5633047.181705719791353 ] } },
{ "type": "Feature", "properties": { "ID": 127750, "Address": "Боспорская улица, 2", "lat": 45.073375, "long": 39.036713, "population_x": 45000.0, "type": "pvz", "hex_id": 53, "poi_amenity": 8, "poi_shop": 3, "poi_office": 1, "poi_leisure": 0, "poi_tourism": 0, "population_y": 45000.0, "car_traffic": 14000.0, "foot_traffic": 25000.0, "poi_transport": 3, "attractiveness": 4.05, "coef_amenity": 38804.604061453843, "coef_shop": 633.47256252893771, "coef_office": -1949.6185000578896 }, "geometry": { "type": "Point", "coordinates": [ 4345547.013403162360191, 5633080.284266483969986 ] } },
{ "type": "Feature", "properties": { "ID": 50016159, "Address": "Домбайская улица, 55", "lat": 45.072802, "long": 39.03594, "population_x": 45000.0, "type": "pvz", "hex_id": 53, "poi_amenity": 7, "poi_shop": 4, "poi_office": 1, "poi_leisure": 0, "poi_tourism": 1, "population_y": 45000.0, "car_traffic": 14000.0, "foot_traffic": 25000.0, "poi_transport": 4, "attractiveness": 4.1, "coef_amenity": 46109.150747099979, "coef_shop": 275.38128320401813, "coef_office": -2090.4592417324061 }, "geometry": { "type": "Point", "coordinates": [ 4345460.963436779566109, 5632989.961851823143661 ] } },
{ "type": "Feature", "properties": { "ID": 209219, "Address": "Домбайская улица, 55к3", "lat": 45.071841, "long": 39.035886, "population_x": 45000.0, "type": "pvz", "hex_id": 53, "poi_amenity": 11, "poi_shop": 2, "poi_office": 1, "poi_leisure": 0, "poi_tourism": 2, "population_y": 45000.0, "car_traffic": 14000.0, "foot_traffic": 25000.0, "poi_transport": 4, "attractiveness": 5.05, "coef_amenity": 52273.526140287271, "coef_shop": 133.48901405454018, "coef_office": -2381.694109617943 }, "geometry": { "type": "Point", "coordinates": [ 4345454.952184276655316, 5632838.48074259608984 ] } },
{ "type": "Feature", "properties": { "ID": 3196, "Address": "улица им. Героя Яцкова И.В., 9к3", "lat": 45.070867, "long": 39.038114, "population_x": 45000.0, "type": "pvz", "hex_id": 53, "poi_amenity": 10, "poi_shop": 2, "poi_office": 1, "poi_leisure": 0, "poi_tourism": 3, "population_y": 45000.0, "car_traffic": 14000.0, "foot_traffic": 25000.0, "poi_transport": 1, "attractiveness": 4.45, "coef_amenity": 47717.507569666486, "coef_shop": 745.44321753584995, "coef_office": -2351.2621085582937 }, "geometry": { "type": "Point", "coordinates": [ 4345702.972009764052927, 5632684.953060245141387 ] } },
{ "type": "Feature", "properties": { "ID": 147663, "Address": "улица им. Героя Яцкова И.В., 15к1", "lat": 45.070848, "long": 39.039066, "population_x": 45000.0, "type": "pvz", "hex_id": 53, "poi_amenity": 9, "poi_shop": 6, "poi_office": 1, "poi_leisure": 0, "poi_tourism": 2, "population_y": 45000.0, "car_traffic": 14000.0, "foot_traffic": 25000.0, "poi_transport": 2, "attractiveness": 5.15, "coef_amenity": 44663.602136267116, "coef_shop": 932.11115038970308, "coef_office": -1995.8852371887083 }, "geometry": { "type": "Point", "coordinates": [ 4345808.948164998553693, 5632681.95819307398051 ] } },
{ "type": "Feature", "properties": { "ID": 212422, "Address": "улица им. Героя Яцкова И.В., 15к2", "lat": 45.070855, "long": 39.040135, "population_x": 45000.0, "type": "pvz", "hex_id": 53, "poi_amenity": 6, "poi_shop": 8, "poi_office": 2, "poi_leisure": 0, "poi_tourism": 3, "population_y": 45000.0, "car_traffic": 14000.0, "foot_traffic": 25000.0, "poi_transport": 1, "attractiveness": 4.75, "coef_amenity": 41265.209698390172, "coef_shop": 1132.5398999405988, "coef_office": -1727.7983083696306 }, "geometry": { "type": "Point", "coordinates": [ 4345927.948700657114387, 5632683.061565074138343 ] } },
{ "type": "Feature", "properties": { "ID": 50007531, "Address": "улица им. Героя Яцкова И.В., 17к1", "lat": 45.070982, "long": 39.040692, "population_x": 45000.0, "type": "pvz", "hex_id": 53, "poi_amenity": 5, "poi_shop": 8, "poi_office": 2, "poi_leisure": 0, "poi_tourism": 4, "population_y": 45000.0, "car_traffic": 14000.0, "foot_traffic": 25000.0, "poi_transport": 1, "attractiveness": 4.45, "coef_amenity": 39167.417009858553, "coef_shop": 1231.4085195726473, "coef_office": -1586.4079951977144 }, "geometry": { "type": "Point", "coordinates": [ 4345989.95365702919662, 5632703.079909107647836 ] } },
{ "type": "Feature", "properties": { "ID": 215390, "Address": "улица им. Героя Яцкова И.В., 19к1", "lat": 45.070065, "long": 39.041474, "population_x": 45000.0, "type": "pvz", "hex_id": 53, "poi_amenity": 3, "poi_shop": 6, "poi_office": 1, "poi_leisure": 0, "poi_tourism": 4, "population_y": 45000.0, "car_traffic": 14000.0, "foot_traffic": 25000.0, "poi_transport": 1, "attractiveness": 3.05, "coef_amenity": 41124.312114851891, "coef_shop": 1291.8116224732919, "coef_office": -1573.3308662755951 }, "geometry": { "type": "Point", "coordinates": [ 4346077.005498829297721, 5632558.539006643928587 ] } },
{ "type": "Feature", "properties": { "ID": 308828, "Address": "улица им. Героя Яцкова И.В., 19к2", "lat": 45.070969, "long": 39.042588, "population_x": 45000.0, "type": "pvz", "hex_id": 53, "poi_amenity": 0, "poi_shop": 3, "poi_office": 1, "poi_leisure": 0, "poi_tourism": 2, "population_y": 45000.0, "car_traffic": 14000.0, "foot_traffic": 25000.0, "poi_transport": 0, "attractiveness": 1.05, "coef_amenity": 35711.784173208216, "coef_shop": 1435.1214505032051, "coef_office": -1254.1790033150605 }, "geometry": { "type": "Point", "coordinates": [ 4346201.015411573462188, 5632701.030785231851041 ] } },
{ "type": "Feature", "properties": { "ID": 50007876, "Address": "Константиновская улица, 5", "lat": 45.072777, "long": 39.0499, "population_x": 45000.0, "type": "pvz", "hex_id": 53, "poi_amenity": 0, "poi_shop": 0, "poi_office": 0, "poi_leisure": 0, "poi_tourism": 0, "population_y": 45000.0, "car_traffic": 14000.0, "foot_traffic": 25000.0, "poi_transport": 0, "attractiveness": 0.05, "coef_amenity": 24170.271841790352, "coef_shop": 1960.2755185555945, "coef_office": -849.47756747575113 }, "geometry": { "type": "Point", "coordinates": [ 4347014.983528253622353, 5632986.021103911101818 ] } },
{ "type": "Feature", "properties": { "ID": 50005821, "Address": "улица Генерал-лейтенанта Александра Сапрунова, 37к1сА", "lat": 45.070027, "long": 39.069654, "population_x": 6500.0, "type": "pvz", "hex_id": 60, "poi_amenity": 0, "poi_shop": 2, "poi_office": 0, "poi_leisure": 0, "poi_tourism": 0, "population_y": 6500.0, "car_traffic": 2400.0, "foot_traffic": 2200.0, "poi_transport": 0, "attractiveness": 0.5, "coef_amenity": 10568.156942834819, "coef_shop": 3209.3709680272209, "coef_office": -442.21430273955878 }, "geometry": { "type": "Point", "coordinates": [ 4349213.988749383948743, 5632552.549357345327735 ] } },
{ "type": "Feature", "properties": { "ID": 50022734, "Address": "улица имени 75-летия Победы, 26/1", "lat": 45.071529, "long": 39.069627, "population_x": 6500.0, "type": "pvz", "hex_id": 60, "poi_amenity": 0, "poi_shop": 1, "poi_office": 0, "poi_leisure": 0, "poi_tourism": 0, "population_y": 6500.0, "car_traffic": 2400.0, "foot_traffic": 2200.0, "poi_transport": 0, "attractiveness": 0.25, "coef_amenity": 10476.903471661986, "coef_shop": 3200.8138427796539, "coef_office": -473.62808150785372 }, "geometry": { "type": "Point", "coordinates": [ 4349210.983123132959008, 5632789.301159116439521 ] } },
{ "type": "Feature", "properties": { "ID": 50008516, "Address": "улица имени 75-летия Победы, 26/1", "lat": 45.070174, "long": 39.066851, "population_x": 6500.0, "type": "pvz", "hex_id": 60, "poi_amenity": 0, "poi_shop": 1, "poi_office": 0, "poi_leisure": 0, "poi_tourism": 0, "population_y": 6500.0, "car_traffic": 2400.0, "foot_traffic": 2200.0, "poi_transport": 0, "attractiveness": 0.25, "coef_amenity": 11164.895822536024, "coef_shop": 3184.6204075469009, "coef_office": -611.17484789459206 }, "geometry": { "type": "Point", "coordinates": [ 4348901.960216690786183, 5632575.719864882528782 ] } },
{ "type": "Feature", "properties": { "ID": 308733, "Address": "улица имени Героя Советского Союза Дмитрия Мирошниченко, 41", "lat": 45.066335, "long": 39.06386, "population_x": 18000.0, "type": "pvz", "hex_id": 52, "poi_amenity": 0, "poi_shop": 2, "poi_office": 0, "poi_leisure": 0, "poi_tourism": 0, "population_y": 18000.0, "car_traffic": 9500.0, "foot_traffic": 14000.0, "poi_transport": 0, "attractiveness": 0.5, "coef_amenity": 12115.868970819081, "coef_shop": 3318.7141065055384, "coef_office": -323.40330702186407 }, "geometry": { "type": "Point", "coordinates": [ 4348569.003619726747274, 5631970.626628885045648 ] } },
{ "type": "Feature", "properties": { "ID": 50005386, "Address": "улица Генерал-лейтенанта Александра Сапрунова, 13", "lat": 45.065864, "long": 39.06183, "population_x": 18000.0, "type": "pvz", "hex_id": 52, "poi_amenity": 0, "poi_shop": 1, "poi_office": 0, "poi_leisure": 0, "poi_tourism": 0, "population_y": 18000.0, "car_traffic": 9500.0, "foot_traffic": 14000.0, "poi_transport": 2, "attractiveness": 0.45, "coef_amenity": 12536.015836144181, "coef_shop": 3290.1419690326629, "coef_office": -92.673789153095115 }, "geometry": { "type": "Point", "coordinates": [ 4348343.025053417310119, 5631896.391627660952508 ] } },
{ "type": "Feature", "properties": { "ID": 323014, "Address": "улица имени Героя Советского Союза Якова Кобзаря, 2", "lat": 45.06454, "long": 39.060078, "population_x": 18000.0, "type": "pvz", "hex_id": 52, "poi_amenity": 0, "poi_shop": 1, "poi_office": 0, "poi_leisure": 0, "poi_tourism": 0, "population_y": 18000.0, "car_traffic": 9500.0, "foot_traffic": 14000.0, "poi_transport": 2, "attractiveness": 0.45, "coef_amenity": 12758.880558164063, "coef_shop": 3186.3436776977442, "coef_office": 862.33518447041195 }, "geometry": { "type": "Point", "coordinates": [ 4348147.99330554716289, 5631687.717320858500898 ] } },
{ "type": "Feature", "properties": { "ID": 215599, "Address": "улица имени Героя Советского Союза Якова Кобзаря, 1", "lat": 45.064304, "long": 39.058497, "population_x": 18000.0, "type": "pvz", "hex_id": 52, "poi_amenity": 0, "poi_shop": 1, "poi_office": 0, "poi_leisure": 0, "poi_tourism": 0, "population_y": 18000.0, "car_traffic": 9500.0, "foot_traffic": 14000.0, "poi_transport": 0, "attractiveness": 0.25, "coef_amenity": 13370.159926477287, "coef_shop": 3087.7548885263377, "coef_office": 1375.5544213759358 }, "geometry": { "type": "Point", "coordinates": [ 4347971.997190603986382, 5631650.522106010466814 ] } },
{ "type": "Feature", "properties": { "ID": 160807, "Address": "улица имени Героя Советского Союза Николая Воробьёва, 11", "lat": 45.062095, "long": 39.056629, "population_x": 18000.0, "type": "pvz", "hex_id": 52, "poi_amenity": 0, "poi_shop": 1, "poi_office": 0, "poi_leisure": 0, "poi_tourism": 0, "population_y": 18000.0, "car_traffic": 9500.0, "foot_traffic": 14000.0, "poi_transport": 2, "attractiveness": 0.45, "coef_amenity": 13754.779612625189, "coef_shop": 3098.3986368883866, "coef_office": 2541.3260350948967 }, "geometry": { "type": "Point", "coordinates": [ 4347764.052381802350283, 5631302.376035607419908 ] } },
{ "type": "Feature", "properties": { "ID": 163510, "Address": "улица имени Героя Советского Союза Николая Воробьёва, 9", "lat": 45.062534, "long": 39.055883, "population_x": 18000.0, "type": "pvz", "hex_id": 52, "poi_amenity": 0, "poi_shop": 2, "poi_office": 0, "poi_leisure": 0, "poi_tourism": 0, "population_y": 18000.0, "car_traffic": 9500.0, "foot_traffic": 14000.0, "poi_transport": 2, "attractiveness": 0.7, "coef_amenity": 14497.459792263311, "coef_shop": 3042.527700627033, "coef_office": 2447.1637938465378 }, "geometry": { "type": "Point", "coordinates": [ 4347681.008041669614613, 5631371.562888929620385 ] } },
{ "type": "Feature", "properties": { "ID": 50006280, "Address": "Лиственная улица, 2/6", "lat": 45.058644, "long": 39.048687, "population_x": 18000.0, "type": "pvz", "hex_id": 52, "poi_amenity": 0, "poi_shop": 0, "poi_office": 0, "poi_leisure": 0, "poi_tourism": 0, "population_y": 18000.0, "car_traffic": 9500.0, "foot_traffic": 14000.0, "poi_transport": 0, "attractiveness": 0.05, "coef_amenity": 19925.171714797416, "coef_shop": 1965.1535129335546, "coef_office": 6358.6356612287009 }, "geometry": { "type": "Point", "coordinates": [ 4346879.95298592094332, 5630758.513373984023929 ] } },
{ "type": "Feature", "properties": { "ID": 314947, "Address": "улица Генерала Трошева, 11", "lat": 45.052258, "long": 39.0423, "population_x": 25000.0, "type": "pvz", "hex_id": 43, "poi_amenity": 0, "poi_shop": 1, "poi_office": 0, "poi_leisure": 0, "poi_tourism": 0, "population_y": 25000.0, "car_traffic": 42000.0, "foot_traffic": 41000.0, "poi_transport": 0, "attractiveness": 0.25, "coef_amenity": 34471.468050108699, "coef_shop": -452.35622135247752, "coef_office": 2698.9649947193675 }, "geometry": { "type": "Point", "coordinates": [ 4346168.955398224294186, 5629752.193981040269136 ] } },
{ "type": "Feature", "properties": { "ID": 315195, "Address": "улица Героя Владислава Посадского, 28", "lat": 45.054366, "long": 39.04027, "population_x": 18000.0, "type": "pvz", "hex_id": 52, "poi_amenity": 2, "poi_shop": 3, "poi_office": 0, "poi_leisure": 0, "poi_tourism": 0, "population_y": 18000.0, "car_traffic": 9500.0, "foot_traffic": 14000.0, "poi_transport": 0, "attractiveness": 1.45, "coef_amenity": 34126.915759889722, "coef_shop": -739.30407680955875, "coef_office": 3736.8683370464605 }, "geometry": { "type": "Point", "coordinates": [ 4345942.976831913925707, 5630084.364656575955451 ] } },
{ "type": "Feature", "properties": { "ID": 162108, "Address": "улица имени 40-летия Победы, 188", "lat": 45.055849, "long": 39.041088, "population_x": 18000.0, "type": "pvz", "hex_id": 52, "poi_amenity": 5, "poi_shop": 1, "poi_office": 0, "poi_leisure": 0, "poi_tourism": 1, "population_y": 18000.0, "car_traffic": 9500.0, "foot_traffic": 14000.0, "poi_transport": 3, "attractiveness": 2.35, "coef_amenity": 34619.342275628311, "coef_shop": -1178.1231282614845, "coef_office": 4805.9225897147553 }, "geometry": { "type": "Point", "coordinates": [ 4346034.036175383254886, 5630318.057530551217496 ] } },
{ "type": "Feature", "properties": { "ID": 320500, "Address": "улица имени 40-летия Победы, 143", "lat": 45.056753, "long": 39.03815, "population_x": 18000.0, "type": "pvz", "hex_id": 52, "poi_amenity": 3, "poi_shop": 0, "poi_office": 1, "poi_leisure": 0, "poi_tourism": 1, "population_y": 18000.0, "car_traffic": 9500.0, "foot_traffic": 14000.0, "poi_transport": 4, "attractiveness": 1.7, "coef_amenity": 41273.953784834361, "coef_shop": -1695.5454804335373, "coef_office": 4559.8766832188085 }, "geometry": { "type": "Point", "coordinates": [ 4345706.979511432349682, 5630460.513880713842809 ] } },
{ "type": "Feature", "properties": { "ID": 50014582, "Address": "улица Героя Владислава Посадского, 17к1", "lat": 45.052016, "long": 39.038312, "population_x": 25000.0, "type": "pvz", "hex_id": 43, "poi_amenity": 1, "poi_shop": 0, "poi_office": 0, "poi_leisure": 0, "poi_tourism": 0, "population_y": 25000.0, "car_traffic": 42000.0, "foot_traffic": 41000.0, "poi_transport": 0, "attractiveness": 0.35, "coef_amenity": 38258.866222551362, "coef_shop": -360.25355872686509, "coef_office": 1920.6677050803821 }, "geometry": { "type": "Point", "coordinates": [ 4345725.01326894108206, 5629714.061318833380938 ] } },
{ "type": "Feature", "properties": { "ID": 218396, "Address": "улица имени 40-летия Победы, 184к1", "lat": 45.055066, "long": 39.035491, "population_x": 25000.0, "type": "pvz", "hex_id": 43, "poi_amenity": 2, "poi_shop": 1, "poi_office": 0, "poi_leisure": 0, "poi_tourism": 2, "population_y": 25000.0, "car_traffic": 42000.0, "foot_traffic": 41000.0, "poi_transport": 2, "attractiveness": 1.25, "coef_amenity": 43844.004775914182, "coef_shop": -843.77825201771816, "coef_office": 2547.4197583017417 }, "geometry": { "type": "Point", "coordinates": [ 4345410.980985413305461, 5630194.670719866640866 ] } },
{ "type": "Feature", "properties": { "ID": 50007243, "Address": "улица Героев-Разведчиков, 6к1", "lat": 45.04775, "long": 39.034368, "population_x": 25000.0, "type": "pvz", "hex_id": 43, "poi_amenity": 0, "poi_shop": 2, "poi_office": 0, "poi_leisure": 0, "poi_tourism": 4, "population_y": 25000.0, "car_traffic": 42000.0, "foot_traffic": 41000.0, "poi_transport": 0, "attractiveness": 0.7, "coef_amenity": 39417.700401522379, "coef_shop": 10.53398820593295, "coef_office": 735.18045356939353 }, "geometry": { "type": "Point", "coordinates": [ 4345285.969197252765298, 5629041.881458225660026 ] } },
{ "type": "Feature", "properties": { "ID": 144597, "Address": "улица имени Жлобы, 139", "lat": 45.046571, "long": 39.030847, "population_x": 25000.0, "type": "pvz", "hex_id": 43, "poi_amenity": 5, "poi_shop": 4, "poi_office": 1, "poi_leisure": 1, "poi_tourism": 3, "population_y": 25000.0, "car_traffic": 42000.0, "foot_traffic": 41000.0, "poi_transport": 0, "attractiveness": 3.15, "coef_amenity": 40550.084613179133, "coef_shop": 66.313837085343906, "coef_office": 250.35121047587862 }, "geometry": { "type": "Point", "coordinates": [ 4344894.013270169496536, 5628856.119073014706373 ] } },
{ "type": "Feature", "properties": { "ID": 159616, "Address": "Восточно-Кругликовская улица, 22/2", "lat": 45.047775, "long": 39.02914, "population_x": 25000.0, "type": "pvz", "hex_id": 43, "poi_amenity": 4, "poi_shop": 6, "poi_office": 1, "poi_leisure": 0, "poi_tourism": 4, "population_y": 25000.0, "car_traffic": 42000.0, "foot_traffic": 41000.0, "poi_transport": 1, "attractiveness": 3.4, "coef_amenity": 41038.652657290186, "coef_shop": 72.341114071977586, "coef_office": 320.91144225685753 }, "geometry": { "type": "Point", "coordinates": [ 4344703.990899384953082, 5629045.820481555536389 ] } },
{ "type": "Feature", "properties": { "ID": 50006544, "Address": "Восточно-Кругликовская улица, 22", "lat": 45.047762, "long": 39.027334, "population_x": 25000.0, "type": "pvz", "hex_id": 43, "poi_amenity": 8, "poi_shop": 11, "poi_office": 2, "poi_leisure": 0, "poi_tourism": 1, "population_y": 25000.0, "car_traffic": 42000.0, "foot_traffic": 41000.0, "poi_transport": 2, "attractiveness": 6.2, "coef_amenity": 41294.231650576752, "coef_shop": 118.05659296608911, "coef_office": 370.81107858710334 }, "geometry": { "type": "Point", "coordinates": [ 4344502.947899012826383, 5629043.772189208306372 ] } },
{ "type": "Feature", "properties": { "ID": 50014990, "Address": "Восточно-Кругликовская улица, 26", "lat": 45.049029, "long": 39.028107, "population_x": 25000.0, "type": "pvz", "hex_id": 43, "poi_amenity": 8, "poi_shop": 8, "poi_office": 1, "poi_leisure": 0, "poi_tourism": 1, "population_y": 25000.0, "car_traffic": 42000.0, "foot_traffic": 41000.0, "poi_transport": 2, "attractiveness": 5.25, "coef_amenity": 41681.787168404582, "coef_shop": 133.05073155211502, "coef_office": 454.38898966284842 }, "geometry": { "type": "Point", "coordinates": [ 4344588.997865395620465, 5629243.404100785963237 ] } },
{ "type": "Feature", "properties": { "ID": 102332, "Address": "Восточно-Кругликовская улица, 28", "lat": 45.04908, "long": 39.029499, "population_x": 25000.0, "type": "pvz", "hex_id": 43, "poi_amenity": 9, "poi_shop": 14, "poi_office": 1, "poi_leisure": 0, "poi_tourism": 2, "population_y": 25000.0, "car_traffic": 42000.0, "foot_traffic": 41000.0, "poi_transport": 0, "attractiveness": 6.95, "coef_amenity": 41317.656244046826, "coef_shop": 88.444537175385605, "coef_office": 389.84710646816535 }, "geometry": { "type": "Point", "coordinates": [ 4344743.954596580006182, 5629251.439889886416495 ] } },
{ "type": "Feature", "properties": { "ID": 50019620, "Address": "Восточно-Кругликовская улица, 28/2", "lat": 45.049087, "long": 39.030892, "population_x": 25000.0, "type": "pvz", "hex_id": 43, "poi_amenity": 10, "poi_shop": 12, "poi_office": 0, "poi_leisure": 0, "poi_tourism": 2, "population_y": 25000.0, "car_traffic": 42000.0, "foot_traffic": 41000.0, "poi_transport": 0, "attractiveness": 6.6, "coef_amenity": 40897.106798323883, "coef_shop": 83.455063654937888, "coef_office": 483.02924467733226 }, "geometry": { "type": "Point", "coordinates": [ 4344899.02264725510031, 5629252.542841891758144 ] } },
{ "type": "Feature", "properties": { "ID": 304381, "Address": "Восточно-Кругликовская улица, 28/3", "lat": 45.048221, "long": 39.0317, "population_x": 25000.0, "type": "pvz", "hex_id": 43, "poi_amenity": 6, "poi_shop": 5, "poi_office": 0, "poi_leisure": 0, "poi_tourism": 3, "population_y": 25000.0, "car_traffic": 42000.0, "foot_traffic": 41000.0, "poi_transport": 0, "attractiveness": 3.5, "coef_amenity": 40363.599087196992, "coef_shop": 67.573601245663113, "coef_office": 514.28305843960516 }, "geometry": { "type": "Point", "coordinates": [ 4344988.968795816414058, 5629116.092947077006102 ] } },
{ "type": "Feature", "properties": { "ID": 50007243, "Address": "улица Героев-Разведчиков, 6к1", "lat": 45.04775, "long": 39.034368, "population_x": 25000.0, "type": "pvz", "hex_id": 43, "poi_amenity": 0, "poi_shop": 2, "poi_office": 0, "poi_leisure": 0, "poi_tourism": 4, "population_y": 25000.0, "car_traffic": 42000.0, "foot_traffic": 41000.0, "poi_transport": 0, "attractiveness": 0.7, "coef_amenity": 39417.700401522379, "coef_shop": 10.53398820593295, "coef_office": 735.18045356939353 }, "geometry": { "type": "Point", "coordinates": [ 4345285.969197252765298, 5629041.881458225660026 ] } },
{ "type": "Feature", "properties": { "ID": 215971, "Address": "Восточно-Кругликовская улица, 30/2", "lat": 45.049864, "long": 39.031242, "population_x": 25000.0, "type": "pvz", "hex_id": 43, "poi_amenity": 10, "poi_shop": 6, "poi_office": 0, "poi_leisure": 0, "poi_tourism": 1, "population_y": 25000.0, "car_traffic": 42000.0, "foot_traffic": 41000.0, "poi_transport": 0, "attractiveness": 5.05, "coef_amenity": 41025.524899072152, "coef_shop": 95.930842539254598, "coef_office": 525.66781960842593 }, "geometry": { "type": "Point", "coordinates": [ 4344937.984469032846391, 5629374.97135345172137 ] } },
{ "type": "Feature", "properties": { "ID": 157827, "Address": "улица Героев-Разведчиков, 8к1", "lat": 45.050099, "long": 39.034278, "population_x": 25000.0, "type": "pvz", "hex_id": 43, "poi_amenity": 9, "poi_shop": 0, "poi_office": 0, "poi_leisure": 0, "poi_tourism": 4, "population_y": 25000.0, "car_traffic": 42000.0, "foot_traffic": 41000.0, "poi_transport": 0, "attractiveness": 3.35, "coef_amenity": 40350.156496539879, "coef_shop": -94.276200323524563, "coef_office": 1003.8993464781228 }, "geometry": { "type": "Point", "coordinates": [ 4345275.950443081557751, 5629411.99960923474282 ] } },
{ "type": "Feature", "properties": { "ID": 208335, "Address": "улица им. Героя Сарабеева В.И., 9", "lat": 45.051831, "long": 39.033227, "population_x": 25000.0, "type": "pvz", "hex_id": 43, "poi_amenity": 1, "poi_shop": 3, "poi_office": 0, "poi_leisure": 0, "poi_tourism": 2, "population_y": 25000.0, "car_traffic": 42000.0, "foot_traffic": 41000.0, "poi_transport": 0, "attractiveness": 1.2, "coef_amenity": 42186.758241482334, "coef_shop": -164.74463586473641, "coef_office": 1091.3422950295701 }, "geometry": { "type": "Point", "coordinates": [ 4345158.953658256679773, 5629684.910425554029644 ] } },
{ "type": "Feature", "properties": { "ID": 140119, "Address": "улица Героев-Разведчиков, 12/1к1", "lat": 45.053009, "long": 39.033739, "population_x": 25000.0, "type": "pvz", "hex_id": 43, "poi_amenity": 2, "poi_shop": 2, "poi_office": 0, "poi_leisure": 0, "poi_tourism": 0, "population_y": 25000.0, "car_traffic": 42000.0, "foot_traffic": 41000.0, "poi_transport": 0, "attractiveness": 1.2, "coef_amenity": 42766.845564036972, "coef_shop": -243.58483323503572, "coef_office": 1362.3670112914283 }, "geometry": { "type": "Point", "coordinates": [ 4345215.949237543158233, 5629870.532319616526365 ] } },
{ "type": "Feature", "properties": { "ID": 127171, "Address": "Восточно-Кругликовская улица, 34", "lat": 45.051245, "long": 39.029194, "population_x": 25000.0, "type": "pvz", "hex_id": 43, "poi_amenity": 1, "poi_shop": 6, "poi_office": 3, "poi_leisure": 0, "poi_tourism": 1, "population_y": 25000.0, "car_traffic": 42000.0, "foot_traffic": 41000.0, "poi_transport": 0, "attractiveness": 2.5, "coef_amenity": 43219.043712667684, "coef_shop": 114.40213210057205, "coef_office": 438.14245363651958 }, "geometry": { "type": "Point", "coordinates": [ 4344710.002151887863874, 5629592.573623823933303 ] } },
{ "type": "Feature", "properties": { "ID": 309655, "Address": "улица им. Героя Сарабеева В.И., 3", "lat": 45.051914, "long": 39.029643, "population_x": 25000.0, "type": "pvz", "hex_id": 43, "poi_amenity": 1, "poi_shop": 5, "poi_office": 3, "poi_leisure": 0, "poi_tourism": 2, "population_y": 25000.0, "car_traffic": 42000.0, "foot_traffic": 41000.0, "poi_transport": 0, "attractiveness": 2.3, "coef_amenity": 44078.241683766864, "coef_shop": 119.96659838703339, "coef_office": 447.66558842433739 }, "geometry": { "type": "Point", "coordinates": [ 4344759.984603254124522, 5629697.988922766409814 ] } },
{ "type": "Feature", "properties": { "ID": 321022, "Address": "Восточно-Кругликовская улица, 42/3к1\n", "lat": 45.052716, "long": 39.028781, "population_x": 25000.0, "type": "pvz", "hex_id": 43, "poi_amenity": 2, "poi_shop": 8, "poi_office": 1, "poi_leisure": 0, "poi_tourism": 0, "population_y": 25000.0, "car_traffic": 42000.0, "foot_traffic": 41000.0, "poi_transport": 0, "attractiveness": 2.9, "coef_amenity": 46630.965540410245, "coef_shop": 138.53800117995615, "coef_office": 363.09170836635025 }, "geometry": { "type": "Point", "coordinates": [ 4344664.027202190831304, 5629824.362849525175989 ] } },
{ "type": "Feature", "properties": { "ID": 50003801, "Address": "улица им. Героя Сарабеева В.И., 5к1", "lat": 45.053219, "long": 39.029616, "population_x": 25000.0, "type": "pvz", "hex_id": 43, "poi_amenity": 1, "poi_shop": 7, "poi_office": 1, "poi_leisure": 0, "poi_tourism": 1, "population_y": 25000.0, "car_traffic": 42000.0, "foot_traffic": 41000.0, "poi_transport": 0, "attractiveness": 2.35, "coef_amenity": 47577.264479719161, "coef_shop": 120.63122200634862, "coef_office": 372.16966960675711 }, "geometry": { "type": "Point", "coordinates": [ 4344756.978977002203465, 5629903.623211620375514 ] } },
{ "type": "Feature", "properties": { "ID": 140527, "Address": "улица им. Героя Сарабеева В.И., 5к2", "lat": 45.053156, "long": 39.030649, "population_x": 25000.0, "type": "pvz", "hex_id": 43, "poi_amenity": 2, "poi_shop": 8, "poi_office": 0, "poi_leisure": 0, "poi_tourism": 2, "population_y": 25000.0, "car_traffic": 42000.0, "foot_traffic": 41000.0, "poi_transport": 0, "attractiveness": 2.8, "coef_amenity": 46318.056138387772, "coef_shop": 26.129093421686868, "coef_office": 617.41513179148092 }, "geometry": { "type": "Point", "coordinates": [ 4344871.972010992467403, 5629893.695931261405349 ] } },
{ "type": "Feature", "properties": { "ID": 217423, "Address": "улица им. Героя Сарабеева В.И., 5к5", "lat": 45.054168, "long": 39.031601, "population_x": 25000.0, "type": "pvz", "hex_id": 43, "poi_amenity": 10, "poi_shop": 8, "poi_office": 0, "poi_leisure": 0, "poi_tourism": 1, "population_y": 25000.0, "car_traffic": 42000.0, "foot_traffic": 41000.0, "poi_transport": 2, "attractiveness": 5.75, "coef_amenity": 48168.006682494175, "coef_shop": -131.72169685894235, "coef_office": 911.99539360420863 }, "geometry": { "type": "Point", "coordinates": [ 4344977.948166227899492, 5630053.164043643511832 ] } },
{ "type": "Feature", "properties": { "ID": 141797, "Address": "улица им. Героя Сарабеева В.И., 5к3", "lat": 45.054022, "long": 39.02958, "population_x": 25000.0, "type": "pvz", "hex_id": 43, "poi_amenity": 2, "poi_shop": 6, "poi_office": 0, "poi_leisure": 0, "poi_tourism": 0, "population_y": 25000.0, "car_traffic": 42000.0, "foot_traffic": 41000.0, "poi_transport": 0, "attractiveness": 2.2, "coef_amenity": 50951.610710130459, "coef_shop": 177.58545074025687, "coef_office": 188.45202043042428 }, "geometry": { "type": "Point", "coordinates": [ 4344752.971475334838033, 5630030.157600275240839 ] } },
{ "type": "Feature", "properties": { "ID": 202530, "Address": "улица имени 40-летия Победы, 178к2", "lat": 45.054658, "long": 39.03214, "population_x": 25000.0, "type": "pvz", "hex_id": 43, "poi_amenity": 9, "poi_shop": 10, "poi_office": 0, "poi_leisure": 0, "poi_tourism": 1, "population_y": 25000.0, "car_traffic": 42000.0, "foot_traffic": 41000.0, "poi_transport": 2, "attractiveness": 5.9, "coef_amenity": 48713.95345150277, "coef_shop": -203.53293635833646, "coef_office": 1126.3460629787824 }, "geometry": { "type": "Point", "coordinates": [ 4345037.949371764436364, 5630130.377878835424781 ] } },
{ "type": "Feature", "properties": { "ID": 140119, "Address": "улица Героев-Разведчиков, 12/1к1", "lat": 45.053009, "long": 39.033739, "population_x": 25000.0, "type": "pvz", "hex_id": 43, "poi_amenity": 2, "poi_shop": 2, "poi_office": 0, "poi_leisure": 0, "poi_tourism": 0, "population_y": 25000.0, "car_traffic": 42000.0, "foot_traffic": 41000.0, "poi_transport": 0, "attractiveness": 1.2, "coef_amenity": 42766.845564036972, "coef_shop": -243.58483323503572, "coef_office": 1362.3670112914283 }, "geometry": { "type": "Point", "coordinates": [ 4345215.949237543158233, 5629870.532319616526365 ] } },
{ "type": "Feature", "properties": { "ID": 208335, "Address": "улица им. Героя Сарабеева В.И., 9", "lat": 45.051831, "long": 39.033227, "population_x": 25000.0, "type": "pvz", "hex_id": 43, "poi_amenity": 1, "poi_shop": 3, "poi_office": 0, "poi_leisure": 0, "poi_tourism": 2, "population_y": 25000.0, "car_traffic": 42000.0, "foot_traffic": 41000.0, "poi_transport": 0, "attractiveness": 1.2, "coef_amenity": 42186.758241482334, "coef_shop": -164.74463586473641, "coef_office": 1091.3422950295701 }, "geometry": { "type": "Point", "coordinates": [ 4345158.953658256679773, 5629684.910425554029644 ] } },
{ "type": "Feature", "properties": { "ID": 350046, "Address": "улица имени 40-летия Победы, 125", "lat": 45.056282, "long": 39.031404, "population_x": 85000.0, "type": "pvz", "hex_id": 44, "poi_amenity": 12, "poi_shop": 11, "poi_office": 0, "poi_leisure": 0, "poi_tourism": 0, "population_y": 85000.0, "car_traffic": 34000.0, "foot_traffic": 78000.0, "poi_transport": 2, "attractiveness": 7.15, "coef_amenity": 58106.554204892374, "coef_shop": -775.98576979494146, "coef_office": 1062.8346793904868 }, "geometry": { "type": "Point", "coordinates": [ 4344956.01822654157877, 5630386.291319918818772 ] } },
{ "type": "Feature", "properties": { "ID": 2454, "Address": "улица имени 40-летия Победы, 129", "lat": 45.056282, "long": 39.032679, "population_x": 85000.0, "type": "pvz", "hex_id": 44, "poi_amenity": 7, "poi_shop": 9, "poi_office": 0, "poi_leisure": 0, "poi_tourism": 0, "population_y": 85000.0, "car_traffic": 34000.0, "foot_traffic": 78000.0, "poi_transport": 2, "attractiveness": 4.9, "coef_amenity": 54460.41874199258, "coef_shop": -936.13589662074332, "coef_office": 1715.4818616211196 }, "geometry": { "type": "Point", "coordinates": [ 4345097.950577302835882, 5630386.291319918818772 ] } },
{ "type": "Feature", "properties": { "ID": 50007483, "Address": "улица Героев-Разведчиков, 22", "lat": 45.056785, "long": 39.034207, "population_x": 85000.0, "type": "pvz", "hex_id": 44, "poi_amenity": 5, "poi_shop": 8, "poi_office": 0, "poi_leisure": 0, "poi_tourism": 0, "population_y": 85000.0, "car_traffic": 34000.0, "foot_traffic": 78000.0, "poi_transport": 2, "attractiveness": 3.95, "coef_amenity": 51730.712454454406, "coef_shop": -1404.4964893323247, "coef_office": 2709.211308029031 }, "geometry": { "type": "Point", "coordinates": [ 4345268.04675923474133, 5630465.556624645367265 ] } },
{ "type": "Feature", "properties": { "ID": 50013391, "Address": "улица Героев-Разведчиков, 21/2", "lat": 45.057568, "long": 39.032401, "population_x": 85000.0, "type": "pvz", "hex_id": 44, "poi_amenity": 4, "poi_shop": 3, "poi_office": 1, "poi_leisure": 0, "poi_tourism": 0, "population_y": 85000.0, "car_traffic": 34000.0, "foot_traffic": 78000.0, "poi_transport": 1, "attractiveness": 2.45, "coef_amenity": 59921.291870856956, "coef_shop": -1313.6951843390846, "coef_office": 1767.4854434493548 }, "geometry": { "type": "Point", "coordinates": [ 4345067.003758861683309, 5630588.947144548408687 ] } },
{ "type": "Feature", "properties": { "ID": 141500, "Address": "улица имени 40-летия Победы, 109", "lat": 45.057861, "long": 39.030083, "population_x": 85000.0, "type": "pvz", "hex_id": 44, "poi_amenity": 3, "poi_shop": 6, "poi_office": 0, "poi_leisure": 0, "poi_tourism": 0, "population_y": 85000.0, "car_traffic": 34000.0, "foot_traffic": 78000.0, "poi_transport": 0, "attractiveness": 2.55, "coef_amenity": 68752.603573703178, "coef_shop": -634.86711949352286, "coef_office": 131.75676348992343 }, "geometry": { "type": "Point", "coordinates": [ 4344808.965179203078151, 5630635.120532145723701 ] } },
{ "type": "Feature", "properties": { "ID": 50022479, "Address": "улица имени 40-летия Победы, 97/1", "lat": 45.058084, "long": 39.028601, "population_x": 85000.0, "type": "pvz", "hex_id": 44, "poi_amenity": 4, "poi_shop": 3, "poi_office": 0, "poi_leisure": 0, "poi_tourism": 0, "population_y": 85000.0, "car_traffic": 34000.0, "foot_traffic": 78000.0, "poi_transport": 0, "attractiveness": 2.15, "coef_amenity": 72489.504887101386, "coef_shop": -125.54307763562298, "coef_office": -640.58374522000781 }, "geometry": { "type": "Point", "coordinates": [ 4344643.989693848416209, 5630670.262893558479846 ] } },
{ "type": "Feature", "properties": { "ID": 50014102, "Address": "Восточно-Кругликовская улица, 46/А", "lat": 45.057753, "long": 39.026301, "population_x": 85000.0, "type": "pvz", "hex_id": 44, "poi_amenity": 0, "poi_shop": 2, "poi_office": 0, "poi_leisure": 0, "poi_tourism": 0, "population_y": 85000.0, "car_traffic": 34000.0, "foot_traffic": 78000.0, "poi_transport": 0, "attractiveness": 0.5, "coef_amenity": 74883.117874435251, "coef_shop": 746.56607105086755, "coef_office": -1561.0993204713886 }, "geometry": { "type": "Point", "coordinates": [ 4344387.954865022562444, 5630618.100962426513433 ] } },
{ "type": "Feature", "properties": { "ID": 158526, "Address": "улица Героев-Разведчиков, 17", "lat": 45.058371, "long": 39.035904, "population_x": 85000.0, "type": "pvz", "hex_id": 44, "poi_amenity": 7, "poi_shop": 4, "poi_office": 0, "poi_leisure": 0, "poi_tourism": 0, "population_y": 85000.0, "car_traffic": 34000.0, "foot_traffic": 78000.0, "poi_transport": 1, "attractiveness": 3.55, "coef_amenity": 53212.504786147583, "coef_shop": -1760.6441125227836, "coef_office": 3447.9199478300725 }, "geometry": { "type": "Point", "coordinates": [ 4345456.955935111269355, 5630715.49115680437535 ] } },
{ "type": "Feature", "properties": { "ID": 332239, "Address": "улица Героя Владислава Посадского, 53", "lat": 45.059396, "long": 39.03709, "population_x": 85000.0, "type": "pvz", "hex_id": 44, "poi_amenity": 1, "poi_shop": 4, "poi_office": 0, "poi_leisure": 0, "poi_tourism": 0, "population_y": 85000.0, "car_traffic": 34000.0, "foot_traffic": 78000.0, "poi_transport": 0, "attractiveness": 1.35, "coef_amenity": 53129.43389792239, "coef_shop": -1595.6745161566519, "coef_office": 3875.814336437109 }, "geometry": { "type": "Point", "coordinates": [ 4345588.98085119202733, 5630877.022521615028381 ] } },
{ "type": "Feature", "properties": { "ID": 144894, "Address": "улица Героя Владислава Посадского, 42", "lat": 45.059841, "long": 39.040908, "population_x": 18000.0, "type": "pvz", "hex_id": 52, "poi_amenity": 0, "poi_shop": 3, "poi_office": 0, "poi_leisure": 0, "poi_tourism": 0, "population_y": 18000.0, "car_traffic": 9500.0, "foot_traffic": 14000.0, "poi_transport": 0, "attractiveness": 0.75, "coef_amenity": 42326.007980245718, "coef_shop": -4.5013591227087906, "coef_office": 4627.1219502587219 }, "geometry": { "type": "Point", "coordinates": [ 4346013.998667040839791, 5630947.151674162596464 ] } },
{ "type": "Feature", "properties": { "ID": 209189, "Address": "улица Героя А.А. Аверкиева, 21", "lat": 45.062216, "long": 39.040863, "population_x": 18000.0, "type": "pvz", "hex_id": 52, "poi_amenity": 1, "poi_shop": 2, "poi_office": 1, "poi_leisure": 0, "poi_tourism": 0, "population_y": 18000.0, "car_traffic": 9500.0, "foot_traffic": 14000.0, "poi_transport": 0, "attractiveness": 1.05, "coef_amenity": 50756.534486029857, "coef_shop": 947.85747101787524, "coef_office": 2817.137833746207 }, "geometry": { "type": "Point", "coordinates": [ 4346008.989289955236018, 5631321.445707520470023 ] } },
{ "type": "Feature", "properties": { "ID": 218320, "Address": "улица Генерала Трошева, 35", "lat": 45.064896, "long": 39.04098, "population_x": 18000.0, "type": "pvz", "hex_id": 52, "poi_amenity": 0, "poi_shop": 4, "poi_office": 0, "poi_leisure": 0, "poi_tourism": 0, "population_y": 18000.0, "car_traffic": 9500.0, "foot_traffic": 14000.0, "poi_transport": 1, "attractiveness": 1.1, "coef_amenity": 61206.263722054129, "coef_shop": 992.66276825142984, "coef_office": -647.74798761165459 }, "geometry": { "type": "Point", "coordinates": [ 4346022.0136703774333, 5631743.825647334568202 ] } },
{ "type": "Feature", "properties": { "ID": 50014731, "Address": "улица Генерала Трошева, 47", "lat": 45.068499, "long": 39.040719, "population_x": 18000.0, "type": "pvz", "hex_id": 52, "poi_amenity": 0, "poi_shop": 5, "poi_office": 0, "poi_leisure": 0, "poi_tourism": 0, "population_y": 18000.0, "car_traffic": 9500.0, "foot_traffic": 14000.0, "poi_transport": 1, "attractiveness": 1.35, "coef_amenity": 52293.64044181761, "coef_shop": 1027.3667802660532, "coef_office": -1960.2268344265169 }, "geometry": { "type": "Point", "coordinates": [ 4345992.959283280186355, 5632311.705705979838967 ] } },
{ "type": "Feature", "properties": { "ID": 141130, "Address": "улица им. Героя Яцкова И.В., 28", "lat": 45.068518, "long": 39.039462, "population_x": 85000.0, "type": "pvz", "hex_id": 44, "poi_amenity": 23, "poi_shop": 5, "poi_office": 0, "poi_leisure": 0, "poi_tourism": 1, "population_y": 85000.0, "car_traffic": 34000.0, "foot_traffic": 78000.0, "poi_transport": 1, "attractiveness": 9.45, "coef_amenity": 57080.395432030084, "coef_shop": 814.4088240209793, "coef_office": -2280.9114788689399 }, "geometry": { "type": "Point", "coordinates": [ 4345853.030683353543282, 5632314.700450071133673 ] } },
{ "type": "Feature", "properties": { "ID": 125938, "Address": "улица Героя А.А. Аверкиева, 30", "lat": 45.060898, "long": 39.037243, "population_x": 85000.0, "type": "pvz", "hex_id": 44, "poi_amenity": 0, "poi_shop": 4, "poi_office": 1, "poi_leisure": 0, "poi_tourism": 0, "population_y": 85000.0, "car_traffic": 34000.0, "foot_traffic": 78000.0, "poi_transport": 0, "attractiveness": 1.2, "coef_amenity": 57078.56231909011, "coef_shop": -262.63087118927342, "coef_office": 2963.0479650540792 }, "geometry": { "type": "Point", "coordinates": [ 4345606.012733282521367, 5631113.730298649519682 ] } },
{ "type": "Feature", "properties": { "ID": 159387, "Address": "улица Героев-Разведчиков, 28", "lat": 45.060854, "long": 39.034269, "population_x": 85000.0, "type": "pvz", "hex_id": 44, "poi_amenity": 0, "poi_shop": 3, "poi_office": 0, "poi_leisure": 0, "poi_tourism": 0, "population_y": 85000.0, "car_traffic": 34000.0, "foot_traffic": 78000.0, "poi_transport": 0, "attractiveness": 0.75, "coef_amenity": 65801.806304761965, "coef_shop": -1023.4027191662591, "coef_office": 2166.2223762419248 }, "geometry": { "type": "Point", "coordinates": [ 4345274.948567664250731, 5631106.796027686446905 ] } },
{ "type": "Feature", "properties": { "ID": 306519, "Address": "улица Героя А.А. Аверкиева, 24", "lat": 45.06023, "long": 39.033497, "population_x": 85000.0, "type": "pvz", "hex_id": 44, "poi_amenity": 0, "poi_shop": 3, "poi_office": 0, "poi_leisure": 0, "poi_tourism": 0, "population_y": 85000.0, "car_traffic": 34000.0, "foot_traffic": 78000.0, "poi_transport": 0, "attractiveness": 0.75, "coef_amenity": 66265.655767602962, "coef_shop": -1372.3614420207389, "coef_office": 2010.0928558077378 }, "geometry": { "type": "Point", "coordinates": [ 4345189.009920771233737, 5631008.456032145768404 ] } },
{ "type": "Feature", "properties": { "ID": 163662, "Address": "улица Героя А.А. Аверкиева, 20", "lat": 45.060236, "long": 39.032149, "population_x": 85000.0, "type": "pvz", "hex_id": 44, "poi_amenity": 0, "poi_shop": 3, "poi_office": 0, "poi_leisure": 0, "poi_tourism": 0, "population_y": 85000.0, "car_traffic": 34000.0, "foot_traffic": 78000.0, "poi_transport": 0, "attractiveness": 0.75, "coef_amenity": 70894.993800473399, "coef_shop": -1262.173211351776, "coef_office": 1319.4728852181238 }, "geometry": { "type": "Point", "coordinates": [ 4345038.951247181743383, 5631009.401603918522596 ] } },
{ "type": "Feature", "properties": { "ID": 162057, "Address": "улица Героя А.А. Аверкиева, 8", "lat": 45.060211, "long": 39.029302, "population_x": 85000.0, "type": "pvz", "hex_id": 44, "poi_amenity": 1, "poi_shop": 2, "poi_office": 0, "poi_leisure": 0, "poi_tourism": 0, "population_y": 85000.0, "car_traffic": 34000.0, "foot_traffic": 78000.0, "poi_transport": 0, "attractiveness": 0.85, "coef_amenity": 76880.129185561469, "coef_shop": -722.63474005860917, "coef_office": -129.73713448249089 }, "geometry": { "type": "Point", "coordinates": [ 4344722.02465689368546, 5631005.461722197011113 ] } },
{ "type": "Feature", "properties": { "ID": 309168, "Address": "улица Героя А.А. Аверкиева, 4", "lat": 45.061127, "long": 39.027855, "population_x": 85000.0, "type": "pvz", "hex_id": 44, "poi_amenity": 1, "poi_shop": 5, "poi_office": 0, "poi_leisure": 0, "poi_tourism": 0, "population_y": 85000.0, "car_traffic": 34000.0, "foot_traffic": 78000.0, "poi_transport": 1, "attractiveness": 1.7, "coef_amenity": 78900.160835732881, "coef_shop": -371.22459627990685, "coef_office": -409.52174628524369 }, "geometry": { "type": "Point", "coordinates": [ 4344560.94535371568054, 5631149.820113231427968 ] } },
{ "type": "Feature", "properties": { "ID": 124813, "Address": "улица Героя А.А. Аверкиева, 1", "lat": 45.061758, "long": 39.026301, "population_x": 85000.0, "type": "pvz", "hex_id": 44, "poi_amenity": 1, "poi_shop": 3, "poi_office": 0, "poi_leisure": 0, "poi_tourism": 0, "population_y": 85000.0, "car_traffic": 34000.0, "foot_traffic": 78000.0, "poi_transport": 2, "attractiveness": 1.3, "coef_amenity": 78753.608055198056, "coef_shop": -130.1275678035874, "coef_office": -298.86524439713043 }, "geometry": { "type": "Point", "coordinates": [ 4344387.954865022562444, 5631249.264848057180643 ] } },
{ "type": "Feature", "properties": { "ID": 159164, "Address": "улица Героя А.А. Аверкиева, 15", "lat": 45.06228, "long": 39.037288, "population_x": 85000.0, "type": "pvz", "hex_id": 44, "poi_amenity": 0, "poi_shop": 2, "poi_office": 0, "poi_leisure": 0, "poi_tourism": 0, "population_y": 85000.0, "car_traffic": 34000.0, "foot_traffic": 78000.0, "poi_transport": 0, "attractiveness": 0.5, "coef_amenity": 60401.939624326973, "coef_shop": 595.27644880061359, "coef_office": 2020.0322051359451 }, "geometry": { "type": "Point", "coordinates": [ 4345611.022110368125141, 5631331.532161876559258 ] } },
{ "type": "Feature", "properties": { "ID": 208296, "Address": "улица Героев-Разведчиков, 34", "lat": 45.063126, "long": 39.034117, "population_x": 85000.0, "type": "pvz", "hex_id": 44, "poi_amenity": 1, "poi_shop": 4, "poi_office": 0, "poi_leisure": 0, "poi_tourism": 0, "population_y": 85000.0, "car_traffic": 34000.0, "foot_traffic": 78000.0, "poi_transport": 0, "attractiveness": 1.35, "coef_amenity": 68799.507801189393, "coef_shop": 564.95446283629781, "coef_office": 1170.5240034292221 }, "geometry": { "type": "Point", "coordinates": [ 4345258.028005063533783, 5631464.863541516475379 ] } },
{ "type": "Feature", "properties": { "ID": 50022919, "Address": "улица Героев-Разведчиков, 23/1", "lat": 45.063699, "long": 39.036928, "population_x": 85000.0, "type": "pvz", "hex_id": 44, "poi_amenity": 6, "poi_shop": 5, "poi_office": 0, "poi_leisure": 0, "poi_tourism": 0, "population_y": 85000.0, "car_traffic": 34000.0, "foot_traffic": 78000.0, "poi_transport": 0, "attractiveness": 3.35, "coef_amenity": 66663.098704476695, "coef_shop": 669.74379189003639, "coef_office": 507.8459934356311 }, "geometry": { "type": "Point", "coordinates": [ 4345570.947093683294952, 5631555.170667617581785 ] } },
{ "type": "Feature", "properties": { "ID": 159923, "Address": "улица Героя Владислава Посадского, 69", "lat": 45.064559, "long": 39.038572, "population_x": 85000.0, "type": "pvz", "hex_id": 44, "poi_amenity": 3, "poi_shop": 1, "poi_office": 0, "poi_leisure": 0, "poi_tourism": 0, "population_y": 85000.0, "car_traffic": 34000.0, "foot_traffic": 78000.0, "poi_transport": 0, "attractiveness": 1.3, "coef_amenity": 67381.387093861995, "coef_shop": 809.42606080050075, "coef_office": -847.31604567528132 }, "geometry": { "type": "Point", "coordinates": [ 4345753.956336547620595, 5631690.711857546120882 ] } },
{ "type": "Feature", "properties": { "ID": 124049, "Address": "улица Героя Владислава Посадского, 69", "lat": 45.064559, "long": 39.038572, "population_x": 85000.0, "type": "pvz", "hex_id": 44, "poi_amenity": 3, "poi_shop": 1, "poi_office": 0, "poi_leisure": 0, "poi_tourism": 0, "population_y": 85000.0, "car_traffic": 34000.0, "foot_traffic": 78000.0, "poi_transport": 0, "attractiveness": 1.3, "coef_amenity": 67381.387093861995, "coef_shop": 809.42606080050075, "coef_office": -847.31604567528132 }, "geometry": { "type": "Point", "coordinates": [ 4345753.956336547620595, 5631690.711857546120882 ] } },
{ "type": "Feature", "properties": { "ID": 306446, "Address": "Черкасская улица, 62А", "lat": 45.065431, "long": 39.037243, "population_x": 85000.0, "type": "pvz", "hex_id": 44, "poi_amenity": 4, "poi_shop": 3, "poi_office": 0, "poi_leisure": 0, "poi_tourism": 0, "population_y": 85000.0, "car_traffic": 34000.0, "foot_traffic": 78000.0, "poi_transport": 0, "attractiveness": 2.15, "coef_amenity": 70631.593749089807, "coef_shop": 498.8316804885394, "coef_office": -1233.9874361216328 }, "geometry": { "type": "Point", "coordinates": [ 4345606.012733282521367, 5631828.146401822566986 ] } },
{ "type": "Feature", "properties": { "ID": 111541, "Address": "Черкасская улица, 58", "lat": 45.064909, "long": 39.032518, "population_x": 85000.0, "type": "pvz", "hex_id": 44, "poi_amenity": 1, "poi_shop": 2, "poi_office": 0, "poi_leisure": 1, "poi_tourism": 0, "population_y": 85000.0, "car_traffic": 34000.0, "foot_traffic": 78000.0, "poi_transport": 4, "attractiveness": 1.3, "coef_amenity": 74001.559042019042, "coef_shop": -22.628770276966122, "coef_office": 573.4500054251256 }, "geometry": { "type": "Point", "coordinates": [ 4345080.028139284811914, 5631745.874553509056568 ] } },
{ "type": "Feature", "properties": { "ID": 159614, "Address": "Черкасская улица, 129/1", "lat": 45.06636, "long": 39.035815, "population_x": 85000.0, "type": "pvz", "hex_id": 44, "poi_amenity": 1, "poi_shop": 7, "poi_office": 1, "poi_leisure": 0, "poi_tourism": 1, "population_y": 85000.0, "car_traffic": 34000.0, "foot_traffic": 78000.0, "poi_transport": 3, "attractiveness": 2.65, "coef_amenity": 73420.918321047924, "coef_shop": 124.58537042707582, "coef_office": -1305.9780276974541 }, "geometry": { "type": "Point", "coordinates": [ 4345447.048500429838896, 5631974.566932669840753 ] } },
{ "type": "Feature", "properties": { "ID": 50015381, "Address": "улица им. Героя Яцкова И.В., 16", "lat": 45.068398, "long": 39.03577, "population_x": 85000.0, "type": "pvz", "hex_id": 44, "poi_amenity": 2, "poi_shop": 3, "poi_office": 0, "poi_leisure": 0, "poi_tourism": 0, "population_y": 85000.0, "car_traffic": 34000.0, "foot_traffic": 78000.0, "poi_transport": 2, "attractiveness": 1.65, "coef_amenity": 71506.674669708082, "coef_shop": -84.424615430072876, "coef_office": -2451.8993357343388 }, "geometry": { "type": "Point", "coordinates": [ 4345442.039123344235122, 5632295.786293575540185 ] } },
{ "type": "Feature", "properties": { "ID": 50006036, "Address": "Домбайская улица, 55к6", "lat": 45.069874, "long": 39.035743, "population_x": 85000.0, "type": "pvz", "hex_id": 44, "poi_amenity": 7, "poi_shop": 2, "poi_office": 1, "poi_leisure": 0, "poi_tourism": 0, "population_y": 85000.0, "car_traffic": 34000.0, "foot_traffic": 78000.0, "poi_transport": 2, "attractiveness": 3.35, "coef_amenity": 65762.732301268174, "coef_shop": -103.15634515567541, "coef_office": -2860.6613204963755 }, "geometry": { "type": "Point", "coordinates": [ 4345439.033497092314065, 5632528.433178097009659 ] } },
{ "type": "Feature", "properties": { "ID": 320592, "Address": "улица им. Героя Яцкова И.В., 14", "lat": 45.068614, "long": 39.032832, "population_x": 85000.0, "type": "pvz", "hex_id": 44, "poi_amenity": 1, "poi_shop": 3, "poi_office": 0, "poi_leisure": 0, "poi_tourism": 0, "population_y": 85000.0, "car_traffic": 34000.0, "foot_traffic": 78000.0, "poi_transport": 2, "attractiveness": 1.3, "coef_amenity": 79692.244660188298, "coef_shop": -1100.128477063548, "coef_office": -1208.0067830912105 }, "geometry": { "type": "Point", "coordinates": [ 4345114.982459393329918, 5632329.831803859211504 ] } },
{ "type": "Feature", "properties": { "ID": 50006952, "Address": "Черкасская улица, 109", "lat": 45.067341, "long": 39.031521, "population_x": 85000.0, "type": "pvz", "hex_id": 44, "poi_amenity": 3, "poi_shop": 2, "poi_office": 0, "poi_leisure": 0, "poi_tourism": 0, "population_y": 85000.0, "car_traffic": 34000.0, "foot_traffic": 78000.0, "poi_transport": 1, "attractiveness": 1.65, "coef_amenity": 76766.784802726383, "coef_shop": -1120.960506239207, "coef_office": 522.45628910273922 }, "geometry": { "type": "Point", "coordinates": [ 4344969.042606963776052, 5632129.185813706368208 ] } },
{ "type": "Feature", "properties": { "ID": 50014963, "Address": "Домбайская улица, 12", "lat": 45.071797, "long": 39.031431, "population_x": 85000.0, "type": "pvz", "hex_id": 44, "poi_amenity": 3, "poi_shop": 1, "poi_office": 1, "poi_leisure": 0, "poi_tourism": 0, "population_y": 85000.0, "car_traffic": 34000.0, "foot_traffic": 78000.0, "poi_transport": 0, "attractiveness": 1.5, "coef_amenity": 74418.966211399427, "coef_shop": -2247.6713182800727, "coef_office": -1606.8015606088861 }, "geometry": { "type": "Point", "coordinates": [ 4344959.023852792568505, 5632831.545144049450755 ] } },
{ "type": "Feature", "properties": { "ID": 160311, "Address": "Домбайская улица, 10/1к1", "lat": 45.071103, "long": 39.029967, "population_x": 85000.0, "type": "pvz", "hex_id": 44, "poi_amenity": 3, "poi_shop": 1, "poi_office": 1, "poi_leisure": 0, "poi_tourism": 0, "population_y": 85000.0, "car_traffic": 34000.0, "foot_traffic": 78000.0, "poi_transport": 0, "attractiveness": 1.5, "coef_amenity": 78749.560271824506, "coef_shop": -2954.040334424174, "coef_office": -393.54971784623092 }, "geometry": { "type": "Point", "coordinates": [ 4344796.052118270657957, 5632722.15254598017782 ] } },
{ "type": "Feature", "properties": { "ID": 303212, "Address": "Восточно-Кругликовская улица, 90", "lat": 45.069632, "long": 39.028466, "population_x": 85000.0, "type": "pvz", "hex_id": 44, "poi_amenity": 2, "poi_shop": 3, "poi_office": 0, "poi_leisure": 0, "poi_tourism": 0, "population_y": 85000.0, "car_traffic": 34000.0, "foot_traffic": 78000.0, "poi_transport": 0, "attractiveness": 1.45, "coef_amenity": 82053.311113080927, "coef_shop": -3065.1020184332019, "coef_office": 573.50483980629951 }, "geometry": { "type": "Point", "coordinates": [ 4344628.961562590673566, 5632490.288764948025346 ] } },
{ "type": "Feature", "properties": { "ID": 206949, "Address": "улица им. Героя Яцкова И.В., 2", "lat": 45.068372, "long": 39.027927, "population_x": 85000.0, "type": "pvz", "hex_id": 44, "poi_amenity": 4, "poi_shop": 5, "poi_office": 0, "poi_leisure": 2, "poi_tourism": 0, "population_y": 85000.0, "car_traffic": 34000.0, "foot_traffic": 78000.0, "poi_transport": 0, "attractiveness": 2.75, "coef_amenity": 80616.704331919682, "coef_shop": -2357.1880373081594, "coef_office": 751.29175314507165 }, "geometry": { "type": "Point", "coordinates": [ 4344568.960357053205371, 5632291.688231567852199 ] } },
{ "type": "Feature", "properties": { "ID": 169877, "Address": "Восточно-Кругликовская улица, 64", "lat": 45.068124, "long": 39.026733, "population_x": 85000.0, "type": "pvz", "hex_id": 44, "poi_amenity": 3, "poi_shop": 5, "poi_office": 0, "poi_leisure": 2, "poi_tourism": 0, "population_y": 85000.0, "car_traffic": 34000.0, "foot_traffic": 78000.0, "poi_transport": 0, "attractiveness": 2.4, "coef_amenity": 81545.693155430941, "coef_shop": -2396.144559837378, "coef_office": 544.19701383823985 }, "geometry": { "type": "Point", "coordinates": [ 4344436.044885045848787, 5632252.599118418060243 ] } },
{ "type": "Feature", "properties": { "ID": 50008920, "Address": "Восточно-Кругликовская улица, 72", "lat": 45.070345, "long": 39.025214, "population_x": 85000.0, "type": "pvz", "hex_id": 44, "poi_amenity": 3, "poi_shop": 1, "poi_office": 0, "poi_leisure": 0, "poi_tourism": 0, "population_y": 85000.0, "car_traffic": 34000.0, "foot_traffic": 78000.0, "poi_transport": 2, "attractiveness": 1.5, "coef_amenity": 82694.295281837389, "coef_shop": -3657.4264560616211, "coef_office": 473.41328842871928 }, "geometry": { "type": "Point", "coordinates": [ 4344266.950578530319035, 5632602.673387407325208 ] } },
{ "type": "Feature", "properties": { "ID": 172437, "Address": "Восточно-Кругликовская улица, 65", "lat": 45.069862, "long": 39.024181, "population_x": 85000.0, "type": "pvz", "hex_id": 44, "poi_amenity": 3, "poi_shop": 4, "poi_office": 0, "poi_leisure": 0, "poi_tourism": 0, "population_y": 85000.0, "car_traffic": 34000.0, "foot_traffic": 78000.0, "poi_transport": 2, "attractiveness": 2.25, "coef_amenity": 81242.821286505816, "coef_shop": -2760.7965012014115, "coef_office": 453.06608218915335 }, "geometry": { "type": "Point", "coordinates": [ 4344151.957544541917741, 5632526.541715788654983 ] } },
{ "type": "Feature", "properties": { "ID": 102778, "Address": "Восточно-Кругликовская улица, 76/4", "lat": 45.070244, "long": 39.027236, "population_x": 85000.0, "type": "pvz", "hex_id": 44, "poi_amenity": 0, "poi_shop": 3, "poi_office": 0, "poi_leisure": 0, "poi_tourism": 0, "population_y": 85000.0, "car_traffic": 34000.0, "foot_traffic": 78000.0, "poi_transport": 0, "attractiveness": 0.75, "coef_amenity": 82700.148441639365, "coef_shop": -3623.68419782413, "coef_office": 511.61506788455159 }, "geometry": { "type": "Point", "coordinates": [ 4344492.038588915020227, 5632586.753460845910013 ] } },
{ "type": "Feature", "properties": { "ID": 308003, "Address": "Черкасская улица, 49", "lat": 45.066787, "long": 39.024433, "population_x": 85000.0, "type": "pvz", "hex_id": 44, "poi_amenity": 3, "poi_shop": 10, "poi_office": 1, "poi_leisure": 1, "poi_tourism": 0, "population_y": 85000.0, "car_traffic": 34000.0, "foot_traffic": 78000.0, "poi_transport": 5, "attractiveness": 4.3, "coef_amenity": 78543.009416000205, "coef_shop": -301.64330036963031, "coef_office": 44.459888553424719 }, "geometry": { "type": "Point", "coordinates": [ 4344180.010056220926344, 5632041.867587376385927 ] } },
{ "type": "Feature", "properties": { "ID": 112934, "Address": "улица 1 Мая, 278", "lat": 45.066641, "long": 39.02225, "population_x": 85000.0, "type": "pvz", "hex_id": 44, "poi_amenity": 3, "poi_shop": 13, "poi_office": 2, "poi_leisure": 0, "poi_tourism": 0, "population_y": 85000.0, "car_traffic": 34000.0, "foot_traffic": 78000.0, "poi_transport": 3, "attractiveness": 5.0, "coef_amenity": 77999.999999999927, "coef_shop": 1.2981921093668802e-11, "coef_office": 4.3149928075081334e-12 }, "geometry": { "type": "Point", "coordinates": [ 4343936.999607819132507, 5632018.856065739877522 ] } },
{ "type": "Feature", "properties": { "ID": 50017741, "Address": "Яснополянская улица, 4/1", "lat": 45.07391, "long": 39.024343, "population_x": 85000.0, "type": "pvz", "hex_id": 44, "poi_amenity": 1, "poi_shop": 1, "poi_office": 0, "poi_leisure": 0, "poi_tourism": 0, "population_y": 85000.0, "car_traffic": 34000.0, "foot_traffic": 78000.0, "poi_transport": 0, "attractiveness": 0.6, "coef_amenity": 78486.428166172074, "coef_shop": -4664.8336863797931, "coef_office": 299.68952951610072 }, "geometry": { "type": "Point", "coordinates": [ 4344169.991302049718797, 5633164.617530499584973 ] } },
{ "type": "Feature", "properties": { "ID": 161731, "Address": "Вологодская улица, 11", "lat": 45.073738, "long": 39.021936, "population_x": 85000.0, "type": "pvz", "hex_id": 44, "poi_amenity": 1, "poi_shop": 2, "poi_office": 0, "poi_leisure": 0, "poi_tourism": 0, "population_y": 85000.0, "car_traffic": 34000.0, "foot_traffic": 78000.0, "poi_transport": 0, "attractiveness": 0.85, "coef_amenity": 72987.81884375996, "coef_shop": -1356.2520817497314, "coef_office": 264.98413310710811 }, "geometry": { "type": "Point", "coordinates": [ 4343902.045287710614502, 5633137.504694091156125 ] } },
{ "type": "Feature", "properties": { "ID": 313586, "Address": "Солнечная улица, 10", "lat": 45.071905, "long": 38.995911, "population_x": 25000.0, "type": "pvz", "hex_id": 37, "poi_amenity": 5, "poi_shop": 3, "poi_office": 0, "poi_leisure": 0, "poi_tourism": 0, "population_y": 25000.0, "car_traffic": 39000.0, "foot_traffic": 58000.0, "poi_transport": 1, "attractiveness": 2.6, "coef_amenity": 62043.599902580667, "coef_shop": -303.68153590582108, "coef_office": -146.71027060930291 }, "geometry": { "type": "Point", "coordinates": [ 4341004.95553981512785, 5632848.568895468488336 ] } },
{ "type": "Feature", "properties": { "ID": 169598, "Address": "улица имени Николая Семеновича Котлярова, 30", "lat": 45.070568, "long": 39.013168, "population_x": 85000.0, "type": "pvz", "hex_id": 44, "poi_amenity": 2, "poi_shop": 4, "poi_office": 0, "poi_leisure": 0, "poi_tourism": 0, "population_y": 85000.0, "car_traffic": 34000.0, "foot_traffic": 78000.0, "poi_transport": 1, "attractiveness": 1.8, "coef_amenity": 73302.563047580727, "coef_shop": -702.50710345297011, "coef_office": 390.1880981371491 }, "geometry": { "type": "Point", "coordinates": [ 4342925.995992435142398, 5632637.823423900641501 ] } },
{ "type": "Feature", "properties": { "ID": 101756, "Address": "улица имени Николая Семеновича Котлярова, 24", "lat": 45.070651, "long": 39.011937, "population_x": 85000.0, "type": "pvz", "hex_id": 44, "poi_amenity": 4, "poi_shop": 5, "poi_office": 0, "poi_leisure": 0, "poi_tourism": 0, "population_y": 85000.0, "car_traffic": 34000.0, "foot_traffic": 78000.0, "poi_transport": 1, "attractiveness": 2.75, "coef_amenity": 73017.724588095851, "coef_shop": -783.23621539880821, "coef_office": 493.84373936202502 }, "geometry": { "type": "Point", "coordinates": [ 4342788.961699268780649, 5632650.906207929365337 ] } },
{ "type": "Feature", "properties": { "ID": 211005, "Address": "улица имени Николая Семеновича Котлярова, 17", "lat": 45.069588, "long": 39.011039, "population_x": 85000.0, "type": "pvz", "hex_id": 44, "poi_amenity": 3, "poi_shop": 5, "poi_office": 0, "poi_leisure": 0, "poi_tourism": 0, "population_y": 85000.0, "car_traffic": 34000.0, "foot_traffic": 78000.0, "poi_transport": 0, "attractiveness": 2.3, "coef_amenity": 75264.441440564871, "coef_shop": -873.12849844355424, "coef_office": 439.94957237002069 }, "geometry": { "type": "Point", "coordinates": [ 4342688.996796535328031, 5632483.353434455581009 ] } },
{ "type": "Feature", "properties": { "ID": 214004, "Address": "улица им. Байбакова Н.К., 14", "lat": 45.07165, "long": 39.008488, "population_x": 25000.0, "type": "pvz", "hex_id": 37, "poi_amenity": 18, "poi_shop": 8, "poi_office": 0, "poi_leisure": 1, "poi_tourism": 0, "population_y": 25000.0, "car_traffic": 39000.0, "foot_traffic": 58000.0, "poi_transport": 0, "attractiveness": 8.35, "coef_amenity": 72610.157500832356, "coef_shop": -868.60212775805064, "coef_office": 358.50881191702064 }, "geometry": { "type": "Point", "coordinates": [ 4342405.020775522105396, 5632808.373978532850742 ] } },
{ "type": "Feature", "properties": { "ID": 123260, "Address": "улица им. Байбакова Н.К., 4", "lat": 45.069518, "long": 39.007868, "population_x": 25000.0, "type": "pvz", "hex_id": 37, "poi_amenity": 5, "poi_shop": 8, "poi_office": 1, "poi_leisure": 0, "poi_tourism": 0, "population_y": 25000.0, "car_traffic": 39000.0, "foot_traffic": 58000.0, "poi_transport": 0, "attractiveness": 3.95, "coef_amenity": 75766.40726320575, "coef_shop": -968.32601661809838, "coef_office": 412.52624501585109 }, "geometry": { "type": "Point", "coordinates": [ 4342336.002691230736673, 5632472.319965128786862 ] } },
{ "type": "Feature", "properties": { "ID": 50038086, "Address": "улица им. Байбакова Н.К., 2", "lat": 45.068557, "long": 39.007931, "population_x": 25000.0, "type": "pvz", "hex_id": 37, "poi_amenity": 4, "poi_shop": 4, "poi_office": 1, "poi_leisure": 0, "poi_tourism": 0, "population_y": 25000.0, "car_traffic": 39000.0, "foot_traffic": 58000.0, "poi_transport": 0, "attractiveness": 2.6, "coef_amenity": 76121.155147040918, "coef_shop": -957.61539484337072, "coef_office": 405.63406942268193 }, "geometry": { "type": "Point", "coordinates": [ 4342343.015819150954485, 5632320.847559483721852 ] } },
{ "type": "Feature", "properties": { "ID": 168525, "Address": "улица имени Николая Семеновича Котлярова, 15", "lat": 45.067805, "long": 39.009907, "population_x": 85000.0, "type": "pvz", "hex_id": 44, "poi_amenity": 4, "poi_shop": 7, "poi_office": 0, "poi_leisure": 1, "poi_tourism": 0, "population_y": 85000.0, "car_traffic": 34000.0, "foot_traffic": 78000.0, "poi_transport": 0, "attractiveness": 3.2, "coef_amenity": 76752.097066729664, "coef_shop": -929.96051178639516, "coef_office": 393.667852436479 }, "geometry": { "type": "Point", "coordinates": [ 4342562.98313295841217, 5632202.319419832900167 ] } },
{ "type": "Feature", "properties": { "ID": 213026, "Address": "улица Карякина, 31", "lat": 45.066036, "long": 39.013914, "population_x": 85000.0, "type": "pvz", "hex_id": 44, "poi_amenity": 5, "poi_shop": 3, "poi_office": 1, "poi_leisure": 0, "poi_tourism": 0, "population_y": 85000.0, "car_traffic": 34000.0, "foot_traffic": 78000.0, "poi_transport": 1, "attractiveness": 2.8, "coef_amenity": 77320.144883155037, "coef_shop": -769.71930773992028, "coef_office": 407.45008526416416 }, "geometry": { "type": "Point", "coordinates": [ 4343009.040332566946745, 5631923.500729182735085 ] } },
{ "type": "Feature", "properties": { "ID": 312293, "Address": "улица Карякина, 29", "lat": 45.06601, "long": 39.012584, "population_x": 85000.0, "type": "pvz", "hex_id": 44, "poi_amenity": 7, "poi_shop": 7, "poi_office": 0, "poi_leisure": 0, "poi_tourism": 0, "population_y": 85000.0, "car_traffic": 34000.0, "foot_traffic": 78000.0, "poi_transport": 0, "attractiveness": 4.2, "coef_amenity": 76980.870045475633, "coef_shop": -846.24313079317619, "coef_office": 416.0457777657536 }, "geometry": { "type": "Point", "coordinates": [ 4342860.985409811139107, 5631919.402836510911584 ] } },
{ "type": "Feature", "properties": { "ID": 50013068, "Address": "улица имени Николая Семеновича Котлярова, 6", "lat": 45.065144, "long": 39.012413, "population_x": 85000.0, "type": "pvz", "hex_id": 44, "poi_amenity": 6, "poi_shop": 5, "poi_office": 1, "poi_leisure": 0, "poi_tourism": 0, "population_y": 85000.0, "car_traffic": 34000.0, "foot_traffic": 78000.0, "poi_transport": 0, "attractiveness": 3.55, "coef_amenity": 76304.197687142878, "coef_shop": -791.43592219803747, "coef_office": 425.41908002634358 }, "geometry": { "type": "Point", "coordinates": [ 4342841.949776886031032, 5631782.912553165107965 ] } },
{ "type": "Feature", "properties": { "ID": 149433, "Address": "улица имени Николая Семеновича Котлярова, 5", "lat": 45.064616, "long": 39.01156, "population_x": 85000.0, "type": "pvz", "hex_id": 44, "poi_amenity": 4, "poi_shop": 8, "poi_office": 1, "poi_leisure": 0, "poi_tourism": 0, "population_y": 85000.0, "car_traffic": 34000.0, "foot_traffic": 78000.0, "poi_transport": 0, "attractiveness": 3.6, "coef_amenity": 75699.265269529991, "coef_shop": -770.33723235656237, "coef_office": 429.87503527068077 }, "geometry": { "type": "Point", "coordinates": [ 4342746.994251240044832, 5631699.695473580621183 ] } },
{ "type": "Feature", "properties": { "ID": 50016618, "Address": "Зиповская улица, 45", "lat": 45.064215, "long": 39.010446, "population_x": 85000.0, "type": "pvz", "hex_id": 44, "poi_amenity": 4, "poi_shop": 11, "poi_office": 1, "poi_leisure": 1, "poi_tourism": 0, "population_y": 85000.0, "car_traffic": 34000.0, "foot_traffic": 78000.0, "poi_transport": 0, "attractiveness": 4.4, "coef_amenity": 75208.723448669756, "coef_shop": -753.02989896736653, "coef_office": 417.93612679435904 }, "geometry": { "type": "Point", "coordinates": [ 4342622.984338495880365, 5631636.495136891491711 ] } },
{ "type": "Feature", "properties": { "ID": 2182, "Address": "улица Карякина, 18", "lat": 45.064616, "long": 39.008308, "population_x": 85000.0, "type": "pvz", "hex_id": 44, "poi_amenity": 16, "poi_shop": 10, "poi_office": 0, "poi_leisure": 1, "poi_tourism": 0, "population_y": 85000.0, "car_traffic": 34000.0, "foot_traffic": 78000.0, "poi_transport": 0, "attractiveness": 8.15, "coef_amenity": 75075.217777439044, "coef_shop": -791.19756856087338, "coef_office": 385.88092487917066 }, "geometry": { "type": "Point", "coordinates": [ 4342384.983267179690301, 5631699.695473580621183 ] } },
{ "type": "Feature", "properties": { "ID": 157767, "Address": "улица Карякина, 15", "lat": 45.066246, "long": 39.008137, "population_x": 85000.0, "type": "pvz", "hex_id": 44, "poi_amenity": 14, "poi_shop": 4, "poi_office": 0, "poi_leisure": 0, "poi_tourism": 0, "population_y": 85000.0, "car_traffic": 34000.0, "foot_traffic": 78000.0, "poi_transport": 0, "attractiveness": 5.9, "coef_amenity": 75835.252024869784, "coef_shop": -864.84579126721974, "coef_office": 372.90730141777431 }, "geometry": { "type": "Point", "coordinates": [ 4342365.947634253650904, 5631956.599161401391029 ] } },
{ "type": "Feature", "properties": { "ID": 50011662, "Address": "улица Карякина, 10", "lat": 45.065011, "long": 39.006835, "population_x": 25000.0, "type": "pvz", "hex_id": 37, "poi_amenity": 16, "poi_shop": 2, "poi_office": 0, "poi_leisure": 0, "poi_tourism": 0, "population_y": 25000.0, "car_traffic": 39000.0, "foot_traffic": 58000.0, "poi_transport": 0, "attractiveness": 6.1, "coef_amenity": 74705.759733815707, "coef_shop": -807.74086450776895, "coef_office": 392.94026078147459 }, "geometry": { "type": "Point", "coordinates": [ 4342221.009657241404057, 5631761.950602745637298 ] } },
{ "type": "Feature", "properties": { "ID": 128155, "Address": "улица Карякина, 5к2", "lat": 45.066399, "long": 39.005757, "population_x": 25000.0, "type": "pvz", "hex_id": 37, "poi_amenity": 4, "poi_shop": 4, "poi_office": 0, "poi_leisure": 0, "poi_tourism": 0, "population_y": 25000.0, "car_traffic": 39000.0, "foot_traffic": 58000.0, "poi_transport": 0, "attractiveness": 2.4, "coef_amenity": 75054.170797968982, "coef_shop": -861.3689190731393, "coef_office": 381.48371497522334 }, "geometry": { "type": "Point", "coordinates": [ 4342101.007246166467667, 5631980.713810012675822 ] } },
{ "type": "Feature", "properties": { "ID": 212542, "Address": "Зиповская улица, 37", "lat": 45.06319, "long": 39.008973, "population_x": 85000.0, "type": "pvz", "hex_id": 44, "poi_amenity": 5, "poi_shop": 9, "poi_office": 0, "poi_leisure": 0, "poi_tourism": 2, "population_y": 85000.0, "car_traffic": 34000.0, "foot_traffic": 78000.0, "poi_transport": 0, "attractiveness": 4.1, "coef_amenity": 73932.088643053154, "coef_shop": -708.4830627658946, "coef_office": 446.05731637296765 }, "geometry": { "type": "Point", "coordinates": [ 4342459.010728557594121, 5631474.950156423263252 ] } },
{ "type": "Feature", "properties": { "ID": 50015344, "Address": "Московская улица, 77/2", "lat": 45.066959, "long": 39.001005, "population_x": 25000.0, "type": "pvz", "hex_id": 37, "poi_amenity": 15, "poi_shop": 5, "poi_office": 1, "poi_leisure": 1, "poi_tourism": 0, "population_y": 25000.0, "car_traffic": 39000.0, "foot_traffic": 58000.0, "poi_transport": 6, "attractiveness": 7.35, "coef_amenity": 71639.660815720927, "coef_shop": -743.29293430180633, "coef_office": 414.00365305567254 }, "geometry": { "type": "Point", "coordinates": [ 4341572.017025916837156, 5632068.977126628160477 ] } },
{ "type": "Feature", "properties": { "ID": 50008314, "Address": "Московская улица, 67", "lat": 45.063668, "long": 39.001445, "population_x": 25000.0, "type": "pvz", "hex_id": 37, "poi_amenity": 21, "poi_shop": 17, "poi_office": 0, "poi_leisure": 0, "poi_tourism": 0, "population_y": 25000.0, "car_traffic": 39000.0, "foot_traffic": 58000.0, "poi_transport": 7, "attractiveness": 12.3, "coef_amenity": 70826.693725036064, "coef_shop": -670.19346846624683, "coef_office": 441.4332252716672 }, "geometry": { "type": "Point", "coordinates": [ 4341620.997601865790784, 5631550.284918611869216 ] } },
{ "type": "Feature", "properties": { "ID": 50002618, "Address": "Зиповская улица, 16", "lat": 45.062159, "long": 39.004922, "population_x": 25000.0, "type": "pvz", "hex_id": 37, "poi_amenity": 6, "poi_shop": 8, "poi_office": 1, "poi_leisure": 0, "poi_tourism": 0, "population_y": 25000.0, "car_traffic": 39000.0, "foot_traffic": 58000.0, "poi_transport": 0, "attractiveness": 4.3, "coef_amenity": 71549.345623587331, "coef_shop": -679.98158399594797, "coef_office": 503.66370278565563 }, "geometry": { "type": "Point", "coordinates": [ 4342008.055471354164183, 5631312.462468615733087 ] } },
{ "type": "Feature", "properties": { "ID": 319831, "Address": "Зиповская улица, 20", "lat": 45.062184, "long": 39.005353, "population_x": 25000.0, "type": "pvz", "hex_id": 37, "poi_amenity": 5, "poi_shop": 4, "poi_office": 1, "poi_leisure": 1, "poi_tourism": 0, "population_y": 25000.0, "car_traffic": 39000.0, "foot_traffic": 58000.0, "poi_transport": 0, "attractiveness": 3.0, "coef_amenity": 71788.07734343686, "coef_shop": -682.26177689743565, "coef_office": 499.55718411902581 }, "geometry": { "type": "Point", "coordinates": [ 4342056.034171885810792, 5631316.402484577149153 ] } },
{ "type": "Feature", "properties": { "ID": 142678, "Address": "Московская улица, 46", "lat": 45.060707, "long": 39.002586, "population_x": 25000.0, "type": "pvz", "hex_id": 37, "poi_amenity": 6, "poi_shop": 6, "poi_office": 2, "poi_leisure": 0, "poi_tourism": 0, "population_y": 25000.0, "car_traffic": 39000.0, "foot_traffic": 58000.0, "poi_transport": 0, "attractiveness": 3.9999999999999996, "coef_amenity": 67489.190172294242, "coef_shop": -577.79782427072291, "coef_office": 621.55895156145402 }, "geometry": { "type": "Point", "coordinates": [ 4341748.013140860944986, 5631083.629297482781112 ] } },
{ "type": "Feature", "properties": { "ID": 141151, "Address": "Зиповская улица, 34к1", "lat": 45.062012, "long": 39.008461, "population_x": 85000.0, "type": "pvz", "hex_id": 44, "poi_amenity": 4, "poi_shop": 5, "poi_office": 0, "poi_leisure": 0, "poi_tourism": 2, "population_y": 85000.0, "car_traffic": 34000.0, "foot_traffic": 78000.0, "poi_transport": 0, "attractiveness": 2.75, "coef_amenity": 72466.400411736264, "coef_shop": -631.2512344236269, "coef_office": 502.63519439286108 }, "geometry": { "type": "Point", "coordinates": [ 4342402.015149271115661, 5631289.295209616422653 ] } },
{ "type": "Feature", "properties": { "ID": 307325, "Address": "Зиповская улица, 36к1", "lat": 45.062146, "long": 39.009611, "population_x": 85000.0, "type": "pvz", "hex_id": 44, "poi_amenity": 3, "poi_shop": 7, "poi_office": 0, "poi_leisure": 0, "poi_tourism": 2, "population_y": 85000.0, "car_traffic": 34000.0, "foot_traffic": 78000.0, "poi_transport": 0, "attractiveness": 2.9, "coef_amenity": 72871.718129514338, "coef_shop": -609.94829367522811, "coef_office": 492.81430544910285 }, "geometry": { "type": "Point", "coordinates": [ 4342530.032563683576882, 5631310.413660997524858 ] } },
{ "type": "Feature", "properties": { "ID": 313139, "Address": "Зиповская улица, 38", "lat": 45.062171, "long": 39.011569, "population_x": 85000.0, "type": "pvz", "hex_id": 44, "poi_amenity": 5, "poi_shop": 7, "poi_office": 0, "poi_leisure": 0, "poi_tourism": 1, "population_y": 85000.0, "car_traffic": 34000.0, "foot_traffic": 78000.0, "poi_transport": 0, "attractiveness": 3.55, "coef_amenity": 73088.625352145333, "coef_shop": -499.00867230334978, "coef_office": 499.84489550261134 }, "geometry": { "type": "Point", "coordinates": [ 4342747.996126657351851, 5631314.353676062077284 ] } },
{ "type": "Feature", "properties": { "ID": 50015132, "Address": "Зиповская улица, 42", "lat": 45.060491, "long": 39.011794, "population_x": 85000.0, "type": "pvz", "hex_id": 44, "poi_amenity": 0, "poi_shop": 1, "poi_office": 0, "poi_leisure": 0, "poi_tourism": 0, "population_y": 85000.0, "car_traffic": 34000.0, "foot_traffic": 78000.0, "poi_transport": 0, "attractiveness": 0.25, "coef_amenity": 70429.844577399461, "coef_shop": -316.97614140652473, "coef_office": 567.37211532391495 }, "geometry": { "type": "Point", "coordinates": [ 4342773.043012085370719, 5631049.588495860807598 ] } },
{ "type": "Feature", "properties": { "ID": 50015722, "Address": "Российская улица, 79/3к1", "lat": 45.060331, "long": 39.014471, "population_x": 85000.0, "type": "pvz", "hex_id": 44, "poi_amenity": 0, "poi_shop": 2, "poi_office": 0, "poi_leisure": 0, "poi_tourism": 0, "population_y": 85000.0, "car_traffic": 34000.0, "foot_traffic": 78000.0, "poi_transport": 1, "attractiveness": 0.6, "coef_amenity": 70816.827594198985, "coef_shop": -54.920196303300081, "coef_office": 342.79144802981818 }, "geometry": { "type": "Point", "coordinates": [ 4343071.045288938097656, 5631024.373170163482428 ] } },
{ "type": "Feature", "properties": { "ID": 123745, "Address": "Российская улица, 79/3к2", "lat": 45.06, "long": 39.015773, "population_x": 85000.0, "type": "pvz", "hex_id": 44, "poi_amenity": 1, "poi_shop": 2, "poi_office": 1, "poi_leisure": 0, "poi_tourism": 0, "population_y": 85000.0, "car_traffic": 34000.0, "foot_traffic": 78000.0, "poi_transport": 1, "attractiveness": 1.15, "coef_amenity": 71139.026610079411, "coef_shop": 44.381806920904999, "coef_office": 124.21088661925829 }, "geometry": { "type": "Point", "coordinates": [ 4343215.983265952207148, 5630972.209189109504223 ] } },
{ "type": "Feature", "properties": { "ID": 142678, "Address": "Московская улица, 46", "lat": 45.060707, "long": 39.002586, "population_x": 25000.0, "type": "pvz", "hex_id": 37, "poi_amenity": 6, "poi_shop": 6, "poi_office": 2, "poi_leisure": 0, "poi_tourism": 0, "population_y": 25000.0, "car_traffic": 39000.0, "foot_traffic": 58000.0, "poi_transport": 0, "attractiveness": 3.9999999999999996, "coef_amenity": 67489.190172294242, "coef_shop": -577.79782427072291, "coef_office": 621.55895156145402 }, "geometry": { "type": "Point", "coordinates": [ 4341748.013140860944986, 5631083.629297482781112 ] } },
{ "type": "Feature", "properties": { "ID": 50008314, "Address": "Московская улица, 67", "lat": 45.063668, "long": 39.001445, "population_x": 25000.0, "type": "pvz", "hex_id": 37, "poi_amenity": 21, "poi_shop": 17, "poi_office": 0, "poi_leisure": 0, "poi_tourism": 0, "population_y": 25000.0, "car_traffic": 39000.0, "foot_traffic": 58000.0, "poi_transport": 7, "attractiveness": 12.3, "coef_amenity": 70826.693725036064, "coef_shop": -670.19346846624683, "coef_office": 441.4332252716672 }, "geometry": { "type": "Point", "coordinates": [ 4341620.997601865790784, 5631550.284918611869216 ] } },
{ "type": "Feature", "properties": { "ID": 50015344, "Address": "Московская улица, 77/2", "lat": 45.066959, "long": 39.001005, "population_x": 25000.0, "type": "pvz", "hex_id": 37, "poi_amenity": 15, "poi_shop": 5, "poi_office": 1, "poi_leisure": 1, "poi_tourism": 0, "population_y": 25000.0, "car_traffic": 39000.0, "foot_traffic": 58000.0, "poi_transport": 6, "attractiveness": 7.35, "coef_amenity": 71639.660815720927, "coef_shop": -743.29293430180633, "coef_office": 414.00365305567254 }, "geometry": { "type": "Point", "coordinates": [ 4341572.017025916837156, 5632068.977126628160477 ] } },
{ "type": "Feature", "properties": { "ID": 110310, "Address": "улица имени 40-летия Победы, 33/6", "lat": 45.058167, "long": 39.007868, "population_x": 25000.0, "type": "pvz", "hex_id": 36, "poi_amenity": 1, "poi_shop": 4, "poi_office": 0, "poi_leisure": 0, "poi_tourism": 0, "population_y": 25000.0, "car_traffic": 41000.0, "foot_traffic": 52000.0, "poi_transport": 0, "attractiveness": 1.35, "coef_amenity": 65055.624248596134, "coef_shop": -477.70129512161191, "coef_office": 879.82527771746334 }, "geometry": { "type": "Point", "coordinates": [ 4342336.002691230736673, 5630683.342820919118822 ] } },
{ "type": "Feature", "properties": { "ID": 50022352, "Address": "улица имени 40-летия Победы, 33/8", "lat": 45.057619, "long": 39.009593, "population_x": 25000.0, "type": "pvz", "hex_id": 36, "poi_amenity": 0, "poi_shop": 3, "poi_office": 0, "poi_leisure": 0, "poi_tourism": 0, "population_y": 25000.0, "car_traffic": 41000.0, "foot_traffic": 52000.0, "poi_transport": 0, "attractiveness": 0.75, "coef_amenity": 64125.996272023323, "coef_shop": -393.76020353277829, "coef_office": 907.93680231562109 }, "geometry": { "type": "Point", "coordinates": [ 4342528.028812849894166, 5630596.98413357231766 ] } },
{ "type": "Feature", "properties": { "ID": 218499, "Address": "улица имени 40-летия Победы, 60", "lat": 45.05499, "long": 39.009476, "population_x": 25000.0, "type": "pvz", "hex_id": 36, "poi_amenity": 2, "poi_shop": 3, "poi_office": 1, "poi_leisure": 0, "poi_tourism": 0, "population_y": 25000.0, "car_traffic": 41000.0, "foot_traffic": 52000.0, "poi_transport": 2, "attractiveness": 1.85, "coef_amenity": 58081.646823780749, "coef_shop": -257.99619566621828, "coef_office": 1102.845733160852 }, "geometry": { "type": "Point", "coordinates": [ 4342515.004432425834239, 5630182.694567654281855 ] } },
{ "type": "Feature", "properties": { "ID": 50012770, "Address": "улица имени 40-летия Победы, 18", "lat": 45.054646, "long": 39.000735, "population_x": 25000.0, "type": "pvz", "hex_id": 36, "poi_amenity": 9, "poi_shop": 0, "poi_office": 1, "poi_leisure": 0, "poi_tourism": 0, "population_y": 25000.0, "car_traffic": 41000.0, "foot_traffic": 52000.0, "poi_transport": 8, "attractiveness": 4.15, "coef_amenity": 54520.259156058557, "coef_shop": -172.3473774993864, "coef_office": 809.1753265754619 }, "geometry": { "type": "Point", "coordinates": [ 4341541.960763402283192, 5630128.486919865943491 ] } },
{ "type": "Feature", "properties": { "ID": 50022393, "Address": "Московская улица, 28", "lat": 45.05371, "long": 39.003044, "population_x": 25000.0, "type": "pvz", "hex_id": 36, "poi_amenity": 10, "poi_shop": 5, "poi_office": 1, "poi_leisure": 0, "poi_tourism": 0, "population_y": 25000.0, "car_traffic": 41000.0, "foot_traffic": 52000.0, "poi_transport": 6, "attractiveness": 5.55, "coef_amenity": 54862.754009851502, "coef_shop": -181.90826917754768, "coef_office": 940.14992621272768 }, "geometry": { "type": "Point", "coordinates": [ 4341798.997467644512653, 5629980.993342821486294 ] } },
{ "type": "Feature", "properties": { "ID": 50014197, "Address": "Армавирский проезд, 19", "lat": 45.05164, "long": 39.007976, "population_x": 25000.0, "type": "pvz", "hex_id": 36, "poi_amenity": 0, "poi_shop": 0, "poi_office": 0, "poi_leisure": 0, "poi_tourism": 0, "population_y": 25000.0, "car_traffic": 41000.0, "foot_traffic": 52000.0, "poi_transport": 4, "attractiveness": 0.4, "coef_amenity": 52515.752060760402, "coef_shop": 153.22503427248793, "coef_office": 893.87446354003657 }, "geometry": { "type": "Point", "coordinates": [ 4342348.025196236558259, 5629654.814196828752756 ] } },
{ "type": "Feature", "properties": { "ID": 168833, "Address": "улица Красных Зорь, 27", "lat": 45.050571, "long": 39.006673, "population_x": 25000.0, "type": "pvz", "hex_id": 36, "poi_amenity": 0, "poi_shop": 1, "poi_office": 1, "poi_leisure": 0, "poi_tourism": 0, "population_y": 25000.0, "car_traffic": 41000.0, "foot_traffic": 52000.0, "poi_transport": 4, "attractiveness": 0.85, "coef_amenity": 51453.89315028322, "coef_shop": 275.48910544077154, "coef_office": 729.71916140785231 }, "geometry": { "type": "Point", "coordinates": [ 4342202.975899732671678, 5629486.371714549139142 ] } },
{ "type": "Feature", "properties": { "ID": 50007861, "Address": "улица Чернышевского, 36", "lat": 45.045565, "long": 39.00979, "population_x": 25000.0, "type": "pvz", "hex_id": 36, "poi_amenity": 1, "poi_shop": 2, "poi_office": 0, "poi_leisure": 0, "poi_tourism": 1, "population_y": 25000.0, "car_traffic": 41000.0, "foot_traffic": 52000.0, "poi_transport": 4, "attractiveness": 1.3, "coef_amenity": 51036.138218300192, "coef_shop": 924.8451028700249, "coef_office": -451.77790017100284 }, "geometry": { "type": "Point", "coordinates": [ 4342549.958752535283566, 5628697.617469592951238 ] } },
{ "type": "Feature", "properties": { "ID": 50001931, "Address": "Первомайская улица, 44", "lat": 45.046788, "long": 39.015495, "population_x": 25000.0, "type": "pvz", "hex_id": 36, "poi_amenity": 1, "poi_shop": 2, "poi_office": 0, "poi_leisure": 0, "poi_tourism": 0, "population_y": 25000.0, "car_traffic": 41000.0, "foot_traffic": 52000.0, "poi_transport": 0, "attractiveness": 0.85, "coef_amenity": 49121.572116897863, "coef_shop": 1458.062626667353, "coef_office": -654.14091158366318 }, "geometry": { "type": "Point", "coordinates": [ 4343185.036447511054575, 5628890.309148185886443 ] } },
{ "type": "Feature", "properties": { "ID": 314956, "Address": "Весенняя улица, 22", "lat": 45.050908, "long": 39.023058, "population_x": 25000.0, "type": "pvz", "hex_id": 43, "poi_amenity": 2, "poi_shop": 3, "poi_office": 0, "poi_leisure": 0, "poi_tourism": 0, "population_y": 25000.0, "car_traffic": 42000.0, "foot_traffic": 41000.0, "poi_transport": 0, "attractiveness": 1.45, "coef_amenity": 43932.731253257967, "coef_shop": 727.04020020867335, "coef_office": 403.95353743421509 }, "geometry": { "type": "Point", "coordinates": [ 4344026.945756380446255, 5629539.472512745298445 ] } },
{ "type": "Feature", "properties": { "ID": 141272, "Address": "Российская улица, 72/2", "lat": 45.05215, "long": 39.01995, "population_x": 25000.0, "type": "pvz", "hex_id": 43, "poi_amenity": 6, "poi_shop": 5, "poi_office": 0, "poi_leisure": 0, "poi_tourism": 0, "population_y": 25000.0, "car_traffic": 42000.0, "foot_traffic": 41000.0, "poi_transport": 1, "attractiveness": 3.45, "coef_amenity": 48461.190136018457, "coef_shop": 1257.4390510077117, "coef_office": -51.53131237621443 }, "geometry": { "type": "Point", "coordinates": [ 4343680.964778995141387, 5629735.176078795455396 ] } },
{ "type": "Feature", "properties": { "ID": 215578, "Address": "Российская улица, 72/1к1", "lat": 45.052716, "long": 39.017956, "population_x": 25000.0, "type": "pvz", "hex_id": 36, "poi_amenity": 7, "poi_shop": 13, "poi_office": 0, "poi_leisure": 0, "poi_tourism": 0, "population_y": 25000.0, "car_traffic": 41000.0, "foot_traffic": 52000.0, "poi_transport": 2, "attractiveness": 5.9, "coef_amenity": 52536.074235677304, "coef_shop": 1262.3985691800119, "coef_office": -270.14695173281206 }, "geometry": { "type": "Point", "coordinates": [ 4343458.993714353069663, 5629824.362849525175989 ] } },
{ "type": "Feature", "properties": { "ID": 50035925, "Address": "Российская улица, 63", "lat": 45.053277, "long": 39.016968, "population_x": 25000.0, "type": "pvz", "hex_id": 36, "poi_amenity": 10, "poi_shop": 11, "poi_office": 0, "poi_leisure": 0, "poi_tourism": 0, "population_y": 25000.0, "car_traffic": 41000.0, "foot_traffic": 52000.0, "poi_transport": 3, "attractiveness": 6.55, "coef_amenity": 54998.287621900236, "coef_shop": 1088.1537309103794, "coef_office": -247.13504802609515 }, "geometry": { "type": "Point", "coordinates": [ 4343349.01005744934082, 5629912.762622254900634 ] } },
{ "type": "Feature", "properties": { "ID": 320015, "Address": "улица Достоевского, 84", "lat": 45.053194, "long": 39.015854, "population_x": 25000.0, "type": "pvz", "hex_id": 36, "poi_amenity": 6, "poi_shop": 4, "poi_office": 0, "poi_leisure": 0, "poi_tourism": 0, "population_y": 25000.0, "car_traffic": 41000.0, "foot_traffic": 52000.0, "poi_transport": 6, "attractiveness": 3.7, "coef_amenity": 54699.728980099622, "coef_shop": 940.51878185759119, "coef_office": -38.251002977808213 }, "geometry": { "type": "Point", "coordinates": [ 4343225.000144705176353, 5629899.683813342824578 ] } },
{ "type": "Feature", "properties": { "ID": 140070, "Address": "Российская улица, 74к2", "lat": 45.054633, "long": 39.018845, "population_x": 85000.0, "type": "pvz", "hex_id": 44, "poi_amenity": 11, "poi_shop": 13, "poi_office": 0, "poi_leisure": 0, "poi_tourism": 0, "population_y": 85000.0, "car_traffic": 34000.0, "foot_traffic": 78000.0, "poi_transport": 4, "attractiveness": 7.5, "coef_amenity": 58953.947053561089, "coef_shop": 1063.9093667956481, "coef_office": -494.35024250608319 }, "geometry": { "type": "Point", "coordinates": [ 4343557.956741668283939, 5630126.438381431624293 ] } },
{ "type": "Feature", "properties": { "ID": 996, "Address": "улица имени 40-летия Победы, 144Б", "lat": 45.055314, "long": 39.018459, "population_x": 85000.0, "type": "pvz", "hex_id": 44, "poi_amenity": 16, "poi_shop": 13, "poi_office": 0, "poi_leisure": 0, "poi_tourism": 0, "population_y": 85000.0, "car_traffic": 34000.0, "foot_traffic": 78000.0, "poi_transport": 4, "attractiveness": 9.25, "coef_amenity": 61474.333477899432, "coef_shop": 978.13831650717361, "coef_office": -555.78897584797096 }, "geometry": { "type": "Point", "coordinates": [ 4343514.987418222241104, 5630233.750906214118004 ] } },
{ "type": "Feature", "properties": { "ID": 50006347, "Address": "улица имени 40-летия Победы, 63", "lat": 45.056308, "long": 39.018055, "population_x": 85000.0, "type": "pvz", "hex_id": 44, "poi_amenity": 12, "poi_shop": 8, "poi_office": 0, "poi_leisure": 0, "poi_tourism": 0, "population_y": 85000.0, "car_traffic": 34000.0, "foot_traffic": 78000.0, "poi_transport": 6, "attractiveness": 6.8, "coef_amenity": 64565.552992733603, "coef_shop": 837.08632949888522, "coef_office": -576.60638554311595 }, "geometry": { "type": "Point", "coordinates": [ 4343470.014343941584229, 5630390.388515399768949 ] } },
{ "type": "Feature", "properties": { "ID": 308958, "Address": "улица 1 Мая, 101", "lat": 45.057339, "long": 39.022277, "population_x": 85000.0, "type": "pvz", "hex_id": 44, "poi_amenity": 1, "poi_shop": 7, "poi_office": 1, "poi_leisure": 1, "poi_tourism": 0, "population_y": 85000.0, "car_traffic": 34000.0, "foot_traffic": 78000.0, "poi_transport": 5, "attractiveness": 2.85, "coef_amenity": 72433.924841032756, "coef_shop": 814.57468449733585, "coef_office": -1306.056378863296 }, "geometry": { "type": "Point", "coordinates": [ 4343940.005234071053565, 5630552.859576299786568 ] } },
{ "type": "Feature", "properties": { "ID": 125077, "Address": "Урюковая улица, 12", "lat": 45.028687, "long": 38.946432, "population_x": 12000.0, "type": "pvz", "hex_id": 20, "poi_amenity": 0, "poi_shop": 0, "poi_office": 0, "poi_leisure": 0, "poi_tourism": 0, "population_y": 12000.0, "car_traffic": 35000.0, "foot_traffic": 35000.0, "poi_transport": 0, "attractiveness": 0.05, "coef_amenity": 35164.394493770655, "coef_shop": 143.65659885933354, "coef_office": 410.61960169486173 }, "geometry": { "type": "Point", "coordinates": [ 4335496.978454855270684, 5626038.79837645124644 ] } },
{ "type": "Feature", "properties": { "ID": 50012899, "Address": "улица Тургеневское шоссе, 2", "lat": 45.027139, "long": 38.945866, "population_x": 12000.0, "type": "pvz", "hex_id": 20, "poi_amenity": 0, "poi_shop": 0, "poi_office": 0, "poi_leisure": 0, "poi_tourism": 0, "population_y": 12000.0, "car_traffic": 35000.0, "foot_traffic": 35000.0, "poi_transport": 0, "attractiveness": 0.05, "coef_amenity": 35466.328906635135, "coef_shop": 237.63126674640321, "coef_office": 527.44486276811404 }, "geometry": { "type": "Point", "coordinates": [ 4335433.971623066812754, 5625794.978646858595312 ] } },
{ "type": "Feature", "properties": { "ID": 50005687, "Address": "Красная улица, 1/1", "lat": 45.029464, "long": 38.941833, "population_x": 12000.0, "type": "pvz", "hex_id": 20, "poi_amenity": 0, "poi_shop": 0, "poi_office": 0, "poi_leisure": 0, "poi_tourism": 0, "population_y": 12000.0, "car_traffic": 35000.0, "foot_traffic": 35000.0, "poi_transport": 0, "attractiveness": 0.05, "coef_amenity": 34581.875092230584, "coef_shop": 38.149143429883317, "coef_office": -507.58354434877327 }, "geometry": { "type": "Point", "coordinates": [ 4334985.020116697065532, 5626161.183245662599802 ] } },
{ "type": "Feature", "properties": { "ID": 50027530, "Address": "Красная улица, 31", "lat": 45.022972, "long": 38.969204, "population_x": 20000.0, "type": "pvz", "hex_id": 19, "poi_amenity": 32, "poi_shop": 5, "poi_office": 2, "poi_leisure": 0, "poi_tourism": 1, "population_y": 20000.0, "car_traffic": 29000.0, "foot_traffic": 46000.0, "poi_transport": 0, "attractiveness": 12.9, "coef_amenity": 53919.079271110488, "coef_shop": -91.453521411184369, "coef_office": 1127.5361871767607 }, "geometry": { "type": "Point", "coordinates": [ 4338031.945899199694395, 5625138.682718172669411 ] } },
{ "type": "Feature", "properties": { "ID": 50022727, "Address": "Бжегокайская улица, 88/1", "lat": 45.01627, "long": 38.913087, "population_x": 15000.0, "type": "pvz", "hex_id": 4, "poi_amenity": 0, "poi_shop": 0, "poi_office": 0, "poi_leisure": 0, "poi_tourism": 0, "population_y": 15000.0, "car_traffic": 3800.0, "foot_traffic": 11000.0, "poi_transport": 0, "attractiveness": 0.05, "coef_amenity": 20453.22818941918, "coef_shop": -85.018104353773069, "coef_office": -55.404400142709356 }, "geometry": { "type": "Point", "coordinates": [ 4331785.030034353025258, 5624083.228478639386594 ] } },
{ "type": "Feature", "properties": { "ID": 50000939, "Address": "Абрикосовая улица, 111", "lat": 45.024565, "long": 38.947052, "population_x": 12000.0, "type": "pvz", "hex_id": 20, "poi_amenity": 0, "poi_shop": 0, "poi_office": 0, "poi_leisure": 0, "poi_tourism": 0, "population_y": 12000.0, "car_traffic": 35000.0, "foot_traffic": 35000.0, "poi_transport": 0, "attractiveness": 0.05, "coef_amenity": 36473.124477958743, "coef_shop": 209.63552709683117, "coef_office": 1124.3576678527725 }, "geometry": { "type": "Point", "coordinates": [ 4335565.996539146639407, 5625389.57206544559449 ] } },
{ "type": "Feature", "properties": { "ID": 210964, "Address": "Адмиралтейский бульвар, 3", "lat": 45.09334, "long": 39.036875, "population_x": 26000.0, "type": "pvz", "hex_id": 54, "poi_amenity": 2, "poi_shop": 4, "poi_office": 0, "poi_leisure": 0, "poi_tourism": 0, "population_y": 26000.0, "car_traffic": 13000.0, "foot_traffic": 15000.0, "poi_transport": 0, "attractiveness": 1.7, "coef_amenity": 23742.600082338729, "coef_shop": -569.44408947695797, "coef_office": -140.0725146693795 }, "geometry": { "type": "Point", "coordinates": [ 4345565.047160672023892, 5636227.947701558470726 ] } },
{ "type": "Feature", "properties": { "ID": 50027540, "Address": "улица Мира, 7", "lat": 45.022214, "long": 38.961138, "population_x": 20000.0, "type": "pvz", "hex_id": 19, "poi_amenity": 7, "poi_shop": 12, "poi_office": 2, "poi_leisure": 1, "poi_tourism": 0, "population_y": 20000.0, "car_traffic": 29000.0, "foot_traffic": 46000.0, "poi_transport": 2, "attractiveness": 6.1, "coef_amenity": 43202.450529131071, "coef_shop": -83.292357474691528, "coef_office": 1425.9191204688352 }, "geometry": { "type": "Point", "coordinates": [ 4337134.042886460199952, 5625019.304048730060458 ] } },
{ "type": "Feature", "properties": { "ID": 308070, "Address": "улица Ленина, 33", "lat": 45.024705, "long": 38.965728, "population_x": 20000.0, "type": "pvz", "hex_id": 19, "poi_amenity": 3, "poi_shop": 3, "poi_office": 1, "poi_leisure": 0, "poi_tourism": 0, "population_y": 20000.0, "car_traffic": 29000.0, "foot_traffic": 46000.0, "poi_transport": 2, "attractiveness": 2.2, "coef_amenity": 51080.829586566411, "coef_shop": -57.225225394846575, "coef_office": 1220.0461234143634 }, "geometry": { "type": "Point", "coordinates": [ 4337644.999349202029407, 5625411.621682686731219 ] } },
{ "type": "Feature", "properties": { "ID": 132495, "Address": "улица 70-летия Октября, 1/2", "lat": 45.026285, "long": 38.903861, "population_x": 15000.0, "type": "pvz", "hex_id": 4, "poi_amenity": 3, "poi_shop": 4, "poi_office": 0, "poi_leisure": 0, "poi_tourism": 0, "population_y": 15000.0, "car_traffic": 3800.0, "foot_traffic": 11000.0, "poi_transport": 6, "attractiveness": 2.65, "coef_amenity": 19294.795790330249, "coef_shop": -127.18261541470018, "coef_office": 55.865795327164022 }, "geometry": { "type": "Point", "coordinates": [ 4330757.996412293985486, 5625660.471101435832679 ] } },
{ "type": "Feature", "properties": { "ID": 103449, "Address": "проспект Чекистов, 1", "lat": 45.027483, "long": 38.903349, "population_x": 15000.0, "type": "pvz", "hex_id": 4, "poi_amenity": 4, "poi_shop": 1, "poi_office": 0, "poi_leisure": 0, "poi_tourism": 0, "population_y": 15000.0, "car_traffic": 3800.0, "foot_traffic": 11000.0, "poi_transport": 1, "attractiveness": 1.75, "coef_amenity": 19269.126432738838, "coef_shop": -135.21541218721921, "coef_office": 62.63850774733028 }, "geometry": { "type": "Point", "coordinates": [ 4330701.000833008438349, 5625849.160239153541625 ] } },
{ "type": "Feature", "properties": { "ID": 204296, "Address": "проспект Чекистов, 8/4", "lat": 45.026973, "long": 38.908487, "population_x": 15000.0, "type": "pvz", "hex_id": 4, "poi_amenity": 2, "poi_shop": 3, "poi_office": 0, "poi_leisure": 0, "poi_tourism": 0, "population_y": 15000.0, "car_traffic": 3800.0, "foot_traffic": 11000.0, "poi_transport": 3, "attractiveness": 1.75, "coef_amenity": 20120.914115333588, "coef_shop": -134.42205968127107, "coef_office": 25.877805131436553 }, "geometry": { "type": "Point", "coordinates": [ 4331272.960376704111695, 5625768.832994958385825 ] } },
{ "type": "Feature", "properties": { "ID": 325074, "Address": "улица 70-летия Октября, 10", "lat": 45.029967, "long": 38.9044, "population_x": 15000.0, "type": "pvz", "hex_id": 4, "poi_amenity": 5, "poi_shop": 2, "poi_office": 0, "poi_leisure": 0, "poi_tourism": 0, "population_y": 15000.0, "car_traffic": 3800.0, "foot_traffic": 11000.0, "poi_transport": 1, "attractiveness": 2.35, "coef_amenity": 19748.628145311053, "coef_shop": -161.07026466611183, "coef_office": 59.695236060389206 }, "geometry": { "type": "Point", "coordinates": [ 4330817.997617832385004, 5626240.411402099765837 ] } },
{ "type": "Feature", "properties": { "ID": 50001677, "Address": "проспект Чекистов, 12/1", "lat": 45.028495, "long": 38.908676, "population_x": 15000.0, "type": "pvz", "hex_id": 4, "poi_amenity": 8, "poi_shop": 8, "poi_office": 1, "poi_leisure": 0, "poi_tourism": 0, "population_y": 15000.0, "car_traffic": 3800.0, "foot_traffic": 11000.0, "poi_transport": 5, "attractiveness": 5.5, "coef_amenity": 20273.612263772677, "coef_shop": -142.29205801129504, "coef_office": 27.50468259650383 }, "geometry": { "type": "Point", "coordinates": [ 4331293.999760464765131, 5626008.556811475194991 ] } },
{ "type": "Feature", "properties": { "ID": 50035379, "Address": "проспект Чекистов, 22", "lat": 45.028566, "long": 38.912161, "population_x": 15000.0, "type": "pvz", "hex_id": 4, "poi_amenity": 5, "poi_shop": 18, "poi_office": 0, "poi_leisure": 0, "poi_tourism": 0, "population_y": 15000.0, "car_traffic": 3800.0, "foot_traffic": 11000.0, "poi_transport": 0, "attractiveness": 6.25, "coef_amenity": 21191.823687530716, "coef_shop": -155.55735767975662, "coef_office": -7.0340295832112965 }, "geometry": { "type": "Point", "coordinates": [ 4331681.948185878805816, 5626019.739878369495273 ] } },
{ "type": "Feature", "properties": { "ID": 151795, "Address": "проспект Чекистов, 24/1", "lat": 45.029222, "long": 38.91332, "population_x": 15000.0, "type": "pvz", "hex_id": 4, "poi_amenity": 10, "poi_shop": 18, "poi_office": 0, "poi_leisure": 0, "poi_tourism": 0, "population_y": 15000.0, "car_traffic": 3800.0, "foot_traffic": 11000.0, "poi_transport": 5, "attractiveness": 8.5, "coef_amenity": 21473.088938923163, "coef_shop": -155.54235300866128, "coef_office": -17.504626041993738 }, "geometry": { "type": "Point", "coordinates": [ 4331810.967475708574057, 5626123.065772349946201 ] } },
{ "type": "Feature", "properties": { "ID": 115485, "Address": "проспект Чекистов, 26", "lat": 45.029929, "long": 38.914991, "population_x": 31000.0, "type": "pvz", "hex_id": 12, "poi_amenity": 6, "poi_shop": 4, "poi_office": 0, "poi_leisure": 0, "poi_tourism": 0, "population_y": 31000.0, "car_traffic": 15000.0, "foot_traffic": 25000.0, "poi_transport": 3, "attractiveness": 3.4, "coef_amenity": 21823.927961717589, "coef_shop": -148.54301865335435, "coef_office": -33.958113553398249 }, "geometry": { "type": "Point", "coordinates": [ 4331996.982344823889434, 5626234.425950461998582 ] } },
{ "type": "Feature", "properties": { "ID": 50007186, "Address": "проспект Чекистов, 34", "lat": 45.031394, "long": 38.916114, "population_x": 31000.0, "type": "pvz", "hex_id": 12, "poi_amenity": 18, "poi_shop": 11, "poi_office": 0, "poi_leisure": 0, "poi_tourism": 0, "population_y": 31000.0, "car_traffic": 15000.0, "foot_traffic": 25000.0, "poi_transport": 6, "attractiveness": 9.65, "coef_amenity": 22298.223174375242, "coef_shop": -148.95866475941102, "coef_office": -49.00821759651194 }, "geometry": { "type": "Point", "coordinates": [ 4332121.994132984429598, 5626465.183738967403769 ] } },
{ "type": "Feature", "properties": { "ID": 320938, "Address": "проспект Чекистов, 19", "lat": 45.031872, "long": 38.912871, "population_x": 31000.0, "type": "pvz", "hex_id": 12, "poi_amenity": 15, "poi_shop": 30, "poi_office": 1, "poi_leisure": 0, "poi_tourism": 0, "population_y": 31000.0, "car_traffic": 15000.0, "foot_traffic": 25000.0, "poi_transport": 5, "attractiveness": 13.45, "coef_amenity": 21490.01980355956, "coef_shop": -157.47040551026166, "coef_office": -6.8382747714810241 }, "geometry": { "type": "Point", "coordinates": [ 4331760.985024342313409, 5626540.476636730134487 ] } },
{ "type": "Feature", "properties": { "ID": 142984, "Address": "проспект Чекистов, 25/1", "lat": 45.032821, "long": 38.915925, "population_x": 31000.0, "type": "pvz", "hex_id": 12, "poi_amenity": 4, "poi_shop": 9, "poi_office": 0, "poi_leisure": 0, "poi_tourism": 0, "population_y": 31000.0, "car_traffic": 15000.0, "foot_traffic": 25000.0, "poi_transport": 6, "attractiveness": 4.25, "coef_amenity": 22425.566707730697, "coef_shop": -151.74483078374845, "coef_office": -46.608520593255264 }, "geometry": { "type": "Point", "coordinates": [ 4332100.954749224707484, 5626689.96168019156903 ] } },
{ "type": "Feature", "properties": { "ID": 327421, "Address": "Платановый бульвар, 8", "lat": 45.032222, "long": 38.909269, "population_x": 15000.0, "type": "pvz", "hex_id": 4, "poi_amenity": 6, "poi_shop": 4, "poi_office": 0, "poi_leisure": 1, "poi_tourism": 0, "population_y": 15000.0, "car_traffic": 3800.0, "foot_traffic": 11000.0, "poi_transport": 0, "attractiveness": 3.15, "coef_amenity": 20860.489877262047, "coef_shop": -170.27071852614174, "coef_office": 25.212711489099767 }, "geometry": { "type": "Point", "coordinates": [ 4331360.012218505144119, 5626595.607818409800529 ] } },
{ "type": "Feature", "properties": { "ID": 161945, "Address": "улица Бульварное Кольцо, 7", "lat": 45.03491, "long": 38.908173, "population_x": 31000.0, "type": "pvz", "hex_id": 12, "poi_amenity": 0, "poi_shop": 1, "poi_office": 1, "poi_leisure": 0, "poi_tourism": 0, "population_y": 31000.0, "car_traffic": 15000.0, "foot_traffic": 25000.0, "poi_transport": 2, "attractiveness": 0.65, "coef_amenity": 21226.64095031541, "coef_shop": -201.14532898018541, "coef_office": 24.521243406498396 }, "geometry": { "type": "Point", "coordinates": [ 4331238.006056595593691, 5627019.026532026939094 ] } },
{ "type": "Feature", "properties": { "ID": 211389, "Address": "проспект Чекистов, 38", "lat": 45.032419, "long": 38.918701, "population_x": 31000.0, "type": "pvz", "hex_id": 12, "poi_amenity": 11, "poi_shop": 14, "poi_office": 0, "poi_leisure": 0, "poi_tourism": 0, "population_y": 31000.0, "car_traffic": 15000.0, "foot_traffic": 25000.0, "poi_transport": 8, "attractiveness": 8.15, "coef_amenity": 23114.062021589358, "coef_shop": -126.07006952006384, "coef_office": -91.418133739513792 }, "geometry": { "type": "Point", "coordinates": [ 4332409.97765566688031, 5626626.638946102932096 ] } },
{ "type": "Feature", "properties": { "ID": 151142, "Address": "Рождественская набережная, 45/1", "lat": 45.03191, "long": 38.921216, "population_x": 31000.0, "type": "pvz", "hex_id": 12, "poi_amenity": 2, "poi_shop": 5, "poi_office": 0, "poi_leisure": 0, "poi_tourism": 0, "population_y": 31000.0, "car_traffic": 15000.0, "foot_traffic": 25000.0, "poi_transport": 1, "attractiveness": 2.05, "coef_amenity": 23798.455895592109, "coef_shop": -82.93609127907483, "coef_office": -146.30129854786912 }, "geometry": { "type": "Point", "coordinates": [ 4332689.94617501180619, 5626546.462291568517685 ] } },
{ "type": "Feature", "properties": { "ID": 171326, "Address": "улица Думенко, 2", "lat": 45.035534, "long": 38.919402, "population_x": 31000.0, "type": "pvz", "hex_id": 12, "poi_amenity": 2, "poi_shop": 5, "poi_office": 0, "poi_leisure": 0, "poi_tourism": 0, "population_y": 31000.0, "car_traffic": 15000.0, "foot_traffic": 25000.0, "poi_transport": 3, "attractiveness": 2.25, "coef_amenity": 24170.463560481334, "coef_shop": -132.15542232871852, "coef_office": -120.3987957995318 }, "geometry": { "type": "Point", "coordinates": [ 4332488.012618713080883, 5627117.323006346821785 ] } },
{ "type": "Feature", "properties": { "ID": 321023, "Address": "улица Думенко, 12/1", "lat": 45.035706, "long": 38.914362, "population_x": 31000.0, "type": "pvz", "hex_id": 12, "poi_amenity": 0, "poi_shop": 1, "poi_office": 0, "poi_leisure": 1, "poi_tourism": 0, "population_y": 31000.0, "car_traffic": 15000.0, "foot_traffic": 25000.0, "poi_transport": 0, "attractiveness": 0.3, "coef_amenity": 22771.83858982821, "coef_shop": -179.2829210115637, "coef_office": -41.829760610808492 }, "geometry": { "type": "Point", "coordinates": [ 4331926.96238511428237, 5627144.417735790833831 ] } },
{ "type": "Feature", "properties": { "ID": 50000340, "Address": "улица Думенко, 27/1", "lat": 45.036802, "long": 38.915943, "population_x": 31000.0, "type": "pvz", "hex_id": 12, "poi_amenity": 4, "poi_shop": 5, "poi_office": 0, "poi_leisure": 0, "poi_tourism": 0, "population_y": 31000.0, "car_traffic": 15000.0, "foot_traffic": 25000.0, "poi_transport": 0, "attractiveness": 2.65, "coef_amenity": 23501.480535429488, "coef_shop": -172.83576620668597, "coef_office": -73.637171616831537 }, "geometry": { "type": "Point", "coordinates": [ 4332102.9585000583902, 5627317.069785091094673 ] } },
{ "type": "Feature", "properties": { "ID": 50006677, "Address": "улица 70-летия Октября, 15", "lat": 45.038477, "long": 38.910302, "population_x": 31000.0, "type": "pvz", "hex_id": 12, "poi_amenity": 6, "poi_shop": 9, "poi_office": 0, "poi_leisure": 0, "poi_tourism": 0, "population_y": 31000.0, "car_traffic": 15000.0, "foot_traffic": 25000.0, "poi_transport": 2, "attractiveness": 4.55, "coef_amenity": 22155.803125741164, "coef_shop": -215.2759320494541, "coef_office": 4.9388798408727776 }, "geometry": { "type": "Point", "coordinates": [ 4331475.005252494476736, 5627580.937654449604452 ] } },
{ "type": "Feature", "properties": { "ID": 50022893, "Address": "бульвар Клары Лучко, 10", "lat": 45.039929, "long": 38.911865, "population_x": 31000.0, "type": "pvz", "hex_id": 12, "poi_amenity": 3, "poi_shop": 5, "poi_office": 1, "poi_leisure": 0, "poi_tourism": 0, "population_y": 31000.0, "car_traffic": 15000.0, "foot_traffic": 25000.0, "poi_transport": 1, "attractiveness": 2.6, "coef_amenity": 22827.420219125746, "coef_shop": -199.33182805564189, "coef_office": -18.778038559856256 }, "geometry": { "type": "Point", "coordinates": [ 4331648.997616603970528, 5627809.681902556680143 ] } },
{ "type": "Feature", "properties": { "ID": 171008, "Address": "улица Генерала Шифрина, 1", "lat": 45.039247, "long": 38.913383, "population_x": 31000.0, "type": "pvz", "hex_id": 12, "poi_amenity": 3, "poi_shop": 3, "poi_office": 1, "poi_leisure": 0, "poi_tourism": 0, "population_y": 31000.0, "car_traffic": 15000.0, "foot_traffic": 25000.0, "poi_transport": 1, "attractiveness": 2.1, "coef_amenity": 23147.324356872847, "coef_shop": -180.86286429524486, "coef_office": -43.736999063193188 }, "geometry": { "type": "Point", "coordinates": [ 4331817.980603628791869, 5627702.240699447691441 ] } },
{ "type": "Feature", "properties": { "ID": 132438, "Address": "улица Генерала Шифрина, 5", "lat": 45.041833, "long": 38.9127, "population_x": 31000.0, "type": "pvz", "hex_id": 12, "poi_amenity": 1, "poi_shop": 4, "poi_office": 1, "poi_leisure": 0, "poi_tourism": 0, "population_y": 31000.0, "car_traffic": 15000.0, "foot_traffic": 25000.0, "poi_transport": 0, "attractiveness": 1.55, "coef_amenity": 23368.001813060851, "coef_shop": -157.36197745006541, "coef_office": -47.180205902430195 }, "geometry": { "type": "Point", "coordinates": [ 4331741.949391416274011, 5628109.641834803856909 ] } },
{ "type": "Feature", "properties": { "ID": 312745, "Address": "улица имени Калинина, 13к60", "lat": 45.041018, "long": 38.91633, "population_x": 31000.0, "type": "pvz", "hex_id": 12, "poi_amenity": 2, "poi_shop": 4, "poi_office": 0, "poi_leisure": 0, "poi_tourism": 0, "population_y": 31000.0, "car_traffic": 15000.0, "foot_traffic": 25000.0, "poi_transport": 0, "attractiveness": 1.7, "coef_amenity": 24378.136545291756, "coef_shop": -113.77552864232327, "coef_office": -112.7025157264579 }, "geometry": { "type": "Point", "coordinates": [ 4332146.039142996072769, 5627981.243898169137537 ] } },
{ "type": "Feature", "properties": { "ID": 171038, "Address": "улица имени Калинина, 13к58", "lat": 45.041426, "long": 38.918108, "population_x": 31000.0, "type": "pvz", "hex_id": 12, "poi_amenity": 0, "poi_shop": 8, "poi_office": 0, "poi_leisure": 0, "poi_tourism": 0, "population_y": 31000.0, "car_traffic": 15000.0, "foot_traffic": 25000.0, "poi_transport": 0, "attractiveness": 2.0, "coef_amenity": 25067.488249889975, "coef_shop": -70.486406862311526, "coef_office": -159.76763882878254 }, "geometry": { "type": "Point", "coordinates": [ 4332343.965197625569999, 5628045.521409597247839 ] } },
{ "type": "Feature", "properties": { "ID": 313125, "Address": "проспект Чекистов, 39", "lat": 45.036426, "long": 38.923354, "population_x": 31000.0, "type": "pvz", "hex_id": 12, "poi_amenity": 0, "poi_shop": 4, "poi_office": 0, "poi_leisure": 0, "poi_tourism": 0, "population_y": 31000.0, "car_traffic": 15000.0, "foot_traffic": 25000.0, "poi_transport": 3, "attractiveness": 1.3, "coef_amenity": 25785.080528095008, "coef_shop": -41.210195681893467, "coef_office": -223.54735969285014 }, "geometry": { "type": "Point", "coordinates": [ 4332927.947246327996254, 5627257.838417443446815 ] } },
{ "type": "Feature", "properties": { "ID": 210928, "Address": "Минская улица, 57/1", "lat": 45.036923, "long": 38.926606, "population_x": 31000.0, "type": "pvz", "hex_id": 12, "poi_amenity": 1, "poi_shop": 2, "poi_office": 0, "poi_leisure": 0, "poi_tourism": 0, "population_y": 31000.0, "car_traffic": 15000.0, "foot_traffic": 25000.0, "poi_transport": 7, "attractiveness": 1.55, "coef_amenity": 27300.914234387561, "coef_shop": -0.060956938032436785, "coef_office": -310.72601642535039 }, "geometry": { "type": "Point", "coordinates": [ 4333289.958230387419462, 5627336.131026075221598 ] } },
{ "type": "Feature", "properties": { "ID": 5297, "Address": "Минская улица, 118/2", "lat": 45.037031, "long": 38.92958, "population_x": 31000.0, "type": "pvz", "hex_id": 12, "poi_amenity": 0, "poi_shop": 0, "poi_office": 0, "poi_leisure": 0, "poi_tourism": 0, "population_y": 31000.0, "car_traffic": 15000.0, "foot_traffic": 25000.0, "poi_transport": 4, "attractiveness": 0.4, "coef_amenity": 28644.937574118238, "coef_shop": -16.064456466731567, "coef_office": -368.12481951134276 }, "geometry": { "type": "Point", "coordinates": [ 4333621.02239600662142, 5627353.144399176351726 ] } },
{ "type": "Feature", "properties": { "ID": 209491, "Address": "Минская улица, 122/7", "lat": 45.037464, "long": 38.935347, "population_x": 31000.0, "type": "pvz", "hex_id": 12, "poi_amenity": 7, "poi_shop": 8, "poi_office": 0, "poi_leisure": 0, "poi_tourism": 0, "population_y": 31000.0, "car_traffic": 15000.0, "foot_traffic": 25000.0, "poi_transport": 0, "attractiveness": 4.45, "coef_amenity": 31819.503403593022, "coef_shop": -394.67206108810166, "coef_office": -373.82637223168007 }, "geometry": { "type": "Point", "coordinates": [ 4334263.001899411901832, 5627421.355745269916952 ] } },
{ "type": "Feature", "properties": { "ID": 50015998, "Address": "Минская улица, 122/6", "lat": 45.038318, "long": 38.936218, "population_x": 31000.0, "type": "pvz", "hex_id": 12, "poi_amenity": 6, "poi_shop": 9, "poi_office": 0, "poi_leisure": 0, "poi_tourism": 0, "population_y": 31000.0, "car_traffic": 15000.0, "foot_traffic": 25000.0, "poi_transport": 2, "attractiveness": 4.55, "coef_amenity": 32254.371116089071, "coef_shop": -555.92105656321507, "coef_office": -298.21560518377635 }, "geometry": { "type": "Point", "coordinates": [ 4334359.961175892502069, 5627555.889566681347787 ] } },
{ "type": "Feature", "properties": { "ID": 204648, "Address": "Минская улица, 121", "lat": 45.040623, "long": 38.935176, "population_x": 31000.0, "type": "pvz", "hex_id": 12, "poi_amenity": 4, "poi_shop": 2, "poi_office": 0, "poi_leisure": 0, "poi_tourism": 0, "population_y": 31000.0, "car_traffic": 15000.0, "foot_traffic": 25000.0, "poi_transport": 6, "attractiveness": 2.5, "coef_amenity": 31985.28450668509, "coef_shop": -479.5772644073345, "coef_office": -359.31114083974745 }, "geometry": { "type": "Point", "coordinates": [ 4334243.966266485862434, 5627919.014881394803524 ] } },
{ "type": "Feature", "properties": { "ID": 50002690, "Address": "улица имени Калинина, 144", "lat": 45.043495, "long": 38.931835, "population_x": 31000.0, "type": "pvz", "hex_id": 12, "poi_amenity": 1, "poi_shop": 1, "poi_office": 0, "poi_leisure": 0, "poi_tourism": 0, "population_y": 31000.0, "car_traffic": 15000.0, "foot_traffic": 25000.0, "poi_transport": 1, "attractiveness": 0.7, "coef_amenity": 30994.830222160479, "coef_shop": -173.7101892063007, "coef_office": -554.58513573228754 }, "geometry": { "type": "Point", "coordinates": [ 4333872.047847745940089, 5628371.484767697751522 ] } },
{ "type": "Feature", "properties": { "ID": 309550, "Address": "Северная улица, 12", "lat": 45.046794, "long": 38.93223, "population_x": 31000.0, "type": "pvz", "hex_id": 12, "poi_amenity": 6, "poi_shop": 1, "poi_office": 0, "poi_leisure": 0, "poi_tourism": 0, "population_y": 31000.0, "car_traffic": 15000.0, "foot_traffic": 25000.0, "poi_transport": 3, "attractiveness": 2.65, "coef_amenity": 31615.588443323115, "coef_shop": -248.91507317326668, "coef_office": -561.11903949505211 }, "geometry": { "type": "Point", "coordinates": [ 4333916.019046608358622, 5628891.254497730173171 ] } },
{ "type": "Feature", "properties": { "ID": 50006188, "Address": "Восточная улица, 696", "lat": 45.05036, "long": 38.919617, "population_x": 31000.0, "type": "pvz", "hex_id": 12, "poi_amenity": 0, "poi_shop": 1, "poi_office": 0, "poi_leisure": 0, "poi_tourism": 0, "population_y": 31000.0, "car_traffic": 15000.0, "foot_traffic": 25000.0, "poi_transport": 0, "attractiveness": 0.25, "coef_amenity": 24727.852622457751, "coef_shop": 749.69668336780762, "coef_office": -900.39552251980001 }, "geometry": { "type": "Point", "coordinates": [ 4332511.946309234015644, 5629453.12478652689606 ] } },
{ "type": "Feature", "properties": { "ID": 209080, "Address": "Северная улица, 88", "lat": 45.045495, "long": 38.940665, "population_x": 21000.0, "type": "pvz", "hex_id": 21, "poi_amenity": 2, "poi_shop": 0, "poi_office": 0, "poi_leisure": 0, "poi_tourism": 1, "population_y": 21000.0, "car_traffic": 28000.0, "foot_traffic": 35000.0, "poi_transport": 0, "attractiveness": 0.75, "coef_amenity": 32670.830120292907, "coef_shop": 858.92094771761697, "coef_office": -590.61540185404999 }, "geometry": { "type": "Point", "coordinates": [ 4334854.998951450921595, 5628686.588634711690247 ] } },
{ "type": "Feature", "properties": { "ID": 50008049, "Address": "Кожевенная улица, 22", "lat": 45.0377, "long": 38.940782, "population_x": 12000.0, "type": "pvz", "hex_id": 20, "poi_amenity": 3, "poi_shop": 6, "poi_office": 0, "poi_leisure": 3, "poi_tourism": 0, "population_y": 12000.0, "car_traffic": 35000.0, "foot_traffic": 35000.0, "poi_transport": 1, "attractiveness": 2.8, "coef_amenity": 33995.365774344398, "coef_shop": -604.42516886455076, "coef_office": -295.98783519247792 }, "geometry": { "type": "Point", "coordinates": [ 4334868.023331873118877, 5627458.53350920137018 ] } },
{ "type": "Feature", "properties": { "ID": 212144, "Address": "Кожевенная улица, 26", "lat": 45.037719, "long": 38.943333, "population_x": 12000.0, "type": "pvz", "hex_id": 20, "poi_amenity": 3, "poi_shop": 4, "poi_office": 0, "poi_leisure": 0, "poi_tourism": 0, "population_y": 12000.0, "car_traffic": 35000.0, "foot_traffic": 35000.0, "poi_transport": 1, "attractiveness": 2.15, "coef_amenity": 34764.145959692367, "coef_shop": -518.47810892155064, "coef_office": -324.22067211719917 }, "geometry": { "type": "Point", "coordinates": [ 4335151.999352887272835, 5627461.526640933007002 ] } },
{ "type": "Feature", "properties": { "ID": 136188, "Address": "микрорайон Кожзавод", "lat": 45.041184, "long": 38.942632, "population_x": 12000.0, "type": "pvz", "hex_id": 20, "poi_amenity": 0, "poi_shop": 0, "poi_office": 0, "poi_leisure": 0, "poi_tourism": 0, "population_y": 12000.0, "car_traffic": 35000.0, "foot_traffic": 35000.0, "poi_transport": 5, "attractiveness": 0.5, "coef_amenity": 34218.457995704222, "coef_shop": 142.53248915718527, "coef_office": -561.93584084358054 }, "geometry": { "type": "Point", "coordinates": [ 4335073.964389841072261, 5628007.39596760738641 ] } },
{ "type": "Feature", "properties": { "ID": 50017374, "Address": "Кожевенная улица, 54/2", "lat": 45.038025, "long": 38.949172, "population_x": 12000.0, "type": "pvz", "hex_id": 20, "poi_amenity": 2, "poi_shop": 1, "poi_office": 0, "poi_leisure": 0, "poi_tourism": 0, "population_y": 12000.0, "car_traffic": 35000.0, "foot_traffic": 35000.0, "poi_transport": 2, "attractiveness": 1.15, "coef_amenity": 35877.292443387123, "coef_shop": 1143.5598174821473, "coef_office": -935.49994326360115 }, "geometry": { "type": "Point", "coordinates": [ 4335801.993859628215432, 5627509.7319520348683 ] } },
{ "type": "Feature", "properties": { "ID": 50012911, "Address": "улица имени Калинина, 350", "lat": 45.039935, "long": 38.949495, "population_x": 12000.0, "type": "pvz", "hex_id": 20, "poi_amenity": 5, "poi_shop": 2, "poi_office": 1, "poi_leisure": 2, "poi_tourism": 0, "population_y": 12000.0, "car_traffic": 35000.0, "foot_traffic": 35000.0, "poi_transport": 5, "attractiveness": 3.05, "coef_amenity": 35651.294365983093, "coef_shop": 2133.5800196811733, "coef_office": -1289.3697536484804 }, "geometry": { "type": "Point", "coordinates": [ 4335837.950055154971778, 5627810.627138764597476 ] } },
{ "type": "Feature", "properties": { "ID": 144104, "Address": "улица Володи Головатого, 174", "lat": 45.042706, "long": 38.951085, "population_x": 12000.0, "type": "pvz", "hex_id": 20, "poi_amenity": 0, "poi_shop": 3, "poi_office": 0, "poi_leisure": 0, "poi_tourism": 0, "population_y": 12000.0, "car_traffic": 35000.0, "foot_traffic": 35000.0, "poi_transport": 5, "attractiveness": 1.25, "coef_amenity": 35911.326500069241, "coef_shop": 3546.9800971751429, "coef_office": -1294.1397777704644 }, "geometry": { "type": "Point", "coordinates": [ 4336014.948045515455306, 5628247.179322266019881 ] } },
{ "type": "Feature", "properties": { "ID": 50022857, "Address": "улица Карла Маркса, 14", "lat": 45.038814, "long": 38.953942, "population_x": 12000.0, "type": "pvz", "hex_id": 20, "poi_amenity": 5, "poi_shop": 4, "poi_office": 0, "poi_leisure": 0, "poi_tourism": 0, "population_y": 12000.0, "car_traffic": 35000.0, "foot_traffic": 35000.0, "poi_transport": 5, "attractiveness": 3.25, "coef_amenity": 34231.720682667685, "coef_shop": 4166.7237591813737, "coef_office": -836.08198394322665 }, "geometry": { "type": "Point", "coordinates": [ 4336332.987830712459981, 5627634.027227810584009 ] } },
{ "type": "Feature", "properties": { "ID": 50002472, "Address": "Северная улица, 242", "lat": 45.042738, "long": 38.957544, "population_x": 12000.0, "type": "pvz", "hex_id": 20, "poi_amenity": 1, "poi_shop": 5, "poi_office": 0, "poi_leisure": 0, "poi_tourism": 0, "population_y": 12000.0, "car_traffic": 35000.0, "foot_traffic": 35000.0, "poi_transport": 4, "attractiveness": 2.0, "coef_amenity": 43481.980456724159, "coef_shop": 4485.0014666932293, "coef_office": -1625.9135840066297 }, "geometry": { "type": "Point", "coordinates": [ 4336733.960636549629271, 5628252.220827889628708 ] } },
{ "type": "Feature", "properties": { "ID": 50013041, "Address": "Северная улица, 265", "lat": 45.042948, "long": 38.961937, "population_x": 12000.0, "type": "pvz", "hex_id": 20, "poi_amenity": 6, "poi_shop": 8, "poi_office": 0, "poi_leisure": 0, "poi_tourism": 0, "population_y": 12000.0, "car_traffic": 35000.0, "foot_traffic": 35000.0, "poi_transport": 2, "attractiveness": 4.3, "coef_amenity": 52836.664781500287, "coef_shop": 4058.0750159651652, "coef_office": -2342.5325668564933 }, "geometry": { "type": "Point", "coordinates": [ 4337222.987159605138004, 5628285.305778520181775 ] } },
{ "type": "Feature", "properties": { "ID": 2890, "Address": "улица Будённого, 78", "lat": 45.037228, "long": 38.961847, "population_x": 12000.0, "type": "pvz", "hex_id": 20, "poi_amenity": 1, "poi_shop": 3, "poi_office": 0, "poi_leisure": 0, "poi_tourism": 0, "population_y": 12000.0, "car_traffic": 35000.0, "foot_traffic": 35000.0, "poi_transport": 4, "attractiveness": 1.5, "coef_amenity": 48227.145269369044, "coef_shop": 1425.2358185127312, "coef_office": 744.75479089098553 }, "geometry": { "type": "Point", "coordinates": [ 4337212.968405433930457, 5627384.178134672343731 ] } },
{ "type": "Feature", "properties": { "ID": 215158, "Address": "Октябрьская улица, 181/2к1", "lat": 45.040063, "long": 38.969249, "population_x": 39000.0, "type": "pvz", "hex_id": 28, "poi_amenity": 9, "poi_shop": 14, "poi_office": 1, "poi_leisure": 0, "poi_tourism": 2, "population_y": 39000.0, "car_traffic": 51000.0, "foot_traffic": 95000.0, "poi_transport": 2, "attractiveness": 7.15, "coef_amenity": 66686.152705451837, "coef_shop": 1782.4656748806083, "coef_office": -817.61143699977038 }, "geometry": { "type": "Point", "coordinates": [ 4338036.955276285298169, 5627830.792201501317322 ] } },
{ "type": "Feature", "properties": { "ID": 210688, "Address": "Пашковская улица, 16", "lat": 45.034356, "long": 38.964407, "population_x": 12000.0, "type": "pvz", "hex_id": 20, "poi_amenity": 2, "poi_shop": 1, "poi_office": 0, "poi_leisure": 0, "poi_tourism": 0, "population_y": 12000.0, "car_traffic": 35000.0, "foot_traffic": 35000.0, "poi_transport": 4, "attractiveness": 1.35, "coef_amenity": 58935.341172204731, "coef_shop": 335.3091931680745, "coef_office": 876.32361437225723 }, "geometry": { "type": "Point", "coordinates": [ 4337497.946301864460111, 5626931.757804007269442 ] } },
{ "type": "Feature", "properties": { "ID": 211507, "Address": "Длинная улица, 86", "lat": 45.035298, "long": 38.968153, "population_x": 21000.0, "type": "pvz", "hex_id": 27, "poi_amenity": 2, "poi_shop": 1, "poi_office": 1, "poi_leisure": 0, "poi_tourism": 0, "population_y": 21000.0, "car_traffic": 52000.0, "foot_traffic": 95000.0, "poi_transport": 6, "attractiveness": 1.75, "coef_amenity": 69008.192189718393, "coef_shop": 429.13269939174734, "coef_office": 297.46708003634592 }, "geometry": { "type": "Point", "coordinates": [ 4337914.94911437574774, 5627080.146649644710124 ] } },
{ "type": "Feature", "properties": { "ID": 211019, "Address": "Рашпилевская улица, 125", "lat": 45.03391, "long": 38.971172, "population_x": 21000.0, "type": "pvz", "hex_id": 27, "poi_amenity": 2, "poi_shop": 4, "poi_office": 0, "poi_leisure": 0, "poi_tourism": 0, "population_y": 21000.0, "car_traffic": 52000.0, "foot_traffic": 95000.0, "poi_transport": 0, "attractiveness": 1.7, "coef_amenity": 77268.218538669826, "coef_shop": 175.57891975036219, "coef_office": 323.29948393161254 }, "geometry": { "type": "Point", "coordinates": [ 4338251.022657080553472, 5626861.502366040833294 ] } },
{ "type": "Feature", "properties": { "ID": 50011757, "Address": "улица Горького, 82", "lat": 45.031865, "long": 38.969249, "population_x": 21000.0, "type": "pvz", "hex_id": 27, "poi_amenity": 4, "poi_shop": 7, "poi_office": 0, "poi_leisure": 0, "poi_tourism": 0, "population_y": 21000.0, "car_traffic": 52000.0, "foot_traffic": 95000.0, "poi_transport": 6, "attractiveness": 3.75, "coef_amenity": 71667.969648704326, "coef_shop": 56.543533056477543, "coef_office": 664.51940168017336 }, "geometry": { "type": "Point", "coordinates": [ 4338036.955276285298169, 5626539.3740165354684 ] } },
{ "type": "Feature", "properties": { "ID": 1809, "Address": "Карасунская улица, 61", "lat": 45.029011, "long": 38.968594, "population_x": 21000.0, "type": "pvz", "hex_id": 27, "poi_amenity": 20, "poi_shop": 11, "poi_office": 3, "poi_leisure": 0, "poi_tourism": 0, "population_y": 21000.0, "car_traffic": 52000.0, "foot_traffic": 95000.0, "poi_transport": 1, "attractiveness": 10.45, "coef_amenity": 66775.694358729845, "coef_shop": 10.125883834407309, "coef_office": 815.96050979595611 }, "geometry": { "type": "Point", "coordinates": [ 4337964.041009816341102, 5626089.831247380934656 ] } },
{ "type": "Feature", "properties": { "ID": 212080, "Address": "Рашпилевская улица, 47", "lat": 45.024374, "long": 38.96774, "population_x": 20000.0, "type": "pvz", "hex_id": 19, "poi_amenity": 6, "poi_shop": 4, "poi_office": 1, "poi_leisure": 0, "poi_tourism": 0, "population_y": 20000.0, "car_traffic": 29000.0, "foot_traffic": 46000.0, "poi_transport": 2, "attractiveness": 3.5, "coef_amenity": 54324.169285914555, "coef_shop": -62.73187384557572, "coef_office": 1118.8055975649361 }, "geometry": { "type": "Point", "coordinates": [ 4337868.974164678715169, 5625359.490174604579806 ] } },
{ "type": "Feature", "properties": { "ID": 50013962, "Address": "улица Ленина, 13", "lat": 45.025291, "long": 38.962566, "population_x": 20000.0, "type": "pvz", "hex_id": 19, "poi_amenity": 1, "poi_shop": 3, "poi_office": 0, "poi_leisure": 0, "poi_tourism": 0, "population_y": 20000.0, "car_traffic": 29000.0, "foot_traffic": 46000.0, "poi_transport": 1, "attractiveness": 1.2, "coef_amenity": 46889.028681867552, "coef_shop": -39.356464227697934, "coef_office": 1361.376585738326 }, "geometry": { "type": "Point", "coordinates": [ 4337293.007119313813746, 5625503.915665809065104 ] } },
{ "type": "Feature", "properties": { "ID": 142316, "Address": "улица Кубанская Набережная, 37/11", "lat": 45.024336, "long": 38.958371, "population_x": 20000.0, "type": "pvz", "hex_id": 19, "poi_amenity": 6, "poi_shop": 3, "poi_office": 1, "poi_leisure": 0, "poi_tourism": 0, "population_y": 20000.0, "car_traffic": 29000.0, "foot_traffic": 46000.0, "poi_transport": 1, "attractiveness": 3.15, "coef_amenity": 41523.67784611071, "coef_shop": -52.155070573498939, "coef_office": 1552.388257233481 }, "geometry": { "type": "Point", "coordinates": [ 4336826.021855436265469, 5625353.505307768471539 ] } },
{ "type": "Feature", "properties": { "ID": 3106, "Address": "улица Орджоникидзе, 2", "lat": 45.023737, "long": 38.960194, "population_x": 20000.0, "type": "pvz", "hex_id": 19, "poi_amenity": 7, "poi_shop": 4, "poi_office": 3, "poi_leisure": 0, "poi_tourism": 0, "population_y": 20000.0, "car_traffic": 29000.0, "foot_traffic": 46000.0, "poi_transport": 3, "attractiveness": 4.35, "coef_amenity": 43125.312303650178, "coef_shop": -52.496373654991856, "coef_office": 1459.9670642811329 }, "geometry": { "type": "Point", "coordinates": [ 4337028.957287152297795, 5625259.165431723929942 ] } },
{ "type": "Feature", "properties": { "ID": 319049, "Address": "улица Мира, 19", "lat": 45.021927, "long": 38.963572, "population_x": 20000.0, "type": "pvz", "hex_id": 19, "poi_amenity": 3, "poi_shop": 2, "poi_office": 1, "poi_leisure": 0, "poi_tourism": 0, "population_y": 20000.0, "car_traffic": 29000.0, "foot_traffic": 46000.0, "poi_transport": 4, "attractiveness": 2.15, "coef_amenity": 45170.985795551642, "coef_shop": -99.984893097341981, "coef_office": 1363.2908770866188 }, "geometry": { "type": "Point", "coordinates": [ 4337404.994527052156627, 5624974.104358170181513 ] } },
{ "type": "Feature", "properties": { "ID": 50015771, "Address": "улица Кубанская Набережная, 31/1", "lat": 45.021908, "long": 38.95811, "population_x": 20000.0, "type": "pvz", "hex_id": 19, "poi_amenity": 2, "poi_shop": 9, "poi_office": 0, "poi_leisure": 1, "poi_tourism": 0, "population_y": 20000.0, "car_traffic": 29000.0, "foot_traffic": 46000.0, "poi_transport": 1, "attractiveness": 3.1, "coef_amenity": 41599.398664749242, "coef_shop": -51.570572789081965, "coef_office": 1461.421808102102 }, "geometry": { "type": "Point", "coordinates": [ 4336796.967468339018524, 5624971.112052159383893 ] } },
{ "type": "Feature", "properties": { "ID": 214583, "Address": "Постовая улица, 29", "lat": 45.016869, "long": 38.960437, "population_x": 20000.0, "type": "pvz", "hex_id": 19, "poi_amenity": 9, "poi_shop": 3, "poi_office": 0, "poi_leisure": 1, "poi_tourism": 4, "population_y": 20000.0, "car_traffic": 29000.0, "foot_traffic": 46000.0, "poi_transport": 0, "attractiveness": 4.15, "coef_amenity": 43278.725009031077, "coef_shop": -112.76644230525527, "coef_office": 1286.1881413318001 }, "geometry": { "type": "Point", "coordinates": [ 4337056.007923414930701, 5624177.556052044034004 ] } },
{ "type": "Feature", "properties": { "ID": 155290, "Address": "улица Кубанская Набережная, 2", "lat": 45.014371, "long": 38.958766, "population_x": 20000.0, "type": "pvz", "hex_id": 19, "poi_amenity": 11, "poi_shop": 4, "poi_office": 0, "poi_leisure": 0, "poi_tourism": 0, "population_y": 20000.0, "car_traffic": 29000.0, "foot_traffic": 46000.0, "poi_transport": 3, "attractiveness": 5.15, "coef_amenity": 43001.793209494826, "coef_shop": -100.43175485205906, "coef_office": 1265.5151646179495 }, "geometry": { "type": "Point", "coordinates": [ 4336869.993054299615324, 5623784.18982263840735 ] } },
{ "type": "Feature", "properties": { "ID": 213460, "Address": "улица Николая Кондратенко, 6к1", "lat": 45.013938, "long": 38.964515, "population_x": 20000.0, "type": "pvz", "hex_id": 19, "poi_amenity": 6, "poi_shop": 3, "poi_office": 0, "poi_leisure": 0, "poi_tourism": 0, "population_y": 20000.0, "car_traffic": 29000.0, "foot_traffic": 46000.0, "poi_transport": 1, "attractiveness": 2.95, "coef_amenity": 44121.76454565936, "coef_shop": -191.20576549687112, "coef_office": 1260.3660525431383 }, "geometry": { "type": "Point", "coordinates": [ 4337509.968806869350374, 5623716.00598818063736 ] } },
{ "type": "Feature", "properties": { "ID": 5427, "Address": "улица Захарова, 31", "lat": 45.007444, "long": 38.967049, "population_x": 20000.0, "type": "pvz", "hex_id": 19, "poi_amenity": 1, "poi_shop": 1, "poi_office": 0, "poi_leisure": 0, "poi_tourism": 0, "population_y": 20000.0, "car_traffic": 29000.0, "foot_traffic": 46000.0, "poi_transport": 2, "attractiveness": 0.8, "coef_amenity": 42564.211756944584, "coef_shop": -126.92146448226464, "coef_office": 1029.0173430384916 }, "geometry": { "type": "Point", "coordinates": [ 4337792.052396540530026, 5622693.467778678052127 ] } },
{ "type": "Feature", "properties": { "ID": 360286, "Address": "1-й Нефтезаводской проезд, 4", "lat": 45.004608, "long": 38.965045, "population_x": 20000.0, "type": "pvz", "hex_id": 19, "poi_amenity": 2, "poi_shop": 2, "poi_office": 0, "poi_leisure": 0, "poi_tourism": 0, "population_y": 20000.0, "car_traffic": 29000.0, "foot_traffic": 46000.0, "poi_transport": 6, "attractiveness": 1.8, "coef_amenity": 42546.96373825628, "coef_shop": -90.019591000622853, "coef_office": 911.77738054610722 }, "geometry": { "type": "Point", "coordinates": [ 4337568.968136991374195, 5622246.950656890869141 ] } },
{ "type": "Feature", "properties": { "ID": 312402, "Address": "Песчаная улица, 9", "lat": 45.007126, "long": 38.963024, "population_x": 20000.0, "type": "pvz", "hex_id": 19, "poi_amenity": 0, "poi_shop": 1, "poi_office": 0, "poi_leisure": 0, "poi_tourism": 0, "population_y": 20000.0, "car_traffic": 29000.0, "foot_traffic": 46000.0, "poi_transport": 1, "attractiveness": 0.35, "coef_amenity": 43496.846757702595, "coef_shop": -143.6525778312953, "coef_office": 1023.2183037657975 }, "geometry": { "type": "Point", "coordinates": [ 4337343.99144609645009, 5622643.398820448666811 ] } },
{ "type": "Feature", "properties": { "ID": 125903, "Address": "Индустриальная улица, 54/1", "lat": 45.006979, "long": 38.96076, "population_x": 20000.0, "type": "pvz", "hex_id": 19, "poi_amenity": 0, "poi_shop": 1, "poi_office": 0, "poi_leisure": 0, "poi_tourism": 0, "population_y": 20000.0, "car_traffic": 29000.0, "foot_traffic": 46000.0, "poi_transport": 3, "attractiveness": 0.55, "coef_amenity": 43602.886368043692, "coef_shop": -136.43415393452727, "coef_office": 1035.3334328701424 }, "geometry": { "type": "Point", "coordinates": [ 4337091.964118941687047, 5622620.253829926252365 ] } },
{ "type": "Feature", "properties": { "ID": 321994, "Address": "улица Коммунаров, 12", "lat": 45.015365, "long": 38.972061, "population_x": 20000.0, "type": "pvz", "hex_id": 19, "poi_amenity": 3, "poi_shop": 0, "poi_office": 0, "poi_leisure": 0, "poi_tourism": 2, "population_y": 20000.0, "car_traffic": 29000.0, "foot_traffic": 46000.0, "poi_transport": 9, "attractiveness": 2.05, "coef_amenity": 44172.06855393431, "coef_shop": -294.25888228543477, "coef_office": 1361.9953200923424 }, "geometry": { "type": "Point", "coordinates": [ 4338349.985684395767748, 5623940.715402042493224 ] } },
{ "type": "Feature", "properties": { "ID": 50008881, "Address": "Советская улица, 59", "lat": 45.016945, "long": 38.97454, "population_x": 20000.0, "type": "pvz", "hex_id": 19, "poi_amenity": 4, "poi_shop": 4, "poi_office": 0, "poi_leisure": 0, "poi_tourism": 0, "population_y": 20000.0, "car_traffic": 29000.0, "foot_traffic": 46000.0, "poi_transport": 7, "attractiveness": 3.1, "coef_amenity": 44890.843605689937, "coef_shop": -410.35939722962871, "coef_office": 1467.1426019602256 }, "geometry": { "type": "Point", "coordinates": [ 4338625.946702072396874, 5624189.524228724651039 ] } },
{ "type": "Feature", "properties": { "ID": 50019523, "Address": "улица Коммунаров, 33", "lat": 45.019831, "long": 38.973067, "population_x": 20000.0, "type": "pvz", "hex_id": 19, "poi_amenity": 5, "poi_shop": 5, "poi_office": 0, "poi_leisure": 0, "poi_tourism": 1, "population_y": 20000.0, "car_traffic": 29000.0, "foot_traffic": 46000.0, "poi_transport": 8, "attractiveness": 3.85, "coef_amenity": 50337.643426481052, "coef_shop": -255.75911548156083, "coef_office": 1302.0403196369023 }, "geometry": { "type": "Point", "coordinates": [ 4338461.97309213411063, 5624644.011745546013117 ] } },
{ "type": "Feature", "properties": { "ID": 306046, "Address": "улица Мира, 55", "lat": 45.019621, "long": 38.978125, "population_x": 21000.0, "type": "pvz", "hex_id": 27, "poi_amenity": 4, "poi_shop": 3, "poi_office": 1, "poi_leisure": 0, "poi_tourism": 1, "population_y": 21000.0, "car_traffic": 52000.0, "foot_traffic": 95000.0, "poi_transport": 3, "attractiveness": 2.7, "coef_amenity": 51587.208405636404, "coef_shop": -371.91485663004659, "coef_office": 1311.3172242855057 }, "geometry": { "type": "Point", "coordinates": [ 4339025.027076566591859, 5624610.940155512653291 ] } },
{ "type": "Feature", "properties": { "ID": 172240, "Address": "улица Ленина, 90/2", "lat": 45.019774, "long": 38.983613, "population_x": 7500.0, "type": "pvz", "hex_id": 26, "poi_amenity": 1, "poi_shop": 2, "poi_office": 0, "poi_leisure": 0, "poi_tourism": 0, "population_y": 7500.0, "car_traffic": 20000.0, "foot_traffic": 20000.0, "poi_transport": 2, "attractiveness": 1.05, "coef_amenity": 52380.235767439597, "coef_shop": 14.944372335783614, "coef_office": 802.3346972825741 }, "geometry": { "type": "Point", "coordinates": [ 4339635.948442040011287, 5624635.035159112885594 ] } },
{ "type": "Feature", "properties": { "ID": 159277, "Address": "улица Ленина, 52", "lat": 45.023087, "long": 38.973741, "population_x": 21000.0, "type": "pvz", "hex_id": 27, "poi_amenity": 4, "poi_shop": 2, "poi_office": 2, "poi_leisure": 0, "poi_tourism": 1, "population_y": 21000.0, "car_traffic": 52000.0, "foot_traffic": 95000.0, "poi_transport": 4, "attractiveness": 2.75, "coef_amenity": 60041.034831331606, "coef_shop": -177.8516871264392, "coef_office": 1038.9354095314757 }, "geometry": { "type": "Point", "coordinates": [ 4338537.002428928390145, 5625156.794395822100341 ] } },
{ "type": "Feature", "properties": { "ID": 50006259, "Address": "улица Митрофана Седина, 51А", "lat": 45.023469, "long": 38.976723, "population_x": 21000.0, "type": "pvz", "hex_id": 27, "poi_amenity": 3, "poi_shop": 2, "poi_office": 1, "poi_leisure": 0, "poi_tourism": 0, "population_y": 21000.0, "car_traffic": 52000.0, "foot_traffic": 95000.0, "poi_transport": 4, "attractiveness": 2.15, "coef_amenity": 66268.702902258679, "coef_shop": -205.10267289406153, "coef_office": 915.15837408935704 }, "geometry": { "type": "Point", "coordinates": [ 4338868.957150474190712, 5625216.956925331614912 ] } },
{ "type": "Feature", "properties": { "ID": 50017354, "Address": "улица Гоголя, 75", "lat": 45.026132, "long": 38.976454, "population_x": 21000.0, "type": "pvz", "hex_id": 27, "poi_amenity": 16, "poi_shop": 24, "poi_office": 1, "poi_leisure": 1, "poi_tourism": 0, "population_y": 21000.0, "car_traffic": 52000.0, "foot_traffic": 95000.0, "poi_transport": 6, "attractiveness": 12.45, "coef_amenity": 75860.350644312261, "coef_shop": -134.72727332830198, "coef_office": 636.17384818215919 }, "geometry": { "type": "Point", "coordinates": [ 4338839.012207450345159, 5625636.373357365839183 ] } },
{ "type": "Feature", "properties": { "ID": 50005049, "Address": "улица Леваневского, 40", "lat": 45.026393, "long": 38.98232, "population_x": 21000.0, "type": "pvz", "hex_id": 27, "poi_amenity": 1, "poi_shop": 1, "poi_office": 0, "poi_leisure": 0, "poi_tourism": 0, "population_y": 21000.0, "car_traffic": 52000.0, "foot_traffic": 95000.0, "poi_transport": 2, "attractiveness": 0.8, "coef_amenity": 83072.312626205065, "coef_shop": -93.122499821068203, "coef_office": 399.89466116412461 }, "geometry": { "type": "Point", "coordinates": [ 4339492.012340444140136, 5625677.481312497518957 ] } },
{ "type": "Feature", "properties": { "ID": 50008255, "Address": "улица Горького, 169", "lat": 45.02984, "long": 38.982868, "population_x": 21000.0, "type": "pvz", "hex_id": 27, "poi_amenity": 0, "poi_shop": 3, "poi_office": 0, "poi_leisure": 0, "poi_tourism": 0, "population_y": 21000.0, "car_traffic": 52000.0, "foot_traffic": 95000.0, "poi_transport": 4, "attractiveness": 1.15, "coef_amenity": 93491.65257531454, "coef_shop": -0.64866595375702174, "coef_office": 34.753863733894249 }, "geometry": { "type": "Point", "coordinates": [ 4339553.01542139891535, 5626220.407408229075372 ] } },
{ "type": "Feature", "properties": { "ID": 50011386, "Address": "улица Митрофана Седина, 102", "lat": 45.02982, "long": 38.979266, "population_x": 21000.0, "type": "pvz", "hex_id": 27, "poi_amenity": 2, "poi_shop": 1, "poi_office": 0, "poi_leisure": 0, "poi_tourism": 0, "population_y": 21000.0, "car_traffic": 52000.0, "foot_traffic": 95000.0, "poi_transport": 4, "attractiveness": 1.35, "coef_amenity": 91831.630549569076, "coef_shop": -41.365791508663797, "coef_office": 141.14909874115361 }, "geometry": { "type": "Point", "coordinates": [ 4339152.042615561746061, 5626217.257177018560469 ] } },
{ "type": "Feature", "properties": { "ID": 134871, "Address": "улица Коммунаров, 109", "lat": 45.032407, "long": 38.977262, "population_x": 21000.0, "type": "pvz", "hex_id": 27, "poi_amenity": 2, "poi_shop": 0, "poi_office": 1, "poi_leisure": 0, "poi_tourism": 0, "population_y": 21000.0, "car_traffic": 52000.0, "foot_traffic": 95000.0, "poi_transport": 6, "attractiveness": 1.5, "coef_amenity": 91578.477579386759, "coef_shop": -12.132840495535232, "coef_office": 108.64760491952678 }, "geometry": { "type": "Point", "coordinates": [ 4338928.95835601259023, 5626624.748722072690725 ] } },
{ "type": "Feature", "properties": { "ID": 329651, "Address": "улица Митрофана Седина, 141", "lat": 45.033986, "long": 38.9802, "population_x": 21000.0, "type": "pvz", "hex_id": 27, "poi_amenity": 2, "poi_shop": 1, "poi_office": 0, "poi_leisure": 0, "poi_tourism": 0, "population_y": 21000.0, "car_traffic": 52000.0, "foot_traffic": 95000.0, "poi_transport": 2, "attractiveness": 1.15, "coef_amenity": 94537.103558515169, "coef_shop": -0.16846871101194524, "coef_office": 15.732125416392705 }, "geometry": { "type": "Point", "coordinates": [ 4339256.015019963495433, 5626873.474106007255614 ] } },
{ "type": "Feature", "properties": { "ID": 317079, "Address": "улица Суворова, 137", "lat": 45.023297, "long": 38.987099, "population_x": 21000.0, "type": "pvz", "hex_id": 27, "poi_amenity": 3, "poi_shop": 3, "poi_office": 0, "poi_leisure": 0, "poi_tourism": 0, "population_y": 21000.0, "car_traffic": 52000.0, "foot_traffic": 95000.0, "poi_transport": 7, "attractiveness": 2.5, "coef_amenity": 66826.313103452412, "coef_shop": 459.98969656917586, "coef_office": 72.861301851140482 }, "geometry": { "type": "Point", "coordinates": [ 4340024.008186945691705, 5625189.867988015525043 ] } },
{ "type": "Feature", "properties": { "ID": 327650, "Address": "Железнодорожная улица, 23/1", "lat": 45.023597, "long": 38.991213, "population_x": 21000.0, "type": "pvz", "hex_id": 27, "poi_amenity": 6, "poi_shop": 3, "poi_office": 1, "poi_leisure": 0, "poi_tourism": 0, "population_y": 21000.0, "car_traffic": 52000.0, "foot_traffic": 95000.0, "poi_transport": 5, "attractiveness": 3.55, "coef_amenity": 63031.111888522297, "coef_shop": 2232.859158054298, "coef_office": -1353.9418162308289 }, "geometry": { "type": "Point", "coordinates": [ 4340481.976572069339454, 5625237.116187319159508 ] } },
{ "type": "Feature", "properties": { "ID": 144910, "Address": "Железнодорожная улица, 31", "lat": 45.023896, "long": 38.992192, "population_x": 21000.0, "type": "pvz", "hex_id": 27, "poi_amenity": 5, "poi_shop": 4, "poi_office": 0, "poi_leisure": 0, "poi_tourism": 0, "population_y": 21000.0, "car_traffic": 52000.0, "foot_traffic": 95000.0, "poi_transport": 4, "attractiveness": 3.15, "coef_amenity": 62049.276611509718, "coef_shop": 3064.0684925584142, "coef_office": -1875.2519074213944 }, "geometry": { "type": "Point", "coordinates": [ 4340590.958353555761278, 5625284.207138982601464 ] } },
{ "type": "Feature", "properties": { "ID": 50022194, "Address": "Казачья улица, 22/1", "lat": 45.03019, "long": 38.99495, "population_x": 21000.0, "type": "pvz", "hex_id": 27, "poi_amenity": 0, "poi_shop": 0, "poi_office": 0, "poi_leisure": 0, "poi_tourism": 0, "population_y": 21000.0, "car_traffic": 52000.0, "foot_traffic": 95000.0, "poi_transport": 0, "attractiveness": 0.05, "coef_amenity": 71877.751194023353, "coef_shop": 3171.4846766087712, "coef_office": -2170.756680892996 }, "geometry": { "type": "Point", "coordinates": [ 4340897.977509163320065, 5626275.536632591858506 ] } },
{ "type": "Feature", "properties": { "ID": 169830, "Address": "Садовая улица, 6", "lat": 45.029158, "long": 38.991231, "population_x": 21000.0, "type": "pvz", "hex_id": 27, "poi_amenity": 6, "poi_shop": 6, "poi_office": 0, "poi_leisure": 0, "poi_tourism": 1, "population_y": 21000.0, "car_traffic": 52000.0, "foot_traffic": 95000.0, "poi_transport": 6, "attractiveness": 4.25, "coef_amenity": 84225.952596815725, "coef_shop": 473.95310474834361, "coef_office": -148.5285567253085 }, "geometry": { "type": "Point", "coordinates": [ 4340483.98032290302217, 5626112.985145197249949 ] } },
{ "type": "Feature", "properties": { "ID": 50002078, "Address": "Длинная улица, 203", "lat": 45.032738, "long": 38.984961, "population_x": 21000.0, "type": "pvz", "hex_id": 27, "poi_amenity": 0, "poi_shop": 0, "poi_office": 0, "poi_leisure": 0, "poi_tourism": 0, "population_y": 21000.0, "car_traffic": 52000.0, "foot_traffic": 95000.0, "poi_transport": 0, "attractiveness": 0.05, "coef_amenity": 92490.054722108936, "coef_shop": 57.090318267100088, "coef_office": -62.100414305799475 }, "geometry": { "type": "Point", "coordinates": [ 4339786.007115628570318, 5626676.887546917423606 ] } },
{ "type": "Feature", "properties": { "ID": 311084, "Address": "улица Володарского, 5/1", "lat": 45.029502, "long": 39.003646, "population_x": 25000.0, "type": "pvz", "hex_id": 35, "poi_amenity": 4, "poi_shop": 3, "poi_office": 0, "poi_leisure": 0, "poi_tourism": 0, "population_y": 25000.0, "car_traffic": 47000.0, "foot_traffic": 50000.0, "poi_transport": 2, "attractiveness": 2.35, "coef_amenity": 55711.198405788127, "coef_shop": 1877.2043837623248, "coef_office": -913.42261054607434 }, "geometry": { "type": "Point", "coordinates": [ 4341866.01180110219866, 5626167.168648676015437 ] } },
{ "type": "Feature", "properties": { "ID": 312025, "Address": "Промышленная улица, 19/1", "lat": 45.042139, "long": 38.986892, "population_x": 21000.0, "type": "pvz", "hex_id": 27, "poi_amenity": 1, "poi_shop": 5, "poi_office": 0, "poi_leisure": 0, "poi_tourism": 0, "population_y": 21000.0, "car_traffic": 52000.0, "foot_traffic": 95000.0, "poi_transport": 0, "attractiveness": 1.6, "coef_amenity": 74876.031623429604, "coef_shop": 1077.4069446000601, "coef_office": -568.49079441635035 }, "geometry": { "type": "Point", "coordinates": [ 4340000.96505235042423, 5628157.850612138397992 ] } },
{ "type": "Feature", "properties": { "ID": 50032099, "Address": "Промышленная улица, 21/9", "lat": 45.041031, "long": 38.989435, "population_x": 21000.0, "type": "pvz", "hex_id": 27, "poi_amenity": 4, "poi_shop": 3, "poi_office": 0, "poi_leisure": 0, "poi_tourism": 0, "population_y": 21000.0, "car_traffic": 52000.0, "foot_traffic": 95000.0, "poi_transport": 0, "attractiveness": 2.15, "coef_amenity": 71214.252512723018, "coef_shop": 1210.5783681035773, "coef_office": -775.45390780819559 }, "geometry": { "type": "Point", "coordinates": [ 4340284.050517438910902, 5627983.291949059814215 ] } },
{ "type": "Feature", "properties": { "ID": 172245, "Address": "улица Леваневского, 187", "lat": 45.040139, "long": 38.986829, "population_x": 21000.0, "type": "pvz", "hex_id": 27, "poi_amenity": 6, "poi_shop": 4, "poi_office": 3, "poi_leisure": 0, "poi_tourism": 0, "population_y": 21000.0, "car_traffic": 52000.0, "foot_traffic": 95000.0, "poi_transport": 0, "attractiveness": 3.7, "coef_amenity": 78601.325030982131, "coef_shop": 982.96498810811124, "coef_office": -1042.0252449591774 }, "geometry": { "type": "Point", "coordinates": [ 4339993.951924431137741, 5627842.765228846110404 ] } },
{ "type": "Feature", "properties": { "ID": 206380, "Address": "улица Володи Головатого, 335", "lat": 45.038063, "long": 38.979921, "population_x": 21000.0, "type": "pvz", "hex_id": 27, "poi_amenity": 2, "poi_shop": 3, "poi_office": 1, "poi_leisure": 0, "poi_tourism": 1, "population_y": 21000.0, "car_traffic": 52000.0, "foot_traffic": 95000.0, "poi_transport": 6, "attractiveness": 2.3, "coef_amenity": 93392.414970682759, "coef_shop": 96.712476174865046, "coef_office": -64.411712160413174 }, "geometry": { "type": "Point", "coordinates": [ 4339224.956882030703127, 5627515.718250494450331 ] } },
{ "type": "Feature", "properties": { "ID": 50013942, "Address": "Красноармейская улица, 131", "lat": 45.038993, "long": 38.977199, "population_x": 21000.0, "type": "pvz", "hex_id": 27, "poi_amenity": 20, "poi_shop": 5, "poi_office": 0, "poi_leisure": 0, "poi_tourism": 0, "population_y": 21000.0, "car_traffic": 52000.0, "foot_traffic": 95000.0, "poi_transport": 1, "attractiveness": 8.35, "coef_amenity": 90763.875523595314, "coef_shop": 303.29635456153073, "coef_office": -233.2185777816901 }, "geometry": { "type": "Point", "coordinates": [ 4338921.945228091441095, 5627662.226267812773585 ] } },
{ "type": "Feature", "properties": { "ID": 50006250, "Address": "улица Хакурате, 10к1", "lat": 45.041674, "long": 38.978628, "population_x": 21000.0, "type": "pvz", "hex_id": 27, "poi_amenity": 1, "poi_shop": 3, "poi_office": 1, "poi_leisure": 0, "poi_tourism": 0, "population_y": 21000.0, "car_traffic": 52000.0, "foot_traffic": 95000.0, "poi_transport": 6, "attractiveness": 1.9, "coef_amenity": 88907.238948802726, "coef_shop": 384.53838076304555, "coef_office": -117.92823581791883 }, "geometry": { "type": "Point", "coordinates": [ 4339081.020780435763299, 5628084.59227779135108 ] } },
{ "type": "Feature", "properties": { "ID": 213607, "Address": "улица Хакурате, 4", "lat": 45.042305, "long": 38.975475, "population_x": 39000.0, "type": "pvz", "hex_id": 28, "poi_amenity": 12, "poi_shop": 2, "poi_office": 1, "poi_leisure": 0, "poi_tourism": 0, "population_y": 39000.0, "car_traffic": 51000.0, "foot_traffic": 95000.0, "poi_transport": 3, "attractiveness": 5.2, "coef_amenity": 84723.793622341866, "coef_shop": 785.90003774585023, "coef_office": -576.30253019585132 }, "geometry": { "type": "Point", "coordinates": [ 4338730.030425963923335, 5628184.003193995915353 ] } },
{ "type": "Feature", "properties": { "ID": 50016730, "Address": "Садовая улица, 112", "lat": 45.040356, "long": 38.995211, "population_x": 25000.0, "type": "pvz", "hex_id": 36, "poi_amenity": 3, "poi_shop": 6, "poi_office": 0, "poi_leisure": 0, "poi_tourism": 0, "population_y": 25000.0, "car_traffic": 41000.0, "foot_traffic": 52000.0, "poi_transport": 5, "attractiveness": 3.05, "coef_amenity": 61247.614533311098, "coef_shop": 1996.1004350428132, "coef_office": -881.45739312800674 }, "geometry": { "type": "Point", "coordinates": [ 4340927.031896259635687, 5627876.951460243202746 ] } },
{ "type": "Feature", "properties": { "ID": 130439, "Address": "Березанская улица, 89", "lat": 45.039929, "long": 38.998606, "population_x": 25000.0, "type": "pvz", "hex_id": 36, "poi_amenity": 2, "poi_shop": 2, "poi_office": 0, "poi_leisure": 0, "poi_tourism": 0, "population_y": 25000.0, "car_traffic": 41000.0, "foot_traffic": 52000.0, "poi_transport": 0, "attractiveness": 1.2, "coef_amenity": 56158.369922112026, "coef_shop": 2865.2501172567663, "coef_office": -1235.1303003215389 }, "geometry": { "type": "Point", "coordinates": [ 4341304.961567503400147, 5627809.681902556680143 ] } },
{ "type": "Feature", "properties": { "ID": 50001545, "Address": "Садовая улица, 85", "lat": 45.035598, "long": 38.993046, "population_x": 21000.0, "type": "pvz", "hex_id": 27, "poi_amenity": 4, "poi_shop": 1, "poi_office": 0, "poi_leisure": 0, "poi_tourism": 0, "population_y": 21000.0, "car_traffic": 52000.0, "foot_traffic": 95000.0, "poi_transport": 3, "attractiveness": 1.95, "coef_amenity": 73433.140913352239, "coef_shop": 1576.2418969739545, "coef_office": -2121.4485591712037 }, "geometry": { "type": "Point", "coordinates": [ 4340686.025198692455888, 5627127.404756627976894 ] } },
{ "type": "Feature", "properties": { "ID": 126997, "Address": "Северная улица, 411", "lat": 45.037228, "long": 38.996576, "population_x": 25000.0, "type": "pvz", "hex_id": 36, "poi_amenity": 4, "poi_shop": 3, "poi_office": 0, "poi_leisure": 0, "poi_tourism": 1, "population_y": 25000.0, "car_traffic": 41000.0, "foot_traffic": 52000.0, "poi_transport": 3, "attractiveness": 2.5, "coef_amenity": 62476.954761900888, "coef_shop": 2705.3243562348807, "coef_office": -1812.8085330539272 }, "geometry": { "type": "Point", "coordinates": [ 4341078.983001192100346, 5627384.178134672343731 ] } },
{ "type": "Feature", "properties": { "ID": 50009505, "Address": "Северная улица, 500", "lat": 45.036502, "long": 38.998238, "population_x": 25000.0, "type": "pvz", "hex_id": 36, "poi_amenity": 5, "poi_shop": 3, "poi_office": 0, "poi_leisure": 0, "poi_tourism": 0, "population_y": 25000.0, "car_traffic": 41000.0, "foot_traffic": 52000.0, "poi_transport": 2, "attractiveness": 2.7, "coef_amenity": 60346.478037883091, "coef_shop": 3290.2449540604985, "coef_office": -2237.7495124231077 }, "geometry": { "type": "Point", "coordinates": [ 4341263.99599489197135, 5627269.810683776624501 ] } },
{ "type": "Feature", "properties": { "ID": 311084, "Address": "улица Володарского, 5/1", "lat": 45.029502, "long": 39.003646, "population_x": 25000.0, "type": "pvz", "hex_id": 35, "poi_amenity": 4, "poi_shop": 3, "poi_office": 0, "poi_leisure": 0, "poi_tourism": 0, "population_y": 25000.0, "car_traffic": 47000.0, "foot_traffic": 50000.0, "poi_transport": 2, "attractiveness": 2.35, "coef_amenity": 55711.198405788127, "coef_shop": 1877.2043837623248, "coef_office": -913.42261054607434 }, "geometry": { "type": "Point", "coordinates": [ 4341866.01180110219866, 5626167.168648676015437 ] } },
{ "type": "Feature", "properties": { "ID": 214958, "Address": "улица Володарского, 47", "lat": 45.034286, "long": 39.005263, "population_x": 25000.0, "type": "pvz", "hex_id": 35, "poi_amenity": 1, "poi_shop": 6, "poi_office": 2, "poi_leisure": 0, "poi_tourism": 0, "population_y": 25000.0, "car_traffic": 47000.0, "foot_traffic": 50000.0, "poi_transport": 0, "attractiveness": 2.25, "coef_amenity": 55868.339242206705, "coef_shop": 1732.7285714930185, "coef_office": -1984.9707448224381 }, "geometry": { "type": "Point", "coordinates": [ 4342046.015417714603245, 5626920.731129538267851 ] } },
{ "type": "Feature", "properties": { "ID": 3090, "Address": "Промышленная улица, 49/2", "lat": 45.038751, "long": 39.003942, "population_x": 25000.0, "type": "pvz", "hex_id": 36, "poi_amenity": 0, "poi_shop": 1, "poi_office": 0, "poi_leisure": 0, "poi_tourism": 0, "population_y": 25000.0, "car_traffic": 41000.0, "foot_traffic": 52000.0, "poi_transport": 0, "attractiveness": 0.25, "coef_amenity": 55518.162575967988, "coef_shop": 2626.5204629630657, "coef_office": -2454.9265451364986 }, "geometry": { "type": "Point", "coordinates": [ 4341898.962370376102626, 5627624.102447009645402 ] } },
{ "type": "Feature", "properties": { "ID": 335637, "Address": "Передовая улица, 65", "lat": 45.039114, "long": 39.008605, "population_x": 25000.0, "type": "pvz", "hex_id": 36, "poi_amenity": 0, "poi_shop": 2, "poi_office": 0, "poi_leisure": 0, "poi_tourism": 0, "population_y": 25000.0, "car_traffic": 41000.0, "foot_traffic": 52000.0, "poi_transport": 0, "attractiveness": 0.5, "coef_amenity": 54457.013150068138, "coef_shop": 626.8111679978847, "coef_office": -1595.0818760957932 }, "geometry": { "type": "Point", "coordinates": [ 4342418.045155945234001, 5627681.28823868278414 ] } },
{ "type": "Feature", "properties": { "ID": 314375, "Address": "улица 9 Мая, 48/1к1", "lat": 45.033095, "long": 39.019941, "population_x": 25000.0, "type": "pvz", "hex_id": 35, "poi_amenity": 2, "poi_shop": 2, "poi_office": 0, "poi_leisure": 0, "poi_tourism": 0, "population_y": 25000.0, "car_traffic": 47000.0, "foot_traffic": 50000.0, "poi_transport": 1, "attractiveness": 1.3, "coef_amenity": 50127.368177639408, "coef_shop": -494.04346682595406, "coef_office": -44.422250459350892 }, "geometry": { "type": "Point", "coordinates": [ 4343679.96290357876569, 5626733.122206588275731 ] } },
{ "type": "Feature", "properties": { "ID": 50034108, "Address": "Плановый проезд, 9", "lat": 45.034165, "long": 39.01721, "population_x": 25000.0, "type": "pvz", "hex_id": 35, "poi_amenity": 5, "poi_shop": 3, "poi_office": 0, "poi_leisure": 0, "poi_tourism": 0, "population_y": 25000.0, "car_traffic": 47000.0, "foot_traffic": 50000.0, "poi_transport": 3, "attractiveness": 2.8, "coef_amenity": 50611.253836028161, "coef_shop": -410.04723175597303, "coef_office": -206.98928649165072 }, "geometry": { "type": "Point", "coordinates": [ 4343375.949374221265316, 5626901.670766904018819 ] } },
{ "type": "Feature", "properties": { "ID": 137023, "Address": "улица Филатова, 19", "lat": 45.035725, "long": 39.015549, "population_x": 25000.0, "type": "pvz", "hex_id": 35, "poi_amenity": 3, "poi_shop": 5, "poi_office": 0, "poi_leisure": 0, "poi_tourism": 0, "population_y": 25000.0, "car_traffic": 47000.0, "foot_traffic": 50000.0, "poi_transport": 2, "attractiveness": 2.5, "coef_amenity": 51324.321397970911, "coef_shop": -418.5311509082776, "coef_office": -378.37870074995055 }, "geometry": { "type": "Point", "coordinates": [ 4343191.047700013965368, 5627147.410763224586844 ] } },
{ "type": "Feature", "properties": { "ID": 50017960, "Address": "Школьная улица, 5", "lat": 45.036604, "long": 39.017938, "population_x": 25000.0, "type": "pvz", "hex_id": 35, "poi_amenity": 1, "poi_shop": 1, "poi_office": 1, "poi_leisure": 1, "poi_tourism": 0, "population_y": 25000.0, "car_traffic": 47000.0, "foot_traffic": 50000.0, "poi_transport": 2, "attractiveness": 1.05, "coef_amenity": 51350.838363552306, "coef_shop": -536.81536830079767, "coef_office": -432.62431274378412 }, "geometry": { "type": "Point", "coordinates": [ 4343456.989963519386947, 5627285.878750423900783 ] } },
{ "type": "Feature", "properties": { "ID": 123498, "Address": "Школьная улица, 13", "lat": 45.03663, "long": 39.022331, "population_x": 25000.0, "type": "pvz", "hex_id": 43, "poi_amenity": 5, "poi_shop": 4, "poi_office": 0, "poi_leisure": 4, "poi_tourism": 0, "population_y": 25000.0, "car_traffic": 42000.0, "foot_traffic": 41000.0, "poi_transport": 2, "attractiveness": 3.15, "coef_amenity": 50718.803345118766, "coef_shop": -603.41184147217712, "coef_office": -372.53117202648701 }, "geometry": { "type": "Point", "coordinates": [ 4343946.016486573964357, 5627289.974536701105535 ] } },
{ "type": "Feature", "properties": { "ID": 308981, "Address": "улица Академика Пустовойта, 4/1", "lat": 45.038502, "long": 39.019636, "population_x": 25000.0, "type": "pvz", "hex_id": 43, "poi_amenity": 5, "poi_shop": 10, "poi_office": 0, "poi_leisure": 1, "poi_tourism": 0, "population_y": 25000.0, "car_traffic": 42000.0, "foot_traffic": 41000.0, "poi_transport": 0, "attractiveness": 4.3, "coef_amenity": 52063.220511034095, "coef_shop": -609.32470501051978, "coef_office": -754.2919089768003 }, "geometry": { "type": "Point", "coordinates": [ 4343646.01045888569206, 5627584.876039362512529 ] } },
{ "type": "Feature", "properties": { "ID": 110564, "Address": "Черниговская улица, 8", "lat": 45.039419, "long": 39.019295, "population_x": 25000.0, "type": "pvz", "hex_id": 43, "poi_amenity": 3, "poi_shop": 9, "poi_office": 1, "poi_leisure": 1, "poi_tourism": 0, "population_y": 25000.0, "car_traffic": 42000.0, "foot_traffic": 41000.0, "poi_transport": 0, "attractiveness": 3.55, "coef_amenity": 52284.008863782125, "coef_shop": -647.09569053285372, "coef_office": -809.25935700129708 }, "geometry": { "type": "Point", "coordinates": [ 4343608.050512525252998, 5627729.337187095545232 ] } },
{ "type": "Feature", "properties": { "ID": 317467, "Address": "улица Академика Пустовойта, 25", "lat": 45.041311, "long": 39.024235, "population_x": 25000.0, "type": "pvz", "hex_id": 43, "poi_amenity": 3, "poi_shop": 4, "poi_office": 0, "poi_leisure": 1, "poi_tourism": 0, "population_y": 25000.0, "car_traffic": 42000.0, "foot_traffic": 41000.0, "poi_transport": 0, "attractiveness": 2.1, "coef_amenity": 48701.934440698853, "coef_shop": -453.11755614948783, "coef_office": -460.48733147522887 }, "geometry": { "type": "Point", "coordinates": [ 4344157.968797043897212, 5628027.403927387669683 ] } },
{ "type": "Feature", "properties": { "ID": 50016277, "Address": "\nулица имени Валерия Гассия, 22", "lat": 44.989585, "long": 39.075089, "population_x": 36000.0, "type": "pvz", "hex_id": 49, "poi_amenity": 0, "poi_shop": 1, "poi_office": 0, "poi_leisure": 0, "poi_tourism": 0, "population_y": 36000.0, "car_traffic": 6500.0, "foot_traffic": 21000.0, "poi_transport": 0, "attractiveness": 0.25, "coef_amenity": 18430.381326936713, "coef_shop": 816.48054428245212, "coef_office": -500.59205809413294 }, "geometry": { "type": "Point", "coordinates": [ 4349819.010181845165789, 5619882.006594757549465 ] } },
{ "type": "Feature", "properties": { "ID": 207218, "Address": "улица имени Валерия Гассия, 13", "lat": 44.99174, "long": 39.074271, "population_x": 36000.0, "type": "pvz", "hex_id": 49, "poi_amenity": 4, "poi_shop": 2, "poi_office": 0, "poi_leisure": 0, "poi_tourism": 0, "population_y": 36000.0, "car_traffic": 6500.0, "foot_traffic": 21000.0, "poi_transport": 1, "attractiveness": 2.0, "coef_amenity": 18231.119124336561, "coef_shop": 847.48805886618823, "coef_office": -491.85504560010185 }, "geometry": { "type": "Point", "coordinates": [ 4349727.950838376767933, 5620221.211963970214128 ] } },
{ "type": "Feature", "properties": { "ID": 3849, "Address": "улица Автолюбителей, 1Дк1", "lat": 44.995883, "long": 39.068136, "population_x": 36000.0, "type": "pvz", "hex_id": 49, "poi_amenity": 2, "poi_shop": 1, "poi_office": 0, "poi_leisure": 0, "poi_tourism": 0, "population_y": 36000.0, "car_traffic": 6500.0, "foot_traffic": 21000.0, "poi_transport": 2, "attractiveness": 1.15, "coef_amenity": 16521.365091368178, "coef_shop": 1344.3975977986258, "coef_office": -716.2624521011038 }, "geometry": { "type": "Point", "coordinates": [ 4349045.005762360058725, 5620873.372086435556412 ] } },
{ "type": "Feature", "properties": { "ID": 50017560, "Address": "улица Автолюбителей, 1Гк2", "lat": 44.99647, "long": 39.066178, "population_x": 10000.0, "type": "pvz", "hex_id": 41, "poi_amenity": 0, "poi_shop": 0, "poi_office": 0, "poi_leisure": 0, "poi_tourism": 0, "population_y": 10000.0, "car_traffic": 5000.0, "foot_traffic": 9000.0, "poi_transport": 0, "attractiveness": 0.05, "coef_amenity": 15932.916504187553, "coef_shop": 1518.0095098432721, "coef_office": -801.70392232114409 }, "geometry": { "type": "Point", "coordinates": [ 4348827.042199386283755, 5620965.777056457474828 ] } },
{ "type": "Feature", "properties": { "ID": 323326, "Address": "улица Автолюбителей, 1/7к3", "lat": 44.997967, "long": 39.067265, "population_x": 10000.0, "type": "pvz", "hex_id": 41, "poi_amenity": 0, "poi_shop": 2, "poi_office": 0, "poi_leisure": 0, "poi_tourism": 0, "population_y": 10000.0, "car_traffic": 5000.0, "foot_traffic": 9000.0, "poi_transport": 0, "attractiveness": 0.5, "coef_amenity": 15730.189208238358, "coef_shop": 1558.8461079223011, "coef_office": -811.35080867208285 }, "geometry": { "type": "Point", "coordinates": [ 4348948.046485878527164, 5621201.437628152780235 ] } },
{ "type": "Feature", "properties": { "ID": 161324, "Address": "улица Автолюбителей, 1/7к2", "lat": 44.999127, "long": 39.065818, "population_x": 10000.0, "type": "pvz", "hex_id": 41, "poi_amenity": 0, "poi_shop": 4, "poi_office": 0, "poi_leisure": 0, "poi_tourism": 0, "population_y": 10000.0, "car_traffic": 5000.0, "foot_traffic": 9000.0, "poi_transport": 0, "attractiveness": 1.0, "coef_amenity": 15161.20344150096, "coef_shop": 1655.1605958705406, "coef_office": -858.90457447771064 }, "geometry": { "type": "Point", "coordinates": [ 4348786.967182701453567, 5621384.051256224513054 ] } },
{ "type": "Feature", "properties": { "ID": 150554, "Address": "улица Автолюбителей, 1/3к1", "lat": 45.000313, "long": 39.067292, "population_x": 10000.0, "type": "pvz", "hex_id": 41, "poi_amenity": 1, "poi_shop": 4, "poi_office": 0, "poi_leisure": 0, "poi_tourism": 0, "population_y": 10000.0, "car_traffic": 5000.0, "foot_traffic": 9000.0, "poi_transport": 0, "attractiveness": 1.35, "coef_amenity": 15238.215978071812, "coef_shop": 1608.9539908793233, "coef_office": -830.56530554011761 }, "geometry": { "type": "Point", "coordinates": [ 4348951.052112130448222, 5621570.761770687997341 ] } },
{ "type": "Feature", "properties": { "ID": 150729, "Address": "улица имени Валерия Гассия, 21", "lat": 44.99283, "long": 39.076526, "population_x": 36000.0, "type": "pvz", "hex_id": 49, "poi_amenity": 0, "poi_shop": 1, "poi_office": 0, "poi_leisure": 0, "poi_tourism": 0, "population_y": 36000.0, "car_traffic": 6500.0, "foot_traffic": 21000.0, "poi_transport": 2, "attractiveness": 0.45, "coef_amenity": 18617.163693655682, "coef_shop": 736.56474292143992, "coef_office": -442.62179421779683 }, "geometry": { "type": "Point", "coordinates": [ 4349978.97629011515528, 5620392.787054241634905 ] } },
{ "type": "Feature", "properties": { "ID": 308260, "Address": "проспект имени писателя Знаменского, 32", "lat": 44.994309, "long": 39.075251, "population_x": 36000.0, "type": "pvz", "hex_id": 49, "poi_amenity": 2, "poi_shop": 2, "poi_office": 0, "poi_leisure": 0, "poi_tourism": 0, "population_y": 36000.0, "car_traffic": 6500.0, "foot_traffic": 21000.0, "poi_transport": 0, "attractiveness": 1.2, "coef_amenity": 18333.267255327872, "coef_shop": 797.05497619061146, "coef_office": -450.16983703995271 }, "geometry": { "type": "Point", "coordinates": [ 4349837.043939353898168, 5620625.599206676706672 ] } },
{ "type": "Feature", "properties": { "ID": 170609, "Address": "проспект имени писателя Знаменского, 12", "lat": 44.996642, "long": 39.073535, "population_x": 36000.0, "type": "pvz", "hex_id": 49, "poi_amenity": 7, "poi_shop": 2, "poi_office": 1, "poi_leisure": 1, "poi_tourism": 0, "population_y": 36000.0, "car_traffic": 6500.0, "foot_traffic": 21000.0, "poi_transport": 0, "attractiveness": 3.2, "coef_amenity": 17837.945547108884, "coef_shop": 915.84609604655122, "coef_office": -492.44442102662299 }, "geometry": { "type": "Point", "coordinates": [ 4349646.019693152979016, 5620992.853308762423694 ] } },
{ "type": "Feature", "properties": { "ID": 308296, "Address": "проспект имени писателя Знаменского, 9к2", "lat": 44.996266, "long": 39.075673, "population_x": 36000.0, "type": "pvz", "hex_id": 49, "poi_amenity": 6, "poi_shop": 3, "poi_office": 1, "poi_leisure": 1, "poi_tourism": 0, "population_y": 36000.0, "car_traffic": 6500.0, "foot_traffic": 21000.0, "poi_transport": 0, "attractiveness": 3.1, "coef_amenity": 18397.468140534827, "coef_shop": 762.06358837483606, "coef_office": -417.67237131637262 }, "geometry": { "type": "Point", "coordinates": [ 4349884.02076446916908, 5620933.663467222824693 ] } },
{ "type": "Feature", "properties": { "ID": 211593, "Address": "проспект имени писателя Знаменского, 9к3", "lat": 44.995386, "long": 39.076391, "population_x": 36000.0, "type": "pvz", "hex_id": 49, "poi_amenity": 3, "poi_shop": 3, "poi_office": 1, "poi_leisure": 0, "poi_tourism": 0, "population_y": 36000.0, "car_traffic": 6500.0, "foot_traffic": 21000.0, "poi_transport": 0, "attractiveness": 1.9999999999999998, "coef_amenity": 18555.378711794699, "coef_shop": 729.91105928908496, "coef_office": -412.51459382380955 }, "geometry": { "type": "Point", "coordinates": [ 4349963.948158858343959, 5620795.135569015517831 ] } },
{ "type": "Feature", "properties": { "ID": 308296, "Address": "проспект имени писателя Знаменского, 9к2", "lat": 44.996266, "long": 39.075673, "population_x": 36000.0, "type": "pvz", "hex_id": 49, "poi_amenity": 6, "poi_shop": 3, "poi_office": 1, "poi_leisure": 1, "poi_tourism": 0, "population_y": 36000.0, "car_traffic": 6500.0, "foot_traffic": 21000.0, "poi_transport": 0, "attractiveness": 3.1, "coef_amenity": 18397.468140534827, "coef_shop": 762.06358837483606, "coef_office": -417.67237131637262 }, "geometry": { "type": "Point", "coordinates": [ 4349884.02076446916908, 5620933.663467222824693 ] } },
{ "type": "Feature", "properties": { "ID": 50016142, "Address": "улица имени Снесарева, 18", "lat": 44.995105, "long": 39.078808, "population_x": 36000.0, "type": "pvz", "hex_id": 49, "poi_amenity": 1, "poi_shop": 0, "poi_office": 0, "poi_leisure": 0, "poi_tourism": 0, "population_y": 36000.0, "car_traffic": 6500.0, "foot_traffic": 21000.0, "poi_transport": 0, "attractiveness": 0.35, "coef_amenity": 19194.971201488286, "coef_shop": 549.20639972882327, "coef_office": -342.1817698069259 }, "geometry": { "type": "Point", "coordinates": [ 4350233.007368106395006, 5620750.901540524326265 ] } },
{ "type": "Feature", "properties": { "ID": 151814, "Address": "улица имени Снесарева, 10к3", "lat": 44.996304, "long": 39.078682, "population_x": 36000.0, "type": "pvz", "hex_id": 49, "poi_amenity": 1, "poi_shop": 1, "poi_office": 0, "poi_leisure": 0, "poi_tourism": 0, "population_y": 36000.0, "car_traffic": 6500.0, "foot_traffic": 21000.0, "poi_transport": 0, "attractiveness": 0.6, "coef_amenity": 19191.6937796167, "coef_shop": 542.56273410220285, "coef_office": -323.2095098410386 }, "geometry": { "type": "Point", "coordinates": [ 4350218.981112265959382, 5620939.645401651971042 ] } },
{ "type": "Feature", "properties": { "ID": 308309, "Address": "улица имени Снесарева, 10к1", "lat": 44.996948, "long": 39.079122, "population_x": 36000.0, "type": "pvz", "hex_id": 49, "poi_amenity": 1, "poi_shop": 1, "poi_office": 0, "poi_leisure": 0, "poi_tourism": 0, "population_y": 36000.0, "car_traffic": 6500.0, "foot_traffic": 21000.0, "poi_transport": 0, "attractiveness": 0.6, "coef_amenity": 19372.106287752529, "coef_shop": 487.15295687687467, "coef_office": -290.2518750180422 }, "geometry": { "type": "Point", "coordinates": [ 4350267.961688214913011, 5621041.024051564745605 ] } },
{ "type": "Feature", "properties": { "ID": 50008206, "Address": "улица имени Невкипелого, 10", "lat": 44.998375, "long": 39.076266, "population_x": 36000.0, "type": "pvz", "hex_id": 49, "poi_amenity": 2, "poi_shop": 2, "poi_office": 0, "poi_leisure": 0, "poi_tourism": 0, "population_y": 36000.0, "car_traffic": 6500.0, "foot_traffic": 21000.0, "poi_transport": 1, "attractiveness": 1.3, "coef_amenity": 18570.035585319125, "coef_shop": 707.11598756010915, "coef_office": -376.92210332980818 }, "geometry": { "type": "Point", "coordinates": [ 4349950.033222508616745, 5621265.66682758089155 ] } },
{ "type": "Feature", "properties": { "ID": 125738, "Address": "улица имени Невкипелого, 6", "lat": 44.999797, "long": 39.075655, "population_x": 36000.0, "type": "pvz", "hex_id": 49, "poi_amenity": 2, "poi_shop": 2, "poi_office": 0, "poi_leisure": 0, "poi_tourism": 0, "population_y": 36000.0, "car_traffic": 6500.0, "foot_traffic": 21000.0, "poi_transport": 4, "attractiveness": 1.6, "coef_amenity": 18387.635905683903, "coef_shop": 752.7114147736761, "coef_office": -392.43234866056383 }, "geometry": { "type": "Point", "coordinates": [ 4349882.017013634555042, 5621489.528053352609277 ] } },
{ "type": "Feature", "properties": { "ID": 160054, "Address": "улица имени Невкипелого, 21/4", "lat": 45.00044, "long": 39.076553, "population_x": 36000.0, "type": "pvz", "hex_id": 49, "poi_amenity": 3, "poi_shop": 4, "poi_office": 0, "poi_leisure": 0, "poi_tourism": 0, "population_y": 36000.0, "car_traffic": 6500.0, "foot_traffic": 21000.0, "poi_transport": 5, "attractiveness": 2.55, "coef_amenity": 18818.910828947828, "coef_shop": 654.52437602703276, "coef_office": -343.64183900396347 }, "geometry": { "type": "Point", "coordinates": [ 4349981.981916366145015, 5621590.755452842451632 ] } },
{ "type": "Feature", "properties": { "ID": 50005090, "Address": "улица имени Снесарева, 17/1к1", "lat": 44.995118, "long": 39.089192, "population_x": 36000.0, "type": "pvz", "hex_id": 49, "poi_amenity": 0, "poi_shop": 1, "poi_office": 0, "poi_leisure": 0, "poi_tourism": 0, "population_y": 36000.0, "car_traffic": 6500.0, "foot_traffic": 21000.0, "poi_transport": 0, "attractiveness": 0.25, "coef_amenity": 20398.826471787423, "coef_shop": 90.637053029566573, "coef_office": -20.275840836301157 }, "geometry": { "type": "Point", "coordinates": [ 4351388.948960502631962, 5620752.947949866764247 ] } },
{ "type": "Feature", "properties": { "ID": 132759, "Address": "улица имени Невкипелого, 24/2к1", "lat": 44.997853, "long": 39.08718, "population_x": 36000.0, "type": "pvz", "hex_id": 49, "poi_amenity": 0, "poi_shop": 1, "poi_office": 0, "poi_leisure": 0, "poi_tourism": 0, "population_y": 36000.0, "car_traffic": 6500.0, "foot_traffic": 21000.0, "poi_transport": 0, "attractiveness": 0.25, "coef_amenity": 20550.828164452847, "coef_shop": 89.640392549645554, "coef_office": -6.6430198459117618 }, "geometry": { "type": "Point", "coordinates": [ 4351164.974145026877522, 5621183.491315940394998 ] } },
{ "type": "Feature", "properties": { "ID": 211201, "Address": "улица Гидростроителей, 59/2лит1", "lat": 45.001957, "long": 39.087162, "population_x": 36000.0, "type": "pvz", "hex_id": 49, "poi_amenity": 0, "poi_shop": 1, "poi_office": 0, "poi_leisure": 0, "poi_tourism": 0, "population_y": 36000.0, "car_traffic": 6500.0, "foot_traffic": 21000.0, "poi_transport": 0, "attractiveness": 0.25, "coef_amenity": 20556.460329840029, "coef_shop": 62.805794752731437, "coef_office": 75.783558575575185 }, "geometry": { "type": "Point", "coordinates": [ 4351162.970394192263484, 5621829.581051140092313 ] } },
{ "type": "Feature", "properties": { "ID": 157562, "Address": "улица Гидростроителей, 62к2", "lat": 45.002798, "long": 39.085743, "population_x": 36000.0, "type": "pvz", "hex_id": 49, "poi_amenity": 1, "poi_shop": 5, "poi_office": 1, "poi_leisure": 0, "poi_tourism": 0, "population_y": 36000.0, "car_traffic": 6500.0, "foot_traffic": 21000.0, "poi_transport": 0, "attractiveness": 1.8, "coef_amenity": 20932.735875266353, "coef_shop": 94.445931094145948, "coef_office": -10.204011279717619 }, "geometry": { "type": "Point", "coordinates": [ 4351005.008036756888032, 5621961.984783167019486 ] } },
{ "type": "Feature", "properties": { "ID": 211055, "Address": "улица имени Дмитрия Благоева, 31к2", "lat": 45.002206, "long": 39.082805, "population_x": 36000.0, "type": "pvz", "hex_id": 49, "poi_amenity": 3, "poi_shop": 3, "poi_office": 0, "poi_leisure": 0, "poi_tourism": 0, "population_y": 36000.0, "car_traffic": 6500.0, "foot_traffic": 21000.0, "poi_transport": 1, "attractiveness": 1.9, "coef_amenity": 21064.554753801443, "coef_shop": 162.17844759870815, "coef_office": -87.145428218836273 }, "geometry": { "type": "Point", "coordinates": [ 4350677.951372806914151, 5621868.782429190352559 ] } },
{ "type": "Feature", "properties": { "ID": 211508, "Address": "улица имени Дмитрия Благоева, 48", "lat": 45.00262, "long": 39.081458, "population_x": 36000.0, "type": "pvz", "hex_id": 49, "poi_amenity": 2, "poi_shop": 4, "poi_office": 0, "poi_leisure": 0, "poi_tourism": 0, "population_y": 36000.0, "car_traffic": 6500.0, "foot_traffic": 21000.0, "poi_transport": 2, "attractiveness": 1.9, "coef_amenity": 21216.062802274711, "coef_shop": 173.68179808444378, "coef_office": -111.63808195530068 }, "geometry": { "type": "Point", "coordinates": [ 4350528.004018708132207, 5621933.961001156829298 ] } },
{ "type": "Feature", "properties": { "ID": 103125, "Address": "улица Гидростроителей, 61", "lat": 45.003538, "long": 39.084548, "population_x": 36000.0, "type": "pvz", "hex_id": 49, "poi_amenity": 3, "poi_shop": 7, "poi_office": 1, "poi_leisure": 0, "poi_tourism": 0, "population_y": 36000.0, "car_traffic": 6500.0, "foot_traffic": 21000.0, "poi_transport": 0, "attractiveness": 3.0, "coef_amenity": 21330.937606156407, "coef_shop": 125.97331308842708, "coef_office": -94.100763387649579 }, "geometry": { "type": "Point", "coordinates": [ 4350871.981245258823037, 5622078.489079996012151 ] } },
{ "type": "Feature", "properties": { "ID": 50018097, "Address": "улица Гидростроителей, 65", "lat": 45.004086, "long": 39.085851, "population_x": 36000.0, "type": "pvz", "hex_id": 49, "poi_amenity": 1, "poi_shop": 3, "poi_office": 1, "poi_leisure": 0, "poi_tourism": 0, "population_y": 36000.0, "car_traffic": 6500.0, "foot_traffic": 21000.0, "poi_transport": 0, "attractiveness": 1.3, "coef_amenity": 21121.072551542318, "coef_shop": 114.28248093995039, "coef_office": -78.72475965262133 }, "geometry": { "type": "Point", "coordinates": [ 4351017.030541762709618, 5622164.76620480697602 ] } },
{ "type": "Feature", "properties": { "ID": 50016375, "Address": "улица Трудовой Славы, 62Ак3", "lat": 45.006208, "long": 39.088447, "population_x": 36000.0, "type": "pvz", "hex_id": 49, "poi_amenity": 1, "poi_shop": 2, "poi_office": 0, "poi_leisure": 0, "poi_tourism": 0, "population_y": 36000.0, "car_traffic": 6500.0, "foot_traffic": 21000.0, "poi_transport": 0, "attractiveness": 0.85, "coef_amenity": 20169.323448924166, "coef_shop": 77.340781542010447, "coef_office": -20.407026638190047 }, "geometry": { "type": "Point", "coordinates": [ 4351306.015939862467349, 5622498.861689086072147 ] } },
{ "type": "Feature", "properties": { "ID": 211709, "Address": "улица Трудовой Славы, 29/1", "lat": 45.006858, "long": 39.086336, "population_x": 36000.0, "type": "pvz", "hex_id": 49, "poi_amenity": 0, "poi_shop": 1, "poi_office": 0, "poi_leisure": 0, "poi_tourism": 0, "population_y": 36000.0, "car_traffic": 6500.0, "foot_traffic": 21000.0, "poi_transport": 0, "attractiveness": 0.25, "coef_amenity": 21531.203311256017, "coef_shop": 161.7877820828559, "coef_office": -278.94616093482216 }, "geometry": { "type": "Point", "coordinates": [ 4351071.02049479726702, 5622601.202555762603879 ] } },
{ "type": "Feature", "properties": { "ID": 202312, "Address": "улица имени Дмитрия Благоева, 29к1", "lat": 45.005297, "long": 39.083021, "population_x": 36000.0, "type": "pvz", "hex_id": 49, "poi_amenity": 3, "poi_shop": 1, "poi_office": 0, "poi_leisure": 0, "poi_tourism": 0, "population_y": 36000.0, "car_traffic": 6500.0, "foot_traffic": 21000.0, "poi_transport": 0, "attractiveness": 1.3, "coef_amenity": 22429.768251034078, "coef_shop": 188.7203863420815, "coef_office": -296.37929907699828 }, "geometry": { "type": "Point", "coordinates": [ 4350701.996382817625999, 5622355.428982562385499 ] } },
{ "type": "Feature", "properties": { "ID": 134717, "Address": "улица имени Дмитрия Благоева, 27/6", "lat": 45.005928, "long": 39.08162, "population_x": 36000.0, "type": "pvz", "hex_id": 49, "poi_amenity": 14, "poi_shop": 5, "poi_office": 0, "poi_leisure": 1, "poi_tourism": 0, "population_y": 36000.0, "car_traffic": 6500.0, "foot_traffic": 21000.0, "poi_transport": 1, "attractiveness": 6.3, "coef_amenity": 23202.939834816181, "coef_shop": 203.46301942377229, "coef_office": -378.26600605536424 }, "geometry": { "type": "Point", "coordinates": [ 4350546.037776215933263, 5622454.776750534772873 ] } },
{ "type": "Feature", "properties": { "ID": 214183, "Address": "улица имени Дмитрия Благоева, 19", "lat": 45.007725, "long": 39.080425, "population_x": 36000.0, "type": "pvz", "hex_id": 49, "poi_amenity": 0, "poi_shop": 3, "poi_office": 0, "poi_leisure": 0, "poi_tourism": 0, "population_y": 36000.0, "car_traffic": 6500.0, "foot_traffic": 21000.0, "poi_transport": 2, "attractiveness": 0.95, "coef_amenity": 24722.454751985784, "coef_shop": 197.27956880012005, "coef_office": -494.92462875687812 }, "geometry": { "type": "Point", "coordinates": [ 4350413.010984717868268, 5622737.711334737017751 ] } },
{ "type": "Feature", "properties": { "ID": 312425, "Address": "улица имени Игнатова, 63/1", "lat": 45.003149, "long": 39.071585, "population_x": 36000.0, "type": "pvz", "hex_id": 49, "poi_amenity": 5, "poi_shop": 3, "poi_office": 0, "poi_leisure": 0, "poi_tourism": 0, "population_y": 36000.0, "car_traffic": 6500.0, "foot_traffic": 21000.0, "poi_transport": 3, "attractiveness": 2.8, "coef_amenity": 17213.913458242198, "coef_shop": 1137.191821009282, "coef_office": -638.7169131979158 }, "geometry": { "type": "Point", "coordinates": [ 4349428.946686105802655, 5622017.24541742913425 ] } },
{ "type": "Feature", "properties": { "ID": 173129, "Address": "улица Трудовой Славы, 10", "lat": 45.005354, "long": 39.071136, "population_x": 36000.0, "type": "pvz", "hex_id": 49, "poi_amenity": 12, "poi_shop": 15, "poi_office": 0, "poi_leisure": 0, "poi_tourism": 0, "population_y": 36000.0, "car_traffic": 6500.0, "foot_traffic": 21000.0, "poi_transport": 1, "attractiveness": 8.05, "coef_amenity": 19260.314875895641, "coef_shop": 956.85472953357123, "coef_office": -672.45823930647623 }, "geometry": { "type": "Point", "coordinates": [ 4349378.964234739542007, 5622364.40330016054213 ] } },
{ "type": "Feature", "properties": { "ID": 322864, "Address": "улица имени Игнатова, 55", "lat": 45.006476, "long": 39.072663, "population_x": 36000.0, "type": "pvz", "hex_id": 49, "poi_amenity": 12, "poi_shop": 14, "poi_office": 1, "poi_leisure": 0, "poi_tourism": 0, "population_y": 36000.0, "car_traffic": 6500.0, "foot_traffic": 21000.0, "poi_transport": 1, "attractiveness": 7.9999999999999991, "coef_amenity": 21654.624379990742, "coef_shop": 683.247354509601, "coef_office": -627.59986873088144 }, "geometry": { "type": "Point", "coordinates": [ 4349548.949097180739045, 5622541.057474959641695 ] } },
{ "type": "Feature", "properties": { "ID": 111208, "Address": "улица имени Игнатова, 16", "lat": 45.007425, "long": 39.071936, "population_x": 28000.0, "type": "pvz", "hex_id": 50, "poi_amenity": 8, "poi_shop": 4, "poi_office": 0, "poi_leisure": 0, "poi_tourism": 0, "population_y": 28000.0, "car_traffic": 24000.0, "foot_traffic": 34000.0, "poi_transport": 2, "attractiveness": 4.0, "coef_amenity": 22549.363015091611, "coef_shop": 611.87876622291276, "coef_office": -637.23452055767257 }, "geometry": { "type": "Point", "coordinates": [ 4349468.019827374257147, 5622690.476229340769351 ] } },
{ "type": "Feature", "properties": { "ID": 162886, "Address": "улица Автолюбителей, 52/3", "lat": 45.008623, "long": 39.068163, "population_x": 28000.0, "type": "pvz", "hex_id": 50, "poi_amenity": 5, "poi_shop": 4, "poi_office": 0, "poi_leisure": 1, "poi_tourism": 0, "population_y": 28000.0, "car_traffic": 24000.0, "foot_traffic": 34000.0, "poi_transport": 0, "attractiveness": 2.8, "coef_amenity": 22051.064775241175, "coef_shop": 597.66055680896909, "coef_office": -649.69806873865969 }, "geometry": { "type": "Point", "coordinates": [ 4349048.01138861104846, 5622879.103228806518018 ] } },
{ "type": "Feature", "properties": { "ID": 364170, "Address": "Парусная улица, 20/2", "lat": 45.004468, "long": 39.064094, "population_x": 10000.0, "type": "pvz", "hex_id": 41, "poi_amenity": 1, "poi_shop": 2, "poi_office": 0, "poi_leisure": 0, "poi_tourism": 0, "population_y": 10000.0, "car_traffic": 5000.0, "foot_traffic": 9000.0, "poi_transport": 0, "attractiveness": 0.85, "coef_amenity": 15749.074375378736, "coef_shop": 1393.6444009431282, "coef_office": -855.74355276756285 }, "geometry": { "type": "Point", "coordinates": [ 4348595.052380573004484, 5622224.908776330761611 ] } },
{ "type": "Feature", "properties": { "ID": 50015247, "Address": "Парусная улица, 10к1", "lat": 45.005603, "long": 39.062962, "population_x": 10000.0, "type": "pvz", "hex_id": 41, "poi_amenity": 2, "poi_shop": 2, "poi_office": 0, "poi_leisure": 0, "poi_tourism": 0, "population_y": 10000.0, "car_traffic": 5000.0, "foot_traffic": 9000.0, "poi_transport": 0, "attractiveness": 1.2, "coef_amenity": 16639.807666300134, "coef_shop": 1106.75955265584, "coef_office": -699.21838821059271 }, "geometry": { "type": "Point", "coordinates": [ 4348469.038716995157301, 5622403.607002788223326 ] } },
{ "type": "Feature", "properties": { "ID": 50019608, "Address": "улица имени Игнатова, 41", "lat": 45.009235, "long": 39.073319, "population_x": 28000.0, "type": "pvz", "hex_id": 50, "poi_amenity": 7, "poi_shop": 4, "poi_office": 1, "poi_leisure": 0, "poi_tourism": 0, "population_y": 28000.0, "car_traffic": 24000.0, "foot_traffic": 34000.0, "poi_transport": 1, "attractiveness": 3.75, "coef_amenity": 25052.054382889368, "coef_shop": 298.32161909647306, "coef_office": -557.93813658868157 }, "geometry": { "type": "Point", "coordinates": [ 4349621.974683141335845, 5622975.465121643617749 ] } },
{ "type": "Feature", "properties": { "ID": 323085, "Address": "улица имени Игнатова, 4/4", "lat": 45.011032, "long": 39.070795, "population_x": 28000.0, "type": "pvz", "hex_id": 50, "poi_amenity": 2, "poi_shop": 4, "poi_office": 1, "poi_leisure": 0, "poi_tourism": 0, "population_y": 28000.0, "car_traffic": 24000.0, "foot_traffic": 34000.0, "poi_transport": 1, "attractiveness": 2.0, "coef_amenity": 26060.913593005058, "coef_shop": 146.6179808674014, "coef_office": -519.66570706999391 }, "geometry": { "type": "Point", "coordinates": [ 4349341.004288378171623, 5623258.416041580960155 ] } },
{ "type": "Feature", "properties": { "ID": 124885, "Address": "улица имени В.Н. Мачуги, 6", "lat": 45.011867, "long": 39.069789, "population_x": 28000.0, "type": "pvz", "hex_id": 50, "poi_amenity": 3, "poi_shop": 4, "poi_office": 2, "poi_leisure": 0, "poi_tourism": 0, "population_y": 28000.0, "car_traffic": 24000.0, "foot_traffic": 34000.0, "poi_transport": 2, "attractiveness": 2.65, "coef_amenity": 26465.938100616793, "coef_shop": 46.88995929902871, "coef_office": -470.63873380706059 }, "geometry": { "type": "Point", "coordinates": [ 4349229.016880640760064, 5623389.895978624932468 ] } },
{ "type": "Feature", "properties": { "ID": 164144, "Address": "улица имени Игнатова, 5", "lat": 45.011057, "long": 39.0749, "population_x": 28000.0, "type": "pvz", "hex_id": 50, "poi_amenity": 0, "poi_shop": 1, "poi_office": 0, "poi_leisure": 0, "poi_tourism": 0, "population_y": 28000.0, "car_traffic": 24000.0, "foot_traffic": 34000.0, "poi_transport": 2, "attractiveness": 0.45, "coef_amenity": 27397.916066108945, "coef_shop": 80.743328997892391, "coef_office": -521.69497882513099 }, "geometry": { "type": "Point", "coordinates": [ 4349797.970798085443676, 5623262.352538804523647 ] } },
{ "type": "Feature", "properties": { "ID": 311985, "Address": "улица имени В.Н. Мачуги, 68/4", "lat": 45.011663, "long": 39.076796, "population_x": 28000.0, "type": "pvz", "hex_id": 50, "poi_amenity": 1, "poi_shop": 1, "poi_office": 0, "poi_leisure": 0, "poi_tourism": 1, "population_y": 28000.0, "car_traffic": 24000.0, "foot_traffic": 34000.0, "poi_transport": 0, "attractiveness": 0.65, "coef_amenity": 27501.984731094984, "coef_shop": 77.92902750943918, "coef_office": -524.31642144256 }, "geometry": { "type": "Point", "coordinates": [ 4350009.032552629709244, 5623357.773757173679769 ] } },
{ "type": "Feature", "properties": { "ID": 340344, "Address": "Трамвайная улица, 15", "lat": 45.015358, "long": 39.064282, "population_x": 28000.0, "type": "pvz", "hex_id": 50, "poi_amenity": 4, "poi_shop": 2, "poi_office": 0, "poi_leisure": 0, "poi_tourism": 0, "population_y": 28000.0, "car_traffic": 24000.0, "foot_traffic": 34000.0, "poi_transport": 6, "attractiveness": 2.5, "coef_amenity": 32732.723080572679, "coef_shop": -435.20592175788187, "coef_office": -533.31851795741181 }, "geometry": { "type": "Point", "coordinates": [ 4348615.980444842018187, 5623939.613099729642272 ] } },
{ "type": "Feature", "properties": { "ID": 307096, "Address": "улица Кирова, 28", "lat": 45.01388, "long": 39.073328, "population_x": 28000.0, "type": "pvz", "hex_id": 50, "poi_amenity": 2, "poi_shop": 3, "poi_office": 0, "poi_leisure": 0, "poi_tourism": 0, "population_y": 28000.0, "car_traffic": 24000.0, "foot_traffic": 34000.0, "poi_transport": 2, "attractiveness": 1.65, "coef_amenity": 29848.768338744219, "coef_shop": -134.83276151775246, "coef_office": -468.53153188696052 }, "geometry": { "type": "Point", "coordinates": [ 4349622.976558557711542, 5623706.872857822105289 ] } },
{ "type": "Feature", "properties": { "ID": 327619, "Address": "улица имени Дмитрия Благоева, 5", "lat": 45.011542, "long": 39.08091, "population_x": 28000.0, "type": "pvz", "hex_id": 50, "poi_amenity": 0, "poi_shop": 3, "poi_office": 0, "poi_leisure": 0, "poi_tourism": 0, "population_y": 28000.0, "car_traffic": 24000.0, "foot_traffic": 34000.0, "poi_transport": 2, "attractiveness": 0.95, "coef_amenity": 26350.870324933854, "coef_shop": 130.80800221561154, "coef_office": -532.76192657432875 }, "geometry": { "type": "Point", "coordinates": [ 4350467.000937753356993, 5623338.720924979075789 ] } },
{ "type": "Feature", "properties": { "ID": 322154, "Address": "Колхозная улица, 17", "lat": 45.014511, "long": 39.080218, "population_x": 28000.0, "type": "pvz", "hex_id": 50, "poi_amenity": 0, "poi_shop": 0, "poi_office": 1, "poi_leisure": 0, "poi_tourism": 0, "population_y": 28000.0, "car_traffic": 24000.0, "foot_traffic": 34000.0, "poi_transport": 3, "attractiveness": 0.5, "coef_amenity": 28031.503094728771, "coef_shop": -9.9462191376852402, "coef_office": -415.72232990755384 }, "geometry": { "type": "Point", "coordinates": [ 4350389.967850124463439, 5623806.235514511354268 ] } },
{ "type": "Feature", "properties": { "ID": 50002241, "Address": "улица имени Евдокии Бершанской, 1/3", "lat": 45.018213, "long": 39.079715, "population_x": 28000.0, "type": "pvz", "hex_id": 50, "poi_amenity": 1, "poi_shop": 1, "poi_office": 0, "poi_leisure": 0, "poi_tourism": 0, "population_y": 28000.0, "car_traffic": 24000.0, "foot_traffic": 34000.0, "poi_transport": 4, "attractiveness": 1.0, "coef_amenity": 28854.634369387186, "coef_shop": 41.262668667256804, "coef_office": -66.881402158548468 }, "geometry": { "type": "Point", "coordinates": [ 4350333.974146254360676, 5624389.206151482649148 ] } },
{ "type": "Feature", "properties": { "ID": 143503, "Address": "Садовая улица, 6", "lat": 45.029158, "long": 38.991231, "population_x": 21000.0, "type": "pvz", "hex_id": 27, "poi_amenity": 6, "poi_shop": 6, "poi_office": 0, "poi_leisure": 0, "poi_tourism": 1, "population_y": 21000.0, "car_traffic": 52000.0, "foot_traffic": 95000.0, "poi_transport": 6, "attractiveness": 4.25, "coef_amenity": 84225.952596815725, "coef_shop": 473.95310474834361, "coef_office": -148.5285567253085 }, "geometry": { "type": "Point", "coordinates": [ 4340483.98032290302217, 5626112.985145197249949 ] } },
{ "type": "Feature", "properties": { "ID": 310983, "Address": "улица Трудовой Славы, 43", "lat": 45.008241, "long": 39.093819, "population_x": 14000.0, "type": "pvz", "hex_id": 57, "poi_amenity": 0, "poi_shop": 1, "poi_office": 0, "poi_leisure": 0, "poi_tourism": 0, "population_y": 14000.0, "car_traffic": 30000.0, "foot_traffic": 14000.0, "poi_transport": 0, "attractiveness": 0.25, "coef_amenity": 17296.020909899566, "coef_shop": -163.31985119606176, "coef_office": 436.94882870244311 }, "geometry": { "type": "Point", "coordinates": [ 4351904.024244403466582, 5622818.95629471167922 ] } },
{ "type": "Feature", "properties": { "ID": 5719, "Address": "Горячеключевская улица, 7", "lat": 45.004991, "long": 39.108982, "population_x": 14000.0, "type": "pvz", "hex_id": 57, "poi_amenity": 1, "poi_shop": 1, "poi_office": 0, "poi_leisure": 0, "poi_tourism": 0, "population_y": 14000.0, "car_traffic": 30000.0, "foot_traffic": 14000.0, "poi_transport": 1, "attractiveness": 0.7, "coef_amenity": 16215.84000166089, "coef_shop": -107.70129354794781, "coef_office": -326.60119342135147 }, "geometry": { "type": "Point", "coordinates": [ 4353591.961683301255107, 5622307.251219688914716 ] } },
{ "type": "Feature", "properties": { "ID": 157560, "Address": "улица Леонида Лаврова, 8к1ск3", "lat": 45.006061, "long": 39.10697, "population_x": 14000.0, "type": "pvz", "hex_id": 57, "poi_amenity": 4, "poi_shop": 3, "poi_office": 0, "poi_leisure": 1, "poi_tourism": 0, "population_y": 14000.0, "car_traffic": 30000.0, "foot_traffic": 14000.0, "poi_transport": 2, "attractiveness": 2.4, "coef_amenity": 16292.689755034924, "coef_shop": -98.979957694177401, "coef_office": -323.94008096347852 }, "geometry": { "type": "Point", "coordinates": [ 4353367.986867825500667, 5622475.717069478705525 ] } },
{ "type": "Feature", "properties": { "ID": 50007996, "Address": "улица Леонида Лаврова, 4", "lat": 45.007106, "long": 39.105245, "population_x": 14000.0, "type": "pvz", "hex_id": 57, "poi_amenity": 2, "poi_shop": 1, "poi_office": 0, "poi_leisure": 0, "poi_tourism": 0, "population_y": 14000.0, "car_traffic": 30000.0, "foot_traffic": 14000.0, "poi_transport": 1, "attractiveness": 1.05, "coef_amenity": 16341.869388539475, "coef_shop": -98.296229978679449, "coef_office": -316.88412532904306 }, "geometry": { "type": "Point", "coordinates": [ 4353175.960746207274497, 5622640.249838653951883 ] } },
{ "type": "Feature", "properties": { "ID": 50009382, "Address": "Бородинская улица, 156/2", "lat": 45.009369, "long": 39.100951, "population_x": 14000.0, "type": "pvz", "hex_id": 57, "poi_amenity": 4, "poi_shop": 2, "poi_office": 1, "poi_leisure": 0, "poi_tourism": 0, "population_y": 14000.0, "car_traffic": 30000.0, "foot_traffic": 14000.0, "poi_transport": 2, "attractiveness": 2.3, "coef_amenity": 16496.780841761411, "coef_shop": -118.19563459151442, "coef_office": -247.07736722354244 }, "geometry": { "type": "Point", "coordinates": [ 4352697.954852741211653, 5622996.564104860648513 ] } },
{ "type": "Feature", "properties": { "ID": 143340, "Address": "Бородинская улица, 152/А", "lat": 45.010777, "long": 39.099577, "population_x": 14000.0, "type": "pvz", "hex_id": 57, "poi_amenity": 3, "poi_shop": 2, "poi_office": 0, "poi_leisure": 0, "poi_tourism": 0, "population_y": 14000.0, "car_traffic": 30000.0, "foot_traffic": 14000.0, "poi_transport": 2, "attractiveness": 1.75, "coef_amenity": 16480.204479789296, "coef_shop": -154.86067601130779, "coef_office": -165.91885179764793 }, "geometry": { "type": "Point", "coordinates": [ 4352545.001872390508652, 5623218.263868036679924 ] } },
{ "type": "Feature", "properties": { "ID": 310983, "Address": "улица Трудовой Славы, 43", "lat": 45.008241, "long": 39.093819, "population_x": 14000.0, "type": "pvz", "hex_id": 57, "poi_amenity": 0, "poi_shop": 1, "poi_office": 0, "poi_leisure": 0, "poi_tourism": 0, "population_y": 14000.0, "car_traffic": 30000.0, "foot_traffic": 14000.0, "poi_transport": 0, "attractiveness": 0.25, "coef_amenity": 17296.020909899566, "coef_shop": -163.31985119606176, "coef_office": 436.94882870244311 }, "geometry": { "type": "Point", "coordinates": [ 4351904.024244403466582, 5622818.95629471167922 ] } },
{ "type": "Feature", "properties": { "ID": 171863, "Address": "улица имени В.Н. Мачуги, 166к1", "lat": 45.013899, "long": 39.094537, "population_x": 14000.0, "type": "pvz", "hex_id": 57, "poi_amenity": 1, "poi_shop": 1, "poi_office": 0, "poi_leisure": 0, "poi_tourism": 0, "population_y": 14000.0, "car_traffic": 30000.0, "foot_traffic": 14000.0, "poi_transport": 0, "attractiveness": 0.6, "coef_amenity": 17115.209543764293, "coef_shop": -311.07761793304962, "coef_office": 303.10955003991472 }, "geometry": { "type": "Point", "coordinates": [ 4351983.951638793572783, 5623709.864744333550334 ] } },
{ "type": "Feature", "properties": { "ID": 50005901, "Address": "\nулица имени В.Н. Мачуги, 166Ак1", "lat": 45.013874, "long": 39.09222, "population_x": 14000.0, "type": "pvz", "hex_id": 57, "poi_amenity": 1, "poi_shop": 3, "poi_office": 0, "poi_leisure": 0, "poi_tourism": 0, "population_y": 14000.0, "car_traffic": 30000.0, "foot_traffic": 14000.0, "poi_transport": 0, "attractiveness": 1.1, "coef_amenity": 17865.507293662009, "coef_shop": -270.12847304286936, "coef_office": 376.18627658485121 }, "geometry": { "type": "Point", "coordinates": [ 4351726.024378624744713, 5623705.928051760420203 ] } },
{ "type": "Feature", "properties": { "ID": 318076, "Address": "улица Леонида Лаврова, 91", "lat": 45.011733, "long": 39.117013, "population_x": 14000.0, "type": "pvz", "hex_id": 57, "poi_amenity": 0, "poi_shop": 0, "poi_office": 0, "poi_leisure": 0, "poi_tourism": 0, "population_y": 14000.0, "car_traffic": 30000.0, "foot_traffic": 14000.0, "poi_transport": 0, "attractiveness": 0.05, "coef_amenity": 14627.98455059194, "coef_shop": -93.815616460263882, "coef_office": -310.72574475763878 }, "geometry": { "type": "Point", "coordinates": [ 4354485.968513862229884, 5623368.796075169928372 ] } },
{ "type": "Feature", "properties": { "ID": 50001625, "Address": "Новопочтовая улица, 66", "lat": 45.015531, "long": 39.106907, "population_x": 14000.0, "type": "pvz", "hex_id": 57, "poi_amenity": 0, "poi_shop": 1, "poi_office": 0, "poi_leisure": 0, "poi_tourism": 0, "population_y": 14000.0, "car_traffic": 30000.0, "foot_traffic": 14000.0, "poi_transport": 1, "attractiveness": 0.35, "coef_amenity": 15677.587983403208, "coef_shop": 201.54297217034778, "coef_office": -410.65628516231021 }, "geometry": { "type": "Point", "coordinates": [ 4353360.973739905282855, 5623966.855753497220576 ] } },
{ "type": "Feature", "properties": { "ID": 311591, "Address": "улица Ярославского, 101", "lat": 45.02273, "long": 39.1113, "population_x": 14000.0, "type": "pvz", "hex_id": 57, "poi_amenity": 1, "poi_shop": 3, "poi_office": 0, "poi_leisure": 0, "poi_tourism": 0, "population_y": 14000.0, "car_traffic": 30000.0, "foot_traffic": 14000.0, "poi_transport": 0, "attractiveness": 1.1, "coef_amenity": 14895.435249405446, "coef_shop": 1204.2591395458503, "coef_office": -656.44921921602781 }, "geometry": { "type": "Point", "coordinates": [ 4353850.000262959860265, 5625100.569567517377436 ] } },
{ "type": "Feature", "properties": { "ID": 105020, "Address": "улица Фадеева, 243", "lat": 45.020112, "long": 39.10441, "population_x": 14000.0, "type": "pvz", "hex_id": 57, "poi_amenity": 0, "poi_shop": 0, "poi_office": 0, "poi_leisure": 0, "poi_tourism": 0, "population_y": 14000.0, "car_traffic": 30000.0, "foot_traffic": 14000.0, "poi_transport": 2, "attractiveness": 0.2, "coef_amenity": 16154.598771851053, "coef_shop": 1905.9586112695272, "coef_office": -885.03254333207394 }, "geometry": { "type": "Point", "coordinates": [ 4353083.008971394971013, 5624688.26487242616713 ] } },
{ "type": "Feature", "properties": { "ID": 302926, "Address": "Пролетарская улица, 39", "lat": 45.024648, "long": 39.106422, "population_x": 14000.0, "type": "pvz", "hex_id": 57, "poi_amenity": 3, "poi_shop": 5, "poi_office": 0, "poi_leisure": 0, "poi_tourism": 0, "population_y": 14000.0, "car_traffic": 30000.0, "foot_traffic": 14000.0, "poi_transport": 0, "attractiveness": 2.3, "coef_amenity": 16784.273208561262, "coef_shop": 2195.5991987506713, "coef_office": -958.37787893364987 }, "geometry": { "type": "Point", "coordinates": [ 4353306.983786871656775, 5625402.644332015886903 ] } },
{ "type": "Feature", "properties": { "ID": 309320, "Address": "улица Марии Демченко, 41", "lat": 45.023106, "long": 39.100071, "population_x": 14000.0, "type": "pvz", "hex_id": 57, "poi_amenity": 0, "poi_shop": 1, "poi_office": 0, "poi_leisure": 0, "poi_tourism": 0, "population_y": 14000.0, "car_traffic": 30000.0, "foot_traffic": 14000.0, "poi_transport": 0, "attractiveness": 0.25, "coef_amenity": 18716.869251437758, "coef_shop": 2221.4794309819777, "coef_office": -1018.1221671041544 }, "geometry": { "type": "Point", "coordinates": [ 4352599.993700842373073, 5625159.786763457581401 ] } },
{ "type": "Feature", "properties": { "ID": 314888, "Address": "улица Кирова, 167", "lat": 45.020175, "long": 39.091753, "population_x": 14000.0, "type": "pvz", "hex_id": 57, "poi_amenity": 0, "poi_shop": 0, "poi_office": 0, "poi_leisure": 0, "poi_tourism": 0, "population_y": 14000.0, "car_traffic": 30000.0, "foot_traffic": 14000.0, "poi_transport": 0, "attractiveness": 0.05, "coef_amenity": 20754.443671418656, "coef_shop": 1425.1175630382813, "coef_office": -886.95882557692039 }, "geometry": { "type": "Point", "coordinates": [ 4351674.038176423870027, 5624698.186421781778336 ] } },
{ "type": "Feature", "properties": { "ID": 50010294, "Address": "улица Максима Горького, 59", "lat": 45.023163, "long": 39.093415, "population_x": 14000.0, "type": "pvz", "hex_id": 57, "poi_amenity": 3, "poi_shop": 2, "poi_office": 1, "poi_leisure": 0, "poi_tourism": 0, "population_y": 14000.0, "car_traffic": 30000.0, "foot_traffic": 14000.0, "poi_transport": 6, "attractiveness": 2.35, "coef_amenity": 21277.813393953245, "coef_shop": 1963.4763542440203, "coef_office": -1049.6781592644961 }, "geometry": { "type": "Point", "coordinates": [ 4351859.051170122809708, 5625168.763872321695089 ] } },
{ "type": "Feature", "properties": { "ID": 50001022, "Address": "Сормовская улица, 32", "lat": 45.026967, "long": 39.074307, "population_x": 28000.0, "type": "pvz", "hex_id": 50, "poi_amenity": 1, "poi_shop": 0, "poi_office": 0, "poi_leisure": 0, "poi_tourism": 0, "population_y": 28000.0, "car_traffic": 24000.0, "foot_traffic": 34000.0, "poi_transport": 1, "attractiveness": 0.45, "coef_amenity": 29162.858766499918, "coef_shop": 951.7863182068603, "coef_office": -895.04172242035668 }, "geometry": { "type": "Point", "coordinates": [ 4349731.958340045064688, 5625767.887972816824913 ] } },
{ "type": "Feature", "properties": { "ID": 308215, "Address": "Онежская улица, 1", "lat": 45.024144, "long": 39.069654, "population_x": 28000.0, "type": "pvz", "hex_id": 50, "poi_amenity": 12, "poi_shop": 2, "poi_office": 2, "poi_leisure": 0, "poi_tourism": 0, "population_y": 28000.0, "car_traffic": 24000.0, "foot_traffic": 34000.0, "poi_transport": 0, "attractiveness": 5.1, "coef_amenity": 33245.636501854678, "coef_shop": 516.30819512835592, "coef_office": -839.65907487892775 }, "geometry": { "type": "Point", "coordinates": [ 4349213.988749383948743, 5625323.266041344031692 ] } },
{ "type": "Feature", "properties": { "ID": 3892, "Address": "Камвольная улица, 3", "lat": 45.026253, "long": 39.066375, "population_x": 28000.0, "type": "pvz", "hex_id": 50, "poi_amenity": 1, "poi_shop": 0, "poi_office": 0, "poi_leisure": 0, "poi_tourism": 0, "population_y": 28000.0, "car_traffic": 24000.0, "foot_traffic": 34000.0, "poi_transport": 1, "attractiveness": 0.45, "coef_amenity": 33412.995924792973, "coef_shop": 773.49172210869722, "coef_office": -569.06924135009331 }, "geometry": { "type": "Point", "coordinates": [ 4348848.9721390735358, 5625655.431045061908662 ] } },
{ "type": "Feature", "properties": { "ID": 306539, "Address": "Магистральная улица, 11к2", "lat": 45.031852, "long": 39.071046, "population_x": 9000.0, "type": "pvz", "hex_id": 51, "poi_amenity": 2, "poi_shop": 3, "poi_office": 0, "poi_leisure": 0, "poi_tourism": 0, "population_y": 9000.0, "car_traffic": 24000.0, "foot_traffic": 22000.0, "poi_transport": 4, "attractiveness": 1.85, "coef_amenity": 27777.650569473884, "coef_shop": 945.95980138174684, "coef_office": -506.63185381026983 }, "geometry": { "type": "Point", "coordinates": [ 4349368.94548056833446, 5626537.326293672434986 ] } },
{ "type": "Feature", "properties": { "ID": 50003086, "Address": "улица Дежнёва, 29/3", "lat": 45.033044, "long": 39.073553, "population_x": 9000.0, "type": "pvz", "hex_id": 51, "poi_amenity": 2, "poi_shop": 2, "poi_office": 0, "poi_leisure": 0, "poi_tourism": 0, "population_y": 9000.0, "car_traffic": 24000.0, "foot_traffic": 22000.0, "poi_transport": 0, "attractiveness": 1.2, "coef_amenity": 27285.02782223804, "coef_shop": 773.19976454122082, "coef_office": -485.12362899783722 }, "geometry": { "type": "Point", "coordinates": [ 4349648.023443986661732, 5626725.088662299327552 ] } },
{ "type": "Feature", "properties": { "ID": 50035050, "Address": "\nУральская улица, 134Б", "lat": 45.036286, "long": 39.073607, "population_x": 9000.0, "type": "pvz", "hex_id": 51, "poi_amenity": 0, "poi_shop": 6, "poi_office": 0, "poi_leisure": 0, "poi_tourism": 0, "population_y": 9000.0, "car_traffic": 24000.0, "foot_traffic": 22000.0, "poi_transport": 0, "attractiveness": 1.5, "coef_amenity": 26842.092178726427, "coef_shop": 647.66364593795765, "coef_office": -395.95795360763731 }, "geometry": { "type": "Point", "coordinates": [ 4349654.034696489572525, 5627235.784284244291484 ] } },
{ "type": "Feature", "properties": { "ID": 213578, "Address": "улица Максима Горького, 34/1", "lat": 45.027037, "long": 39.089821, "population_x": 29000.0, "type": "pvz", "hex_id": 58, "poi_amenity": 2, "poi_shop": 1, "poi_office": 0, "poi_leisure": 0, "poi_tourism": 0, "population_y": 29000.0, "car_traffic": 20000.0, "foot_traffic": 29000.0, "poi_transport": 2, "attractiveness": 1.15, "coef_amenity": 24941.145595544447, "coef_shop": 725.60098708892428, "coef_office": -90.965266651227438 }, "geometry": { "type": "Point", "coordinates": [ 4351458.968920212239027, 5625778.913237310945988 ] } },
{ "type": "Feature", "properties": { "ID": 208642, "Address": "1-я Заречная улица, 45", "lat": 45.02775, "long": 39.087683, "population_x": 29000.0, "type": "pvz", "hex_id": 58, "poi_amenity": 2, "poi_shop": 3, "poi_office": 0, "poi_leisure": 0, "poi_tourism": 0, "population_y": 29000.0, "car_traffic": 20000.0, "foot_traffic": 29000.0, "poi_transport": 2, "attractiveness": 1.65, "coef_amenity": 26035.388685838821, "coef_shop": 601.57360677200052, "coef_office": -154.25471669082174 }, "geometry": { "type": "Point", "coordinates": [ 4351220.96784889511764, 5625891.214199480600655 ] } },
{ "type": "Feature", "properties": { "ID": 5426, "Address": "1-я Заречная улица, 15/1", "lat": 45.027037, "long": 39.084521, "population_x": 29000.0, "type": "pvz", "hex_id": 58, "poi_amenity": 1, "poi_shop": 1, "poi_office": 0, "poi_leisure": 0, "poi_tourism": 0, "population_y": 29000.0, "car_traffic": 20000.0, "foot_traffic": 29000.0, "poi_transport": 0, "attractiveness": 0.6, "coef_amenity": 26836.418953704164, "coef_shop": 798.14559210425432, "coef_office": -408.69326657081803 }, "geometry": { "type": "Point", "coordinates": [ 4350868.975619007833302, 5625778.913237310945988 ] } },
{ "type": "Feature", "properties": { "ID": 50032032, "Address": "Сормовская улица, 105", "lat": 45.030018, "long": 39.08259, "population_x": 29000.0, "type": "pvz", "hex_id": 58, "poi_amenity": 2, "poi_shop": 0, "poi_office": 0, "poi_leisure": 0, "poi_tourism": 0, "population_y": 29000.0, "car_traffic": 20000.0, "foot_traffic": 29000.0, "poi_transport": 2, "attractiveness": 0.9, "coef_amenity": 27569.643332174692, "coef_shop": 529.78625341428904, "coef_office": -415.9248039099885 }, "geometry": { "type": "Point", "coordinates": [ 4350654.01768228597939, 5626248.444514491595328 ] } },
{ "type": "Feature", "properties": { "ID": 327229, "Address": "Монтажная улица, 43", "lat": 45.03419, "long": 39.082976, "population_x": 29000.0, "type": "pvz", "hex_id": 58, "poi_amenity": 0, "poi_shop": 0, "poi_office": 0, "poi_leisure": 0, "poi_tourism": 0, "population_y": 29000.0, "car_traffic": 20000.0, "foot_traffic": 29000.0, "poi_transport": 4, "attractiveness": 0.4, "coef_amenity": 27670.008028179123, "coef_shop": 387.81603421784581, "coef_office": -331.93387348281124 }, "geometry": { "type": "Point", "coordinates": [ 4350696.987005732022226, 5626905.608855053782463 ] } },
{ "type": "Feature", "properties": { "ID": 325414, "Address": "Карасунская улица, 235/1", "lat": 45.027291, "long": 39.09814, "population_x": 29000.0, "type": "pvz", "hex_id": 58, "poi_amenity": 0, "poi_shop": 0, "poi_office": 0, "poi_leisure": 0, "poi_tourism": 0, "population_y": 29000.0, "car_traffic": 20000.0, "foot_traffic": 29000.0, "poi_transport": 0, "attractiveness": 0.05, "coef_amenity": 22158.971868713856, "coef_shop": 1082.1166975562046, "coef_office": -244.84844031571424 }, "geometry": { "type": "Point", "coordinates": [ 4352385.035764121450484, 5625818.91931027919054 ] } },
{ "type": "Feature", "properties": { "ID": 50008666, "Address": "улица Тюляева, 3/2", "lat": 45.029024, "long": 39.095517, "population_x": 29000.0, "type": "pvz", "hex_id": 58, "poi_amenity": 1, "poi_shop": 1, "poi_office": 0, "poi_leisure": 0, "poi_tourism": 0, "population_y": 29000.0, "car_traffic": 20000.0, "foot_traffic": 29000.0, "poi_transport": 0, "attractiveness": 0.6, "coef_amenity": 24494.357957421853, "coef_shop": 633.02312068896447, "coef_office": -47.653787275705817 }, "geometry": { "type": "Point", "coordinates": [ 4352093.044739770703018, 5626091.878868600353599 ] } },
{ "type": "Feature", "properties": { "ID": 312626, "Address": "Сормовская улица, 106", "lat": 45.031496, "long": 39.090854, "population_x": 29000.0, "type": "pvz", "hex_id": 58, "poi_amenity": 5, "poi_shop": 4, "poi_office": 0, "poi_leisure": 0, "poi_tourism": 0, "population_y": 29000.0, "car_traffic": 20000.0, "foot_traffic": 29000.0, "poi_transport": 2, "attractiveness": 2.95, "coef_amenity": 26933.170817073911, "coef_shop": 289.28864756126097, "coef_office": -31.173067732974097 }, "geometry": { "type": "Point", "coordinates": [ 4351573.961954201571643, 5626481.250371487811208 ] } },
{ "type": "Feature", "properties": { "ID": 164078, "Address": "Сормовская улица, 163", "lat": 45.032222, "long": 39.089947, "population_x": 29000.0, "type": "pvz", "hex_id": 58, "poi_amenity": 2, "poi_shop": 4, "poi_office": 0, "poi_leisure": 0, "poi_tourism": 0, "population_y": 29000.0, "car_traffic": 20000.0, "foot_traffic": 29000.0, "poi_transport": 2, "attractiveness": 1.9, "coef_amenity": 27261.990201977413, "coef_shop": 266.92130406123505, "coef_office": -75.245706967183011 }, "geometry": { "type": "Point", "coordinates": [ 4351472.995176052674651, 5626595.607818409800529 ] } },
{ "type": "Feature", "properties": { "ID": 213822, "Address": "Симферопольская улица, 40", "lat": 45.035802, "long": 39.088375, "population_x": 29000.0, "type": "pvz", "hex_id": 58, "poi_amenity": 1, "poi_shop": 3, "poi_office": 0, "poi_leisure": 0, "poi_tourism": 0, "population_y": 29000.0, "car_traffic": 20000.0, "foot_traffic": 29000.0, "poi_transport": 4, "attractiveness": 1.5, "coef_amenity": 28026.708017818884, "coef_shop": 195.69678807614613, "coef_office": -154.67083068291026 }, "geometry": { "type": "Point", "coordinates": [ 4351298.000936524942517, 5627159.540410889312625 ] } },
{ "type": "Feature", "properties": { "ID": 50016554, "Address": "Сормовская улица, 177", "lat": 45.032942, "long": 39.095957, "population_x": 29000.0, "type": "pvz", "hex_id": 58, "poi_amenity": 7, "poi_shop": 5, "poi_office": 0, "poi_leisure": 0, "poi_tourism": 0, "population_y": 29000.0, "car_traffic": 20000.0, "foot_traffic": 29000.0, "poi_transport": 2, "attractiveness": 3.9, "coef_amenity": 26480.046585093449, "coef_shop": 416.06374860448864, "coef_office": -240.29383061423334 }, "geometry": { "type": "Point", "coordinates": [ 4352142.025315718725324, 5626709.021595202386379 ] } },
{ "type": "Feature", "properties": { "ID": 206678, "Address": "Сормовская улица, 179/1", "lat": 45.033808, "long": 39.099757, "population_x": 29000.0, "type": "pvz", "hex_id": 58, "poi_amenity": 3, "poi_shop": 6, "poi_office": 0, "poi_leisure": 0, "poi_tourism": 0, "population_y": 29000.0, "car_traffic": 20000.0, "foot_traffic": 29000.0, "poi_transport": 2, "attractiveness": 2.75, "coef_amenity": 24997.83429723862, "coef_shop": 738.87709008370052, "coef_office": -583.57061813381472 }, "geometry": { "type": "Point", "coordinates": [ 4352565.039380733855069, 5626845.43505581188947 ] } },
{ "type": "Feature", "properties": { "ID": 208163, "Address": "улица Тюляева, 8\n", "lat": 45.035795, "long": 39.099379, "population_x": 29000.0, "type": "pvz", "hex_id": 58, "poi_amenity": 2, "poi_shop": 1, "poi_office": 1, "poi_leisure": 0, "poi_tourism": 0, "population_y": 29000.0, "car_traffic": 20000.0, "foot_traffic": 29000.0, "poi_transport": 2, "attractiveness": 1.35, "coef_amenity": 25571.110890013126, "coef_shop": 670.07855390730992, "coef_office": -636.21818148754141 }, "geometry": { "type": "Point", "coordinates": [ 4352522.960613213479519, 5627158.437714973464608 ] } },
{ "type": "Feature", "properties": { "ID": 50007203, "Address": "улица Тюляева, 16/1", "lat": 45.037884, "long": 39.097538, "population_x": 29000.0, "type": "pvz", "hex_id": 58, "poi_amenity": 2, "poi_shop": 4, "poi_office": 2, "poi_leisure": 0, "poi_tourism": 0, "population_y": 29000.0, "car_traffic": 20000.0, "foot_traffic": 29000.0, "poi_transport": 2, "attractiveness": 2.3, "coef_amenity": 26292.837144434117, "coef_shop": 550.80300510839879, "coef_office": -605.00296799121634 }, "geometry": { "type": "Point", "coordinates": [ 4352318.021430663764477, 5627487.519668815657496 ] } },
{ "type": "Feature", "properties": { "ID": 155751, "Address": "Уральская улица, 158/2", "lat": 45.036324, "long": 39.092849, "population_x": 29000.0, "type": "pvz", "hex_id": 58, "poi_amenity": 10, "poi_shop": 3, "poi_office": 1, "poi_leisure": 0, "poi_tourism": 0, "population_y": 29000.0, "car_traffic": 20000.0, "foot_traffic": 29000.0, "poi_transport": 0, "attractiveness": 4.45, "coef_amenity": 27587.210399583895, "coef_shop": 261.98394407877953, "coef_office": -253.69948219975404 }, "geometry": { "type": "Point", "coordinates": [ 4351796.044338334351778, 5627241.77040077932179 ] } },
{ "type": "Feature", "properties": { "ID": 304427, "Address": "Уральская улица, 156А", "lat": 45.037369, "long": 39.091851, "population_x": 29000.0, "type": "pvz", "hex_id": 58, "poi_amenity": 15, "poi_shop": 10, "poi_office": 1, "poi_leisure": 1, "poi_tourism": 0, "population_y": 29000.0, "car_traffic": 20000.0, "foot_traffic": 29000.0, "poi_transport": 4, "attractiveness": 8.4, "coef_amenity": 28144.040136877953, "coef_shop": 156.74040064413651, "coef_office": -167.31738553904543 }, "geometry": { "type": "Point", "coordinates": [ 4351684.947486522607505, 5627406.390163243748248 ] } },
{ "type": "Feature", "properties": { "ID": 315568, "Address": "Уральская улица, 162", "lat": 45.038534, "long": 39.094052, "population_x": 29000.0, "type": "pvz", "hex_id": 58, "poi_amenity": 5, "poi_shop": 2, "poi_office": 0, "poi_leisure": 0, "poi_tourism": 0, "population_y": 29000.0, "car_traffic": 20000.0, "foot_traffic": 29000.0, "poi_transport": 5, "attractiveness": 2.75, "coef_amenity": 27181.363945647419, "coef_shop": 364.01404629838652, "coef_office": -421.07734713616412 }, "geometry": { "type": "Point", "coordinates": [ 4351929.961685758084059, 5627589.917174561880529 ] } },
{ "type": "Feature", "properties": { "ID": 151807, "Address": "\nУральская улица, 162/1", "lat": 45.03891, "long": 39.093711, "population_x": 29000.0, "type": "pvz", "hex_id": 58, "poi_amenity": 3, "poi_shop": 3, "poi_office": 0, "poi_leisure": 0, "poi_tourism": 0, "population_y": 29000.0, "car_traffic": 20000.0, "foot_traffic": 29000.0, "poi_transport": 5, "attractiveness": 2.3, "coef_amenity": 27226.649989172085, "coef_shop": 353.69881756686976, "coef_office": -414.58307605242635 }, "geometry": { "type": "Point", "coordinates": [ 4351892.001739397644997, 5627649.150724329054356 ] } },
{ "type": "Feature", "properties": { "ID": 213822, "Address": "Симферопольская улица, 40", "lat": 45.035802, "long": 39.088375, "population_x": 29000.0, "type": "pvz", "hex_id": 58, "poi_amenity": 1, "poi_shop": 3, "poi_office": 0, "poi_leisure": 0, "poi_tourism": 0, "population_y": 29000.0, "car_traffic": 20000.0, "foot_traffic": 29000.0, "poi_transport": 4, "attractiveness": 1.5, "coef_amenity": 28026.708017818884, "coef_shop": 195.69678807614613, "coef_office": -154.67083068291026 }, "geometry": { "type": "Point", "coordinates": [ 4351298.000936524942517, 5627159.540410889312625 ] } },
{ "type": "Feature", "properties": { "ID": 160973, "Address": "Симферопольская улица, 58", "lat": 45.040591, "long": 39.089031, "population_x": 29000.0, "type": "pvz", "hex_id": 58, "poi_amenity": 0, "poi_shop": 0, "poi_office": 0, "poi_leisure": 0, "poi_tourism": 0, "population_y": 29000.0, "car_traffic": 20000.0, "foot_traffic": 29000.0, "poi_transport": 0, "attractiveness": 0.05, "coef_amenity": 27703.05646213287, "coef_shop": 245.54770415748254, "coef_office": -264.36508253974165 }, "geometry": { "type": "Point", "coordinates": [ 4351371.026522484607995, 5627913.97356214094907 ] } },
{ "type": "Feature", "properties": { "ID": 316959, "Address": "Уральская улица, 162/4\n", "lat": 45.040687, "long": 39.095328, "population_x": 29000.0, "type": "pvz", "hex_id": 58, "poi_amenity": 8, "poi_shop": 3, "poi_office": 0, "poi_leisure": 0, "poi_tourism": 0, "population_y": 29000.0, "car_traffic": 20000.0, "foot_traffic": 29000.0, "poi_transport": 0, "attractiveness": 3.55, "coef_amenity": 26693.843064896359, "coef_shop": 461.1406695231463, "coef_office": -555.44923968755211 }, "geometry": { "type": "Point", "coordinates": [ 4352072.005356010980904, 5627929.097528365440667 ] } },
{ "type": "Feature", "properties": { "ID": 158705, "Address": "улица 30-й Иркутской Дивизии, 3", "lat": 45.037509, "long": 39.102649, "population_x": 29000.0, "type": "pvz", "hex_id": 58, "poi_amenity": 2, "poi_shop": 3, "poi_office": 0, "poi_leisure": 0, "poi_tourism": 0, "population_y": 29000.0, "car_traffic": 20000.0, "foot_traffic": 29000.0, "poi_transport": 2, "attractiveness": 1.65, "coef_amenity": 22835.949456722079, "coef_shop": 1038.0094009688089, "coef_office": -874.84322290001694 }, "geometry": { "type": "Point", "coordinates": [ 4352886.975348108448088, 5627428.444713848643005 ] } },
{ "type": "Feature", "properties": { "ID": 205939, "Address": "Сормовская улица, 204", "lat": 45.038056, "long": 39.105793, "population_x": 29000.0, "type": "pvz", "hex_id": 58, "poi_amenity": 4, "poi_shop": 0, "poi_office": 0, "poi_leisure": 1, "poi_tourism": 0, "population_y": 29000.0, "car_traffic": 20000.0, "foot_traffic": 29000.0, "poi_transport": 3, "attractiveness": 1.75, "coef_amenity": 19646.305940839105, "coef_shop": 1345.634908405005, "coef_office": -970.42020432587094 }, "geometry": { "type": "Point", "coordinates": [ 4353236.963827162049711, 5627514.615511004813015 ] } },
{ "type": "Feature", "properties": { "ID": 208736, "Address": "Сормовская улица, 191/1", "lat": 45.039037, "long": 39.107635, "population_x": 29000.0, "type": "pvz", "hex_id": 58, "poi_amenity": 4, "poi_shop": 3, "poi_office": 0, "poi_leisure": 1, "poi_tourism": 0, "population_y": 29000.0, "car_traffic": 20000.0, "foot_traffic": 29000.0, "poi_transport": 2, "attractiveness": 2.4, "coef_amenity": 18204.76385821461, "coef_shop": 1467.6217331237021, "coef_office": -1041.7328186391933 }, "geometry": { "type": "Point", "coordinates": [ 4353442.014329203404486, 5627669.157888920977712 ] } },
{ "type": "Feature", "properties": { "ID": 50022480, "Address": "Уральская улица, 184/4", "lat": 45.042426, "long": 39.10432, "population_x": 29000.0, "type": "pvz", "hex_id": 58, "poi_amenity": 2, "poi_shop": 1, "poi_office": 0, "poi_leisure": 0, "poi_tourism": 0, "population_y": 29000.0, "car_traffic": 20000.0, "foot_traffic": 29000.0, "poi_transport": 2, "attractiveness": 1.15, "coef_amenity": 20735.102551324901, "coef_shop": 1275.1251673433771, "coef_office": -1070.2485728717575 }, "geometry": { "type": "Point", "coordinates": [ 4353072.990217223763466, 5628203.066268344409764 ] } },
{ "type": "Feature", "properties": { "ID": 313388, "Address": "Войсковая улица, 4к10", "lat": 45.045349, "long": 39.110411, "population_x": 24000.0, "type": "pvz", "hex_id": 67, "poi_amenity": 0, "poi_shop": 2, "poi_office": 0, "poi_leisure": 0, "poi_tourism": 0, "population_y": 24000.0, "car_traffic": 27000.0, "foot_traffic": 19000.0, "poi_transport": 0, "attractiveness": 0.5, "coef_amenity": 17327.214390671928, "coef_shop": 1530.7912352043795, "coef_office": -1219.3361390545356 }, "geometry": { "type": "Point", "coordinates": [ 4353751.037235645577312, 5628663.585679671727121 ] } },
{ "type": "Feature", "properties": { "ID": 320330, "Address": "Уральская улица, 196/2", "lat": 45.043177, "long": 39.109414, "population_x": 24000.0, "type": "pvz", "hex_id": 67, "poi_amenity": 5, "poi_shop": 1, "poi_office": 0, "poi_leisure": 0, "poi_tourism": 0, "population_y": 24000.0, "car_traffic": 27000.0, "foot_traffic": 19000.0, "poi_transport": 2, "attractiveness": 2.2, "coef_amenity": 17503.028829857001, "coef_shop": 1539.2147247740263, "coef_office": -1196.0554120826105 }, "geometry": { "type": "Point", "coordinates": [ 4353640.05170332454145, 5628321.384267866611481 ] } },
{ "type": "Feature", "properties": { "ID": 208913, "Address": "Сормовская улица, 208", "lat": 45.038528, "long": 39.112073, "population_x": 6500.0, "type": "pvz", "hex_id": 66, "poi_amenity": 3, "poi_shop": 5, "poi_office": 0, "poi_leisure": 0, "poi_tourism": 0, "population_y": 6500.0, "car_traffic": 21000.0, "foot_traffic": 9500.0, "poi_transport": 1, "attractiveness": 2.4, "coef_amenity": 16134.287032710012, "coef_shop": 1539.7878373052993, "coef_office": -1102.2910930234627 }, "geometry": { "type": "Point", "coordinates": [ 4353936.05022934358567, 5627588.97196149546653 ] } },
{ "type": "Feature", "properties": { "ID": 310663, "Address": "Сормовская улица, 208/2", "lat": 45.038706, "long": 39.113681, "population_x": 6500.0, "type": "pvz", "hex_id": 66, "poi_amenity": 1, "poi_shop": 3, "poi_office": 0, "poi_leisure": 0, "poi_tourism": 0, "population_y": 6500.0, "car_traffic": 21000.0, "foot_traffic": 9500.0, "poi_transport": 2, "attractiveness": 1.3, "coef_amenity": 15771.686245726147, "coef_shop": 1532.7238622266173, "coef_office": -1136.9209322471131 }, "geometry": { "type": "Point", "coordinates": [ 4354115.051970538683236, 5627617.013324556872249 ] } },
{ "type": "Feature", "properties": { "ID": 207679, "Address": "Сормовская улица, 212", "lat": 45.038222, "long": 39.114498, "population_x": 6500.0, "type": "pvz", "hex_id": 66, "poi_amenity": 0, "poi_shop": 3, "poi_office": 0, "poi_leisure": 0, "poi_tourism": 0, "population_y": 6500.0, "car_traffic": 21000.0, "foot_traffic": 9500.0, "poi_transport": 1, "attractiveness": 0.85, "coef_amenity": 15473.884751761887, "coef_shop": 1534.1131670317222, "coef_office": -1144.624842868235 }, "geometry": { "type": "Point", "coordinates": [ 4354205.999994517304003, 5627540.766226633451879 ] } },
{ "type": "Feature", "properties": { "ID": 50016366, "Address": "Сормовская улица, 210", "lat": 45.039133, "long": 39.114767, "population_x": 6500.0, "type": "pvz", "hex_id": 66, "poi_amenity": 0, "poi_shop": 2, "poi_office": 0, "poi_leisure": 0, "poi_tourism": 0, "population_y": 6500.0, "car_traffic": 21000.0, "foot_traffic": 9500.0, "poi_transport": 2, "attractiveness": 0.7, "coef_amenity": 15407.909624512293, "coef_shop": 1554.3579676783374, "coef_office": -1208.1554285445079 }, "geometry": { "type": "Point", "coordinates": [ 4354235.944937541149557, 5627684.281444380991161 ] } },
{ "type": "Feature", "properties": { "ID": 50001050, "Address": "Карасунская улица, 272/1литД", "lat": 45.034967, "long": 39.112522, "population_x": 6500.0, "type": "pvz", "hex_id": 66, "poi_amenity": 0, "poi_shop": 1, "poi_office": 0, "poi_leisure": 0, "poi_tourism": 0, "population_y": 6500.0, "car_traffic": 21000.0, "foot_traffic": 9500.0, "poi_transport": 0, "attractiveness": 0.25, "coef_amenity": 15197.747756277509, "coef_shop": 1574.1674804437523, "coef_office": -1003.9408175623174 }, "geometry": { "type": "Point", "coordinates": [ 4353986.032680709846318, 5627028.005492409691215 ] } },
{ "type": "Feature", "properties": { "ID": 50002790, "Address": "улица Фадеева, 324/9", "lat": 45.027776, "long": 39.120418, "population_x": 6500.0, "type": "pvz", "hex_id": 66, "poi_amenity": 1, "poi_shop": 2, "poi_office": 0, "poi_leisure": 0, "poi_tourism": 0, "population_y": 6500.0, "car_traffic": 21000.0, "foot_traffic": 9500.0, "poi_transport": 2, "attractiveness": 1.05, "coef_amenity": 12595.41585936608, "coef_shop": 848.82807874612058, "coef_office": -518.27376533644076 }, "geometry": { "type": "Point", "coordinates": [ 4354865.011380014009774, 5625895.309352166950703 ] } },
{ "type": "Feature", "properties": { "ID": 316637, "Address": "улица имени Евдокии Бершанской, 394", "lat": 45.031356, "long": 39.118828, "population_x": 6500.0, "type": "pvz", "hex_id": 66, "poi_amenity": 1, "poi_shop": 0, "poi_office": 0, "poi_leisure": 0, "poi_tourism": 0, "population_y": 6500.0, "car_traffic": 21000.0, "foot_traffic": 9500.0, "poi_transport": 0, "attractiveness": 0.35, "coef_amenity": 13235.068980905811, "coef_shop": 1211.0292118819821, "coef_office": -826.18392804577434 }, "geometry": { "type": "Point", "coordinates": [ 4354688.013389652594924, 5626459.19813809543848 ] } },
{ "type": "Feature", "properties": { "ID": 145033, "Address": "улица 1 Мая, 67", "lat": 45.031986, "long": 39.121613, "population_x": 6500.0, "type": "pvz", "hex_id": 66, "poi_amenity": 3, "poi_shop": 2, "poi_office": 0, "poi_leisure": 0, "poi_tourism": 0, "population_y": 6500.0, "car_traffic": 21000.0, "foot_traffic": 9500.0, "poi_transport": 0, "attractiveness": 1.55, "coef_amenity": 13217.966818032988, "coef_shop": 1152.9859466348553, "coef_office": -782.94279594159411 }, "geometry": { "type": "Point", "coordinates": [ 4354998.038171512074769, 5626558.433613169007003 ] } },
{ "type": "Feature", "properties": { "ID": 50016546, "Address": "улица Фадеева, 429", "lat": 45.031521, "long": 39.127551, "population_x": 6500.0, "type": "pvz", "hex_id": 66, "poi_amenity": 0, "poi_shop": 2, "poi_office": 0, "poi_leisure": 0, "poi_tourism": 0, "population_y": 6500.0, "car_traffic": 21000.0, "foot_traffic": 9500.0, "poi_transport": 0, "attractiveness": 0.5, "coef_amenity": 12885.479938088965, "coef_shop": 954.01053596881877, "coef_office": -626.3162997883212 }, "geometry": { "type": "Point", "coordinates": [ 4355659.053307842463255, 5626485.188275986351073 ] } },
{ "type": "Feature", "properties": { "ID": 150368, "Address": "улица Фадеева, 425/1", "lat": 45.032349, "long": 39.127263, "population_x": 6500.0, "type": "pvz", "hex_id": 66, "poi_amenity": 0, "poi_shop": 4, "poi_office": 0, "poi_leisure": 0, "poi_tourism": 0, "population_y": 6500.0, "car_traffic": 21000.0, "foot_traffic": 9500.0, "poi_transport": 0, "attractiveness": 1.0, "coef_amenity": 12996.619978499355, "coef_shop": 992.64892038743085, "coef_office": -671.38147266963961 }, "geometry": { "type": "Point", "coordinates": [ 4355626.993294493295252, 5626615.61264484282583 ] } },
{ "type": "Feature", "properties": { "ID": 102612, "Address": "улица Лавочкина, 13/3", "lat": 45.035834, "long": 39.122763, "population_x": 6500.0, "type": "pvz", "hex_id": 66, "poi_amenity": 6, "poi_shop": 5, "poi_office": 0, "poi_leisure": 0, "poi_tourism": 0, "population_y": 6500.0, "car_traffic": 21000.0, "foot_traffic": 9500.0, "poi_transport": 0, "attractiveness": 3.35, "coef_amenity": 14276.620227785612, "coef_shop": 1311.3379375254885, "coef_office": -1202.8027702696463 }, "geometry": { "type": "Point", "coordinates": [ 4355126.055585923604667, 5627164.581308228895068 ] } },
{ "type": "Feature", "properties": { "ID": 304602, "Address": "улица Лавочкина, 13", "lat": 45.036986, "long": 39.122529, "population_x": 6500.0, "type": "pvz", "hex_id": 66, "poi_amenity": 6, "poi_shop": 3, "poi_office": 0, "poi_leisure": 0, "poi_tourism": 0, "population_y": 6500.0, "car_traffic": 21000.0, "foot_traffic": 9500.0, "poi_transport": 0, "attractiveness": 2.85, "coef_amenity": 14448.19736933188, "coef_shop": 1325.0728917791957, "coef_office": -1246.7171033933032 }, "geometry": { "type": "Point", "coordinates": [ 4355100.00682507827878, 5627346.055489814840257 ] } },
{ "type": "Feature", "properties": { "ID": 301928, "Address": "улица Лавочкина, 31", "lat": 45.039158, "long": 39.123831, "population_x": 6500.0, "type": "pvz", "hex_id": 66, "poi_amenity": 0, "poi_shop": 1, "poi_office": 0, "poi_leisure": 0, "poi_tourism": 0, "population_y": 6500.0, "car_traffic": 21000.0, "foot_traffic": 9500.0, "poi_transport": 0, "attractiveness": 0.25, "coef_amenity": 14785.417003321949, "coef_shop": 1288.6392873055056, "coef_office": -1295.7383326274446 }, "geometry": { "type": "Point", "coordinates": [ 4355244.94480209145695, 5627688.219874446280301 ] } },
{ "type": "Feature", "properties": { "ID": 50009520, "Address": "улица Лавочкина, 2", "lat": 45.038719, "long": 39.121235, "population_x": 6500.0, "type": "pvz", "hex_id": 66, "poi_amenity": 0, "poi_shop": 2, "poi_office": 0, "poi_leisure": 0, "poi_tourism": 0, "population_y": 6500.0, "car_traffic": 21000.0, "foot_traffic": 9500.0, "poi_transport": 0, "attractiveness": 0.5, "coef_amenity": 14730.263964923193, "coef_shop": 1365.6110041006393, "coef_office": -1303.8046283923313 }, "geometry": { "type": "Point", "coordinates": [ 4354955.959403991699219, 5627619.061292693018913 ] } },
{ "type": "Feature", "properties": { "ID": 150726, "Address": "Становая улица, 1", "lat": 45.047508, "long": 39.118549, "population_x": 24000.0, "type": "pvz", "hex_id": 67, "poi_amenity": 2, "poi_shop": 1, "poi_office": 0, "poi_leisure": 0, "poi_tourism": 0, "population_y": 24000.0, "car_traffic": 27000.0, "foot_traffic": 19000.0, "poi_transport": 1, "attractiveness": 1.05, "coef_amenity": 15645.167515289322, "coef_shop": 1382.3660182674182, "coef_office": -1103.2517283692223 }, "geometry": { "type": "Point", "coordinates": [ 4354656.955251721665263, 5629003.751801384612918 ] } },
{ "type": "Feature", "properties": { "ID": 50011399, "Address": "Производственная улица, 19", "lat": 45.046278, "long": 39.123257, "population_x": 24000.0, "type": "pvz", "hex_id": 67, "poi_amenity": 0, "poi_shop": 1, "poi_office": 0, "poi_leisure": 0, "poi_tourism": 0, "population_y": 24000.0, "car_traffic": 27000.0, "foot_traffic": 19000.0, "poi_transport": 0, "attractiveness": 0.25, "coef_amenity": 14927.058037118944, "coef_shop": 1288.658048621734, "coef_office": -1072.4403496353286 }, "geometry": { "type": "Point", "coordinates": [ 4355181.047414375469089, 5628809.954799425788224 ] } },
{ "type": "Feature", "properties": { "ID": 320010, "Address": "Войсковая улица, 117", "lat": 45.047769, "long": 39.127739, "population_x": 24000.0, "type": "pvz", "hex_id": 67, "poi_amenity": 2, "poi_shop": 0, "poi_office": 0, "poi_leisure": 0, "poi_tourism": 0, "population_y": 24000.0, "car_traffic": 27000.0, "foot_traffic": 19000.0, "poi_transport": 0, "attractiveness": 0.7, "coef_amenity": 13960.318090097786, "coef_shop": 1264.3064168904789, "coef_office": -787.12289064722438 }, "geometry": { "type": "Point", "coordinates": [ 4355679.981372111476958, 5629044.875115799717605 ] } },
{ "type": "Feature", "properties": { "ID": 302990, "Address": "Марьянская улица, 42", "lat": 45.048093, "long": 39.12888, "population_x": 24000.0, "type": "pvz", "hex_id": 67, "poi_amenity": 2, "poi_shop": 0, "poi_office": 0, "poi_leisure": 0, "poi_tourism": 0, "population_y": 24000.0, "car_traffic": 27000.0, "foot_traffic": 19000.0, "poi_transport": 0, "attractiveness": 0.7, "coef_amenity": 13757.940372687141, "coef_shop": 1260.3459247473274, "coef_office": -728.7622011265297 }, "geometry": { "type": "Point", "coordinates": [ 4355806.99691110663116, 5629095.925008535385132 ] } },
{ "type": "Feature", "properties": { "ID": 50006225, "Address": "Богатырская улица, 5/1", "lat": 45.059835, "long": 39.111462, "population_x": 24000.0, "type": "pvz", "hex_id": 67, "poi_amenity": 0, "poi_shop": 0, "poi_office": 1, "poi_leisure": 0, "poi_tourism": 0, "population_y": 24000.0, "car_traffic": 27000.0, "foot_traffic": 19000.0, "poi_transport": 0, "attractiveness": 0.2, "coef_amenity": 14826.775921059858, "coef_shop": 1496.3466678944335, "coef_office": -145.31977286776527 }, "geometry": { "type": "Point", "coordinates": [ 4353868.034020469523966, 5630946.2061089258641 ] } },
{ "type": "Feature", "properties": { "ID": 309400, "Address": "улица имени Владимира Жириновского, 1к1", "lat": 45.058982, "long": 39.114148, "population_x": 24000.0, "type": "pvz", "hex_id": 67, "poi_amenity": 0, "poi_shop": 2, "poi_office": 0, "poi_leisure": 0, "poi_tourism": 0, "population_y": 24000.0, "car_traffic": 27000.0, "foot_traffic": 19000.0, "poi_transport": 0, "attractiveness": 0.5, "coef_amenity": 14457.977082336532, "coef_shop": 1474.2447335001284, "coef_office": -188.44752876093031 }, "geometry": { "type": "Point", "coordinates": [ 4354167.038172739557922, 5630811.779260800220072 ] } },
{ "type": "Feature", "properties": { "ID": 209681, "Address": "Богатырская улица, 80", "lat": 45.058039, "long": 39.11687, "population_x": 24000.0, "type": "pvz", "hex_id": 67, "poi_amenity": 0, "poi_shop": 0, "poi_office": 0, "poi_leisure": 0, "poi_tourism": 0, "population_y": 24000.0, "car_traffic": 27000.0, "foot_traffic": 19000.0, "poi_transport": 1, "attractiveness": 0.1, "coef_amenity": 14106.183650629353, "coef_shop": 1457.5363050410594, "coef_office": -218.89601957581959 }, "geometry": { "type": "Point", "coordinates": [ 4354470.049826678819954, 5630663.17137461155653 ] } },
{ "type": "Feature", "properties": { "ID": 50006622, "Address": "Андреевская улица, 41", "lat": 45.056747, "long": 39.129464, "population_x": 24000.0, "type": "pvz", "hex_id": 67, "poi_amenity": 0, "poi_shop": 3, "poi_office": 0, "poi_leisure": 0, "poi_tourism": 0, "population_y": 24000.0, "car_traffic": 27000.0, "foot_traffic": 19000.0, "poi_transport": 1, "attractiveness": 0.85, "coef_amenity": 12745.146805623888, "coef_shop": 1363.0725731743184, "coef_office": -180.58174444433897 }, "geometry": { "type": "Point", "coordinates": [ 4355872.007493729703128, 5630459.568366541527212 ] } },
{ "type": "Feature", "properties": { "ID": 50018225, "Address": "Центровая улица, 23/2", "lat": 45.061535, "long": 39.129392, "population_x": 1700.0, "type": "pvz", "hex_id": 75, "poi_amenity": 0, "poi_shop": 0, "poi_office": 0, "poi_leisure": 0, "poi_tourism": 0, "population_y": 1700.0, "car_traffic": 20000.0, "foot_traffic": 4600.0, "poi_transport": 0, "attractiveness": 0.05, "coef_amenity": 12394.799090102417, "coef_shop": 1398.2454029383966, "coef_office": 39.963108083352253 }, "geometry": { "type": "Point", "coordinates": [ 4355863.99249039310962, 5631214.120228416286409 ] } },
{ "type": "Feature", "properties": { "ID": 212461, "Address": "улица имени Виктора Нарыкова, 6", "lat": 45.067704, "long": 39.125628, "population_x": 1700.0, "type": "pvz", "hex_id": 75, "poi_amenity": 0, "poi_shop": 1, "poi_office": 0, "poi_leisure": 0, "poi_tourism": 0, "population_y": 1700.0, "car_traffic": 20000.0, "foot_traffic": 4600.0, "poi_transport": 0, "attractiveness": 0.25, "coef_amenity": 11746.818112863994, "coef_shop": 1504.5109597532407, "coef_office": 520.86347115834292 }, "geometry": { "type": "Point", "coordinates": [ 4355444.985927046276629, 5632186.400200710631907 ] } },
{ "type": "Feature", "properties": { "ID": 50034058, "Address": "Природная улица, 10Бк2", "lat": 45.062534, "long": 39.142094, "population_x": 1700.0, "type": "pvz", "hex_id": 75, "poi_amenity": 0, "poi_shop": 0, "poi_office": 0, "poi_leisure": 0, "poi_tourism": 0, "population_y": 1700.0, "car_traffic": 20000.0, "foot_traffic": 4600.0, "poi_transport": 0, "attractiveness": 0.05, "coef_amenity": 11671.311528861363, "coef_shop": 1326.6677359976843, "coef_office": 109.29685344543952 }, "geometry": { "type": "Point", "coordinates": [ 4357277.972662448883057, 5631371.562888929620385 ] } },
{ "type": "Feature", "properties": { "ID": 216142, "Address": "Природная улица, 10Бк6", "lat": 45.061643, "long": 39.144547, "population_x": 1700.0, "type": "pvz", "hex_id": 75, "poi_amenity": 0, "poi_shop": 0, "poi_office": 0, "poi_leisure": 0, "poi_tourism": 0, "population_y": 1700.0, "car_traffic": 20000.0, "foot_traffic": 4600.0, "poi_transport": 0, "attractiveness": 0.05, "coef_amenity": 11610.868525801092, "coef_shop": 1302.6964191363031, "coef_office": 88.075625178497731 }, "geometry": { "type": "Point", "coordinates": [ 4357551.039373365230858, 5631231.140923948958516 ] } },
{ "type": "Feature", "properties": { "ID": 50027099, "Address": "Первомайская улица, 47", "lat": 45.047055, "long": 39.015117, "population_x": 25000.0, "type": "pvz", "hex_id": 36, "poi_amenity": 1, "poi_shop": 2, "poi_office": 0, "poi_leisure": 0, "poi_tourism": 0, "population_y": 25000.0, "car_traffic": 41000.0, "foot_traffic": 52000.0, "poi_transport": 0, "attractiveness": 0.85, "coef_amenity": 49254.364092921089, "coef_shop": 1495.6666356484066, "coef_office": -639.60099183859006 }, "geometry": { "type": "Point", "coordinates": [ 4343142.957679990679026, 5628932.37729883659631 ] } },
{ "type": "Feature", "properties": { "ID": 317386, "Address": "Курчанская улица, 141к1", "lat": 45.086435, "long": 39.074837, "population_x": 6500.0, "type": "pvz", "hex_id": 60, "poi_amenity": 0, "poi_shop": 0, "poi_office": 0, "poi_leisure": 0, "poi_tourism": 0, "population_y": 6500.0, "car_traffic": 2400.0, "foot_traffic": 2200.0, "poi_transport": 0, "attractiveness": 0.05, "coef_amenity": 6647.8122849937599, "coef_shop": 3349.945610755984, "coef_office": 2086.5462255429866 }, "geometry": { "type": "Point", "coordinates": [ 4349790.957670166157186, 5635139.187347680330276 ] } },
{ "type": "Feature", "properties": { "ID": 330065, "Address": "Приморско-Ахтарская улица, 11", "lat": 45.095503, "long": 39.073149, "population_x": 11000.0, "type": "pvz", "hex_id": 61, "poi_amenity": 0, "poi_shop": 0, "poi_office": 0, "poi_leisure": 0, "poi_tourism": 0, "population_y": 11000.0, "car_traffic": 7500.0, "foot_traffic": 4400.0, "poi_transport": 2, "attractiveness": 0.2, "coef_amenity": 6576.3388589826418, "coef_shop": -340.44301538576048, "coef_office": 2308.4522544630663 }, "geometry": { "type": "Point", "coordinates": [ 4349603.050369706936181, 5636569.030338383279741 ] } },
{ "type": "Feature", "properties": { "ID": 1005, "Address": "Советская улица, 2/1", "lat": 45.151512, "long": 39.004302, "population_x": 12000.0, "type": "rent", "hex_id": 56, "poi_amenity": 0, "poi_shop": 0, "poi_office": 0, "poi_leisure": 0, "poi_tourism": 0, "population_y": 12000.0, "car_traffic": 23000.0, "foot_traffic": 13000.0, "poi_transport": 0, "attractiveness": 0.05, "coef_amenity": 11058.947115837344, "coef_shop": -978.18606731356749, "coef_office": 235.69894722247147 }, "geometry": { "type": "Point", "coordinates": [ 4341939.03738706279546, 5645405.570819943211973 ] } },
{ "type": "Feature", "properties": { "ID": 1006, "Address": "Линейная улица, 57", "lat": 45.14539, "long": 39.004742, "population_x": 12000.0, "type": "rent", "hex_id": 56, "poi_amenity": 0, "poi_shop": 0, "poi_office": 0, "poi_leisure": 0, "poi_tourism": 0, "population_y": 12000.0, "car_traffic": 23000.0, "foot_traffic": 13000.0, "poi_transport": 0, "attractiveness": 0.05, "coef_amenity": 11367.807498520277, "coef_shop": -1059.7134306759574, "coef_office": 292.59822868525163 }, "geometry": { "type": "Point", "coordinates": [ 4341988.017963010817766, 5644439.280354338698089 ] } },
{ "type": "Feature", "properties": { "ID": 1008, "Address": "Сенная улица, 1/4", "lat": 45.126926, "long": 38.946405, "population_x": 5000.0, "type": "rent", "hex_id": 40, "poi_amenity": 0, "poi_shop": 0, "poi_office": 0, "poi_leisure": 0, "poi_tourism": 0, "population_y": 5000.0, "car_traffic": 4600.0, "foot_traffic": 7000.0, "poi_transport": 0, "attractiveness": 0.05, "coef_amenity": 7876.6774609253325, "coef_shop": 990.42954213409928, "coef_office": 450.22900588965734 }, "geometry": { "type": "Point", "coordinates": [ 4335493.972828603349626, 5641525.569027178920805 ] } },
{ "type": "Feature", "properties": { "ID": 1009, "Address": "Пригородная улица, 1", "lat": 45.127365, "long": 38.949253, "population_x": 5000.0, "type": "rent", "hex_id": 40, "poi_amenity": 0, "poi_shop": 0, "poi_office": 0, "poi_leisure": 0, "poi_tourism": 0, "population_y": 5000.0, "car_traffic": 4600.0, "foot_traffic": 7000.0, "poi_transport": 0, "attractiveness": 0.05, "coef_amenity": 8449.6634735884218, "coef_shop": 867.77620753399981, "coef_office": 312.47287042810285 }, "geometry": { "type": "Point", "coordinates": [ 4335811.010738383047283, 5641594.834470339119434 ] } },
{ "type": "Feature", "properties": { "ID": 1010, "Address": "Пригородная улица, 65", "lat": 45.125845, "long": 38.962773, "population_x": 5000.0, "type": "rent", "hex_id": 40, "poi_amenity": 0, "poi_shop": 1, "poi_office": 0, "poi_leisure": 0, "poi_tourism": 0, "population_y": 5000.0, "car_traffic": 4600.0, "foot_traffic": 7000.0, "poi_transport": 0, "attractiveness": 0.25, "coef_amenity": 10915.185094235436, "coef_shop": 258.23786871482633, "coef_office": 84.247034403108501 }, "geometry": { "type": "Point", "coordinates": [ 4337316.050253908149898, 5641355.011062561534345 ] } },
{ "type": "Feature", "properties": { "ID": 1011, "Address": "Большевистская улица, 286/1", "lat": 45.125858, "long": 38.99345, "population_x": 7000.0, "type": "rent", "hex_id": 47, "poi_amenity": 0, "poi_shop": 0, "poi_office": 0, "poi_leisure": 0, "poi_tourism": 0, "population_y": 7000.0, "car_traffic": 26000.0, "foot_traffic": 15000.0, "poi_transport": 2, "attractiveness": 0.2, "coef_amenity": 14531.901951928885, "coef_shop": -2330.9862619777318, "coef_office": 1923.6254224726306 }, "geometry": { "type": "Point", "coordinates": [ 4340730.998272973112762, 5641357.062156718224287 ] } },
{ "type": "Feature", "properties": { "ID": 1012, "Address": "3-я Трудовая улица, 104/2", "lat": 45.125756, "long": 39.004652, "population_x": 7000.0, "type": "rent", "hex_id": 47, "poi_amenity": 0, "poi_shop": 0, "poi_office": 0, "poi_leisure": 0, "poi_tourism": 0, "population_y": 7000.0, "car_traffic": 26000.0, "foot_traffic": 15000.0, "poi_transport": 2, "attractiveness": 0.2, "coef_amenity": 15547.458498629387, "coef_shop": -3401.8147620356422, "coef_office": 3297.5323604559344 }, "geometry": { "type": "Point", "coordinates": [ 4341977.999208839610219, 5641340.968968963250518 ] } },
{ "type": "Feature", "properties": { "ID": 1013, "Address": "улица имени В.М. Комарова, 90", "lat": 45.115866, "long": 39.042022, "population_x": 7000.0, "type": "rent", "hex_id": 62, "poi_amenity": 0, "poi_shop": 0, "poi_office": 0, "poi_leisure": 0, "poi_tourism": 0, "population_y": 7000.0, "car_traffic": 1100.0, "foot_traffic": 3200.0, "poi_transport": 0, "attractiveness": 0.05, "coef_amenity": 9819.2679041114225, "coef_shop": -238.25477822711113, "coef_office": -2.4281973925102052 }, "geometry": { "type": "Point", "coordinates": [ 4346138.008579784072936, 5639780.697499462403357 ] } },
{ "type": "Feature", "properties": { "ID": 1014, "Address": "улица Академика Королёва, 22", "lat": 45.115994, "long": 39.040845, "population_x": 7000.0, "type": "rent", "hex_id": 62, "poi_amenity": 0, "poi_shop": 0, "poi_office": 0, "poi_leisure": 0, "poi_tourism": 0, "population_y": 7000.0, "car_traffic": 1100.0, "foot_traffic": 3200.0, "poi_transport": 0, "attractiveness": 0.05, "coef_amenity": 10073.178588292016, "coef_shop": -248.70435099976328, "coef_office": 15.325639296215975 }, "geometry": { "type": "Point", "coordinates": [ 4346006.985539119690657, 5639800.889376514591277 ] } },
{ "type": "Feature", "properties": { "ID": 1015, "Address": "улица Академика Королёва, 26", "lat": 45.116604, "long": 39.041591, "population_x": 7000.0, "type": "rent", "hex_id": 62, "poi_amenity": 0, "poi_shop": 0, "poi_office": 0, "poi_leisure": 0, "poi_tourism": 0, "population_y": 7000.0, "car_traffic": 1100.0, "foot_traffic": 3200.0, "poi_transport": 0, "attractiveness": 0.05, "coef_amenity": 9858.8255639562813, "coef_shop": -237.38365535260374, "coef_office": -14.318156201723079 }, "geometry": { "type": "Point", "coordinates": [ 4346090.029879251495004, 5639897.116912830621004 ] } },
{ "type": "Feature", "properties": { "ID": 1016, "Address": "Островная улица, 14", "lat": 45.11233, "long": 38.997798, "population_x": 38000.0, "type": "rent", "hex_id": 46, "poi_amenity": 0, "poi_shop": 1, "poi_office": 0, "poi_leisure": 0, "poi_tourism": 0, "population_y": 38000.0, "car_traffic": 38000.0, "foot_traffic": 37000.0, "poi_transport": 0, "attractiveness": 0.25, "coef_amenity": 32072.012250246717, "coef_shop": -1112.5527904804442, "coef_office": 255.16027585440918 }, "geometry": { "type": "Point", "coordinates": [ 4341215.015418943017721, 5639222.914802490733564 ] } },
{ "type": "Feature", "properties": { "ID": 1017, "Address": "улица Степана Неустроева, 32/8", "lat": 45.107966, "long": 38.990459, "population_x": 38000.0, "type": "rent", "hex_id": 46, "poi_amenity": 0, "poi_shop": 0, "poi_office": 0, "poi_leisure": 0, "poi_tourism": 0, "population_y": 38000.0, "car_traffic": 38000.0, "foot_traffic": 37000.0, "poi_transport": 0, "attractiveness": 0.05, "coef_amenity": 29958.680765697136, "coef_shop": -1571.3426584602503, "coef_office": 275.62972889634813 }, "geometry": { "type": "Point", "coordinates": [ 4340398.041676010936499, 5638534.567736464552581 ] } },
{ "type": "Feature", "properties": { "ID": 1018, "Address": "улица им. Мурата Ахеджака, 20", "lat": 45.111592, "long": 38.969231, "population_x": 26000.0, "type": "rent", "hex_id": 39, "poi_amenity": 0, "poi_shop": 0, "poi_office": 0, "poi_leisure": 0, "poi_tourism": 0, "population_y": 26000.0, "car_traffic": 26000.0, "foot_traffic": 21000.0, "poi_transport": 2, "attractiveness": 0.2, "coef_amenity": 18507.726909397312, "coef_shop": -254.41390881782485, "coef_office": 83.943547872129912 }, "geometry": { "type": "Point", "coordinates": [ 4338034.95152545068413, 5639106.504107804037631 ] } },
{ "type": "Feature", "properties": { "ID": 1019, "Address": "улица им. Мурата Ахеджака, 12к10", "lat": 45.112438, "long": 38.966114, "population_x": 26000.0, "type": "rent", "hex_id": 39, "poi_amenity": 0, "poi_shop": 0, "poi_office": 0, "poi_leisure": 0, "poi_tourism": 0, "population_y": 26000.0, "car_traffic": 26000.0, "foot_traffic": 21000.0, "poi_transport": 0, "attractiveness": 0.05, "coef_amenity": 17803.970501778742, "coef_shop": -196.1134754752531, "coef_office": 63.892027603753746 }, "geometry": { "type": "Point", "coordinates": [ 4337687.968672648072243, 5639239.950640170834959 ] } },
{ "type": "Feature", "properties": { "ID": 1020, "Address": "улица Александра Покрышкина, 3", "lat": 45.107686, "long": 38.949262, "population_x": 13000.0, "type": "rent", "hex_id": 31, "poi_amenity": 1, "poi_shop": 4, "poi_office": 0, "poi_leisure": 0, "poi_tourism": 0, "population_y": 13000.0, "car_traffic": 13000.0, "foot_traffic": 9500.0, "poi_transport": 2, "attractiveness": 1.55, "coef_amenity": 6892.097676821656, "coef_shop": 1283.0979999463161, "coef_office": 756.83130287050415 }, "geometry": { "type": "Point", "coordinates": [ 4335812.012613799422979, 5638490.404276849702001 ] } },
{ "type": "Feature", "properties": { "ID": 1021, "Address": "Средняя улица, 32/17", "lat": 45.114537, "long": 38.937853, "population_x": 13000.0, "type": "rent", "hex_id": 31, "poi_amenity": 0, "poi_shop": 0, "poi_office": 0, "poi_leisure": 0, "poi_tourism": 0, "population_y": 13000.0, "car_traffic": 13000.0, "foot_traffic": 9500.0, "poi_transport": 0, "attractiveness": 0.05, "coef_amenity": 7349.9590153963327, "coef_shop": 942.88188277460415, "coef_office": 566.30459145012162 }, "geometry": { "type": "Point", "coordinates": [ 4334541.968543339520693, 5639571.051702389493585 ] } },
{ "type": "Feature", "properties": { "ID": 1023, "Address": "улица Западный Обход, 29", "lat": 45.080485, "long": 38.893809, "population_x": 30000.0, "type": "rent", "hex_id": 14, "poi_amenity": 3, "poi_shop": 4, "poi_office": 0, "poi_leisure": 0, "poi_tourism": 0, "population_y": 30000.0, "car_traffic": 12000.0, "foot_traffic": 14000.0, "poi_transport": 0, "attractiveness": 2.05, "coef_amenity": 12640.858178331609, "coef_shop": -621.50153062884704, "coef_office": 620.02520196302964 }, "geometry": { "type": "Point", "coordinates": [ 4329639.01289083994925, 5634201.114180580712855 ] } },
{ "type": "Feature", "properties": { "ID": 1024, "Address": "улица имени Генерала Корнилова, 9А", "lat": 45.09451, "long": 38.914632, "population_x": 26000.0, "type": "rent", "hex_id": 23, "poi_amenity": 0, "poi_shop": 0, "poi_office": 0, "poi_leisure": 0, "poi_tourism": 0, "population_y": 26000.0, "car_traffic": 11000.0, "foot_traffic": 10000.0, "poi_transport": 0, "attractiveness": 0.05, "coef_amenity": 9370.8376581492375, "coef_shop": -214.16779484796194, "coef_office": 296.63775231517855 }, "geometry": { "type": "Point", "coordinates": [ 4331957.018647628836334, 5636412.442946831695735 ] } },
{ "type": "Feature", "properties": { "ID": 1025, "Address": "улица имени Генерала Корнилова, 9А", "lat": 45.09451, "long": 38.914632, "population_x": 26000.0, "type": "rent", "hex_id": 23, "poi_amenity": 0, "poi_shop": 0, "poi_office": 0, "poi_leisure": 0, "poi_tourism": 0, "population_y": 26000.0, "car_traffic": 11000.0, "foot_traffic": 10000.0, "poi_transport": 0, "attractiveness": 0.05, "coef_amenity": 9370.8376581492375, "coef_shop": -214.16779484796194, "coef_office": 296.63775231517855 }, "geometry": { "type": "Point", "coordinates": [ 4331957.018647628836334, 5636412.442946831695735 ] } },
{ "type": "Feature", "properties": { "ID": 1026, "Address": "улица Западный Обход, 48", "lat": 45.09661, "long": 38.912386, "population_x": 26000.0, "type": "rent", "hex_id": 23, "poi_amenity": 0, "poi_shop": 0, "poi_office": 0, "poi_leisure": 0, "poi_tourism": 0, "population_y": 26000.0, "car_traffic": 11000.0, "foot_traffic": 10000.0, "poi_transport": 1, "attractiveness": 0.1, "coef_amenity": 9060.5628424737952, "coef_shop": -189.76351515059008, "coef_office": 362.63255541996199 }, "geometry": { "type": "Point", "coordinates": [ 4331706.995071306824684, 5636743.597739945165813 ] } },
{ "type": "Feature", "properties": { "ID": 1027, "Address": "улица Западный Обход, 48", "lat": 45.09661, "long": 38.912386, "population_x": 26000.0, "type": "rent", "hex_id": 23, "poi_amenity": 0, "poi_shop": 0, "poi_office": 0, "poi_leisure": 0, "poi_tourism": 0, "population_y": 26000.0, "car_traffic": 11000.0, "foot_traffic": 10000.0, "poi_transport": 1, "attractiveness": 0.1, "coef_amenity": 9060.5628424737952, "coef_shop": -189.76351515059008, "coef_office": 362.63255541996199 }, "geometry": { "type": "Point", "coordinates": [ 4331706.995071306824684, 5636743.597739945165813 ] } },
{ "type": "Feature", "properties": { "ID": 1028, "Address": "улица Константина Гондаря, 98", "lat": 45.102183, "long": 38.910796, "population_x": 26000.0, "type": "rent", "hex_id": 23, "poi_amenity": 0, "poi_shop": 0, "poi_office": 0, "poi_leisure": 0, "poi_tourism": 0, "population_y": 26000.0, "car_traffic": 11000.0, "foot_traffic": 10000.0, "poi_transport": 0, "attractiveness": 0.05, "coef_amenity": 8500.3993239923511, "coef_shop": -107.12815529414321, "coef_office": 459.07181275391559 }, "geometry": { "type": "Point", "coordinates": [ 4331529.997080945409834, 5637622.478532733395696 ] } },
{ "type": "Feature", "properties": { "ID": 1029, "Address": "улица Западный Обход, 65/1", "lat": 45.10268, "long": 38.913707, "population_x": 26000.0, "type": "rent", "hex_id": 23, "poi_amenity": 1, "poi_shop": 1, "poi_office": 0, "poi_leisure": 0, "poi_tourism": 0, "population_y": 26000.0, "car_traffic": 11000.0, "foot_traffic": 10000.0, "poi_transport": 1, "attractiveness": 0.7, "coef_amenity": 8530.1788212721458, "coef_shop": -74.84147359728874, "coef_office": 452.514273447248 }, "geometry": { "type": "Point", "coordinates": [ 4331854.048118645325303, 5637700.861266194842756 ] } },
{ "type": "Feature", "properties": { "ID": 1030, "Address": "улица имени Генерала Корнилова, 24", "lat": 45.101344, "long": 38.91792, "population_x": 26000.0, "type": "rent", "hex_id": 23, "poi_amenity": 0, "poi_shop": 1, "poi_office": 0, "poi_leisure": 0, "poi_tourism": 0, "population_y": 26000.0, "car_traffic": 11000.0, "foot_traffic": 10000.0, "poi_transport": 1, "attractiveness": 0.35, "coef_amenity": 8788.5241480358127, "coef_shop": -45.500103860768952, "coef_office": 348.08135537421475 }, "geometry": { "type": "Point", "coordinates": [ 4332323.037133357487619, 5637490.159933287650347 ] } },
{ "type": "Feature", "properties": { "ID": 1031, "Address": "Клеверная улица, 2/4", "lat": 45.103284, "long": 38.917336, "population_x": 26000.0, "type": "rent", "hex_id": 23, "poi_amenity": 0, "poi_shop": 1, "poi_office": 1, "poi_leisure": 0, "poi_tourism": 0, "population_y": 26000.0, "car_traffic": 11000.0, "foot_traffic": 10000.0, "poi_transport": 2, "attractiveness": 0.65, "coef_amenity": 8668.1951179404205, "coef_shop": -33.637585235288334, "coef_office": 451.33428951793366 }, "geometry": { "type": "Point", "coordinates": [ 4332258.026550733484328, 5637796.120074087753892 ] } },
{ "type": "Feature", "properties": { "ID": 1032, "Address": "Персиковая улица, 208", "lat": 45.101636, "long": 38.941411, "population_x": 11000.0, "type": "rent", "hex_id": 30, "poi_amenity": 0, "poi_shop": 2, "poi_office": 0, "poi_leisure": 0, "poi_tourism": 0, "population_y": 11000.0, "car_traffic": 2600.0, "foot_traffic": 3400.0, "poi_transport": 3, "attractiveness": 0.8, "coef_amenity": 4383.8591538237497, "coef_shop": 1052.8876053836791, "coef_office": 761.85572774778177 }, "geometry": { "type": "Point", "coordinates": [ 4334938.043291582725942, 5637536.211001165211201 ] } },
{ "type": "Feature", "properties": { "ID": 1033, "Address": "Грушевая улица, 365", "lat": 45.101897, "long": 38.940198, "population_x": 11000.0, "type": "rent", "hex_id": 30, "poi_amenity": 0, "poi_shop": 2, "poi_office": 0, "poi_leisure": 0, "poi_tourism": 0, "population_y": 11000.0, "car_traffic": 2600.0, "foot_traffic": 3400.0, "poi_transport": 3, "attractiveness": 0.8, "coef_amenity": 4692.4216302679088, "coef_shop": 920.05235806429891, "coef_office": 670.72676291522737 }, "geometry": { "type": "Point", "coordinates": [ 4334803.012749250046909, 5637577.373285156674683 ] } },
{ "type": "Feature", "properties": { "ID": 1034, "Address": "садовое товарищество Животновод, 362", "lat": 45.102578, "long": 38.940952, "population_x": 11000.0, "type": "rent", "hex_id": 30, "poi_amenity": 0, "poi_shop": 2, "poi_office": 0, "poi_leisure": 0, "poi_tourism": 0, "population_y": 11000.0, "car_traffic": 2600.0, "foot_traffic": 3400.0, "poi_transport": 3, "attractiveness": 0.8, "coef_amenity": 4590.9520866752455, "coef_shop": 1052.0493340583309, "coef_office": 754.63057388002233 }, "geometry": { "type": "Point", "coordinates": [ 4334886.947645308449864, 5637684.774613336659968 ] } },
{ "type": "Feature", "properties": { "ID": 1036, "Address": "улица Александра Покрышкина, 21", "lat": 45.1031, "long": 38.974028, "population_x": 26000.0, "type": "rent", "hex_id": 39, "poi_amenity": 2, "poi_shop": 0, "poi_office": 0, "poi_leisure": 0, "poi_tourism": 0, "population_y": 26000.0, "car_traffic": 26000.0, "foot_traffic": 21000.0, "poi_transport": 2, "attractiveness": 0.9, "coef_amenity": 20071.092790934435, "coef_shop": -317.92534921543449, "coef_office": 83.517011931548936 }, "geometry": { "type": "Point", "coordinates": [ 4338568.951122785918415, 5637767.10072785243392 ] } },
{ "type": "Feature", "properties": { "ID": 1037, "Address": "улица имени Дзержинского, 100", "lat": 45.102209, "long": 38.983892, "population_x": 26000.0, "type": "rent", "hex_id": 39, "poi_amenity": 15, "poi_shop": 65, "poi_office": 0, "poi_leisure": 1, "poi_tourism": 0, "population_y": 26000.0, "car_traffic": 26000.0, "foot_traffic": 21000.0, "poi_transport": 2, "attractiveness": 21.75, "coef_amenity": 23924.258044505103, "coef_shop": -1568.5584310206514, "coef_office": 338.13963978081108 }, "geometry": { "type": "Point", "coordinates": [ 4339667.006579970940948, 5637626.579020988196135 ] } },
{ "type": "Feature", "properties": { "ID": 1038, "Address": "улица имени Дзержинского, 98/5", "lat": 45.09857, "long": 38.981556, "population_x": 9500.0, "type": "rent", "hex_id": 38, "poi_amenity": 0, "poi_shop": 0, "poi_office": 0, "poi_leisure": 0, "poi_tourism": 0, "population_y": 9500.0, "car_traffic": 29000.0, "foot_traffic": 19000.0, "poi_transport": 2, "attractiveness": 0.2, "coef_amenity": 22415.97645124574, "coef_shop": -1082.1821141938501, "coef_office": 251.83930376525402 }, "geometry": { "type": "Point", "coordinates": [ 4339406.964249477721751, 5637052.686534702777863 ] } },
{ "type": "Feature", "properties": { "ID": 1039, "Address": "Конечная улица, 4", "lat": 45.041266, "long": 39.122044, "population_x": 6500.0, "type": "rent", "hex_id": 66, "poi_amenity": 0, "poi_shop": 0, "poi_office": 0, "poi_leisure": 0, "poi_tourism": 0, "population_y": 6500.0, "car_traffic": 21000.0, "foot_traffic": 9500.0, "poi_transport": 0, "attractiveness": 0.05, "coef_amenity": 15090.809710964446, "coef_shop": 1326.572329975199, "coef_office": -1325.3938874967537 }, "geometry": { "type": "Point", "coordinates": [ 4355046.016872043721378, 5628020.314487738534808 ] } },
{ "type": "Feature", "properties": { "ID": 1040, "Address": "улица Грибоедова, 4Ж", "lat": 45.088491, "long": 38.987252, "population_x": 9500.0, "type": "rent", "hex_id": 38, "poi_amenity": 1, "poi_shop": 2, "poi_office": 0, "poi_leisure": 0, "poi_tourism": 0, "population_y": 9500.0, "car_traffic": 29000.0, "foot_traffic": 19000.0, "poi_transport": 2, "attractiveness": 1.05, "coef_amenity": 20894.751846395982, "coef_shop": 1704.5435366839959, "coef_office": -52.225047734255298 }, "geometry": { "type": "Point", "coordinates": [ 4340041.040069036185741, 5635463.357698052190244 ] } },
{ "type": "Feature", "properties": { "ID": 1041, "Address": "4-й проезд Сафонова, 10", "lat": 45.087562, "long": 38.988015, "population_x": 9500.0, "type": "rent", "hex_id": 38, "poi_amenity": 0, "poi_shop": 0, "poi_office": 0, "poi_leisure": 0, "poi_tourism": 0, "population_y": 9500.0, "car_traffic": 29000.0, "foot_traffic": 19000.0, "poi_transport": 1, "attractiveness": 0.1, "coef_amenity": 20346.661465044373, "coef_shop": 839.69574820808339, "coef_office": 709.9123875278076 }, "geometry": { "type": "Point", "coordinates": [ 4340125.976840511895716, 5635316.880447862669826 ] } },
{ "type": "Feature", "properties": { "ID": 1042, "Address": "Московская улица, 158", "lat": 45.091946, "long": 39.002622, "population_x": 46000.0, "type": "rent", "hex_id": 45, "poi_amenity": 2, "poi_shop": 4, "poi_office": 2, "poi_leisure": 0, "poi_tourism": 0, "population_y": 46000.0, "car_traffic": 29000.0, "foot_traffic": 46000.0, "poi_transport": 3, "attractiveness": 2.4, "coef_amenity": 41363.986445437375, "coef_shop": 179.05592598380613, "coef_office": 4.8658920189139483 }, "geometry": { "type": "Point", "coordinates": [ 4341752.020642529241741, 5636008.135224089026451 ] } },
{ "type": "Feature", "properties": { "ID": 1043, "Address": "улица Петра Метальникова, 17", "lat": 45.094033, "long": 39.012755, "population_x": 46000.0, "type": "rent", "hex_id": 45, "poi_amenity": 7, "poi_shop": 7, "poi_office": 1, "poi_leisure": 1, "poi_tourism": 0, "population_y": 46000.0, "car_traffic": 29000.0, "foot_traffic": 46000.0, "poi_transport": 2, "attractiveness": 4.65, "coef_amenity": 41246.392880893356, "coef_shop": 153.86610521101565, "coef_office": -16.291389713402374 }, "geometry": { "type": "Point", "coordinates": [ 4342880.021042737178504, 5636337.225198151543736 ] } },
{ "type": "Feature", "properties": { "ID": 1044, "Address": "улица Петра Метальникова, 17", "lat": 45.098417, "long": 39.01121, "population_x": 38000.0, "type": "rent", "hex_id": 46, "poi_amenity": 0, "poi_shop": 3, "poi_office": 0, "poi_leisure": 0, "poi_tourism": 0, "population_y": 38000.0, "car_traffic": 38000.0, "foot_traffic": 37000.0, "poi_transport": 0, "attractiveness": 0.75, "coef_amenity": 38877.782902586747, "coef_shop": 679.83005098376157, "coef_office": -316.06501210709706 }, "geometry": { "type": "Point", "coordinates": [ 4342708.032429461367428, 5637028.558303131721914 ] } },
{ "type": "Feature", "properties": { "ID": 1045, "Address": "улица Петра Метальникова, 2", "lat": 45.094758, "long": 39.013033, "population_x": 46000.0, "type": "rent", "hex_id": 45, "poi_amenity": 5, "poi_shop": 6, "poi_office": 0, "poi_leisure": 0, "poi_tourism": 0, "population_y": 46000.0, "car_traffic": 29000.0, "foot_traffic": 46000.0, "poi_transport": 2, "attractiveness": 3.45, "coef_amenity": 40721.851913495033, "coef_shop": 273.43939302406631, "coef_office": -110.29933921094373 }, "geometry": { "type": "Point", "coordinates": [ 4342910.967861177399755, 5636451.55011681560427 ] } },
{ "type": "Feature", "properties": { "ID": 1046, "Address": "Российская улица, 271", "lat": 45.09486, "long": 39.01342, "population_x": 46000.0, "type": "rent", "hex_id": 45, "poi_amenity": 3, "poi_shop": 6, "poi_office": 0, "poi_leisure": 0, "poi_tourism": 0, "population_y": 46000.0, "car_traffic": 29000.0, "foot_traffic": 46000.0, "poi_transport": 2, "attractiveness": 2.75, "coef_amenity": 40593.677966231007, "coef_shop": 317.39987222583056, "coef_office": -137.86619772426286 }, "geometry": { "type": "Point", "coordinates": [ 4342954.048504115082324, 5636467.63456666469574 ] } },
{ "type": "Feature", "properties": { "ID": 1047, "Address": "2-я Ямальская улица, 43", "lat": 45.095535, "long": 39.02755, "population_x": 26000.0, "type": "rent", "hex_id": 54, "poi_amenity": 0, "poi_shop": 0, "poi_office": 0, "poi_leisure": 0, "poi_tourism": 0, "population_y": 26000.0, "car_traffic": 13000.0, "foot_traffic": 15000.0, "poi_transport": 0, "attractiveness": 0.05, "coef_amenity": 25394.087425519279, "coef_shop": -480.11052955796021, "coef_office": 705.92876146645472 }, "geometry": { "type": "Point", "coordinates": [ 4344526.992909023538232, 5636574.076503034681082 ] } },
{ "type": "Feature", "properties": { "ID": 1048, "Address": "улица Лётчика Позднякова, 2/22", "lat": 45.102317, "long": 39.060276, "population_x": 11000.0, "type": "rent", "hex_id": 61, "poi_amenity": 0, "poi_shop": 0, "poi_office": 0, "poi_leisure": 0, "poi_tourism": 0, "population_y": 11000.0, "car_traffic": 7500.0, "foot_traffic": 4400.0, "poi_transport": 0, "attractiveness": 0.05, "coef_amenity": 7974.196069247203, "coef_shop": -312.3505909111804, "coef_office": 1288.0321265707373 }, "geometry": { "type": "Point", "coordinates": [ 4348170.034564725123346, 5637643.611838351935148 ] } },
{ "type": "Feature", "properties": { "ID": 1050, "Address": "улица 1 Мая, 395", "lat": 45.087269, "long": 39.019744, "population_x": 46000.0, "type": "rent", "hex_id": 45, "poi_amenity": 0, "poi_shop": 6, "poi_office": 0, "poi_leisure": 0, "poi_tourism": 0, "population_y": 46000.0, "car_traffic": 29000.0, "foot_traffic": 46000.0, "poi_transport": 0, "attractiveness": 1.5, "coef_amenity": 42765.347079341365, "coef_shop": 6.0105157255606807, "coef_office": 81.088242425252062 }, "geometry": { "type": "Point", "coordinates": [ 4343658.032963891513646, 5635270.683057950809598 ] } },
{ "type": "Feature", "properties": { "ID": 1051, "Address": "улица 1 Мая, 393", "lat": 45.087135, "long": 39.019708, "population_x": 46000.0, "type": "rent", "hex_id": 45, "poi_amenity": 0, "poi_shop": 3, "poi_office": 0, "poi_leisure": 0, "poi_tourism": 0, "population_y": 46000.0, "car_traffic": 29000.0, "foot_traffic": 46000.0, "poi_transport": 0, "attractiveness": 0.75, "coef_amenity": 42923.965180707193, "coef_shop": 6.0669459747692329, "coef_office": 75.656496502543348 }, "geometry": { "type": "Point", "coordinates": [ 4343654.025462223216891, 5635249.555320372804999 ] } },
{ "type": "Feature", "properties": { "ID": 1052, "Address": "Сергиевская улица, 64", "lat": 45.088026, "long": 39.022259, "population_x": 46000.0, "type": "rent", "hex_id": 45, "poi_amenity": 2, "poi_shop": 3, "poi_office": 0, "poi_leisure": 0, "poi_tourism": 0, "population_y": 46000.0, "car_traffic": 29000.0, "foot_traffic": 46000.0, "poi_transport": 1, "attractiveness": 1.55, "coef_amenity": 37863.66826394917, "coef_shop": -144.40307985999863, "coef_office": 417.77745291361492 }, "geometry": { "type": "Point", "coordinates": [ 4343938.001483236439526, 5635390.039939191192389 ] } },
{ "type": "Feature", "properties": { "ID": 1053, "Address": "Батуринская улица, 39", "lat": 45.082655, "long": 39.033847, "population_x": 45000.0, "type": "rent", "hex_id": 53, "poi_amenity": 0, "poi_shop": 1, "poi_office": 0, "poi_leisure": 0, "poi_tourism": 0, "population_y": 45000.0, "car_traffic": 14000.0, "foot_traffic": 25000.0, "poi_transport": 0, "attractiveness": 0.25, "coef_amenity": 25383.463833376474, "coef_shop": -343.03094588521901, "coef_office": 70.344666108537908 }, "geometry": { "type": "Point", "coordinates": [ 4345227.971742549911141, 5634543.22366448957473 ] } },
{ "type": "Feature", "properties": { "ID": 1054, "Address": "Батуринская улица, 75", "lat": 45.08648, "long": 39.033955, "population_x": 45000.0, "type": "rent", "hex_id": 53, "poi_amenity": 0, "poi_shop": 0, "poi_office": 0, "poi_leisure": 0, "poi_tourism": 0, "population_y": 45000.0, "car_traffic": 14000.0, "foot_traffic": 25000.0, "poi_transport": 0, "attractiveness": 0.05, "coef_amenity": 26679.321889525621, "coef_shop": -732.73143699049706, "coef_office": -318.37303664526991 }, "geometry": { "type": "Point", "coordinates": [ 4345239.994247554801404, 5635146.282390962354839 ] } },
{ "type": "Feature", "properties": { "ID": 1055, "Address": "Уссурийская улица, 17", "lat": 45.075419, "long": 39.020552, "population_x": 85000.0, "type": "rent", "hex_id": 44, "poi_amenity": 0, "poi_shop": 3, "poi_office": 0, "poi_leisure": 0, "poi_tourism": 0, "population_y": 85000.0, "car_traffic": 34000.0, "foot_traffic": 78000.0, "poi_transport": 0, "attractiveness": 0.75, "coef_amenity": 69691.010167188157, "coef_shop": -585.84264277469322, "coef_office": -191.30271837855577 }, "geometry": { "type": "Point", "coordinates": [ 4343747.979112452827394, 5633402.488878656178713 ] } },
{ "type": "Feature", "properties": { "ID": 1056, "Address": "улица 1 Мая, 307", "lat": 45.077188, "long": 39.020444, "population_x": 46000.0, "type": "rent", "hex_id": 45, "poi_amenity": 1, "poi_shop": 1, "poi_office": 0, "poi_leisure": 0, "poi_tourism": 0, "population_y": 46000.0, "car_traffic": 29000.0, "foot_traffic": 46000.0, "poi_transport": 0, "attractiveness": 0.6, "coef_amenity": 66761.907969154199, "coef_shop": -65.20798856792608, "coef_office": -958.88275106040214 }, "geometry": { "type": "Point", "coordinates": [ 4343735.956607446074486, 5633681.353347878903151 ] } },
{ "type": "Feature", "properties": { "ID": 1057, "Address": "Российская улица, 352", "lat": 45.077793, "long": 39.015567, "population_x": 46000.0, "type": "rent", "hex_id": 45, "poi_amenity": 2, "poi_shop": 6, "poi_office": 0, "poi_leisure": 0, "poi_tourism": 0, "population_y": 46000.0, "car_traffic": 29000.0, "foot_traffic": 46000.0, "poi_transport": 2, "attractiveness": 2.4, "coef_amenity": 61632.926804569484, "coef_shop": -180.40527237015405, "coef_office": -443.33683390629568 }, "geometry": { "type": "Point", "coordinates": [ 4343193.051450847648084, 5633776.727292778901756 ] } },
{ "type": "Feature", "properties": { "ID": 1058, "Address": "Российская улица, 129/1", "lat": 45.075947, "long": 39.015117, "population_x": 46000.0, "type": "rent", "hex_id": 45, "poi_amenity": 2, "poi_shop": 3, "poi_office": 0, "poi_leisure": 0, "poi_tourism": 0, "population_y": 46000.0, "car_traffic": 29000.0, "foot_traffic": 46000.0, "poi_transport": 3, "attractiveness": 1.75, "coef_amenity": 66090.018051582942, "coef_shop": -429.09819435017835, "coef_office": -325.01083357561157 }, "geometry": { "type": "Point", "coordinates": [ 4343142.957679990679026, 5633485.72168867662549 ] } },
{ "type": "Feature", "properties": { "ID": 1059, "Address": "Черкасская улица, 26", "lat": 45.065087, "long": 39.019941, "population_x": 85000.0, "type": "rent", "hex_id": 44, "poi_amenity": 4, "poi_shop": 0, "poi_office": 0, "poi_leisure": 0, "poi_tourism": 1, "population_y": 85000.0, "car_traffic": 34000.0, "foot_traffic": 78000.0, "poi_transport": 0, "attractiveness": 1.45, "coef_amenity": 78162.661409092907, "coef_shop": -131.48600273529152, "coef_office": 53.164688299935214 }, "geometry": { "type": "Point", "coordinates": [ 4343679.96290357876569, 5631773.928854156285524 ] } },
{ "type": "Feature", "properties": { "ID": 1060, "Address": "Памирская улица, 1", "lat": 45.068646, "long": 39.016294, "population_x": 85000.0, "type": "rent", "hex_id": 44, "poi_amenity": 2, "poi_shop": 0, "poi_office": 1, "poi_leisure": 0, "poi_tourism": 0, "population_y": 85000.0, "car_traffic": 34000.0, "foot_traffic": 78000.0, "poi_transport": 1, "attractiveness": 0.99999999999999989, "coef_amenity": 76512.155316255928, "coef_shop": -733.08434386909789, "coef_office": 305.01363707228245 }, "geometry": { "type": "Point", "coordinates": [ 4343273.980720655061305, 5632334.875594103708863 ] } },
{ "type": "Feature", "properties": { "ID": 1061, "Address": "улица имени Сергея Есенина, 2/4", "lat": 45.07279, "long": 39.009099, "population_x": 25000.0, "type": "rent", "hex_id": 37, "poi_amenity": 15, "poi_shop": 6, "poi_office": 0, "poi_leisure": 1, "poi_tourism": 0, "population_y": 25000.0, "car_traffic": 39000.0, "foot_traffic": 58000.0, "poi_transport": 1, "attractiveness": 6.9, "coef_amenity": 70917.411008313647, "coef_shop": -761.42488202758955, "coef_office": 140.283748732828 }, "geometry": { "type": "Point", "coordinates": [ 4342473.036984397098422, 5632988.070292609743774 ] } },
{ "type": "Feature", "properties": { "ID": 1062, "Address": "Солнечная улица, 4Б", "lat": 45.071548, "long": 38.989686, "population_x": 25000.0, "type": "rent", "hex_id": 37, "poi_amenity": 1, "poi_shop": 4, "poi_office": 0, "poi_leisure": 0, "poi_tourism": 0, "population_y": 25000.0, "car_traffic": 39000.0, "foot_traffic": 58000.0, "poi_transport": 0, "attractiveness": 1.35, "coef_amenity": 55153.931544223138, "coef_shop": -128.71260748080627, "coef_office": 127.8963691635125 }, "geometry": { "type": "Point", "coordinates": [ 4340311.991709627211094, 5632792.296061972156167 ] } },
{ "type": "Feature", "properties": { "ID": 1063, "Address": "улица Шоссе Нефтяников, 42", "lat": 45.07144, "long": 38.984, "population_x": 25000.0, "type": "rent", "hex_id": 37, "poi_amenity": 2, "poi_shop": 7, "poi_office": 0, "poi_leisure": 0, "poi_tourism": 0, "population_y": 25000.0, "car_traffic": 39000.0, "foot_traffic": 58000.0, "poi_transport": 2, "attractiveness": 2.65, "coef_amenity": 50543.720761942015, "coef_shop": 630.08094881988097, "coef_office": -79.514744468287319 }, "geometry": { "type": "Point", "coordinates": [ 4339679.029084976762533, 5632775.272416891530156 ] } },
{ "type": "Feature", "properties": { "ID": 1064, "Address": "улица Красных Партизан, 2/3", "lat": 45.070976, "long": 38.901642, "population_x": 30000.0, "type": "rent", "hex_id": 14, "poi_amenity": 0, "poi_shop": 0, "poi_office": 0, "poi_leisure": 0, "poi_tourism": 0, "population_y": 30000.0, "car_traffic": 12000.0, "foot_traffic": 14000.0, "poi_transport": 1, "attractiveness": 0.1, "coef_amenity": 12610.998296821987, "coef_shop": 263.67971133610831, "coef_office": -202.24871076252234 }, "geometry": { "type": "Point", "coordinates": [ 4330510.978462224826217, 5632702.134159568697214 ] } },
{ "type": "Feature", "properties": { "ID": 1065, "Address": "улица Красных Партизан, 2/4", "lat": 45.070053, "long": 38.903699, "population_x": 13000.0, "type": "rent", "hex_id": 13, "poi_amenity": 1, "poi_shop": 0, "poi_office": 0, "poi_leisure": 0, "poi_tourism": 0, "population_y": 13000.0, "car_traffic": 13000.0, "foot_traffic": 9500.0, "poi_transport": 1, "attractiveness": 0.45, "coef_amenity": 12397.946124614977, "coef_shop": 546.90299486059041, "coef_office": -310.33924625360635 }, "geometry": { "type": "Point", "coordinates": [ 4330739.962654787115753, 5632556.647538013756275 ] } },
{ "type": "Feature", "properties": { "ID": 1066, "Address": "улица Красных Партизан, 2/4", "lat": 45.065883, "long": 38.898399, "population_x": 13000.0, "type": "rent", "hex_id": 13, "poi_amenity": 0, "poi_shop": 0, "poi_office": 0, "poi_leisure": 0, "poi_tourism": 0, "population_y": 13000.0, "car_traffic": 13000.0, "foot_traffic": 9500.0, "poi_transport": 0, "attractiveness": 0.05, "coef_amenity": 11863.232870287926, "coef_shop": 535.74199222552318, "coef_office": -402.20540664768151 }, "geometry": { "type": "Point", "coordinates": [ 4330149.969353581778705, 5631899.386233705095947 ] } },
{ "type": "Feature", "properties": { "ID": 1067, "Address": "улица Красных Партизан, 129", "lat": 45.063107, "long": 38.919977, "population_x": 13000.0, "type": "rent", "hex_id": 13, "poi_amenity": 8, "poi_shop": 3, "poi_office": 1, "poi_leisure": 1, "poi_tourism": 0, "population_y": 13000.0, "car_traffic": 13000.0, "foot_traffic": 9500.0, "poi_transport": 1, "attractiveness": 3.9, "coef_amenity": 17866.110674892803, "coef_shop": 1802.8617377191761, "coef_office": -1255.3414840110781 }, "geometry": { "type": "Point", "coordinates": [ 4332552.021325918845832, 5631461.869079891592264 ] } },
{ "type": "Feature", "properties": { "ID": 1068, "Address": "Клубная улица, 12А", "lat": 45.06249, "long": 38.979077, "population_x": 25000.0, "type": "rent", "hex_id": 37, "poi_amenity": 0, "poi_shop": 0, "poi_office": 1, "poi_leisure": 0, "poi_tourism": 0, "population_y": 25000.0, "car_traffic": 39000.0, "foot_traffic": 58000.0, "poi_transport": 0, "attractiveness": 0.2, "coef_amenity": 64391.124203873485, "coef_shop": 719.78736315494575, "coef_office": -102.93966058035299 }, "geometry": { "type": "Point", "coordinates": [ 4339131.003231801092625, 5631364.628419537097216 ] } },
{ "type": "Feature", "properties": { "ID": 1069, "Address": "улица Шоссе Нефтяников, 11", "lat": 45.058345, "long": 38.981395, "population_x": 39000.0, "type": "rent", "hex_id": 28, "poi_amenity": 45, "poi_shop": 4, "poi_office": 1, "poi_leisure": 0, "poi_tourism": 0, "population_y": 39000.0, "car_traffic": 51000.0, "foot_traffic": 95000.0, "poi_transport": 1, "attractiveness": 17.05, "coef_amenity": 72946.937021498292, "coef_shop": 640.62363686018421, "coef_office": -197.79269556821936 }, "geometry": { "type": "Point", "coordinates": [ 4339389.041811460629106, 5630711.393813502043486 ] } },
{ "type": "Feature", "properties": { "ID": 1070, "Address": "улица Монтажников, 2", "lat": 45.058441, "long": 38.962494, "population_x": 39000.0, "type": "rent", "hex_id": 28, "poi_amenity": 12, "poi_shop": 8, "poi_office": 1, "poi_leisure": 1, "poi_tourism": 0, "population_y": 39000.0, "car_traffic": 51000.0, "foot_traffic": 95000.0, "poi_transport": 2, "attractiveness": 6.65, "coef_amenity": 79086.739706537555, "coef_shop": 226.40136154285702, "coef_office": -914.84067401944151 }, "geometry": { "type": "Point", "coordinates": [ 4337284.992115977220237, 5630726.522474961355329 ] } },
{ "type": "Feature", "properties": { "ID": 1071, "Address": "улица имени Тургенева, 136", "lat": 45.057912, "long": 38.962413, "population_x": 39000.0, "type": "rent", "hex_id": 28, "poi_amenity": 9, "poi_shop": 4, "poi_office": 0, "poi_leisure": 1, "poi_tourism": 0, "population_y": 39000.0, "car_traffic": 51000.0, "foot_traffic": 95000.0, "poi_transport": 2, "attractiveness": 4.4, "coef_amenity": 80423.786696989016, "coef_shop": 209.326329329054, "coef_office": -945.91136638421563 }, "geometry": { "type": "Point", "coordinates": [ 4337275.975237222388387, 5630643.157562354579568 ] } },
{ "type": "Feature", "properties": { "ID": 1072, "Address": "Алма-Атинская улица, 85", "lat": 45.040114, "long": 38.922654, "population_x": 31000.0, "type": "rent", "hex_id": 12, "poi_amenity": 3, "poi_shop": 3, "poi_office": 0, "poi_leisure": 0, "poi_tourism": 0, "population_y": 31000.0, "car_traffic": 15000.0, "foot_traffic": 25000.0, "poi_transport": 2, "attractiveness": 1.9999999999999998, "coef_amenity": 26422.078569938069, "coef_shop": -47.247156557327287, "coef_office": -227.72580510909512 }, "geometry": { "type": "Point", "coordinates": [ 4332850.023602772504091, 5627838.826731253415346 ] } },
{ "type": "Feature", "properties": { "ID": 1073, "Address": "улица Академика Трубилина, 120", "lat": 45.050475, "long": 38.932427, "population_x": 21000.0, "type": "rent", "hex_id": 21, "poi_amenity": 0, "poi_shop": 1, "poi_office": 0, "poi_leisure": 0, "poi_tourism": 0, "population_y": 21000.0, "car_traffic": 28000.0, "foot_traffic": 35000.0, "poi_transport": 2, "attractiveness": 0.45, "coef_amenity": 31408.437467048101, "coef_shop": -75.503176026470669, "coef_office": -266.63968821795766 }, "geometry": { "type": "Point", "coordinates": [ 4333937.948986295610666, 5629471.245134933851659 ] } },
{ "type": "Feature", "properties": { "ID": 1074, "Address": "улица Каляева, 213/1", "lat": 45.051831, "long": 38.93903, "population_x": 21000.0, "type": "rent", "hex_id": 21, "poi_amenity": 0, "poi_shop": 0, "poi_office": 0, "poi_leisure": 0, "poi_tourism": 0, "population_y": 21000.0, "car_traffic": 28000.0, "foot_traffic": 35000.0, "poi_transport": 6, "attractiveness": 0.6, "coef_amenity": 33780.271912867014, "coef_shop": 629.44102551672836, "coef_office": -344.2681520696911 }, "geometry": { "type": "Point", "coordinates": [ 4334672.991584003902972, 5629684.910425554029644 ] } },
{ "type": "Feature", "properties": { "ID": 1075, "Address": "улица Герцена, 30", "lat": 45.042203, "long": 38.941006, "population_x": 12000.0, "type": "rent", "hex_id": 20, "poi_amenity": 1, "poi_shop": 0, "poi_office": 0, "poi_leisure": 0, "poi_tourism": 0, "population_y": 12000.0, "car_traffic": 35000.0, "foot_traffic": 35000.0, "poi_transport": 4, "attractiveness": 0.75, "coef_amenity": 33722.639322414645, "coef_shop": 74.663520968635254, "coef_office": -509.39235397866872 }, "geometry": { "type": "Point", "coordinates": [ 4334892.958897811360657, 5628167.933526274748147 ] } },
{ "type": "Feature", "properties": { "ID": 1076, "Address": "улица имени Калинина, 290", "lat": 45.041617, "long": 38.944645, "population_x": 12000.0, "type": "rent", "hex_id": 20, "poi_amenity": 0, "poi_shop": 0, "poi_office": 0, "poi_leisure": 0, "poi_tourism": 0, "population_y": 12000.0, "car_traffic": 35000.0, "foot_traffic": 35000.0, "poi_transport": 5, "attractiveness": 0.5, "coef_amenity": 34081.728700375323, "coef_shop": 1023.7883696820389, "coef_office": -842.61759462067937 }, "geometry": { "type": "Point", "coordinates": [ 4335298.050524807535112, 5628075.612264870665967 ] } },
{ "type": "Feature", "properties": { "ID": 1077, "Address": "улица Кропоткина, 50", "lat": 45.043069, "long": 38.948696, "population_x": 12000.0, "type": "rent", "hex_id": 20, "poi_amenity": 1, "poi_shop": 4, "poi_office": 0, "poi_leisure": 0, "poi_tourism": 0, "population_y": 12000.0, "car_traffic": 35000.0, "foot_traffic": 35000.0, "poi_transport": 2, "attractiveness": 1.55, "coef_amenity": 34704.51404081755, "coef_shop": 2888.7069927005532, "coef_office": -1255.1128821701539 }, "geometry": { "type": "Point", "coordinates": [ 4335749.005782010965049, 5628304.369067123159766 ] } },
{ "type": "Feature", "properties": { "ID": 1078, "Address": "Северная улица, 207/1", "lat": 45.043954, "long": 38.953053, "population_x": 12000.0, "type": "rent", "hex_id": 20, "poi_amenity": 1, "poi_shop": 4, "poi_office": 0, "poi_leisure": 0, "poi_tourism": 0, "population_y": 12000.0, "car_traffic": 35000.0, "foot_traffic": 35000.0, "poi_transport": 1, "attractiveness": 1.45, "coef_amenity": 38806.054651181948, "coef_shop": 3888.4954280010566, "coef_office": -1177.6288926499274 }, "geometry": { "type": "Point", "coordinates": [ 4336234.024803397245705, 5628443.800131182186306 ] } },
{ "type": "Feature", "properties": { "ID": 1079, "Address": "улица Рылеева, 175", "lat": 45.048049, "long": 38.95714, "population_x": 39000.0, "type": "rent", "hex_id": 28, "poi_amenity": 4, "poi_shop": 1, "poi_office": 0, "poi_leisure": 0, "poi_tourism": 0, "population_y": 39000.0, "car_traffic": 51000.0, "foot_traffic": 95000.0, "poi_transport": 2, "attractiveness": 1.85, "coef_amenity": 60391.492269423856, "coef_shop": 3613.9169477313499, "coef_office": -3001.2569936828795 }, "geometry": { "type": "Point", "coordinates": [ 4336688.987562269903719, 5629088.992290084250271 ] } },
{ "type": "Feature", "properties": { "ID": 1080, "Address": "улица Красных Партизан, 108", "lat": 45.051647, "long": 38.952289, "population_x": 21000.0, "type": "rent", "hex_id": 21, "poi_amenity": 0, "poi_shop": 3, "poi_office": 1, "poi_leisure": 1, "poi_tourism": 1, "population_y": 21000.0, "car_traffic": 28000.0, "foot_traffic": 35000.0, "poi_transport": 0, "attractiveness": 1.05, "coef_amenity": 52401.684795119225, "coef_shop": 2972.879101131196, "coef_office": -2401.234966853709 }, "geometry": { "type": "Point", "coordinates": [ 4336148.97671243082732, 5629655.91719820164144 ] } },
{ "type": "Feature", "properties": { "ID": 1081, "Address": "улица Гагарина, 75/4", "lat": 45.054448, "long": 38.951831, "population_x": 21000.0, "type": "rent", "hex_id": 21, "poi_amenity": 5, "poi_shop": 5, "poi_office": 0, "poi_leisure": 4, "poi_tourism": 0, "population_y": 21000.0, "car_traffic": 28000.0, "foot_traffic": 35000.0, "poi_transport": 3, "attractiveness": 3.5, "coef_amenity": 50094.677539735269, "coef_shop": 2706.4912809555553, "coef_office": -2247.3623606070423 }, "geometry": { "type": "Point", "coordinates": [ 4336097.992385648190975, 5630097.286154170520604 ] } },
{ "type": "Feature", "properties": { "ID": 1082, "Address": "улица Бабушкина, 233", "lat": 45.048915, "long": 38.962126, "population_x": 39000.0, "type": "rent", "hex_id": 28, "poi_amenity": 1, "poi_shop": 3, "poi_office": 0, "poi_leisure": 0, "poi_tourism": 0, "population_y": 39000.0, "car_traffic": 51000.0, "foot_traffic": 95000.0, "poi_transport": 2, "attractiveness": 1.3, "coef_amenity": 79082.680696721625, "coef_shop": 2831.6567066104558, "coef_office": -3252.4416026256349 }, "geometry": { "type": "Point", "coordinates": [ 4337244.026543364860117, 5629225.441774585284293 ] } },
{ "type": "Feature", "properties": { "ID": 1083, "Address": "улица Атарбекова, 35", "lat": 45.060204, "long": 38.956736, "population_x": 21000.0, "type": "rent", "hex_id": 21, "poi_amenity": 9, "poi_shop": 2, "poi_office": 0, "poi_leisure": 0, "poi_tourism": 0, "population_y": 21000.0, "car_traffic": 28000.0, "foot_traffic": 35000.0, "poi_transport": 3, "attractiveness": 3.95, "coef_amenity": 54523.61969321761, "coef_shop": 1754.7944268043864, "coef_office": -1668.0952528560294 }, "geometry": { "type": "Point", "coordinates": [ 4336644.014487989246845, 5631004.358555624261498 ] } },
{ "type": "Feature", "properties": { "ID": 1084, "Address": "улица имени Тургенева, 136", "lat": 45.057912, "long": 38.962413, "population_x": 39000.0, "type": "rent", "hex_id": 28, "poi_amenity": 9, "poi_shop": 4, "poi_office": 0, "poi_leisure": 1, "poi_tourism": 0, "population_y": 39000.0, "car_traffic": 51000.0, "foot_traffic": 95000.0, "poi_transport": 2, "attractiveness": 4.4, "coef_amenity": 80423.786696989016, "coef_shop": 209.326329329054, "coef_office": -945.91136638421563 }, "geometry": { "type": "Point", "coordinates": [ 4337275.975237222388387, 5630643.157562354579568 ] } },
{ "type": "Feature", "properties": { "ID": 1085, "Address": "улица Монтажников, 2", "lat": 45.058441, "long": 38.962494, "population_x": 39000.0, "type": "rent", "hex_id": 28, "poi_amenity": 12, "poi_shop": 8, "poi_office": 1, "poi_leisure": 1, "poi_tourism": 0, "population_y": 39000.0, "car_traffic": 51000.0, "foot_traffic": 95000.0, "poi_transport": 2, "attractiveness": 6.65, "coef_amenity": 79086.739706537555, "coef_shop": 226.40136154285702, "coef_office": -914.84067401944151 }, "geometry": { "type": "Point", "coordinates": [ 4337284.992115977220237, 5630726.522474961355329 ] } },
{ "type": "Feature", "properties": { "ID": 1086, "Address": "улица имени Тургенева, 164", "lat": 45.06904, "long": 38.96774, "population_x": 48000.0, "type": "rent", "hex_id": 29, "poi_amenity": 6, "poi_shop": 7, "poi_office": 0, "poi_leisure": 0, "poi_tourism": 0, "population_y": 48000.0, "car_traffic": 25000.0, "foot_traffic": 44000.0, "poi_transport": 2, "attractiveness": 4.05, "coef_amenity": 42613.415976108168, "coef_shop": 1364.1198365023604, "coef_office": -16.443996641103684 }, "geometry": { "type": "Point", "coordinates": [ 4337868.974164678715169, 5632396.977492895908654 ] } },
{ "type": "Feature", "properties": { "ID": 1087, "Address": "улица Фёдора Лузана, 6", "lat": 45.068773, "long": 38.97702, "population_x": 25000.0, "type": "rent", "hex_id": 37, "poi_amenity": 4, "poi_shop": 13, "poi_office": 0, "poi_leisure": 0, "poi_tourism": 0, "population_y": 25000.0, "car_traffic": 39000.0, "foot_traffic": 58000.0, "poi_transport": 1, "attractiveness": 4.75, "coef_amenity": 50035.614055777813, "coef_shop": 950.18161988914903, "coef_office": -46.148273267951581 }, "geometry": { "type": "Point", "coordinates": [ 4338902.019039239734411, 5632354.893164473585784 ] } },
{ "type": "Feature", "properties": { "ID": 1088, "Address": "улица Шоссе Нефтяников, 42", "lat": 45.07144, "long": 38.984, "population_x": 25000.0, "type": "rent", "hex_id": 37, "poi_amenity": 2, "poi_shop": 7, "poi_office": 0, "poi_leisure": 0, "poi_tourism": 0, "population_y": 25000.0, "car_traffic": 39000.0, "foot_traffic": 58000.0, "poi_transport": 2, "attractiveness": 2.65, "coef_amenity": 50543.720761942015, "coef_shop": 630.08094881988097, "coef_office": -79.514744468287319 }, "geometry": { "type": "Point", "coordinates": [ 4339679.029084976762533, 5632775.272416891530156 ] } },
{ "type": "Feature", "properties": { "ID": 1089, "Address": "Солнечная улица, 4Б", "lat": 45.071548, "long": 38.989686, "population_x": 25000.0, "type": "rent", "hex_id": 37, "poi_amenity": 1, "poi_shop": 4, "poi_office": 0, "poi_leisure": 0, "poi_tourism": 0, "population_y": 25000.0, "car_traffic": 39000.0, "foot_traffic": 58000.0, "poi_transport": 0, "attractiveness": 1.35, "coef_amenity": 55153.931544223138, "coef_shop": -128.71260748080627, "coef_office": 127.8963691635125 }, "geometry": { "type": "Point", "coordinates": [ 4340311.991709627211094, 5632792.296061972156167 ] } },
{ "type": "Feature", "properties": { "ID": 1090, "Address": "улица Генерал-лейтенанта Александра Сапрунова, 35", "lat": 45.0692, "long": 39.06969, "population_x": 6500.0, "type": "rent", "hex_id": 60, "poi_amenity": 0, "poi_shop": 1, "poi_office": 0, "poi_leisure": 0, "poi_tourism": 0, "population_y": 6500.0, "car_traffic": 2400.0, "foot_traffic": 2200.0, "poi_transport": 0, "attractiveness": 0.25, "coef_amenity": 10672.403628247708, "coef_shop": 3243.1345392465878, "coef_office": -466.06882707911507 }, "geometry": { "type": "Point", "coordinates": [ 4349217.996251052245498, 5632422.196660309098661 ] } },
{ "type": "Feature", "properties": { "ID": 1091, "Address": "Красная улица, 155", "lat": 45.049615, "long": 38.978709, "population_x": 39000.0, "type": "rent", "hex_id": 28, "poi_amenity": 17, "poi_shop": 2, "poi_office": 1, "poi_leisure": 0, "poi_tourism": 0, "population_y": 39000.0, "car_traffic": 51000.0, "foot_traffic": 95000.0, "poi_transport": 1, "attractiveness": 6.75, "coef_amenity": 88370.98924076758, "coef_shop": 293.5021782778901, "coef_office": -116.88021354355121 }, "geometry": { "type": "Point", "coordinates": [ 4339090.037659189663827, 5629335.737325028516352 ] } },
{ "type": "Feature", "properties": { "ID": 1092, "Address": "Красная улица, 149", "lat": 45.048348, "long": 38.978197, "population_x": 39000.0, "type": "rent", "hex_id": 28, "poi_amenity": 13, "poi_shop": 10, "poi_office": 0, "poi_leisure": 0, "poi_tourism": 0, "population_y": 39000.0, "car_traffic": 51000.0, "foot_traffic": 95000.0, "poi_transport": 1, "attractiveness": 7.15, "coef_amenity": 89568.775805432393, "coef_shop": 262.45873514866133, "coef_office": -41.889638635568957 }, "geometry": { "type": "Point", "coordinates": [ 4339033.042079903185368, 5629136.103368205949664 ] } },
{ "type": "Feature", "properties": { "ID": 1093, "Address": "улица имени Дзержинского, 18", "lat": 45.059625, "long": 38.978125, "population_x": 39000.0, "type": "rent", "hex_id": 28, "poi_amenity": 10, "poi_shop": 6, "poi_office": 5, "poi_leisure": 0, "poi_tourism": 0, "population_y": 39000.0, "car_traffic": 51000.0, "foot_traffic": 95000.0, "poi_transport": 2, "attractiveness": 6.2, "coef_amenity": 73567.253676993714, "coef_shop": 548.70147401856877, "coef_office": 167.31291196784318 }, "geometry": { "type": "Point", "coordinates": [ 4339025.027076566591859, 5630913.111388128250837 ] } },
{ "type": "Feature", "properties": { "ID": 1094, "Address": "улица Коммунаров, 254", "lat": 45.043355, "long": 38.9817, "population_x": 39000.0, "type": "rent", "hex_id": 28, "poi_amenity": 4, "poi_shop": 5, "poi_office": 5, "poi_leisure": 1, "poi_tourism": 0, "population_y": 39000.0, "car_traffic": 51000.0, "foot_traffic": 95000.0, "poi_transport": 2, "attractiveness": 3.9, "coef_amenity": 85007.565531867731, "coef_shop": 552.21743407790848, "coef_office": -136.18000613345228 }, "geometry": { "type": "Point", "coordinates": [ 4339422.994256151840091, 5628349.427909559570253 ] } },
{ "type": "Feature", "properties": { "ID": 1095, "Address": "улица Коммунаров, 258", "lat": 45.043693, "long": 38.981727, "population_x": 39000.0, "type": "rent", "hex_id": 28, "poi_amenity": 3, "poi_shop": 6, "poi_office": 4, "poi_leisure": 1, "poi_tourism": 0, "population_y": 39000.0, "car_traffic": 51000.0, "foot_traffic": 95000.0, "poi_transport": 0, "attractiveness": 3.4, "coef_amenity": 84486.694801588514, "coef_shop": 584.36045077878339, "coef_office": -148.61325810926724 }, "geometry": { "type": "Point", "coordinates": [ 4339425.999882403761148, 5628402.679559217765927 ] } },
{ "type": "Feature", "properties": { "ID": 1096, "Address": "улица Коммунаров, 266Л", "lat": 45.045361, "long": 38.983416, "population_x": 39000.0, "type": "rent", "hex_id": 28, "poi_amenity": 3, "poi_shop": 0, "poi_office": 0, "poi_leisure": 0, "poi_tourism": 0, "population_y": 39000.0, "car_traffic": 51000.0, "foot_traffic": 95000.0, "poi_transport": 4, "attractiveness": 1.45, "coef_amenity": 78876.27212841592, "coef_shop": 859.50158262531681, "coef_office": -215.44996353972465 }, "geometry": { "type": "Point", "coordinates": [ 4339614.018502353690565, 5628665.476331297308207 ] } },
{ "type": "Feature", "properties": { "ID": 1097, "Address": "Одесская улица, 48/3", "lat": 45.045374, "long": 38.987458, "population_x": 25000.0, "type": "rent", "hex_id": 36, "poi_amenity": 0, "poi_shop": 1, "poi_office": 0, "poi_leisure": 1, "poi_tourism": 0, "population_y": 25000.0, "car_traffic": 41000.0, "foot_traffic": 52000.0, "poi_transport": 0, "attractiveness": 0.3, "coef_amenity": 70480.98961520067, "coef_shop": 1236.9463505285685, "coef_office": -245.18167923745125 }, "geometry": { "type": "Point", "coordinates": [ 4340063.971884139813483, 5628667.524537671357393 ] } },
{ "type": "Feature", "properties": { "ID": 1098, "Address": "улица Володи Головатого, 289", "lat": 45.040426, "long": 38.965189, "population_x": 12000.0, "type": "rent", "hex_id": 20, "poi_amenity": 1, "poi_shop": 3, "poi_office": 1, "poi_leisure": 0, "poi_tourism": 0, "population_y": 12000.0, "car_traffic": 35000.0, "foot_traffic": 35000.0, "poi_transport": 1, "attractiveness": 1.4, "coef_amenity": 55573.805805473974, "coef_shop": 2689.5381748260716, "coef_office": -1001.7081970707201 }, "geometry": { "type": "Point", "coordinates": [ 4337584.998143664561212, 5627887.979304479435086 ] } },
{ "type": "Feature", "properties": { "ID": 1099, "Address": "улица Володи Головатого, 291А", "lat": 45.040368, "long": 38.965602, "population_x": 12000.0, "type": "rent", "hex_id": 20, "poi_amenity": 2, "poi_shop": 5, "poi_office": 1, "poi_leisure": 0, "poi_tourism": 0, "population_y": 12000.0, "car_traffic": 35000.0, "foot_traffic": 35000.0, "poi_transport": 1, "attractiveness": 2.25, "coef_amenity": 56611.822405775471, "coef_shop": 2582.1840446826036, "coef_office": -973.99163472683449 }, "geometry": { "type": "Point", "coordinates": [ 4337630.973093361593783, 5627878.84194686729461 ] } },
{ "type": "Feature", "properties": { "ID": 1100, "Address": "Северная улица, 324В", "lat": 45.040419, "long": 38.970642, "population_x": 39000.0, "type": "rent", "hex_id": 28, "poi_amenity": 10, "poi_shop": 7, "poi_office": 1, "poi_leisure": 0, "poi_tourism": 2, "population_y": 39000.0, "car_traffic": 51000.0, "foot_traffic": 95000.0, "poi_transport": 3, "attractiveness": 5.85, "coef_amenity": 71042.874668583143, "coef_shop": 1595.1540236614528, "coef_office": -895.85935199893845 }, "geometry": { "type": "Point", "coordinates": [ 4338192.023326960392296, 5627886.876519449986517 ] } },
{ "type": "Feature", "properties": { "ID": 1101, "Address": "Октябрьская улица, 179", "lat": 45.0384, "long": 38.970354, "population_x": 21000.0, "type": "rent", "hex_id": 27, "poi_amenity": 10, "poi_shop": 4, "poi_office": 0, "poi_leisure": 0, "poi_tourism": 0, "population_y": 21000.0, "car_traffic": 52000.0, "foot_traffic": 95000.0, "poi_transport": 8, "attractiveness": 5.3, "coef_amenity": 72782.970307320284, "coef_shop": 1028.2460701798213, "coef_office": -518.02229052758457 }, "geometry": { "type": "Point", "coordinates": [ 4338159.963313612155616, 5627568.807439733296633 ] } },
{ "type": "Feature", "properties": { "ID": 1102, "Address": "улица Кирова, 139", "lat": 45.03784, "long": 38.96801, "population_x": 21000.0, "type": "rent", "hex_id": 27, "poi_amenity": 4, "poi_shop": 3, "poi_office": 0, "poi_leisure": 1, "poi_tourism": 0, "population_y": 21000.0, "car_traffic": 52000.0, "foot_traffic": 95000.0, "poi_transport": 8, "attractiveness": 3.0, "coef_amenity": 67148.161853198515, "coef_shop": 963.52708171842266, "coef_office": -306.12844994544434 }, "geometry": { "type": "Point", "coordinates": [ 4337899.030427192337811, 5627480.588187384419143 ] } },
{ "type": "Feature", "properties": { "ID": 1103, "Address": "Северная улица, 378", "lat": 45.039126, "long": 38.981547, "population_x": 21000.0, "type": "rent", "hex_id": 27, "poi_amenity": 2, "poi_shop": 5, "poi_office": 2, "poi_leisure": 0, "poi_tourism": 0, "population_y": 21000.0, "car_traffic": 52000.0, "foot_traffic": 95000.0, "poi_transport": 7, "attractiveness": 3.05, "coef_amenity": 90193.970156273179, "coef_shop": 306.28500837559608, "coef_office": -282.2537030122532 }, "geometry": { "type": "Point", "coordinates": [ 4339405.962374061346054, 5627683.178684270940721 ] } },
{ "type": "Feature", "properties": { "ID": 1104, "Address": "улица Янковского, 170", "lat": 45.038521, "long": 38.984521, "population_x": 21000.0, "type": "rent", "hex_id": 27, "poi_amenity": 5, "poi_shop": 0, "poi_office": 1, "poi_leisure": 0, "poi_tourism": 1, "population_y": 21000.0, "car_traffic": 52000.0, "foot_traffic": 95000.0, "poi_transport": 2, "attractiveness": 2.2, "coef_amenity": 86580.799566665301, "coef_shop": 627.44631524350962, "coef_office": -1054.029487815068 }, "geometry": { "type": "Point", "coordinates": [ 4339737.026539680548012, 5627587.869213045574725 ] } },
{ "type": "Feature", "properties": { "ID": 1105, "Address": "улица Будённого, 129", "lat": 45.03705, "long": 38.972043, "population_x": 21000.0, "type": "rent", "hex_id": 27, "poi_amenity": 10, "poi_shop": 6, "poi_office": 1, "poi_leisure": 0, "poi_tourism": 1, "population_y": 21000.0, "car_traffic": 52000.0, "foot_traffic": 95000.0, "poi_transport": 5, "attractiveness": 5.75, "coef_amenity": 78719.680690412846, "coef_shop": 523.85248931282081, "coef_office": -187.14883400125987 }, "geometry": { "type": "Point", "coordinates": [ 4338347.98193356115371, 5627356.137495913542807 ] } },
{ "type": "Feature", "properties": { "ID": 1106, "Address": "улица Кубанская Набережная, 192", "lat": 45.031413, "long": 38.959467, "population_x": 12000.0, "type": "rent", "hex_id": 20, "poi_amenity": 0, "poi_shop": 0, "poi_office": 1, "poi_leisure": 0, "poi_tourism": 0, "population_y": 12000.0, "car_traffic": 35000.0, "foot_traffic": 35000.0, "poi_transport": 0, "attractiveness": 0.2, "coef_amenity": 44540.337972323912, "coef_shop": -233.20221693399802, "coef_office": 2529.6231513527205 }, "geometry": { "type": "Point", "coordinates": [ 4336948.028017344884574, 5626468.176540895365179 ] } },
{ "type": "Feature", "properties": { "ID": 1107, "Address": "улица Кирова, 77", "lat": 45.03084, "long": 38.965683, "population_x": 12000.0, "type": "rent", "hex_id": 20, "poi_amenity": 2, "poi_shop": 0, "poi_office": 0, "poi_leisure": 0, "poi_tourism": 0, "population_y": 12000.0, "car_traffic": 35000.0, "foot_traffic": 35000.0, "poi_transport": 0, "attractiveness": 0.7, "coef_amenity": 61839.997621485141, "coef_shop": 84.328679277598511, "coef_office": 947.39994708042309 }, "geometry": { "type": "Point", "coordinates": [ 4337639.989972116425633, 5626377.920372245833278 ] } },
{ "type": "Feature", "properties": { "ID": 1108, "Address": "Октябрьская улица, 97", "lat": 45.02782, "long": 38.96686, "population_x": 21000.0, "type": "rent", "hex_id": 27, "poi_amenity": 4, "poi_shop": 8, "poi_office": 1, "poi_leisure": 0, "poi_tourism": 0, "population_y": 21000.0, "car_traffic": 52000.0, "foot_traffic": 95000.0, "poi_transport": 3, "attractiveness": 3.9, "coef_amenity": 60093.120297809743, "coef_shop": 1.260232497026559, "coef_office": 989.66347034043554 }, "geometry": { "type": "Point", "coordinates": [ 4337771.01301277987659, 5625902.239614793099463 ] } },
{ "type": "Feature", "properties": { "ID": 1109, "Address": "Гимназическая улица, 53", "lat": 45.026164, "long": 38.967453, "population_x": 21000.0, "type": "rent", "hex_id": 27, "poi_amenity": 2, "poi_shop": 6, "poi_office": 2, "poi_leisure": 0, "poi_tourism": 0, "population_y": 21000.0, "car_traffic": 52000.0, "foot_traffic": 95000.0, "poi_transport": 3, "attractiveness": 2.9, "coef_amenity": 57935.892282278684, "coef_shop": -28.731547781664585, "coef_office": 1031.7924847206664 }, "geometry": { "type": "Point", "coordinates": [ 4337837.025470820255578, 5625641.413403087295592 ] } },
{ "type": "Feature", "properties": { "ID": 1110, "Address": "Карасунская улица, 82/2", "lat": 45.028056, "long": 38.972843, "population_x": 21000.0, "type": "rent", "hex_id": 27, "poi_amenity": 83, "poi_shop": 33, "poi_office": 1, "poi_leisure": 0, "poi_tourism": 1, "population_y": 21000.0, "car_traffic": 52000.0, "foot_traffic": 95000.0, "poi_transport": 0, "attractiveness": 37.55, "coef_amenity": 76214.938172494833, "coef_shop": -76.44643053181224, "coef_office": 612.76936235352082 }, "geometry": { "type": "Point", "coordinates": [ 4338437.03752619586885, 5625939.411114348098636 ] } },
{ "type": "Feature", "properties": { "ID": 1111, "Address": "Красноармейская улица, 62", "lat": 45.027183, "long": 38.974576, "population_x": 21000.0, "type": "rent", "hex_id": 27, "poi_amenity": 38, "poi_shop": 47, "poi_office": 0, "poi_leisure": 0, "poi_tourism": 0, "population_y": 21000.0, "car_traffic": 52000.0, "foot_traffic": 95000.0, "poi_transport": 6, "attractiveness": 25.65, "coef_amenity": 77109.503582555873, "coef_shop": -104.05714122854044, "coef_office": 593.68861643652644 }, "geometry": { "type": "Point", "coordinates": [ 4338629.954203741624951, 5625801.908832363784313 ] } },
{ "type": "Feature", "properties": { "ID": 1112, "Address": "улица Горького, 104", "lat": 45.031005, "long": 38.974199, "population_x": 21000.0, "type": "rent", "hex_id": 27, "poi_amenity": 30, "poi_shop": 12, "poi_office": 1, "poi_leisure": 0, "poi_tourism": 1, "population_y": 21000.0, "car_traffic": 52000.0, "foot_traffic": 95000.0, "poi_transport": 6, "attractiveness": 14.35, "coef_amenity": 84393.263720880728, "coef_shop": -46.267956219099183, "coef_office": 361.87882471351531 }, "geometry": { "type": "Point", "coordinates": [ 4338587.986755711957812, 5626403.910275817848742 ] } },
{ "type": "Feature", "properties": { "ID": 1113, "Address": "улица Горького, 104", "lat": 45.031005, "long": 38.974199, "population_x": 21000.0, "type": "rent", "hex_id": 27, "poi_amenity": 30, "poi_shop": 12, "poi_office": 1, "poi_leisure": 0, "poi_tourism": 1, "population_y": 21000.0, "car_traffic": 52000.0, "foot_traffic": 95000.0, "poi_transport": 6, "attractiveness": 14.35, "coef_amenity": 84393.263720880728, "coef_shop": -46.267956219099183, "coef_office": 361.87882471351531 }, "geometry": { "type": "Point", "coordinates": [ 4338587.986755711957812, 5626403.910275817848742 ] } },
{ "type": "Feature", "properties": { "ID": 1114, "Address": "Красноармейская улица, 80", "lat": 45.031668, "long": 38.975529, "population_x": 21000.0, "type": "rent", "hex_id": 27, "poi_amenity": 13, "poi_shop": 1, "poi_office": 1, "poi_leisure": 0, "poi_tourism": 0, "population_y": 21000.0, "car_traffic": 52000.0, "foot_traffic": 95000.0, "poi_transport": 10, "attractiveness": 6.0, "coef_amenity": 87985.661908413473, "coef_shop": -30.688423372640642, "coef_office": 238.73648722320877 }, "geometry": { "type": "Point", "coordinates": [ 4338736.04167846776545, 5626508.343189217150211 ] } },
{ "type": "Feature", "properties": { "ID": 1115, "Address": "Красная улица, 104", "lat": 45.0324, "long": 38.9734, "population_x": 21000.0, "type": "rent", "hex_id": 27, "poi_amenity": 22, "poi_shop": 10, "poi_office": 3, "poi_leisure": 0, "poi_tourism": 1, "population_y": 21000.0, "car_traffic": 52000.0, "foot_traffic": 95000.0, "poi_transport": 4, "attractiveness": 11.25, "coef_amenity": 82445.229760988135, "coef_shop": 28.308639997240721, "coef_office": 334.38561435555022 }, "geometry": { "type": "Point", "coordinates": [ 4338499.042482567951083, 5626623.646091572009027 ] } },
{ "type": "Feature", "properties": { "ID": 1116, "Address": "улица Кубанская Набережная, 5", "lat": 45.017977, "long": 38.958029, "population_x": 20000.0, "type": "rent", "hex_id": 19, "poi_amenity": 1, "poi_shop": 2, "poi_office": 0, "poi_leisure": 0, "poi_tourism": 3, "population_y": 20000.0, "car_traffic": 29000.0, "foot_traffic": 46000.0, "poi_transport": 0, "attractiveness": 1.0, "coef_amenity": 42317.354647597742, "coef_shop": -72.447057481717096, "coef_office": 1335.7500588474338 }, "geometry": { "type": "Point", "coordinates": [ 4336787.950589585117996, 5624352.041042304597795 ] } },
{ "type": "Feature", "properties": { "ID": 1117, "Address": "Береговая улица, 146с18", "lat": 45.022405, "long": 38.955164, "population_x": 20000.0, "type": "rent", "hex_id": 19, "poi_amenity": 6, "poi_shop": 0, "poi_office": 0, "poi_leisure": 0, "poi_tourism": 0, "population_y": 20000.0, "car_traffic": 29000.0, "foot_traffic": 46000.0, "poi_transport": 0, "attractiveness": 2.1, "coef_amenity": 39868.096062776458, "coef_shop": -34.606696543902494, "coef_office": 1531.7312857321817 }, "geometry": { "type": "Point", "coordinates": [ 4336469.020248462446034, 5625049.384804604575038 ] } },
{ "type": "Feature", "properties": { "ID": 1132, "Address": "улица Тургеневское Шоссе, 2/2", "lat": 45.026584, "long": 38.945318, "population_x": 12000.0, "type": "rent", "hex_id": 20, "poi_amenity": 0, "poi_shop": 0, "poi_office": 0, "poi_leisure": 0, "poi_tourism": 0, "population_y": 12000.0, "car_traffic": 35000.0, "foot_traffic": 35000.0, "poi_transport": 0, "attractiveness": 0.05, "coef_amenity": 35522.803442374432, "coef_shop": 255.60766744380277, "coef_office": 499.47348624349644 }, "geometry": { "type": "Point", "coordinates": [ 4335372.968542111106217, 5625707.564264332875609 ] } },
{ "type": "Feature", "properties": { "ID": 1133, "Address": "улица Тургеневское Шоссе, 2/2", "lat": 45.026877, "long": 38.945498, "population_x": 12000.0, "type": "rent", "hex_id": 20, "poi_amenity": 0, "poi_shop": 0, "poi_office": 0, "poi_leisure": 0, "poi_tourism": 0, "population_y": 12000.0, "car_traffic": 35000.0, "foot_traffic": 35000.0, "poi_transport": 0, "attractiveness": 0.05, "coef_amenity": 35482.705340595254, "coef_shop": 252.32126494280487, "coef_office": 483.52534499981942 }, "geometry": { "type": "Point", "coordinates": [ 4335393.006050454452634, 5625753.712652559392154 ] } },
{ "type": "Feature", "properties": { "ID": 1137, "Address": "Товарная улица, 7", "lat": 45.017729, "long": 38.982104, "population_x": 7500.0, "type": "rent", "hex_id": 26, "poi_amenity": 1, "poi_shop": 0, "poi_office": 0, "poi_leisure": 0, "poi_tourism": 0, "population_y": 7500.0, "car_traffic": 20000.0, "foot_traffic": 20000.0, "poi_transport": 2, "attractiveness": 0.55, "coef_amenity": 44090.300997074519, "coef_shop": -210.41642513605186, "coef_office": 1172.3507563027276 }, "geometry": { "type": "Point", "coordinates": [ 4339467.967330432496965, 5624312.986346872523427 ] } },
{ "type": "Feature", "properties": { "ID": 1138, "Address": "улица Вишняковой, 1/12", "lat": 45.00956, "long": 38.991429, "population_x": 7500.0, "type": "rent", "hex_id": 26, "poi_amenity": 0, "poi_shop": 0, "poi_office": 0, "poi_leisure": 0, "poi_tourism": 0, "population_y": 7500.0, "car_traffic": 20000.0, "foot_traffic": 20000.0, "poi_transport": 0, "attractiveness": 0.05, "coef_amenity": 25640.688751082002, "coef_shop": 9164.7725641621146, "coef_office": -3785.544928608786 }, "geometry": { "type": "Point", "coordinates": [ 4340506.021582080051303, 5623026.638114022091031 ] } },
{ "type": "Feature", "properties": { "ID": 1139, "Address": "улица Вишняковой, 2А", "lat": 45.013096, "long": 38.996352, "population_x": 7500.0, "type": "rent", "hex_id": 26, "poi_amenity": 3, "poi_shop": 4, "poi_office": 0, "poi_leisure": 0, "poi_tourism": 0, "population_y": 7500.0, "car_traffic": 20000.0, "foot_traffic": 20000.0, "poi_transport": 0, "attractiveness": 2.05, "coef_amenity": 29022.847696199831, "coef_shop": 8259.5570671200639, "coef_office": -3411.1998703910708 }, "geometry": { "type": "Point", "coordinates": [ 4341054.047435255721211, 5623583.419037761166692 ] } },
{ "type": "Feature", "properties": { "ID": 1140, "Address": "Новороссийская улица, 2А", "lat": 45.022666, "long": 39.000601, "population_x": 25000.0, "type": "rent", "hex_id": 35, "poi_amenity": 1, "poi_shop": 0, "poi_office": 0, "poi_leisure": 0, "poi_tourism": 0, "population_y": 25000.0, "car_traffic": 47000.0, "foot_traffic": 50000.0, "poi_transport": 0, "attractiveness": 0.35, "coef_amenity": 45193.771817575587, "coef_shop": 5814.7085385732507, "coef_office": -2329.2207882322523 }, "geometry": { "type": "Point", "coordinates": [ 4341527.043951636180282, 5625090.490083537064493 ] } },
{ "type": "Feature", "properties": { "ID": 1141, "Address": "Озёрная улица, 17", "lat": 45.022354, "long": 39.003269, "population_x": 25000.0, "type": "rent", "hex_id": 35, "poi_amenity": 2, "poi_shop": 2, "poi_office": 0, "poi_leisure": 0, "poi_tourism": 0, "population_y": 25000.0, "car_traffic": 47000.0, "foot_traffic": 50000.0, "poi_transport": 0, "attractiveness": 1.2, "coef_amenity": 45404.929683575654, "coef_shop": 3581.7675250291777, "coef_office": -1488.2343395063549 }, "geometry": { "type": "Point", "coordinates": [ 4341824.044353072531521, 5625041.352760492824018 ] } },
{ "type": "Feature", "properties": { "ID": 1142, "Address": "Озёрная улица, 25", "lat": 45.022297, "long": 39.005784, "population_x": 25000.0, "type": "rent", "hex_id": 35, "poi_amenity": 0, "poi_shop": 0, "poi_office": 0, "poi_leisure": 0, "poi_tourism": 0, "population_y": 25000.0, "car_traffic": 47000.0, "foot_traffic": 50000.0, "poi_transport": 0, "attractiveness": 0.05, "coef_amenity": 44851.801362841106, "coef_shop": 2198.9068960078562, "coef_office": -863.29568584041249 }, "geometry": { "type": "Point", "coordinates": [ 4342104.012872417457402, 5625032.375778482295573 ] } },
{ "type": "Feature", "properties": { "ID": 1143, "Address": "Озёрная улица, 15/3", "lat": 45.023647, "long": 39.005254, "population_x": 25000.0, "type": "rent", "hex_id": 35, "poi_amenity": 0, "poi_shop": 0, "poi_office": 0, "poi_leisure": 0, "poi_tourism": 0, "population_y": 25000.0, "car_traffic": 47000.0, "foot_traffic": 50000.0, "poi_transport": 0, "attractiveness": 0.05, "coef_amenity": 47640.120734629694, "coef_shop": 1970.5626281875482, "coef_office": -768.49930712845378 }, "geometry": { "type": "Point", "coordinates": [ 4342045.013542297296226, 5625244.990911273285747 ] } },
{ "type": "Feature", "properties": { "ID": 1144, "Address": "Ставропольская улица, 105", "lat": 45.02166, "long": 39.016582, "population_x": 25000.0, "type": "rent", "hex_id": 35, "poi_amenity": 10, "poi_shop": 9, "poi_office": 2, "poi_leisure": 0, "poi_tourism": 1, "population_y": 25000.0, "car_traffic": 47000.0, "foot_traffic": 50000.0, "poi_transport": 9, "attractiveness": 7.1, "coef_amenity": 43258.081967007747, "coef_shop": 495.5676804504958, "coef_office": 245.53629399931205 }, "geometry": { "type": "Point", "coordinates": [ 4343306.040734003297985, 5624932.054675281047821 ] } },
{ "type": "Feature", "properties": { "ID": 1145, "Address": "Ставропольская улица, 204", "lat": 45.02101, "long": 39.015234, "population_x": 25000.0, "type": "rent", "hex_id": 35, "poi_amenity": 11, "poi_shop": 8, "poi_office": 2, "poi_leisure": 0, "poi_tourism": 1, "population_y": 25000.0, "car_traffic": 47000.0, "foot_traffic": 50000.0, "poi_transport": 5, "attractiveness": 6.8, "coef_amenity": 42594.091259609479, "coef_shop": 673.38411087959116, "coef_office": 166.78960153876193 }, "geometry": { "type": "Point", "coordinates": [ 4343155.982060413807631, 5624829.687353209592402 ] } },
{ "type": "Feature", "properties": { "ID": 1146, "Address": "Ставропольская улица, 210", "lat": 45.021048, "long": 39.016447, "population_x": 25000.0, "type": "rent", "hex_id": 35, "poi_amenity": 9, "poi_shop": 10, "poi_office": 2, "poi_leisure": 0, "poi_tourism": 1, "population_y": 25000.0, "car_traffic": 47000.0, "foot_traffic": 50000.0, "poi_transport": 7, "attractiveness": 6.8, "coef_amenity": 42156.081228587762, "coef_shop": 592.2180266921149, "coef_office": 256.38494767530676 }, "geometry": { "type": "Point", "coordinates": [ 4343291.012602746486664, 5624835.671872361563146 ] } },
{ "type": "Feature", "properties": { "ID": 1147, "Address": "Ставропольская улица, 212/1", "lat": 45.021086, "long": 39.016842, "population_x": 25000.0, "type": "rent", "hex_id": 35, "poi_amenity": 10, "poi_shop": 9, "poi_office": 2, "poi_leisure": 0, "poi_tourism": 1, "population_y": 25000.0, "car_traffic": 47000.0, "foot_traffic": 50000.0, "poi_transport": 8, "attractiveness": 7.0, "coef_amenity": 42109.878927690552, "coef_shop": 568.83137554769223, "coef_office": 279.28776068197521 }, "geometry": { "type": "Point", "coordinates": [ 4343334.983801608905196, 5624841.656395482830703 ] } },
{ "type": "Feature", "properties": { "ID": 1148, "Address": "Ставропольская улица, 212/5", "lat": 45.021137, "long": 39.017929, "population_x": 25000.0, "type": "rent", "hex_id": 35, "poi_amenity": 11, "poi_shop": 6, "poi_office": 1, "poi_leisure": 0, "poi_tourism": 0, "population_y": 25000.0, "car_traffic": 47000.0, "foot_traffic": 50000.0, "poi_transport": 6, "attractiveness": 6.15, "coef_amenity": 41880.25145689107, "coef_shop": 510.6070293899383, "coef_office": 343.9210245052808 }, "geometry": { "type": "Point", "coordinates": [ 4343455.988088102079928, 5624849.688261709176004 ] } },
{ "type": "Feature", "properties": { "ID": 1149, "Address": "улица Шевченко, 61", "lat": 45.016639, "long": 39.010231, "population_x": 25000.0, "type": "rent", "hex_id": 35, "poi_amenity": 0, "poi_shop": 0, "poi_office": 0, "poi_leisure": 0, "poi_tourism": 0, "population_y": 25000.0, "car_traffic": 47000.0, "foot_traffic": 50000.0, "poi_transport": 0, "attractiveness": 0.05, "coef_amenity": 34273.463672017293, "coef_shop": 2071.8895751181058, "coef_office": -440.26706606771222 }, "geometry": { "type": "Point", "coordinates": [ 4342599.050647974945605, 5624141.336666759103537 ] } },
{ "type": "Feature", "properties": { "ID": 1150, "Address": "Воронежская улица, 24", "lat": 45.008993, "long": 39.014129, "population_x": 16000.0, "type": "rent", "hex_id": 34, "poi_amenity": 0, "poi_shop": 0, "poi_office": 0, "poi_leisure": 0, "poi_tourism": 0, "population_y": 16000.0, "car_traffic": 6500.0, "foot_traffic": 13000.0, "poi_transport": 0, "attractiveness": 0.05, "coef_amenity": 19283.257804423691, "coef_shop": 3013.7456164954806, "coef_office": -1546.6351635413571 }, "geometry": { "type": "Point", "coordinates": [ 4343032.974023086950183, 5622937.361112844198942 ] } },
{ "type": "Feature", "properties": { "ID": 1151, "Address": "улица Болотникова, 24/2", "lat": 45.008101, "long": 39.018738, "population_x": 16000.0, "type": "rent", "hex_id": 34, "poi_amenity": 1, "poi_shop": 0, "poi_office": 0, "poi_leisure": 0, "poi_tourism": 0, "population_y": 16000.0, "car_traffic": 6500.0, "foot_traffic": 13000.0, "poi_transport": 0, "attractiveness": 0.35, "coef_amenity": 16998.714087626184, "coef_shop": 3168.6026197114011, "coef_office": -2157.2807884888266 }, "geometry": { "type": "Point", "coordinates": [ 4343546.045556153170764, 5622796.913016168400645 ] } },
{ "type": "Feature", "properties": { "ID": 1152, "Address": "Обрывная улица, 133/2", "lat": 44.995526, "long": 39.024873, "population_x": 16000.0, "type": "rent", "hex_id": 34, "poi_amenity": 0, "poi_shop": 0, "poi_office": 0, "poi_leisure": 0, "poi_tourism": 0, "population_y": 16000.0, "car_traffic": 6500.0, "foot_traffic": 13000.0, "poi_transport": 0, "attractiveness": 0.05, "coef_amenity": 13270.184534746746, "coef_shop": 598.56971535188961, "coef_office": 202.40948857252329 }, "geometry": { "type": "Point", "coordinates": [ 4344228.990632170811296, 5620817.173955977894366 ] } },
{ "type": "Feature", "properties": { "ID": 1153, "Address": "Ставропольская улица, 226", "lat": 45.018487, "long": 39.031161, "population_x": 37000.0, "type": "rent", "hex_id": 42, "poi_amenity": 10, "poi_shop": 3, "poi_office": 0, "poi_leisure": 0, "poi_tourism": 0, "population_y": 37000.0, "car_traffic": 36000.0, "foot_traffic": 49000.0, "poi_transport": 7, "attractiveness": 4.95, "coef_amenity": 37313.08274024845, "coef_shop": 1010.1318195846704, "coef_office": -269.33568419799616 }, "geometry": { "type": "Point", "coordinates": [ 4344928.967590278014541, 5624432.355665315873921 ] } },
{ "type": "Feature", "properties": { "ID": 1154, "Address": "Ставропольская улица, 151", "lat": 45.018678, "long": 39.034117, "population_x": 37000.0, "type": "rent", "hex_id": 42, "poi_amenity": 9, "poi_shop": 11, "poi_office": 1, "poi_leisure": 0, "poi_tourism": 0, "population_y": 37000.0, "car_traffic": 36000.0, "foot_traffic": 49000.0, "poi_transport": 6, "attractiveness": 6.7, "coef_amenity": 39672.332143865271, "coef_shop": 888.5133177365293, "coef_office": -346.5433933573641 }, "geometry": { "type": "Point", "coordinates": [ 4345258.028005063533783, 5624462.434463151730597 ] } },
{ "type": "Feature", "properties": { "ID": 1155, "Address": "улица Володарского, 91", "lat": 45.038419, "long": 39.006449, "population_x": 25000.0, "type": "rent", "hex_id": 36, "poi_amenity": 1, "poi_shop": 1, "poi_office": 0, "poi_leisure": 0, "poi_tourism": 0, "population_y": 25000.0, "car_traffic": 41000.0, "foot_traffic": 52000.0, "poi_transport": 0, "attractiveness": 0.6, "coef_amenity": 55326.742662529738, "coef_shop": 1294.6334666802607, "coef_office": -2074.9199240141215 }, "geometry": { "type": "Point", "coordinates": [ 4342178.040333795361221, 5627571.800608080811799 ] } },
{ "type": "Feature", "properties": { "ID": 1156, "Address": "Передовая улица, 36", "lat": 45.034069, "long": 39.012611, "population_x": 25000.0, "type": "rent", "hex_id": 35, "poi_amenity": 3, "poi_shop": 3, "poi_office": 0, "poi_leisure": 0, "poi_tourism": 0, "population_y": 25000.0, "car_traffic": 47000.0, "foot_traffic": 50000.0, "poi_transport": 2, "attractiveness": 1.9999999999999998, "coef_amenity": 51268.309623773574, "coef_shop": -156.17954665595587, "coef_office": -398.71838946688251 }, "geometry": { "type": "Point", "coordinates": [ 4342863.991036063060164, 5626886.548524396494031 ] } },
{ "type": "Feature", "properties": { "ID": 1157, "Address": "Новороссийская улица, 3/6", "lat": 45.031177, "long": 39.020768, "population_x": 25000.0, "type": "rent", "hex_id": 35, "poi_amenity": 0, "poi_shop": 1, "poi_office": 0, "poi_leisure": 0, "poi_tourism": 0, "population_y": 25000.0, "car_traffic": 47000.0, "foot_traffic": 50000.0, "poi_transport": 0, "attractiveness": 0.25, "coef_amenity": 49840.156059099332, "coef_shop": -424.88308252401413, "coef_office": 89.50780125554887 }, "geometry": { "type": "Point", "coordinates": [ 4343772.024122463539243, 5626431.002861119806767 ] } },
{ "type": "Feature", "properties": { "ID": 1158, "Address": "Новороссийская улица, 3/4", "lat": 45.031515, "long": 39.021621, "population_x": 25000.0, "type": "rent", "hex_id": 35, "poi_amenity": 0, "poi_shop": 2, "poi_office": 0, "poi_leisure": 0, "poi_tourism": 0, "population_y": 25000.0, "car_traffic": 47000.0, "foot_traffic": 50000.0, "poi_transport": 0, "attractiveness": 0.5, "coef_amenity": 49805.455119127611, "coef_shop": -483.54875585664473, "coef_office": 101.91458541197311 }, "geometry": { "type": "Point", "coordinates": [ 4343866.979648111388087, 5626484.243178749457002 ] } },
{ "type": "Feature", "properties": { "ID": 1159, "Address": "Новороссийская улица, 172", "lat": 45.031559, "long": 39.023427, "population_x": 25000.0, "type": "rent", "hex_id": 35, "poi_amenity": 1, "poi_shop": 3, "poi_office": 0, "poi_leisure": 0, "poi_tourism": 0, "population_y": 25000.0, "car_traffic": 47000.0, "foot_traffic": 50000.0, "poi_transport": 0, "attractiveness": 1.1, "coef_amenity": 49545.906064424235, "coef_shop": -480.30069944935411, "coef_office": 130.47233301071603 }, "geometry": { "type": "Point", "coordinates": [ 4344068.022648482583463, 5626491.173894113861024 ] } },
{ "type": "Feature", "properties": { "ID": 1160, "Address": "улица Шишкина, 13", "lat": 45.029757, "long": 39.02349, "population_x": 25000.0, "type": "rent", "hex_id": 35, "poi_amenity": 0, "poi_shop": 2, "poi_office": 0, "poi_leisure": 0, "poi_tourism": 0, "population_y": 25000.0, "car_traffic": 47000.0, "foot_traffic": 50000.0, "poi_transport": 0, "attractiveness": 0.5, "coef_amenity": 49605.229812354919, "coef_shop": -429.5604392868039, "coef_office": 211.76021489481761 }, "geometry": { "type": "Point", "coordinates": [ 4344075.035776403732598, 5626207.333955901674926 ] } },
{ "type": "Feature", "properties": { "ID": 1161, "Address": "Новороссийская улица, 7Б", "lat": 45.033088, "long": 39.025331, "population_x": 25000.0, "type": "rent", "hex_id": 35, "poi_amenity": 2, "poi_shop": 2, "poi_office": 0, "poi_leisure": 0, "poi_tourism": 0, "population_y": 25000.0, "car_traffic": 47000.0, "foot_traffic": 50000.0, "poi_transport": 0, "attractiveness": 1.2, "coef_amenity": 49590.905363980106, "coef_shop": -650.29815360179441, "coef_office": 109.64346132321756 }, "geometry": { "type": "Point", "coordinates": [ 4344279.97495895344764, 5626732.019562830217183 ] } },
{ "type": "Feature", "properties": { "ID": 1162, "Address": "Новороссийская улица, 7Б", "lat": 45.033088, "long": 39.025331, "population_x": 25000.0, "type": "rent", "hex_id": 35, "poi_amenity": 2, "poi_shop": 2, "poi_office": 0, "poi_leisure": 0, "poi_tourism": 0, "population_y": 25000.0, "car_traffic": 47000.0, "foot_traffic": 50000.0, "poi_transport": 0, "attractiveness": 1.2, "coef_amenity": 49590.905363980106, "coef_shop": -650.29815360179441, "coef_office": 109.64346132321756 }, "geometry": { "type": "Point", "coordinates": [ 4344279.97495895344764, 5626732.019562830217183 ] } },
{ "type": "Feature", "properties": { "ID": 1163, "Address": "Уральская улица, 6", "lat": 45.030292, "long": 39.028969, "population_x": 25000.0, "type": "rent", "hex_id": 35, "poi_amenity": 1, "poi_shop": 3, "poi_office": 1, "poi_leisure": 0, "poi_tourism": 0, "population_y": 25000.0, "car_traffic": 47000.0, "foot_traffic": 50000.0, "poi_transport": 3, "attractiveness": 1.6, "coef_amenity": 49025.043985075172, "coef_shop": -694.74350845075799, "coef_office": 473.72212199737345 }, "geometry": { "type": "Point", "coordinates": [ 4344684.955266458913684, 5626291.602927131578326 ] } },
{ "type": "Feature", "properties": { "ID": 1164, "Address": "Уральская улица, 68", "lat": 45.031069, "long": 39.03594, "population_x": 37000.0, "type": "rent", "hex_id": 42, "poi_amenity": 1, "poi_shop": 1, "poi_office": 0, "poi_leisure": 0, "poi_tourism": 0, "population_y": 37000.0, "car_traffic": 36000.0, "foot_traffic": 49000.0, "poi_transport": 3, "attractiveness": 0.9, "coef_amenity": 47554.937719584988, "coef_shop": -364.23704118586397, "coef_office": 158.5035854221359 }, "geometry": { "type": "Point", "coordinates": [ 4345460.963436779566109, 5626413.991228277795017 ] } },
{ "type": "Feature", "properties": { "ID": 1165, "Address": "Новороссийская улица, 214", "lat": 45.03598, "long": 39.042965, "population_x": 25000.0, "type": "rent", "hex_id": 43, "poi_amenity": 0, "poi_shop": 3, "poi_office": 0, "poi_leisure": 0, "poi_tourism": 0, "population_y": 25000.0, "car_traffic": 42000.0, "foot_traffic": 41000.0, "poi_transport": 1, "attractiveness": 0.85, "coef_amenity": 41082.003640825205, "coef_shop": 999.12609773313045, "coef_office": -647.22978597715189 }, "geometry": { "type": "Point", "coordinates": [ 4346242.982859602198005, 5627187.580438104458153 ] } },
{ "type": "Feature", "properties": { "ID": 1166, "Address": "Новороссийская улица, 220/Р2", "lat": 45.036228, "long": 39.046172, "population_x": 25000.0, "type": "rent", "hex_id": 43, "poi_amenity": 0, "poi_shop": 2, "poi_office": 0, "poi_leisure": 0, "poi_tourism": 0, "population_y": 25000.0, "car_traffic": 42000.0, "foot_traffic": 41000.0, "poi_transport": 1, "attractiveness": 0.6, "coef_amenity": 39727.657899467682, "coef_shop": 1526.0032288337832, "coef_office": -781.78594162799584 }, "geometry": { "type": "Point", "coordinates": [ 4346599.984466576017439, 5627226.647587726823986 ] } },
{ "type": "Feature", "properties": { "ID": 1167, "Address": "Новороссийская улица, 226", "lat": 45.036426, "long": 39.048732, "population_x": 9000.0, "type": "rent", "hex_id": 51, "poi_amenity": 0, "poi_shop": 2, "poi_office": 0, "poi_leisure": 0, "poi_tourism": 0, "population_y": 9000.0, "car_traffic": 24000.0, "foot_traffic": 22000.0, "poi_transport": 2, "attractiveness": 0.7, "coef_amenity": 38475.390955430012, "coef_shop": 2035.0394713353703, "coef_office": -902.91912638712358 }, "geometry": { "type": "Point", "coordinates": [ 4346884.962363006547093, 5627257.838417443446815 ] } },
{ "type": "Feature", "properties": { "ID": 1168, "Address": "Новороссийская улица, 232", "lat": 45.036974, "long": 39.050197, "population_x": 9000.0, "type": "rent", "hex_id": 51, "poi_amenity": 2, "poi_shop": 1, "poi_office": 1, "poi_leisure": 0, "poi_tourism": 0, "population_y": 9000.0, "car_traffic": 24000.0, "foot_traffic": 22000.0, "poi_transport": 2, "attractiveness": 1.35, "coef_amenity": 37377.564685783909, "coef_shop": 2358.7852467079852, "coef_office": -975.04782253741985 }, "geometry": { "type": "Point", "coordinates": [ 4347048.045417019166052, 5627344.165114927105606 ] } },
{ "type": "Feature", "properties": { "ID": 1169, "Address": "Уральская улица, 79/1к2", "lat": 45.035853, "long": 39.050807, "population_x": 9000.0, "type": "rent", "hex_id": 51, "poi_amenity": 3, "poi_shop": 9, "poi_office": 1, "poi_leisure": 0, "poi_tourism": 0, "population_y": 9000.0, "car_traffic": 24000.0, "foot_traffic": 22000.0, "poi_transport": 2, "attractiveness": 3.7, "coef_amenity": 37587.202787445771, "coef_shop": 2515.9747588278515, "coef_office": -1023.7594697094733 }, "geometry": { "type": "Point", "coordinates": [ 4347115.950306402519345, 5627167.574342358857393 ] } },
{ "type": "Feature", "properties": { "ID": 1170, "Address": "Уральская улица, 79/1к2", "lat": 45.035853, "long": 39.050807, "population_x": 9000.0, "type": "rent", "hex_id": 51, "poi_amenity": 3, "poi_shop": 9, "poi_office": 1, "poi_leisure": 0, "poi_tourism": 0, "population_y": 9000.0, "car_traffic": 24000.0, "foot_traffic": 22000.0, "poi_transport": 2, "attractiveness": 3.7, "coef_amenity": 37587.202787445771, "coef_shop": 2515.9747588278515, "coef_office": -1023.7594697094733 }, "geometry": { "type": "Point", "coordinates": [ 4347115.950306402519345, 5627167.574342358857393 ] } },
{ "type": "Feature", "properties": { "ID": 1171, "Address": "Уральская улица, 79/2", "lat": 45.034483, "long": 39.052631, "population_x": 9000.0, "type": "rent", "hex_id": 51, "poi_amenity": 12, "poi_shop": 39, "poi_office": 0, "poi_leisure": 1, "poi_tourism": 0, "population_y": 9000.0, "car_traffic": 24000.0, "foot_traffic": 22000.0, "poi_transport": 0, "attractiveness": 14.0, "coef_amenity": 37680.102437778609, "coef_shop": 2191.797301443059, "coef_office": -917.98422467649152 }, "geometry": { "type": "Point", "coordinates": [ 4347318.997057609260082, 5626951.76337640825659 ] } },
{ "type": "Feature", "properties": { "ID": 1172, "Address": "Уральская улица, 106", "lat": 45.032916, "long": 39.054086, "population_x": 9000.0, "type": "rent", "hex_id": 51, "poi_amenity": 0, "poi_shop": 0, "poi_office": 0, "poi_leisure": 0, "poi_tourism": 0, "population_y": 9000.0, "car_traffic": 24000.0, "foot_traffic": 22000.0, "poi_transport": 0, "attractiveness": 0.05, "coef_amenity": 37930.125035597579, "coef_shop": 1775.0884943461122, "coef_office": -788.28819069474048 }, "geometry": { "type": "Point", "coordinates": [ 4347480.966916713863611, 5626704.926072875037789 ] } },
{ "type": "Feature", "properties": { "ID": 1173, "Address": "Уральская улица, 102", "lat": 45.032636, "long": 39.051787, "population_x": 9000.0, "type": "rent", "hex_id": 51, "poi_amenity": 3, "poi_shop": 5, "poi_office": 0, "poi_leisure": 0, "poi_tourism": 0, "population_y": 9000.0, "car_traffic": 24000.0, "foot_traffic": 22000.0, "poi_transport": 1, "attractiveness": 2.4, "coef_amenity": 39104.084812274305, "coef_shop": 2215.8511401855526, "coef_office": -957.76860238823679 }, "geometry": { "type": "Point", "coordinates": [ 4347225.043407380580902, 5626660.820565725676715 ] } },
{ "type": "Feature", "properties": { "ID": 1174, "Address": "Уральская улица, 100/6", "lat": 45.031661, "long": 39.050628, "population_x": 37000.0, "type": "rent", "hex_id": 42, "poi_amenity": 3, "poi_shop": 4, "poi_office": 0, "poi_leisure": 0, "poi_tourism": 0, "population_y": 37000.0, "car_traffic": 36000.0, "foot_traffic": 49000.0, "poi_transport": 1, "attractiveness": 2.15, "coef_amenity": 40275.868924811424, "coef_shop": 2174.6977869142693, "coef_office": -971.78589749044477 }, "geometry": { "type": "Point", "coordinates": [ 4347096.024117551743984, 5626507.240572953596711 ] } },
{ "type": "Feature", "properties": { "ID": 1175, "Address": "Уральская улица, 98/11", "lat": 45.02982, "long": 39.046235, "population_x": 37000.0, "type": "rent", "hex_id": 42, "poi_amenity": 5, "poi_shop": 15, "poi_office": 0, "poi_leisure": 1, "poi_tourism": 0, "population_y": 37000.0, "car_traffic": 36000.0, "foot_traffic": 49000.0, "poi_transport": 0, "attractiveness": 5.55, "coef_amenity": 43534.379304005139, "coef_shop": 1611.7146476419418, "coef_office": -850.5324657308613 }, "geometry": { "type": "Point", "coordinates": [ 4346606.997594497166574, 5626217.257177018560469 ] } },
{ "type": "Feature", "properties": { "ID": 1176, "Address": "Уральская улица, 98/11", "lat": 45.02982, "long": 39.046235, "population_x": 37000.0, "type": "rent", "hex_id": 42, "poi_amenity": 5, "poi_shop": 15, "poi_office": 0, "poi_leisure": 1, "poi_tourism": 0, "population_y": 37000.0, "car_traffic": 36000.0, "foot_traffic": 49000.0, "poi_transport": 0, "attractiveness": 5.55, "coef_amenity": 43534.379304005139, "coef_shop": 1611.7146476419418, "coef_office": -850.5324657308613 }, "geometry": { "type": "Point", "coordinates": [ 4346606.997594497166574, 5626217.257177018560469 ] } },
{ "type": "Feature", "properties": { "ID": 1177, "Address": "улица Стасова, 182/1", "lat": 45.02654, "long": 39.046298, "population_x": 37000.0, "type": "rent", "hex_id": 42, "poi_amenity": 3, "poi_shop": 5, "poi_office": 1, "poi_leisure": 1, "poi_tourism": 0, "population_y": 37000.0, "car_traffic": 36000.0, "foot_traffic": 49000.0, "poi_transport": 0, "attractiveness": 2.55, "coef_amenity": 46588.766502584476, "coef_shop": 991.72738090650216, "coef_office": -617.85254656441032 }, "geometry": { "type": "Point", "coordinates": [ 4346614.010722416453063, 5625700.634151346981525 ] } },
{ "type": "Feature", "properties": { "ID": 1178, "Address": "улица Селезнёва, 191/1", "lat": 45.022552, "long": 39.046675, "population_x": 37000.0, "type": "rent", "hex_id": 42, "poi_amenity": 0, "poi_shop": 3, "poi_office": 0, "poi_leisure": 0, "poi_tourism": 0, "population_y": 37000.0, "car_traffic": 36000.0, "foot_traffic": 49000.0, "poi_transport": 1, "attractiveness": 0.85, "coef_amenity": 47809.952771509648, "coef_shop": -115.0221780231402, "coef_office": 101.46500643342982 }, "geometry": { "type": "Point", "coordinates": [ 4346655.97817044518888, 5625072.536030608229339 ] } },
{ "type": "Feature", "properties": { "ID": 1179, "Address": "улица Селезнёва, 150", "lat": 45.022068, "long": 39.04566, "population_x": 37000.0, "type": "rent", "hex_id": 42, "poi_amenity": 1, "poi_shop": 3, "poi_office": 0, "poi_leisure": 0, "poi_tourism": 0, "population_y": 37000.0, "car_traffic": 36000.0, "foot_traffic": 49000.0, "poi_transport": 5, "attractiveness": 1.6, "coef_amenity": 47745.418261116254, "coef_shop": -53.19731941827245, "coef_office": 63.201008360627007 }, "geometry": { "type": "Point", "coordinates": [ 4346542.98888728953898, 5624996.310449607670307 ] } },
{ "type": "Feature", "properties": { "ID": 1180, "Address": "Старокубанская улица, 127А", "lat": 45.02001, "long": 39.049092, "population_x": 37000.0, "type": "rent", "hex_id": 42, "poi_amenity": 3, "poi_shop": 0, "poi_office": 0, "poi_leisure": 0, "poi_tourism": 0, "population_y": 37000.0, "car_traffic": 36000.0, "foot_traffic": 49000.0, "poi_transport": 1, "attractiveness": 1.15, "coef_amenity": 45351.543146472279, "coef_shop": -1105.0302736316592, "coef_office": 697.92906499655226 }, "geometry": { "type": "Point", "coordinates": [ 4346925.037379693239927, 5624672.201434712857008 ] } },
{ "type": "Feature", "properties": { "ID": 1181, "Address": "Сормовская улица, 1/2к3", "lat": 45.024221, "long": 39.051876, "population_x": 37000.0, "type": "rent", "hex_id": 42, "poi_amenity": 0, "poi_shop": 1, "poi_office": 0, "poi_leisure": 0, "poi_tourism": 0, "population_y": 37000.0, "car_traffic": 36000.0, "foot_traffic": 49000.0, "poi_transport": 1, "attractiveness": 0.35, "coef_amenity": 46701.722403356252, "coef_shop": 28.80021820145225, "coef_office": -234.97287533019238 }, "geometry": { "type": "Point", "coordinates": [ 4347234.950842061080039, 5625335.393234969116747 ] } },
{ "type": "Feature", "properties": { "ID": 1182, "Address": "Сормовская улица, 1/4к1", "lat": 45.025055, "long": 39.052586, "population_x": 37000.0, "type": "rent", "hex_id": 42, "poi_amenity": 0, "poi_shop": 0, "poi_office": 0, "poi_leisure": 0, "poi_tourism": 0, "population_y": 37000.0, "car_traffic": 36000.0, "foot_traffic": 49000.0, "poi_transport": 0, "attractiveness": 0.05, "coef_amenity": 45814.665866000323, "coef_shop": 315.83196081831665, "coef_office": -399.7760715955099 }, "geometry": { "type": "Point", "coordinates": [ 4347313.987680523656309, 5625466.745961709879339 ] } },
{ "type": "Feature", "properties": { "ID": 1183, "Address": "улица Лизы Чайкиной, 2/3", "lat": 45.027298, "long": 39.057796, "population_x": 37000.0, "type": "rent", "hex_id": 42, "poi_amenity": 0, "poi_shop": 1, "poi_office": 0, "poi_leisure": 0, "poi_tourism": 0, "population_y": 37000.0, "car_traffic": 36000.0, "foot_traffic": 49000.0, "poi_transport": 2, "attractiveness": 0.45, "coef_amenity": 40002.185716962878, "coef_shop": 614.5186962137517, "coef_office": -460.37571087303627 }, "geometry": { "type": "Point", "coordinates": [ 4347893.962227557785809, 5625820.021842364221811 ] } },
{ "type": "Feature", "properties": { "ID": 1184, "Address": "Трамвайная улица, 4/1", "lat": 45.013122, "long": 39.058605, "population_x": 10000.0, "type": "rent", "hex_id": 41, "poi_amenity": 10, "poi_shop": 7, "poi_office": 0, "poi_leisure": 1, "poi_tourism": 1, "population_y": 10000.0, "car_traffic": 5000.0, "foot_traffic": 9000.0, "poi_transport": 6, "attractiveness": 5.95, "coef_amenity": 29842.785769806138, "coef_shop": -1049.0540499612041, "coef_office": 698.59457260307306 }, "geometry": { "type": "Point", "coordinates": [ 4347984.019695608876646, 5623587.513142455369234 ] } },
{ "type": "Feature", "properties": { "ID": 1185, "Address": "улица Автолюбителей, 13/1", "lat": 45.00464, "long": 39.067687, "population_x": 10000.0, "type": "rent", "hex_id": 41, "poi_amenity": 0, "poi_shop": 0, "poi_office": 0, "poi_leisure": 0, "poi_tourism": 0, "population_y": 10000.0, "car_traffic": 5000.0, "foot_traffic": 9000.0, "poi_transport": 1, "attractiveness": 0.1, "coef_amenity": 16947.149587411772, "coef_shop": 1334.2287404430492, "coef_office": -830.31582145541518 }, "geometry": { "type": "Point", "coordinates": [ 4348995.023310993798077, 5622251.988808585330844 ] } },
{ "type": "Feature", "properties": { "ID": 1186, "Address": "улица Автолюбителей, 15/1", "lat": 45.00508, "long": 39.067651, "population_x": 10000.0, "type": "rent", "hex_id": 41, "poi_amenity": 0, "poi_shop": 0, "poi_office": 0, "poi_leisure": 0, "poi_tourism": 0, "population_y": 10000.0, "car_traffic": 5000.0, "foot_traffic": 9000.0, "poi_transport": 2, "attractiveness": 0.2, "coef_amenity": 17438.011133243297, "coef_shop": 1262.1180676517019, "coef_office": -817.58274444188032 }, "geometry": { "type": "Point", "coordinates": [ 4348991.01580932457, 5622321.263679736293852 ] } },
{ "type": "Feature", "properties": { "ID": 1187, "Address": "Сормовская улица, 12/12", "lat": 45.022711, "long": 39.063932, "population_x": 28000.0, "type": "rent", "hex_id": 50, "poi_amenity": 3, "poi_shop": 0, "poi_office": 0, "poi_leisure": 0, "poi_tourism": 0, "population_y": 28000.0, "car_traffic": 24000.0, "foot_traffic": 34000.0, "poi_transport": 3, "attractiveness": 1.35, "coef_amenity": 39521.119605638582, "coef_shop": -572.63852462712839, "coef_office": -290.36604377118658 }, "geometry": { "type": "Point", "coordinates": [ 4348577.018623065203428, 5625097.577219533734024 ] } },
{ "type": "Feature", "properties": { "ID": 1188, "Address": "Сормовская улица, 7/6", "lat": 45.024374, "long": 39.065225, "population_x": 28000.0, "type": "rent", "hex_id": 50, "poi_amenity": 10, "poi_shop": 8, "poi_office": 0, "poi_leisure": 0, "poi_tourism": 0, "population_y": 28000.0, "car_traffic": 24000.0, "foot_traffic": 34000.0, "poi_transport": 6, "attractiveness": 6.1, "coef_amenity": 36412.396796600835, "coef_shop": 140.77094515973516, "coef_office": -420.92411758773443 }, "geometry": { "type": "Point", "coordinates": [ 4348720.954724660143256, 5625359.490174604579806 ] } },
{ "type": "Feature", "properties": { "ID": 1189, "Address": "Краевая улица, 10", "lat": 45.014906, "long": 39.073661, "population_x": 28000.0, "type": "rent", "hex_id": 50, "poi_amenity": 1, "poi_shop": 4, "poi_office": 0, "poi_leisure": 0, "poi_tourism": 0, "population_y": 28000.0, "car_traffic": 24000.0, "foot_traffic": 34000.0, "poi_transport": 4, "attractiveness": 1.75, "coef_amenity": 30332.716366135195, "coef_shop": -132.58198439958161, "coef_office": -485.94681223310693 }, "geometry": { "type": "Point", "coordinates": [ 4349660.045948992483318, 5623868.436149981804192 ] } },
{ "type": "Feature", "properties": { "ID": 1190, "Address": "Магистральная улица, 1", "lat": 45.03133, "long": 39.063132, "population_x": 9000.0, "type": "rent", "hex_id": 51, "poi_amenity": 0, "poi_shop": 1, "poi_office": 0, "poi_leisure": 0, "poi_tourism": 0, "population_y": 9000.0, "car_traffic": 24000.0, "foot_traffic": 22000.0, "poi_transport": 4, "attractiveness": 0.65, "coef_amenity": 31629.823290110835, "coef_shop": 1231.8565868287087, "coef_office": -531.8544328273947 }, "geometry": { "type": "Point", "coordinates": [ 4348487.963030430488288, 5626455.102729262784123 ] } },
{ "type": "Feature", "properties": { "ID": 1191, "Address": "Уральская улица, 87/1", "lat": 45.035935, "long": 39.066995, "population_x": 9000.0, "type": "rent", "hex_id": 51, "poi_amenity": 2, "poi_shop": 2, "poi_office": 2, "poi_leisure": 1, "poi_tourism": 0, "population_y": 9000.0, "car_traffic": 24000.0, "foot_traffic": 22000.0, "poi_transport": 0, "attractiveness": 1.65, "coef_amenity": 26923.647244576816, "coef_shop": 1066.9254911058661, "coef_office": -438.62264037087863 }, "geometry": { "type": "Point", "coordinates": [ 4348917.990223364904523, 5627180.491658941842616 ] } },
{ "type": "Feature", "properties": { "ID": 1192, "Address": "Новороссийская улица, 240А", "lat": 45.037604, "long": 39.067732, "population_x": 9000.0, "type": "rent", "hex_id": 51, "poi_amenity": 0, "poi_shop": 0, "poi_office": 0, "poi_leisure": 0, "poi_tourism": 0, "population_y": 9000.0, "car_traffic": 24000.0, "foot_traffic": 22000.0, "poi_transport": 0, "attractiveness": 0.05, "coef_amenity": 26541.587969326876, "coef_shop": 965.79966898424721, "coef_office": -404.59223969843225 }, "geometry": { "type": "Point", "coordinates": [ 4349000.032688079401851, 5627443.410332490690053 ] } },
{ "type": "Feature", "properties": { "ID": 1193, "Address": "улица Дежнёва, 37", "lat": 45.03954, "long": 39.074227, "population_x": 9000.0, "type": "rent", "hex_id": 51, "poi_amenity": 0, "poi_shop": 0, "poi_office": 0, "poi_leisure": 0, "poi_tourism": 0, "population_y": 9000.0, "car_traffic": 24000.0, "foot_traffic": 22000.0, "poi_transport": 0, "attractiveness": 0.05, "coef_amenity": 26677.474748630855, "coef_shop": 532.75291660104051, "coef_office": -342.22345655272977 }, "geometry": { "type": "Point", "coordinates": [ 4349723.052780781872571, 5627748.399299886077642 ] } },
{ "type": "Feature", "properties": { "ID": 1194, "Address": "Уральская улица, 138", "lat": 45.036426, "long": 39.078871, "population_x": 29000.0, "type": "rent", "hex_id": 58, "poi_amenity": 0, "poi_shop": 4, "poi_office": 1, "poi_leisure": 0, "poi_tourism": 0, "population_y": 29000.0, "car_traffic": 20000.0, "foot_traffic": 29000.0, "poi_transport": 0, "attractiveness": 1.2, "coef_amenity": 27515.799395839636, "coef_shop": 467.71131229752854, "coef_office": -434.19341204989934 }, "geometry": { "type": "Point", "coordinates": [ 4350240.020496025681496, 5627257.838417443446815 ] } },
{ "type": "Feature", "properties": { "ID": 1195, "Address": "Новороссийская улица, 250/1", "lat": 45.040158, "long": 39.079832, "population_x": 29000.0, "type": "rent", "hex_id": 58, "poi_amenity": 0, "poi_shop": 0, "poi_office": 1, "poi_leisure": 0, "poi_tourism": 0, "population_y": 29000.0, "car_traffic": 20000.0, "foot_traffic": 29000.0, "poi_transport": 0, "attractiveness": 0.2, "coef_amenity": 27404.91474447765, "coef_shop": 388.44443089834141, "coef_office": -340.80326073343122 }, "geometry": { "type": "Point", "coordinates": [ 4350346.998526678420603, 5627845.758488165214658 ] } },
{ "type": "Feature", "properties": { "ID": 1196, "Address": "Уральская улица, 97литЭ", "lat": 45.0377, "long": 39.082473, "population_x": 29000.0, "type": "rent", "hex_id": 58, "poi_amenity": 2, "poi_shop": 1, "poi_office": 0, "poi_leisure": 0, "poi_tourism": 0, "population_y": 29000.0, "car_traffic": 20000.0, "foot_traffic": 29000.0, "poi_transport": 0, "attractiveness": 0.95, "coef_amenity": 27734.291563555704, "coef_shop": 340.19622731865195, "coef_office": -319.20895395751091 }, "geometry": { "type": "Point", "coordinates": [ 4350640.993301862850785, 5627458.53350920137018 ] } },
{ "type": "Feature", "properties": { "ID": 1197, "Address": "Уральская улица, 97литД", "lat": 45.037942, "long": 39.083731, "population_x": 29000.0, "type": "rent", "hex_id": 58, "poi_amenity": 3, "poi_shop": 1, "poi_office": 0, "poi_leisure": 0, "poi_tourism": 1, "population_y": 29000.0, "car_traffic": 20000.0, "foot_traffic": 29000.0, "poi_transport": 0, "attractiveness": 1.35, "coef_amenity": 27804.560341287281, "coef_shop": 302.4288475251218, "coef_office": -278.5731686175817 }, "geometry": { "type": "Point", "coordinates": [ 4350781.033221281133592, 5627496.65662975423038 ] } },
{ "type": "Feature", "properties": { "ID": 1198, "Address": "Уральская улица, 97Б", "lat": 45.038674, "long": 39.083039, "population_x": 29000.0, "type": "rent", "hex_id": 58, "poi_amenity": 1, "poi_shop": 1, "poi_office": 0, "poi_leisure": 0, "poi_tourism": 1, "population_y": 29000.0, "car_traffic": 20000.0, "foot_traffic": 29000.0, "poi_transport": 0, "attractiveness": 0.65, "coef_amenity": 27738.070360880964, "coef_shop": 317.36082068677962, "coef_office": -290.68655024189036 }, "geometry": { "type": "Point", "coordinates": [ 4350704.000133651308715, 5627611.97217420488596 ] } },
{ "type": "Feature", "properties": { "ID": 1199, "Address": "улица имени Мецената Лю Трахова, 14", "lat": 44.999236, "long": 39.085509, "population_x": 36000.0, "type": "rent", "hex_id": 49, "poi_amenity": 0, "poi_shop": 0, "poi_office": 0, "poi_leisure": 0, "poi_tourism": 0, "population_y": 36000.0, "car_traffic": 6500.0, "foot_traffic": 21000.0, "poi_transport": 0, "attractiveness": 0.05, "coef_amenity": 20566.150656615511, "coef_shop": 133.19308521845764, "coef_office": -36.42355494259845 }, "geometry": { "type": "Point", "coordinates": [ 4350978.959275911562145, 5621401.210830259136856 ] } },
{ "type": "Feature", "properties": { "ID": 1200, "Address": "Бородинская улица, 131А", "lat": 45.012587, "long": 39.099685, "population_x": 14000.0, "type": "rent", "hex_id": 57, "poi_amenity": 1, "poi_shop": 3, "poi_office": 0, "poi_leisure": 0, "poi_tourism": 0, "population_y": 14000.0, "car_traffic": 30000.0, "foot_traffic": 14000.0, "poi_transport": 2, "attractiveness": 1.3, "coef_amenity": 16369.433431498874, "coef_shop": -208.16829368438488, "coef_office": -185.94295112873024 }, "geometry": { "type": "Point", "coordinates": [ 4352557.024377396330237, 5623503.269439483061433 ] } },
{ "type": "Feature", "properties": { "ID": 1201, "Address": "улица имени В.Н. Мачуги, 166/1", "lat": 45.014836, "long": 39.094933, "population_x": 14000.0, "type": "rent", "hex_id": 57, "poi_amenity": 1, "poi_shop": 2, "poi_office": 0, "poi_leisure": 0, "poi_tourism": 0, "population_y": 14000.0, "car_traffic": 30000.0, "foot_traffic": 14000.0, "poi_transport": 2, "attractiveness": 1.05, "coef_amenity": 17444.481950209472, "coef_shop": -304.78465850933645, "coef_office": 145.4802017895851 }, "geometry": { "type": "Point", "coordinates": [ 4352028.034157146699727, 5623857.413221279159188 ] } },
{ "type": "Feature", "properties": { "ID": 1202, "Address": "улица Кирова, 198", "lat": 45.021418, "long": 39.096074, "population_x": 14000.0, "type": "rent", "hex_id": 57, "poi_amenity": 0, "poi_shop": 1, "poi_office": 0, "poi_leisure": 0, "poi_tourism": 0, "population_y": 14000.0, "car_traffic": 30000.0, "foot_traffic": 14000.0, "poi_transport": 2, "attractiveness": 0.45, "coef_amenity": 19518.909185267916, "coef_shop": 2315.9599021009612, "coef_office": -1349.470219417145 }, "geometry": { "type": "Point", "coordinates": [ 4352155.049696142785251, 5624893.942398033104837 ] } },
{ "type": "Feature", "properties": { "ID": 1204, "Address": "Крылатая улица, 2", "lat": 45.01144, "long": 39.122574, "population_x": 400.0, "type": "rent", "hex_id": 65, "poi_amenity": 9, "poi_shop": 35, "poi_office": 0, "poi_leisure": 0, "poi_tourism": 0, "population_y": 400.0, "car_traffic": 9500.0, "foot_traffic": 2800.0, "poi_transport": 3, "attractiveness": 12.2, "coef_amenity": 14148.476991142317, "coef_shop": -48.107887816745503, "coef_office": -311.64174843770655 }, "geometry": { "type": "Point", "coordinates": [ 4355105.016202163882554, 5623322.659891091287136 ] } },
{ "type": "Feature", "properties": { "ID": 1205, "Address": "Криничная улица, 173", "lat": 45.013294, "long": 39.118657, "population_x": 14000.0, "type": "rent", "hex_id": 57, "poi_amenity": 0, "poi_shop": 1, "poi_office": 0, "poi_leisure": 0, "poi_tourism": 0, "population_y": 14000.0, "car_traffic": 30000.0, "foot_traffic": 14000.0, "poi_transport": 2, "attractiveness": 0.45, "coef_amenity": 14334.424699425026, "coef_shop": -2.3751732130266965, "coef_office": -328.31068100426023 }, "geometry": { "type": "Point", "coordinates": [ 4354668.977756726555526, 5623614.597266476601362 ] } }
]
}
