{
"type": "FeatureCollection",
"name": "pvz_with_poi",
"crs": { "type": "name", "properties": { "name": "urn:ogc:def:crs:EPSG::3857" } },
"features": [
{ "type": "Feature", "properties": { "ID": 50016316, "Address": "Зелёная улица, 230", "Square": "34.9", "Rating": 4.993, "lat": 45.145918, "long": 39.051427, "index_right": 62.0, "id": 63.0, "geometry_y": "POLYGON ((39.026464729820255 45.13526725978086, 39.02989286255814 45.14770711293159, 39.04688033831573 45.15183233655993, 39.060439681335446 45.14351920890646, 39.057011548597565 45.13107844192481, 39.04002407283997 45.126951716426284, 39.026464729820255 45.13526725978086))", "population": 4200.0, "Pedestrian traffic": 3200.0, "car traffic": 11000.0, "poi_count": 0 }, "geometry": { "type": "Point", "coordinates": [ 4347184.968390693888068, 5644522.615266315639019 ] } },
{ "type": "Feature", "properties": { "ID": 217006, "Address": "Зелёная улица, 174\n", "Square": "88.31", "Rating": 4.982, "lat": 45.142911, "long": 39.04504, "index_right": 62.0, "id": 63.0, "geometry_y": "POLYGON ((39.026464729820255 45.13526725978086, 39.02989286255814 45.14770711293159, 39.04688033831573 45.15183233655993, 39.060439681335446 45.14351920890646, 39.057011548597565 45.13107844192481, 39.04002407283997 45.126951716426284, 39.026464729820255 45.13526725978086))", "population": 4200.0, "Pedestrian traffic": 3200.0, "car traffic": 11000.0, "poi_count": 0 }, "geometry": { "type": "Point", "coordinates": [ 4346473.970802998170257, 5644048.02694835793227 ] } },
{ "type": "Feature", "properties": { "ID": 161947, "Address": "Зелёная улица, 108\n", "Square": "69", "Rating": 4.982, "lat": 45.12299, "long": 39.166843, "index_right": null, "id": null, "geometry_y": null, "population": null, "Pedestrian traffic": null, "car traffic": null, "poi_count": 0 }, "geometry": { "type": "Point", "coordinates": [ 4360033.018740091472864, 5640904.570553333498538 ] } },
{ "type": "Feature", "properties": { "ID": 325506, "Address": "Земляничная улица, 122\n", "Square": "64", "Rating": 4.985, "lat": 45.139224, "long": 39.032563, "index_right": 62.0, "id": 63.0, "geometry_y": "POLYGON ((39.026464729820255 45.13526725978086, 39.02989286255814 45.14770711293159, 39.04688033831573 45.15183233655993, 39.060439681335446 45.14351920890646, 39.057011548597565 45.13107844192481, 39.04002407283997 45.126951716426284, 39.026464729820255 45.13526725978086))", "population": 4200.0, "Pedestrian traffic": 3200.0, "car traffic": 11000.0, "poi_count": 0 }, "geometry": { "type": "Point", "coordinates": [ 4345085.03751637134701, 5643466.14986022375524 ] } },
{ "type": "Feature", "properties": { "ID": 112779, "Address": "Вишнёвая улица, 2", "Square": "86", "Rating": 4.99, "lat": 45.144678, "long": 39.038761, "index_right": 62.0, "id": 63.0, "geometry_y": "POLYGON ((39.026464729820255 45.13526725978086, 39.02989286255814 45.14770711293159, 39.04688033831573 45.15183233655993, 39.060439681335446 45.14351920890646, 39.057011548597565 45.13107844192481, 39.04002407283997 45.126951716426284, 39.026464729820255 45.13526725978086))", "population": 4200.0, "Pedestrian traffic": 3200.0, "car traffic": 11000.0, "poi_count": 0 }, "geometry": { "type": "Point", "coordinates": [ 4345774.995720307342708, 5644326.905710390768945 ] } },
{ "type": "Feature", "properties": { "ID": 314626, "Address": "Ореховая улица, 621", "Square": "50", "Rating": 4.976, "lat": 45.134188, "long": 39.019627, "index_right": 55.0, "id": 56.0, "geometry_y": "POLYGON ((38.995917911042945 45.13945576997124, 38.99934604378083 45.15189470929172, 39.01633351953843 45.156019629838, 39.02989286255814 45.147707112931585, 39.02646472982026 45.13526725978085, 39.009477254062666 45.131140837365464, 38.995917911042945 45.13945576997124))", "population": 12000.0, "Pedestrian traffic": 13000.0, "car traffic": 23000.0, "poi_count": 1 }, "geometry": { "type": "Point", "coordinates": [ 4343645.008583468385041, 5642671.436305220238864 ] } },
{ "type": "Feature", "properties": { "ID": 168523, "Address": "Рябиновая улица, 241/1", "Square": "40", "Rating": 4.978, "lat": 45.134881, "long": 39.015827, "index_right": 55.0, "id": 56.0, "geometry_y": "POLYGON ((38.995917911042945 45.13945576997124, 38.99934604378083 45.15189470929172, 39.01633351953843 45.156019629838, 39.02989286255814 45.147707112931585, 39.02646472982026 45.13526725978085, 39.009477254062666 45.131140837365464, 38.995917911042945 45.13945576997124))", "population": 12000.0, "Pedestrian traffic": 13000.0, "car traffic": 23000.0, "poi_count": 0 }, "geometry": { "type": "Point", "coordinates": [ 4343221.994518455117941, 5642780.792048195376992 ] } },
{ "type": "Feature", "properties": { "ID": 307362, "Address": "Ростовское шоссе, 52/2\n", "Square": "126", "Rating": 4.89, "lat": 45.125979, "long": 39.010132, "index_right": 54.0, "id": 55.0, "geometry_y": "POLYGON ((39.00604912132477 45.11869736972245, 39.00947725406266 45.13114083736548, 39.026464729820255 45.13526725978086, 39.04002407283997 45.126951716426284, 39.03659594010208 45.11450733494992, 39.01960846434448 45.11037941066036, 39.00604912132477 45.11869736972245))", "population": 10000.0, "Pedestrian traffic": 15000.0, "car traffic": 22000.0, "poi_count": 9 }, "geometry": { "type": "Point", "coordinates": [ 4342588.030018386431038, 5641376.153132449835539 ] } },
{ "type": "Feature", "properties": { "ID": 50019822, "Address": "бульвар Строителей, 130", "Square": "51", "Rating": 4.98, "lat": 45.122557, "long": 39.014507, "index_right": 54.0, "id": 55.0, "geometry_y": "POLYGON ((39.00604912132477 45.11869736972245, 39.00947725406266 45.13114083736548, 39.026464729820255 45.13526725978086, 39.04002407283997 45.126951716426284, 39.03659594010208 45.11450733494992, 39.01960846434448 45.11037941066036, 39.00604912132477 45.11869736972245))", "population": 10000.0, "Pedestrian traffic": 15000.0, "car traffic": 22000.0, "poi_count": 2 }, "geometry": { "type": "Point", "coordinates": [ 4343075.052790607325733, 5640836.257026197388768 ] } },
{ "type": "Feature", "properties": { "ID": 162912, "Address": "Пригородная улица, 307", "Square": "53", "Rating": 5.0, "lat": 45.120573, "long": 39.008829, "index_right": 54.0, "id": 55.0, "geometry_y": "POLYGON ((39.00604912132477 45.11869736972245, 39.00947725406266 45.13114083736548, 39.026464729820255 45.13526725978086, 39.04002407283997 45.126951716426284, 39.03659594010208 45.11450733494992, 39.01960846434448 45.11037941066036, 39.00604912132477 45.11869736972245))", "population": 10000.0, "Pedestrian traffic": 15000.0, "car traffic": 22000.0, "poi_count": 8 }, "geometry": { "type": "Point", "coordinates": [ 4342442.980721882544458, 5640523.252021700143814 ] } },
{ "type": "Feature", "properties": { "ID": 212451, "Address": "улица Силантьева, 76\n", "Square": "50", "Rating": 4.96, "lat": 45.116172, "long": 38.997789, "index_right": 45.0, "id": 46.0, "geometry_y": "POLYGON ((38.985633512829295 45.102122666372345, 38.989061645567176 45.11456974851678, 39.00604912132477 45.118697369722454, 39.01960846434448 45.110379410660364, 39.016180331606606 45.09793141468047, 38.999192855849 45.09380229159715, 38.985633512829295 45.102122666372345))", "population": 38000.0, "Pedestrian traffic": 37000.0, "car traffic": 38000.0, "poi_count": 7 }, "geometry": { "type": "Point", "coordinates": [ 4341214.013543524779379, 5639828.968780823051929 ] } },
{ "type": "Feature", "properties": { "ID": 162433, "Address": "улица имени М.Е. Соколова, 86к1", "Square": "60", "Rating": 4.993, "lat": 45.114849, "long": 38.986228, "index_right": 38.0, "id": 39.0, "geometry_y": "POLYGON ((38.95508669405199 45.10631361039705, 38.95851482678987 45.118759778706554, 38.97550230254747 45.122887096828514, 38.989061645567176 45.11456974851678, 38.985633512829295 45.10212266637233, 38.9686460370717 45.09799384637357, 38.95508669405199 45.10631361039705))", "population": 26000.0, "Pedestrian traffic": 21000.0, "car traffic": 26000.0, "poi_count": 28 }, "geometry": { "type": "Point", "coordinates": [ 4339927.048910464160144, 5639620.268335829488933 ] } },
{ "type": "Feature", "properties": { "ID": 317624, "Address": "улица имени Дзержинского, 110Ак1", "Square": "60", "Rating": 4.997, "lat": 45.117539, "long": 38.986928, "index_right": 46.0, "id": 47.0, "geometry_y": "POLYGON ((38.97550230254747 45.122887096828514, 38.97893043528535 45.1353296506388, 38.995917911042945 45.13945576997125, 39.00947725406266 45.13114083736548, 39.00604912132477 45.11869736972245, 38.989061645567176 45.11456974851678, 38.97550230254747 45.122887096828514))", "population": 7000.0, "Pedestrian traffic": 15000.0, "car traffic": 26000.0, "poi_count": 22 }, "geometry": { "type": "Point", "coordinates": [ 4340004.972554019652307, 5640044.615215272642672 ] } },
{ "type": "Feature", "properties": { "ID": 50035892, "Address": "жилой комплекс Архитектор", "Square": "53", "Rating": 5.0, "lat": 45.116522, "long": 38.973148, "index_right": 38.0, "id": 39.0, "geometry_y": "POLYGON ((38.95508669405199 45.10631361039705, 38.95851482678987 45.118759778706554, 38.97550230254747 45.122887096828514, 38.989061645567176 45.11456974851678, 38.985633512829295 45.10212266637233, 38.9686460370717 45.09799384637357, 38.95508669405199 45.10631361039705))", "population": 26000.0, "Pedestrian traffic": 21000.0, "car traffic": 26000.0, "poi_count": 4 }, "geometry": { "type": "Point", "coordinates": [ 4338470.98997088894248, 5639884.181348103098571 ] } },
{ "type": "Feature", "properties": { "ID": 326073, "Address": "Пригородная улица, 161", "Square": "80", "Rating": 4.998, "lat": 45.123969, "long": 38.979014, "index_right": 46.0, "id": 47.0, "geometry_y": "POLYGON ((38.97550230254747 45.122887096828514, 38.97893043528535 45.1353296506388, 38.995917911042945 45.13945576997125, 39.00947725406266 45.13114083736548, 39.00604912132477 45.11869736972245, 38.989061645567176 45.11456974851678, 38.97550230254747 45.122887096828514))", "population": 7000.0, "Pedestrian traffic": 15000.0, "car traffic": 26000.0, "poi_count": 13 }, "geometry": { "type": "Point", "coordinates": [ 4339123.990103881806135, 5641059.027298616245389 ] } },
{ "type": "Feature", "properties": { "ID": 310391, "Address": "Гороховецкая улица, 1", "Square": "70", "Rating": 4.993, "lat": 45.123689, "long": 38.976804, "index_right": 46.0, "id": 47.0, "geometry_y": "POLYGON ((38.97550230254747 45.122887096828514, 38.97893043528535 45.1353296506388, 38.995917911042945 45.13945576997125, 39.00947725406266 45.13114083736548, 39.00604912132477 45.11869736972245, 38.989061645567176 45.11456974851678, 38.97550230254747 45.122887096828514))", "population": 7000.0, "Pedestrian traffic": 15000.0, "car traffic": 26000.0, "poi_count": 2 }, "geometry": { "type": "Point", "coordinates": [ 4338877.974029229022563, 5641014.851452212780714 ] } },
{ "type": "Feature", "properties": { "ID": 310169, "Address": "3-й Звенигородский проезд, 79", "Square": "70", "Rating": 4.995, "lat": 45.124541, "long": 38.969276, "index_right": 39.0, "id": 40.0, "geometry_y": "POLYGON ((38.944955483770165 45.1270765162683, 38.948383616508046 45.13951815624644, 38.96537109226564 45.143643972496164, 38.97893043528535 45.13532965063879, 38.97550230254747 45.12288709682851, 38.95851482678988 45.118759778706554, 38.944955483770165 45.1270765162683))", "population": 5000.0, "Pedestrian traffic": 7000.0, "car traffic": 4600.0, "poi_count": 8 }, "geometry": { "type": "Point", "coordinates": [ 4338039.960902536287904, 5641149.272915878333151 ] } },
{ "type": "Feature", "properties": { "ID": 162837, "Address": "улица Изосимова, 10", "Square": "69", "Rating": 5.0, "lat": 45.126983, "long": 38.970462, "index_right": 39.0, "id": 40.0, "geometry_y": "POLYGON ((38.944955483770165 45.1270765162683, 38.948383616508046 45.13951815624644, 38.96537109226564 45.143643972496164, 38.97893043528535 45.13532965063879, 38.97550230254747 45.12288709682851, 38.95851482678988 45.118759778706554, 38.944955483770165 45.1270765162683))", "population": 5000.0, "Pedestrian traffic": 7000.0, "car traffic": 4600.0, "poi_count": 8 }, "geometry": { "type": "Point", "coordinates": [ 4338171.985818617977202, 5641534.562460072338581 ] } },
{ "type": "Feature", "properties": { "ID": 137621, "Address": "3-й Звенигородский проезд, 41", "Square": "75", "Rating": 5.0, "lat": 45.125018, "long": 38.965189, "index_right": 39.0, "id": 40.0, "geometry_y": "POLYGON ((38.944955483770165 45.1270765162683, 38.948383616508046 45.13951815624644, 38.96537109226564 45.143643972496164, 38.97893043528535 45.13532965063879, 38.97550230254747 45.12288709682851, 38.95851482678988 45.118759778706554, 38.944955483770165 45.1270765162683))", "population": 5000.0, "Pedestrian traffic": 7000.0, "car traffic": 4600.0, "poi_count": 8 }, "geometry": { "type": "Point", "coordinates": [ 4337584.998143664561212, 5641224.53087954223156 ] } },
{ "type": "Feature", "properties": { "ID": 50017284, "Address": "Звенигородская улица, 1А", "Square": "53", "Rating": 4.998, "lat": 45.126138, "long": 38.955182, "index_right": 39.0, "id": 40.0, "geometry_y": "POLYGON ((38.944955483770165 45.1270765162683, 38.948383616508046 45.13951815624644, 38.96537109226564 45.143643972496164, 38.97893043528535 45.13532965063879, 38.97550230254747 45.12288709682851, 38.95851482678988 45.118759778706554, 38.944955483770165 45.1270765162683))", "population": 5000.0, "Pedestrian traffic": 7000.0, "car traffic": 4600.0, "poi_count": 7 }, "geometry": { "type": "Point", "coordinates": [ 4336471.02399929612875, 5641401.239682789891958 ] } },
{ "type": "Feature", "properties": { "ID": 165263, "Address": "Пригородная улица, 11", "Square": "73.4", "Rating": 4.98, "lat": 45.127104, "long": 38.951714, "index_right": 39.0, "id": 40.0, "geometry_y": "POLYGON ((38.944955483770165 45.1270765162683, 38.948383616508046 45.13951815624644, 38.96537109226564 45.143643972496164, 38.97893043528535 45.13532965063879, 38.97550230254747 45.12288709682851, 38.95851482678988 45.118759778706554, 38.944955483770165 45.1270765162683))", "population": 5000.0, "Pedestrian traffic": 7000.0, "car traffic": 4600.0, "poi_count": 6 }, "geometry": { "type": "Point", "coordinates": [ 4336084.968005225993693, 5641553.653812318108976 ] } },
{ "type": "Feature", "properties": { "ID": 156999, "Address": "Ягодная улица, 487\n", "Square": "60", "Rating": 4.985, "lat": 45.131861, "long": 38.960284, "index_right": 39.0, "id": 40.0, "geometry_y": "POLYGON ((38.944955483770165 45.1270765162683, 38.948383616508046 45.13951815624644, 38.96537109226564 45.143643972496164, 38.97893043528535 45.13532965063879, 38.97550230254747 45.12288709682851, 38.95851482678988 45.118759778706554, 38.944955483770165 45.1270765162683))", "population": 5000.0, "Pedestrian traffic": 7000.0, "car traffic": 4600.0, "poi_count": 1 }, "geometry": { "type": "Point", "coordinates": [ 4337038.976041323505342, 5642304.244276060722768 ] } },
{ "type": "Feature", "properties": { "ID": 156977, "Address": "Лимонная улица, 193", "Square": "50", "Rating": 4.969, "lat": 45.130347, "long": 38.973597, "index_right": 39.0, "id": 40.0, "geometry_y": "POLYGON ((38.944955483770165 45.1270765162683, 38.948383616508046 45.13951815624644, 38.96537109226564 45.143643972496164, 38.97893043528535 45.13532965063879, 38.97550230254747 45.12288709682851, 38.95851482678988 45.118759778706554, 38.944955483770165 45.1270765162683))", "population": 5000.0, "Pedestrian traffic": 7000.0, "car traffic": 4600.0, "poi_count": 10 }, "geometry": { "type": "Point", "coordinates": [ 4338520.972422254271805, 5642065.348697162233293 ] } },
{ "type": "Feature", "properties": { "ID": 308179, "Address": "улица Садовое Кольцо, 3", "Square": "308179", "Rating": 4.875, "lat": 45.132071, "long": 38.974765, "index_right": 39.0, "id": 40.0, "geometry_y": "POLYGON ((38.944955483770165 45.1270765162683, 38.948383616508046 45.13951815624644, 38.96537109226564 45.143643972496164, 38.97893043528535 45.13532965063879, 38.97550230254747 45.12288709682851, 38.95851482678988 45.118759778706554, 38.944955483770165 45.1270765162683))", "population": 5000.0, "Pedestrian traffic": 7000.0, "car traffic": 4600.0, "poi_count": 8 }, "geometry": { "type": "Point", "coordinates": [ 4338650.993587500415742, 5642337.380887559615076 ] } },
{ "type": "Feature", "properties": { "ID": 214131, "Address": "3-я Трудовая улица, 1/3", "Square": "79", "Rating": 4.98, "lat": 45.13043, "long": 38.978754, "index_right": 46.0, "id": 47.0, "geometry_y": "POLYGON ((38.97550230254747 45.122887096828514, 38.97893043528535 45.1353296506388, 38.995917911042945 45.13945576997125, 39.00947725406266 45.13114083736548, 39.00604912132477 45.11869736972245, 38.989061645567176 45.11456974851678, 38.97550230254747 45.122887096828514))", "population": 7000.0, "Pedestrian traffic": 15000.0, "car traffic": 26000.0, "poi_count": 5 }, "geometry": { "type": "Point", "coordinates": [ 4339095.047036275267601, 5642078.445186134427786 ] } },
{ "type": "Feature", "properties": { "ID": 319050, "Address": "улица Садовое Кольцо, 9/1", "Square": "68", "Rating": 5.0, "lat": 45.132795, "long": 38.978358, "index_right": 46.0, "id": 47.0, "geometry_y": "POLYGON ((38.97550230254747 45.122887096828514, 38.97893043528535 45.1353296506388, 38.995917911042945 45.13945576997125, 39.00947725406266 45.13114083736548, 39.00604912132477 45.11869736972245, 38.989061645567176 45.11456974851678, 38.97550230254747 45.122887096828514))", "population": 7000.0, "Pedestrian traffic": 15000.0, "car traffic": 26000.0, "poi_count": 3 }, "geometry": { "type": "Point", "coordinates": [ 4339050.964517921209335, 5642451.624236001633108 ] } },
{ "type": "Feature", "properties": { "ID": 50034918, "Address": "Апрельская улица, 5", "Square": "100", "Rating": 5.0, "lat": 45.13366, "long": 38.985482, "index_right": 46.0, "id": 47.0, "geometry_y": "POLYGON ((38.97550230254747 45.122887096828514, 38.97893043528535 45.1353296506388, 38.995917911042945 45.13945576997125, 39.00947725406266 45.13114083736548, 39.00604912132477 45.11869736972245, 38.989061645567176 45.11456974851678, 38.97550230254747 45.122887096828514))", "population": 7000.0, "Pedestrian traffic": 15000.0, "car traffic": 26000.0, "poi_count": 10 }, "geometry": { "type": "Point", "coordinates": [ 4339844.004570332355797, 5642588.118535850197077 ] } },
{ "type": "Feature", "properties": { "ID": 164023, "Address": "3-я Трудовая улица, 1", "Square": "81", "Rating": 4.895, "lat": 45.129215, "long": 38.986892, "index_right": 46.0, "id": 47.0, "geometry_y": "POLYGON ((38.97550230254747 45.122887096828514, 38.97893043528535 45.1353296506388, 38.995917911042945 45.13945576997125, 39.00947725406266 45.13114083736548, 39.00604912132477 45.11869736972245, 38.989061645567176 45.11456974851678, 38.97550230254747 45.122887096828514))", "population": 7000.0, "Pedestrian traffic": 15000.0, "car traffic": 26000.0, "poi_count": 8 }, "geometry": { "type": "Point", "coordinates": [ 4340000.96505235042423, 5641886.733424731530249 ] } },
{ "type": "Feature", "properties": { "ID": 103929, "Address": "3-я Трудовая улица, 43", "Square": "72", "Rating": 5.0, "lat": 45.128433, "long": 38.993728, "index_right": 46.0, "id": 47.0, "geometry_y": "POLYGON ((38.97550230254747 45.122887096828514, 38.97893043528535 45.1353296506388, 38.995917911042945 45.13945576997125, 39.00947725406266 45.13114083736548, 39.00604912132477 45.11869736972245, 38.989061645567176 45.11456974851678, 38.97550230254747 45.122887096828514))", "population": 7000.0, "Pedestrian traffic": 15000.0, "car traffic": 26000.0, "poi_count": 12 }, "geometry": { "type": "Point", "coordinates": [ 4340761.945091413334012, 5641763.345792660489678 ] } },
{ "type": "Feature", "properties": { "ID": 50007090, "Address": "1-я Первомайская улица, 23", "Square": "47.1", "Rating": 5.0, "lat": 45.127327, "long": 39.002173, "index_right": 46.0, "id": 47.0, "geometry_y": "POLYGON ((38.97550230254747 45.122887096828514, 38.97893043528535 45.1353296506388, 38.995917911042945 45.13945576997125, 39.00947725406266 45.13114083736548, 39.00604912132477 45.11869736972245, 38.989061645567176 45.11456974851678, 38.97550230254747 45.122887096828514))", "population": 7000.0, "Pedestrian traffic": 15000.0, "car traffic": 26000.0, "poi_count": 4 }, "geometry": { "type": "Point", "coordinates": [ 4341702.038191162981093, 5641588.838807259686291 ] } },
{ "type": "Feature", "properties": { "ID": 326835, "Address": "Магистральная улица, 15А", "Square": "60", "Rating": 5.0, "lat": 45.136006, "long": 39.002613, "index_right": 55.0, "id": 56.0, "geometry_y": "POLYGON ((38.995917911042945 45.13945576997124, 38.99934604378083 45.15189470929172, 39.01633351953843 45.156019629838, 39.02989286255814 45.147707112931585, 39.02646472982026 45.13526725978085, 39.009477254062666 45.131140837365464, 38.995917911042945 45.13945576997124))", "population": 12000.0, "Pedestrian traffic": 13000.0, "car traffic": 23000.0, "poi_count": 1 }, "geometry": { "type": "Point", "coordinates": [ 4341751.018767111934721, 5642958.320434756577015 ] } },
{ "type": "Feature", "properties": { "ID": 123078, "Address": "9-я Тихая улица, 11/1", "Square": "60.9", "Rating": 4.976, "lat": 45.137793, "long": 38.998283, "index_right": 46.0, "id": 47.0, "geometry_y": "POLYGON ((38.97550230254747 45.122887096828514, 38.97893043528535 45.1353296506388, 38.995917911042945 45.13945576997125, 39.00947725406266 45.13114083736548, 39.00604912132477 45.11869736972245, 38.989061645567176 45.11456974851678, 38.97550230254747 45.122887096828514))", "population": 7000.0, "Pedestrian traffic": 15000.0, "car traffic": 26000.0, "poi_count": 22 }, "geometry": { "type": "Point", "coordinates": [ 4341269.005371977575123, 5643240.321614405140281 ] } },
{ "type": "Feature", "properties": { "ID": 50006425, "Address": "5-я Дорожная улица, 47", "Square": "49", "Rating": 4.996, "lat": 45.137043, "long": 38.993971, "index_right": 46.0, "id": 47.0, "geometry_y": "POLYGON ((38.97550230254747 45.122887096828514, 38.97893043528535 45.1353296506388, 38.995917911042945 45.13945576997125, 39.00947725406266 45.13114083736548, 39.00604912132477 45.11869736972245, 38.989061645567176 45.11456974851678, 38.97550230254747 45.122887096828514))", "population": 7000.0, "Pedestrian traffic": 15000.0, "car traffic": 26000.0, "poi_count": 20 }, "geometry": { "type": "Point", "coordinates": [ 4340788.995727676898241, 5643121.965258561074734 ] } },
{ "type": "Feature", "properties": { "ID": 324782, "Address": "Дубравная улица, 1", "Square": "71", "Rating": 4.99, "lat": 45.139732, "long": 38.986677, "index_right": 47.0, "id": 48.0, "geometry_y": "POLYGON ((38.96537109226564 45.143643972496164, 38.96879922500352 45.156081997987066, 38.98578670076112 45.160206615451514, 38.99934604378083 45.15189470929172, 38.995917911042945 45.13945576997124, 38.97893043528535 45.13532965063879, 38.96537109226564 45.143643972496164))", "population": 9000.0, "Pedestrian traffic": 5000.0, "car traffic": 2200.0, "poi_count": 5 }, "geometry": { "type": "Point", "coordinates": [ 4339977.031361830420792, 5643546.319461558945477 ] } },
{ "type": "Feature", "properties": { "ID": 137365, "Address": "Душистая улица, 24", "Square": "56", "Rating": 4.971, "lat": 45.1415, "long": 38.988994, "index_right": 47.0, "id": 48.0, "geometry_y": "POLYGON ((38.96537109226564 45.143643972496164, 38.96879922500352 45.156081997987066, 38.98578670076112 45.160206615451514, 38.99934604378083 45.15189470929172, 38.995917911042945 45.13945576997124, 38.97893043528535 45.13532965063879, 38.96537109226564 45.143643972496164))", "population": 9000.0, "Pedestrian traffic": 5000.0, "car traffic": 2200.0, "poi_count": 6 }, "geometry": { "type": "Point", "coordinates": [ 4340234.95862199831754, 5643825.340493484400213 ] } },
{ "type": "Feature", "properties": { "ID": 142978, "Address": "Душистая улица, 23", "Square": "46", "Rating": 4.995, "lat": 45.142345, "long": 38.985931, "index_right": 47.0, "id": 48.0, "geometry_y": "POLYGON ((38.96537109226564 45.143643972496164, 38.96879922500352 45.156081997987066, 38.98578670076112 45.160206615451514, 38.99934604378083 45.15189470929172, 38.995917911042945 45.13945576997124, 38.97893043528535 45.13532965063879, 38.96537109226564 45.143643972496164))", "population": 9000.0, "Pedestrian traffic": 5000.0, "car traffic": 2200.0, "poi_count": 5 }, "geometry": { "type": "Point", "coordinates": [ 4339893.987021698616445, 5643958.699189667589962 ] } },
{ "type": "Feature", "properties": { "ID": 50015985, "Address": "Душистая улица, 30к2", "Square": "33", "Rating": 4.84, "lat": 45.141093, "long": 38.990513, "index_right": 47.0, "id": 48.0, "geometry_y": "POLYGON ((38.96537109226564 45.143643972496164, 38.96879922500352 45.156081997987066, 38.98578670076112 45.160206615451514, 38.99934604378083 45.15189470929172, 38.995917911042945 45.13945576997124, 38.97893043528535 45.13532965063879, 38.96537109226564 45.143643972496164))", "population": 9000.0, "Pedestrian traffic": 5000.0, "car traffic": 2200.0, "poi_count": 13 }, "geometry": { "type": "Point", "coordinates": [ 4340404.052928512915969, 5643761.108075265772641 ] } },
{ "type": "Feature", "properties": { "ID": 308364, "Address": "Душистая улица, 50", "Square": "50", "Rating": 4.982, "lat": 45.141099, "long": 38.993998, "index_right": 47.0, "id": 48.0, "geometry_y": "POLYGON ((38.96537109226564 45.143643972496164, 38.96879922500352 45.156081997987066, 38.98578670076112 45.160206615451514, 38.99934604378083 45.15189470929172, 38.995917911042945 45.13945576997124, 38.97893043528535 45.13532965063879, 38.96537109226564 45.143643972496164))", "population": 9000.0, "Pedestrian traffic": 5000.0, "car traffic": 2200.0, "poi_count": 24 }, "geometry": { "type": "Point", "coordinates": [ 4340792.001353927887976, 5643762.054987192153931 ] } },
{ "type": "Feature", "properties": { "ID": 137674, "Address": "5-я Дорожная улица, 68к2", "Square": "60", "Rating": 4.998, "lat": 45.140482, "long": 38.995804, "index_right": 47.0, "id": 48.0, "geometry_y": "POLYGON ((38.96537109226564 45.143643972496164, 38.96879922500352 45.156081997987066, 38.98578670076112 45.160206615451514, 38.99934604378083 45.15189470929172, 38.995917911042945 45.13945576997124, 38.97893043528535 45.13532965063879, 38.96537109226564 45.143643972496164))", "population": 9000.0, "Pedestrian traffic": 5000.0, "car traffic": 2200.0, "poi_count": 34 }, "geometry": { "type": "Point", "coordinates": [ 4340993.044354300945997, 5643664.681399194523692 ] } },
{ "type": "Feature", "properties": { "ID": 141025, "Address": "Душистая улица, 60к2", "Square": "30", "Rating": 4.95, "lat": 45.140635, "long": 38.998121, "index_right": 55.0, "id": 56.0, "geometry_y": "POLYGON ((38.995917911042945 45.13945576997124, 38.99934604378083 45.15189470929172, 39.01633351953843 45.156019629838, 39.02989286255814 45.147707112931585, 39.02646472982026 45.13526725978085, 39.009477254062666 45.131140837365464, 38.995917911042945 45.13945576997124))", "population": 12000.0, "Pedestrian traffic": 13000.0, "car traffic": 23000.0, "poi_count": 27 }, "geometry": { "type": "Point", "coordinates": [ 4341250.971614468842745, 5643688.82742568012327 ] } },
{ "type": "Feature", "properties": { "ID": 141910, "Address": "Душистая улица, 79к1", "Square": "64.8", "Rating": 4.981, "lat": 45.141932, "long": 38.998651, "index_right": 55.0, "id": 56.0, "geometry_y": "POLYGON ((38.995917911042945 45.13945576997124, 38.99934604378083 45.15189470929172, 39.01633351953843 45.156019629838, 39.02989286255814 45.147707112931585, 39.02646472982026 45.13526725978085, 39.009477254062666 45.131140837365464, 38.995917911042945 45.13945576997124))", "population": 12000.0, "Pedestrian traffic": 13000.0, "car traffic": 23000.0, "poi_count": 27 }, "geometry": { "type": "Point", "coordinates": [ 4341309.970944589003921, 5643893.518893581815064 ] } },
{ "type": "Feature", "properties": { "ID": 307996, "Address": "Душистая улица, 79к2", "Square": "58", "Rating": 4.961, "lat": 45.141964, "long": 38.99787, "index_right": 55.0, "id": 56.0, "geometry_y": "POLYGON ((38.995917911042945 45.13945576997124, 38.99934604378083 45.15189470929172, 39.01633351953843 45.156019629838, 39.02989286255814 45.147707112931585, 39.02646472982026 45.13526725978085, 39.009477254062666 45.131140837365464, 38.995917911042945 45.13945576997124))", "population": 12000.0, "Pedestrian traffic": 13000.0, "car traffic": 23000.0, "poi_count": 33 }, "geometry": { "type": "Point", "coordinates": [ 4341223.03042227961123, 5643898.569165993481874 ] } },
{ "type": "Feature", "properties": { "ID": 214779, "Address": "Душистая улица, 53", "Square": "52", "Rating": 5.0, "lat": 45.142968, "long": 38.9946, "index_right": 47.0, "id": 48.0, "geometry_y": "POLYGON ((38.96537109226564 45.143643972496164, 38.96879922500352 45.156081997987066, 38.98578670076112 45.160206615451514, 38.99934604378083 45.15189470929172, 38.995917911042945 45.13945576997124, 38.97893043528535 45.13532965063879, 38.96537109226564 45.143643972496164))", "population": 9000.0, "Pedestrian traffic": 5000.0, "car traffic": 2200.0, "poi_count": 41 }, "geometry": { "type": "Point", "coordinates": [ 4340859.015687385573983, 5644057.02290253713727 ] } },
{ "type": "Feature", "properties": { "ID": 331720, "Address": "3-я Целиноградская улица, 10", "Square": "82", "Rating": 4.99, "lat": 45.144806, "long": 38.995642, "index_right": 47.0, "id": 48.0, "geometry_y": "POLYGON ((38.96537109226564 45.143643972496164, 38.96879922500352 45.156081997987066, 38.98578670076112 45.160206615451514, 38.99934604378083 45.15189470929172, 38.995917911042945 45.13945576997124, 38.97893043528535 45.13532965063879, 38.96537109226564 45.143643972496164))", "population": 9000.0, "Pedestrian traffic": 5000.0, "car traffic": 2200.0, "poi_count": 27 }, "geometry": { "type": "Point", "coordinates": [ 4340975.010596792213619, 5644347.107790092006326 ] } },
{ "type": "Feature", "properties": { "ID": 127374, "Address": "Целиноградская улица, 4/6", "Square": "50", "Rating": 4.885, "lat": 45.145969, "long": 38.993288, "index_right": 47.0, "id": 48.0, "geometry_y": "POLYGON ((38.96537109226564 45.143643972496164, 38.96879922500352 45.156081997987066, 38.98578670076112 45.160206615451514, 38.99934604378083 45.15189470929172, 38.995917911042945 45.13945576997124, 38.97893043528535 45.13532965063879, 38.96537109226564 45.143643972496164))", "population": 9000.0, "Pedestrian traffic": 5000.0, "car traffic": 2200.0, "poi_count": 17 }, "geometry": { "type": "Point", "coordinates": [ 4340712.964515465311706, 5644530.664702100679278 ] } },
{ "type": "Feature", "properties": { "ID": 301416, "Address": "Целиноградская улица, 4/2к3", "Square": "86", "Rating": 5.0, "lat": 45.146547, "long": 38.995795, "index_right": 47.0, "id": 48.0, "geometry_y": "POLYGON ((38.96537109226564 45.143643972496164, 38.96879922500352 45.156081997987066, 38.98578670076112 45.160206615451514, 38.99934604378083 45.15189470929172, 38.995917911042945 45.13945576997124, 38.97893043528535 45.13532965063879, 38.96537109226564 45.143643972496164))", "population": 9000.0, "Pedestrian traffic": 5000.0, "car traffic": 2200.0, "poi_count": 19 }, "geometry": { "type": "Point", "coordinates": [ 4340992.042478883638978, 5644621.892144319601357 ] } },
{ "type": "Feature", "properties": { "ID": 310086, "Address": "Ейское шоссе, 1/5", "Square": "65", "Rating": 4.987, "lat": 45.148849, "long": 38.998813, "index_right": 55.0, "id": 56.0, "geometry_y": "POLYGON ((38.995917911042945 45.13945576997124, 38.99934604378083 45.15189470929172, 39.01633351953843 45.156019629838, 39.02989286255814 45.147707112931585, 39.02646472982026 45.13526725978085, 39.009477254062666 45.131140837365464, 38.995917911042945 45.13945576997124))", "population": 12000.0, "Pedestrian traffic": 13000.0, "car traffic": 23000.0, "poi_count": 0 }, "geometry": { "type": "Point", "coordinates": [ 4341328.004702097736299, 5644985.232762413099408 ] } },
{ "type": "Feature", "properties": { "ID": 50027095, "Address": "улица Профессора Рудакова, 1", "Square": "30", "Rating": 4.96, "lat": 45.149815, "long": 38.998427, "index_right": 47.0, "id": 48.0, "geometry_y": "POLYGON ((38.96537109226564 45.143643972496164, 38.96879922500352 45.156081997987066, 38.98578670076112 45.160206615451514, 38.99934604378083 45.15189470929172, 38.995917911042945 45.13945576997124, 38.97893043528535 45.13532965063879, 38.96537109226564 45.143643972496164))", "population": 9000.0, "Pedestrian traffic": 5000.0, "car traffic": 2200.0, "poi_count": 0 }, "geometry": { "type": "Point", "coordinates": [ 4341285.035378651693463, 5645137.707609884440899 ] } },
{ "type": "Feature", "properties": { "ID": 312340, "Address": "улица Мира, 38/1", "Square": "50", "Rating": 4.993, "lat": 45.150253, "long": 39.016016, "index_right": 55.0, "id": 56.0, "geometry_y": "POLYGON ((38.995917911042945 45.13945576997124, 38.99934604378083 45.15189470929172, 39.01633351953843 45.156019629838, 39.02989286255814 45.147707112931585, 39.02646472982026 45.13526725978085, 39.009477254062666 45.131140837365464, 38.995917911042945 45.13945576997124))", "population": 12000.0, "Pedestrian traffic": 13000.0, "car traffic": 23000.0, "poi_count": 0 }, "geometry": { "type": "Point", "coordinates": [ 4343243.033902213908732, 5645206.843019547872245 ] } },
{ "type": "Feature", "properties": { "ID": 319966, "Address": "улица Мира, 37В", "Square": "42", "Rating": 4.886, "lat": 45.150571, "long": 39.013024, "index_right": 55.0, "id": 56.0, "geometry_y": "POLYGON ((38.995917911042945 45.13945576997124, 38.99934604378083 45.15189470929172, 39.01633351953843 45.156019629838, 39.02989286255814 45.147707112931585, 39.02646472982026 45.13526725978085, 39.009477254062666 45.131140837365464, 38.995917911042945 45.13945576997124))", "population": 12000.0, "Pedestrian traffic": 13000.0, "car traffic": 23000.0, "poi_count": 0 }, "geometry": { "type": "Point", "coordinates": [ 4342909.965985761024058, 5645257.037553972564638 ] } },
{ "type": "Feature", "properties": { "ID": 203076, "Address": "улица Мира, 17", "Square": "70", "Rating": 5.0, "lat": 45.150571, "long": 39.00697, "index_right": 55.0, "id": 56.0, "geometry_y": "POLYGON ((38.995917911042945 45.13945576997124, 38.99934604378083 45.15189470929172, 39.01633351953843 45.156019629838, 39.02989286255814 45.147707112931585, 39.02646472982026 45.13526725978085, 39.009477254062666 45.131140837365464, 38.995917911042945 45.13945576997124))", "population": 12000.0, "Pedestrian traffic": 13000.0, "car traffic": 23000.0, "poi_count": 0 }, "geometry": { "type": "Point", "coordinates": [ 4342236.037788498215377, 5645257.037553972564638 ] } },
{ "type": "Feature", "properties": { "ID": 300485, "Address": "Главная улица, 1/8", "Square": "58", "Rating": 4.969, "lat": 45.152593, "long": 38.94362, "index_right": null, "id": null, "geometry_y": null, "population": null, "Pedestrian traffic": null, "car traffic": null, "poi_count": 0 }, "geometry": { "type": "Point", "coordinates": [ 4335183.948046744801104, 5645576.205579535104334 ] } },
{ "type": "Feature", "properties": { "ID": 50027103, "Address": "Главная улица, 24/1", "Square": "30", "Rating": 5.0, "lat": 45.15408, "long": 38.933505, "index_right": null, "id": null, "geometry_y": null, "population": null, "Pedestrian traffic": null, "car traffic": null, "poi_count": 0 }, "geometry": { "type": "Point", "coordinates": [ 4334057.951397370547056, 5645810.932317886501551 ] } },
{ "type": "Feature", "properties": { "ID": 50004211, "Address": "улица имени Профессора Малигонова, 7", "Square": "50", "Rating": 4.996, "lat": 45.152898, "long": 38.960446, "index_right": null, "id": null, "geometry_y": null, "population": null, "Pedestrian traffic": null, "car traffic": null, "poi_count": 0 }, "geometry": { "type": "Point", "coordinates": [ 4337057.009798831306398, 5645624.350107293576002 ] } },
{ "type": "Feature", "properties": { "ID": 50001712, "Address": "улица имени Профессора Малигонова, 38А", "Square": "50", "Rating": 5.0, "lat": 45.152637, "long": 38.973139, "index_right": 47.0, "id": 48.0, "geometry_y": "POLYGON ((38.96537109226564 45.143643972496164, 38.96879922500352 45.156081997987066, 38.98578670076112 45.160206615451514, 38.99934604378083 45.15189470929172, 38.995917911042945 45.13945576997124, 38.97893043528535 45.13532965063879, 38.96537109226564 45.143643972496164))", "population": 9000.0, "Pedestrian traffic": 5000.0, "car traffic": 2200.0, "poi_count": 0 }, "geometry": { "type": "Point", "coordinates": [ 4338469.988095471635461, 5645583.151003699749708 ] } },
{ "type": "Feature", "properties": { "ID": 216427, "Address": "улица Мечникова, 1", "Square": "50", "Rating": 4.961, "lat": 45.157016, "long": 38.965989, "index_right": null, "id": null, "geometry_y": null, "population": null, "Pedestrian traffic": null, "car traffic": null, "poi_count": 0 }, "geometry": { "type": "Point", "coordinates": [ 4337674.053736299276352, 5646274.405383354984224 ] } },
{ "type": "Feature", "properties": { "ID": 145264, "Address": "улица имени А.Н. Лодыгина, 1", "Square": "61", "Rating": 4.995, "lat": 45.157309, "long": 38.966545, "index_right": null, "id": null, "geometry_y": null, "population": null, "Pedestrian traffic": null, "car traffic": null, "poi_count": 0 }, "geometry": { "type": "Point", "coordinates": [ 4337735.947373180650175, 5646320.659285155124962 ] } },
{ "type": "Feature", "properties": { "ID": 321676, "Address": "Полевая улица, 20", "Square": "51", "Rating": 4.958, "lat": 45.163582, "long": 38.988033, "index_right": null, "id": null, "geometry_y": null, "population": null, "Pedestrian traffic": null, "car traffic": null, "poi_count": 0 }, "geometry": { "type": "Point", "coordinates": [ 4340127.980591346509755, 5647310.991860997863114 ] } },
{ "type": "Feature", "properties": { "ID": 50014467, "Address": "Лекарственная улица, 26/1", "Square": "61.6", "Rating": 5.0, "lat": 45.161154, "long": 38.986668, "index_right": null, "id": null, "geometry_y": null, "population": null, "Pedestrian traffic": null, "car traffic": null, "poi_count": 0 }, "geometry": { "type": "Point", "coordinates": [ 4339976.029486414045095, 5646927.665122645907104 ] } },
{ "type": "Feature", "properties": { "ID": 308142, "Address": "улица Археолога Веселовского, 25Б", "Square": "50", "Rating": 4.995, "lat": 45.156915, "long": 38.998211, "index_right": null, "id": null, "geometry_y": null, "population": null, "Pedestrian traffic": null, "car traffic": null, "poi_count": 0 }, "geometry": { "type": "Point", "coordinates": [ 4341260.990368640050292, 5646258.461260723881423 ] } },
{ "type": "Feature", "properties": { "ID": 307167, "Address": "Смоленская улица, 3", "Square": "50", "Rating": 5.0, "lat": 45.157817, "long": 39.016393, "index_right": null, "id": null, "geometry_y": null, "population": null, "Pedestrian traffic": null, "car traffic": null, "poi_count": 0 }, "geometry": { "type": "Point", "coordinates": [ 4343285.001350243575871, 5646400.854327016510069 ] } },
{ "type": "Feature", "properties": { "ID": 214020, "Address": "Северная улица, 50", "Square": "54", "Rating": 4.978, "lat": 45.159559, "long": 39.023597, "index_right": 63.0, "id": 64.0, "geometry_y": "POLYGON ((39.01633351953843 45.156019629838, 39.019761652276316 45.16845495467929, 39.036749128033904 45.1725786764431, 39.050308471053626 45.164268575228675, 39.04688033831573 45.15183233655992, 39.02989286255814 45.147707112931585, 39.01633351953843 45.156019629838))", "population": 1000.0, "Pedestrian traffic": null, "car traffic": null, "poi_count": 0 }, "geometry": { "type": "Point", "coordinates": [ 4344086.94696191791445, 5646675.859289895743132 ] } },
{ "type": "Feature", "properties": { "ID": 158314, "Address": "Войсковая улица, 2", "Square": "72", "Rating": 4.998, "lat": 45.160245, "long": 39.016402, "index_right": null, "id": null, "geometry_y": null, "population": null, "Pedestrian traffic": null, "car traffic": null, "poi_count": 0 }, "geometry": { "type": "Point", "coordinates": [ 4343286.00322566088289, 5646784.15861486364156 ] } },
{ "type": "Feature", "properties": { "ID": 50016739, "Address": "Северная улица, 26/3", "Square": "43", "Rating": 5.0, "lat": 45.160671, "long": 39.015737, "index_right": null, "id": null, "geometry_y": null, "population": null, "Pedestrian traffic": null, "car traffic": null, "poi_count": 0 }, "geometry": { "type": "Point", "coordinates": [ 4343211.975764282979071, 5646851.412204729393125 ] } },
{ "type": "Feature", "properties": { "ID": 307160, "Address": "Войсковая улица, 8/5", "Square": "64", "Rating": 4.997, "lat": 45.161465, "long": 39.018324, "index_right": 63.0, "id": 64.0, "geometry_y": "POLYGON ((39.01633351953843 45.156019629838, 39.019761652276316 45.16845495467929, 39.036749128033904 45.1725786764431, 39.050308471053626 45.164268575228675, 39.04688033831573 45.15183233655992, 39.02989286255814 45.147707112931585, 39.01633351953843 45.156019629838))", "population": 1000.0, "Pedestrian traffic": null, "car traffic": null, "poi_count": 0 }, "geometry": { "type": "Point", "coordinates": [ 4343499.95928696449846, 5646976.764134478755295 ] } },
{ "type": "Feature", "properties": { "ID": 309765, "Address": "Казачья улица, 2к1", "Square": "50", "Rating": 5.0, "lat": 45.162368, "long": 39.010482, "index_right": null, "id": null, "geometry_y": null, "population": null, "Pedestrian traffic": null, "car traffic": null, "poi_count": 0 }, "geometry": { "type": "Point", "coordinates": [ 4342626.99184016417712, 5647119.326449770480394 ] } },
{ "type": "Feature", "properties": { "ID": 50009360, "Address": "Северная улица, 30/4", "Square": "49.1", "Rating": 4.989, "lat": 45.163251, "long": 39.016016, "index_right": null, "id": null, "geometry_y": null, "population": null, "Pedestrian traffic": null, "car traffic": null, "poi_count": 0 }, "geometry": { "type": "Point", "coordinates": [ 4343243.033902213908732, 5647258.733423796482384 ] } },
{ "type": "Feature", "properties": { "ID": 327040, "Address": "Никольская улица, 25", "Square": "60", "Rating": 4.995, "lat": 45.166975, "long": 39.010617, "index_right": null, "id": null, "geometry_y": null, "population": null, "Pedestrian traffic": null, "car traffic": null, "poi_count": 0 }, "geometry": { "type": "Point", "coordinates": [ 4342642.019971421919763, 5647846.69782193005085 ] } },
{ "type": "Feature", "properties": { "ID": 50004460, "Address": "Бисерная улица, 18", "Square": "88", "Rating": 4.995, "lat": 45.122316, "long": 39.04151, "index_right": 61.0, "id": 62.0, "geometry_y": "POLYGON ((39.03659594010208 45.11450733494993, 39.04002407283996 45.126951716426284, 39.057011548597565 45.131078441924814, 39.07057089161727 45.12276228782101, 39.06714275887939 45.11031699251075, 39.050155283121796 45.10618876513712, 39.03659594010208 45.11450733494993))", "population": 7000.0, "Pedestrian traffic": 3200.0, "car traffic": 1100.0, "poi_count": 0 }, "geometry": { "type": "Point", "coordinates": [ 4346081.013000498525798, 5640798.235172177664936 ] } },
{ "type": "Feature", "properties": { "ID": 202818, "Address": "улица Академика Королёва, 51", "Square": "68", "Rating": 4.934, "lat": 45.12063, "long": 39.040531, "index_right": 61.0, "id": 62.0, "geometry_y": "POLYGON ((39.03659594010208 45.11450733494993, 39.04002407283996 45.126951716426284, 39.057011548597565 45.131078441924814, 39.07057089161727 45.12276228782101, 39.06714275887939 45.11031699251075, 39.050155283121796 45.10618876513712, 39.03659594010208 45.11450733494993))", "population": 7000.0, "Pedestrian traffic": 3200.0, "car traffic": 1100.0, "poi_count": 0 }, "geometry": { "type": "Point", "coordinates": [ 4345972.031219011172652, 5640532.24445313308388 ] } },
{ "type": "Feature", "properties": { "ID": 215368, "Address": "Альпийский проезд, 25", "Square": "53", "Rating": 4.989, "lat": 45.115434, "long": 39.043495, "index_right": 61.0, "id": 62.0, "geometry_y": "POLYGON ((39.03659594010208 45.11450733494993, 39.04002407283996 45.126951716426284, 39.057011548597565 45.131078441924814, 39.07057089161727 45.12276228782101, 39.06714275887939 45.11031699251075, 39.050155283121796 45.10618876513712, 39.03659594010208 45.11450733494993))", "population": 7000.0, "Pedestrian traffic": 3200.0, "car traffic": 1100.0, "poi_count": 19 }, "geometry": { "type": "Point", "coordinates": [ 4346301.98218972235918, 5639712.550248797051609 ] } },
{ "type": "Feature", "properties": { "ID": 50013072, "Address": "улица Ратной Славы, 108", "Square": "70", "Rating": 4.995, "lat": 45.112966, "long": 39.043262, "index_right": 61.0, "id": 62.0, "geometry_y": "POLYGON ((39.03659594010208 45.11450733494993, 39.04002407283996 45.126951716426284, 39.057011548597565 45.131078441924814, 39.07057089161727 45.12276228782101, 39.06714275887939 45.11031699251075, 39.050155283121796 45.10618876513712, 39.03659594010208 45.11450733494993))", "population": 7000.0, "Pedestrian traffic": 3200.0, "car traffic": 1100.0, "poi_count": 26 }, "geometry": { "type": "Point", "coordinates": [ 4346276.044748367741704, 5639323.237421799451113 ] } },
{ "type": "Feature", "properties": { "ID": 144158, "Address": "Измаильская улица, 85", "Square": "72", "Rating": 4.995, "lat": 45.114136, "long": 39.048912, "index_right": 61.0, "id": 62.0, "geometry_y": "POLYGON ((39.03659594010208 45.11450733494993, 39.04002407283996 45.126951716426284, 39.057011548597565 45.131078441924814, 39.07057089161727 45.12276228782101, 39.06714275887939 45.11031699251075, 39.050155283121796 45.10618876513712, 39.03659594010208 45.11450733494993))", "population": 7000.0, "Pedestrian traffic": 3200.0, "car traffic": 1100.0, "poi_count": 113 }, "geometry": { "type": "Point", "coordinates": [ 4346904.99987134989351, 5639507.796103929169476 ] } },
{ "type": "Feature", "properties": { "ID": 349000, "Address": "улица имени В.М. Комарова, 106Бк7", "Square": "77", "Rating": 4.976, "lat": 45.115968, "long": 39.053179, "index_right": 61.0, "id": 62.0, "geometry_y": "POLYGON ((39.03659594010208 45.11450733494993, 39.04002407283996 45.126951716426284, 39.057011548597565 45.131078441924814, 39.07057089161727 45.12276228782101, 39.06714275887939 45.11031699251075, 39.050155283121796 45.10618876513712, 39.03659594010208 45.11450733494993))", "population": 7000.0, "Pedestrian traffic": 3200.0, "car traffic": 1100.0, "poi_count": 76 }, "geometry": { "type": "Point", "coordinates": [ 4347380.000138564966619, 5639796.787897822447121 ] } },
{ "type": "Feature", "properties": { "ID": 308375, "Address": "Чукотская улица, 29", "Square": "67.8", "Rating": 4.994, "lat": 45.103659, "long": 39.043423, "index_right": 53.0, "id": 54.0, "geometry_y": "POLYGON ((39.016180331606606 45.09793141468047, 39.01960846434448 45.110379410660364, 39.03659594010208 45.11450733494993, 39.050155283121796 45.10618876513712, 39.04672715038391 45.093739855321296, 39.029739674626306 45.08961042915329, 39.016180331606606 45.09793141468047))", "population": 26000.0, "Pedestrian traffic": 15000.0, "car traffic": 13000.0, "poi_count": 0 }, "geometry": { "type": "Point", "coordinates": [ 4346293.967186385765672, 5637855.263052977621555 ] } },
{ "type": "Feature", "properties": { "ID": 313489, "Address": "улица Лётчика Позднякова, 2к16", "Square": "51", "Rating": 4.998, "lat": 45.104315, "long": 39.0605, "index_right": 60.0, "id": 61.0, "geometry_y": "POLYGON ((39.04672715038391 45.0937398553213, 39.05015528312179 45.10618876513713, 39.06714275887939 45.110316992510754, 39.08070210189909 45.10199781194689, 39.07727396916121 45.089547988294676, 39.060286493403616 45.08541825904183, 39.04672715038391 45.0937398553213))", "population": 11000.0, "Pedestrian traffic": 4400.0, "car traffic": 7500.0, "poi_count": 2 }, "geometry": { "type": "Point", "coordinates": [ 4348194.970130662433803, 5637958.724771617911756 ] } },
{ "type": "Feature", "properties": { "ID": 313489, "Address": "улица Лётчика Позднякова, 2к19", "Square": "51", "Rating": 4.998, "lat": 45.104327, "long": 39.062126, "index_right": 60.0, "id": 61.0, "geometry_y": "POLYGON ((39.04672715038391 45.0937398553213, 39.05015528312179 45.10618876513713, 39.06714275887939 45.110316992510754, 39.08070210189909 45.10199781194689, 39.07727396916121 45.089547988294676, 39.060286493403616 45.08541825904183, 39.04672715038391 45.0937398553213))", "population": 11000.0, "Pedestrian traffic": 4400.0, "car traffic": 7500.0, "poi_count": 2 }, "geometry": { "type": "Point", "coordinates": [ 4348375.975622692145407, 5637960.617375103756785 ] } },
{ "type": "Feature", "properties": { "ID": 313489, "Address": "улица Лётчика Позднякова, 2к22", "Square": "51", "Rating": 4.998, "lat": 45.101897, "long": 39.061345, "index_right": 60.0, "id": 61.0, "geometry_y": "POLYGON ((39.04672715038391 45.0937398553213, 39.05015528312179 45.10618876513713, 39.06714275887939 45.110316992510754, 39.08070210189909 45.10199781194689, 39.07727396916121 45.089547988294676, 39.060286493403616 45.08541825904183, 39.04672715038391 45.0937398553213))", "population": 11000.0, "Pedestrian traffic": 4400.0, "car traffic": 7500.0, "poi_count": 4 }, "geometry": { "type": "Point", "coordinates": [ 4348289.035100382752717, 5637577.373285156674683 ] } },
{ "type": "Feature", "properties": { "ID": 313489, "Address": "улица Лётчика Позднякова, 2к7", "Square": "51", "Rating": 4.998, "lat": 45.099613, "long": 39.060024, "index_right": 60.0, "id": 61.0, "geometry_y": "POLYGON ((39.04672715038391 45.0937398553213, 39.05015528312179 45.10618876513713, 39.06714275887939 45.110316992510754, 39.08070210189909 45.10199781194689, 39.07727396916121 45.089547988294676, 39.060286493403616 45.08541825904183, 39.04672715038391 45.0937398553213))", "population": 11000.0, "Pedestrian traffic": 4400.0, "car traffic": 7500.0, "poi_count": 6 }, "geometry": { "type": "Point", "coordinates": [ 4348141.982053044252098, 5637217.170254282653332 ] } },
{ "type": "Feature", "properties": { "ID": 143568, "Address": "улица Лётчика Позднякова, 2к2", "Square": "51.6", "Rating": 4.983, "lat": 45.09794, "long": 39.060572, "index_right": 60.0, "id": 61.0, "geometry_y": "POLYGON ((39.04672715038391 45.0937398553213, 39.05015528312179 45.10618876513713, 39.06714275887939 45.110316992510754, 39.08070210189909 45.10199781194689, 39.07727396916121 45.089547988294676, 39.060286493403616 45.08541825904183, 39.04672715038391 45.0937398553213))", "population": 11000.0, "Pedestrian traffic": 4400.0, "car traffic": 7500.0, "poi_count": 6 }, "geometry": { "type": "Point", "coordinates": [ 4348202.985134, 5636953.335407917387784 ] } },
{ "type": "Feature", "properties": { "ID": 305044, "Address": "улица Шевцова, 36/1", "Square": "75", "Rating": 4.988, "lat": 45.095038, "long": 39.048858, "index_right": 60.0, "id": 61.0, "geometry_y": "POLYGON ((39.04672715038391 45.0937398553213, 39.05015528312179 45.10618876513713, 39.06714275887939 45.110316992510754, 39.08070210189909 45.10199781194689, 39.07727396916121 45.089547988294676, 39.060286493403616 45.08541825904183, 39.04672715038391 45.0937398553213))", "population": 11000.0, "Pedestrian traffic": 4400.0, "car traffic": 7500.0, "poi_count": 2 }, "geometry": { "type": "Point", "coordinates": [ 4346898.988618846982718, 5636495.703577372245491 ] } },
{ "type": "Feature", "properties": { "ID": 162151, "Address": "улица Краеведа Соловьёва, 6к1", "Square": "45", "Rating": 4.961, "lat": 45.092474, "long": 39.045292, "index_right": 52.0, "id": 53.0, "geometry_y": "POLYGON ((39.02631154188843 45.07715790482462, 39.029739674626306 45.08961042915329, 39.04672715038391 45.0937398553213, 39.060286493403616 45.08541825904183, 39.056858360665736 45.072964820875086, 39.03987088490814 45.06883389282514, 39.02631154188843 45.07715790482462))", "population": 45000.0, "Pedestrian traffic": 25000.0, "car traffic": 14000.0, "poi_count": 21 }, "geometry": { "type": "Point", "coordinates": [ 4346502.023314679041505, 5636091.392116601578891 ] } },
{ "type": "Feature", "properties": { "ID": 306178, "Address": "улица Краеведа Соловьёва, 6к6", "Square": "50", "Rating": 5.0, "lat": 45.091335, "long": 39.046522, "index_right": 52.0, "id": 53.0, "geometry_y": "POLYGON ((39.02631154188843 45.07715790482462, 39.029739674626306 45.08961042915329, 39.04672715038391 45.0937398553213, 39.060286493403616 45.08541825904183, 39.056858360665736 45.072964820875086, 39.03987088490814 45.06883389282514, 39.02631154188843 45.07715790482462))", "population": 45000.0, "Pedestrian traffic": 25000.0, "car traffic": 14000.0, "poi_count": 20 }, "geometry": { "type": "Point", "coordinates": [ 4346638.946288353763521, 5635911.79156107455492 ] } },
{ "type": "Feature", "properties": { "ID": 363859, "Address": "улица Шевцова, 8", "Square": "83.5", "Rating": null, "lat": 45.090094, "long": 39.048086, "index_right": 52.0, "id": 53.0, "geometry_y": "POLYGON ((39.02631154188843 45.07715790482462, 39.029739674626306 45.08961042915329, 39.04672715038391 45.0937398553213, 39.060286493403616 45.08541825904183, 39.056858360665736 45.072964820875086, 39.03987088490814 45.06883389282514, 39.02631154188843 45.07715790482462))", "population": 45000.0, "Pedestrian traffic": 25000.0, "car traffic": 14000.0, "poi_count": 18 }, "geometry": { "type": "Point", "coordinates": [ 4346813.049971953965724, 5635716.111450889147818 ] } },
{ "type": "Feature", "properties": { "ID": 160805, "Address": "улица Краеведа Соловьёва, 2к1", "Square": "31", "Rating": 4.995, "lat": 45.088815, "long": 39.045292, "index_right": 52.0, "id": 53.0, "geometry_y": "POLYGON ((39.02631154188843 45.07715790482462, 39.029739674626306 45.08961042915329, 39.04672715038391 45.0937398553213, 39.060286493403616 45.08541825904183, 39.056858360665736 45.072964820875086, 39.03987088490814 45.06883389282514, 39.02631154188843 45.07715790482462))", "population": 45000.0, "Pedestrian traffic": 25000.0, "car traffic": 14000.0, "poi_count": 22 }, "geometry": { "type": "Point", "coordinates": [ 4346502.023314679041505, 5635514.44397318828851 ] } },
{ "type": "Feature", "properties": { "ID": 217229, "Address": "посёлок Краснодарский, 66к2", "Square": "105", "Rating": 4.998, "lat": 45.087339, "long": 39.046648, "index_right": 52.0, "id": 53.0, "geometry_y": "POLYGON ((39.02631154188843 45.07715790482462, 39.029739674626306 45.08961042915329, 39.04672715038391 45.0937398553213, 39.060286493403616 45.08541825904183, 39.056858360665736 45.072964820875086, 39.03987088490814 45.06883389282514, 39.02631154188843 45.07715790482462))", "population": 45000.0, "Pedestrian traffic": 25000.0, "car traffic": 14000.0, "poi_count": 7 }, "geometry": { "type": "Point", "coordinates": [ 4346652.972544193267822, 5635281.719955498352647 ] } },
{ "type": "Feature", "properties": { "ID": 317394, "Address": "улица им. Сорока А.М., 4/1", "Square": "75", "Rating": 4.999, "lat": 45.088618, "long": 39.050861, "index_right": 52.0, "id": 53.0, "geometry_y": "POLYGON ((39.02631154188843 45.07715790482462, 39.029739674626306 45.08961042915329, 39.04672715038391 45.0937398553213, 39.060286493403616 45.08541825904183, 39.056858360665736 45.072964820875086, 39.03987088490814 45.06883389282514, 39.02631154188843 45.07715790482462))", "population": 45000.0, "Pedestrian traffic": 25000.0, "car traffic": 14000.0, "poi_count": 4 }, "geometry": { "type": "Point", "coordinates": [ 4347121.961558905430138, 5635483.382221985608339 ] } },
{ "type": "Feature", "properties": { "ID": 50027102, "Address": "посёлок Краснодарский, 63", "Square": "30", "Rating": 4.975, "lat": 45.085003, "long": 39.044888, "index_right": 52.0, "id": 53.0, "geometry_y": "POLYGON ((39.02631154188843 45.07715790482462, 39.029739674626306 45.08961042915329, 39.04672715038391 45.0937398553213, 39.060286493403616 45.08541825904183, 39.056858360665736 45.072964820875086, 39.03987088490814 45.06883389282514, 39.02631154188843 45.07715790482462))", "population": 45000.0, "Pedestrian traffic": 25000.0, "car traffic": 14000.0, "poi_count": 1 }, "geometry": { "type": "Point", "coordinates": [ 4346457.050240398384631, 5634913.410222582519054 ] } },
{ "type": "Feature", "properties": { "ID": 50009353, "Address": "микрорайон Любимово, 10", "Square": "53", "Rating": 5.0, "lat": 45.081643, "long": 39.03568, "index_right": 52.0, "id": 53.0, "geometry_y": "POLYGON ((39.02631154188843 45.07715790482462, 39.029739674626306 45.08961042915329, 39.04672715038391 45.0937398553213, 39.060286493403616 45.08541825904183, 39.056858360665736 45.072964820875086, 39.03987088490814 45.06883389282514, 39.02631154188843 45.07715790482462))", "population": 45000.0, "Pedestrian traffic": 25000.0, "car traffic": 14000.0, "poi_count": 4 }, "geometry": { "type": "Point", "coordinates": [ 4345432.020369173027575, 5634383.67605787422508 ] } },
{ "type": "Feature", "properties": { "ID": 50017222, "Address": "микрорайон Любимово, 8", "Square": "53", "Rating": 4993.0, "lat": 45.083081, "long": 39.035698, "index_right": 52.0, "id": 53.0, "geometry_y": "POLYGON ((39.02631154188843 45.07715790482462, 39.029739674626306 45.08961042915329, 39.04672715038391 45.0937398553213, 39.060286493403616 45.08541825904183, 39.056858360665736 45.072964820875086, 39.03987088490814 45.06883389282514, 39.02631154188843 45.07715790482462))", "population": 45000.0, "Pedestrian traffic": 25000.0, "car traffic": 14000.0, "poi_count": 5 }, "geometry": { "type": "Point", "coordinates": [ 4345434.024120006710291, 5634610.385854012332857 ] } },
{ "type": "Feature", "properties": { "ID": 311273, "Address": "микрорайон Любимово, 7", "Square": "70", "Rating": 5.0, "lat": 45.084087, "long": 39.037629, "index_right": 52.0, "id": 53.0, "geometry_y": "POLYGON ((39.02631154188843 45.07715790482462, 39.029739674626306 45.08961042915329, 39.04672715038391 45.0937398553213, 39.060286493403616 45.08541825904183, 39.056858360665736 45.072964820875086, 39.03987088490814 45.06883389282514, 39.02631154188843 45.07715790482462))", "population": 45000.0, "Pedestrian traffic": 25000.0, "car traffic": 14000.0, "poi_count": 5 }, "geometry": { "type": "Point", "coordinates": [ 4345648.982056729495525, 5634768.991510009393096 ] } },
{ "type": "Feature", "properties": { "ID": 50007038, "Address": "микрорайон Любимово, 5", "Square": "53", "Rating": 5.0, "lat": 45.084526, "long": 39.035698, "index_right": 52.0, "id": 53.0, "geometry_y": "POLYGON ((39.02631154188843 45.07715790482462, 39.029739674626306 45.08961042915329, 39.04672715038391 45.0937398553213, 39.060286493403616 45.08541825904183, 39.056858360665736 45.072964820875086, 39.03987088490814 45.06883389282514, 39.02631154188843 45.07715790482462))", "population": 45000.0, "Pedestrian traffic": 25000.0, "car traffic": 14000.0, "poi_count": 5 }, "geometry": { "type": "Point", "coordinates": [ 4345434.024120006710291, 5634838.204992685467005 ] } },
{ "type": "Feature", "properties": { "ID": 50019221, "Address": "микрорайон Любимово, 2", "Square": "30", "Rating": 4.875, "lat": 45.087574, "long": 39.03798, "index_right": 52.0, "id": 53.0, "geometry_y": "POLYGON ((39.02631154188843 45.07715790482462, 39.029739674626306 45.08961042915329, 39.04672715038391 45.0937398553213, 39.060286493403616 45.08541825904183, 39.056858360665736 45.072964820875086, 39.03987088490814 45.06883389282514, 39.02631154188843 45.07715790482462))", "population": 45000.0, "Pedestrian traffic": 25000.0, "car traffic": 14000.0, "poi_count": 13 }, "geometry": { "type": "Point", "coordinates": [ 4345688.055197997018695, 5635318.772496187128127 ] } },
{ "type": "Feature", "properties": { "ID": 163597, "Address": "улица Адмирала Крузенштерна, 6", "Square": "32", "Rating": 4.981, "lat": 45.09173, "long": 39.041833, "index_right": 52.0, "id": 53.0, "geometry_y": "POLYGON ((39.02631154188843 45.07715790482462, 39.029739674626306 45.08961042915329, 39.04672715038391 45.0937398553213, 39.060286493403616 45.08541825904183, 39.056858360665736 45.072964820875086, 39.03987088490814 45.06883389282514, 39.02631154188843 45.07715790482462))", "population": 45000.0, "Pedestrian traffic": 25000.0, "car traffic": 14000.0, "poi_count": 30 }, "geometry": { "type": "Point", "coordinates": [ 4346116.969196024350822, 5635974.075808091089129 ] } },
{ "type": "Feature", "properties": { "ID": 213012, "Address": "улица Адмирала Крузенштерна, 6/3", "Square": "65", "Rating": 4.998, "lat": 45.093276, "long": 39.04204, "index_right": 53.0, "id": 54.0, "geometry_y": "POLYGON ((39.016180331606606 45.09793141468047, 39.01960846434448 45.110379410660364, 39.03659594010208 45.11450733494993, 39.050155283121796 45.10618876513712, 39.04672715038391 45.093739855321296, 39.029739674626306 45.08961042915329, 39.016180331606606 45.09793141468047))", "population": 26000.0, "Pedestrian traffic": 15000.0, "car traffic": 13000.0, "poi_count": 23 }, "geometry": { "type": "Point", "coordinates": [ 4346140.012330618686974, 5636217.855762986466289 ] } },
{ "type": "Feature", "properties": { "ID": 50014330, "Address": "улица Адмирала Крузенштерна, 5/2", "Square": "45", "Rating": 4.897, "lat": 45.093098, "long": 39.039641, "index_right": 53.0, "id": 54.0, "geometry_y": "POLYGON ((39.016180331606606 45.09793141468047, 39.01960846434448 45.110379410660364, 39.03659594010208 45.11450733494993, 39.050155283121796 45.10618876513712, 39.04672715038391 45.093739855321296, 39.029739674626306 45.08961042915329, 39.016180331606606 45.09793141468047))", "population": 26000.0, "Pedestrian traffic": 15000.0, "car traffic": 13000.0, "poi_count": 24 }, "geometry": { "type": "Point", "coordinates": [ 4345872.956872206181288, 5636189.787618303671479 ] } },
{ "type": "Feature", "properties": { "ID": 207969, "Address": "улица Адмирала Серебрякова, 3к3", "Square": "48", "Rating": 4.975, "lat": 45.091666, "long": 39.038536, "index_right": 52.0, "id": 53.0, "geometry_y": "POLYGON ((39.02631154188843 45.07715790482462, 39.029739674626306 45.08961042915329, 39.04672715038391 45.0937398553213, 39.060286493403616 45.08541825904183, 39.056858360665736 45.072964820875086, 39.03987088490814 45.06883389282514, 39.02631154188843 45.07715790482462))", "population": 45000.0, "Pedestrian traffic": 25000.0, "car traffic": 14000.0, "poi_count": 37 }, "geometry": { "type": "Point", "coordinates": [ 4345749.94883487932384, 5635963.984154014848173 ] } },
{ "type": "Feature", "properties": { "ID": 324796, "Address": "Адмиралтейский бульвар, 3", "Square": "58", "Rating": 5.0, "lat": 45.09334, "long": 39.036875, "index_right": 53.0, "id": 54.0, "geometry_y": "POLYGON ((39.016180331606606 45.09793141468047, 39.01960846434448 45.110379410660364, 39.03659594010208 45.11450733494993, 39.050155283121796 45.10618876513712, 39.04672715038391 45.093739855321296, 39.029739674626306 45.08961042915329, 39.016180331606606 45.09793141468047))", "population": 26000.0, "Pedestrian traffic": 15000.0, "car traffic": 13000.0, "poi_count": 33 }, "geometry": { "type": "Point", "coordinates": [ 4345565.047160672023892, 5636227.947701558470726 ] } },
{ "type": "Feature", "properties": { "ID": 305535, "Address": "Адмиралтейский бульвар, 3к2", "Square": "90.7", "Rating": 4.99, "lat": 45.093804, "long": 39.037674, "index_right": 53.0, "id": 54.0, "geometry_y": "POLYGON ((39.016180331606606 45.09793141468047, 39.01960846434448 45.110379410660364, 39.03659594010208 45.11450733494993, 39.050155283121796 45.10618876513712, 39.04672715038391 45.093739855321296, 39.029739674626306 45.08961042915329, 39.016180331606606 45.09793141468047))", "population": 26000.0, "Pedestrian traffic": 15000.0, "car traffic": 13000.0, "poi_count": 26 }, "geometry": { "type": "Point", "coordinates": [ 4345653.991433815099299, 5636301.114594426937401 ] } },
{ "type": "Feature", "properties": { "ID": 312789, "Address": "бульвар Адмирала Пустошкина, 11/1", "Square": "71", "Rating": 4.975, "lat": 45.095573, "long": 39.037387, "index_right": 53.0, "id": 54.0, "geometry_y": "POLYGON ((39.016180331606606 45.09793141468047, 39.01960846434448 45.110379410660364, 39.03659594010208 45.11450733494993, 39.050155283121796 45.10618876513712, 39.04672715038391 45.093739855321296, 39.029739674626306 45.08961042915329, 39.016180331606606 45.09793141468047))", "population": 26000.0, "Pedestrian traffic": 15000.0, "car traffic": 13000.0, "poi_count": 9 }, "geometry": { "type": "Point", "coordinates": [ 4345622.04273995757103, 5636580.068827232345939 ] } },
{ "type": "Feature", "properties": { "ID": 153612, "Address": "Командорская улица, 6", "Square": "85", "Rating": 5.0, "lat": 45.091704, "long": 39.035231, "index_right": 53.0, "id": 54.0, "geometry_y": "POLYGON ((39.016180331606606 45.09793141468047, 39.01960846434448 45.110379410660364, 39.03659594010208 45.11450733494993, 39.050155283121796 45.10618876513712, 39.04672715038391 45.093739855321296, 39.029739674626306 45.08961042915329, 39.016180331606606 45.09793141468047))", "population": 26000.0, "Pedestrian traffic": 15000.0, "car traffic": 13000.0, "poi_count": 48 }, "geometry": { "type": "Point", "coordinates": [ 4345382.03791780769825, 5635969.976072260178626 ] } },
{ "type": "Feature", "properties": { "ID": 50015868, "Address": "Командорская улица, 5/3", "Square": "44", "Rating": 5.0, "lat": 45.091838, "long": 39.033748, "index_right": 53.0, "id": 54.0, "geometry_y": "POLYGON ((39.016180331606606 45.09793141468047, 39.01960846434448 45.110379410660364, 39.03659594010208 45.11450733494993, 39.050155283121796 45.10618876513712, 39.04672715038391 45.093739855321296, 39.029739674626306 45.08961042915329, 39.016180331606606 45.09793141468047))", "population": 26000.0, "Pedestrian traffic": 15000.0, "car traffic": 13000.0, "poi_count": 51 }, "geometry": { "type": "Point", "coordinates": [ 4345216.951112960465252, 5635991.105499990284443 ] } },
{ "type": "Feature", "properties": { "ID": 159145, "Address": "Командорская улица, 9/1", "Square": "45", "Rating": 4.991, "lat": 45.094434, "long": 39.032167, "index_right": 53.0, "id": 54.0, "geometry_y": "POLYGON ((39.016180331606606 45.09793141468047, 39.01960846434448 45.110379410660364, 39.03659594010208 45.11450733494993, 39.050155283121796 45.10618876513712, 39.04672715038391 45.093739855321296, 39.029739674626306 45.08961042915329, 39.016180331606606 45.09793141468047))", "population": 26000.0, "Pedestrian traffic": 15000.0, "car traffic": 13000.0, "poi_count": 12 }, "geometry": { "type": "Point", "coordinates": [ 4345040.954998016357422, 5636400.458525510504842 ] } },
{ "type": "Feature", "properties": { "ID": 162237, "Address": "Командорская улица, 3к2", "Square": "40", "Rating": 4.874, "lat": 45.090629, "long": 39.032554, "index_right": 53.0, "id": 54.0, "geometry_y": "POLYGON ((39.016180331606606 45.09793141468047, 39.01960846434448 45.110379410660364, 39.03659594010208 45.11450733494993, 39.050155283121796 45.10618876513712, 39.04672715038391 45.093739855321296, 39.029739674626306 45.08961042915329, 39.016180331606606 45.09793141468047))", "population": 26000.0, "Pedestrian traffic": 15000.0, "car traffic": 13000.0, "poi_count": 40 }, "geometry": { "type": "Point", "coordinates": [ 4345084.035640953108668, 5635800.469397637061775 ] } },
{ "type": "Feature", "properties": { "ID": 50013422, "Address": "Командорская улица, 1к1", "Square": "45", "Rating": 4.999, "lat": 45.089509, "long": 39.032042, "index_right": 52.0, "id": 53.0, "geometry_y": "POLYGON ((39.02631154188843 45.07715790482462, 39.029739674626306 45.08961042915329, 39.04672715038391 45.0937398553213, 39.060286493403616 45.08541825904183, 39.056858360665736 45.072964820875086, 39.03987088490814 45.06883389282514, 39.02631154188843 45.07715790482462))", "population": 45000.0, "Pedestrian traffic": 25000.0, "car traffic": 14000.0, "poi_count": 34 }, "geometry": { "type": "Point", "coordinates": [ 4345027.040061666630208, 5635623.870488272048533 ] } },
{ "type": "Feature", "properties": { "ID": 50013422, "Address": "Командорская улица, 1/3", "Square": "45", "Rating": 4.999, "lat": 45.089515, "long": 39.033811, "index_right": 52.0, "id": 53.0, "geometry_y": "POLYGON ((39.02631154188843 45.07715790482462, 39.029739674626306 45.08961042915329, 39.04672715038391 45.0937398553213, 39.060286493403616 45.08541825904183, 39.056858360665736 45.072964820875086, 39.03987088490814 45.06883389282514, 39.02631154188843 45.07715790482462))", "population": 45000.0, "Pedestrian traffic": 25000.0, "car traffic": 14000.0, "poi_count": 43 }, "geometry": { "type": "Point", "coordinates": [ 4345223.964240880683064, 5635624.816544632427394 ] } },
{ "type": "Feature", "properties": { "ID": 50034737, "Address": "Штурвальная улица, 8", "Square": "69.7", "Rating": 5.0, "lat": 45.090953, "long": 39.025547, "index_right": 44.0, "id": 45.0, "geometry_y": "POLYGON ((38.995764723111115 45.08135068110613, 38.999192855849 45.09380229159716, 39.016180331606606 45.097931414680474, 39.029739674626306 45.08961042915329, 39.02631154188843 45.07715790482462, 39.00932406613083 45.073027279859986, 38.995764723111115 45.08135068110613))", "population": 46000.0, "Pedestrian traffic": 46000.0, "car traffic": 29000.0, "poi_count": 3 }, "geometry": { "type": "Point", "coordinates": [ 4344304.019968965090811, 5635851.557585079222918 ] } },
{ "type": "Feature", "properties": { "ID": 311410, "Address": "жилой комплекс Хорошая Погода", "Square": "50.8", "Rating": 4.993, "lat": 45.08984, "long": 39.023517, "index_right": 44.0, "id": 45.0, "geometry_y": "POLYGON ((38.995764723111115 45.08135068110613, 38.999192855849 45.09380229159716, 39.016180331606606 45.097931414680474, 39.029739674626306 45.08961042915329, 39.02631154188843 45.07715790482462, 39.00932406613083 45.073027279859986, 38.995764723111115 45.08135068110613))", "population": 46000.0, "Pedestrian traffic": 46000.0, "car traffic": 29000.0, "poi_count": 15 }, "geometry": { "type": "Point", "coordinates": [ 4344078.041402654722333, 5635676.061412611044943 ] } },
{ "type": "Feature", "properties": { "ID": 316508, "Address": "улица 1 Мая, 484", "Square": "64", "Rating": 5.0, "lat": 45.09229, "long": 39.019789, "index_right": 44.0, "id": 45.0, "geometry_y": "POLYGON ((38.995764723111115 45.08135068110613, 38.999192855849 45.09380229159716, 39.016180331606606 45.097931414680474, 39.029739674626306 45.08961042915329, 39.02631154188843 45.07715790482462, 39.00932406613083 45.073027279859986, 38.995764723111115 45.08135068110613))", "population": 46000.0, "Pedestrian traffic": 46000.0, "car traffic": 29000.0, "poi_count": 10 }, "geometry": { "type": "Point", "coordinates": [ 4343663.042340977117419, 5636062.378263648599386 ] } },
{ "type": "Feature", "properties": { "ID": 209125, "Address": "2-я Ямальская улица, 3с2", "Square": "50", "Rating": 4.9, "lat": 45.09542, "long": 39.021837, "index_right": 53.0, "id": 54.0, "geometry_y": "POLYGON ((39.016180331606606 45.09793141468047, 39.01960846434448 45.110379410660364, 39.03659594010208 45.11450733494993, 39.050155283121796 45.10618876513712, 39.04672715038391 45.093739855321296, 39.029739674626306 45.08961042915329, 39.016180331606606 45.09793141468047))", "population": 26000.0, "Pedestrian traffic": 15000.0, "car traffic": 13000.0, "poi_count": 18 }, "geometry": { "type": "Point", "coordinates": [ 4343891.024658121168613, 5636555.941861994564533 ] } },
{ "type": "Feature", "properties": { "ID": 307131, "Address": "улица Крашенинникова, 41", "Square": "50.2", "Rating": 5.0, "lat": 45.095573, "long": 39.020139, "index_right": 53.0, "id": 54.0, "geometry_y": "POLYGON ((39.016180331606606 45.09793141468047, 39.01960846434448 45.110379410660364, 39.03659594010208 45.11450733494993, 39.050155283121796 45.10618876513712, 39.04672715038391 45.093739855321296, 39.029739674626306 45.08961042915329, 39.016180331606606 45.09793141468047))", "population": 26000.0, "Pedestrian traffic": 15000.0, "car traffic": 13000.0, "poi_count": 26 }, "geometry": { "type": "Point", "coordinates": [ 4343702.004162754863501, 5636580.068827232345939 ] } },
{ "type": "Feature", "properties": { "ID": 112685, "Address": "Топольковый переулок, 13", "Square": "80.5", "Rating": 4.9, "lat": 45.095032, "long": 39.017336, "index_right": 44.0, "id": 45.0, "geometry_y": "POLYGON ((38.995764723111115 45.08135068110613, 38.999192855849 45.09380229159716, 39.016180331606606 45.097931414680474, 39.029739674626306 45.08961042915329, 39.02631154188843 45.07715790482462, 39.00932406613083 45.073027279859986, 38.995764723111115 45.08135068110613))", "population": 46000.0, "Pedestrian traffic": 46000.0, "car traffic": 29000.0, "poi_count": 34 }, "geometry": { "type": "Point", "coordinates": [ 4343389.97563006170094, 5636494.757429518736899 ] } },
{ "type": "Feature", "properties": { "ID": 5428, "Address": "Гаражный переулок, 9", "Square": "96", "Rating": 4.995, "lat": 45.085493, "long": 39.019133, "index_right": 44.0, "id": 45.0, "geometry_y": "POLYGON ((38.995764723111115 45.08135068110613, 38.999192855849 45.09380229159716, 39.016180331606606 45.097931414680474, 39.029739674626306 45.08961042915329, 39.02631154188843 45.07715790482462, 39.00932406613083 45.073027279859986, 38.995764723111115 45.08135068110613))", "population": 46000.0, "Pedestrian traffic": 46000.0, "car traffic": 29000.0, "poi_count": 31 }, "geometry": { "type": "Point", "coordinates": [ 4343590.016755016520619, 5634990.665724772028625 ] } },
{ "type": "Feature", "properties": { "ID": 315660, "Address": "2-я Российская улица, 162", "Square": "56", "Rating": 4.932, "lat": 45.082744, "long": 39.016366, "index_right": 44.0, "id": 45.0, "geometry_y": "POLYGON ((38.995764723111115 45.08135068110613, 38.999192855849 45.09380229159716, 39.016180331606606 45.097931414680474, 39.029739674626306 45.08961042915329, 39.02631154188843 45.07715790482462, 39.00932406613083 45.073027279859986, 38.995764723111115 45.08135068110613))", "population": 46000.0, "Pedestrian traffic": 46000.0, "car traffic": 29000.0, "poi_count": 51 }, "geometry": { "type": "Point", "coordinates": [ 4343281.995723991654813, 5634557.255160352215171 ] } },
{ "type": "Feature", "properties": { "ID": 157910, "Address": "Российская улица, 257Б", "Square": "60", "Rating": 4.998, "lat": 45.087269, "long": 39.013959, "index_right": 44.0, "id": 45.0, "geometry_y": "POLYGON ((38.995764723111115 45.08135068110613, 38.999192855849 45.09380229159716, 39.016180331606606 45.097931414680474, 39.029739674626306 45.08961042915329, 39.02631154188843 45.07715790482462, 39.00932406613083 45.073027279859986, 38.995764723111115 45.08135068110613))", "population": 46000.0, "Pedestrian traffic": 46000.0, "car traffic": 29000.0, "poi_count": 192 }, "geometry": { "type": "Point", "coordinates": [ 4343014.049709652550519, 5635270.683057950809598 ] } },
{ "type": "Feature", "properties": { "ID": 212274, "Address": "Аксайская улица, 40/3", "Square": "75", "Rating": 4.94, "lat": 45.080644, "long": 39.014021, "index_right": 44.0, "id": 45.0, "geometry_y": "POLYGON ((38.995764723111115 45.08135068110613, 38.999192855849 45.09380229159716, 39.016180331606606 45.097931414680474, 39.029739674626306 45.08961042915329, 39.02631154188843 45.07715790482462, 39.00932406613083 45.073027279859986, 38.995764723111115 45.08135068110613))", "population": 46000.0, "Pedestrian traffic": 46000.0, "car traffic": 29000.0, "poi_count": 32 }, "geometry": { "type": "Point", "coordinates": [ 4343020.95151808205992, 5634226.180747694335878 ] } },
{ "type": "Feature", "properties": { "ID": 50005499, "Address": "Ангарская улица, 34", "Square": "54", "Rating": 4.932, "lat": 45.081567, "long": 39.01121, "index_right": 44.0, "id": 45.0, "geometry_y": "POLYGON ((38.995764723111115 45.08135068110613, 38.999192855849 45.09380229159716, 39.016180331606606 45.097931414680474, 39.029739674626306 45.08961042915329, 39.02631154188843 45.07715790482462, 39.00932406613083 45.073027279859986, 38.995764723111115 45.08135068110613))", "population": 46000.0, "Pedestrian traffic": 46000.0, "car traffic": 29000.0, "poi_count": 50 }, "geometry": { "type": "Point", "coordinates": [ 4342708.032429461367428, 5634371.694335892796516 ] } },
{ "type": "Feature", "properties": { "ID": 156711, "Address": "улица имени Ф.И. Шаляпина, 31В", "Square": "38.3", "Rating": 4.985, "lat": 45.084736, "long": 39.011434, "index_right": 44.0, "id": 45.0, "geometry_y": "POLYGON ((38.995764723111115 45.08135068110613, 38.999192855849 45.09380229159716, 39.016180331606606 45.097931414680474, 39.029739674626306 45.08961042915329, 39.02631154188843 45.07715790482462, 39.00932406613083 45.073027279859986, 38.995764723111115 45.08135068110613))", "population": 46000.0, "Pedestrian traffic": 46000.0, "car traffic": 29000.0, "poi_count": 224 }, "geometry": { "type": "Point", "coordinates": [ 4342732.967995399609208, 5634871.314136021770537 ] } },
{ "type": "Feature", "properties": { "ID": 141401, "Address": "улица имени С.В. Рахманинова, 30", "Square": "60.1", "Rating": 4.996, "lat": 45.086263, "long": 39.00979, "index_right": 44.0, "id": 45.0, "geometry_y": "POLYGON ((38.995764723111115 45.08135068110613, 38.999192855849 45.09380229159716, 39.016180331606606 45.097931414680474, 39.029739674626306 45.08961042915329, 39.02631154188843 45.07715790482462, 39.00932406613083 45.073027279859986, 38.995764723111115 45.08135068110613))", "population": 46000.0, "Pedestrian traffic": 46000.0, "car traffic": 29000.0, "poi_count": 250 }, "geometry": { "type": "Point", "coordinates": [ 4342549.958752535283566, 5635112.068567094393075 ] } },
{ "type": "Feature", "properties": { "ID": 50010084, "Address": "улица имени Сергея Есенина, 84", "Square": "55", "Rating": 4.998, "lat": 45.08613, "long": 39.00776, "index_right": 44.0, "id": 45.0, "geometry_y": "POLYGON ((38.995764723111115 45.08135068110613, 38.999192855849 45.09380229159716, 39.016180331606606 45.097931414680474, 39.029739674626306 45.08961042915329, 39.02631154188843 45.07715790482462, 39.00932406613083 45.073027279859986, 38.995764723111115 45.08135068110613))", "population": 46000.0, "Pedestrian traffic": 46000.0, "car traffic": 29000.0, "poi_count": 199 }, "geometry": { "type": "Point", "coordinates": [ 4342323.980186224915087, 5635091.098868321627378 ] } },
{ "type": "Feature", "properties": { "ID": 306743, "Address": "Гомельская улица, 7", "Square": "62", "Rating": 4.999, "lat": 45.086664, "long": 39.005838, "index_right": 44.0, "id": 45.0, "geometry_y": "POLYGON ((38.995764723111115 45.08135068110613, 38.999192855849 45.09380229159716, 39.016180331606606 45.097931414680474, 39.029739674626306 45.08961042915329, 39.02631154188843 45.07715790482462, 39.00932406613083 45.073027279859986, 38.995764723111115 45.08135068110613))", "population": 46000.0, "Pedestrian traffic": 46000.0, "car traffic": 29000.0, "poi_count": 178 }, "geometry": { "type": "Point", "coordinates": [ 4342110.024124920368195, 5635175.293292748741806 ] } },
{ "type": "Feature", "properties": { "ID": 110623, "Address": "Московская улица, 118к1", "Square": "78", "Rating": 4.97, "lat": 45.078168, "long": 39.00308, "index_right": 44.0, "id": 45.0, "geometry_y": "POLYGON ((38.995764723111115 45.08135068110613, 38.999192855849 45.09380229159716, 39.016180331606606 45.097931414680474, 39.029739674626306 45.08961042915329, 39.02631154188843 45.07715790482462, 39.00932406613083 45.073027279859986, 38.995764723111115 45.08135068110613))", "population": 46000.0, "Pedestrian traffic": 46000.0, "car traffic": 29000.0, "poi_count": 110 }, "geometry": { "type": "Point", "coordinates": [ 4341803.004969312809408, 5633835.843881270848215 ] } },
{ "type": "Feature", "properties": { "ID": 323098, "Address": "Московская улица, 112", "Square": "61", "Rating": 4.982, "lat": 45.077742, "long": 39.002406, "index_right": 44.0, "id": 45.0, "geometry_y": "POLYGON ((38.995764723111115 45.08135068110613, 38.999192855849 45.09380229159716, 39.016180331606606 45.097931414680474, 39.029739674626306 45.08961042915329, 39.02631154188843 45.07715790482462, 39.00932406613083 45.073027279859986, 38.995764723111115 45.08135068110613))", "population": 46000.0, "Pedestrian traffic": 46000.0, "car traffic": 29000.0, "poi_count": 110 }, "geometry": { "type": "Point", "coordinates": [ 4341727.975632517598569, 5633768.687466713599861 ] } },
{ "type": "Feature", "properties": { "ID": 323036, "Address": "Жигулёвская улица, 8", "Square": "59", "Rating": 4.934, "lat": 45.079549, "long": 39.001939, "index_right": 44.0, "id": 45.0, "geometry_y": "POLYGON ((38.995764723111115 45.08135068110613, 38.999192855849 45.09380229159716, 39.016180331606606 45.097931414680474, 39.029739674626306 45.08961042915329, 39.02631154188843 45.07715790482462, 39.00932406613083 45.073027279859986, 38.995764723111115 45.08135068110613))", "population": 46000.0, "Pedestrian traffic": 46000.0, "car traffic": 29000.0, "poi_count": 130 }, "geometry": { "type": "Point", "coordinates": [ 4341675.989430317655206, 5634053.553916482254863 ] } },
{ "type": "Feature", "properties": { "ID": 50010060, "Address": "Ангарская улица, 1/5", "Square": "40", "Rating": 4.896, "lat": 45.081853, "long": 39.002891, "index_right": 44.0, "id": 45.0, "geometry_y": "POLYGON ((38.995764723111115 45.08135068110613, 38.999192855849 45.09380229159716, 39.016180331606606 45.097931414680474, 39.029739674626306 45.08961042915329, 39.02631154188843 45.07715790482462, 39.00932406613083 45.073027279859986, 38.995764723111115 45.08135068110613))", "population": 46000.0, "Pedestrian traffic": 46000.0, "car traffic": 29000.0, "poi_count": 126 }, "geometry": { "type": "Point", "coordinates": [ 4341781.965585552155972, 5634416.7835304280743 ] } },
{ "type": "Feature", "properties": { "ID": 50006771, "Address": "Суздальская улица, 9", "Square": "50", "Rating": 4.911, "lat": 45.083667, "long": 39.002074, "index_right": 44.0, "id": 45.0, "geometry_y": "POLYGON ((38.995764723111115 45.08135068110613, 38.999192855849 45.09380229159716, 39.016180331606606 45.097931414680474, 39.029739674626306 45.08961042915329, 39.02631154188843 45.07715790482462, 39.00932406613083 45.073027279859986, 38.995764723111115 45.08135068110613))", "population": 46000.0, "Pedestrian traffic": 46000.0, "car traffic": 29000.0, "poi_count": 150 }, "geometry": { "type": "Point", "coordinates": [ 4341691.017561574466527, 5634702.774097317829728 ] } },
{ "type": "Feature", "properties": { "ID": 155932, "Address": "Суздальская улица, 11", "Square": "122.6", "Rating": 4.996, "lat": 45.084017, "long": 39.002218, "index_right": 44.0, "id": 45.0, "geometry_y": "POLYGON ((38.995764723111115 45.08135068110613, 38.999192855849 45.09380229159716, 39.016180331606606 45.097931414680474, 39.029739674626306 45.08961042915329, 39.02631154188843 45.07715790482462, 39.00932406613083 45.073027279859986, 38.995764723111115 45.08135068110613))", "population": 46000.0, "Pedestrian traffic": 46000.0, "car traffic": 29000.0, "poi_count": 157 }, "geometry": { "type": "Point", "coordinates": [ 4341707.047568248584867, 5634757.955240755341947 ] } },
{ "type": "Feature", "properties": { "ID": 142568, "Address": "Московская улица, 144к2", "Square": "38.5", "Rating": 4.999, "lat": 45.088338, "long": 39.003349, "index_right": 44.0, "id": 45.0, "geometry_y": "POLYGON ((38.995764723111115 45.08135068110613, 38.999192855849 45.09380229159716, 39.016180331606606 45.097931414680474, 39.029739674626306 45.08961042915329, 39.02631154188843 45.07715790482462, 39.00932406613083 45.073027279859986, 38.995764723111115 45.08135068110613))", "population": 46000.0, "Pedestrian traffic": 46000.0, "car traffic": 29000.0, "poi_count": 135 }, "geometry": { "type": "Point", "coordinates": [ 4341832.949912335723639, 5635439.233724412508309 ] } },
{ "type": "Feature", "properties": { "ID": 308100, "Address": "улица имени С.С. Прокофьева, 3А", "Square": "70.4", "Rating": 5.0, "lat": 45.088173, "long": 39.00476, "index_right": 44.0, "id": 45.0, "geometry_y": "POLYGON ((38.995764723111115 45.08135068110613, 38.999192855849 45.09380229159716, 39.016180331606606 45.097931414680474, 39.029739674626306 45.08961042915329, 39.02631154188843 45.07715790482462, 39.00932406613083 45.073027279859986, 38.995764723111115 45.08135068110613))", "population": 46000.0, "Pedestrian traffic": 46000.0, "car traffic": 29000.0, "poi_count": 158 }, "geometry": { "type": "Point", "coordinates": [ 4341990.021713844500482, 5635413.217746827751398 ] } },
{ "type": "Feature", "properties": { "ID": 312473, "Address": "улица имени Сергея Есенина, 98/1", "Square": "55", "Rating": 4.99, "lat": 45.088542, "long": 39.009584, "index_right": 44.0, "id": 45.0, "geometry_y": "POLYGON ((38.995764723111115 45.08135068110613, 38.999192855849 45.09380229159716, 39.016180331606606 45.097931414680474, 39.029739674626306 45.08961042915329, 39.02631154188843 45.07715790482462, 39.00932406613083 45.073027279859986, 38.995764723111115 45.08135068110613))", "population": 46000.0, "Pedestrian traffic": 46000.0, "car traffic": 29000.0, "poi_count": 171 }, "geometry": { "type": "Point", "coordinates": [ 4342527.026937431655824, 5635471.399036958813667 ] } },
{ "type": "Feature", "properties": { "ID": 157770, "Address": "улица имени Дунаевского И.И., 22А", "Square": "70", "Rating": 4.988, "lat": 45.089019, "long": 39.009898, "index_right": 44.0, "id": 45.0, "geometry_y": "POLYGON ((38.995764723111115 45.08135068110613, 38.999192855849 45.09380229159716, 39.016180331606606 45.097931414680474, 39.029739674626306 45.08961042915329, 39.02631154188843 45.07715790482462, 39.00932406613083 45.073027279859986, 38.995764723111115 45.08135068110613))", "population": 46000.0, "Pedestrian traffic": 46000.0, "car traffic": 29000.0, "poi_count": 148 }, "geometry": { "type": "Point", "coordinates": [ 4342561.981257541105151, 5635546.609554348513484 ] } },
{ "type": "Feature", "properties": { "ID": 142912, "Address": "улица имени Сергея Есенина, 108/2", "Square": "46", "Rating": 4.977, "lat": 45.089293, "long": 39.007643, "index_right": 44.0, "id": 45.0, "geometry_y": "POLYGON ((38.995764723111115 45.08135068110613, 38.999192855849 45.09380229159716, 39.016180331606606 45.097931414680474, 39.029739674626306 45.08961042915329, 39.02631154188843 45.07715790482462, 39.00932406613083 45.073027279859986, 38.995764723111115 45.08135068110613))", "population": 46000.0, "Pedestrian traffic": 46000.0, "car traffic": 29000.0, "poi_count": 108 }, "geometry": { "type": "Point", "coordinates": [ 4342310.955805802717805, 5635589.812525507062674 ] } },
{ "type": "Feature", "properties": { "ID": 310094, "Address": "улица имени Мусоргского М.П., 1", "Square": "77", "Rating": 4.961, "lat": 45.090113, "long": 39.00493, "index_right": 44.0, "id": 45.0, "geometry_y": "POLYGON ((38.995764723111115 45.08135068110613, 38.999192855849 45.09380229159716, 39.016180331606606 45.097931414680474, 39.029739674626306 45.08961042915329, 39.02631154188843 45.07715790482462, 39.00932406613083 45.073027279859986, 38.995764723111115 45.08135068110613))", "population": 46000.0, "Pedestrian traffic": 46000.0, "car traffic": 29000.0, "poi_count": 74 }, "geometry": { "type": "Point", "coordinates": [ 4342008.946027279831469, 5635719.107327052392066 ] } },
{ "type": "Feature", "properties": { "ID": 206097, "Address": "улица имени Сергея Есенина, 149", "Square": "54", "Rating": 4.998, "lat": 45.091157, "long": 39.004769, "index_right": 44.0, "id": 45.0, "geometry_y": "POLYGON ((38.995764723111115 45.08135068110613, 38.999192855849 45.09380229159716, 39.016180331606606 45.097931414680474, 39.029739674626306 45.08961042915329, 39.02631154188843 45.07715790482462, 39.00932406613083 45.073027279859986, 38.995764723111115 45.08135068110613))", "population": 46000.0, "Pedestrian traffic": 46000.0, "car traffic": 29000.0, "poi_count": 80 }, "geometry": { "type": "Point", "coordinates": [ 4341991.023589262738824, 5635883.724370302632451 ] } },
{ "type": "Feature", "properties": { "ID": 137176, "Address": "улица имени Сергея Есенина, 110/1", "Square": "54", "Rating": 4.994, "lat": 45.090826, "long": 39.007976, "index_right": 44.0, "id": 45.0, "geometry_y": "POLYGON ((38.995764723111115 45.08135068110613, 38.999192855849 45.09380229159716, 39.016180331606606 45.097931414680474, 39.029739674626306 45.08961042915329, 39.02631154188843 45.07715790482462, 39.00932406613083 45.073027279859986, 38.995764723111115 45.08135068110613))", "population": 46000.0, "Pedestrian traffic": 46000.0, "car traffic": 29000.0, "poi_count": 63 }, "geometry": { "type": "Point", "coordinates": [ 4342348.025196236558259, 5635831.532242503017187 ] } },
{ "type": "Feature", "properties": { "ID": 321194, "Address": "Российская улица, 267Б", "Square": "78", "Rating": 4.939, "lat": 45.091723, "long": 39.012117, "index_right": 44.0, "id": 45.0, "geometry_y": "POLYGON ((38.995764723111115 45.08135068110613, 38.999192855849 45.09380229159716, 39.016180331606606 45.097931414680474, 39.029739674626306 45.08961042915329, 39.02631154188843 45.07715790482462, 39.00932406613083 45.073027279859986, 38.995764723111115 45.08135068110613))", "population": 46000.0, "Pedestrian traffic": 46000.0, "car traffic": 29000.0, "poi_count": 83 }, "geometry": { "type": "Point", "coordinates": [ 4342808.999207611195743, 5635972.972032876685262 ] } },
{ "type": "Feature", "properties": { "ID": 151691, "Address": "Российская улица, 267/3к3", "Square": "49.9", "Rating": 4.978, "lat": 45.092321, "long": 39.009853, "index_right": 44.0, "id": 45.0, "geometry_y": "POLYGON ((38.995764723111115 45.08135068110613, 38.999192855849 45.09380229159716, 39.016180331606606 45.097931414680474, 39.029739674626306 45.08961042915329, 39.02631154188843 45.07715790482462, 39.00932406613083 45.073027279859986, 38.995764723111115 45.08135068110613))", "population": 46000.0, "Pedestrian traffic": 46000.0, "car traffic": 29000.0, "poi_count": 77 }, "geometry": { "type": "Point", "coordinates": [ 4342556.971880455501378, 5636067.266460587270558 ] } },
{ "type": "Feature", "properties": { "ID": 150701, "Address": "Российская улица, 267/6А", "Square": "71", "Rating": 4.987, "lat": 45.092061, "long": 39.007895, "index_right": 44.0, "id": 45.0, "geometry_y": "POLYGON ((38.995764723111115 45.08135068110613, 38.999192855849 45.09380229159716, 39.016180331606606 45.097931414680474, 39.029739674626306 45.08961042915329, 39.02631154188843 45.07715790482462, 39.00932406613083 45.073027279859986, 38.995764723111115 45.08135068110613))", "population": 46000.0, "Pedestrian traffic": 46000.0, "car traffic": 29000.0, "poi_count": 67 }, "geometry": { "type": "Point", "coordinates": [ 4342339.008317481726408, 5636026.268762006424367 ] } },
{ "type": "Feature", "properties": { "ID": 111059, "Address": "улица Петра Метальникова, 5к3", "Square": "85", "Rating": 4.994, "lat": 45.093492, "long": 39.009539, "index_right": 44.0, "id": 45.0, "geometry_y": "POLYGON ((38.995764723111115 45.08135068110613, 38.999192855849 45.09380229159716, 39.016180331606606 45.097931414680474, 39.029739674626306 45.08961042915329, 39.02631154188843 45.07715790482462, 39.00932406613083 45.073027279859986, 38.995764723111115 45.08135068110613))", "population": 46000.0, "Pedestrian traffic": 46000.0, "car traffic": 29000.0, "poi_count": 64 }, "geometry": { "type": "Point", "coordinates": [ 4342522.017560346052051, 5636251.916100990027189 ] } },
{ "type": "Feature", "properties": { "ID": 164697, "Address": "улица Петра Метальникова, 5к1", "Square": "40", "Rating": 4.966, "lat": 45.093429, "long": 39.008146, "index_right": 44.0, "id": 45.0, "geometry_y": "POLYGON ((38.995764723111115 45.08135068110613, 38.999192855849 45.09380229159716, 39.016180331606606 45.097931414680474, 39.029739674626306 45.08961042915329, 39.02631154188843 45.07715790482462, 39.00932406613083 45.073027279859986, 38.995764723111115 45.08135068110613))", "population": 46000.0, "Pedestrian traffic": 46000.0, "car traffic": 29000.0, "poi_count": 58 }, "geometry": { "type": "Point", "coordinates": [ 4342366.949509671889246, 5636241.981822432950139 ] } },
{ "type": "Feature", "properties": { "ID": 310657, "Address": "улица Евгении Жигуленко, 4", "Square": "73", "Rating": 5.0, "lat": 45.093327, "long": 39.007266, "index_right": 44.0, "id": 45.0, "geometry_y": "POLYGON ((38.995764723111115 45.08135068110613, 38.999192855849 45.09380229159716, 39.016180331606606 45.097931414680474, 39.029739674626306 45.08961042915329, 39.02631154188843 45.07715790482462, 39.00932406613083 45.073027279859986, 38.995764723111115 45.08135068110613))", "population": 46000.0, "Pedestrian traffic": 46000.0, "car traffic": 29000.0, "poi_count": 67 }, "geometry": { "type": "Point", "coordinates": [ 4342268.988357773050666, 5636225.897775619290769 ] } },
{ "type": "Feature", "properties": { "ID": 144560, "Address": "улица Петра Метальникова, 3/1к1", "Square": "35", "Rating": 4.814, "lat": 45.093524, "long": 39.00423, "index_right": 44.0, "id": 45.0, "geometry_y": "POLYGON ((38.995764723111115 45.08135068110613, 38.999192855849 45.09380229159716, 39.016180331606606 45.097931414680474, 39.029739674626306 45.08961042915329, 39.02631154188843 45.07715790482462, 39.00932406613083 45.073027279859986, 38.995764723111115 45.08135068110613))", "population": 46000.0, "Pedestrian traffic": 46000.0, "car traffic": 29000.0, "poi_count": 72 }, "geometry": { "type": "Point", "coordinates": [ 4341931.022383724339306, 5636256.962087947875261 ] } },
{ "type": "Feature", "properties": { "ID": 113174, "Address": "Московская улица, 129", "Square": "94.6", "Rating": 4.985, "lat": 45.093359, "long": 39.000475, "index_right": 44.0, "id": 45.0, "geometry_y": "POLYGON ((38.995764723111115 45.08135068110613, 38.999192855849 45.09380229159716, 39.016180331606606 45.097931414680474, 39.029739674626306 45.08961042915329, 39.02631154188843 45.07715790482462, 39.00932406613083 45.073027279859986, 38.995764723111115 45.08135068110613))", "population": 46000.0, "Pedestrian traffic": 46000.0, "car traffic": 29000.0, "poi_count": 55 }, "geometry": { "type": "Point", "coordinates": [ 4341513.017695795744658, 5636230.943747997283936 ] } },
{ "type": "Feature", "properties": { "ID": 210282, "Address": "Московская улица, 133к3", "Square": "50", "Rating": 4.994, "lat": 45.094943, "long": 39.000205, "index_right": 45.0, "id": 46.0, "geometry_y": "POLYGON ((38.985633512829295 45.102122666372345, 38.989061645567176 45.11456974851678, 39.00604912132477 45.118697369722454, 39.01960846434448 45.110379410660364, 39.016180331606606 45.09793141468047, 38.999192855849 45.09380229159715, 38.985633512829295 45.102122666372345))", "population": 38000.0, "Pedestrian traffic": 37000.0, "car traffic": 38000.0, "poi_count": 58 }, "geometry": { "type": "Point", "coordinates": [ 4341482.961433282122016, 5636480.722914704121649 ] } },
{ "type": "Feature", "properties": { "ID": 214434, "Address": "Тополиная улица, 46к1", "Square": "60.8", "Rating": 4.968, "lat": 45.09521, "long": 38.998436, "index_right": 45.0, "id": 46.0, "geometry_y": "POLYGON ((38.985633512829295 45.102122666372345, 38.989061645567176 45.11456974851678, 39.00604912132477 45.118697369722454, 39.01960846434448 45.110379410660364, 39.016180331606606 45.09793141468047, 38.999192855849 45.09380229159715, 38.985633512829295 45.102122666372345))", "population": 38000.0, "Pedestrian traffic": 37000.0, "car traffic": 38000.0, "poi_count": 29 }, "geometry": { "type": "Point", "coordinates": [ 4341286.03725406806916, 5636522.826524765230715 ] } },
{ "type": "Feature", "properties": { "ID": 50017063, "Address": "улица Петра Метальникова, 26", "Square": "65", "Rating": 4.976, "lat": 45.095223, "long": 39.00644, "index_right": 44.0, "id": 45.0, "geometry_y": "POLYGON ((38.995764723111115 45.08135068110613, 38.999192855849 45.09380229159716, 39.016180331606606 45.097931414680474, 39.029739674626306 45.08961042915329, 39.02631154188843 45.07715790482462, 39.00932406613083 45.073027279859986, 38.995764723111115 45.08135068110613))", "population": 46000.0, "Pedestrian traffic": 46000.0, "car traffic": 29000.0, "poi_count": 62 }, "geometry": { "type": "Point", "coordinates": [ 4342177.038458378054202, 5636524.876518296077847 ] } },
{ "type": "Feature", "properties": { "ID": 209718, "Address": "улица Евгении Жигуленко, 5к2", "Square": "86", "Rating": 4.971, "lat": 45.096432, "long": 39.005425, "index_right": 45.0, "id": 46.0, "geometry_y": "POLYGON ((38.985633512829295 45.102122666372345, 38.989061645567176 45.11456974851678, 39.00604912132477 45.118697369722454, 39.01960846434448 45.110379410660364, 39.016180331606606 45.09793141468047, 38.999192855849 45.09380229159715, 38.985633512829295 45.102122666372345))", "population": 38000.0, "Pedestrian traffic": 37000.0, "car traffic": 38000.0, "poi_count": 71 }, "geometry": { "type": "Point", "coordinates": [ 4342064.049175223335624, 5636715.527956535108387 ] } },
{ "type": "Feature", "properties": { "ID": 342331, "Address": "улица Евгении Жигуленко, 9", "Square": "58.4", "Rating": 4.996, "lat": 45.097908, "long": 39.006098, "index_right": 45.0, "id": 46.0, "geometry_y": "POLYGON ((38.985633512829295 45.102122666372345, 38.989061645567176 45.11456974851678, 39.00604912132477 45.118697369722454, 39.01960846434448 45.110379410660364, 39.016180331606606 45.09793141468047, 38.999192855849 45.09380229159715, 38.985633512829295 45.102122666372345))", "population": 38000.0, "Pedestrian traffic": 37000.0, "car traffic": 38000.0, "poi_count": 51 }, "geometry": { "type": "Point", "coordinates": [ 4342138.967192526906729, 5636948.289030730724335 ] } },
{ "type": "Feature", "properties": { "ID": 209176, "Address": "улица Евгении Жигуленко, 11к1", "Square": "43", "Rating": 4.986, "lat": 45.097838, "long": 39.004733, "index_right": 45.0, "id": 46.0, "geometry_y": "POLYGON ((38.985633512829295 45.102122666372345, 38.989061645567176 45.11456974851678, 39.00604912132477 45.118697369722454, 39.01960846434448 45.110379410660364, 39.016180331606606 45.09793141468047, 38.999192855849 45.09380229159715, 38.985633512829295 45.102122666372345))", "population": 38000.0, "Pedestrian traffic": 37000.0, "car traffic": 38000.0, "poi_count": 63 }, "geometry": { "type": "Point", "coordinates": [ 4341987.01608759444207, 5636937.250090495683253 ] } },
{ "type": "Feature", "properties": { "ID": 50022075, "Address": "улица Цезаря Куникова, 35", "Square": "71", "Rating": 4.976, "lat": 45.097813, "long": 39.003853, "index_right": 45.0, "id": 46.0, "geometry_y": "POLYGON ((38.985633512829295 45.102122666372345, 38.989061645567176 45.11456974851678, 39.00604912132477 45.118697369722454, 39.01960846434448 45.110379410660364, 39.016180331606606 45.09793141468047, 38.999192855849 45.09380229159715, 38.985633512829295 45.102122666372345))", "population": 38000.0, "Pedestrian traffic": 37000.0, "car traffic": 38000.0, "poi_count": 71 }, "geometry": { "type": "Point", "coordinates": [ 4341889.05493569560349, 5636933.307615119963884 ] } },
{ "type": "Feature", "properties": { "ID": 306922, "Address": "улица Петра Метальникова, 38", "Square": "54", "Rating": 4.986, "lat": 45.097526, "long": 39.00211, "index_right": 45.0, "id": 46.0, "geometry_y": "POLYGON ((38.985633512829295 45.102122666372345, 38.989061645567176 45.11456974851678, 39.00604912132477 45.118697369722454, 39.01960846434448 45.110379410660364, 39.016180331606606 45.09793141468047, 38.999192855849 45.09380229159715, 38.985633512829295 45.102122666372345))", "population": 38000.0, "Pedestrian traffic": 37000.0, "car traffic": 38000.0, "poi_count": 64 }, "geometry": { "type": "Point", "coordinates": [ 4341695.025063242763281, 5636888.048121450468898 ] } },
{ "type": "Feature", "properties": { "ID": 164179, "Address": "улица Евгении Жигуленко, 13", "Square": "160", "Rating": 4.944, "lat": 45.099499, "long": 39.005982, "index_right": 45.0, "id": 46.0, "geometry_y": "POLYGON ((38.985633512829295 45.102122666372345, 38.989061645567176 45.11456974851678, 39.00604912132477 45.118697369722454, 39.01960846434448 45.110379410660364, 39.016180331606606 45.09793141468047, 38.999192855849 45.09380229159715, 38.985633512829295 45.102122666372345))", "population": 38000.0, "Pedestrian traffic": 37000.0, "car traffic": 38000.0, "poi_count": 46 }, "geometry": { "type": "Point", "coordinates": [ 4342126.054131595417857, 5637199.192021708004177 ] } },
{ "type": "Feature", "properties": { "ID": 302095, "Address": "улица Цезаря Куникова, 24к3", "Square": "58", "Rating": 4.992, "lat": 45.09939, "long": 39.002828, "index_right": 45.0, "id": 46.0, "geometry_y": "POLYGON ((38.985633512829295 45.102122666372345, 38.989061645567176 45.11456974851678, 39.00604912132477 45.118697369722454, 39.01960846434448 45.110379410660364, 39.016180331606606 45.09793141468047, 38.999192855849 45.09380229159715, 38.985633512829295 45.102122666372345))", "population": 38000.0, "Pedestrian traffic": 37000.0, "car traffic": 38000.0, "poi_count": 63 }, "geometry": { "type": "Point", "coordinates": [ 4341774.952457632869482, 5637182.00234167277813 ] } },
{ "type": "Feature", "properties": { "ID": 121352, "Address": "улица Цезаря Куникова, 24к1", "Square": "134", "Rating": 4.998, "lat": 45.099308, "long": 39.001409, "index_right": 45.0, "id": 46.0, "geometry_y": "POLYGON ((38.985633512829295 45.102122666372345, 38.989061645567176 45.11456974851678, 39.00604912132477 45.118697369722454, 39.01960846434448 45.110379410660364, 39.016180331606606 45.09793141468047, 38.999192855849 45.09380229159715, 38.985633512829295 45.102122666372345))", "population": 38000.0, "Pedestrian traffic": 37000.0, "car traffic": 38000.0, "poi_count": 41 }, "geometry": { "type": "Point", "coordinates": [ 4341616.99010019749403, 5637169.070677403360605 ] } },
{ "type": "Feature", "properties": { "ID": 151875, "Address": "улица Евгении Жигуленко, 25к3", "Square": "41", "Rating": 4.975, "lat": 45.100612, "long": 39.003583, "index_right": 45.0, "id": 46.0, "geometry_y": "POLYGON ((38.985633512829295 45.102122666372345, 38.989061645567176 45.11456974851678, 39.00604912132477 45.118697369722454, 39.01960846434448 45.110379410660364, 39.016180331606606 45.09793141468047, 38.999192855849 45.09380229159715, 38.985633512829295 45.102122666372345))", "population": 38000.0, "Pedestrian traffic": 37000.0, "car traffic": 38000.0, "poi_count": 47 }, "geometry": { "type": "Point", "coordinates": [ 4341858.998673181049526, 5637374.717880575917661 ] } },
{ "type": "Feature", "properties": { "ID": 50022339, "Address": "улица Евгении Жигуленко, 25к1", "Square": "40", "Rating": 4.998, "lat": 45.100567, "long": 39.002236, "index_right": 45.0, "id": 46.0, "geometry_y": "POLYGON ((38.985633512829295 45.102122666372345, 38.989061645567176 45.11456974851678, 39.00604912132477 45.118697369722454, 39.01960846434448 45.110379410660364, 39.016180331606606 45.09793141468047, 38.999192855849 45.09380229159715, 38.985633512829295 45.102122666372345))", "population": 38000.0, "Pedestrian traffic": 37000.0, "car traffic": 38000.0, "poi_count": 37 }, "geometry": { "type": "Point", "coordinates": [ 4341709.051319083198905, 5637367.621081362478435 ] } },
{ "type": "Feature", "properties": { "ID": 50005904, "Address": "улица Григория Пономаренко, 43", "Square": "52", "Rating": 5.0, "lat": 45.101541, "long": 39.001804, "index_right": 45.0, "id": 46.0, "geometry_y": "POLYGON ((38.985633512829295 45.102122666372345, 38.989061645567176 45.11456974851678, 39.00604912132477 45.118697369722454, 39.01960846434448 45.110379410660364, 39.016180331606606 45.09793141468047, 38.999192855849 45.09380229159715, 38.985633512829295 45.102122666372345))", "population": 38000.0, "Pedestrian traffic": 37000.0, "car traffic": 38000.0, "poi_count": 25 }, "geometry": { "type": "Point", "coordinates": [ 4341660.961299059912562, 5637521.228607341647148 ] } },
{ "type": "Feature", "properties": { "ID": 50006393, "Address": "улица Ивана Рослого, 8", "Square": "76.2", "Rating": 4.989, "lat": 45.098474, "long": 39.010231, "index_right": 45.0, "id": 46.0, "geometry_y": "POLYGON ((38.985633512829295 45.102122666372345, 38.989061645567176 45.11456974851678, 39.00604912132477 45.118697369722454, 39.01960846434448 45.110379410660364, 39.016180331606606 45.09793141468047, 38.999192855849 45.09380229159715, 38.985633512829295 45.102122666372345))", "population": 38000.0, "Pedestrian traffic": 37000.0, "car traffic": 38000.0, "poi_count": 28 }, "geometry": { "type": "Point", "coordinates": [ 4342599.050647974945605, 5637037.547244591638446 ] } },
{ "type": "Feature", "properties": { "ID": 317464, "Address": "улица им. Ягодина М. Д., 50", "Square": "90", "Rating": 4.954, "lat": 45.10635, "long": 39.004787, "index_right": 45.0, "id": 46.0, "geometry_y": "POLYGON ((38.985633512829295 45.102122666372345, 38.989061645567176 45.11456974851678, 39.00604912132477 45.118697369722454, 39.01960846434448 45.110379410660364, 39.016180331606606 45.09793141468047, 38.999192855849 45.09380229159715, 38.985633512829295 45.102122666372345))", "population": 38000.0, "Pedestrian traffic": 37000.0, "car traffic": 38000.0, "poi_count": 4 }, "geometry": { "type": "Point", "coordinates": [ 4341993.02734009642154, 5638279.684466622769833 ] } },
{ "type": "Feature", "properties": { "ID": 50035105, "Address": "улица им. Ягодина М. Д., 67", "Square": "50.09", "Rating": 5.0, "lat": 45.106649, "long": 39.011147, "index_right": 45.0, "id": 46.0, "geometry_y": "POLYGON ((38.985633512829295 45.102122666372345, 38.989061645567176 45.11456974851678, 39.00604912132477 45.118697369722454, 39.01960846434448 45.110379410660364, 39.016180331606606 45.09793141468047, 38.999192855849 45.09380229159715, 38.985633512829295 45.102122666372345))", "population": 38000.0, "Pedestrian traffic": 37000.0, "car traffic": 38000.0, "poi_count": 18 }, "geometry": { "type": "Point", "coordinates": [ 4342701.019301542080939, 5638326.843636502511799 ] } },
{ "type": "Feature", "properties": { "ID": 306930, "Address": "Ленинский переулок, 8", "Square": "80", "Rating": 5.0, "lat": 45.104671, "long": 39.015126, "index_right": 45.0, "id": 46.0, "geometry_y": "POLYGON ((38.985633512829295 45.102122666372345, 38.989061645567176 45.11456974851678, 39.00604912132477 45.118697369722454, 39.01960846434448 45.110379410660364, 39.016180331606606 45.09793141468047, 38.999192855849 45.09380229159715, 38.985633512829295 45.102122666372345))", "population": 38000.0, "Pedestrian traffic": 37000.0, "car traffic": 38000.0, "poi_count": 39 }, "geometry": { "type": "Point", "coordinates": [ 4343143.959555408917367, 5638014.872177568264306 ] } },
{ "type": "Feature", "properties": { "ID": 112891, "Address": "Тепличная улица, 62/1к2", "Square": "77.9", "Rating": 4.988, "lat": 45.106274, "long": 39.015737, "index_right": 45.0, "id": 46.0, "geometry_y": "POLYGON ((38.985633512829295 45.102122666372345, 38.989061645567176 45.11456974851678, 39.00604912132477 45.118697369722454, 39.01960846434448 45.110379410660364, 39.016180331606606 45.09793141468047, 38.999192855849 45.09380229159715, 38.985633512829295 45.102122666372345))", "population": 38000.0, "Pedestrian traffic": 37000.0, "car traffic": 38000.0, "poi_count": 37 }, "geometry": { "type": "Point", "coordinates": [ 4343211.975764282979071, 5638267.697559804655612 ] } },
{ "type": "Feature", "properties": { "ID": 326637, "Address": "Тепличная улица, 56/1", "Square": "48.3", "Rating": 4.974, "lat": 45.107502, "long": 39.016079, "index_right": 45.0, "id": 46.0, "geometry_y": "POLYGON ((38.985633512829295 45.102122666372345, 38.989061645567176 45.11456974851678, 39.00604912132477 45.118697369722454, 39.01960846434448 45.110379410660364, 39.016180331606606 45.09793141468047, 38.999192855849 45.09380229159715, 38.985633512829295 45.102122666372345))", "population": 38000.0, "Pedestrian traffic": 37000.0, "car traffic": 38000.0, "poi_count": 31 }, "geometry": { "type": "Point", "coordinates": [ 4343250.047030134126544, 5638461.382692771032453 ] } },
{ "type": "Feature", "properties": { "ID": 50002867, "Address": "Тепличная улица, 62/1к6", "Square": "70", "Rating": 4.947, "lat": 45.108386, "long": 39.01403, "index_right": 45.0, "id": 46.0, "geometry_y": "POLYGON ((38.985633512829295 45.102122666372345, 38.989061645567176 45.11456974851678, 39.00604912132477 45.118697369722454, 39.01960846434448 45.110379410660364, 39.016180331606606 45.09793141468047, 38.999192855849 45.09380229159715, 38.985633512829295 45.102122666372345))", "population": 38000.0, "Pedestrian traffic": 37000.0, "car traffic": 38000.0, "poi_count": 16 }, "geometry": { "type": "Point", "coordinates": [ 4343021.953393498435616, 5638600.813332087360322 ] } },
{ "type": "Feature", "properties": { "ID": 165658, "Address": "Есаульская улица, 57", "Square": "97", "Rating": 5.0, "lat": 45.11177, "long": 39.010338, "index_right": 45.0, "id": 46.0, "geometry_y": "POLYGON ((38.985633512829295 45.102122666372345, 38.989061645567176 45.11456974851678, 39.00604912132477 45.118697369722454, 39.01960846434448 45.110379410660364, 39.016180331606606 45.09793141468047, 38.999192855849 45.09380229159715, 38.985633512829295 45.102122666372345))", "population": 38000.0, "Pedestrian traffic": 37000.0, "car traffic": 38000.0, "poi_count": 12 }, "geometry": { "type": "Point", "coordinates": [ 4342610.96183349005878, 5639134.581346280872822 ] } },
{ "type": "Feature", "properties": { "ID": 50013587, "Address": "Российская улица, 672", "Square": "59.3", "Rating": 5.0, "lat": 45.112591, "long": 39.012548, "index_right": 45.0, "id": 46.0, "geometry_y": "POLYGON ((38.985633512829295 45.102122666372345, 38.989061645567176 45.11456974851678, 39.00604912132477 45.118697369722454, 39.01960846434448 45.110379410660364, 39.016180331606606 45.09793141468047, 38.999192855849 45.09380229159715, 38.985633512829295 45.102122666372345))", "population": 38000.0, "Pedestrian traffic": 37000.0, "car traffic": 38000.0, "poi_count": 13 }, "geometry": { "type": "Point", "coordinates": [ 4342856.977908143773675, 5639264.084798741154373 ] } },
{ "type": "Feature", "properties": { "ID": 50035283, "Address": "1-й Сахалинский проезд, 9", "Square": "42", "Rating": 5.0, "lat": 45.108666, "long": 39.022349, "index_right": 53.0, "id": 54.0, "geometry_y": "POLYGON ((39.016180331606606 45.09793141468047, 39.01960846434448 45.110379410660364, 39.03659594010208 45.11450733494993, 39.050155283121796 45.10618876513712, 39.04672715038391 45.093739855321296, 39.029739674626306 45.08961042915329, 39.016180331606606 45.09793141468047))", "population": 26000.0, "Pedestrian traffic": 15000.0, "car traffic": 13000.0, "poi_count": 7 }, "geometry": { "type": "Point", "coordinates": [ 4343948.020237407647073, 5638644.97733330540359 ] } },
{ "type": "Feature", "properties": { "ID": 213487, "Address": "Тепличная улица, 78/1", "Square": "60", "Rating": 4.998, "lat": 45.111013, "long": 39.022187, "index_right": 54.0, "id": 55.0, "geometry_y": "POLYGON ((39.00604912132477 45.11869736972245, 39.00947725406266 45.13114083736548, 39.026464729820255 45.13526725978086, 39.04002407283997 45.126951716426284, 39.03659594010208 45.11450733494992, 39.01960846434448 45.11037941066036, 39.00604912132477 45.11869736972245))", "population": 10000.0, "Pedestrian traffic": 15000.0, "car traffic": 22000.0, "poi_count": 8 }, "geometry": { "type": "Point", "coordinates": [ 4343929.986479899846017, 5639015.174819788895547 ] } },
{ "type": "Feature", "properties": { "ID": 218531, "Address": "Тепличная улица, 19Б", "Square": "70", "Rating": 4.978, "lat": 45.11135, "long": 39.018926, "index_right": 54.0, "id": 55.0, "geometry_y": "POLYGON ((39.00604912132477 45.11869736972245, 39.00947725406266 45.13114083736548, 39.026464729820255 45.13526725978086, 39.04002407283997 45.126951716426284, 39.03659594010208 45.11450733494992, 39.01960846434448 45.11037941066036, 39.00604912132477 45.11869736972245))", "population": 10000.0, "Pedestrian traffic": 15000.0, "car traffic": 22000.0, "poi_count": 8 }, "geometry": { "type": "Point", "coordinates": [ 4343566.973620422184467, 5639068.331822914071381 ] } },
{ "type": "Feature", "properties": { "ID": 318084, "Address": "улица 1 Мая, 569", "Square": "63", "Rating": 5.0, "lat": 45.114232, "long": 39.017273, "index_right": 54.0, "id": 55.0, "geometry_y": "POLYGON ((39.00604912132477 45.11869736972245, 39.00947725406266 45.13114083736548, 39.026464729820255 45.13526725978086, 39.04002407283997 45.126951716426284, 39.03659594010208 45.11450733494992, 39.01960846434448 45.11037941066036, 39.00604912132477 45.11869736972245))", "population": 10000.0, "Pedestrian traffic": 15000.0, "car traffic": 22000.0, "poi_count": 8 }, "geometry": { "type": "Point", "coordinates": [ 4343382.962502141483128, 5639522.939548379741609 ] } },
{ "type": "Feature", "properties": { "ID": 323509, "Address": "улица Заводовского, 8", "Square": "62.6", "Rating": 4.957, "lat": 45.114168, "long": 39.022142, "index_right": 54.0, "id": 55.0, "geometry_y": "POLYGON ((39.00604912132477 45.11869736972245, 39.00947725406266 45.13114083736548, 39.026464729820255 45.13526725978086, 39.04002407283997 45.126951716426284, 39.03659594010208 45.11450733494992, 39.01960846434448 45.11037941066036, 39.00604912132477 45.11869736972245))", "population": 10000.0, "Pedestrian traffic": 15000.0, "car traffic": 22000.0, "poi_count": 8 }, "geometry": { "type": "Point", "coordinates": [ 4343924.977102814242244, 5639512.843915915116668 ] } },
{ "type": "Feature", "properties": { "ID": 168994, "Address": "улица имени В.М. Комарова, 1", "Square": "60", "Rating": 4.993, "lat": 45.115777, "long": 39.020606, "index_right": 54.0, "id": 55.0, "geometry_y": "POLYGON ((39.00604912132477 45.11869736972245, 39.00947725406266 45.13114083736548, 39.026464729820255 45.13526725978086, 39.04002407283997 45.126951716426284, 39.03659594010208 45.11450733494992, 39.01960846434448 45.11037941066036, 39.00604912132477 45.11869736972245))", "population": 10000.0, "Pedestrian traffic": 15000.0, "car traffic": 22000.0, "poi_count": 8 }, "geometry": { "type": "Point", "coordinates": [ 4343753.990364955738187, 5639766.657861646264791 ] } },
{ "type": "Feature", "properties": { "ID": 164235, "Address": "улица Куликова Поля, 2", "Square": "57", "Rating": 4.98, "lat": 45.111427, "long": 39.026831, "index_right": 53.0, "id": 54.0, "geometry_y": "POLYGON ((39.016180331606606 45.09793141468047, 39.01960846434448 45.110379410660364, 39.03659594010208 45.11450733494993, 39.050155283121796 45.10618876513712, 39.04672715038391 45.093739855321296, 39.029739674626306 45.08961042915329, 39.016180331606606 45.09793141468047))", "population": 26000.0, "Pedestrian traffic": 15000.0, "car traffic": 13000.0, "poi_count": 9 }, "geometry": { "type": "Point", "coordinates": [ 4344446.954195143654943, 5639080.477532367222011 ] } },
{ "type": "Feature", "properties": { "ID": 145235, "Address": "2-я Тверская улица, 2/1", "Square": "56", "Rating": 4.992, "lat": 45.113468, "long": 39.026795, "index_right": 54.0, "id": 55.0, "geometry_y": "POLYGON ((39.00604912132477 45.11869736972245, 39.00947725406266 45.13114083736548, 39.026464729820255 45.13526725978086, 39.04002407283997 45.126951716426284, 39.03659594010208 45.11450733494992, 39.01960846434448 45.11037941066036, 39.00604912132477 45.11869736972245))", "population": 10000.0, "Pedestrian traffic": 15000.0, "car traffic": 22000.0, "poi_count": 13 }, "geometry": { "type": "Point", "coordinates": [ 4344442.946693475358188, 5639402.423674961552024 ] } },
{ "type": "Feature", "properties": { "ID": 50015385, "Address": "Волховская улица, 8", "Square": "47", "Rating": 5.0, "lat": 45.117024, "long": 39.025502, "index_right": 54.0, "id": 55.0, "geometry_y": "POLYGON ((39.00604912132477 45.11869736972245, 39.00947725406266 45.13114083736548, 39.026464729820255 45.13526725978086, 39.04002407283997 45.126951716426284, 39.03659594010208 45.11450733494992, 39.01960846434448 45.11037941066036, 39.00604912132477 45.11869736972245))", "population": 10000.0, "Pedestrian traffic": 15000.0, "car traffic": 22000.0, "poi_count": 10 }, "geometry": { "type": "Point", "coordinates": [ 4344299.010591879487038, 5639963.372535794042051 ] } },
{ "type": "Feature", "properties": { "ID": 308651, "Address": "улица Куликова Поля, 17", "Square": "50", "Rating": 4.967, "lat": 45.112254, "long": 39.02976, "index_right": 53.0, "id": 54.0, "geometry_y": "POLYGON ((39.016180331606606 45.09793141468047, 39.01960846434448 45.110379410660364, 39.03659594010208 45.11450733494993, 39.050155283121796 45.10618876513712, 39.04672715038391 45.093739855321296, 39.029739674626306 45.08961042915329, 39.016180331606606 45.09793141468047))", "population": 26000.0, "Pedestrian traffic": 15000.0, "car traffic": 13000.0, "poi_count": 9 }, "geometry": { "type": "Point", "coordinates": [ 4344773.008983677253127, 5639210.926639744080603 ] } },
{ "type": "Feature", "properties": { "ID": 151376, "Address": "улица Ратной Славы, 17", "Square": "100", "Rating": 4.961, "lat": 45.113278, "long": 39.030119, "index_right": 54.0, "id": 55.0, "geometry_y": "POLYGON ((39.00604912132477 45.11869736972245, 39.00947725406266 45.13114083736548, 39.026464729820255 45.13526725978086, 39.04002407283997 45.126951716426284, 39.03659594010208 45.11450733494992, 39.01960846434448 45.11037941066036, 39.00604912132477 45.11869736972245))", "population": 10000.0, "Pedestrian traffic": 15000.0, "car traffic": 22000.0, "poi_count": 21 }, "geometry": { "type": "Point", "coordinates": [ 4344812.972680872306228, 5639372.45270040538162 ] } },
{ "type": "Feature", "properties": { "ID": 50031674, "Address": "улица Ратной Славы, 56", "Square": "52", "Rating": 4.998, "lat": 45.112712, "long": 39.032976, "index_right": 53.0, "id": 54.0, "geometry_y": "POLYGON ((39.016180331606606 45.09793141468047, 39.01960846434448 45.110379410660364, 39.03659594010208 45.11450733494993, 39.050155283121796 45.10618876513712, 39.04672715038391 45.093739855321296, 39.029739674626306 45.08961042915329, 39.016180331606606 45.09793141468047))", "population": 26000.0, "Pedestrian traffic": 15000.0, "car traffic": 13000.0, "poi_count": 1 }, "geometry": { "type": "Point", "coordinates": [ 4345131.012466068379581, 5639283.1713359747082 ] } },
{ "type": "Feature", "properties": { "ID": 3958, "Address": "улица имени В.М. Комарова, 21/1к7", "Square": "72.1", "Rating": 4.993, "lat": 45.116458, "long": 39.028808, "index_right": 54.0, "id": 55.0, "geometry_y": "POLYGON ((39.00604912132477 45.11869736972245, 39.00947725406266 45.13114083736548, 39.026464729820255 45.13526725978086, 39.04002407283997 45.126951716426284, 39.03659594010208 45.11450733494992, 39.01960846434448 45.11037941066036, 39.00604912132477 45.11869736972245))", "population": 10000.0, "Pedestrian traffic": 15000.0, "car traffic": 22000.0, "poi_count": 13 }, "geometry": { "type": "Point", "coordinates": [ 4344667.032828441821039, 5639874.085310501046479 ] } },
{ "type": "Feature", "properties": { "ID": 50010338, "Address": "улица имени В.М. Комарова, 21Б", "Square": "68", "Rating": 4.998, "lat": 45.117431, "long": 39.028394, "index_right": 54.0, "id": 55.0, "geometry_y": "POLYGON ((39.00604912132477 45.11869736972245, 39.00947725406266 45.13114083736548, 39.026464729820255 45.13526725978086, 39.04002407283997 45.126951716426284, 39.03659594010208 45.11450733494992, 39.01960846434448 45.11037941066036, 39.00604912132477 45.11869736972245))", "population": 10000.0, "Pedestrian traffic": 15000.0, "car traffic": 22000.0, "poi_count": 13 }, "geometry": { "type": "Point", "coordinates": [ 4344620.946559253148735, 5640027.57785473857075 ] } },
{ "type": "Feature", "properties": { "ID": 50015385, "Address": "Волховская улица, 8", "Square": "47", "Rating": 5.0, "lat": 45.117024, "long": 39.025502, "index_right": 54.0, "id": 55.0, "geometry_y": "POLYGON ((39.00604912132477 45.11869736972245, 39.00947725406266 45.13114083736548, 39.026464729820255 45.13526725978086, 39.04002407283997 45.126951716426284, 39.03659594010208 45.11450733494992, 39.01960846434448 45.11037941066036, 39.00604912132477 45.11869736972245))", "population": 10000.0, "Pedestrian traffic": 15000.0, "car traffic": 22000.0, "poi_count": 10 }, "geometry": { "type": "Point", "coordinates": [ 4344299.010591879487038, 5639963.372535794042051 ] } },
{ "type": "Feature", "properties": { "ID": 316998, "Address": "2-й проезд Талалихина, 32", "Square": "57", "Rating": 4.981, "lat": 45.084743, "long": 38.984997, "index_right": 37.0, "id": 38.0, "geometry_y": "POLYGON ((38.96521790433382 45.0855431497198, 38.9686460370717 45.09799384637357, 38.985633512829295 45.102122666372345, 38.999192855849 45.09380229159715, 38.99576472311113 45.08135068110613, 38.97877724735353 45.07722035922673, 38.96521790433382 45.0855431497198))", "population": 9500.0, "Pedestrian traffic": 19000.0, "car traffic": 29000.0, "poi_count": 2 }, "geometry": { "type": "Point", "coordinates": [ 4339790.014617297798395, 5634872.417776228860021 ] } },
{ "type": "Feature", "properties": { "ID": 311516, "Address": "Ярославская улица, 115", "Square": "50", "Rating": 4.975, "lat": 45.090597, "long": 38.9855, "index_right": 37.0, "id": 38.0, "geometry_y": "POLYGON ((38.96521790433382 45.0855431497198, 38.9686460370717 45.09799384637357, 38.985633512829295 45.102122666372345, 38.999192855849 45.09380229159715, 38.99576472311113 45.08135068110613, 38.97877724735353 45.07722035922673, 38.96521790433382 45.0855431497198))", "population": 9500.0, "Pedestrian traffic": 19000.0, "car traffic": 29000.0, "poi_count": 8 }, "geometry": { "type": "Point", "coordinates": [ 4339846.008321166969836, 5635795.423666454851627 ] } },
{ "type": "Feature", "properties": { "ID": 50000309, "Address": "улица имени Дзержинского, 175", "Square": "77", "Rating": 4.986, "lat": 45.092003, "long": 38.97693, "index_right": 37.0, "id": 38.0, "geometry_y": "POLYGON ((38.96521790433382 45.0855431497198, 38.9686460370717 45.09799384637357, 38.985633512829295 45.102122666372345, 38.999192855849 45.09380229159715, 38.99576472311113 45.08135068110613, 38.97877724735353 45.07722035922673, 38.96521790433382 45.0855431497198))", "population": 9500.0, "Pedestrian traffic": 19000.0, "car traffic": 29000.0, "poi_count": 16 }, "geometry": { "type": "Point", "coordinates": [ 4338892.000285068526864, 5636017.123147014528513 ] } },
{ "type": "Feature", "properties": { "ID": 319479, "Address": "Кореновская улица, 57к2", "Square": "56", "Rating": 4.977, "lat": 45.098035, "long": 38.984449, "index_right": 37.0, "id": 38.0, "geometry_y": "POLYGON ((38.96521790433382 45.0855431497198, 38.9686460370717 45.09799384637357, 38.985633512829295 45.102122666372345, 38.999192855849 45.09380229159715, 38.99576472311113 45.08135068110613, 38.97877724735353 45.07722035922673, 38.96521790433382 45.0855431497198))", "population": 9500.0, "Pedestrian traffic": 19000.0, "car traffic": 29000.0, "poi_count": 15 }, "geometry": { "type": "Point", "coordinates": [ 4339729.011536342091858, 5636968.316856852732599 ] } },
{ "type": "Feature", "properties": { "ID": 165913, "Address": "Кореновская улица, 57к1", "Square": "40", "Rating": 4.996, "lat": 45.097895, "long": 38.983784, "index_right": 37.0, "id": 38.0, "geometry_y": "POLYGON ((38.96521790433382 45.0855431497198, 38.9686460370717 45.09799384637357, 38.985633512829295 45.102122666372345, 38.999192855849 45.09380229159715, 38.99576472311113 45.08135068110613, 38.97877724735353 45.07722035922673, 38.96521790433382 45.0855431497198))", "population": 9500.0, "Pedestrian traffic": 19000.0, "car traffic": 29000.0, "poi_count": 16 }, "geometry": { "type": "Point", "coordinates": [ 4339654.984074965119362, 5636946.23894080799073 ] } },
{ "type": "Feature", "properties": { "ID": 307802, "Address": "улица имени Дзержинского, 215", "Square": "80", "Rating": 5.0, "lat": 45.100599, "long": 38.979562, "index_right": 37.0, "id": 38.0, "geometry_y": "POLYGON ((38.96521790433382 45.0855431497198, 38.9686460370717 45.09799384637357, 38.985633512829295 45.102122666372345, 38.999192855849 45.09380229159715, 38.99576472311113 45.08135068110613, 38.97877724735353 45.07722035922673, 38.96521790433382 45.0855431497198))", "population": 9500.0, "Pedestrian traffic": 19000.0, "car traffic": 29000.0, "poi_count": 57 }, "geometry": { "type": "Point", "coordinates": [ 4339184.993184836581349, 5637372.66769356187433 ] } },
{ "type": "Feature", "properties": { "ID": 50013069, "Address": "улица Александра Покрышкина, 25Ак2", "Square": "51", "Rating": 4.891, "lat": 45.102947, "long": 38.978331, "index_right": 38.0, "id": 39.0, "geometry_y": "POLYGON ((38.95508669405199 45.10631361039705, 38.95851482678987 45.118759778706554, 38.97550230254747 45.122887096828514, 38.989061645567176 45.11456974851678, 38.985633512829295 45.10212266637233, 38.9686460370717 45.09799384637357, 38.95508669405199 45.10631361039705))", "population": 26000.0, "Pedestrian traffic": 21000.0, "car traffic": 26000.0, "poi_count": 16 }, "geometry": { "type": "Point", "coordinates": [ 4339047.958891669288278, 5637742.970581822097301 ] } },
{ "type": "Feature", "properties": { "ID": 50019334, "Address": "Кореновская улица, 30", "Square": "65", "Rating": 5.0, "lat": 45.097329, "long": 38.977146, "index_right": 37.0, "id": 38.0, "geometry_y": "POLYGON ((38.96521790433382 45.0855431497198, 38.9686460370717 45.09799384637357, 38.985633512829295 45.102122666372345, 38.999192855849 45.09380229159715, 38.99576472311113 45.08135068110613, 38.97877724735353 45.07722035922673, 38.96521790433382 45.0855431497198))", "population": 9500.0, "Pedestrian traffic": 19000.0, "car traffic": 29000.0, "poi_count": 42 }, "geometry": { "type": "Point", "coordinates": [ 4338916.045295079238713, 5636856.981632026843727 ] } },
{ "type": "Feature", "properties": { "ID": 162553, "Address": "Кореновская улица, 21/1", "Square": "35", "Rating": 4.992, "lat": 45.098322, "long": 38.97384, "index_right": 37.0, "id": 38.0, "geometry_y": "POLYGON ((38.96521790433382 45.0855431497198, 38.9686460370717 45.09799384637357, 38.985633512829295 45.102122666372345, 38.999192855849 45.09380229159715, 38.99576472311113 45.08135068110613, 38.97877724735353 45.07722035922673, 38.96521790433382 45.0855431497198))", "population": 9500.0, "Pedestrian traffic": 19000.0, "car traffic": 29000.0, "poi_count": 31 }, "geometry": { "type": "Point", "coordinates": [ 4338548.023058517836034, 5637013.576753971166909 ] } },
{ "type": "Feature", "properties": { "ID": 50013264, "Address": "Кореновская улица, 2к2", "Square": "100", "Rating": 4.984, "lat": 45.097144, "long": 38.971351, "index_right": 37.0, "id": 38.0, "geometry_y": "POLYGON ((38.96521790433382 45.0855431497198, 38.9686460370717 45.09799384637357, 38.985633512829295 45.102122666372345, 38.999192855849 45.09380229159715, 38.99576472311113 45.08135068110613, 38.97877724735353 45.07722035922673, 38.96521790433382 45.0855431497198))", "population": 9500.0, "Pedestrian traffic": 19000.0, "car traffic": 29000.0, "poi_count": 14 }, "geometry": { "type": "Point", "coordinates": [ 4338270.948845932260156, 5636827.807615174911916 ] } },
{ "type": "Feature", "properties": { "ID": 312428, "Address": "Прохладная улица, 86", "Square": "90", "Rating": 4.992, "lat": 45.098124, "long": 38.969429, "index_right": 37.0, "id": 38.0, "geometry_y": "POLYGON ((38.96521790433382 45.0855431497198, 38.9686460370717 45.09799384637357, 38.985633512829295 45.102122666372345, 38.999192855849 45.09380229159715, 38.99576472311113 45.08135068110613, 38.97877724735353 45.07722035922673, 38.96521790433382 45.0855431497198))", "population": 9500.0, "Pedestrian traffic": 19000.0, "car traffic": 29000.0, "poi_count": 10 }, "geometry": { "type": "Point", "coordinates": [ 4338056.992784627713263, 5636982.352131623774767 ] } },
{ "type": "Feature", "properties": { "ID": 164005, "Address": "Кореновская улица, 15/1", "Square": "59", "Rating": 4.96, "lat": 45.099976, "long": 38.971684, "index_right": 38.0, "id": 39.0, "geometry_y": "POLYGON ((38.95508669405199 45.10631361039705, 38.95851482678987 45.118759778706554, 38.97550230254747 45.122887096828514, 38.989061645567176 45.11456974851678, 38.985633512829295 45.10212266637233, 38.9686460370717 45.09799384637357, 38.95508669405199 45.10631361039705))", "population": 26000.0, "Pedestrian traffic": 21000.0, "car traffic": 26000.0, "poi_count": 23 }, "geometry": { "type": "Point", "coordinates": [ 4338308.018236367031932, 5637274.416970822028816 ] } },
{ "type": "Feature", "properties": { "ID": 160547, "Address": "улица Александра Покрышкина, 4/10", "Square": "56", "Rating": 4.999, "lat": 45.100574, "long": 38.972286, "index_right": 38.0, "id": 39.0, "geometry_y": "POLYGON ((38.95508669405199 45.10631361039705, 38.95851482678987 45.118759778706554, 38.97550230254747 45.122887096828514, 38.989061645567176 45.11456974851678, 38.985633512829295 45.10212266637233, 38.9686460370717 45.09799384637357, 38.95508669405199 45.10631361039705))", "population": 26000.0, "Pedestrian traffic": 21000.0, "car traffic": 26000.0, "poi_count": 25 }, "geometry": { "type": "Point", "coordinates": [ 4338375.032569824717939, 5637368.725027540698647 ] } },
{ "type": "Feature", "properties": { "ID": 50013987, "Address": "улица Александра Покрышкина, 4/9", "Square": "67", "Rating": 5.0, "lat": 45.101751, "long": 38.972564, "index_right": 38.0, "id": 39.0, "geometry_y": "POLYGON ((38.95508669405199 45.10631361039705, 38.95851482678987 45.118759778706554, 38.97550230254747 45.122887096828514, 38.989061645567176 45.11456974851678, 38.985633512829295 45.10212266637233, 38.9686460370717 45.09799384637357, 38.95508669405199 45.10631361039705))", "population": 26000.0, "Pedestrian traffic": 21000.0, "car traffic": 26000.0, "poi_count": 17 }, "geometry": { "type": "Point", "coordinates": [ 4338405.979388264939189, 5637554.347616516053677 ] } },
{ "type": "Feature", "properties": { "ID": 2055, "Address": "улица Александра Покрышкина, 2/2", "Square": "67.4", "Rating": 4.993, "lat": 45.102559, "long": 38.970238, "index_right": 38.0, "id": 39.0, "geometry_y": "POLYGON ((38.95508669405199 45.10631361039705, 38.95851482678987 45.118759778706554, 38.97550230254747 45.122887096828514, 38.989061645567176 45.11456974851678, 38.985633512829295 45.10212266637233, 38.9686460370717 45.09799384637357, 38.95508669405199 45.10631361039705))", "population": 26000.0, "Pedestrian traffic": 21000.0, "car traffic": 26000.0, "poi_count": 12 }, "geometry": { "type": "Point", "coordinates": [ 4338147.050252680666745, 5637681.77808313537389 ] } },
{ "type": "Feature", "properties": { "ID": 50015367, "Address": "улица имени Валерия Вишневецкого, 7к1", "Square": "55.9", "Rating": 4.988, "lat": 45.096419, "long": 38.948947, "index_right": 29.0, "id": 30.0, "geometry_y": "POLYGON ((38.93467108555651 45.08973531066573, 38.93809921829438 45.102185093482674, 38.955086694051985 45.10631361039706, 38.9686460370717 45.09799384637357, 38.96521790433382 45.0855431497198, 38.94823042857622 45.08141313092549, 38.93467108555651 45.08973531066573))", "population": 11000.0, "Pedestrian traffic": 3400.0, "car traffic": 2600.0, "poi_count": 0 }, "geometry": { "type": "Point", "coordinates": [ 4335776.946974200196564, 5636713.477919600903988 ] } },
{ "type": "Feature", "properties": { "ID": 162684, "Address": "улица Героя Хабибуллина, 6", "Square": "78", "Rating": 4.988, "lat": 45.101445, "long": 38.948417, "index_right": 29.0, "id": 30.0, "geometry_y": "POLYGON ((38.93467108555651 45.08973531066573, 38.93809921829438 45.102185093482674, 38.955086694051985 45.10631361039706, 38.9686460370717 45.09799384637357, 38.96521790433382 45.0855431497198, 38.94823042857622 45.08141313092549, 38.93467108555651 45.08973531066573))", "population": 11000.0, "Pedestrian traffic": 3400.0, "car traffic": 2600.0, "poi_count": 3 }, "geometry": { "type": "Point", "coordinates": [ 4335717.947644080035388, 5637506.08852943778038 ] } },
{ "type": "Feature", "properties": { "ID": 310691, "Address": "Питерская улица, 40", "Square": "76.1", "Rating": 4.924, "lat": 45.100968, "long": 38.953718, "index_right": 29.0, "id": 30.0, "geometry_y": "POLYGON ((38.93467108555651 45.08973531066573, 38.93809921829438 45.102185093482674, 38.955086694051985 45.10631361039706, 38.9686460370717 45.09799384637357, 38.96521790433382 45.0855431497198, 38.94823042857622 45.08141313092549, 38.93467108555651 45.08973531066573))", "population": 11000.0, "Pedestrian traffic": 3400.0, "car traffic": 2600.0, "poi_count": 2 }, "geometry": { "type": "Point", "coordinates": [ 4336308.052264775149524, 5637430.861644838005304 ] } },
{ "type": "Feature", "properties": { "ID": 309492, "Address": "улица Героя Пешкова, 7", "Square": "108", "Rating": 5.0, "lat": 45.1042, "long": 38.950771, "index_right": 29.0, "id": 30.0, "geometry_y": "POLYGON ((38.93467108555651 45.08973531066573, 38.93809921829438 45.102185093482674, 38.955086694051985 45.10631361039706, 38.9686460370717 45.09799384637357, 38.96521790433382 45.0855431497198, 38.94823042857622 45.08141313092549, 38.93467108555651 45.08973531066573))", "population": 11000.0, "Pedestrian traffic": 3400.0, "car traffic": 2600.0, "poi_count": 9 }, "geometry": { "type": "Point", "coordinates": [ 4335979.993725406937301, 5637940.587341708131135 ] } },
{ "type": "Feature", "properties": { "ID": 320115, "Address": "улица Героя Пешкова, 14к5", "Square": "72", "Rating": 5.0, "lat": 45.10427, "long": 38.953673, "index_right": 29.0, "id": 30.0, "geometry_y": "POLYGON ((38.93467108555651 45.08973531066573, 38.93809921829438 45.102185093482674, 38.955086694051985 45.10631361039706, 38.9686460370717 45.09799384637357, 38.96521790433382 45.0855431497198, 38.94823042857622 45.08141313092549, 38.93467108555651 45.08973531066573))", "population": 11000.0, "Pedestrian traffic": 3400.0, "car traffic": 2600.0, "poi_count": 12 }, "geometry": { "type": "Point", "coordinates": [ 4336303.042887689545751, 5637951.627512084320188 ] } },
{ "type": "Feature", "properties": { "ID": 160580, "Address": "Степная улица, 1/1", "Square": "51.8", "Rating": 4.963, "lat": 45.10469, "long": 38.955999, "index_right": 29.0, "id": 30.0, "geometry_y": "POLYGON ((38.93467108555651 45.08973531066573, 38.93809921829438 45.102185093482674, 38.955086694051985 45.10631361039706, 38.9686460370717 45.09799384637357, 38.96521790433382 45.0855431497198, 38.94823042857622 45.08141313092549, 38.93467108555651 45.08973531066573))", "population": 11000.0, "Pedestrian traffic": 3400.0, "car traffic": 2600.0, "poi_count": 11 }, "geometry": { "type": "Point", "coordinates": [ 4336561.972023274749517, 5638017.868818627670407 ] } },
{ "type": "Feature", "properties": { "ID": 213025, "Address": "улица Героя Пешкова, 14к2", "Square": "50", "Rating": 4.998, "lat": 45.105243, "long": 38.952523, "index_right": 29.0, "id": 30.0, "geometry_y": "POLYGON ((38.93467108555651 45.08973531066573, 38.93809921829438 45.102185093482674, 38.955086694051985 45.10631361039706, 38.9686460370717 45.09799384637357, 38.96521790433382 45.0855431497198, 38.94823042857622 45.08141313092549, 38.93467108555651 45.08973531066573))", "population": 11000.0, "Pedestrian traffic": 3400.0, "car traffic": 2600.0, "poi_count": 15 }, "geometry": { "type": "Point", "coordinates": [ 4336175.025473277084529, 5638105.087282190099359 ] } },
{ "type": "Feature", "properties": { "ID": 157715, "Address": "Конгрессная улица, 15", "Square": "56.6", "Rating": 4.999, "lat": 45.107724, "long": 38.96421, "index_right": 38.0, "id": 39.0, "geometry_y": "POLYGON ((38.95508669405199 45.10631361039705, 38.95851482678987 45.118759778706554, 38.97550230254747 45.122887096828514, 38.989061645567176 45.11456974851678, 38.985633512829295 45.10212266637233, 38.9686460370717 45.09799384637357, 38.95508669405199 45.10631361039705))", "population": 26000.0, "Pedestrian traffic": 21000.0, "car traffic": 26000.0, "poi_count": 10 }, "geometry": { "type": "Point", "coordinates": [ 4337476.016362178139389, 5638496.397876519709826 ] } },
{ "type": "Feature", "properties": { "ID": 206909, "Address": "Конгрессная улица, 27", "Square": "51", "Rating": 5.0, "lat": 45.107355, "long": 38.960832, "index_right": 38.0, "id": 39.0, "geometry_y": "POLYGON ((38.95508669405199 45.10631361039705, 38.95851482678987 45.118759778706554, 38.97550230254747 45.122887096828514, 38.989061645567176 45.11456974851678, 38.985633512829295 45.10212266637233, 38.9686460370717 45.09799384637357, 38.95508669405199 45.10631361039705))", "population": 26000.0, "Pedestrian traffic": 21000.0, "car traffic": 26000.0, "poi_count": 20 }, "geometry": { "type": "Point", "coordinates": [ 4337099.979122278280556, 5638438.197037935256958 ] } },
{ "type": "Feature", "properties": { "ID": 50016466, "Address": "Конгрессная улица, 33", "Square": "57.5", "Rating": 5.0, "lat": 45.108119, "long": 38.958155, "index_right": 38.0, "id": 39.0, "geometry_y": "POLYGON ((38.95508669405199 45.10631361039705, 38.95851482678987 45.118759778706554, 38.97550230254747 45.122887096828514, 38.989061645567176 45.11456974851678, 38.985633512829295 45.10212266637233, 38.9686460370717 45.09799384637357, 38.95508669405199 45.10631361039705))", "population": 26000.0, "Pedestrian traffic": 21000.0, "car traffic": 26000.0, "poi_count": 24 }, "geometry": { "type": "Point", "coordinates": [ 4336801.976845424622297, 5638558.700004142709076 ] } },
{ "type": "Feature", "properties": { "ID": 50006913, "Address": "улица Григория Булгакова, 7к1", "Square": "70.5", "Rating": 4.996, "lat": 45.108901, "long": 38.955999, "index_right": 38.0, "id": 39.0, "geometry_y": "POLYGON ((38.95508669405199 45.10631361039705, 38.95851482678987 45.118759778706554, 38.97550230254747 45.122887096828514, 38.989061645567176 45.11456974851678, 38.985633512829295 45.10212266637233, 38.9686460370717 45.09799384637357, 38.95508669405199 45.10631361039705))", "population": 26000.0, "Pedestrian traffic": 21000.0, "car traffic": 26000.0, "poi_count": 21 }, "geometry": { "type": "Point", "coordinates": [ 4336561.972023274749517, 5638682.043715831823647 ] } },
{ "type": "Feature", "properties": { "ID": 214816, "Address": "улица Григория Булгакова, 8", "Square": "73", "Rating": 5.0, "lat": 45.109626, "long": 38.957886, "index_right": 38.0, "id": 39.0, "geometry_y": "POLYGON ((38.95508669405199 45.10631361039705, 38.95851482678987 45.118759778706554, 38.97550230254747 45.122887096828514, 38.989061645567176 45.11456974851678, 38.985633512829295 45.10212266637233, 38.9686460370717 45.09799384637357, 38.95508669405199 45.10631361039705))", "population": 26000.0, "Pedestrian traffic": 21000.0, "car traffic": 26000.0, "poi_count": 23 }, "geometry": { "type": "Point", "coordinates": [ 4336772.031902401708066, 5638796.398410821333528 ] } },
{ "type": "Feature", "properties": { "ID": 50022975, "Address": "улица Григория Булгакова, 13к1", "Square": "44", "Rating": 5.0, "lat": 45.110542, "long": 38.956951, "index_right": 38.0, "id": 39.0, "geometry_y": "POLYGON ((38.95508669405199 45.10631361039705, 38.95851482678987 45.118759778706554, 38.97550230254747 45.122887096828514, 38.989061645567176 45.11456974851678, 38.985633512829295 45.10212266637233, 38.9686460370717 45.09799384637357, 38.95508669405199 45.10631361039705))", "population": 26000.0, "Pedestrian traffic": 21000.0, "car traffic": 26000.0, "poi_count": 20 }, "geometry": { "type": "Point", "coordinates": [ 4336667.948178509250283, 5638940.881730030290782 ] } },
{ "type": "Feature", "properties": { "ID": 50008878, "Address": "улица Григория Булгакова, 12", "Square": "62.9", "Rating": 4.951, "lat": 45.111287, "long": 38.958838, "index_right": 38.0, "id": 39.0, "geometry_y": "POLYGON ((38.95508669405199 45.10631361039705, 38.95851482678987 45.118759778706554, 38.97550230254747 45.122887096828514, 38.989061645567176 45.11456974851678, 38.985633512829295 45.10212266637233, 38.9686460370717 45.09799384637357, 38.95508669405199 45.10631361039705))", "population": 26000.0, "Pedestrian traffic": 21000.0, "car traffic": 26000.0, "poi_count": 16 }, "geometry": { "type": "Point", "coordinates": [ 4336878.008057636208832, 5639058.39443645812571 ] } },
{ "type": "Feature", "properties": { "ID": 305662, "Address": "улица Григория Булгакова, 12к1", "Square": "50", "Rating": 5.0, "lat": 45.111357, "long": 38.960015, "index_right": 38.0, "id": 39.0, "geometry_y": "POLYGON ((38.95508669405199 45.10631361039705, 38.95851482678987 45.118759778706554, 38.97550230254747 45.122887096828514, 38.989061645567176 45.11456974851678, 38.985633512829295 45.10212266637233, 38.9686460370717 45.09799384637357, 38.95508669405199 45.10631361039705))", "population": 26000.0, "Pedestrian traffic": 21000.0, "car traffic": 26000.0, "poi_count": 12 }, "geometry": { "type": "Point", "coordinates": [ 4337009.031098300591111, 5639069.435977642424405 ] } },
{ "type": "Feature", "properties": { "ID": 322499, "Address": "улица им. Мурата Ахеджака, 10А", "Square": "114.48", "Rating": 4.974, "lat": 45.112056, "long": 38.961551, "index_right": 38.0, "id": 39.0, "geometry_y": "POLYGON ((38.95508669405199 45.10631361039705, 38.95851482678987 45.118759778706554, 38.97550230254747 45.122887096828514, 38.989061645567176 45.11456974851678, 38.985633512829295 45.10212266637233, 38.9686460370717 45.09799384637357, 38.95508669405199 45.10631361039705))", "population": 26000.0, "Pedestrian traffic": 21000.0, "car traffic": 26000.0, "poi_count": 10 }, "geometry": { "type": "Point", "coordinates": [ 4337180.017836159095168, 5639179.694395982660353 ] } },
{ "type": "Feature", "properties": { "ID": 310122, "Address": "улица им. Мурата Ахеджака, 12к2", "Square": "70", "Rating": 4.953, "lat": 45.112044, "long": 38.962907, "index_right": 38.0, "id": 39.0, "geometry_y": "POLYGON ((38.95508669405199 45.10631361039705, 38.95851482678987 45.118759778706554, 38.97550230254747 45.122887096828514, 38.989061645567176 45.11456974851678, 38.985633512829295 45.10212266637233, 38.9686460370717 45.09799384637357, 38.95508669405199 45.10631361039705))", "population": 26000.0, "Pedestrian traffic": 21000.0, "car traffic": 26000.0, "poi_count": 6 }, "geometry": { "type": "Point", "coordinates": [ 4337330.967065674252808, 5639177.801536205224693 ] } },
{ "type": "Feature", "properties": { "ID": 50016121, "Address": "Стадионная улица, 4", "Square": "50", "Rating": 5.0, "lat": 45.108469, "long": 38.985635, "index_right": 38.0, "id": 39.0, "geometry_y": "POLYGON ((38.95508669405199 45.10631361039705, 38.95851482678987 45.118759778706554, 38.97550230254747 45.122887096828514, 38.989061645567176 45.11456974851678, 38.985633512829295 45.10212266637233, 38.9686460370717 45.09799384637357, 38.95508669405199 45.10631361039705))", "population": 26000.0, "Pedestrian traffic": 21000.0, "car traffic": 26000.0, "poi_count": 10 }, "geometry": { "type": "Point", "coordinates": [ 4339861.036452423781157, 5638613.904781284742057 ] } },
{ "type": "Feature", "properties": { "ID": 50011456, "Address": "улица Красных Партизан, 16/1", "Square": "80.2", "Rating": 4.966, "lat": 45.054136, "long": 38.936236, "index_right": 20.0, "id": 21.0, "geometry_y": "POLYGON ((38.92438668734285 45.052369676472544, 38.927814820080734 45.064827602163845, 38.944802295838336 45.0689588197557, 38.95836163885804 45.06063361354079, 38.954933506120156 45.04817477400952, 38.93794603036256 45.04404205453261, 38.92438668734285 45.052369676472544))", "population": 21000.0, "Pedestrian traffic": 35000.0, "car traffic": 28000.0, "poi_count": 20 }, "geometry": { "type": "Point", "coordinates": [ 4334361.964926727116108, 5630048.121530483476818 ] } },
{ "type": "Feature", "properties": { "ID": 50001101, "Address": "улица Гагарина, 22", "Square": "70", "Rating": 4.94, "lat": 45.05648, "long": 38.934332, "index_right": 20.0, "id": 21.0, "geometry_y": "POLYGON ((38.92438668734285 45.052369676472544, 38.927814820080734 45.064827602163845, 38.944802295838336 45.0689588197557, 38.95836163885804 45.06063361354079, 38.954933506120156 45.04817477400952, 38.93794603036256 45.04404205453261, 38.92438668734285 45.052369676472544))", "population": 21000.0, "Pedestrian traffic": 35000.0, "car traffic": 28000.0, "poi_count": 20 }, "geometry": { "type": "Point", "coordinates": [ 4334150.012616256251931, 5630417.493086281232536 ] } },
{ "type": "Feature", "properties": { "ID": 50031886, "Address": "улица имени Панфилова, 1", "Square": "46.9", "Rating": 4.982, "lat": 45.059287, "long": 38.927217, "index_right": 20.0, "id": 21.0, "geometry_y": "POLYGON ((38.92438668734285 45.052369676472544, 38.927814820080734 45.064827602163845, 38.944802295838336 45.0689588197557, 38.95836163885804 45.06063361354079, 38.954933506120156 45.04817477400952, 38.93794603036256 45.04404205453261, 38.92438668734285 45.052369676472544))", "population": 21000.0, "Pedestrian traffic": 35000.0, "car traffic": 28000.0, "poi_count": 44 }, "geometry": { "type": "Point", "coordinates": [ 4333357.974439262412488, 5630859.844902302138507 ] } },
{ "type": "Feature", "properties": { "ID": 50034991, "Address": "Темрюкская улица, 58", "Square": "83", "Rating": 4.978, "lat": 45.061694, "long": 38.927451, "index_right": 20.0, "id": 21.0, "geometry_y": "POLYGON ((38.92438668734285 45.052369676472544, 38.927814820080734 45.064827602163845, 38.944802295838336 45.0689588197557, 38.95836163885804 45.06063361354079, 38.954933506120156 45.04817477400952, 38.93794603036256 45.04404205453261, 38.92438668734285 45.052369676472544))", "population": 21000.0, "Pedestrian traffic": 35000.0, "car traffic": 28000.0, "poi_count": 29 }, "geometry": { "type": "Point", "coordinates": [ 4333384.023200107738376, 5631239.178485793992877 ] } },
{ "type": "Feature", "properties": { "ID": 50022152, "Address": "улица 3-я Линия, 57/7", "Square": "75", "Rating": 4.993, "lat": 45.062235, "long": 38.932877, "index_right": 20.0, "id": 21.0, "geometry_y": "POLYGON ((38.92438668734285 45.052369676472544, 38.927814820080734 45.064827602163845, 38.944802295838336 45.0689588197557, 38.95836163885804 45.06063361354079, 38.954933506120156 45.04817477400952, 38.93794603036256 45.04404205453261, 38.92438668734285 45.052369676472544))", "population": 21000.0, "Pedestrian traffic": 35000.0, "car traffic": 28000.0, "poi_count": 2 }, "geometry": { "type": "Point", "coordinates": [ 4333988.042757151648402, 5631324.44012247864157 ] } },
{ "type": "Feature", "properties": { "ID": 126698, "Address": "улица Академика Лукьяненко, 30", "Square": "85", "Rating": 4.983, "lat": 45.056263, "long": 38.912485, "index_right": 12.0, "id": 13.0, "geometry_y": "POLYGON ((38.89383986856555 45.05656427126697, 38.89726800130342 45.06902128311859, 38.914255477061026 45.073152197625, 38.927814820080734 45.064827602163845, 38.92438668734285 45.052369676472544, 38.90739921158525 45.048237260081514, 38.89383986856555 45.05656427126697))", "population": 13000.0, "Pedestrian traffic": 9500.0, "car traffic": 13000.0, "poi_count": 12 }, "geometry": { "type": "Point", "coordinates": [ 4331718.015700895339251, 5630383.297216705046594 ] } },
{ "type": "Feature", "properties": { "ID": 50006867, "Address": "улица Академика Лукьяненко, 95/9", "Square": "79", "Rating": 4.988, "lat": 45.060032, "long": 38.917291, "index_right": 12.0, "id": 13.0, "geometry_y": "POLYGON ((38.89383986856555 45.05656427126697, 38.89726800130342 45.06902128311859, 38.914255477061026 45.073152197625, 38.927814820080734 45.064827602163845, 38.92438668734285 45.052369676472544, 38.90739921158525 45.048237260081514, 38.89383986856555 45.05656427126697))", "population": 13000.0, "Pedestrian traffic": 9500.0, "car traffic": 13000.0, "poi_count": 21 }, "geometry": { "type": "Point", "coordinates": [ 4332253.017173647880554, 5630977.252219409681857 ] } },
{ "type": "Feature", "properties": { "ID": 167574, "Address": "улица Академика Лукьяненко, 12/1", "Square": "40", "Rating": 4.978, "lat": 45.061471, "long": 38.917515, "index_right": 12.0, "id": 13.0, "geometry_y": "POLYGON ((38.89383986856555 45.05656427126697, 38.89726800130342 45.06902128311859, 38.914255477061026 45.073152197625, 38.927814820080734 45.064827602163845, 38.92438668734285 45.052369676472544, 38.90739921158525 45.048237260081514, 38.89383986856555 45.05656427126697))", "population": 13000.0, "Pedestrian traffic": 9500.0, "car traffic": 13000.0, "poi_count": 30 }, "geometry": { "type": "Point", "coordinates": [ 4332277.952739586122334, 5631204.03390549402684 ] } },
{ "type": "Feature", "properties": { "ID": 212762, "Address": "улица Красных Партизан, 4/4", "Square": "64", "Rating": 4.98, "lat": 45.061433, "long": 38.92039, "index_right": 12.0, "id": 13.0, "geometry_y": "POLYGON ((38.89383986856555 45.05656427126697, 38.89726800130342 45.06902128311859, 38.914255477061026 45.073152197625, 38.927814820080734 45.064827602163845, 38.92438668734285 45.052369676472544, 38.90739921158525 45.048237260081514, 38.89383986856555 45.05656427126697))", "population": 13000.0, "Pedestrian traffic": 9500.0, "car traffic": 13000.0, "poi_count": 30 }, "geometry": { "type": "Point", "coordinates": [ 4332597.996275616809726, 5631198.045156602747738 ] } },
{ "type": "Feature", "properties": { "ID": 50000808, "Address": "Азовская улица, 17", "Square": "133", "Rating": 4.993, "lat": 45.065297, "long": 38.918297, "index_right": 12.0, "id": 13.0, "geometry_y": "POLYGON ((38.89383986856555 45.05656427126697, 38.89726800130342 45.06902128311859, 38.914255477061026 45.073152197625, 38.927814820080734 45.064827602163845, 38.92438668734285 45.052369676472544, 38.90739921158525 45.048237260081514, 38.89383986856555 45.05656427126697))", "population": 13000.0, "Pedestrian traffic": 9500.0, "car traffic": 13000.0, "poi_count": 30 }, "geometry": { "type": "Point", "coordinates": [ 4332365.004581387154758, 5631807.026736904866993 ] } },
{ "type": "Feature", "properties": { "ID": 101793, "Address": "улица Красных Партизан, 81", "Square": "86.7", "Rating": 4.947, "lat": 45.067735, "long": 38.914237, "index_right": 12.0, "id": 13.0, "geometry_y": "POLYGON ((38.89383986856555 45.05656427126697, 38.89726800130342 45.06902128311859, 38.914255477061026 45.073152197625, 38.927814820080734 45.064827602163845, 38.92438668734285 45.052369676472544, 38.90739921158525 45.048237260081514, 38.89383986856555 45.05656427126697))", "population": 13000.0, "Pedestrian traffic": 9500.0, "car traffic": 13000.0, "poi_count": 17 }, "geometry": { "type": "Point", "coordinates": [ 4331913.047448765486479, 5632191.286294677294791 ] } },
{ "type": "Feature", "properties": { "ID": 50003520, "Address": "Славянская улица, 81", "Square": "52.4", "Rating": 4.983, "lat": 45.066672, "long": 38.925043, "index_right": 21.0, "id": 22.0, "geometry_y": "POLYGON ((38.914255477061026 45.073152197625, 38.917683609798914 45.08560559495639, 38.93467108555651 45.08973531066573, 38.94823042857622 45.08141313092549, 38.94480229583834 45.0689588197557, 38.92781482008074 45.064827602163845, 38.914255477061026 45.073152197625))", "population": 3600.0, "Pedestrian traffic": 3600.0, "car traffic": 4200.0, "poi_count": 14 }, "geometry": { "type": "Point", "coordinates": [ 4333115.96586627792567, 5632023.742068844847381 ] } },
{ "type": "Feature", "properties": { "ID": 50005351, "Address": "улица имени Толбухина, 41", "Square": "49.5", "Rating": 4.958, "lat": 45.070104, "long": 38.932922, "index_right": 21.0, "id": 22.0, "geometry_y": "POLYGON ((38.914255477061026 45.073152197625, 38.917683609798914 45.08560559495639, 38.93467108555651 45.08973531066573, 38.94823042857622 45.08141313092549, 38.94480229583834 45.0689588197557, 38.92781482008074 45.064827602163845, 38.914255477061026 45.073152197625))", "population": 3600.0, "Pedestrian traffic": 3600.0, "car traffic": 4200.0, "poi_count": 1 }, "geometry": { "type": "Point", "coordinates": [ 4333993.052134237252176, 5632564.686282431706786 ] } },
{ "type": "Feature", "properties": { "ID": 318052, "Address": "улица имени Калинина, 1к10", "Square": "65", "Rating": 5.0, "lat": 45.057415, "long": 38.896881, "index_right": 12.0, "id": 13.0, "geometry_y": "POLYGON ((38.89383986856555 45.05656427126697, 38.89726800130342 45.06902128311859, 38.914255477061026 45.073152197625, 38.927814820080734 45.064827602163845, 38.92438668734285 45.052369676472544, 38.90739921158525 45.048237260081514, 38.89383986856555 45.05656427126697))", "population": 13000.0, "Pedestrian traffic": 9500.0, "car traffic": 13000.0, "poi_count": 45 }, "geometry": { "type": "Point", "coordinates": [ 4329980.986366557888687, 5630564.836220481432974 ] } },
{ "type": "Feature", "properties": { "ID": 5698, "Address": "микрорайон имени Н.И. Вавилова", "Square": "67", "Rating": 5.0, "lat": 45.054652, "long": 38.891446, "index_right": 4.0, "id": 5.0, "geometry_y": "POLYGON ((38.873424260070074 45.03997153158528, 38.87685239280795 45.05243215796174, 38.89383986856555 45.05656427126697, 38.90739921158525 45.048237260081514, 38.90397107884738 45.0357757198644, 38.886983603089774 45.031642104672976, 38.873424260070074 45.03997153158528))", "population": 3000.0, "Pedestrian traffic": 2600.0, "car traffic": 12000.0, "poi_count": 41 }, "geometry": { "type": "Point", "coordinates": [ 4329375.964934096671641, 5630129.432399301789701 ] } },
{ "type": "Feature", "properties": { "ID": 50004504, "Address": "улица Вавилова, 18/2", "Square": "90", "Rating": 4.996, "lat": 45.055645, "long": 38.889802, "index_right": 5.0, "id": 6.0, "geometry_y": "POLYGON ((38.86329304978824 45.06075855839287, 38.86672118252612 45.07321465640512, 38.88370865828372 45.07734526782621, 38.89726800130344 45.06902128311858, 38.89383986856555 45.05656427126696, 38.87685239280795 45.05243215796173, 38.86329304978824 45.06075855839287))", "population": 600.0, "Pedestrian traffic": 1900.0, "car traffic": 12000.0, "poi_count": 31 }, "geometry": { "type": "Point", "coordinates": [ 4329192.955691232345998, 5630285.910612534731627 ] } },
{ "type": "Feature", "properties": { "ID": 50004291, "Address": "Красная улица, 10", "Square": "109", "Rating": 4.982, "lat": 45.060478, "long": 38.885904, "index_right": 5.0, "id": 6.0, "geometry_y": "POLYGON ((38.86329304978824 45.06075855839287, 38.86672118252612 45.07321465640512, 38.88370865828372 45.07734526782621, 38.89726800130344 45.06902128311858, 38.89383986856555 45.05656427126696, 38.87685239280795 45.05243215796173, 38.86329304978824 45.06075855839287))", "population": 600.0, "Pedestrian traffic": 1900.0, "car traffic": 12000.0, "poi_count": 2 }, "geometry": { "type": "Point", "coordinates": [ 4328759.032316119410098, 5631047.539748013950884 ] } },
{ "type": "Feature", "properties": { "ID": 321694, "Address": "Заполярная улица, 39к6", "Square": "42", "Rating": 4.883, "lat": 45.072522, "long": 38.907113, "index_right": 13.0, "id": 14.0, "geometry_y": "POLYGON ((38.88370865828372 45.07734526782621, 38.887136791021604 45.08979775131957, 38.9041242667792 45.09392716394407, 38.917683609798914 45.08560559495639, 38.914255477061026 45.073152197625, 38.89726800130344 45.06902128311858, 38.88370865828372 45.07734526782621))", "population": 30000.0, "Pedestrian traffic": 14000.0, "car traffic": 12000.0, "poi_count": 15 }, "geometry": { "type": "Point", "coordinates": [ 4331120.007396355271339, 5632945.825573689304292 ] } },
{ "type": "Feature", "properties": { "ID": 173155, "Address": "Заполярная улица, 39с2", "Square": "54", "Rating": 4.948, "lat": 45.072917, "long": 38.905819, "index_right": 13.0, "id": 14.0, "geometry_y": "POLYGON ((38.88370865828372 45.07734526782621, 38.887136791021604 45.08979775131957, 38.9041242667792 45.09392716394407, 38.917683609798914 45.08560559495639, 38.914255477061026 45.073152197625, 38.89726800130344 45.06902128311858, 38.88370865828372 45.07734526782621))", "population": 30000.0, "Pedestrian traffic": 14000.0, "car traffic": 12000.0, "poi_count": 19 }, "geometry": { "type": "Point", "coordinates": [ 4330975.959975268691778, 5633008.089314412325621 ] } },
{ "type": "Feature", "properties": { "ID": 317634, "Address": "Заполярная улица, 39к9", "Square": "56", "Rating": 5.0, "lat": 45.074279, "long": 38.907284, "index_right": 13.0, "id": 14.0, "geometry_y": "POLYGON ((38.88370865828372 45.07734526782621, 38.887136791021604 45.08979775131957, 38.9041242667792 45.09392716394407, 38.917683609798914 45.08560559495639, 38.914255477061026 45.073152197625, 38.89726800130344 45.06902128311858, 38.88370865828372 45.07734526782621))", "population": 30000.0, "Pedestrian traffic": 14000.0, "car traffic": 12000.0, "poi_count": 14 }, "geometry": { "type": "Point", "coordinates": [ 4331139.043029279448092, 5633222.784297884441912 ] } },
{ "type": "Feature", "properties": { "ID": 159956, "Address": "Заполярная улица, 39к4", "Square": "38.2", "Rating": 5.0, "lat": 45.073229, "long": 38.905559, "index_right": 13.0, "id": 14.0, "geometry_y": "POLYGON ((38.88370865828372 45.07734526782621, 38.887136791021604 45.08979775131957, 38.9041242667792 45.09392716394407, 38.917683609798914 45.08560559495639, 38.914255477061026 45.073152197625, 38.89726800130344 45.06902128311858, 38.88370865828372 45.07734526782621))", "population": 30000.0, "Pedestrian traffic": 14000.0, "car traffic": 12000.0, "poi_count": 19 }, "geometry": { "type": "Point", "coordinates": [ 4330947.016907661221921, 5633057.270092303864658 ] } },
{ "type": "Feature", "properties": { "ID": 129981, "Address": "Заполярная улица, 37к2", "Square": "51", "Rating": 5.0, "lat": 45.074146, "long": 38.904678, "index_right": 13.0, "id": 14.0, "geometry_y": "POLYGON ((38.88370865828372 45.07734526782621, 38.887136791021604 45.08979775131957, 38.9041242667792 45.09392716394407, 38.917683609798914 45.08560559495639, 38.914255477061026 45.073152197625, 38.89726800130344 45.06902128311858, 38.88370865828372 45.07734526782621))", "population": 30000.0, "Pedestrian traffic": 14000.0, "car traffic": 12000.0, "poi_count": 16 }, "geometry": { "type": "Point", "coordinates": [ 4330848.944436272606254, 5633201.818996973335743 ] } },
{ "type": "Feature", "properties": { "ID": 50009499, "Address": "Заполярная улица, 35к9", "Square": "55", "Rating": 4.993, "lat": 45.075425, "long": 38.904849, "index_right": 13.0, "id": 14.0, "geometry_y": "POLYGON ((38.88370865828372 45.07734526782621, 38.887136791021604 45.08979775131957, 38.9041242667792 45.09392716394407, 38.917683609798914 45.08560559495639, 38.914255477061026 45.073152197625, 38.89726800130344 45.06902128311858, 38.88370865828372 45.07734526782621))", "population": 30000.0, "Pedestrian traffic": 14000.0, "car traffic": 12000.0, "poi_count": 14 }, "geometry": { "type": "Point", "coordinates": [ 4330867.980069198645651, 5633403.434701723046601 ] } },
{ "type": "Feature", "properties": { "ID": 314080, "Address": "Заполярная улица, 35к3", "Square": "50", "Rating": 4.999, "lat": 45.074317, "long": 38.903106, "index_right": 13.0, "id": 14.0, "geometry_y": "POLYGON ((38.88370865828372 45.07734526782621, 38.887136791021604 45.08979775131957, 38.9041242667792 45.09392716394407, 38.917683609798914 45.08560559495639, 38.914255477061026 45.073152197625, 38.89726800130344 45.06902128311858, 38.88370865828372 45.07734526782621))", "population": 30000.0, "Pedestrian traffic": 14000.0, "car traffic": 12000.0, "poi_count": 14 }, "geometry": { "type": "Point", "coordinates": [ 4330673.950196745805442, 5633228.774392820894718 ] } },
{ "type": "Feature", "properties": { "ID": 131488, "Address": "Заполярная улица, 35к4", "Square": "58", "Rating": 4.972, "lat": 45.074521, "long": 38.902774, "index_right": 13.0, "id": 14.0, "geometry_y": "POLYGON ((38.88370865828372 45.07734526782621, 38.887136791021604 45.08979775131957, 38.9041242667792 45.09392716394407, 38.917683609798914 45.08560559495639, 38.914255477061026 45.073152197625, 38.89726800130344 45.06902128311858, 38.88370865828372 45.07734526782621))", "population": 30000.0, "Pedestrian traffic": 14000.0, "car traffic": 12000.0, "poi_count": 13 }, "geometry": { "type": "Point", "coordinates": [ 4330636.992125802673399, 5633260.931812671013176 ] } },
{ "type": "Feature", "properties": { "ID": 305303, "Address": "улица Красных Партизан, 1/4к16", "Square": "50", "Rating": 4.998, "lat": 45.076316, "long": 38.903017, "index_right": 13.0, "id": 14.0, "geometry_y": "POLYGON ((38.88370865828372 45.07734526782621, 38.887136791021604 45.08979775131957, 38.9041242667792 45.09392716394407, 38.917683609798914 45.08560559495639, 38.914255477061026 45.073152197625, 38.89726800130344 45.06902128311858, 38.88370865828372 45.07734526782621))", "population": 30000.0, "Pedestrian traffic": 14000.0, "car traffic": 12000.0, "poi_count": 14 }, "geometry": { "type": "Point", "coordinates": [ 4330664.042762065306306, 5633543.890529492869973 ] } },
{ "type": "Feature", "properties": { "ID": 50017134, "Address": "улица Красных Партизан, 1/3к10", "Square": "66", "Rating": 4.995, "lat": 45.077665, "long": 38.899657, "index_right": 13.0, "id": 14.0, "geometry_y": "POLYGON ((38.88370865828372 45.07734526782621, 38.887136791021604 45.08979775131957, 38.9041242667792 45.09392716394407, 38.917683609798914 45.08560559495639, 38.914255477061026 45.073152197625, 38.89726800130344 45.06902128311858, 38.88370865828372 45.07734526782621))", "population": 30000.0, "Pedestrian traffic": 14000.0, "car traffic": 12000.0, "poi_count": 21 }, "geometry": { "type": "Point", "coordinates": [ 4330290.009272999130189, 5633756.548919389024377 ] } },
{ "type": "Feature", "properties": { "ID": 162105, "Address": "улица Красных Партизан, 1/4к11", "Square": "46", "Rating": 4.996, "lat": 45.078881, "long": 38.898669, "index_right": 13.0, "id": 14.0, "geometry_y": "POLYGON ((38.88370865828372 45.07734526782621, 38.887136791021604 45.08979775131957, 38.9041242667792 45.09392716394407, 38.917683609798914 45.08560559495639, 38.914255477061026 45.073152197625, 38.89726800130344 45.06902128311858, 38.88370865828372 45.07734526782621))", "population": 30000.0, "Pedestrian traffic": 14000.0, "car traffic": 12000.0, "poi_count": 25 }, "geometry": { "type": "Point", "coordinates": [ 4330180.025616096332669, 5633948.24529164750129 ] } },
{ "type": "Feature", "properties": { "ID": 163112, "Address": "улица Красных Партизан, 1/4к8", "Square": "70", "Rating": 4.926, "lat": 45.078741, "long": 38.897977, "index_right": 13.0, "id": 14.0, "geometry_y": "POLYGON ((38.88370865828372 45.07734526782621, 38.887136791021604 45.08979775131957, 38.9041242667792 45.09392716394407, 38.917683609798914 45.08560559495639, 38.914255477061026 45.073152197625, 38.89726800130344 45.06902128311858, 38.88370865828372 45.07734526782621))", "population": 30000.0, "Pedestrian traffic": 14000.0, "car traffic": 12000.0, "poi_count": 25 }, "geometry": { "type": "Point", "coordinates": [ 4330102.992528467439115, 5633926.174777824431658 ] } },
{ "type": "Feature", "properties": { "ID": 50011665, "Address": "улица Красных Партизан, 1/4к3", "Square": "55", "Rating": 4.994, "lat": 45.079066, "long": 38.896576, "index_right": 13.0, "id": 14.0, "geometry_y": "POLYGON ((38.88370865828372 45.07734526782621, 38.887136791021604 45.08979775131957, 38.9041242667792 45.09392716394407, 38.917683609798914 45.08560559495639, 38.914255477061026 45.073152197625, 38.89726800130344 45.06902128311858, 38.88370865828372 45.07734526782621))", "population": 30000.0, "Pedestrian traffic": 14000.0, "car traffic": 12000.0, "poi_count": 31 }, "geometry": { "type": "Point", "coordinates": [ 4329947.033921865746379, 5633977.409982142038643 ] } },
{ "type": "Feature", "properties": { "ID": 139652, "Address": "улица Красных Партизан, 1/4к4", "Square": "70", "Rating": 4.994, "lat": 45.079995, "long": 38.897267, "index_right": 13.0, "id": 14.0, "geometry_y": "POLYGON ((38.88370865828372 45.07734526782621, 38.887136791021604 45.08979775131957, 38.9041242667792 45.09392716394407, 38.917683609798914 45.08560559495639, 38.914255477061026 45.073152197625, 38.89726800130344 45.06902128311858, 38.88370865828372 45.07734526782621))", "population": 30000.0, "Pedestrian traffic": 14000.0, "car traffic": 12000.0, "poi_count": 30 }, "geometry": { "type": "Point", "coordinates": [ 4330023.955690003931522, 5634123.865450227633119 ] } },
{ "type": "Feature", "properties": { "ID": 164050, "Address": "улица Красных Партизан, 1/4к9", "Square": "59", "Rating": 4.984, "lat": 45.081573, "long": 38.898678, "index_right": 13.0, "id": 14.0, "geometry_y": "POLYGON ((38.88370865828372 45.07734526782621, 38.887136791021604 45.08979775131957, 38.9041242667792 45.09392716394407, 38.917683609798914 45.08560559495639, 38.914255477061026 45.073152197625, 38.89726800130344 45.06902128311858, 38.88370865828372 45.07734526782621))", "population": 30000.0, "Pedestrian traffic": 14000.0, "car traffic": 12000.0, "poi_count": 15 }, "geometry": { "type": "Point", "coordinates": [ 4330181.027491512708366, 5634372.640260731801391 ] } },
{ "type": "Feature", "properties": { "ID": 50022268, "Address": "улица Красных Партизан, 1/4к13", "Square": "70", "Rating": 5.0, "lat": 45.081287, "long": 38.900061, "index_right": 13.0, "id": 14.0, "geometry_y": "POLYGON ((38.88370865828372 45.07734526782621, 38.887136791021604 45.08979775131957, 38.9041242667792 45.09392716394407, 38.917683609798914 45.08560559495639, 38.914255477061026 45.073152197625, 38.89726800130344 45.06902128311858, 38.88370865828372 45.07734526782621))", "population": 30000.0, "Pedestrian traffic": 14000.0, "car traffic": 12000.0, "poi_count": 14 }, "geometry": { "type": "Point", "coordinates": [ 4330334.982347280718386, 5634327.551287173293531 ] } },
{ "type": "Feature", "properties": { "ID": 312376, "Address": "улица Красных Партизан, 1/4к21", "Square": "62", "Rating": 4.953, "lat": 45.084023, "long": 38.903574, "index_right": 13.0, "id": 14.0, "geometry_y": "POLYGON ((38.88370865828372 45.07734526782621, 38.887136791021604 45.08979775131957, 38.9041242667792 45.09392716394407, 38.917683609798914 45.08560559495639, 38.914255477061026 45.073152197625, 38.89726800130344 45.06902128311858, 38.88370865828372 45.07734526782621))", "population": 30000.0, "Pedestrian traffic": 14000.0, "car traffic": 12000.0, "poi_count": 19 }, "geometry": { "type": "Point", "coordinates": [ 4330726.047718437388539, 5634758.901206160895526 ] } },
{ "type": "Feature", "properties": { "ID": 308494, "Address": "улица Даниила Смоляна, 65к1", "Square": "50", "Rating": 4.989, "lat": 45.08935, "long": 38.89998, "index_right": 13.0, "id": 14.0, "geometry_y": "POLYGON ((38.88370865828372 45.07734526782621, 38.887136791021604 45.08979775131957, 38.9041242667792 45.09392716394407, 38.917683609798914 45.08560559495639, 38.914255477061026 45.073152197625, 38.89726800130344 45.06902128311858, 38.88370865828372 45.07734526782621))", "population": 30000.0, "Pedestrian traffic": 14000.0, "car traffic": 12000.0, "poi_count": 4 }, "geometry": { "type": "Point", "coordinates": [ 4330325.965468525886536, 5635598.800030950456858 ] } },
{ "type": "Feature", "properties": { "ID": 50015468, "Address": "улица Даниила Смоляна, 71к3", "Square": "55", "Rating": 4.99, "lat": 45.089611, "long": 38.902199, "index_right": 13.0, "id": 14.0, "geometry_y": "POLYGON ((38.88370865828372 45.07734526782621, 38.887136791021604 45.08979775131957, 38.9041242667792 45.09392716394407, 38.917683609798914 45.08560559495639, 38.914255477061026 45.073152197625, 38.89726800130344 45.06902128311858, 38.88370865828372 45.07734526782621))", "population": 30000.0, "Pedestrian traffic": 14000.0, "car traffic": 12000.0, "poi_count": 6 }, "geometry": { "type": "Point", "coordinates": [ 4330572.98341859690845, 5635639.953459906391799 ] } },
{ "type": "Feature", "properties": { "ID": 50019717, "Address": "отделение № 2 Агрофирмы Солнечная, 9/2", "Square": "40", "Rating": 5.0, "lat": 45.0876, "long": 38.909215, "index_right": 13.0, "id": 14.0, "geometry_y": "POLYGON ((38.88370865828372 45.07734526782621, 38.887136791021604 45.08979775131957, 38.9041242667792 45.09392716394407, 38.917683609798914 45.08560559495639, 38.914255477061026 45.073152197625, 38.89726800130344 45.06902128311858, 38.88370865828372 45.07734526782621))", "population": 30000.0, "Pedestrian traffic": 14000.0, "car traffic": 12000.0, "poi_count": 1 }, "geometry": { "type": "Point", "coordinates": [ 4331354.000966002233326, 5635322.871935588307679 ] } },
{ "type": "Feature", "properties": { "ID": 50009047, "Address": "улица Западный Обход, 39/1к6", "Square": "51", "Rating": 4.967, "lat": 45.091933, "long": 38.903124, "index_right": 13.0, "id": 14.0, "geometry_y": "POLYGON ((38.88370865828372 45.07734526782621, 38.887136791021604 45.08979775131957, 38.9041242667792 45.09392716394407, 38.917683609798914 45.08560559495639, 38.914255477061026 45.073152197625, 38.89726800130344 45.06902128311858, 38.88370865828372 45.07734526782621))", "population": 30000.0, "Pedestrian traffic": 14000.0, "car traffic": 12000.0, "poi_count": 17 }, "geometry": { "type": "Point", "coordinates": [ 4330675.953947579488158, 5636006.085348187014461 ] } },
{ "type": "Feature", "properties": { "ID": 312610, "Address": "улица Константина Гондаря, 91", "Square": "50", "Rating": 4.984, "lat": 45.093136, "long": 38.901103, "index_right": 13.0, "id": 14.0, "geometry_y": "POLYGON ((38.88370865828372 45.07734526782621, 38.887136791021604 45.08979775131957, 38.9041242667792 45.09392716394407, 38.917683609798914 45.08560559495639, 38.914255477061026 45.073152197625, 38.89726800130344 45.06902128311858, 38.88370865828372 45.07734526782621))", "population": 30000.0, "Pedestrian traffic": 14000.0, "car traffic": 12000.0, "poi_count": 16 }, "geometry": { "type": "Point", "coordinates": [ 4330450.977256687358022, 5636195.779686791822314 ] } },
{ "type": "Feature", "properties": { "ID": 214065, "Address": "улица Западный Обход, 39/2к7", "Square": "65.5", "Rating": 4.989, "lat": 45.093505, "long": 38.902594, "index_right": 13.0, "id": 14.0, "geometry_y": "POLYGON ((38.88370865828372 45.07734526782621, 38.887136791021604 45.08979775131957, 38.9041242667792 45.09392716394407, 38.917683609798914 45.08560559495639, 38.914255477061026 45.073152197625, 38.89726800130344 45.06902128311858, 38.88370865828372 45.07734526782621))", "population": 30000.0, "Pedestrian traffic": 14000.0, "car traffic": 12000.0, "poi_count": 27 }, "geometry": { "type": "Point", "coordinates": [ 4330616.954617459326982, 5636253.966032850556076 ] } },
{ "type": "Feature", "properties": { "ID": 319166, "Address": "улица Ивана Беличенко, 85", "Square": "56", "Rating": 4.998, "lat": 45.094498, "long": 38.899567, "index_right": 14.0, "id": 15.0, "geometry_y": "POLYGON ((38.87357744800189 45.09811870955496, 38.877005580739784 45.110566664699626, 38.89399305649737 45.11469457544572, 38.90755239951709 45.106376032924636, 38.9041242667792 45.09392716394407, 38.88713679102161 45.08979775131956, 38.87357744800189 45.09811870955496))", "population": 8500.0, "Pedestrian traffic": 1400.0, "car traffic": 1600.0, "poi_count": 16 }, "geometry": { "type": "Point", "coordinates": [ 4330279.990518827922642, 5636410.550668721087277 ] } },
{ "type": "Feature", "properties": { "ID": 50006852, "Address": "улица Западный Обход, 39/2", "Square": "55", "Rating": 4.999, "lat": 45.093702, "long": 38.905658, "index_right": 22.0, "id": 23.0, "geometry_y": "POLYGON ((38.9041242667792 45.09392716394407, 38.90755239951709 45.106376032924636, 38.92453987527468 45.110504246754786, 38.9380992182944 45.102185093482674, 38.93467108555651 45.08973531066572, 38.917683609798914 45.085605594956384, 38.9041242667792 45.09392716394407))", "population": 26000.0, "Pedestrian traffic": 10000.0, "car traffic": 11000.0, "poi_count": 34 }, "geometry": { "type": "Point", "coordinates": [ 4330958.03753725066781, 5636285.030442000366747 ] } },
{ "type": "Feature", "properties": { "ID": 50016237, "Address": "улица Константина Гондаря, 97", "Square": "58", "Rating": 4.993, "lat": 45.095191, "long": 38.903035, "index_right": 14.0, "id": 15.0, "geometry_y": "POLYGON ((38.87357744800189 45.09811870955496, 38.877005580739784 45.110566664699626, 38.89399305649737 45.11469457544572, 38.90755239951709 45.106376032924636, 38.9041242667792 45.09392716394407, 38.88713679102161 45.08979775131956, 38.87357744800189 45.09811870955496))", "population": 8500.0, "Pedestrian traffic": 1400.0, "car traffic": 1600.0, "poi_count": 29 }, "geometry": { "type": "Point", "coordinates": [ 4330666.046512899920344, 5636519.830381214618683 ] } },
{ "type": "Feature", "properties": { "ID": 312117, "Address": "улица Ивана Беличенко, 89", "Square": "86", "Rating": 4.962, "lat": 45.096954, "long": 38.901076, "index_right": 14.0, "id": 15.0, "geometry_y": "POLYGON ((38.87357744800189 45.09811870955496, 38.877005580739784 45.110566664699626, 38.89399305649737 45.11469457544572, 38.90755239951709 45.106376032924636, 38.9041242667792 45.09392716394407, 38.88713679102161 45.08979775131956, 38.87357744800189 45.09811870955496))", "population": 8500.0, "Pedestrian traffic": 1400.0, "car traffic": 1600.0, "poi_count": 9 }, "geometry": { "type": "Point", "coordinates": [ 4330447.971630435436964, 5636797.845209767110646 ] } },
{ "type": "Feature", "properties": { "ID": 140184, "Address": "улица Западный Обход, 45с1", "Square": "49", "Rating": 4.993, "lat": 45.09472, "long": 38.906843, "index_right": 22.0, "id": 23.0, "geometry_y": "POLYGON ((38.9041242667792 45.09392716394407, 38.90755239951709 45.106376032924636, 38.92453987527468 45.110504246754786, 38.9380992182944 45.102185093482674, 38.93467108555651 45.08973531066572, 38.917683609798914 45.085605594956384, 38.9041242667792 45.09392716394407))", "population": 26000.0, "Pedestrian traffic": 10000.0, "car traffic": 11000.0, "poi_count": 40 }, "geometry": { "type": "Point", "coordinates": [ 4331089.951133840717375, 5636445.55787814129144 ] } },
{ "type": "Feature", "properties": { "ID": 217837, "Address": "улица Западный Обход, 42к6", "Square": "70", "Rating": 4.998, "lat": 45.093066, "long": 38.911308, "index_right": 22.0, "id": 23.0, "geometry_y": "POLYGON ((38.9041242667792 45.09392716394407, 38.90755239951709 45.106376032924636, 38.92453987527468 45.110504246754786, 38.9380992182944 45.102185093482674, 38.93467108555651 45.08973531066572, 38.917683609798914 45.085605594956384, 38.9041242667792 45.09392716394407))", "population": 26000.0, "Pedestrian traffic": 10000.0, "car traffic": 11000.0, "poi_count": 18 }, "geometry": { "type": "Point", "coordinates": [ 4331586.992660231888294, 5636184.741668987087905 ] } },
{ "type": "Feature", "properties": { "ID": 108722, "Address": "улица Западный Обход, 42к2", "Square": "65", "Rating": 4.996, "lat": 45.093505, "long": 38.91005, "index_right": 22.0, "id": 23.0, "geometry_y": "POLYGON ((38.9041242667792 45.09392716394407, 38.90755239951709 45.106376032924636, 38.92453987527468 45.110504246754786, 38.9380992182944 45.102185093482674, 38.93467108555651 45.08973531066572, 38.917683609798914 45.085605594956384, 38.9041242667792 45.09392716394407))", "population": 26000.0, "Pedestrian traffic": 10000.0, "car traffic": 11000.0, "poi_count": 22 }, "geometry": { "type": "Point", "coordinates": [ 4331446.952740813605487, 5636253.966032850556076 ] } },
{ "type": "Feature", "properties": { "ID": 50019116, "Address": "улица имени Б.С. Кудухова, 1к1", "Square": "70", "Rating": 5.0, "lat": 45.09451, "long": 38.911317, "index_right": 22.0, "id": 23.0, "geometry_y": "POLYGON ((38.9041242667792 45.09392716394407, 38.90755239951709 45.106376032924636, 38.92453987527468 45.110504246754786, 38.9380992182944 45.102185093482674, 38.93467108555651 45.08973531066572, 38.917683609798914 45.085605594956384, 38.9041242667792 45.09392716394407))", "population": 26000.0, "Pedestrian traffic": 10000.0, "car traffic": 11000.0, "poi_count": 17 }, "geometry": { "type": "Point", "coordinates": [ 4331587.994535648263991, 5636412.442946831695735 ] } },
{ "type": "Feature", "properties": { "ID": 50006212, "Address": "улица имени Генерала Корнилова, 12к1", "Square": "59", "Rating": 4.965, "lat": 45.092474, "long": 38.917039, "index_right": 22.0, "id": 23.0, "geometry_y": "POLYGON ((38.9041242667792 45.09392716394407, 38.90755239951709 45.106376032924636, 38.92453987527468 45.110504246754786, 38.9380992182944 45.102185093482674, 38.93467108555651 45.08973531066572, 38.917683609798914 45.085605594956384, 38.9041242667792 45.09392716394407))", "population": 26000.0, "Pedestrian traffic": 10000.0, "car traffic": 11000.0, "poi_count": 0 }, "geometry": { "type": "Point", "coordinates": [ 4332224.964661968871951, 5636091.392116601578891 ] } },
{ "type": "Feature", "properties": { "ID": 214718, "Address": "улица Западный Обход, 57к1", "Square": "60", "Rating": 4.997, "lat": 45.097634, "long": 38.907257, "index_right": 22.0, "id": 23.0, "geometry_y": "POLYGON ((38.9041242667792 45.09392716394407, 38.90755239951709 45.106376032924636, 38.92453987527468 45.110504246754786, 38.9380992182944 45.102185093482674, 38.93467108555651 45.08973531066572, 38.917683609798914 45.085605594956384, 38.9041242667792 45.09392716394407))", "population": 26000.0, "Pedestrian traffic": 10000.0, "car traffic": 11000.0, "poi_count": 26 }, "geometry": { "type": "Point", "coordinates": [ 4331136.037403029389679, 5636905.079541850835085 ] } },
{ "type": "Feature", "properties": { "ID": 50018091, "Address": "улица Западный Обход, 57к2", "Square": "40", "Rating": 5.0, "lat": 45.098754, "long": 38.908263, "index_right": 22.0, "id": 23.0, "geometry_y": "POLYGON ((38.9041242667792 45.09392716394407, 38.90755239951709 45.106376032924636, 38.92453987527468 45.110504246754786, 38.9380992182944 45.102185093482674, 38.93467108555651 45.08973531066572, 38.917683609798914 45.085605594956384, 38.9041242667792 45.09392716394407))", "population": 26000.0, "Pedestrian traffic": 10000.0, "car traffic": 11000.0, "poi_count": 21 }, "geometry": { "type": "Point", "coordinates": [ 4331248.024810766801238, 5637081.703578563407063 ] } },
{ "type": "Feature", "properties": { "ID": 317159, "Address": "улица Константина Гондаря, 103к1", "Square": "70", "Rating": 4.999, "lat": 45.098977, "long": 38.907427, "index_right": 22.0, "id": 23.0, "geometry_y": "POLYGON ((38.9041242667792 45.09392716394407, 38.90755239951709 45.106376032924636, 38.92453987527468 45.110504246754786, 38.9380992182944 45.102185093482674, 38.93467108555651 45.08973531066572, 38.917683609798914 45.085605594956384, 38.9041242667792 45.09392716394407))", "population": 26000.0, "Pedestrian traffic": 10000.0, "car traffic": 11000.0, "poi_count": 22 }, "geometry": { "type": "Point", "coordinates": [ 4331154.961716463789344, 5637116.871099447831511 ] } },
{ "type": "Feature", "properties": { "ID": 319960, "Address": "улица Ивана Беличенко, 95", "Square": "42", "Rating": 4.995, "lat": 45.099492, "long": 38.903403, "index_right": 14.0, "id": 15.0, "geometry_y": "POLYGON ((38.87357744800189 45.09811870955496, 38.877005580739784 45.110566664699626, 38.89399305649737 45.11469457544572, 38.90755239951709 45.106376032924636, 38.9041242667792 45.09392716394407, 38.88713679102161 45.08979775131956, 38.87357744800189 45.09811870955496))", "population": 8500.0, "Pedestrian traffic": 1400.0, "car traffic": 1600.0, "poi_count": 9 }, "geometry": { "type": "Point", "coordinates": [ 4330707.012085511349142, 5637198.088096315972507 ] } },
{ "type": "Feature", "properties": { "ID": 306313, "Address": "улица Ивана Беличенко, 97", "Square": "68.5", "Rating": 4.995, "lat": 45.10135, "long": 38.905191, "index_right": 14.0, "id": 15.0, "geometry_y": "POLYGON ((38.87357744800189 45.09811870955496, 38.877005580739784 45.110566664699626, 38.89399305649737 45.11469457544572, 38.90755239951709 45.106376032924636, 38.9041242667792 45.09392716394407, 38.88713679102161 45.08979775131956, 38.87357744800189 45.09811870955496))", "population": 8500.0, "Pedestrian traffic": 1400.0, "car traffic": 1600.0, "poi_count": 11 }, "geometry": { "type": "Point", "coordinates": [ 4330906.051335049793124, 5637491.106185736134648 ] } },
{ "type": "Feature", "properties": { "ID": 50015425, "Address": "улица Ивана Беличенко, 92к3", "Square": "107", "Rating": 4.996, "lat": 45.103812, "long": 38.904813, "index_right": 14.0, "id": 15.0, "geometry_y": "POLYGON ((38.87357744800189 45.09811870955496, 38.877005580739784 45.110566664699626, 38.89399305649737 45.11469457544572, 38.90755239951709 45.106376032924636, 38.9041242667792 45.09392716394407, 38.88713679102161 45.08979775131956, 38.87357744800189 45.09811870955496))", "population": 8500.0, "Pedestrian traffic": 1400.0, "car traffic": 1600.0, "poi_count": 6 }, "geometry": { "type": "Point", "coordinates": [ 4330863.972567529417574, 5637879.393499949947 ] } },
{ "type": "Feature", "properties": { "ID": 313779, "Address": "улица Ивана Беличенко, 103", "Square": "72", "Rating": 4.984, "lat": 45.103939, "long": 38.907454, "index_right": 22.0, "id": 23.0, "geometry_y": "POLYGON ((38.9041242667792 45.09392716394407, 38.90755239951709 45.106376032924636, 38.92453987527468 45.110504246754786, 38.9380992182944 45.102185093482674, 38.93467108555651 45.08973531066572, 38.917683609798914 45.085605594956384, 38.9041242667792 45.09392716394407))", "population": 26000.0, "Pedestrian traffic": 10000.0, "car traffic": 11000.0, "poi_count": 6 }, "geometry": { "type": "Point", "coordinates": [ 4331157.967342714779079, 5637899.423397213220596 ] } },
{ "type": "Feature", "properties": { "ID": 311080, "Address": "улица Западный Обход, 65к1", "Square": "80", "Rating": 4.986, "lat": 45.10268, "long": 38.913707, "index_right": 22.0, "id": 23.0, "geometry_y": "POLYGON ((38.9041242667792 45.09392716394407, 38.90755239951709 45.106376032924636, 38.92453987527468 45.110504246754786, 38.9380992182944 45.102185093482674, 38.93467108555651 45.08973531066572, 38.917683609798914 45.085605594956384, 38.9041242667792 45.09392716394407))", "population": 26000.0, "Pedestrian traffic": 10000.0, "car traffic": 11000.0, "poi_count": 5 }, "geometry": { "type": "Point", "coordinates": [ 4331854.048118645325303, 5637700.861266194842756 ] } },
{ "type": "Feature", "properties": { "ID": 50015883, "Address": "Крылатская улица, 7", "Square": "124.5", "Rating": 4.984, "lat": 45.098112, "long": 38.915476, "index_right": 22.0, "id": 23.0, "geometry_y": "POLYGON ((38.9041242667792 45.09392716394407, 38.90755239951709 45.106376032924636, 38.92453987527468 45.110504246754786, 38.9380992182944 45.102185093482674, 38.93467108555651 45.08973531066572, 38.917683609798914 45.085605594956384, 38.9041242667792 45.09392716394407))", "population": 26000.0, "Pedestrian traffic": 10000.0, "car traffic": 11000.0, "poi_count": 4 }, "geometry": { "type": "Point", "coordinates": [ 4332050.972297858446836, 5636980.459733749739826 ] } },
{ "type": "Feature", "properties": { "ID": 50007486, "Address": "улица имени Генерала Брусилова, 5лит1.1", "Square": "57", "Rating": 5.0, "lat": 45.100275, "long": 38.917884, "index_right": 22.0, "id": 23.0, "geometry_y": "POLYGON ((38.9041242667792 45.09392716394407, 38.90755239951709 45.106376032924636, 38.92453987527468 45.110504246754786, 38.9380992182944 45.102185093482674, 38.93467108555651 45.08973531066572, 38.917683609798914 45.085605594956384, 38.9041242667792 45.09392716394407))", "population": 26000.0, "Pedestrian traffic": 10000.0, "car traffic": 11000.0, "poi_count": 6 }, "geometry": { "type": "Point", "coordinates": [ 4332319.029631689190865, 5637321.570875713601708 ] } },
{ "type": "Feature", "properties": { "ID": 308121, "Address": "Цветная улица, 43", "Square": "74", "Rating": 4.998, "lat": 45.10072, "long": 38.928035, "index_right": 22.0, "id": 23.0, "geometry_y": "POLYGON ((38.9041242667792 45.09392716394407, 38.90755239951709 45.106376032924636, 38.92453987527468 45.110504246754786, 38.9380992182944 45.102185093482674, 38.93467108555651 45.08973531066572, 38.917683609798914 45.085605594956384, 38.9041242667792 45.09392716394407))", "population": 26000.0, "Pedestrian traffic": 10000.0, "car traffic": 11000.0, "poi_count": 13 }, "geometry": { "type": "Point", "coordinates": [ 4333449.033782730810344, 5637391.750221506692469 ] } },
{ "type": "Feature", "properties": { "ID": 50015564, "Address": "Владимирская улица, 15", "Square": "94", "Rating": 4.993, "lat": 45.100828, "long": 38.933281, "index_right": 22.0, "id": 23.0, "geometry_y": "POLYGON ((38.9041242667792 45.09392716394407, 38.90755239951709 45.106376032924636, 38.92453987527468 45.110504246754786, 38.9380992182944 45.102185093482674, 38.93467108555651 45.08973531066572, 38.917683609798914 45.085605594956384, 38.9041242667792 45.09392716394407))", "population": 26000.0, "Pedestrian traffic": 10000.0, "car traffic": 11000.0, "poi_count": 10 }, "geometry": { "type": "Point", "coordinates": [ 4334033.015831432305276, 5637408.782594654709101 ] } },
{ "type": "Feature", "properties": { "ID": 150148, "Address": "Средняя улица, 80", "Square": "57", "Rating": 4.969, "lat": 45.102527, "long": 38.930227, "index_right": 22.0, "id": 23.0, "geometry_y": "POLYGON ((38.9041242667792 45.09392716394407, 38.90755239951709 45.106376032924636, 38.92453987527468 45.110504246754786, 38.9380992182944 45.102185093482674, 38.93467108555651 45.08973531066572, 38.917683609798914 45.085605594956384, 38.9041242667792 45.09392716394407))", "population": 26000.0, "Pedestrian traffic": 10000.0, "car traffic": 11000.0, "poi_count": 13 }, "geometry": { "type": "Point", "coordinates": [ 4333693.046106550842524, 5637676.731297683902085 ] } },
{ "type": "Feature", "properties": { "ID": 322809, "Address": "улица имени Героя Ростовского, 8к6", "Square": "44", "Rating": 4.993, "lat": 45.095986, "long": 38.940072, "index_right": 29.0, "id": 30.0, "geometry_y": "POLYGON ((38.93467108555651 45.08973531066573, 38.93809921829438 45.102185093482674, 38.955086694051985 45.10631361039706, 38.9686460370717 45.09799384637357, 38.96521790433382 45.0855431497198, 38.94823042857622 45.08141313092549, 38.93467108555651 45.08973531066573))", "population": 11000.0, "Pedestrian traffic": 3400.0, "car traffic": 2600.0, "poi_count": 4 }, "geometry": { "type": "Point", "coordinates": [ 4334788.986493409611285, 5636645.196186872199178 ] } },
{ "type": "Feature", "properties": { "ID": 311268, "Address": "улица имени Героя Ростовского, 8к3", "Square": "72.1", "Rating": 5.0, "lat": 45.096699, "long": 38.942165, "index_right": 29.0, "id": 30.0, "geometry_y": "POLYGON ((38.93467108555651 45.08973531066573, 38.93809921829438 45.102185093482674, 38.955086694051985 45.10631361039706, 38.9686460370717 45.09799384637357, 38.96521790433382 45.0855431497198, 38.94823042857622 45.08141313092549, 38.93467108555651 45.08973531066573))", "population": 11000.0, "Pedestrian traffic": 3400.0, "car traffic": 2600.0, "poi_count": 4 }, "geometry": { "type": "Point", "coordinates": [ 4335021.978187641128898, 5636757.63266446441412 ] } },
{ "type": "Feature", "properties": { "ID": 50000027, "Address": "Цветочная улица, 108", "Square": "117.4", "Rating": 5.0, "lat": 45.105587, "long": 38.939578, "index_right": 30.0, "id": 31.0, "geometry_y": "POLYGON ((38.92453987527468 45.110504246754786, 38.92796800801257 45.122949501229876, 38.944955483770165 45.12707651626831, 38.95851482678987 45.118759778706554, 38.95508669405199 45.10631361039705, 38.9380992182944 45.102185093482674, 38.92453987527468 45.110504246754786))", "population": 13000.0, "Pedestrian traffic": 9500.0, "car traffic": 13000.0, "poi_count": 6 }, "geometry": { "type": "Point", "coordinates": [ 4334733.994664957746863, 5638159.342955227009952 ] } },
{ "type": "Feature", "properties": { "ID": 308919, "Address": "Средняя улица, 48", "Square": "76", "Rating": 4.999, "lat": 45.108068, "long": 38.933856, "index_right": 30.0, "id": 31.0, "geometry_y": "POLYGON ((38.92453987527468 45.110504246754786, 38.92796800801257 45.122949501229876, 38.944955483770165 45.12707651626831, 38.95851482678987 45.118759778706554, 38.95508669405199 45.10631361039705, 38.9380992182944 45.102185093482674, 38.92453987527468 45.110504246754786))", "population": 13000.0, "Pedestrian traffic": 9500.0, "car traffic": 13000.0, "poi_count": 9 }, "geometry": { "type": "Point", "coordinates": [ 4334097.024538639001548, 5638550.655907730571926 ] } },
{ "type": "Feature", "properties": { "ID": 5724, "Address": "Средняя улица, 36", "Square": "73.24", "Rating": 4.917, "lat": 45.110867, "long": 38.935572, "index_right": 30.0, "id": 31.0, "geometry_y": "POLYGON ((38.92453987527468 45.110504246754786, 38.92796800801257 45.122949501229876, 38.944955483770165 45.12707651626831, 38.95851482678987 45.118759778706554, 38.95508669405199 45.10631361039705, 38.9380992182944 45.102185093482674, 38.92453987527468 45.110504246754786))", "population": 13000.0, "Pedestrian traffic": 9500.0, "car traffic": 13000.0, "poi_count": 8 }, "geometry": { "type": "Point", "coordinates": [ 4334288.0487848399207, 5638992.145473743788898 ] } },
{ "type": "Feature", "properties": { "ID": 139667, "Address": "Византийская улица, 1", "Square": "38", "Rating": 4.984, "lat": 45.113049, "long": 38.928116, "index_right": 30.0, "id": 31.0, "geometry_y": "POLYGON ((38.92453987527468 45.110504246754786, 38.92796800801257 45.122949501229876, 38.944955483770165 45.12707651626831, 38.95851482678987 45.118759778706554, 38.95508669405199 45.10631361039705, 38.9380992182944 45.102185093482674, 38.92453987527468 45.110504246754786))", "population": 13000.0, "Pedestrian traffic": 9500.0, "car traffic": 13000.0, "poi_count": 12 }, "geometry": { "type": "Point", "coordinates": [ 4333458.050661485642195, 5639336.32992157060653 ] } },
{ "type": "Feature", "properties": { "ID": 336560, "Address": "Византийская улица, 5", "Square": "67", "Rating": 5.0, "lat": 45.113704, "long": 38.929095, "index_right": 30.0, "id": 31.0, "geometry_y": "POLYGON ((38.92453987527468 45.110504246754786, 38.92796800801257 45.122949501229876, 38.944955483770165 45.12707651626831, 38.95851482678987 45.118759778706554, 38.95508669405199 45.10631361039705, 38.9380992182944 45.102185093482674, 38.92453987527468 45.110504246754786))", "population": 13000.0, "Pedestrian traffic": 9500.0, "car traffic": 13000.0, "poi_count": 12 }, "geometry": { "type": "Point", "coordinates": [ 4333567.032442972064018, 5639439.650919143110514 ] } },
{ "type": "Feature", "properties": { "ID": 130971, "Address": "Византийская улица, 7", "Square": "61", "Rating": 4.961, "lat": 45.114136, "long": 38.929247, "index_right": 30.0, "id": 31.0, "geometry_y": "POLYGON ((38.92453987527468 45.110504246754786, 38.92796800801257 45.122949501229876, 38.944955483770165 45.12707651626831, 38.95851482678987 45.118759778706554, 38.95508669405199 45.10631361039705, 38.9380992182944 45.102185093482674, 38.92453987527468 45.110504246754786))", "population": 13000.0, "Pedestrian traffic": 9500.0, "car traffic": 13000.0, "poi_count": 11 }, "geometry": { "type": "Point", "coordinates": [ 4333583.953005571849644, 5639507.796103929169476 ] } },
{ "type": "Feature", "properties": { "ID": 50033767, "Address": "улица Марины Цветаевой, 7к2", "Square": "80", "Rating": 5.0, "lat": 45.111191, "long": 38.919195, "index_right": 23.0, "id": 24.0, "geometry_y": "POLYGON ((38.89399305649737 45.11469457544571, 38.89742118923526 45.12713891608693, 38.914408664992855 45.13126562804202, 38.92796800801257 45.122949501229876, 38.92453987527468 45.11050424675478, 38.90755239951709 45.10637603292463, 38.89399305649737 45.11469457544571))", "population": 4400.0, "Pedestrian traffic": 4200.0, "car traffic": 9000.0, "poi_count": 2 }, "geometry": { "type": "Point", "coordinates": [ 4332464.969484118744731, 5639043.251773428171873 ] } },
{ "type": "Feature", "properties": { "ID": 102081, "Address": "улица Марины Цветаевой, 15", "Square": "92.7", "Rating": 4.988, "lat": 45.113602, "long": 38.921621, "index_right": 23.0, "id": 24.0, "geometry_y": "POLYGON ((38.89399305649737 45.11469457544571, 38.89742118923526 45.12713891608693, 38.914408664992855 45.13126562804202, 38.92796800801257 45.122949501229876, 38.92453987527468 45.11050424675478, 38.90755239951709 45.10637603292463, 38.89399305649737 45.11469457544571))", "population": 4400.0, "Pedestrian traffic": 4200.0, "car traffic": 9000.0, "poi_count": 7 }, "geometry": { "type": "Point", "coordinates": [ 4332735.030568783171475, 5639423.561159124597907 ] } },
{ "type": "Feature", "properties": { "ID": 50031276, "Address": "улица Марины Цветаевой, 2", "Square": "50", "Rating": 4.993, "lat": 45.113647, "long": 38.917911, "index_right": 23.0, "id": 24.0, "geometry_y": "POLYGON ((38.89399305649737 45.11469457544571, 38.89742118923526 45.12713891608693, 38.914408664992855 45.13126562804202, 38.92796800801257 45.122949501229876, 38.92453987527468 45.11050424675478, 38.90755239951709 45.10637603292463, 38.89399305649737 45.11469457544571))", "population": 4400.0, "Pedestrian traffic": 4200.0, "car traffic": 9000.0, "poi_count": 2 }, "geometry": { "type": "Point", "coordinates": [ 4332322.0352579401806, 5639430.659579117782414 ] } },
{ "type": "Feature", "properties": { "ID": 335769, "Address": "Кёльнская улица, 21", "Square": "51.4", "Rating": 5.0, "lat": 45.117437, "long": 38.918809, "index_right": 23.0, "id": 24.0, "geometry_y": "POLYGON ((38.89399305649737 45.11469457544571, 38.89742118923526 45.12713891608693, 38.914408664992855 45.13126562804202, 38.92796800801257 45.122949501229876, 38.92453987527468 45.11050424675478, 38.90755239951709 45.10637603292463, 38.89399305649737 45.11469457544571))", "population": 4400.0, "Pedestrian traffic": 4200.0, "car traffic": 9000.0, "poi_count": 3 }, "geometry": { "type": "Point", "coordinates": [ 4332422.000160672701895, 5640028.524373923428357 ] } },
{ "type": "Feature", "properties": { "ID": 217698, "Address": "Веронская улица, 4", "Square": "52", "Rating": 4.995, "lat": 45.120395, "long": 38.916896, "index_right": 23.0, "id": 24.0, "geometry_y": "POLYGON ((38.89399305649737 45.11469457544571, 38.89742118923526 45.12713891608693, 38.914408664992855 45.13126562804202, 38.92796800801257 45.122949501229876, 38.92453987527468 45.11050424675478, 38.90755239951709 45.10637603292463, 38.89399305649737 45.11469457544571))", "population": 4400.0, "Pedestrian traffic": 4200.0, "car traffic": 9000.0, "poi_count": 1 }, "geometry": { "type": "Point", "coordinates": [ 4332209.045974784530699, 5640495.170451549813151 ] } },
{ "type": "Feature", "properties": { "ID": 50019258, "Address": "Тирольская улица, 1А", "Square": "58", "Rating": 5.0, "lat": 45.121177, "long": 38.922968, "index_right": 23.0, "id": 24.0, "geometry_y": "POLYGON ((38.89399305649737 45.11469457544571, 38.89742118923526 45.12713891608693, 38.914408664992855 45.13126562804202, 38.92796800801257 45.122949501229876, 38.92453987527468 45.11050424675478, 38.90755239951709 45.10637603292463, 38.89399305649737 45.11469457544571))", "population": 4400.0, "Pedestrian traffic": 4200.0, "car traffic": 9000.0, "poi_count": 4 }, "geometry": { "type": "Point", "coordinates": [ 4332884.977922881022096, 5640618.540699273347855 ] } },
{ "type": "Feature", "properties": { "ID": 50010015, "Address": "Атлантическая улица, 2к1", "Square": "50", "Rating": 5.0, "lat": 45.123638, "long": 38.913419, "index_right": 23.0, "id": 24.0, "geometry_y": "POLYGON ((38.89399305649737 45.11469457544571, 38.89742118923526 45.12713891608693, 38.914408664992855 45.13126562804202, 38.92796800801257 45.122949501229876, 38.92453987527468 45.11050424675478, 38.90755239951709 45.10637603292463, 38.89399305649737 45.11469457544571))", "population": 4400.0, "Pedestrian traffic": 4200.0, "car traffic": 9000.0, "poi_count": 1 }, "geometry": { "type": "Point", "coordinates": [ 4331821.9881052961573, 5641006.805160674266517 ] } },
{ "type": "Feature", "properties": { "ID": 168175, "Address": "Звёздный переулок, 2А", "Square": "57", "Rating": 4.994, "lat": 45.12947, "long": 38.907346, "index_right": 23.0, "id": 24.0, "geometry_y": "POLYGON ((38.89399305649737 45.11469457544571, 38.89742118923526 45.12713891608693, 38.914408664992855 45.13126562804202, 38.92796800801257 45.122949501229876, 38.92453987527468 45.11050424675478, 38.90755239951709 45.10637603292463, 38.89399305649737 45.11469457544571))", "population": 4400.0, "Pedestrian traffic": 4200.0, "car traffic": 9000.0, "poi_count": 4 }, "geometry": { "type": "Point", "coordinates": [ 4331145.944837708957493, 5641926.968887900002301 ] } },
{ "type": "Feature", "properties": { "ID": 354605, "Address": "Лиссабонская улица, 109к29", "Square": "125.1", "Rating": 4.999, "lat": 45.131377, "long": 38.910023, "index_right": null, "id": null, "geometry_y": null, "population": null, "Pedestrian traffic": null, "car traffic": null, "poi_count": 2 }, "geometry": { "type": "Point", "coordinates": [ 4331443.947114563547075, 5642227.872740888036788 ] } },
{ "type": "Feature", "properties": { "ID": 320672, "Address": "Пиренейская улица, 4", "Square": "57", "Rating": 4.987, "lat": 45.131231, "long": 38.907526, "index_right": null, "id": null, "geometry_y": null, "population": null, "Pedestrian traffic": null, "car traffic": null, "poi_count": 3 }, "geometry": { "type": "Point", "coordinates": [ 4331165.982346051372588, 5642204.835173632018268 ] } },
{ "type": "Feature", "properties": { "ID": 50027098, "Address": "Звёздный переулок, 2", "Square": "30", "Rating": 5.0, "lat": 45.130767, "long": 38.905756, "index_right": null, "id": null, "geometry_y": null, "population": null, "Pedestrian traffic": null, "car traffic": null, "poi_count": 3 }, "geometry": { "type": "Point", "coordinates": [ 4330968.946847347542644, 5642131.620282925665379 ] } },
{ "type": "Feature", "properties": { "ID": 50001880, "Address": "Звёздная улица, 9", "Square": "53", "Rating": 4.914, "lat": 45.133737, "long": 38.905379, "index_right": null, "id": null, "geometry_y": null, "population": null, "Pedestrian traffic": null, "car traffic": null, "poi_count": 0 }, "geometry": { "type": "Point", "coordinates": [ 4330926.97939931973815, 5642600.268995839171112 ] } },
{ "type": "Feature", "properties": { "ID": 211869, "Address": "проспект Гёте, 6", "Square": "105", "Rating": 5.0, "lat": 45.118341, "long": 38.929867, "index_right": 30.0, "id": 31.0, "geometry_y": "POLYGON ((38.92453987527468 45.110504246754786, 38.92796800801257 45.122949501229876, 38.944955483770165 45.12707651626831, 38.95851482678987 45.118759778706554, 38.95508669405199 45.10631361039705, 38.9380992182944 45.102185093482674, 38.92453987527468 45.110504246754786))", "population": 13000.0, "Pedestrian traffic": 9500.0, "car traffic": 13000.0, "poi_count": 14 }, "geometry": { "type": "Point", "coordinates": [ 4333652.971089865081012, 5640171.134401430375874 ] } },
{ "type": "Feature", "properties": { "ID": 314525, "Address": "Скандинавская улица, 1", "Square": "53", "Rating": 4.986, "lat": 45.121355, "long": 38.93408, "index_right": 30.0, "id": 31.0, "geometry_y": "POLYGON ((38.92453987527468 45.110504246754786, 38.92796800801257 45.122949501229876, 38.944955483770165 45.12707651626831, 38.95851482678987 45.118759778706554, 38.95508669405199 45.10631361039705, 38.9380992182944 45.102185093482674, 38.92453987527468 45.110504246754786))", "population": 13000.0, "Pedestrian traffic": 9500.0, "car traffic": 13000.0, "poi_count": 4 }, "geometry": { "type": "Point", "coordinates": [ 4334121.960104577243328, 5640646.622654316946864 ] } },
{ "type": "Feature", "properties": { "ID": 318295, "Address": "Скандинавская улица, 1к10", "Square": "68", "Rating": 4.993, "lat": 45.121323, "long": 38.93647, "index_right": 30.0, "id": 31.0, "geometry_y": "POLYGON ((38.92453987527468 45.110504246754786, 38.92796800801257 45.122949501229876, 38.944955483770165 45.12707651626831, 38.95851482678987 45.118759778706554, 38.95508669405199 45.10631361039705, 38.9380992182944 45.102185093482674, 38.92453987527468 45.110504246754786))", "population": 13000.0, "Pedestrian traffic": 9500.0, "car traffic": 13000.0, "poi_count": 4 }, "geometry": { "type": "Point", "coordinates": [ 4334388.013687572441995, 5640641.574206500314176 ] } },
{ "type": "Feature", "properties": { "ID": 318205, "Address": "Скандинавская улица, 1к5", "Square": "74", "Rating": 5.0, "lat": 45.119511, "long": 38.937934, "index_right": 30.0, "id": 31.0, "geometry_y": "POLYGON ((38.92453987527468 45.110504246754786, 38.92796800801257 45.122949501229876, 38.944955483770165 45.12707651626831, 38.95851482678987 45.118759778706554, 38.95508669405199 45.10631361039705, 38.9380992182944 45.102185093482674, 38.92453987527468 45.110504246754786))", "population": 13000.0, "Pedestrian traffic": 9500.0, "car traffic": 13000.0, "poi_count": 5 }, "geometry": { "type": "Point", "coordinates": [ 4334550.985422093421221, 5640355.710468489676714 ] } },
{ "type": "Feature", "properties": { "ID": 50008906, "Address": "Средняя улица, 32/36", "Square": "45", "Rating": 4.999, "lat": 45.117654, "long": 38.939991, "index_right": 30.0, "id": 31.0, "geometry_y": "POLYGON ((38.92453987527468 45.110504246754786, 38.92796800801257 45.122949501229876, 38.944955483770165 45.12707651626831, 38.95851482678987 45.118759778706554, 38.95508669405199 45.10631361039705, 38.9380992182944 45.102185093482674, 38.92453987527468 45.110504246754786))", "population": 13000.0, "Pedestrian traffic": 9500.0, "car traffic": 13000.0, "poi_count": 4 }, "geometry": { "type": "Point", "coordinates": [ 4334779.969614655710757, 5640062.756884625181556 ] } },
{ "type": "Feature", "properties": { "ID": 325165, "Address": "Средняя улица, 15А", "Square": "82", "Rating": 5.0, "lat": 45.122417, "long": 38.943719, "index_right": 30.0, "id": 31.0, "geometry_y": "POLYGON ((38.92453987527468 45.110504246754786, 38.92796800801257 45.122949501229876, 38.944955483770165 45.12707651626831, 38.95851482678987 45.118759778706554, 38.95508669405199 45.10631361039705, 38.9380992182944 45.102185093482674, 38.92453987527468 45.110504246754786))", "population": 13000.0, "Pedestrian traffic": 9500.0, "car traffic": 13000.0, "poi_count": 2 }, "geometry": { "type": "Point", "coordinates": [ 4335194.96867633331567, 5640814.169622569344938 ] } },
{ "type": "Feature", "properties": { "ID": 50003926, "Address": "улица Писателя В.П. Неподобы, 34", "Square": "112", "Rating": 4.99, "lat": 45.130118, "long": 38.940207, "index_right": 31.0, "id": 32.0, "geometry_y": "POLYGON ((38.914408664992855 45.13126562804202, 38.91783679773074 45.14370635418863, 38.93482427348834 45.147831867355855, 38.948383616508046 45.13951815624644, 38.944955483770165 45.1270765162683, 38.92796800801257 45.122949501229876, 38.914408664992855 45.13126562804202))", "population": 1900.0, "Pedestrian traffic": 1400.0, "car traffic": 700.0, "poi_count": 1 }, "geometry": { "type": "Point", "coordinates": [ 4334804.014624667353928, 5642029.215109555050731 ] } },
{ "type": "Feature", "properties": { "ID": 110453, "Address": "улица 1-я Линия Поймы реки Кубань, 2", "Square": "90", "Rating": 4.978, "lat": 45.01425, "long": 38.991258, "index_right": 25.0, "id": 26.0, "geometry_y": "POLYGON ((38.97519592668381 45.00658401796791, 38.9786240594217 45.01905191423846, 38.99561153517929 45.0231864386884, 39.009170878199 45.01485456875558, 39.00574274546111 45.00238575864337, 38.98875526970352 44.99824973230555, 38.97519592668381 45.00658401796791))", "population": 7500.0, "Pedestrian traffic": 20000.0, "car traffic": 20000.0, "poi_count": 21 }, "geometry": { "type": "Point", "coordinates": [ 4340486.985949154943228, 5623765.136089513078332 ] } },
{ "type": "Feature", "properties": { "ID": 50022799, "Address": "улица 1-я Линия Поймы реки Кубань, 43", "Square": "45", "Rating": 4.866, "lat": 45.01532, "long": 38.992183, "index_right": 25.0, "id": 26.0, "geometry_y": "POLYGON ((38.97519592668381 45.00658401796791, 38.9786240594217 45.01905191423846, 38.99561153517929 45.0231864386884, 39.009170878199 45.01485456875558, 39.00574274546111 45.00238575864337, 38.98875526970352 44.99824973230555, 38.97519592668381 45.00658401796791))", "population": 7500.0, "Pedestrian traffic": 20000.0, "car traffic": 20000.0, "poi_count": 30 }, "geometry": { "type": "Point", "coordinates": [ 4340589.956478137522936, 5623933.629175244830549 ] } },
{ "type": "Feature", "properties": { "ID": 321507, "Address": "улица Вишняковой, 1/23к2", "Square": "71", "Rating": 4.991, "lat": 45.008591, "long": 38.996792, "index_right": 25.0, "id": 26.0, "geometry_y": "POLYGON ((38.97519592668381 45.00658401796791, 38.9786240594217 45.01905191423846, 38.99561153517929 45.0231864386884, 39.009170878199 45.01485456875558, 39.00574274546111 45.00238575864337, 38.98875526970352 44.99824973230555, 38.97519592668381 45.00658401796791))", "population": 7500.0, "Pedestrian traffic": 20000.0, "car traffic": 20000.0, "poi_count": 3 }, "geometry": { "type": "Point", "coordinates": [ 4341103.028011203743517, 5622874.064726788550615 ] } },
{ "type": "Feature", "properties": { "ID": 50006291, "Address": "Ставропольская улица, 60", "Square": "41", "Rating": 4.948, "lat": 45.017493, "long": 38.992857, "index_right": 25.0, "id": 26.0, "geometry_y": "POLYGON ((38.97519592668381 45.00658401796791, 38.9786240594217 45.01905191423846, 38.99561153517929 45.0231864386884, 39.009170878199 45.01485456875558, 39.00574274546111 45.00238575864337, 38.98875526970352 44.99824973230555, 38.97519592668381 45.00658401796791))", "population": 7500.0, "Pedestrian traffic": 20000.0, "car traffic": 20000.0, "poi_count": 29 }, "geometry": { "type": "Point", "coordinates": [ 4340664.985814933665097, 5624275.821551837958395 ] } },
{ "type": "Feature", "properties": { "ID": 213506, "Address": "улица КИМ, 37", "Square": "79", "Rating": 5.0, "lat": 45.01741, "long": 38.99875, "index_right": 25.0, "id": 26.0, "geometry_y": "POLYGON ((38.97519592668381 45.00658401796791, 38.9786240594217 45.01905191423846, 38.99561153517929 45.0231864386884, 39.009170878199 45.01485456875558, 39.00574274546111 45.00238575864337, 38.98875526970352 44.99824973230555, 38.97519592668381 45.00658401796791))", "population": 7500.0, "Pedestrian traffic": 20000.0, "car traffic": 20000.0, "poi_count": 48 }, "geometry": { "type": "Point", "coordinates": [ 4341320.99157417844981, 5624262.750918805599213 ] } },
{ "type": "Feature", "properties": { "ID": 101476, "Address": "улица КИМ, 36/1", "Square": "90", "Rating": 5.0, "lat": 45.017072, "long": 38.998777, "index_right": 25.0, "id": 26.0, "geometry_y": "POLYGON ((38.97519592668381 45.00658401796791, 38.9786240594217 45.01905191423846, 38.99561153517929 45.0231864386884, 39.009170878199 45.01485456875558, 39.00574274546111 45.00238575864337, 38.98875526970352 44.99824973230555, 38.97519592668381 45.00658401796791))", "population": 7500.0, "Pedestrian traffic": 20000.0, "car traffic": 20000.0, "poi_count": 45 }, "geometry": { "type": "Point", "coordinates": [ 4341323.997200428508222, 5624209.52371731121093 ] } },
{ "type": "Feature", "properties": { "ID": 50007505, "Address": "Ставропольская улица, 128", "Square": "114", "Rating": 5.0, "lat": 45.01985, "long": 39.002505, "index_right": 34.0, "id": 35.0, "geometry_y": "POLYGON ((38.99561153517929 45.02318643868839, 38.999039667917174 45.03565072042854, 39.01602714367477 45.039784046077436, 39.02958648669448 45.031454591873235, 39.026158353956596 45.018989396291765, 39.009170878199 45.014854568755574, 38.99561153517929 45.02318643868839))", "population": 25000.0, "Pedestrian traffic": 50000.0, "car traffic": 47000.0, "poi_count": 61 }, "geometry": { "type": "Point", "coordinates": [ 4341738.996262106113136, 5624647.003943006508052 ] } },
{ "type": "Feature", "properties": { "ID": 50022830, "Address": "Ставропольская улица, 172", "Square": "57.4", "Rating": 4.982, "lat": 45.019774, "long": 39.007383, "index_right": 34.0, "id": 35.0, "geometry_y": "POLYGON ((38.99561153517929 45.02318643868839, 38.999039667917174 45.03565072042854, 39.01602714367477 45.039784046077436, 39.02958648669448 45.031454591873235, 39.026158353956596 45.018989396291765, 39.009170878199 45.014854568755574, 38.99561153517929 45.02318643868839))", "population": 25000.0, "Pedestrian traffic": 50000.0, "car traffic": 47000.0, "poi_count": 38 }, "geometry": { "type": "Point", "coordinates": [ 4342282.012738196179271, 5624635.035159112885594 ] } },
{ "type": "Feature", "properties": { "ID": 308356, "Address": "улица Маяковского, 121", "Square": "78.4", "Rating": 4.971, "lat": 45.01943, "long": 39.012234, "index_right": 34.0, "id": 35.0, "geometry_y": "POLYGON ((38.99561153517929 45.02318643868839, 38.999039667917174 45.03565072042854, 39.01602714367477 45.039784046077436, 39.02958648669448 45.031454591873235, 39.026158353956596 45.018989396291765, 39.009170878199 45.014854568755574, 38.99561153517929 45.02318643868839))", "population": 25000.0, "Pedestrian traffic": 50000.0, "car traffic": 47000.0, "poi_count": 43 }, "geometry": { "type": "Point", "coordinates": [ 4342822.023588034324348, 5624580.860862291418016 ] } },
{ "type": "Feature", "properties": { "ID": 169926, "Address": "улица Маяковского, 133/2", "Square": "59", "Rating": 4.995, "lat": 45.021328, "long": 39.011776, "index_right": 34.0, "id": 35.0, "geometry_y": "POLYGON ((38.99561153517929 45.02318643868839, 38.999039667917174 45.03565072042854, 39.01602714367477 45.039784046077436, 39.02958648669448 45.031454591873235, 39.026158353956596 45.018989396291765, 39.009170878199 45.014854568755574, 38.99561153517929 45.02318643868839))", "population": 25000.0, "Pedestrian traffic": 50000.0, "car traffic": 47000.0, "poi_count": 55 }, "geometry": { "type": "Point", "coordinates": [ 4342771.039261250756681, 5624879.768451724201441 ] } },
{ "type": "Feature", "properties": { "ID": 322743, "Address": "Таманская улица, 153к2", "Square": "76.6", "Rating": 5.0, "lat": 45.022692, "long": 39.01306, "index_right": 34.0, "id": 35.0, "geometry_y": "POLYGON ((38.99561153517929 45.02318643868839, 38.999039667917174 45.03565072042854, 39.01602714367477 45.039784046077436, 39.02958648669448 45.031454591873235, 39.026158353956596 45.018989396291765, 39.009170878199 45.014854568755574, 38.99561153517929 45.02318643868839))", "population": 25000.0, "Pedestrian traffic": 50000.0, "car traffic": 47000.0, "poi_count": 52 }, "geometry": { "type": "Point", "coordinates": [ 4342913.973487429320812, 5625094.584872545674443 ] } },
{ "type": "Feature", "properties": { "ID": 165829, "Address": "Новороссийская улица, 90/2к2", "Square": "34", "Rating": 4.999, "lat": 45.025259, "long": 39.014192, "index_right": 34.0, "id": 35.0, "geometry_y": "POLYGON ((38.99561153517929 45.02318643868839, 38.999039667917174 45.03565072042854, 39.01602714367477 45.039784046077436, 39.02958648669448 45.031454591873235, 39.026158353956596 45.018989396291765, 39.009170878199 45.014854568755574, 38.99561153517929 45.02318643868839))", "population": 25000.0, "Pedestrian traffic": 50000.0, "car traffic": 47000.0, "poi_count": 19 }, "geometry": { "type": "Point", "coordinates": [ 4343039.987151007167995, 5625498.875696948729455 ] } },
{ "type": "Feature", "properties": { "ID": 50022556, "Address": "улица Селезнёва, 4/4", "Square": "40", "Rating": 4.982, "lat": 45.027062, "long": 39.018522, "index_right": 34.0, "id": 35.0, "geometry_y": "POLYGON ((38.99561153517929 45.02318643868839, 38.999039667917174 45.03565072042854, 39.01602714367477 45.039784046077436, 39.02958648669448 45.031454591873235, 39.026158353956596 45.018989396291765, 39.009170878199 45.014854568755574, 38.99561153517929 45.02318643868839))", "population": 25000.0, "Pedestrian traffic": 50000.0, "car traffic": 47000.0, "poi_count": 47 }, "geometry": { "type": "Point", "coordinates": [ 4343522.000546142458916, 5625782.850835043936968 ] } },
{ "type": "Feature", "properties": { "ID": 302715, "Address": "улица Селезнёва, 4/13к1", "Square": "65", "Rating": 4.988, "lat": 45.026138, "long": 39.018279, "index_right": 34.0, "id": 35.0, "geometry_y": "POLYGON ((38.99561153517929 45.02318643868839, 38.999039667917174 45.03565072042854, 39.01602714367477 45.039784046077436, 39.02958648669448 45.031454591873235, 39.026158353956596 45.018989396291765, 39.009170878199 45.014854568755574, 38.99561153517929 45.02318643868839))", "population": 25000.0, "Pedestrian traffic": 50000.0, "car traffic": 47000.0, "poi_count": 41 }, "geometry": { "type": "Point", "coordinates": [ 4343494.949909878894687, 5625637.318365724757314 ] } },
{ "type": "Feature", "properties": { "ID": 151474, "Address": "улица Селезнёва, 4/15к3", "Square": "58.3", "Rating": 4.899, "lat": 45.02582, "long": 39.019726, "index_right": 34.0, "id": 35.0, "geometry_y": "POLYGON ((38.99561153517929 45.02318643868839, 38.999039667917174 45.03565072042854, 39.01602714367477 45.039784046077436, 39.02958648669448 45.031454591873235, 39.026158353956596 45.018989396291765, 39.009170878199 45.014854568755574, 38.99561153517929 45.02318643868839))", "population": 25000.0, "Pedestrian traffic": 50000.0, "car traffic": 47000.0, "poi_count": 40 }, "geometry": { "type": "Point", "coordinates": [ 4343656.02921305783093, 5625587.233059246093035 ] } },
{ "type": "Feature", "properties": { "ID": 309713, "Address": "улица Селезнёва, 4А", "Square": "73.6", "Rating": 4.998, "lat": 45.025514, "long": 39.019941, "index_right": 34.0, "id": 35.0, "geometry_y": "POLYGON ((38.99561153517929 45.02318643868839, 38.999039667917174 45.03565072042854, 39.01602714367477 45.039784046077436, 39.02958648669448 45.031454591873235, 39.026158353956596 45.018989396291765, 39.009170878199 45.014854568755574, 38.99561153517929 45.02318643868839))", "population": 25000.0, "Pedestrian traffic": 50000.0, "car traffic": 47000.0, "poi_count": 41 }, "geometry": { "type": "Point", "coordinates": [ 4343679.96290357876569, 5625539.038027014583349 ] } },
{ "type": "Feature", "properties": { "ID": 163299, "Address": "улица Селезнёва, 4/5", "Square": "70", "Rating": 4.987, "lat": 45.025062, "long": 39.019618, "index_right": 34.0, "id": 35.0, "geometry_y": "POLYGON ((38.99561153517929 45.02318643868839, 38.999039667917174 45.03565072042854, 39.01602714367477 45.039784046077436, 39.02958648669448 45.031454591873235, 39.026158353956596 45.018989396291765, 39.009170878199 45.014854568755574, 38.99561153517929 45.02318643868839))", "population": 25000.0, "Pedestrian traffic": 50000.0, "car traffic": 47000.0, "poi_count": 43 }, "geometry": { "type": "Point", "coordinates": [ 4343644.006708052009344, 5625467.848450725898147 ] } },
{ "type": "Feature", "properties": { "ID": 50017901, "Address": "Ставропольская улица, 107/11", "Square": "70", "Rating": 4.988, "lat": 45.023647, "long": 39.020031, "index_right": 34.0, "id": 35.0, "geometry_y": "POLYGON ((38.99561153517929 45.02318643868839, 38.999039667917174 45.03565072042854, 39.01602714367477 45.039784046077436, 39.02958648669448 45.031454591873235, 39.026158353956596 45.018989396291765, 39.009170878199 45.014854568755574, 38.99561153517929 45.02318643868839))", "population": 25000.0, "Pedestrian traffic": 50000.0, "car traffic": 47000.0, "poi_count": 49 }, "geometry": { "type": "Point", "coordinates": [ 4343689.981657749973238, 5625244.990911273285747 ] } },
{ "type": "Feature", "properties": { "ID": 141696, "Address": "Ставропольская улица, 111", "Square": "50", "Rating": 4.99, "lat": 45.022138, "long": 39.017696, "index_right": 34.0, "id": 35.0, "geometry_y": "POLYGON ((38.99561153517929 45.02318643868839, 38.999039667917174 45.03565072042854, 39.01602714367477 45.039784046077436, 39.02958648669448 45.031454591873235, 39.026158353956596 45.018989396291765, 39.009170878199 45.014854568755574, 38.99561153517929 45.02318643868839))", "population": 25000.0, "Pedestrian traffic": 50000.0, "car traffic": 47000.0, "poi_count": 54 }, "geometry": { "type": "Point", "coordinates": [ 4343430.050646747462451, 5625007.334770636633039 ] } },
{ "type": "Feature", "properties": { "ID": 150856, "Address": "Ставропольская улица, 127", "Square": "52", "Rating": 4.988, "lat": 45.021112, "long": 39.022223, "index_right": 34.0, "id": 35.0, "geometry_y": "POLYGON ((38.99561153517929 45.02318643868839, 38.999039667917174 45.03565072042854, 39.01602714367477 45.039784046077436, 39.02958648669448 45.031454591873235, 39.026158353956596 45.018989396291765, 39.009170878199 45.014854568755574, 38.99561153517929 45.02318643868839))", "population": 25000.0, "Pedestrian traffic": 50000.0, "car traffic": 47000.0, "poi_count": 39 }, "geometry": { "type": "Point", "coordinates": [ 4343933.993981567211449, 5624845.75107148848474 ] } },
{ "type": "Feature", "properties": { "ID": 306764, "Address": "улица 2-я Пятилетка, 4", "Square": "54", "Rating": 4.994, "lat": 45.021322, "long": 39.024244, "index_right": 34.0, "id": 35.0, "geometry_y": "POLYGON ((38.99561153517929 45.02318643868839, 38.999039667917174 45.03565072042854, 39.01602714367477 45.039784046077436, 39.02958648669448 45.031454591873235, 39.026158353956596 45.018989396291765, 39.009170878199 45.014854568755574, 38.99561153517929 45.02318643868839))", "population": 25000.0, "Pedestrian traffic": 50000.0, "car traffic": 47000.0, "poi_count": 46 }, "geometry": { "type": "Point", "coordinates": [ 4344158.970672461204231, 5624878.823522762395442 ] } },
{ "type": "Feature", "properties": { "ID": 50011829, "Address": "улица Полины Осипенко, 125/1", "Square": "36", "Rating": 4.962, "lat": 45.018793, "long": 39.019115, "index_right": 34.0, "id": 35.0, "geometry_y": "POLYGON ((38.99561153517929 45.02318643868839, 38.999039667917174 45.03565072042854, 39.01602714367477 45.039784046077436, 39.02958648669448 45.031454591873235, 39.026158353956596 45.018989396291765, 39.009170878199 45.014854568755574, 38.99561153517929 45.02318643868839))", "population": 25000.0, "Pedestrian traffic": 50000.0, "car traffic": 47000.0, "poi_count": 24 }, "geometry": { "type": "Point", "coordinates": [ 4343588.013004182837903, 5624480.544782493263483 ] } },
{ "type": "Feature", "properties": { "ID": 311605, "Address": "улица Ковтюха, 109/3", "Square": "70", "Rating": 4.999, "lat": 45.015677, "long": 39.017291, "index_right": 33.0, "id": 34.0, "geometry_y": "POLYGON ((39.00574274546111 45.00238575864337, 39.009170878199 45.01485456875558, 39.026158353956596 45.01898939629177, 39.039717696976304 45.01065691560364, 39.03628956423842 44.998187191649734, 39.01930208848083 44.9940508622256, 39.00574274546111 45.00238575864337))", "population": 16000.0, "Pedestrian traffic": 13000.0, "car traffic": 6500.0, "poi_count": 4 }, "geometry": { "type": "Point", "coordinates": [ 4343384.966252976097167, 5623989.846727648749948 ] } },
{ "type": "Feature", "properties": { "ID": 162181, "Address": "Пионерская улица, 79/1", "Square": "52", "Rating": 4.985, "lat": 45.015473, "long": 39.017669, "index_right": 33.0, "id": 34.0, "geometry_y": "POLYGON ((39.00574274546111 45.00238575864337, 39.009170878199 45.01485456875558, 39.026158353956596 45.01898939629177, 39.039717696976304 45.01065691560364, 39.03628956423842 44.998187191649734, 39.01930208848083 44.9940508622256, 39.00574274546111 45.00238575864337))", "population": 16000.0, "Pedestrian traffic": 13000.0, "car traffic": 6500.0, "poi_count": 3 }, "geometry": { "type": "Point", "coordinates": [ 4343427.045020495541394, 5623957.72236907389015 ] } },
{ "type": "Feature", "properties": { "ID": 50012731, "Address": "улица Димитрова, 127/2", "Square": "42", "Rating": 4.929, "lat": 45.020449, "long": 39.028412, "index_right": 41.0, "id": 42.0, "geometry_y": "POLYGON ((39.026158353956596 45.01898939629177, 39.02958648669448 45.03145459187324, 39.04657396245207 45.03558822060822, 39.06013330547178 45.02725815564902, 39.0567051727339 45.01479204622611, 39.039717696976304 45.01065691560364, 39.026158353956596 45.01898939629177))", "population": 37000.0, "Pedestrian traffic": 49000.0, "car traffic": 36000.0, "poi_count": 66 }, "geometry": { "type": "Point", "coordinates": [ 4344622.950310087762773, 5624741.337414223700762 ] } },
{ "type": "Feature", "properties": { "ID": 50013770, "Address": "Ставропольская улица, 137", "Square": "35", "Rating": null, "lat": 45.020022, "long": 39.027469, "index_right": 41.0, "id": 42.0, "geometry_y": "POLYGON ((39.026158353956596 45.01898939629177, 39.02958648669448 45.03145459187324, 39.04657396245207 45.03558822060822, 39.06013330547178 45.02725815564902, 39.0567051727339 45.01479204622611, 39.039717696976304 45.01065691560364, 39.026158353956596 45.01898939629177))", "population": 37000.0, "Pedestrian traffic": 49000.0, "car traffic": 36000.0, "poi_count": 74 }, "geometry": { "type": "Point", "coordinates": [ 4344517.976030270569026, 5624674.091249427758157 ] } },
{ "type": "Feature", "properties": { "ID": 158835, "Address": "улица Димитрова, 162", "Square": "50", "Rating": 4.989, "lat": 45.018614, "long": 39.028529, "index_right": 41.0, "id": 42.0, "geometry_y": "POLYGON ((39.026158353956596 45.01898939629177, 39.02958648669448 45.03145459187324, 39.04657396245207 45.03558822060822, 39.06013330547178 45.02725815564902, 39.0567051727339 45.01479204622611, 39.039717696976304 45.01065691560364, 39.026158353956596 45.01898939629177))", "population": 37000.0, "Pedestrian traffic": 49000.0, "car traffic": 36000.0, "poi_count": 73 }, "geometry": { "type": "Point", "coordinates": [ 4344635.974690510891378, 5624452.35569248907268 ] } },
{ "type": "Feature", "properties": { "ID": 50008202, "Address": "улица Селезнёва, 48", "Square": "40", "Rating": 4.931, "lat": 45.027196, "long": 39.025825, "index_right": 34.0, "id": 35.0, "geometry_y": "POLYGON ((38.99561153517929 45.02318643868839, 38.999039667917174 45.03565072042854, 39.01602714367477 45.039784046077436, 39.02958648669448 45.031454591873235, 39.026158353956596 45.018989396291765, 39.009170878199 45.014854568755574, 38.99561153517929 45.02318643868839))", "population": 25000.0, "Pedestrian traffic": 50000.0, "car traffic": 47000.0, "poi_count": 28 }, "geometry": { "type": "Point", "coordinates": [ 4344334.966787405312061, 5625803.956388192251325 ] } },
{ "type": "Feature", "properties": { "ID": 5927, "Address": "улица Селезнёва, 105", "Square": "65", "Rating": 4.997, "lat": 45.027062, "long": 39.029634, "index_right": 41.0, "id": 42.0, "geometry_y": "POLYGON ((39.026158353956596 45.01898939629177, 39.02958648669448 45.03145459187324, 39.04657396245207 45.03558822060822, 39.06013330547178 45.02725815564902, 39.0567051727339 45.01479204622611, 39.039717696976304 45.01065691560364, 39.026158353956596 45.01898939629177))", "population": 37000.0, "Pedestrian traffic": 49000.0, "car traffic": 36000.0, "poi_count": 33 }, "geometry": { "type": "Point", "coordinates": [ 4344758.982727836817503, 5625782.850835043936968 ] } },
{ "type": "Feature", "properties": { "ID": 205001, "Address": "улица Селезнёва, 82", "Square": "36", "Rating": 5.0, "lat": 45.026087, "long": 39.032329, "index_right": 41.0, "id": 42.0, "geometry_y": "POLYGON ((39.026158353956596 45.01898939629177, 39.02958648669448 45.03145459187324, 39.04657396245207 45.03558822060822, 39.06013330547178 45.02725815564902, 39.0567051727339 45.01479204622611, 39.039717696976304 45.01065691560364, 39.026158353956596 45.01898939629177))", "population": 37000.0, "Pedestrian traffic": 49000.0, "car traffic": 36000.0, "poi_count": 31 }, "geometry": { "type": "Point", "coordinates": [ 4345058.9887555250898, 5625629.285797838121653 ] } },
{ "type": "Feature", "properties": { "ID": 50017220, "Address": "улица Селезнёва, 88/1", "Square": "45", "Rating": 5.0, "lat": 45.024246, "long": 39.031853, "index_right": 41.0, "id": 42.0, "geometry_y": "POLYGON ((39.026158353956596 45.01898939629177, 39.02958648669448 45.03145459187324, 39.04657396245207 45.03558822060822, 39.06013330547178 45.02725815564902, 39.0567051727339 45.01479204622611, 39.039717696976304 45.01065691560364, 39.026158353956596 45.01898939629177))", "population": 37000.0, "Pedestrian traffic": 49000.0, "car traffic": 36000.0, "poi_count": 29 }, "geometry": { "type": "Point", "coordinates": [ 4345006.000677907839417, 5625339.330639003776014 ] } },
{ "type": "Feature", "properties": { "ID": 209621, "Address": "Енисейская улица, 54", "Square": "50", "Rating": 4.999, "lat": 45.033636, "long": 39.030425, "index_right": 42.0, "id": 43.0, "geometry_y": "POLYGON ((39.01602714367477 45.039784046077436, 39.01945527641265 45.05224471328934, 39.036442752170245 45.056376840138114, 39.05000209518996 45.04804980166078, 39.04657396245207 45.03558822060822, 39.02958648669448 45.031454591873235, 39.01602714367477 45.039784046077436))", "population": 25000.0, "Pedestrian traffic": 41000.0, "car traffic": 42000.0, "poi_count": 36 }, "geometry": { "type": "Point", "coordinates": [ 4344847.036445055156946, 5626818.341224991716444 ] } },
{ "type": "Feature", "properties": { "ID": 312212, "Address": "Уральская улица, 13", "Square": "120", "Rating": 4.899, "lat": 45.031477, "long": 39.031988, "index_right": 41.0, "id": 42.0, "geometry_y": "POLYGON ((39.026158353956596 45.01898939629177, 39.02958648669448 45.03145459187324, 39.04657396245207 45.03558822060822, 39.06013330547178 45.02725815564902, 39.0567051727339 45.01479204622611, 39.039717696976304 45.01065691560364, 39.026158353956596 45.01898939629177))", "population": 37000.0, "Pedestrian traffic": 49000.0, "car traffic": 36000.0, "poi_count": 26 }, "geometry": { "type": "Point", "coordinates": [ 4345021.028809164650738, 5626478.257565222680569 ] } },
{ "type": "Feature", "properties": { "ID": 50007108, "Address": "Новгородская улица, 42", "Square": "51", "Rating": 5.0, "lat": 45.033419, "long": 39.036434, "index_right": 42.0, "id": 43.0, "geometry_y": "POLYGON ((39.01602714367477 45.039784046077436, 39.01945527641265 45.05224471328934, 39.036442752170245 45.056376840138114, 39.05000209518996 45.04804980166078, 39.04657396245207 45.03558822060822, 39.02958648669448 45.031454591873235, 39.01602714367477 45.039784046077436))", "population": 25000.0, "Pedestrian traffic": 41000.0, "car traffic": 42000.0, "poi_count": 15 }, "geometry": { "type": "Point", "coordinates": [ 4345515.955265231430531, 5626784.159008095040917 ] } },
{ "type": "Feature", "properties": { "ID": 305933, "Address": "Уральская улица, 71к2", "Square": "72", "Rating": 4.99, "lat": 45.033617, "long": 39.043163, "index_right": 41.0, "id": 42.0, "geometry_y": "POLYGON ((39.026158353956596 45.01898939629177, 39.02958648669448 45.03145459187324, 39.04657396245207 45.03558822060822, 39.06013330547178 45.02725815564902, 39.0567051727339 45.01479204622611, 39.039717696976304 45.01065691560364, 39.026158353956596 45.01898939629177))", "population": 37000.0, "Pedestrian traffic": 49000.0, "car traffic": 36000.0, "poi_count": 33 }, "geometry": { "type": "Point", "coordinates": [ 4346265.024118779227138, 5626815.348306814208627 ] } },
{ "type": "Feature", "properties": { "ID": 139563, "Address": "Уральская улица, 75к1", "Square": "43", "Rating": 4.911, "lat": 45.033273, "long": 39.044411, "index_right": 41.0, "id": 42.0, "geometry_y": "POLYGON ((39.026158353956596 45.01898939629177, 39.02958648669448 45.03145459187324, 39.04657396245207 45.03558822060822, 39.06013330547178 45.02725815564902, 39.0567051727339 45.01479204622611, 39.039717696976304 45.01065691560364, 39.026158353956596 45.01898939629177))", "population": 37000.0, "Pedestrian traffic": 49000.0, "car traffic": 36000.0, "poi_count": 43 }, "geometry": { "type": "Point", "coordinates": [ 4346403.950843288563192, 5626761.16090745292604 ] } },
{ "type": "Feature", "properties": { "ID": 6071, "Address": "Волжская улица, 54", "Square": "92.2", "Rating": 4.988, "lat": 45.029406, "long": 39.03824, "index_right": 41.0, "id": 42.0, "geometry_y": "POLYGON ((39.026158353956596 45.01898939629177, 39.02958648669448 45.03145459187324, 39.04657396245207 45.03558822060822, 39.06013330547178 45.02725815564902, 39.0567051727339 45.01479204622611, 39.039717696976304 45.01065691560364, 39.026158353956596 45.01898939629177))", "population": 37000.0, "Pedestrian traffic": 49000.0, "car traffic": 36000.0, "poi_count": 15 }, "geometry": { "type": "Point", "coordinates": [ 4345716.998265604488552, 5626152.047638203017414 ] } },
{ "type": "Feature", "properties": { "ID": 213810, "Address": "улица Стасова, 181", "Square": "84", "Rating": 4.949, "lat": 45.028604, "long": 39.042911, "index_right": 41.0, "id": 42.0, "geometry_y": "POLYGON ((39.026158353956596 45.01898939629177, 39.02958648669448 45.03145459187324, 39.04657396245207 45.03558822060822, 39.06013330547178 45.02725815564902, 39.0567051727339 45.01479204622611, 39.039717696976304 45.01065691560364, 39.026158353956596 45.01898939629177))", "population": 37000.0, "Pedestrian traffic": 49000.0, "car traffic": 36000.0, "poi_count": 48 }, "geometry": { "type": "Point", "coordinates": [ 4346236.971607099287212, 5626025.725187478587031 ] } },
{ "type": "Feature", "properties": { "ID": 50002962, "Address": "улица Лизы Чайкиной, 20А", "Square": "70.2", "Rating": 4.99, "lat": 45.032929, "long": 39.058102, "index_right": 50.0, "id": 51.0, "geometry_y": "POLYGON ((39.04657396245207 45.03558822060822, 39.05000209518996 45.04804980166078, 39.066989570947555 45.05218223159536, 39.08054891396727 45.04385458236354, 39.077120781229375 45.03139208747013, 39.06013330547178 45.027258155649015, 39.04657396245207 45.03558822060822))", "population": 9000.0, "Pedestrian traffic": 22000.0, "car traffic": 24000.0, "poi_count": 9 }, "geometry": { "type": "Point", "coordinates": [ 4347928.025991739705205, 5626706.973833805881441 ] } },
{ "type": "Feature", "properties": { "ID": 213591, "Address": "Старокубанская улица, 124", "Square": "51", "Rating": 4.987, "lat": 45.028069, "long": 39.051948, "index_right": 41.0, "id": 42.0, "geometry_y": "POLYGON ((39.026158353956596 45.01898939629177, 39.02958648669448 45.03145459187324, 39.04657396245207 45.03558822060822, 39.06013330547178 45.02725815564902, 39.0567051727339 45.01479204622611, 39.039717696976304 45.01065691560364, 39.026158353956596 45.01898939629177))", "population": 37000.0, "Pedestrian traffic": 49000.0, "car traffic": 36000.0, "poi_count": 13 }, "geometry": { "type": "Point", "coordinates": [ 4347242.96584539860487, 5625941.458701403811574 ] } },
{ "type": "Feature", "properties": { "ID": 217460, "Address": "Старокубанская улица, 131/1", "Square": "70", "Rating": 4.966, "lat": 45.025342, "long": 39.048382, "index_right": 41.0, "id": 42.0, "geometry_y": "POLYGON ((39.026158353956596 45.01898939629177, 39.02958648669448 45.03145459187324, 39.04657396245207 45.03558822060822, 39.06013330547178 45.02725815564902, 39.0567051727339 45.01479204622611, 39.039717696976304 45.01065691560364, 39.026158353956596 45.01898939629177))", "population": 37000.0, "Pedestrian traffic": 49000.0, "car traffic": 36000.0, "poi_count": 40 }, "geometry": { "type": "Point", "coordinates": [ 4346846.000541228801012, 5625511.948121997527778 ] } },
{ "type": "Feature", "properties": { "ID": 315869, "Address": "Старокубанская улица, 137/1", "Square": "50", "Rating": 4.989, "lat": 45.024278, "long": 39.049155, "index_right": 41.0, "id": 42.0, "geometry_y": "POLYGON ((39.026158353956596 45.01898939629177, 39.02958648669448 45.03145459187324, 39.04657396245207 45.03558822060822, 39.06013330547178 45.02725815564902, 39.0567051727339 45.01479204622611, 39.039717696976304 45.01065691560364, 39.026158353956596 45.01898939629177))", "population": 37000.0, "Pedestrian traffic": 49000.0, "car traffic": 36000.0, "poi_count": 38 }, "geometry": { "type": "Point", "coordinates": [ 4346932.050507612526417, 5625344.370518678799272 ] } },
{ "type": "Feature", "properties": { "ID": 319945, "Address": "Сормовская улица, 3", "Square": "118.47", "Rating": 4.998, "lat": 45.023112, "long": 39.052775, "index_right": 41.0, "id": 42.0, "geometry_y": "POLYGON ((39.026158353956596 45.01898939629177, 39.02958648669448 45.03145459187324, 39.04657396245207 45.03558822060822, 39.06013330547178 45.02725815564902, 39.0567051727339 45.01479204622611, 39.039717696976304 45.01065691560364, 39.026158353956596 45.01898939629177))", "population": 37000.0, "Pedestrian traffic": 49000.0, "car traffic": 36000.0, "poi_count": 29 }, "geometry": { "type": "Point", "coordinates": [ 4347335.027064284309745, 5625160.731721864081919 ] } },
{ "type": "Feature", "properties": { "ID": 202826, "Address": "улица Селезнёва, 176", "Square": "60", "Rating": 5.0, "lat": 45.021411, "long": 39.047816, "index_right": 41.0, "id": 42.0, "geometry_y": "POLYGON ((39.026158353956596 45.01898939629177, 39.02958648669448 45.03145459187324, 39.04657396245207 45.03558822060822, 39.06013330547178 45.02725815564902, 39.0567051727339 45.01479204622611, 39.039717696976304 45.01065691560364, 39.026158353956596 45.01898939629177))", "population": 37000.0, "Pedestrian traffic": 49000.0, "car traffic": 36000.0, "poi_count": 24 }, "geometry": { "type": "Point", "coordinates": [ 4346782.993709440343082, 5624892.839979189448059 ] } },
{ "type": "Feature", "properties": { "ID": 307082, "Address": "улица Селезнёва, 126", "Square": "52", "Rating": 5.0, "lat": 45.023552, "long": 39.040989, "index_right": 41.0, "id": 42.0, "geometry_y": "POLYGON ((39.026158353956596 45.01898939629177, 39.02958648669448 45.03145459187324, 39.04657396245207 45.03558822060822, 39.06013330547178 45.02725815564902, 39.0567051727339 45.01479204622611, 39.039717696976304 45.01065691560364, 39.026158353956596 45.01898939629177))", "population": 37000.0, "Pedestrian traffic": 49000.0, "car traffic": 36000.0, "poi_count": 40 }, "geometry": { "type": "Point", "coordinates": [ 4346023.015545795671642, 5625230.028941638767719 ] } },
{ "type": "Feature", "properties": { "ID": 50005846, "Address": "улица Селезнёва, 100", "Square": "50", "Rating": 4.994, "lat": 45.024922, "long": 39.036452, "index_right": 41.0, "id": 42.0, "geometry_y": "POLYGON ((39.026158353956596 45.01898939629177, 39.02958648669448 45.03145459187324, 39.04657396245207 45.03558822060822, 39.06013330547178 45.02725815564902, 39.0567051727339 45.01479204622611, 39.039717696976304 45.01065691560364, 39.026158353956596 45.01898939629177))", "population": 37000.0, "Pedestrian traffic": 49000.0, "car traffic": 36000.0, "poi_count": 30 }, "geometry": { "type": "Point", "coordinates": [ 4345517.959016065113246, 5625445.79869597684592 ] } },
{ "type": "Feature", "properties": { "ID": 50014180, "Address": "улица Селезнёва, 104/1", "Square": "45", "Rating": 4.998, "lat": 45.023323, "long": 39.035886, "index_right": 41.0, "id": 42.0, "geometry_y": "POLYGON ((39.026158353956596 45.01898939629177, 39.02958648669448 45.03145459187324, 39.04657396245207 45.03558822060822, 39.06013330547178 45.02725815564902, 39.0567051727339 45.01479204622611, 39.039717696976304 45.01065691560364, 39.026158353956596 45.01898939629177))", "population": 37000.0, "Pedestrian traffic": 49000.0, "car traffic": 36000.0, "poi_count": 26 }, "geometry": { "type": "Point", "coordinates": [ 4345454.952184276655316, 5625193.962822156026959 ] } },
{ "type": "Feature", "properties": { "ID": 147976, "Address": "Ставропольская улица, 183/2", "Square": "66", "Rating": 4.978, "lat": 45.019768, "long": 39.039507, "index_right": 41.0, "id": 42.0, "geometry_y": "POLYGON ((39.026158353956596 45.01898939629177, 39.02958648669448 45.03145459187324, 39.04657396245207 45.03558822060822, 39.06013330547178 45.02725815564902, 39.0567051727339 45.01479204622611, 39.039717696976304 45.01065691560364, 39.026158353956596 45.01898939629177))", "population": 37000.0, "Pedestrian traffic": 49000.0, "car traffic": 36000.0, "poi_count": 46 }, "geometry": { "type": "Point", "coordinates": [ 4345858.040060439147055, 5624634.090255798771977 ] } },
{ "type": "Feature", "properties": { "ID": 157598, "Address": "Ставропольская улица, 181", "Square": "65", "Rating": 4.995, "lat": 45.01762, "long": 39.03868, "index_right": 41.0, "id": 42.0, "geometry_y": "POLYGON ((39.026158353956596 45.01898939629177, 39.02958648669448 45.03145459187324, 39.04657396245207 45.03558822060822, 39.06013330547178 45.02725815564902, 39.0567051727339 45.01479204622611, 39.039717696976304 45.01065691560364, 39.026158353956596 45.01898939629177))", "population": 37000.0, "Pedestrian traffic": 49000.0, "car traffic": 36000.0, "poi_count": 88 }, "geometry": { "type": "Point", "coordinates": [ 4345765.978841552510858, 5624295.821231825277209 ] } },
{ "type": "Feature", "properties": { "ID": 50019260, "Address": "Ставропольская улица, 246", "Square": "42", "Rating": 4.951, "lat": 45.016926, "long": 39.038599, "index_right": 41.0, "id": 42.0, "geometry_y": "POLYGON ((39.026158353956596 45.01898939629177, 39.02958648669448 45.03145459187324, 39.04657396245207 45.03558822060822, 39.06013330547178 45.02725815564902, 39.0567051727339 45.01479204622611, 39.039717696976304 45.01065691560364, 39.026158353956596 45.01898939629177))", "population": 37000.0, "Pedestrian traffic": 49000.0, "car traffic": 36000.0, "poi_count": 91 }, "geometry": { "type": "Point", "coordinates": [ 4345756.96196279861033, 5624186.532183065079153 ] } },
{ "type": "Feature", "properties": { "ID": 1283, "Address": "Ставропольская улица, 159", "Square": "64.3", "Rating": 4.988, "lat": 45.018111, "long": 39.036452, "index_right": 41.0, "id": 42.0, "geometry_y": "POLYGON ((39.026158353956596 45.01898939629177, 39.02958648669448 45.03145459187324, 39.04657396245207 45.03558822060822, 39.06013330547178 45.02725815564902, 39.0567051727339 45.01479204622611, 39.039717696976304 45.01065691560364, 39.026158353956596 45.01898939629177))", "population": 37000.0, "Pedestrian traffic": 49000.0, "car traffic": 36000.0, "poi_count": 73 }, "geometry": { "type": "Point", "coordinates": [ 4345517.959016065113246, 5624373.143246515654027 ] } },
{ "type": "Feature", "properties": { "ID": 50005059, "Address": "улица Айвазовского, 106", "Square": "46.4", "Rating": 4.983, "lat": 45.016595, "long": 39.033245, "index_right": 41.0, "id": 42.0, "geometry_y": "POLYGON ((39.026158353956596 45.01898939629177, 39.02958648669448 45.03145459187324, 39.04657396245207 45.03558822060822, 39.06013330547178 45.02725815564902, 39.0567051727339 45.01479204622611, 39.039717696976304 45.01065691560364, 39.026158353956596 45.01898939629177))", "population": 37000.0, "Pedestrian traffic": 49000.0, "car traffic": 36000.0, "poi_count": 59 }, "geometry": { "type": "Point", "coordinates": [ 4345160.957409092225134, 5624134.407757456414402 ] } },
{ "type": "Feature", "properties": { "ID": 50013432, "Address": "улица Стасова, 168/1", "Square": "54", "Rating": 4.953, "lat": 45.015913, "long": 39.041905, "index_right": 41.0, "id": 42.0, "geometry_y": "POLYGON ((39.026158353956596 45.01898939629177, 39.02958648669448 45.03145459187324, 39.04657396245207 45.03558822060822, 39.06013330547178 45.02725815564902, 39.0567051727339 45.01479204622611, 39.039717696976304 45.01065691560364, 39.026158353956596 45.01898939629177))", "population": 37000.0, "Pedestrian traffic": 49000.0, "car traffic": 36000.0, "poi_count": 81 }, "geometry": { "type": "Point", "coordinates": [ 4346124.984199361875653, 5624027.010344069451094 ] } },
{ "type": "Feature", "properties": { "ID": 216293, "Address": "Старокубанская улица, 123А", "Square": "81", "Rating": 4.998, "lat": 45.017264, "long": 39.04707, "index_right": 41.0, "id": 42.0, "geometry_y": "POLYGON ((39.026158353956596 45.01898939629177, 39.02958648669448 45.03145459187324, 39.04657396245207 45.03558822060822, 39.06013330547178 45.02725815564902, 39.0567051727339 45.01479204622611, 39.039717696976304 45.01065691560364, 39.026158353956596 45.01898939629177))", "population": 37000.0, "Pedestrian traffic": 49000.0, "car traffic": 36000.0, "poi_count": 33 }, "geometry": { "type": "Point", "coordinates": [ 4346699.949369308538735, 5624239.759248845279217 ] } },
{ "type": "Feature", "properties": { "ID": 50001411, "Address": "Старокубанская улица, 121", "Square": "72", "Rating": 5.0, "lat": 45.014734, "long": 39.045849, "index_right": 41.0, "id": 42.0, "geometry_y": "POLYGON ((39.026158353956596 45.01898939629177, 39.02958648669448 45.03145459187324, 39.04657396245207 45.03558822060822, 39.06013330547178 45.02725815564902, 39.0567051727339 45.01479204622611, 39.039717696976304 45.01065691560364, 39.026158353956596 45.01898939629177))", "population": 37000.0, "Pedestrian traffic": 49000.0, "car traffic": 36000.0, "poi_count": 46 }, "geometry": { "type": "Point", "coordinates": [ 4346564.028271050192416, 5623841.351263573393226 ] } },
{ "type": "Feature", "properties": { "ID": 50031275, "Address": "Кубанская улица, 47", "Square": "67.28", "Rating": 4.992, "lat": 45.013441, "long": 39.047277, "index_right": 41.0, "id": 42.0, "geometry_y": "POLYGON ((39.026158353956596 45.01898939629177, 39.02958648669448 45.03145459187324, 39.04657396245207 45.03558822060822, 39.06013330547178 45.02725815564902, 39.0567051727339 45.01479204622611, 39.039717696976304 45.01065691560364, 39.026158353956596 45.01898939629177))", "population": 37000.0, "Pedestrian traffic": 49000.0, "car traffic": 36000.0, "poi_count": 34 }, "geometry": { "type": "Point", "coordinates": [ 4346722.992503902874887, 5623637.744809032417834 ] } },
{ "type": "Feature", "properties": { "ID": 5074, "Address": "Кубанская улица, 46", "Square": "96.4", "Rating": 4.992, "lat": 45.01265, "long": 39.048535, "index_right": 40.0, "id": 41.0, "geometry_y": "POLYGON ((39.036289564238416 44.99818719164974, 39.039717696976304 45.01065691560365, 39.0567051727339 45.01479204622611, 39.07026451575361 45.00645895478264, 39.066836383015726 44.99398831698699, 39.04984890725813 44.989851684476555, 39.036289564238416 44.99818719164974))", "population": 10000.0, "Pedestrian traffic": 9000.0, "car traffic": 5000.0, "poi_count": 26 }, "geometry": { "type": "Point", "coordinates": [ 4346863.032423321157694, 5623513.189685121178627 ] } },
{ "type": "Feature", "properties": { "ID": 145143, "Address": "Ставропольская улица", "Square": "67", "Rating": 4.999, "lat": 45.021112, "long": 39.022223, "index_right": 34.0, "id": 35.0, "geometry_y": "POLYGON ((38.99561153517929 45.02318643868839, 38.999039667917174 45.03565072042854, 39.01602714367477 45.039784046077436, 39.02958648669448 45.031454591873235, 39.026158353956596 45.018989396291765, 39.009170878199 45.014854568755574, 38.99561153517929 45.02318643868839))", "population": 25000.0, "Pedestrian traffic": 50000.0, "car traffic": 47000.0, "poi_count": 39 }, "geometry": { "type": "Point", "coordinates": [ 4343933.993981567211449, 5624845.75107148848474 ] } },
{ "type": "Feature", "properties": { "ID": 50022127, "Address": "Ставропольская улица, 336/3", "Square": "55", "Rating": 4.993, "lat": 45.012803, "long": 39.051445, "index_right": 40.0, "id": 41.0, "geometry_y": "POLYGON ((39.036289564238416 44.99818719164974, 39.039717696976304 45.01065691560365, 39.0567051727339 45.01479204622611, 39.07026451575361 45.00645895478264, 39.066836383015726 44.99398831698699, 39.04984890725813 44.989851684476555, 39.036289564238416 44.99818719164974))", "population": 10000.0, "Pedestrian traffic": 9000.0, "car traffic": 5000.0, "poi_count": 34 }, "geometry": { "type": "Point", "coordinates": [ 4347186.972141529433429, 5623537.281755676493049 ] } },
{ "type": "Feature", "properties": { "ID": 50003019, "Address": "улица Стасова, 148", "Square": "70", "Rating": 4.969, "lat": 45.013568, "long": 39.03983, "index_right": 41.0, "id": 42.0, "geometry_y": "POLYGON ((39.026158353956596 45.01898939629177, 39.02958648669448 45.03145459187324, 39.04657396245207 45.03558822060822, 39.06013330547178 45.02725815564902, 39.0567051727339 45.01479204622611, 39.039717696976304 45.01065691560364, 39.026158353956596 45.01898939629177))", "population": 37000.0, "Pedestrian traffic": 49000.0, "car traffic": 36000.0, "poi_count": 52 }, "geometry": { "type": "Point", "coordinates": [ 4345893.996255965903401, 5623657.743073910474777 ] } },
{ "type": "Feature", "properties": { "ID": 321461, "Address": "улица Стасова, 121", "Square": "40", "Rating": 5.0, "lat": 45.012128, "long": 39.036219, "index_right": 33.0, "id": 34.0, "geometry_y": "POLYGON ((39.00574274546111 45.00238575864337, 39.009170878199 45.01485456875558, 39.026158353956596 45.01898939629177, 39.039717696976304 45.01065691560364, 39.03628956423842 44.998187191649734, 39.01930208848083 44.9940508622256, 39.00574274546111 45.00238575864337))", "population": 16000.0, "Pedestrian traffic": 13000.0, "car traffic": 6500.0, "poi_count": 32 }, "geometry": { "type": "Point", "coordinates": [ 4345492.021574711427093, 5623430.993693496100605 ] } },
{ "type": "Feature", "properties": { "ID": 325824, "Address": "Бургасская улица, 56", "Square": "85", "Rating": 4.987, "lat": 45.011682, "long": 39.037692, "index_right": 33.0, "id": 34.0, "geometry_y": "POLYGON ((39.00574274546111 45.00238575864337, 39.009170878199 45.01485456875558, 39.026158353956596 45.01898939629177, 39.039717696976304 45.01065691560364, 39.03628956423842 44.998187191649734, 39.01930208848083 44.9940508622256, 39.00574274546111 45.00238575864337))", "population": 16000.0, "Pedestrian traffic": 13000.0, "car traffic": 6500.0, "poi_count": 36 }, "geometry": { "type": "Point", "coordinates": [ 4345655.995184648782015, 5623360.765527868643403 ] } },
{ "type": "Feature", "properties": { "ID": 139490, "Address": "Бургасская улица, 45", "Square": "103.7", "Rating": 4.985, "lat": 45.010637, "long": 39.0408, "index_right": 40.0, "id": 41.0, "geometry_y": "POLYGON ((39.036289564238416 44.99818719164974, 39.039717696976304 45.01065691560365, 39.0567051727339 45.01479204622611, 39.07026451575361 45.00645895478264, 39.066836383015726 44.99398831698699, 39.04984890725813 44.989851684476555, 39.036289564238416 44.99818719164974))", "population": 10000.0, "Pedestrian traffic": 9000.0, "car traffic": 5000.0, "poi_count": 17 }, "geometry": { "type": "Point", "coordinates": [ 4346001.976162034086883, 5623196.219613480381668 ] } },
{ "type": "Feature", "properties": { "ID": 50010189, "Address": "Бургасская улица, 26", "Square": "40.4", "Rating": 4.939, "lat": 45.013396, "long": 39.031781, "index_right": 33.0, "id": 34.0, "geometry_y": "POLYGON ((39.00574274546111 45.00238575864337, 39.009170878199 45.01485456875558, 39.026158353956596 45.01898939629177, 39.039717696976304 45.01065691560364, 39.03628956423842 44.998187191649734, 39.01930208848083 44.9940508622256, 39.00574274546111 45.00238575864337))", "population": 16000.0, "Pedestrian traffic": 13000.0, "car traffic": 6500.0, "poi_count": 36 }, "geometry": { "type": "Point", "coordinates": [ 4344997.985674570314586, 5623630.658820306882262 ] } },
{ "type": "Feature", "properties": { "ID": 6007, "Address": "улица Димитрова, 75", "Square": "84.6", "Rating": 4.891, "lat": 45.013683, "long": 39.025771, "index_right": 33.0, "id": 34.0, "geometry_y": "POLYGON ((39.00574274546111 45.00238575864337, 39.009170878199 45.01485456875558, 39.026158353956596 45.01898939629177, 39.039717696976304 45.01065691560364, 39.03628956423842 44.998187191649734, 39.01930208848083 44.9940508622256, 39.00574274546111 45.00238575864337))", "population": 16000.0, "Pedestrian traffic": 13000.0, "car traffic": 6500.0, "poi_count": 28 }, "geometry": { "type": "Point", "coordinates": [ 4344328.955534902401268, 5623675.851777218282223 ] } },
{ "type": "Feature", "properties": { "ID": 327321, "Address": "улица Димитрова, 43", "Square": "95.8", "Rating": 4.992, "lat": 45.010407, "long": 39.024478, "index_right": 33.0, "id": 34.0, "geometry_y": "POLYGON ((39.00574274546111 45.00238575864337, 39.009170878199 45.01485456875558, 39.026158353956596 45.01898939629177, 39.039717696976304 45.01065691560364, 39.03628956423842 44.998187191649734, 39.01930208848083 44.9940508622256, 39.00574274546111 45.00238575864337))", "population": 16000.0, "Pedestrian traffic": 13000.0, "car traffic": 6500.0, "poi_count": 6 }, "geometry": { "type": "Point", "coordinates": [ 4344185.019433306530118, 5623160.004169400781393 ] } },
{ "type": "Feature", "properties": { "ID": 314961, "Address": "улица Маяковского, 15", "Square": "50", "Rating": 4.993, "lat": 45.011325, "long": 39.013438, "index_right": 33.0, "id": 34.0, "geometry_y": "POLYGON ((39.00574274546111 45.00238575864337, 39.009170878199 45.01485456875558, 39.026158353956596 45.01898939629177, 39.039717696976304 45.01065691560364, 39.03628956423842 44.998187191649734, 39.01930208848083 44.9940508622256, 39.00574274546111 45.00238575864337))", "population": 16000.0, "Pedestrian traffic": 13000.0, "car traffic": 6500.0, "poi_count": 4 }, "geometry": { "type": "Point", "coordinates": [ 4342956.052254949696362, 5623304.551896994933486 ] } },
{ "type": "Feature", "properties": { "ID": 162363, "Address": "улица Стасова, 97", "Square": "50", "Rating": 4.978, "lat": 45.009248, "long": 39.033102, "index_right": 33.0, "id": 34.0, "geometry_y": "POLYGON ((39.00574274546111 45.00238575864337, 39.009170878199 45.01485456875558, 39.026158353956596 45.01898939629177, 39.039717696976304 45.01065691560364, 39.03628956423842 44.998187191649734, 39.01930208848083 44.9940508622256, 39.00574274546111 45.00238575864337))", "population": 16000.0, "Pedestrian traffic": 13000.0, "car traffic": 6500.0, "poi_count": 12 }, "geometry": { "type": "Point", "coordinates": [ 4345145.038721908815205, 5622977.512035764753819 ] } },
{ "type": "Feature", "properties": { "ID": 314488, "Address": "Старокубанская улица, 2/5", "Square": "67", "Rating": 4.999, "lat": 45.004462, "long": 39.034808, "index_right": 33.0, "id": 34.0, "geometry_y": "POLYGON ((39.00574274546111 45.00238575864337, 39.009170878199 45.01485456875558, 39.026158353956596 45.01898939629177, 39.039717696976304 45.01065691560364, 39.03628956423842 44.998187191649734, 39.01930208848083 44.9940508622256, 39.00574274546111 45.00238575864337))", "population": 16000.0, "Pedestrian traffic": 13000.0, "car traffic": 6500.0, "poi_count": 40 }, "geometry": { "type": "Point", "coordinates": [ 4345334.949773201718926, 5622223.964125509373844 ] } },
{ "type": "Feature", "properties": { "ID": 150877, "Address": "Воронежская улица, 47/Г", "Square": "75", "Rating": 5.0, "lat": 45.002454, "long": 39.031934, "index_right": 33.0, "id": 34.0, "geometry_y": "POLYGON ((39.00574274546111 45.00238575864337, 39.009170878199 45.01485456875558, 39.026158353956596 45.01898939629177, 39.039717696976304 45.01065691560364, 39.03628956423842 44.998187191649734, 39.01930208848083 44.9940508622256, 39.00574274546111 45.00238575864337))", "population": 16000.0, "Pedestrian traffic": 13000.0, "car traffic": 6500.0, "poi_count": 43 }, "geometry": { "type": "Point", "coordinates": [ 4345015.017556661739945, 5621907.826541339047253 ] } },
{ "type": "Feature", "properties": { "ID": 307799, "Address": "Воронежская улица, 47Д", "Square": "59.1", "Rating": 4.985, "lat": 45.001428, "long": 39.032212, "index_right": 33.0, "id": 34.0, "geometry_y": "POLYGON ((39.00574274546111 45.00238575864337, 39.009170878199 45.01485456875558, 39.026158353956596 45.01898939629177, 39.039717696976304 45.01065691560364, 39.03628956423842 44.998187191649734, 39.01930208848083 44.9940508622256, 39.00574274546111 45.00238575864337))", "population": 16000.0, "Pedestrian traffic": 13000.0, "car traffic": 6500.0, "poi_count": 40 }, "geometry": { "type": "Point", "coordinates": [ 4345045.964375101961195, 5621746.298367664217949 ] } },
{ "type": "Feature", "properties": { "ID": 50003893, "Address": "Воронежская улица, 47/14", "Square": "70", "Rating": 4.92, "lat": 44.999797, "long": 39.03117, "index_right": 33.0, "id": 34.0, "geometry_y": "POLYGON ((39.00574274546111 45.00238575864337, 39.009170878199 45.01485456875558, 39.026158353956596 45.01898939629177, 39.039717696976304 45.01065691560364, 39.03628956423842 44.998187191649734, 39.01930208848083 44.9940508622256, 39.00574274546111 45.00238575864337))", "population": 16000.0, "Pedestrian traffic": 13000.0, "car traffic": 6500.0, "poi_count": 20 }, "geometry": { "type": "Point", "coordinates": [ 4344929.969465696252882, 5621489.528053352609277 ] } },
{ "type": "Feature", "properties": { "ID": 50004592, "Address": "улица Стасова, 10", "Square": "59.7", "Rating": 5.0, "lat": 45.003474, "long": 39.026984, "index_right": 33.0, "id": 34.0, "geometry_y": "POLYGON ((39.00574274546111 45.00238575864337, 39.009170878199 45.01485456875558, 39.026158353956596 45.01898939629177, 39.039717696976304 45.01065691560364, 39.03628956423842 44.998187191649734, 39.01930208848083 44.9940508622256, 39.00574274546111 45.00238575864337))", "population": 16000.0, "Pedestrian traffic": 13000.0, "car traffic": 6500.0, "poi_count": 3 }, "geometry": { "type": "Point", "coordinates": [ 4344463.986077235080302, 5622068.412973255850375 ] } },
{ "type": "Feature", "properties": { "ID": 50034184, "Address": "улица Димитрова, 1", "Square": "45", "Rating": 5.0, "lat": 45.003034, "long": 39.021424, "index_right": 33.0, "id": 34.0, "geometry_y": "POLYGON ((39.00574274546111 45.00238575864337, 39.009170878199 45.01485456875558, 39.026158353956596 45.01898939629177, 39.039717696976304 45.01065691560364, 39.03628956423842 44.998187191649734, 39.01930208848083 44.9940508622256, 39.00574274546111 45.00238575864337))", "population": 16000.0, "Pedestrian traffic": 13000.0, "car traffic": 6500.0, "poi_count": 7 }, "geometry": { "type": "Point", "coordinates": [ 4343845.049708425067365, 5621999.140044124796987 ] } },
{ "type": "Feature", "properties": { "ID": 50007850, "Address": "Воронежская улица, 102", "Square": "55", "Rating": 4.994, "lat": 45.002671, "long": 39.020768, "index_right": 33.0, "id": 34.0, "geometry_y": "POLYGON ((39.00574274546111 45.00238575864337, 39.009170878199 45.01485456875558, 39.026158353956596 45.01898939629177, 39.039717696976304 45.01065691560364, 39.03628956423842 44.998187191649734, 39.01930208848083 44.9940508622256, 39.00574274546111 45.00238575864337))", "population": 16000.0, "Pedestrian traffic": 13000.0, "car traffic": 6500.0, "poi_count": 5 }, "geometry": { "type": "Point", "coordinates": [ 4343772.024122463539243, 5621941.990278114564717 ] } },
{ "type": "Feature", "properties": { "ID": 50017267, "Address": "улица Красных Партизан, 62", "Square": "32.1", "Rating": 5.0, "lat": 45.053175, "long": 38.942695, "index_right": 20.0, "id": 21.0, "geometry_y": "POLYGON ((38.92438668734285 45.052369676472544, 38.927814820080734 45.064827602163845, 38.944802295838336 45.0689588197557, 38.95836163885804 45.06063361354079, 38.954933506120156 45.04817477400952, 38.93794603036256 45.04404205453261, 38.92438668734285 45.052369676472544))", "population": 21000.0, "Pedestrian traffic": 35000.0, "car traffic": 28000.0, "poi_count": 19 }, "geometry": { "type": "Point", "coordinates": [ 4335080.977517761290073, 5629896.689871805720031 ] } },
{ "type": "Feature", "properties": { "ID": 5285, "Address": "улица Гагарина, 132", "Square": "55.2", "Rating": 5.0, "lat": 45.053945, "long": 38.949945, "index_right": 20.0, "id": 21.0, "geometry_y": "POLYGON ((38.92438668734285 45.052369676472544, 38.927814820080734 45.064827602163845, 38.944802295838336 45.0689588197557, 38.95836163885804 45.06063361354079, 38.954933506120156 45.04817477400952, 38.93794603036256 45.04404205453261, 38.92438668734285 45.052369676472544))", "population": 21000.0, "Pedestrian traffic": 35000.0, "car traffic": 28000.0, "poi_count": 30 }, "geometry": { "type": "Point", "coordinates": [ 4335888.043826011940837, 5630018.024088730104268 ] } },
{ "type": "Feature", "properties": { "ID": 209978, "Address": "улица Герцена, 186", "Square": "58", "Rating": 5.0, "lat": 45.057689, "long": 38.946091, "index_right": 20.0, "id": 21.0, "geometry_y": "POLYGON ((38.92438668734285 45.052369676472544, 38.927814820080734 45.064827602163845, 38.944802295838336 45.0689588197557, 38.95836163885804 45.06063361354079, 38.954933506120156 45.04817477400952, 38.93794603036256 45.04404205453261, 38.92438668734285 45.052369676472544))", "population": 21000.0, "Pedestrian traffic": 35000.0, "car traffic": 28000.0, "poi_count": 74 }, "geometry": { "type": "Point", "coordinates": [ 4335459.018508494831622, 5630608.015306652523577 ] } },
{ "type": "Feature", "properties": { "ID": 50009042, "Address": "улица Каляева, 263/4", "Square": "70", "Rating": 4.991, "lat": 45.06002, "long": 38.940755, "index_right": 20.0, "id": 21.0, "geometry_y": "POLYGON ((38.92438668734285 45.052369676472544, 38.927814820080734 45.064827602163845, 38.944802295838336 45.0689588197557, 38.95836163885804 45.06063361354079, 38.954933506120156 45.04817477400952, 38.93794603036256 45.04404205453261, 38.92438668734285 45.052369676472544))", "population": 21000.0, "Pedestrian traffic": 35000.0, "car traffic": 28000.0, "poi_count": 21 }, "geometry": { "type": "Point", "coordinates": [ 4334865.017705622129142, 5630975.361082716844976 ] } },
{ "type": "Feature", "properties": { "ID": 307356, "Address": "улица Новицкого, 2/4", "Square": "55", "Rating": 5.0, "lat": 45.060726, "long": 38.943486, "index_right": 20.0, "id": 21.0, "geometry_y": "POLYGON ((38.92438668734285 45.052369676472544, 38.927814820080734 45.064827602163845, 38.944802295838336 45.0689588197557, 38.95836163885804 45.06063361354079, 38.954933506120156 45.04817477400952, 38.93794603036256 45.04404205453261, 38.92438668734285 45.052369676472544))", "population": 21000.0, "Pedestrian traffic": 35000.0, "car traffic": 28000.0, "poi_count": 59 }, "geometry": { "type": "Point", "coordinates": [ 4335169.031234977766871, 5631086.623633409850299 ] } },
{ "type": "Feature", "properties": { "ID": 162540, "Address": "Совхозная улица, 1к1", "Square": "80", "Rating": 4.989, "lat": 45.061376, "long": 38.944079, "index_right": 20.0, "id": 21.0, "geometry_y": "POLYGON ((38.92438668734285 45.052369676472544, 38.927814820080734 45.064827602163845, 38.944802295838336 45.0689588197557, 38.95836163885804 45.06063361354079, 38.954933506120156 45.04817477400952, 38.93794603036256 45.04404205453261, 38.92438668734285 45.052369676472544))", "population": 21000.0, "Pedestrian traffic": 35000.0, "car traffic": 28000.0, "poi_count": 58 }, "geometry": { "type": "Point", "coordinates": [ 4335235.043693019077182, 5631189.062040727585554 ] } },
{ "type": "Feature", "properties": { "ID": 206935, "Address": "улица Атарбекова, 30", "Square": "91", "Rating": 4.99, "lat": 45.058434, "long": 38.951903, "index_right": 20.0, "id": 21.0, "geometry_y": "POLYGON ((38.92438668734285 45.052369676472544, 38.927814820080734 45.064827602163845, 38.944802295838336 45.0689588197557, 38.95836163885804 45.06063361354079, 38.954933506120156 45.04817477400952, 38.93794603036256 45.04404205453261, 38.92438668734285 45.052369676472544))", "population": 21000.0, "Pedestrian traffic": 35000.0, "car traffic": 28000.0, "poi_count": 117 }, "geometry": { "type": "Point", "coordinates": [ 4336106.007388984784484, 5630725.419342537410557 ] } },
{ "type": "Feature", "properties": { "ID": 50016484, "Address": "улица Атарбекова, 28", "Square": "66", "Rating": 4.996, "lat": 45.059077, "long": 38.95096, "index_right": 20.0, "id": 21.0, "geometry_y": "POLYGON ((38.92438668734285 45.052369676472544, 38.927814820080734 45.064827602163845, 38.944802295838336 45.0689588197557, 38.95836163885804 45.06063361354079, 38.954933506120156 45.04817477400952, 38.93794603036256 45.04404205453261, 38.92438668734285 45.052369676472544))", "population": 21000.0, "Pedestrian traffic": 35000.0, "car traffic": 28000.0, "poi_count": 144 }, "geometry": { "type": "Point", "coordinates": [ 4336001.033109167590737, 5630826.750498692505062 ] } },
{ "type": "Feature", "properties": { "ID": 203190, "Address": "улица Ковалёва, 5", "Square": "33", "Rating": 4.899, "lat": 45.061949, "long": 38.948947, "index_right": 20.0, "id": 21.0, "geometry_y": "POLYGON ((38.92438668734285 45.052369676472544, 38.927814820080734 45.064827602163845, 38.944802295838336 45.0689588197557, 38.95836163885804 45.06063361354079, 38.954933506120156 45.04817477400952, 38.93794603036256 45.04404205453261, 38.92438668734285 45.052369676472544))", "population": 21000.0, "Pedestrian traffic": 35000.0, "car traffic": 28000.0, "poi_count": 115 }, "geometry": { "type": "Point", "coordinates": [ 4335776.946974200196564, 5631279.36640256550163 ] } },
{ "type": "Feature", "properties": { "ID": 139531, "Address": "улица Яна Полуяна, 33", "Square": "56.7", "Rating": 4.968, "lat": 45.06433, "long": 38.951454, "index_right": 20.0, "id": 21.0, "geometry_y": "POLYGON ((38.92438668734285 45.052369676472544, 38.927814820080734 45.064827602163845, 38.944802295838336 45.0689588197557, 38.95836163885804 45.06063361354079, 38.954933506120156 45.04817477400952, 38.93794603036256 45.04404205453261, 38.92438668734285 45.052369676472544))", "population": 21000.0, "Pedestrian traffic": 35000.0, "car traffic": 28000.0, "poi_count": 76 }, "geometry": { "type": "Point", "coordinates": [ 4336056.024937618523836, 5631654.61987638939172 ] } },
{ "type": "Feature", "properties": { "ID": 50016357, "Address": "улица Садоводов, 8", "Square": "61", "Rating": 4.997, "lat": 45.065749, "long": 38.946827, "index_right": 20.0, "id": 21.0, "geometry_y": "POLYGON ((38.92438668734285 45.052369676472544, 38.927814820080734 45.064827602163845, 38.944802295838336 45.0689588197557, 38.95836163885804 45.06063361354079, 38.954933506120156 45.04817477400952, 38.93794603036256 45.04404205453261, 38.92438668734285 45.052369676472544))", "population": 21000.0, "Pedestrian traffic": 35000.0, "car traffic": 28000.0, "poi_count": 18 }, "geometry": { "type": "Point", "coordinates": [ 4335540.949653718620539, 5631878.266401792876422 ] } },
{ "type": "Feature", "properties": { "ID": 173134, "Address": "проспект Константина Образцова, 2/2", "Square": "100", "Rating": 4.985, "lat": 45.06785, "long": 38.949298, "index_right": 28.0, "id": 29.0, "geometry_y": "POLYGON ((38.944802295838336 45.0689588197557, 38.94823042857621 45.08141313092549, 38.96521790433381 45.0855431497198, 38.97877724735353 45.077220359226736, 38.97534911461564 45.064765134218185, 38.95836163885804 45.06063361354079, 38.944802295838336 45.0689588197557))", "population": 48000.0, "Pedestrian traffic": 44000.0, "car traffic": 25000.0, "poi_count": 21 }, "geometry": { "type": "Point", "coordinates": [ 4335816.020115468651056, 5632209.412150282412767 ] } },
{ "type": "Feature", "properties": { "ID": 312276, "Address": "улица Архитектора Петина, 14", "Square": "51.5", "Rating": 4.99, "lat": 45.068633, "long": 38.950978, "index_right": 28.0, "id": 29.0, "geometry_y": "POLYGON ((38.944802295838336 45.0689588197557, 38.94823042857621 45.08141313092549, 38.96521790433381 45.0855431497198, 38.97877724735353 45.077220359226736, 38.97534911461564 45.064765134218185, 38.95836163885804 45.06063361354079, 38.944802295838336 45.0689588197557))", "population": 48000.0, "Pedestrian traffic": 44000.0, "car traffic": 25000.0, "poi_count": 21 }, "geometry": { "type": "Point", "coordinates": [ 4336003.036860001273453, 5632332.826553975231946 ] } },
{ "type": "Feature", "properties": { "ID": 141127, "Address": "проспект Константина Образцова, 6/2", "Square": "53", "Rating": 4.991, "lat": 45.066838, "long": 38.952226, "index_right": 28.0, "id": 29.0, "geometry_y": "POLYGON ((38.944802295838336 45.0689588197557, 38.94823042857621 45.08141313092549, 38.96521790433381 45.0855431497198, 38.97877724735353 45.077220359226736, 38.97534911461564 45.064765134218185, 38.95836163885804 45.06063361354079, 38.944802295838336 45.0689588197557))", "population": 48000.0, "Pedestrian traffic": 44000.0, "car traffic": 25000.0, "poi_count": 51 }, "geometry": { "type": "Point", "coordinates": [ 4336141.96358451154083, 5632049.905872483737767 ] } },
{ "type": "Feature", "properties": { "ID": 3852, "Address": "улица имени Симиренко, 37к1", "Square": "60.5", "Rating": 4.994, "lat": 45.072465, "long": 38.949253, "index_right": 28.0, "id": 29.0, "geometry_y": "POLYGON ((38.944802295838336 45.0689588197557, 38.94823042857621 45.08141313092549, 38.96521790433381 45.0855431497198, 38.97877724735353 45.077220359226736, 38.97534911461564 45.064765134218185, 38.95836163885804 45.06063361354079, 38.944802295838336 45.0689588197557))", "population": 48000.0, "Pedestrian traffic": 44000.0, "car traffic": 25000.0, "poi_count": 13 }, "geometry": { "type": "Point", "coordinates": [ 4335811.010738383047283, 5632936.840714989230037 ] } },
{ "type": "Feature", "properties": { "ID": 337942, "Address": "Круговая улица, 4Вк7", "Square": "48.5", "Rating": 5.0, "lat": 45.073757, "long": 38.951364, "index_right": 28.0, "id": 29.0, "geometry_y": "POLYGON ((38.944802295838336 45.0689588197557, 38.94823042857621 45.08141313092549, 38.96521790433381 45.0855431497198, 38.97877724735353 45.077220359226736, 38.97534911461564 45.064765134218185, 38.95836163885804 45.06063361354079, 38.944802295838336 45.0689588197557))", "population": 48000.0, "Pedestrian traffic": 44000.0, "car traffic": 25000.0, "poi_count": 11 }, "geometry": { "type": "Point", "coordinates": [ 4336046.006183447316289, 5633140.499712709337473 ] } },
{ "type": "Feature", "properties": { "ID": 50007604, "Address": "Круговая улица, 4Вк3", "Square": "45.8", "Rating": 4.998, "lat": 45.074527, "long": 38.953367, "index_right": 28.0, "id": 29.0, "geometry_y": "POLYGON ((38.944802295838336 45.0689588197557, 38.94823042857621 45.08141313092549, 38.96521790433381 45.0855431497198, 38.97877724735353 45.077220359226736, 38.97534911461564 45.064765134218185, 38.95836163885804 45.06063361354079, 38.944802295838336 45.0689588197557))", "population": 48000.0, "Pedestrian traffic": 44000.0, "car traffic": 25000.0, "poi_count": 6 }, "geometry": { "type": "Point", "coordinates": [ 4336268.979123506695032, 5633261.877620876766741 ] } },
{ "type": "Feature", "properties": { "ID": 139733, "Address": "Круговая улица, 4Вк1", "Square": "81.2", "Rating": 4.998, "lat": 45.073687, "long": 38.953385, "index_right": 28.0, "id": 29.0, "geometry_y": "POLYGON ((38.944802295838336 45.0689588197557, 38.94823042857621 45.08141313092549, 38.96521790433381 45.0855431497198, 38.97877724735353 45.077220359226736, 38.97534911461564 45.064765134218185, 38.95836163885804 45.06063361354079, 38.944802295838336 45.0689588197557))", "population": 48000.0, "Pedestrian traffic": 44000.0, "car traffic": 25000.0, "poi_count": 6 }, "geometry": { "type": "Point", "coordinates": [ 4336270.982874340377748, 5633129.465438516810536 ] } },
{ "type": "Feature", "properties": { "ID": 315637, "Address": "улица имени Симиренко, 71к2", "Square": "64", "Rating": 5.0, "lat": 45.072077, "long": 38.954948, "index_right": 28.0, "id": 29.0, "geometry_y": "POLYGON ((38.944802295838336 45.0689588197557, 38.94823042857621 45.08141313092549, 38.96521790433381 45.0855431497198, 38.97877724735353 45.077220359226736, 38.97534911461564 45.064765134218185, 38.95836163885804 45.06063361354079, 38.944802295838336 45.0689588197557))", "population": 48000.0, "Pedestrian traffic": 44000.0, "car traffic": 25000.0, "poi_count": 6 }, "geometry": { "type": "Point", "coordinates": [ 4336444.975238450802863, 5632875.680862290784717 ] } },
{ "type": "Feature", "properties": { "ID": 140341, "Address": "улица Архитектора Петина, 18/2", "Square": "70", "Rating": 4.999, "lat": 45.068499, "long": 38.953951, "index_right": 28.0, "id": 29.0, "geometry_y": "POLYGON ((38.944802295838336 45.0689588197557, 38.94823042857621 45.08141313092549, 38.96521790433381 45.0855431497198, 38.97877724735353 45.077220359226736, 38.97534911461564 45.064765134218185, 38.95836163885804 45.06063361354079, 38.944802295838336 45.0689588197557))", "population": 48000.0, "Pedestrian traffic": 44000.0, "car traffic": 25000.0, "poi_count": 25 }, "geometry": { "type": "Point", "coordinates": [ 4336333.989706130698323, 5632311.705705979838967 ] } },
{ "type": "Feature", "properties": { "ID": 50016337, "Address": "Казбекская улица, 14", "Square": "51", "Rating": 4.926, "lat": 45.068499, "long": 38.953951, "index_right": 28.0, "id": 29.0, "geometry_y": "POLYGON ((38.944802295838336 45.0689588197557, 38.94823042857621 45.08141313092549, 38.96521790433381 45.0855431497198, 38.97877724735353 45.077220359226736, 38.97534911461564 45.064765134218185, 38.95836163885804 45.06063361354079, 38.944802295838336 45.0689588197557))", "population": 48000.0, "Pedestrian traffic": 44000.0, "car traffic": 25000.0, "poi_count": 25 }, "geometry": { "type": "Point", "coordinates": [ 4336333.989706130698323, 5632311.705705979838967 ] } },
{ "type": "Feature", "properties": { "ID": 307384, "Address": "Казбекская улица, 15", "Square": "70", "Rating": 4.986, "lat": 45.066017, "long": 38.955766, "index_right": 28.0, "id": 29.0, "geometry_y": "POLYGON ((38.944802295838336 45.0689588197557, 38.94823042857621 45.08141313092549, 38.96521790433381 45.0855431497198, 38.97877724735353 45.077220359226736, 38.97534911461564 45.064765134218185, 38.95836163885804 45.06063361354079, 38.944802295838336 45.0689588197557))", "population": 48000.0, "Pedestrian traffic": 44000.0, "car traffic": 25000.0, "poi_count": 75 }, "geometry": { "type": "Point", "coordinates": [ 4336536.034581919200718, 5631920.50611512362957 ] } },
{ "type": "Feature", "properties": { "ID": 139581, "Address": "улица Архитектора Ишунина, 1", "Square": "57", "Rating": 4.941, "lat": 45.064419, "long": 38.956466, "index_right": 28.0, "id": 29.0, "geometry_y": "POLYGON ((38.944802295838336 45.0689588197557, 38.94823042857621 45.08141313092549, 38.96521790433381 45.0855431497198, 38.97877724735353 45.077220359226736, 38.97534911461564 45.064765134218185, 38.95836163885804 45.06063361354079, 38.944802295838336 45.0689588197557))", "population": 48000.0, "Pedestrian traffic": 44000.0, "car traffic": 25000.0, "poi_count": 65 }, "geometry": { "type": "Point", "coordinates": [ 4336613.958225474692881, 5631668.646873725578189 ] } },
{ "type": "Feature", "properties": { "ID": 50004254, "Address": "улица Архитектора Ишунина, 6", "Square": "85", "Rating": 4.977, "lat": 45.06538, "long": 38.957212, "index_right": 28.0, "id": 29.0, "geometry_y": "POLYGON ((38.944802295838336 45.0689588197557, 38.94823042857621 45.08141313092549, 38.96521790433381 45.0855431497198, 38.97877724735353 45.077220359226736, 38.97534911461564 45.064765134218185, 38.95836163885804 45.06063361354079, 38.944802295838336 45.0689588197557))", "population": 48000.0, "Pedestrian traffic": 44000.0, "car traffic": 25000.0, "poi_count": 62 }, "geometry": { "type": "Point", "coordinates": [ 4336697.002565606497228, 5631820.108314563520253 ] } },
{ "type": "Feature", "properties": { "ID": 126707, "Address": "проспект Константина Образцова, 25к1", "Square": "70", "Rating": 4.964, "lat": 45.066806, "long": 38.958667, "index_right": 28.0, "id": 29.0, "geometry_y": "POLYGON ((38.944802295838336 45.0689588197557, 38.94823042857621 45.08141313092549, 38.96521790433381 45.0855431497198, 38.97877724735353 45.077220359226736, 38.97534911461564 45.064765134218185, 38.95836163885804 45.06063361354079, 38.944802295838336 45.0689588197557))", "population": 48000.0, "Pedestrian traffic": 44000.0, "car traffic": 25000.0, "poi_count": 33 }, "geometry": { "type": "Point", "coordinates": [ 4336858.972424710169435, 5632044.86224177479744 ] } },
{ "type": "Feature", "properties": { "ID": 212229, "Address": "улица Архитектора Ишунина, 9", "Square": "86", "Rating": 4.993, "lat": 45.068124, "long": 38.959431, "index_right": 28.0, "id": 29.0, "geometry_y": "POLYGON ((38.944802295838336 45.0689588197557, 38.94823042857621 45.08141313092549, 38.96521790433381 45.0855431497198, 38.97877724735353 45.077220359226736, 38.97534911461564 45.064765134218185, 38.95836163885804 45.06063361354079, 38.944802295838336 45.0689588197557))", "population": 48000.0, "Pedestrian traffic": 44000.0, "car traffic": 25000.0, "poi_count": 19 }, "geometry": { "type": "Point", "coordinates": [ 4336944.020515677519143, 5632252.599118418060243 ] } },
{ "type": "Feature", "properties": { "ID": 2122, "Address": "улица имени Тургенева, 98", "Square": "80", "Rating": 5.0, "lat": 45.050284, "long": 38.95961, "index_right": 27.0, "id": 28.0, "geometry_y": "POLYGON ((38.954933506120156 45.048174774009524, 38.95836163885804 45.06063361354079, 38.97534911461564 45.064765134218185, 38.988908457635354 45.05643931724932, 38.985480324897466 45.043979563877855, 38.96849284913987 45.03984654131497, 38.954933506120156 45.048174774009524))", "population": 39000.0, "Pedestrian traffic": 95000.0, "car traffic": 51000.0, "poi_count": 67 }, "geometry": { "type": "Point", "coordinates": [ 4336963.946704528294504, 5629441.149619748815894 ] } },
{ "type": "Feature", "properties": { "ID": 50014074, "Address": "улица Красных Партизан, 443", "Square": "71", "Rating": 4.992, "lat": 45.051545, "long": 38.958038, "index_right": 27.0, "id": 28.0, "geometry_y": "POLYGON ((38.954933506120156 45.048174774009524, 38.95836163885804 45.06063361354079, 38.97534911461564 45.064765134218185, 38.988908457635354 45.05643931724932, 38.985480324897466 45.043979563877855, 38.96849284913987 45.03984654131497, 38.954933506120156 45.048174774009524))", "population": 39000.0, "Pedestrian traffic": 95000.0, "car traffic": 51000.0, "poi_count": 62 }, "geometry": { "type": "Point", "coordinates": [ 4336788.952465002425015, 5629639.844905832782388 ] } },
{ "type": "Feature", "properties": { "ID": 50034056, "Address": "улица имени Тургенева, 109", "Square": "60", "Rating": 4.996, "lat": 45.052576, "long": 38.958676, "index_right": 27.0, "id": 28.0, "geometry_y": "POLYGON ((38.954933506120156 45.048174774009524, 38.95836163885804 45.06063361354079, 38.97534911461564 45.064765134218185, 38.988908457635354 45.05643931724932, 38.985480324897466 45.043979563877855, 38.96849284913987 45.03984654131497, 38.954933506120156 45.048174774009524))", "population": 39000.0, "Pedestrian traffic": 95000.0, "car traffic": 51000.0, "poi_count": 65 }, "geometry": { "type": "Point", "coordinates": [ 4336859.974300128407776, 5629802.302435383200645 ] } },
{ "type": "Feature", "properties": { "ID": 50037986, "Address": "Фестивальная улица, 38", "Square": "55", "Rating": 5.0, "lat": 45.054315, "long": 38.960599, "index_right": 27.0, "id": 28.0, "geometry_y": "POLYGON ((38.954933506120156 45.048174774009524, 38.95836163885804 45.06063361354079, 38.97534911461564 45.064765134218185, 38.988908457635354 45.05643931724932, 38.985480324897466 45.043979563877855, 38.96849284913987 45.03984654131497, 38.954933506120156 45.048174774009524))", "population": 39000.0, "Pedestrian traffic": 95000.0, "car traffic": 51000.0, "poi_count": 65 }, "geometry": { "type": "Point", "coordinates": [ 4337074.04168092366308, 5630076.328124734573066 ] } },
{ "type": "Feature", "properties": { "ID": 161796, "Address": "улица Воровского, 197", "Square": "47", "Rating": 4.994, "lat": 45.052831, "long": 38.954418, "index_right": 20.0, "id": 21.0, "geometry_y": "POLYGON ((38.92438668734285 45.052369676472544, 38.927814820080734 45.064827602163845, 38.944802295838336 45.0689588197557, 38.95836163885804 45.06063361354079, 38.954933506120156 45.04817477400952, 38.93794603036256 45.04404205453261, 38.92438668734285 45.052369676472544))", "population": 21000.0, "Pedestrian traffic": 35000.0, "car traffic": 28000.0, "poi_count": 34 }, "geometry": { "type": "Point", "coordinates": [ 4336385.975908329710364, 5629842.483944397419691 ] } },
{ "type": "Feature", "properties": { "ID": 50031787, "Address": "Фестивальная улица, 7", "Square": "44.9", "Rating": 4.999, "lat": 45.055282, "long": 38.956933, "index_right": 27.0, "id": 28.0, "geometry_y": "POLYGON ((38.954933506120156 45.048174774009524, 38.95836163885804 45.06063361354079, 38.97534911461564 45.064765134218185, 38.988908457635354 45.05643931724932, 38.985480324897466 45.043979563877855, 38.96849284913987 45.03984654131497, 38.954933506120156 45.048174774009524))", "population": 39000.0, "Pedestrian traffic": 95000.0, "car traffic": 51000.0, "poi_count": 38 }, "geometry": { "type": "Point", "coordinates": [ 4336665.944427674636245, 5630228.708292000927031 ] } },
{ "type": "Feature", "properties": { "ID": 137644, "Address": "улица имени Тургенева, 135", "Square": "59", "Rating": 4.94, "lat": 45.056333, "long": 38.959799, "index_right": 27.0, "id": 28.0, "geometry_y": "POLYGON ((38.954933506120156 45.048174774009524, 38.95836163885804 45.06063361354079, 38.97534911461564 45.064765134218185, 38.988908457635354 45.05643931724932, 38.985480324897466 45.043979563877855, 38.96849284913987 45.03984654131497, 38.954933506120156 45.048174774009524))", "population": 39000.0, "Pedestrian traffic": 95000.0, "car traffic": 51000.0, "poi_count": 68 }, "geometry": { "type": "Point", "coordinates": [ 4336984.98608828894794, 5630394.328128196299076 ] } },
{ "type": "Feature", "properties": { "ID": 151739, "Address": "улица Атарбекова, 45", "Square": "74", "Rating": 4.974, "lat": 45.059529, "long": 38.958515, "index_right": 27.0, "id": 28.0, "geometry_y": "POLYGON ((38.954933506120156 45.048174774009524, 38.95836163885804 45.06063361354079, 38.97534911461564 45.064765134218185, 38.988908457635354 45.05643931724932, 38.985480324897466 45.043979563877855, 38.96849284913987 45.03984654131497, 38.954933506120156 45.048174774009524))", "population": 39000.0, "Pedestrian traffic": 95000.0, "car traffic": 51000.0, "poi_count": 112 }, "geometry": { "type": "Point", "coordinates": [ 4336842.051862110383809, 5630897.98241339251399 ] } },
{ "type": "Feature", "properties": { "ID": 322777, "Address": "улица имени Тургенева, 155", "Square": "52", "Rating": 4.962, "lat": 45.062318, "long": 38.960491, "index_right": 28.0, "id": 29.0, "geometry_y": "POLYGON ((38.944802295838336 45.0689588197557, 38.94823042857621 45.08141313092549, 38.96521790433381 45.0855431497198, 38.97877724735353 45.077220359226736, 38.97534911461564 45.064765134218185, 38.95836163885804 45.06063361354079, 38.944802295838336 45.0689588197557))", "population": 48000.0, "Pedestrian traffic": 44000.0, "car traffic": 25000.0, "poi_count": 80 }, "geometry": { "type": "Point", "coordinates": [ 4337062.019175916910172, 5631337.520999492146075 ] } },
{ "type": "Feature", "properties": { "ID": 213695, "Address": "улица имени Тургенева, 142", "Square": "35", "Rating": 4.993, "lat": 45.065399, "long": 38.963671, "index_right": 28.0, "id": 29.0, "geometry_y": "POLYGON ((38.944802295838336 45.0689588197557, 38.94823042857621 45.08141313092549, 38.96521790433381 45.0855431497198, 38.97877724735353 45.077220359226736, 38.97534911461564 45.064765134218185, 38.95836163885804 45.06063361354079, 38.944802295838336 45.0689588197557))", "population": 48000.0, "Pedestrian traffic": 44000.0, "car traffic": 25000.0, "poi_count": 45 }, "geometry": { "type": "Point", "coordinates": [ 4337416.015156640671194, 5631823.102895255200565 ] } },
{ "type": "Feature", "properties": { "ID": 50019696, "Address": "Дальний проезд, 9к2", "Square": "82.8", "Rating": 4.898, "lat": 45.063247, "long": 38.964479, "index_right": 28.0, "id": 29.0, "geometry_y": "POLYGON ((38.944802295838336 45.0689588197557, 38.94823042857621 45.08141313092549, 38.96521790433381 45.0855431497198, 38.97877724735353 45.077220359226736, 38.97534911461564 45.064765134218185, 38.95836163885804 45.06063361354079, 38.944802295838336 45.0689588197557))", "population": 48000.0, "Pedestrian traffic": 44000.0, "car traffic": 25000.0, "poi_count": 66 }, "geometry": { "type": "Point", "coordinates": [ 4337505.961305201053619, 5631483.93355733063072 ] } },
{ "type": "Feature", "properties": { "ID": 150386, "Address": "Дальняя улица, 39/3", "Square": "64", "Rating": 4.957, "lat": 45.060904, "long": 38.964578, "index_right": 27.0, "id": 28.0, "geometry_y": "POLYGON ((38.954933506120156 45.048174774009524, 38.95836163885804 45.06063361354079, 38.97534911461564 45.064765134218185, 38.988908457635354 45.05643931724932, 38.985480324897466 45.043979563877855, 38.96849284913987 45.03984654131497, 38.954933506120156 45.048174774009524))", "population": 39000.0, "Pedestrian traffic": 95000.0, "car traffic": 51000.0, "poi_count": 96 }, "geometry": { "type": "Point", "coordinates": [ 4337516.981934790499508, 5631114.675881465896964 ] } },
{ "type": "Feature", "properties": { "ID": 308738, "Address": "Дальняя улица, 39/2", "Square": "54", "Rating": 4.949, "lat": 45.061325, "long": 38.965324, "index_right": 27.0, "id": 28.0, "geometry_y": "POLYGON ((38.954933506120156 45.048174774009524, 38.95836163885804 45.06063361354079, 38.97534911461564 45.064765134218185, 38.988908457635354 45.05643931724932, 38.985480324897466 45.043979563877855, 38.96849284913987 45.03984654131497, 38.954933506120156 45.048174774009524))", "population": 39000.0, "Pedestrian traffic": 95000.0, "car traffic": 51000.0, "poi_count": 92 }, "geometry": { "type": "Point", "coordinates": [ 4337600.026274922303855, 5631181.024523586966097 ] } },
{ "type": "Feature", "properties": { "ID": 157869, "Address": "Гаражная улица, 87к1", "Square": "44", "Rating": 4.95, "lat": 45.060892, "long": 38.967318, "index_right": 27.0, "id": 28.0, "geometry_y": "POLYGON ((38.954933506120156 45.048174774009524, 38.95836163885804 45.06063361354079, 38.97534911461564 45.064765134218185, 38.988908457635354 45.05643931724932, 38.985480324897466 45.043979563877855, 38.96849284913987 45.03984654131497, 38.954933506120156 45.048174774009524))", "population": 39000.0, "Pedestrian traffic": 95000.0, "car traffic": 51000.0, "poi_count": 64 }, "geometry": { "type": "Point", "coordinates": [ 4337821.997339563444257, 5631112.784715931862593 ] } },
{ "type": "Feature", "properties": { "ID": 335761, "Address": "Гаражная улица, 87", "Square": "78", "Rating": 4.964, "lat": 45.061395, "long": 38.968288, "index_right": 27.0, "id": 28.0, "geometry_y": "POLYGON ((38.954933506120156 45.048174774009524, 38.95836163885804 45.06063361354079, 38.97534911461564 45.064765134218185, 38.988908457635354 45.05643931724932, 38.985480324897466 45.043979563877855, 38.96849284913987 45.03984654131497, 38.954933506120156 45.048174774009524))", "population": 39000.0, "Pedestrian traffic": 95000.0, "car traffic": 51000.0, "poi_count": 59 }, "geometry": { "type": "Point", "coordinates": [ 4337929.977245633490384, 5631192.056411690078676 ] } },
{ "type": "Feature", "properties": { "ID": 50004457, "Address": "улица Монтажников, 14", "Square": "81", "Rating": 4.999, "lat": 45.059829, "long": 38.967857, "index_right": 27.0, "id": 28.0, "geometry_y": "POLYGON ((38.954933506120156 45.048174774009524, 38.95836163885804 45.06063361354079, 38.97534911461564 45.064765134218185, 38.988908457635354 45.05643931724932, 38.985480324897466 45.043979563877855, 38.96849284913987 45.03984654131497, 38.954933506120156 45.048174774009524))", "population": 39000.0, "Pedestrian traffic": 95000.0, "car traffic": 51000.0, "poi_count": 57 }, "geometry": { "type": "Point", "coordinates": [ 4337881.998545101843774, 5630945.260543788783252 ] } },
{ "type": "Feature", "properties": { "ID": 114368, "Address": "Морская улица, 45", "Square": "84.7", "Rating": 4.938, "lat": 45.055251, "long": 38.968118, "index_right": 27.0, "id": 28.0, "geometry_y": "POLYGON ((38.954933506120156 45.048174774009524, 38.95836163885804 45.06063361354079, 38.97534911461564 45.064765134218185, 38.988908457635354 45.05643931724932, 38.985480324897466 45.043979563877855, 38.96849284913987 45.03984654131497, 38.954933506120156 45.048174774009524))", "population": 39000.0, "Pedestrian traffic": 95000.0, "car traffic": 51000.0, "poi_count": 22 }, "geometry": { "type": "Point", "coordinates": [ 4337911.052932198159397, 5630223.823262171819806 ] } },
{ "type": "Feature", "properties": { "ID": 214796, "Address": "Гаражная улица, 71", "Square": "58", "Rating": 5.0, "lat": 45.055671, "long": 38.970543, "index_right": 27.0, "id": 28.0, "geometry_y": "POLYGON ((38.954933506120156 45.048174774009524, 38.95836163885804 45.06063361354079, 38.97534911461564 45.064765134218185, 38.988908457635354 45.05643931724932, 38.985480324897466 45.043979563877855, 38.96849284913987 45.03984654131497, 38.954933506120156 45.048174774009524))", "population": 39000.0, "Pedestrian traffic": 95000.0, "car traffic": 51000.0, "poi_count": 21 }, "geometry": { "type": "Point", "coordinates": [ 4338181.00269737187773, 5630290.007762373425066 ] } },
{ "type": "Feature", "properties": { "ID": 50006439, "Address": "улица Гагарина, 147", "Square": "52.6", "Rating": 4.994, "lat": 45.051793, "long": 38.966312, "index_right": 27.0, "id": 28.0, "geometry_y": "POLYGON ((38.954933506120156 45.048174774009524, 38.95836163885804 45.06063361354079, 38.97534911461564 45.064765134218185, 38.988908457635354 45.05643931724932, 38.985480324897466 45.043979563877855, 38.96849284913987 45.03984654131497, 38.954933506120156 45.048174774009524))", "population": 39000.0, "Pedestrian traffic": 95000.0, "car traffic": 51000.0, "poi_count": 36 }, "geometry": { "type": "Point", "coordinates": [ 4337710.009931826032698, 5629678.922686176374555 ] } },
{ "type": "Feature", "properties": { "ID": 311711, "Address": "2-й Пластунский проезд, 13", "Square": "70.5", "Rating": 4.993, "lat": 45.047552, "long": 38.968019, "index_right": 27.0, "id": 28.0, "geometry_y": "POLYGON ((38.954933506120156 45.048174774009524, 38.95836163885804 45.06063361354079, 38.97534911461564 45.064765134218185, 38.988908457635354 45.05643931724932, 38.985480324897466 45.043979563877855, 38.96849284913987 45.03984654131497, 38.954933506120156 45.048174774009524))", "population": 39000.0, "Pedestrian traffic": 95000.0, "car traffic": 51000.0, "poi_count": 46 }, "geometry": { "type": "Point", "coordinates": [ 4337900.03230260964483, 5629010.684454265981913 ] } },
{ "type": "Feature", "properties": { "ID": 318390, "Address": "Гаражная улица, 156к1", "Square": "59", "Rating": 4.992, "lat": 45.065208, "long": 38.968953, "index_right": 28.0, "id": 29.0, "geometry_y": "POLYGON ((38.944802295838336 45.0689588197557, 38.94823042857621 45.08141313092549, 38.96521790433381 45.0855431497198, 38.97877724735353 45.077220359226736, 38.97534911461564 45.064765134218185, 38.95836163885804 45.06063361354079, 38.944802295838336 45.0689588197557))", "population": 48000.0, "Pedestrian traffic": 44000.0, "car traffic": 25000.0, "poi_count": 28 }, "geometry": { "type": "Point", "coordinates": [ 4338004.00470701046288, 5631792.99952413327992 ] } },
{ "type": "Feature", "properties": { "ID": 211591, "Address": "Рашпилевская улица, 333/1", "Square": "50", "Rating": 4.999, "lat": 45.067646, "long": 38.969986, "index_right": 28.0, "id": 29.0, "geometry_y": "POLYGON ((38.944802295838336 45.0689588197557, 38.94823042857621 45.08141313092549, 38.96521790433381 45.0855431497198, 38.97877724735353 45.077220359226736, 38.97534911461564 45.064765134218185, 38.95836163885804 45.06063361354079, 38.944802295838336 45.0689588197557))", "population": 48000.0, "Pedestrian traffic": 44000.0, "car traffic": 25000.0, "poi_count": 60 }, "geometry": { "type": "Point", "coordinates": [ 4338118.997740999795496, 5632177.25848363339901 ] } },
{ "type": "Feature", "properties": { "ID": 213621, "Address": "улица имени Тургенева, 174", "Square": "78", "Rating": 4.987, "lat": 45.069792, "long": 38.970247, "index_right": 28.0, "id": 29.0, "geometry_y": "POLYGON ((38.944802295838336 45.0689588197557, 38.94823042857621 45.08141313092549, 38.96521790433381 45.0855431497198, 38.97877724735353 45.077220359226736, 38.97534911461564 45.064765134218185, 38.95836163885804 45.06063361354079, 38.944802295838336 45.0689588197557))", "population": 48000.0, "Pedestrian traffic": 44000.0, "car traffic": 25000.0, "poi_count": 54 }, "geometry": { "type": "Point", "coordinates": [ 4338148.052128097042441, 5632515.50819356739521 ] } },
{ "type": "Feature", "properties": { "ID": 50005710, "Address": "улица имени Тургенева, 189", "Square": "71", "Rating": 4.984, "lat": 45.068086, "long": 38.965297, "index_right": 28.0, "id": 29.0, "geometry_y": "POLYGON ((38.944802295838336 45.0689588197557, 38.94823042857621 45.08141313092549, 38.96521790433381 45.0855431497198, 38.97877724735353 45.077220359226736, 38.97534911461564 45.064765134218185, 38.95836163885804 45.06063361354079, 38.944802295838336 45.0689588197557))", "population": 48000.0, "Pedestrian traffic": 44000.0, "car traffic": 25000.0, "poi_count": 51 }, "geometry": { "type": "Point", "coordinates": [ 4337597.020648670382798, 5632246.609672516584396 ] } },
{ "type": "Feature", "properties": { "ID": 319606, "Address": "Стахановская улица, 1/5к3", "Square": "90.5", "Rating": 4.945, "lat": 45.073725, "long": 38.96677, "index_right": 28.0, "id": 29.0, "geometry_y": "POLYGON ((38.944802295838336 45.0689588197557, 38.94823042857621 45.08141313092549, 38.96521790433381 45.0855431497198, 38.97877724735353 45.077220359226736, 38.97534911461564 45.064765134218185, 38.95836163885804 45.06063361354079, 38.944802295838336 45.0689588197557))", "population": 48000.0, "Pedestrian traffic": 44000.0, "car traffic": 25000.0, "poi_count": 15 }, "geometry": { "type": "Point", "coordinates": [ 4337760.99425860773772, 5633135.455471401102841 ] } },
{ "type": "Feature", "properties": { "ID": 316252, "Address": "Стахановская улица, 1/5к5", "Square": "59", "Rating": 4.974, "lat": 45.073025, "long": 38.967893, "index_right": 28.0, "id": 29.0, "geometry_y": "POLYGON ((38.944802295838336 45.0689588197557, 38.94823042857621 45.08141313092549, 38.96521790433381 45.0855431497198, 38.97877724735353 45.077220359226736, 38.97534911461564 45.064765134218185, 38.95836163885804 45.06063361354079, 38.944802295838336 45.0689588197557))", "population": 48000.0, "Pedestrian traffic": 44000.0, "car traffic": 25000.0, "poi_count": 26 }, "geometry": { "type": "Point", "coordinates": [ 4337886.006046769209206, 5633025.113399455323815 ] } },
{ "type": "Feature", "properties": { "ID": 140352, "Address": "Стахановская улица, 1/5", "Square": "58", "Rating": 4.939, "lat": 45.073662, "long": 38.969213, "index_right": 28.0, "id": 29.0, "geometry_y": "POLYGON ((38.944802295838336 45.0689588197557, 38.94823042857621 45.08141313092549, 38.96521790433381 45.0855431497198, 38.97877724735353 45.077220359226736, 38.97534911461564 45.064765134218185, 38.95836163885804 45.06063361354079, 38.944802295838336 45.0689588197557))", "population": 48000.0, "Pedestrian traffic": 44000.0, "car traffic": 25000.0, "poi_count": 25 }, "geometry": { "type": "Point", "coordinates": [ 4338032.947774617001414, 5633125.524629578925669 ] } },
{ "type": "Feature", "properties": { "ID": 320976, "Address": "улица Авиагородок, 8", "Square": "53", "Rating": 4.919, "lat": 45.07538, "long": 38.973166, "index_right": 28.0, "id": 29.0, "geometry_y": "POLYGON ((38.944802295838336 45.0689588197557, 38.94823042857621 45.08141313092549, 38.96521790433381 45.0855431497198, 38.97877724735353 45.077220359226736, 38.97534911461564 45.064765134218185, 38.95836163885804 45.06063361354079, 38.944802295838336 45.0689588197557))", "population": 48000.0, "Pedestrian traffic": 44000.0, "car traffic": 25000.0, "poi_count": 26 }, "geometry": { "type": "Point", "coordinates": [ 4338472.993721722625196, 5633396.341031144373119 ] } },
{ "type": "Feature", "properties": { "ID": 139037, "Address": "улица Циолковского, 7", "Square": "57", "Rating": 5.0, "lat": 45.080402, "long": 38.976732, "index_right": 37.0, "id": 38.0, "geometry_y": "POLYGON ((38.96521790433382 45.0855431497198, 38.9686460370717 45.09799384637357, 38.985633512829295 45.102122666372345, 38.999192855849 45.09380229159715, 38.99576472311113 45.08135068110613, 38.97877724735353 45.07722035922673, 38.96521790433382 45.0855431497198))", "population": 9500.0, "Pedestrian traffic": 19000.0, "car traffic": 29000.0, "poi_count": 8 }, "geometry": { "type": "Point", "coordinates": [ 4338869.959025890566409, 5634188.029144956730306 ] } },
{ "type": "Feature", "properties": { "ID": 312535, "Address": "проезд Репина, 5", "Square": "50", "Rating": 5.0, "lat": 45.075158, "long": 38.976427, "index_right": 28.0, "id": 29.0, "geometry_y": "POLYGON ((38.944802295838336 45.0689588197557, 38.94823042857621 45.08141313092549, 38.96521790433381 45.0855431497198, 38.97877724735353 45.077220359226736, 38.97534911461564 45.064765134218185, 38.95836163885804 45.06063361354079, 38.944802295838336 45.0689588197557))", "population": 48000.0, "Pedestrian traffic": 44000.0, "car traffic": 25000.0, "poi_count": 39 }, "geometry": { "type": "Point", "coordinates": [ 4338836.006581199355423, 5633361.345671373419464 ] } },
{ "type": "Feature", "properties": { "ID": 212518, "Address": "улица Репина, 5", "Square": "51", "Rating": 5.0, "lat": 45.074667, "long": 38.977199, "index_right": 28.0, "id": 29.0, "geometry_y": "POLYGON ((38.944802295838336 45.0689588197557, 38.94823042857621 45.08141313092549, 38.96521790433381 45.0855431497198, 38.97877724735353 45.077220359226736, 38.97534911461564 45.064765134218185, 38.95836163885804 45.06063361354079, 38.944802295838336 45.0689588197557))", "population": 48000.0, "Pedestrian traffic": 44000.0, "car traffic": 25000.0, "poi_count": 42 }, "geometry": { "type": "Point", "coordinates": [ 4338921.945228091441095, 5633283.946507160551846 ] } },
{ "type": "Feature", "properties": { "ID": 309432, "Address": "проезд Репина, 3к1", "Square": "50", "Rating": 4.961, "lat": 45.073484, "long": 38.97622, "index_right": 28.0, "id": 29.0, "geometry_y": "POLYGON ((38.944802295838336 45.0689588197557, 38.94823042857621 45.08141313092549, 38.96521790433381 45.0855431497198, 38.97877724735353 45.077220359226736, 38.97534911461564 45.064765134218185, 38.95836163885804 45.06063361354079, 38.944802295838336 45.0689588197557))", "population": 48000.0, "Pedestrian traffic": 44000.0, "car traffic": 25000.0, "poi_count": 41 }, "geometry": { "type": "Point", "coordinates": [ 4338812.963446605019271, 5633097.466119787655771 ] } },
{ "type": "Feature", "properties": { "ID": 50017411, "Address": "проезд Репина, 42", "Square": "79.1", "Rating": 4.968, "lat": 45.074088, "long": 38.977568, "index_right": 28.0, "id": 29.0, "geometry_y": "POLYGON ((38.944802295838336 45.0689588197557, 38.94823042857621 45.08141313092549, 38.96521790433381 45.0855431497198, 38.97877724735353 45.077220359226736, 38.97534911461564 45.064765134218185, 38.95836163885804 45.06063361354079, 38.944802295838336 45.0689588197557))", "population": 48000.0, "Pedestrian traffic": 44000.0, "car traffic": 25000.0, "poi_count": 35 }, "geometry": { "type": "Point", "coordinates": [ 4338963.022120194509625, 5633192.676249450072646 ] } },
{ "type": "Feature", "properties": { "ID": 50016599, "Address": "Стахановская улица, 8", "Square": "40.9", "Rating": 4.942, "lat": 45.071211, "long": 38.975008, "index_right": 28.0, "id": 29.0, "geometry_y": "POLYGON ((38.944802295838336 45.0689588197557, 38.94823042857621 45.08141313092549, 38.96521790433381 45.0855431497198, 38.97877724735353 45.077220359226736, 38.97534911461564 45.064765134218185, 38.95836163885804 45.06063361354079, 38.944802295838336 45.0689588197557))", "population": 48000.0, "Pedestrian traffic": 44000.0, "car traffic": 25000.0, "poi_count": 35 }, "geometry": { "type": "Point", "coordinates": [ 4338678.044223763979971, 5632739.176090684719384 ] } },
{ "type": "Feature", "properties": { "ID": 135247, "Address": "проезд Репина, 22", "Square": "60", "Rating": 4.87, "lat": 45.074082, "long": 38.980245, "index_right": 36.0, "id": 37.0, "geometry_y": "POLYGON ((38.97534911461564 45.064765134218185, 38.97877724735353 45.077220359226736, 38.995764723111115 45.08135068110613, 39.00932406613083 45.073027279859986, 39.00589593339294 45.060571141012346, 38.988908457635354 45.05643931724932, 38.97534911461564 45.064765134218185))", "population": 25000.0, "Pedestrian traffic": 58000.0, "car traffic": 39000.0, "poi_count": 33 }, "geometry": { "type": "Point", "coordinates": [ 4339261.024397047236562, 5633191.730448511429131 ] } },
{ "type": "Feature", "properties": { "ID": 300686, "Address": "проезд Репина, 28", "Square": "70", "Rating": 4.993, "lat": 45.072936, "long": 38.981691, "index_right": 36.0, "id": 37.0, "geometry_y": "POLYGON ((38.97534911461564 45.064765134218185, 38.97877724735353 45.077220359226736, 38.995764723111115 45.08135068110613, 39.00932406613083 45.073027279859986, 39.00589593339294 45.060571141012346, 38.988908457635354 45.05643931724932, 38.97534911461564 45.064765134218185))", "population": 25000.0, "Pedestrian traffic": 58000.0, "car traffic": 39000.0, "poi_count": 37 }, "geometry": { "type": "Point", "coordinates": [ 4339421.992380735464394, 5633011.084290005266666 ] } },
{ "type": "Feature", "properties": { "ID": 114613, "Address": "Стахановская улица, 24", "Square": "73.2", "Rating": 4.992, "lat": 45.071058, "long": 38.979571, "index_right": 36.0, "id": 37.0, "geometry_y": "POLYGON ((38.97534911461564 45.064765134218185, 38.97877724735353 45.077220359226736, 38.995764723111115 45.08135068110613, 39.00932406613083 45.073027279859986, 39.00589593339294 45.060571141012346, 38.988908457635354 45.05643931724932, 38.97534911461564 45.064765134218185))", "population": 25000.0, "Pedestrian traffic": 58000.0, "car traffic": 39000.0, "poi_count": 68 }, "geometry": { "type": "Point", "coordinates": [ 4339185.995060253888369, 5632715.059411847963929 ] } },
{ "type": "Feature", "properties": { "ID": 158336, "Address": "улица Фёдора Лузана, 10", "Square": "61", "Rating": 4.949, "lat": 45.068671, "long": 38.97932, "index_right": 36.0, "id": 37.0, "geometry_y": "POLYGON ((38.97534911461564 45.064765134218185, 38.97877724735353 45.077220359226736, 38.995764723111115 45.08135068110613, 39.00932406613083 45.073027279859986, 39.00589593339294 45.060571141012346, 38.988908457635354 45.05643931724932, 38.97534911461564 45.064765134218185))", "population": 25000.0, "Pedestrian traffic": 58000.0, "car traffic": 39000.0, "poi_count": 65 }, "geometry": { "type": "Point", "coordinates": [ 4339158.053868064656854, 5632338.816057194024324 ] } },
{ "type": "Feature", "properties": { "ID": 216668, "Address": "улица Строителей, 21", "Square": "73", "Rating": 5.0, "lat": 45.066628, "long": 38.981332, "index_right": 36.0, "id": 37.0, "geometry_y": "POLYGON ((38.97534911461564 45.064765134218185, 38.97877724735353 45.077220359226736, 38.995764723111115 45.08135068110613, 39.00932406613083 45.073027279859986, 39.00589593339294 45.060571141012346, 38.988908457635354 45.05643931724932, 38.97534911461564 45.064765134218185))", "population": 25000.0, "Pedestrian traffic": 58000.0, "car traffic": 39000.0, "poi_count": 66 }, "geometry": { "type": "Point", "coordinates": [ 4339382.028683541342616, 5632016.807097487151623 ] } },
{ "type": "Feature", "properties": { "ID": 109221, "Address": "улица Шоссе Нефтяников, 37", "Square": "74.3", "Rating": 5.0, "lat": 45.064788, "long": 38.980963, "index_right": 36.0, "id": 37.0, "geometry_y": "POLYGON ((38.97534911461564 45.064765134218185, 38.97877724735353 45.077220359226736, 38.995764723111115 45.08135068110613, 39.00932406613083 45.073027279859986, 39.00589593339294 45.060571141012346, 38.988908457635354 45.05643931724932, 38.97534911461564 45.064765134218185))", "population": 25000.0, "Pedestrian traffic": 58000.0, "car traffic": 39000.0, "poi_count": 32 }, "geometry": { "type": "Point", "coordinates": [ 4339340.951791438274086, 5631726.803983280435205 ] } },
{ "type": "Feature", "properties": { "ID": 50005267, "Address": "улица Шоссе Нефтяников, 18к2", "Square": "55.5", "Rating": 4.983, "lat": 45.062986, "long": 38.983236, "index_right": 36.0, "id": 37.0, "geometry_y": "POLYGON ((38.97534911461564 45.064765134218185, 38.97877724735353 45.077220359226736, 38.995764723111115 45.08135068110613, 39.00932406613083 45.073027279859986, 39.00589593339294 45.060571141012346, 38.988908457635354 45.05643931724932, 38.97534911461564 45.064765134218185))", "population": 25000.0, "Pedestrian traffic": 58000.0, "car traffic": 39000.0, "poi_count": 33 }, "geometry": { "type": "Point", "coordinates": [ 4339593.980994010344148, 5631442.799110777676105 ] } },
{ "type": "Feature", "properties": { "ID": 130288, "Address": "улица имени Дзержинского, 93к6", "Square": "80.39", "Rating": 5.0, "lat": 45.064024, "long": 38.974127, "index_right": 27.0, "id": 28.0, "geometry_y": "POLYGON ((38.954933506120156 45.048174774009524, 38.95836163885804 45.06063361354079, 38.97534911461564 45.064765134218185, 38.988908457635354 45.05643931724932, 38.985480324897466 45.043979563877855, 38.96849284913987 45.03984654131497, 38.954933506120156 45.048174774009524))", "population": 39000.0, "Pedestrian traffic": 95000.0, "car traffic": 51000.0, "poi_count": 31 }, "geometry": { "type": "Point", "coordinates": [ 4338579.971752375364304, 5631606.3923892499879 ] } },
{ "type": "Feature", "properties": { "ID": 164045, "Address": "Зиповская улица, 1", "Square": "53", "Rating": 4.99, "lat": 45.061726, "long": 38.986632, "index_right": 36.0, "id": 37.0, "geometry_y": "POLYGON ((38.97534911461564 45.064765134218185, 38.97877724735353 45.077220359226736, 38.995764723111115 45.08135068110613, 39.00932406613083 45.073027279859986, 39.00589593339294 45.060571141012346, 38.988908457635354 45.05643931724932, 38.97534911461564 45.064765134218185))", "population": 25000.0, "Pedestrian traffic": 58000.0, "car traffic": 39000.0, "poi_count": 51 }, "geometry": { "type": "Point", "coordinates": [ 4339972.021984744817019, 5631244.22166551463306 ] } },
{ "type": "Feature", "properties": { "ID": 50008234, "Address": "Офицерская улица, 45", "Square": "50", "Rating": 4.999, "lat": 45.059625, "long": 38.984673, "index_right": 36.0, "id": 37.0, "geometry_y": "POLYGON ((38.97534911461564 45.064765134218185, 38.97877724735353 45.077220359226736, 38.995764723111115 45.08135068110613, 39.00932406613083 45.073027279859986, 39.00589593339294 45.060571141012346, 38.988908457635354 45.05643931724932, 38.97534911461564 45.064765134218185))", "population": 25000.0, "Pedestrian traffic": 58000.0, "car traffic": 39000.0, "poi_count": 130 }, "geometry": { "type": "Point", "coordinates": [ 4339753.947102281264961, 5630913.111388128250837 ] } },
{ "type": "Feature", "properties": { "ID": 130288, "Address": "улица имени Дзержинского, 93к6", "Square": "80ю39", "Rating": 5.0, "lat": 45.064024, "long": 38.974127, "index_right": 27.0, "id": 28.0, "geometry_y": "POLYGON ((38.954933506120156 45.048174774009524, 38.95836163885804 45.06063361354079, 38.97534911461564 45.064765134218185, 38.988908457635354 45.05643931724932, 38.985480324897466 45.043979563877855, 38.96849284913987 45.03984654131497, 38.954933506120156 45.048174774009524))", "population": 39000.0, "Pedestrian traffic": 95000.0, "car traffic": 51000.0, "poi_count": 31 }, "geometry": { "type": "Point", "coordinates": [ 4338579.971752375364304, 5631606.3923892499879 ] } },
{ "type": "Feature", "properties": { "ID": 306686, "Address": "Красная улица, 176/1", "Square": "97", "Rating": 4.845, "lat": 45.044922, "long": 38.978718, "index_right": 27.0, "id": 28.0, "geometry_y": "POLYGON ((38.954933506120156 45.048174774009524, 38.95836163885804 45.06063361354079, 38.97534911461564 45.064765134218185, 38.988908457635354 45.05643931724932, 38.985480324897466 45.043979563877855, 38.96849284913987 45.03984654131497, 38.954933506120156 45.048174774009524))", "population": 39000.0, "Pedestrian traffic": 95000.0, "car traffic": 51000.0, "poi_count": 192 }, "geometry": { "type": "Point", "coordinates": [ 4339091.039534606970847, 5628596.31025084014982 ] } },
{ "type": "Feature", "properties": { "ID": 349561, "Address": "улица Бабушкина, 295", "Square": "92", "Rating": 5.0, "lat": 45.047208, "long": 38.97437, "index_right": 27.0, "id": 28.0, "geometry_y": "POLYGON ((38.954933506120156 45.048174774009524, 38.95836163885804 45.06063361354079, 38.97534911461564 45.064765134218185, 38.988908457635354 45.05643931724932, 38.985480324897466 45.043979563877855, 38.96849284913987 45.03984654131497, 38.954933506120156 45.048174774009524))", "population": 39000.0, "Pedestrian traffic": 95000.0, "car traffic": 51000.0, "poi_count": 65 }, "geometry": { "type": "Point", "coordinates": [ 4338607.02238863799721, 5628956.483855687081814 ] } },
{ "type": "Feature", "properties": { "ID": 208111, "Address": "Рашпилевская улица, 144", "Square": "71", "Rating": 4.99, "lat": 45.049163, "long": 38.976795, "index_right": 27.0, "id": 28.0, "geometry_y": "POLYGON ((38.954933506120156 45.048174774009524, 38.95836163885804 45.06063361354079, 38.97534911461564 45.064765134218185, 38.988908457635354 45.05643931724932, 38.985480324897466 45.043979563877855, 38.96849284913987 45.03984654131497, 38.954933506120156 45.048174774009524))", "population": 39000.0, "Pedestrian traffic": 95000.0, "car traffic": 51000.0, "poi_count": 112 }, "geometry": { "type": "Point", "coordinates": [ 4338876.972153811715543, 5629264.517758057452738 ] } },
{ "type": "Feature", "properties": { "ID": 127434, "Address": "улица имени П.М. Гаврилова, 60/3", "Square": "59", "Rating": 5.0, "lat": 45.05236, "long": 38.973768, "index_right": 27.0, "id": 28.0, "geometry_y": "POLYGON ((38.954933506120156 45.048174774009524, 38.95836163885804 45.06063361354079, 38.97534911461564 45.064765134218185, 38.988908457635354 45.05643931724932, 38.985480324897466 45.043979563877855, 38.96849284913987 45.03984654131497, 38.954933506120156 45.048174774009524))", "population": 39000.0, "Pedestrian traffic": 95000.0, "car traffic": 51000.0, "poi_count": 26 }, "geometry": { "type": "Point", "coordinates": [ 4338540.008055180311203, 5629768.266473779454827 ] } },
{ "type": "Feature", "properties": { "ID": 50006610, "Address": "улица имени П.М. Гаврилова, 93", "Square": "45", "Rating": 4.986, "lat": 45.053977, "long": 38.978394, "index_right": 27.0, "id": 28.0, "geometry_y": "POLYGON ((38.954933506120156 45.048174774009524, 38.95836163885804 45.06063361354079, 38.97534911461564 45.064765134218185, 38.988908457635354 45.05643931724932, 38.985480324897466 45.043979563877855, 38.96849284913987 45.03984654131497, 38.954933506120156 45.048174774009524))", "population": 39000.0, "Pedestrian traffic": 95000.0, "car traffic": 51000.0, "poi_count": 123 }, "geometry": { "type": "Point", "coordinates": [ 4339054.972019590437412, 5630023.066585051827133 ] } },
{ "type": "Feature", "properties": { "ID": 215050, "Address": "улица имени Дзержинского, 8", "Square": "62", "Rating": 4.997, "lat": 45.057428, "long": 38.979158, "index_right": 27.0, "id": 28.0, "geometry_y": "POLYGON ((38.954933506120156 45.048174774009524, 38.95836163885804 45.06063361354079, 38.97534911461564 45.064765134218185, 38.988908457635354 45.05643931724932, 38.985480324897466 45.043979563877855, 38.96849284913987 45.03984654131497, 38.954933506120156 45.048174774009524))", "population": 39000.0, "Pedestrian traffic": 95000.0, "car traffic": 51000.0, "poi_count": 138 }, "geometry": { "type": "Point", "coordinates": [ 4339140.020110554993153, 5630566.884858580306172 ] } },
{ "type": "Feature", "properties": { "ID": 313972, "Address": "Колхозная улица, 77", "Square": "50", "Rating": 5.0, "lat": 45.058574, "long": 38.988779, "index_right": 36.0, "id": 37.0, "geometry_y": "POLYGON ((38.97534911461564 45.064765134218185, 38.97877724735353 45.077220359226736, 38.995764723111115 45.08135068110613, 39.00932406613083 45.073027279859986, 39.00589593339294 45.060571141012346, 38.988908457635354 45.05643931724932, 38.97534911461564 45.064765134218185))", "population": 25000.0, "Pedestrian traffic": 58000.0, "car traffic": 39000.0, "poi_count": 67 }, "geometry": { "type": "Point", "coordinates": [ 4340211.024931477382779, 5630747.482016663998365 ] } },
{ "type": "Feature", "properties": { "ID": 327069, "Address": "Колхозная улица, 63", "Square": "73", "Rating": 4.999, "lat": 45.055155, "long": 38.989102, "index_right": 35.0, "id": 36.0, "geometry_y": "POLYGON ((38.985480324897466 45.043979563877855, 38.988908457635354 45.05643931724932, 39.00589593339294 45.06057114101235, 39.019455276412664 45.05224471328934, 39.01602714367477 45.039784046077436, 38.99903966791718 45.03565072042854, 38.985480324897466 45.043979563877855))", "population": 25000.0, "Pedestrian traffic": 52000.0, "car traffic": 41000.0, "poi_count": 37 }, "geometry": { "type": "Point", "coordinates": [ 4340246.981127004139125, 5630208.695444663986564 ] } },
{ "type": "Feature", "properties": { "ID": 313083, "Address": "улица имени П.М. Гаврилова, 100", "Square": "55", "Rating": 4.991, "lat": 45.053404, "long": 38.984629, "index_right": 27.0, "id": 28.0, "geometry_y": "POLYGON ((38.954933506120156 45.048174774009524, 38.95836163885804 45.06063361354079, 38.97534911461564 45.064765134218185, 38.988908457635354 45.05643931724932, 38.985480324897466 45.043979563877855, 38.96849284913987 45.03984654131497, 38.954933506120156 45.048174774009524))", "population": 39000.0, "Pedestrian traffic": 95000.0, "car traffic": 51000.0, "poi_count": 97 }, "geometry": { "type": "Point", "coordinates": [ 4339749.049044685438275, 5629932.774812392890453 ] } },
{ "type": "Feature", "properties": { "ID": 50007884, "Address": "улица имени 40-летия Победы, 10", "Square": "33", "Rating": 4.973, "lat": 45.054359, "long": 38.993432, "index_right": 35.0, "id": 36.0, "geometry_y": "POLYGON ((38.985480324897466 45.043979563877855, 38.988908457635354 45.05643931724932, 39.00589593339294 45.06057114101235, 39.019455276412664 45.05224471328934, 39.01602714367477 45.039784046077436, 38.99903966791718 45.03565072042854, 38.985480324897466 45.043979563877855))", "population": 25000.0, "Pedestrian traffic": 52000.0, "car traffic": 41000.0, "poi_count": 36 }, "geometry": { "type": "Point", "coordinates": [ 4340728.994522139430046, 5630083.261602761223912 ] } },
{ "type": "Feature", "properties": { "ID": 101224, "Address": "улица Юннатов, 19", "Square": "142.3", "Rating": 4.991, "lat": 45.050933, "long": 38.99575, "index_right": 35.0, "id": 36.0, "geometry_y": "POLYGON ((38.985480324897466 45.043979563877855, 38.988908457635354 45.05643931724932, 39.00589593339294 45.06057114101235, 39.019455276412664 45.05224471328934, 39.01602714367477 45.039784046077436, 38.99903966791718 45.03565072042854, 38.985480324897466 45.043979563877855))", "population": 25000.0, "Pedestrian traffic": 52000.0, "car traffic": 41000.0, "poi_count": 19 }, "geometry": { "type": "Point", "coordinates": [ 4340987.033101798035204, 5629543.411753565073013 ] } },
{ "type": "Feature", "properties": { "ID": 50000763, "Address": "Украинская улица, 15А", "Square": "74", "Rating": 4.971, "lat": 45.047329, "long": 38.996073, "index_right": 35.0, "id": 36.0, "geometry_y": "POLYGON ((38.985480324897466 45.043979563877855, 38.988908457635354 45.05643931724932, 39.00589593339294 45.06057114101235, 39.019455276412664 45.05224471328934, 39.01602714367477 45.039784046077436, 38.99903966791718 45.03565072042854, 38.985480324897466 45.043979563877855))", "population": 25000.0, "Pedestrian traffic": 52000.0, "car traffic": 41000.0, "poi_count": 19 }, "geometry": { "type": "Point", "coordinates": [ 4341022.989297324791551, 5628975.54856395535171 ] } },
{ "type": "Feature", "properties": { "ID": 50017787, "Address": "улица Коммунаров, 227", "Square": "82.5", "Rating": 5.0, "lat": 45.049259, "long": 38.982814, "index_right": 27.0, "id": 28.0, "geometry_y": "POLYGON ((38.954933506120156 45.048174774009524, 38.95836163885804 45.06063361354079, 38.97534911461564 45.064765134218185, 38.988908457635354 45.05643931724932, 38.985480324897466 45.043979563877855, 38.96849284913987 45.03984654131497, 38.954933506120156 45.048174774009524))", "population": 39000.0, "Pedestrian traffic": 95000.0, "car traffic": 51000.0, "poi_count": 130 }, "geometry": { "type": "Point", "coordinates": [ 4339547.004168896004558, 5629279.643990695476532 ] } },
{ "type": "Feature", "properties": { "ID": 150043, "Address": "улица Коммунаров, 268/3", "Square": "50", "Rating": 4.984, "lat": 45.04775, "long": 38.984781, "index_right": 27.0, "id": 28.0, "geometry_y": "POLYGON ((38.954933506120156 45.048174774009524, 38.95836163885804 45.06063361354079, 38.97534911461564 45.064765134218185, 38.988908457635354 45.05643931724932, 38.985480324897466 45.043979563877855, 38.96849284913987 45.03984654131497, 38.954933506120156 45.048174774009524))", "population": 39000.0, "Pedestrian traffic": 95000.0, "car traffic": 51000.0, "poi_count": 95 }, "geometry": { "type": "Point", "coordinates": [ 4339765.969607286155224, 5629041.881458225660026 ] } },
{ "type": "Feature", "properties": { "ID": 312025, "Address": "Промышленная улица, 19/1", "Square": "60", "Rating": 4.977, "lat": 45.042139, "long": 38.986892, "index_right": 26.0, "id": 27.0, "geometry_y": "POLYGON ((38.96506471640198 45.02738317341601, 38.96849284913987 45.039846541314986, 38.985480324897466 45.043979563877855, 38.999039667917174 45.03565072042854, 38.99561153517929 45.02318643868839, 38.9786240594217 45.01905191423844, 38.96506471640198 45.02738317341601))", "population": 21000.0, "Pedestrian traffic": 95000.0, "car traffic": 52000.0, "poi_count": 30 }, "geometry": { "type": "Point", "coordinates": [ 4340000.96505235042423, 5628157.850612138397992 ] } },
{ "type": "Feature", "properties": { "ID": 172245, "Address": "улица Леваневского, 187", "Square": "42.9", "Rating": 4.978, "lat": 45.040139, "long": 38.986829, "index_right": 26.0, "id": 27.0, "geometry_y": "POLYGON ((38.96506471640198 45.02738317341601, 38.96849284913987 45.039846541314986, 38.985480324897466 45.043979563877855, 38.999039667917174 45.03565072042854, 38.99561153517929 45.02318643868839, 38.9786240594217 45.01905191423844, 38.96506471640198 45.02738317341601))", "population": 21000.0, "Pedestrian traffic": 95000.0, "car traffic": 52000.0, "poi_count": 44 }, "geometry": { "type": "Point", "coordinates": [ 4339993.951924431137741, 5627842.765228846110404 ] } },
{ "type": "Feature", "properties": { "ID": 215440, "Address": "Колхозная улица, 5", "Square": "66.8", "Rating": 4.962, "lat": 45.044406, "long": 38.993666, "index_right": 35.0, "id": 36.0, "geometry_y": "POLYGON ((38.985480324897466 45.043979563877855, 38.988908457635354 45.05643931724932, 39.00589593339294 45.06057114101235, 39.019455276412664 45.05224471328934, 39.01602714367477 45.039784046077436, 38.99903966791718 45.03565072042854, 38.985480324897466 45.043979563877855))", "population": 25000.0, "Pedestrian traffic": 52000.0, "car traffic": 41000.0, "poi_count": 19 }, "geometry": { "type": "Point", "coordinates": [ 4340755.043282983824611, 5628515.013212994672358 ] } },
{ "type": "Feature", "properties": { "ID": 114183, "Address": "Садовая улица, 161/2к2", "Square": "71.6", "Rating": 4.982, "lat": 45.04254, "long": 38.993594, "index_right": 35.0, "id": 36.0, "geometry_y": "POLYGON ((38.985480324897466 45.043979563877855, 38.988908457635354 45.05643931724932, 39.00589593339294 45.06057114101235, 39.019455276412664 45.05224471328934, 39.01602714367477 45.039784046077436, 38.99903966791718 45.03565072042854, 38.985480324897466 45.043979563877855))", "population": 25000.0, "Pedestrian traffic": 52000.0, "car traffic": 41000.0, "poi_count": 27 }, "geometry": { "type": "Point", "coordinates": [ 4340747.028279648162425, 5628221.026557100005448 ] } },
{ "type": "Feature", "properties": { "ID": 50016730, "Address": "Садовая улица, 112", "Square": "55.6", "Rating": 4.932, "lat": 45.040356, "long": 38.995211, "index_right": 35.0, "id": 36.0, "geometry_y": "POLYGON ((38.985480324897466 45.043979563877855, 38.988908457635354 45.05643931724932, 39.00589593339294 45.06057114101235, 39.019455276412664 45.05224471328934, 39.01602714367477 45.039784046077436, 38.99903966791718 45.03565072042854, 38.985480324897466 45.043979563877855))", "population": 25000.0, "Pedestrian traffic": 52000.0, "car traffic": 41000.0, "poi_count": 40 }, "geometry": { "type": "Point", "coordinates": [ 4340927.031896259635687, 5627876.951460243202746 ] } },
{ "type": "Feature", "properties": { "ID": 130439, "Address": "Березанская улица, 89", "Square": "52", "Rating": 4.967, "lat": 45.039929, "long": 38.998606, "index_right": 35.0, "id": 36.0, "geometry_y": "POLYGON ((38.985480324897466 45.043979563877855, 38.988908457635354 45.05643931724932, 39.00589593339294 45.06057114101235, 39.019455276412664 45.05224471328934, 39.01602714367477 45.039784046077436, 38.99903966791718 45.03565072042854, 38.985480324897466 45.043979563877855))", "population": 25000.0, "Pedestrian traffic": 52000.0, "car traffic": 41000.0, "poi_count": 10 }, "geometry": { "type": "Point", "coordinates": [ 4341304.961567503400147, 5627809.681902556680143 ] } },
{ "type": "Feature", "properties": { "ID": 3090, "Address": "Промышленная улица, 49/2", "Square": "87", "Rating": 4.998, "lat": 45.038751, "long": 39.003942, "index_right": 35.0, "id": 36.0, "geometry_y": "POLYGON ((38.985480324897466 45.043979563877855, 38.988908457635354 45.05643931724932, 39.00589593339294 45.06057114101235, 39.019455276412664 45.05224471328934, 39.01602714367477 45.039784046077436, 38.99903966791718 45.03565072042854, 38.985480324897466 45.043979563877855))", "population": 25000.0, "Pedestrian traffic": 52000.0, "car traffic": 41000.0, "poi_count": 12 }, "geometry": { "type": "Point", "coordinates": [ 4341898.962370376102626, 5627624.102447009645402 ] } },
{ "type": "Feature", "properties": { "ID": 335637, "Address": "Передовая улица, 65", "Square": "65", "Rating": 4.999, "lat": 45.039114, "long": 39.008605, "index_right": 35.0, "id": 36.0, "geometry_y": "POLYGON ((38.985480324897466 45.043979563877855, 38.988908457635354 45.05643931724932, 39.00589593339294 45.06057114101235, 39.019455276412664 45.05224471328934, 39.01602714367477 45.039784046077436, 38.99903966791718 45.03565072042854, 38.985480324897466 45.043979563877855))", "population": 25000.0, "Pedestrian traffic": 52000.0, "car traffic": 41000.0, "poi_count": 9 }, "geometry": { "type": "Point", "coordinates": [ 4342418.045155945234001, 5627681.28823868278414 ] } },
{ "type": "Feature", "properties": { "ID": 50002697, "Address": "Московская улица, 2к1", "Square": "72.21", "Rating": 4.998, "lat": 45.044062, "long": 39.002954, "index_right": 35.0, "id": 36.0, "geometry_y": "POLYGON ((38.985480324897466 45.043979563877855, 38.988908457635354 45.05643931724932, 39.00589593339294 45.06057114101235, 39.019455276412664 45.05224471328934, 39.01602714367477 45.039784046077436, 38.99903966791718 45.03565072042854, 38.985480324897466 45.043979563877855))", "population": 25000.0, "Pedestrian traffic": 52000.0, "car traffic": 41000.0, "poi_count": 7 }, "geometry": { "type": "Point", "coordinates": [ 4341788.978713473305106, 5628460.815595146268606 ] } },
{ "type": "Feature", "properties": { "ID": 316453, "Address": "микрорайон Любимово, 16", "Square": "51", "Rating": 5.0, "lat": 45.079091, "long": 39.03868, "index_right": 52.0, "id": 53.0, "geometry_y": "POLYGON ((39.02631154188843 45.07715790482462, 39.029739674626306 45.08961042915329, 39.04672715038391 45.0937398553213, 39.060286493403616 45.08541825904183, 39.056858360665736 45.072964820875086, 39.03987088490814 45.06883389282514, 39.02631154188843 45.07715790482462))", "population": 45000.0, "Pedestrian traffic": 25000.0, "car traffic": 14000.0, "poi_count": 10 }, "geometry": { "type": "Point", "coordinates": [ 4345765.978841552510858, 5633981.35116377659142 ] } },
{ "type": "Feature", "properties": { "ID": 210485, "Address": "микрорайон Любимово, 16/1", "Square": "54", "Rating": 5.0, "lat": 45.078194, "long": 39.038671, "index_right": 52.0, "id": 53.0, "geometry_y": "POLYGON ((39.02631154188843 45.07715790482462, 39.029739674626306 45.08961042915329, 39.04672715038391 45.0937398553213, 39.060286493403616 45.08541825904183, 39.056858360665736 45.072964820875086, 39.03987088490814 45.06883389282514, 39.02631154188843 45.07715790482462))", "population": 45000.0, "Pedestrian traffic": 25000.0, "car traffic": 14000.0, "poi_count": 16 }, "geometry": { "type": "Point", "coordinates": [ 4345764.976966136135161, 5633839.942645790055394 ] } },
{ "type": "Feature", "properties": { "ID": 311572, "Address": "улица имени Героя Николая Шевелёва, 17", "Square": "89", "Rating": 5.0, "lat": 45.077175, "long": 39.038411, "index_right": 52.0, "id": 53.0, "geometry_y": "POLYGON ((39.02631154188843 45.07715790482462, 39.029739674626306 45.08961042915329, 39.04672715038391 45.0937398553213, 39.060286493403616 45.08541825904183, 39.056858360665736 45.072964820875086, 39.03987088490814 45.06883389282514, 39.02631154188843 45.07715790482462))", "population": 45000.0, "Pedestrian traffic": 25000.0, "car traffic": 14000.0, "poi_count": 26 }, "geometry": { "type": "Point", "coordinates": [ 4345736.033898529596627, 5633679.304001466371119 ] } },
{ "type": "Feature", "properties": { "ID": 50012866, "Address": "Боспорская улица, 12", "Square": "63.67", "Rating": 4.886, "lat": 45.076532, "long": 39.036704, "index_right": 52.0, "id": 53.0, "geometry_y": "POLYGON ((39.02631154188843 45.07715790482462, 39.029739674626306 45.08961042915329, 39.04672715038391 45.0937398553213, 39.060286493403616 45.08541825904183, 39.056858360665736 45.072964820875086, 39.03987088490814 45.06883389282514, 39.02631154188843 45.07715790482462))", "population": 45000.0, "Pedestrian traffic": 25000.0, "car traffic": 14000.0, "poi_count": 25 }, "geometry": { "type": "Point", "coordinates": [ 4345546.011527745984495, 5633577.940756944939494 ] } },
{ "type": "Feature", "properties": { "ID": 161349, "Address": "улица имени Героя Николая Шевелёва, 5", "Square": "50", "Rating": 4.999, "lat": 45.075177, "long": 39.038456, "index_right": 52.0, "id": 53.0, "geometry_y": "POLYGON ((39.02631154188843 45.07715790482462, 39.029739674626306 45.08961042915329, 39.04672715038391 45.0937398553213, 39.060286493403616 45.08541825904183, 39.056858360665736 45.072964820875086, 39.03987088490814 45.06883389282514, 39.02631154188843 45.07715790482462))", "population": 45000.0, "Pedestrian traffic": 25000.0, "car traffic": 14000.0, "poi_count": 43 }, "geometry": { "type": "Point", "coordinates": [ 4345741.0432756152004, 5633364.340764410793781 ] } },
{ "type": "Feature", "properties": { "ID": 127390, "Address": "Боспорская улица, 8", "Square": "72", "Rating": 4.918, "lat": 45.075145, "long": 39.036659, "index_right": 52.0, "id": 53.0, "geometry_y": "POLYGON ((39.02631154188843 45.07715790482462, 39.029739674626306 45.08961042915329, 39.04672715038391 45.0937398553213, 39.060286493403616 45.08541825904183, 39.056858360665736 45.072964820875086, 39.03987088490814 45.06883389282514, 39.02631154188843 45.07715790482462))", "population": 45000.0, "Pedestrian traffic": 25000.0, "car traffic": 14000.0, "poi_count": 32 }, "geometry": { "type": "Point", "coordinates": [ 4345541.002150660380721, 5633359.296397761441767 ] } },
{ "type": "Feature", "properties": { "ID": 306761, "Address": "микрорайон Любимово, 18", "Square": "54.2", "Rating": 4.965, "lat": 45.079091, "long": 39.043324, "index_right": 52.0, "id": 53.0, "geometry_y": "POLYGON ((39.02631154188843 45.07715790482462, 39.029739674626306 45.08961042915329, 39.04672715038391 45.0937398553213, 39.060286493403616 45.08541825904183, 39.056858360665736 45.072964820875086, 39.03987088490814 45.06883389282514, 39.02631154188843 45.07715790482462))", "population": 45000.0, "Pedestrian traffic": 25000.0, "car traffic": 14000.0, "poi_count": 10 }, "geometry": { "type": "Point", "coordinates": [ 4346282.946556796319783, 5633981.35116377659142 ] } },
{ "type": "Feature", "properties": { "ID": 50015544, "Address": "микрорайон Любимово, 18", "Square": "65.1", "Rating": 4.993, "lat": 45.079091, "long": 39.043324, "index_right": 52.0, "id": 53.0, "geometry_y": "POLYGON ((39.02631154188843 45.07715790482462, 39.029739674626306 45.08961042915329, 39.04672715038391 45.0937398553213, 39.060286493403616 45.08541825904183, 39.056858360665736 45.072964820875086, 39.03987088490814 45.06883389282514, 39.02631154188843 45.07715790482462))", "population": 45000.0, "Pedestrian traffic": 25000.0, "car traffic": 14000.0, "poi_count": 10 }, "geometry": { "type": "Point", "coordinates": [ 4346282.946556796319783, 5633981.35116377659142 ] } },
{ "type": "Feature", "properties": { "ID": 309346, "Address": "улица имени Героя Георгия Бочарникова, 14/1", "Square": "54.6", "Rating": 5.0, "lat": 45.076774, "long": 39.043711, "index_right": 52.0, "id": 53.0, "geometry_y": "POLYGON ((39.02631154188843 45.07715790482462, 39.029739674626306 45.08961042915329, 39.04672715038391 45.0937398553213, 39.060286493403616 45.08541825904183, 39.056858360665736 45.072964820875086, 39.03987088490814 45.06883389282514, 39.02631154188843 45.07715790482462))", "population": 45000.0, "Pedestrian traffic": 25000.0, "car traffic": 14000.0, "poi_count": 14 }, "geometry": { "type": "Point", "coordinates": [ 4346326.027199734002352, 5633616.089775769039989 ] } },
{ "type": "Feature", "properties": { "ID": 212022, "Address": "улица имени Героя Георгия Бочарникова, 12/2", "Square": "53", "Rating": 4.999, "lat": 45.076119, "long": 39.043639, "index_right": 52.0, "id": 53.0, "geometry_y": "POLYGON ((39.02631154188843 45.07715790482462, 39.029739674626306 45.08961042915329, 39.04672715038391 45.0937398553213, 39.060286493403616 45.08541825904183, 39.056858360665736 45.072964820875086, 39.03987088490814 45.06883389282514, 39.02631154188843 45.07715790482462))", "population": 45000.0, "Pedestrian traffic": 25000.0, "car traffic": 14000.0, "poi_count": 17 }, "geometry": { "type": "Point", "coordinates": [ 4346318.012196397408843, 5633512.835573160089552 ] } },
{ "type": "Feature", "properties": { "ID": 307327, "Address": "улица имени Героя Георгия Бочарникова, 8/1", "Square": "70", "Rating": 4.994, "lat": 45.074967, "long": 39.042821, "index_right": 52.0, "id": 53.0, "geometry_y": "POLYGON ((39.02631154188843 45.07715790482462, 39.029739674626306 45.08961042915329, 39.04672715038391 45.0937398553213, 39.060286493403616 45.08541825904183, 39.056858360665736 45.072964820875086, 39.03987088490814 45.06883389282514, 39.02631154188843 45.07715790482462))", "population": 45000.0, "Pedestrian traffic": 25000.0, "car traffic": 14000.0, "poi_count": 23 }, "geometry": { "type": "Point", "coordinates": [ 4346226.952852928079665, 5633331.237159828655422 ] } },
{ "type": "Feature", "properties": { "ID": 311374, "Address": "улица имени Героя Георгия Бочарникова, 4к2", "Square": "71", "Rating": 4.99, "lat": 45.073891, "long": 39.042723, "index_right": 52.0, "id": 53.0, "geometry_y": "POLYGON ((39.02631154188843 45.07715790482462, 39.029739674626306 45.08961042915329, 39.04672715038391 45.0937398553213, 39.060286493403616 45.08541825904183, 39.056858360665736 45.072964820875086, 39.03987088490814 45.06883389282514, 39.02631154188843 45.07715790482462))", "population": 45000.0, "Pedestrian traffic": 25000.0, "car traffic": 14000.0, "poi_count": 27 }, "geometry": { "type": "Point", "coordinates": [ 4346216.043542831204832, 5633161.622503865510225 ] } },
{ "type": "Feature", "properties": { "ID": 161349, "Address": "улица имени Героя Николая Шевелёва, 5", "Square": "50", "Rating": 4.999, "lat": 45.075177, "long": 39.038456, "index_right": 52.0, "id": 53.0, "geometry_y": "POLYGON ((39.02631154188843 45.07715790482462, 39.029739674626306 45.08961042915329, 39.04672715038391 45.0937398553213, 39.060286493403616 45.08541825904183, 39.056858360665736 45.072964820875086, 39.03987088490814 45.06883389282514, 39.02631154188843 45.07715790482462))", "population": 45000.0, "Pedestrian traffic": 25000.0, "car traffic": 14000.0, "poi_count": 43 }, "geometry": { "type": "Point", "coordinates": [ 4345741.0432756152004, 5633364.340764410793781 ] } },
{ "type": "Feature", "properties": { "ID": 211003, "Address": "улица им. Героя Яцкова И.В., 1/10\n", "Square": "50", "Rating": 4.927, "lat": 45.073846, "long": 39.040764, "index_right": 52.0, "id": 53.0, "geometry_y": "POLYGON ((39.02631154188843 45.07715790482462, 39.029739674626306 45.08961042915329, 39.04672715038391 45.0937398553213, 39.060286493403616 45.08541825904183, 39.056858360665736 45.072964820875086, 39.03987088490814 45.06883389282514, 39.02631154188843 45.07715790482462))", "population": 45000.0, "Pedestrian traffic": 25000.0, "car traffic": 14000.0, "poi_count": 58 }, "geometry": { "type": "Point", "coordinates": [ 4345997.968660366721451, 5633154.529023700393736 ] } },
{ "type": "Feature", "properties": { "ID": 50015044, "Address": "улица имени Героя Георгия Бочарникова, 3", "Square": "41", "Rating": 4.983, "lat": 45.072834, "long": 39.040234, "index_right": 52.0, "id": 53.0, "geometry_y": "POLYGON ((39.02631154188843 45.07715790482462, 39.029739674626306 45.08961042915329, 39.04672715038391 45.0937398553213, 39.060286493403616 45.08541825904183, 39.056858360665736 45.072964820875086, 39.03987088490814 45.06883389282514, 39.02631154188843 45.07715790482462))", "population": 45000.0, "Pedestrian traffic": 25000.0, "car traffic": 14000.0, "poi_count": 68 }, "geometry": { "type": "Point", "coordinates": [ 4345938.969330245628953, 5632995.006011662073433 ] } },
{ "type": "Feature", "properties": { "ID": 50011632, "Address": "Домбайская улица, 63", "Square": "47", "Rating": 4.986, "lat": 45.073165, "long": 39.038501, "index_right": 52.0, "id": 53.0, "geometry_y": "POLYGON ((39.02631154188843 45.07715790482462, 39.029739674626306 45.08961042915329, 39.04672715038391 45.0937398553213, 39.060286493403616 45.08541825904183, 39.056858360665736 45.072964820875086, 39.03987088490814 45.06883389282514, 39.02631154188843 45.07715790482462))", "population": 45000.0, "Pedestrian traffic": 25000.0, "car traffic": 14000.0, "poi_count": 67 }, "geometry": { "type": "Point", "coordinates": [ 4345746.052652700804174, 5633047.181705719791353 ] } },
{ "type": "Feature", "properties": { "ID": 127750, "Address": "Боспорская улица, 2", "Square": "85", "Rating": 4.975, "lat": 45.073375, "long": 39.036713, "index_right": 52.0, "id": 53.0, "geometry_y": "POLYGON ((39.02631154188843 45.07715790482462, 39.029739674626306 45.08961042915329, 39.04672715038391 45.0937398553213, 39.060286493403616 45.08541825904183, 39.056858360665736 45.072964820875086, 39.03987088490814 45.06883389282514, 39.02631154188843 45.07715790482462))", "population": 45000.0, "Pedestrian traffic": 25000.0, "car traffic": 14000.0, "poi_count": 49 }, "geometry": { "type": "Point", "coordinates": [ 4345547.013403162360191, 5633080.284266483969986 ] } },
{ "type": "Feature", "properties": { "ID": 50016159, "Address": "Домбайская улица, 55", "Square": "43.7", "Rating": 5.0, "lat": 45.072802, "long": 39.03594, "index_right": 52.0, "id": 53.0, "geometry_y": "POLYGON ((39.02631154188843 45.07715790482462, 39.029739674626306 45.08961042915329, 39.04672715038391 45.0937398553213, 39.060286493403616 45.08541825904183, 39.056858360665736 45.072964820875086, 39.03987088490814 45.06883389282514, 39.02631154188843 45.07715790482462))", "population": 45000.0, "Pedestrian traffic": 25000.0, "car traffic": 14000.0, "poi_count": 46 }, "geometry": { "type": "Point", "coordinates": [ 4345460.963436779566109, 5632989.961851823143661 ] } },
{ "type": "Feature", "properties": { "ID": 209219, "Address": "Домбайская улица, 55к3", "Square": "60", "Rating": 4.968, "lat": 45.071841, "long": 39.035886, "index_right": 52.0, "id": 53.0, "geometry_y": "POLYGON ((39.02631154188843 45.07715790482462, 39.029739674626306 45.08961042915329, 39.04672715038391 45.0937398553213, 39.060286493403616 45.08541825904183, 39.056858360665736 45.072964820875086, 39.03987088490814 45.06883389282514, 39.02631154188843 45.07715790482462))", "population": 45000.0, "Pedestrian traffic": 25000.0, "car traffic": 14000.0, "poi_count": 73 }, "geometry": { "type": "Point", "coordinates": [ 4345454.952184276655316, 5632838.48074259608984 ] } },
{ "type": "Feature", "properties": { "ID": 3196, "Address": "улица им. Героя Яцкова И.В., 9к3", "Square": "65.4", "Rating": 5.0, "lat": 45.070867, "long": 39.038114, "index_right": 52.0, "id": 53.0, "geometry_y": "POLYGON ((39.02631154188843 45.07715790482462, 39.029739674626306 45.08961042915329, 39.04672715038391 45.0937398553213, 39.060286493403616 45.08541825904183, 39.056858360665736 45.072964820875086, 39.03987088490814 45.06883389282514, 39.02631154188843 45.07715790482462))", "population": 45000.0, "Pedestrian traffic": 25000.0, "car traffic": 14000.0, "poi_count": 101 }, "geometry": { "type": "Point", "coordinates": [ 4345702.972009764052927, 5632684.953060245141387 ] } },
{ "type": "Feature", "properties": { "ID": 147663, "Address": "улица им. Героя Яцкова И.В., 15к1", "Square": "52", "Rating": 5.0, "lat": 45.070848, "long": 39.039066, "index_right": 52.0, "id": 53.0, "geometry_y": "POLYGON ((39.02631154188843 45.07715790482462, 39.029739674626306 45.08961042915329, 39.04672715038391 45.0937398553213, 39.060286493403616 45.08541825904183, 39.056858360665736 45.072964820875086, 39.03987088490814 45.06883389282514, 39.02631154188843 45.07715790482462))", "population": 45000.0, "Pedestrian traffic": 25000.0, "car traffic": 14000.0, "poi_count": 101 }, "geometry": { "type": "Point", "coordinates": [ 4345808.948164998553693, 5632681.95819307398051 ] } },
{ "type": "Feature", "properties": { "ID": 212422, "Address": "улица им. Героя Яцкова И.В., 15к2", "Square": "52", "Rating": 4.993, "lat": 45.070855, "long": 39.040135, "index_right": 52.0, "id": 53.0, "geometry_y": "POLYGON ((39.02631154188843 45.07715790482462, 39.029739674626306 45.08961042915329, 39.04672715038391 45.0937398553213, 39.060286493403616 45.08541825904183, 39.056858360665736 45.072964820875086, 39.03987088490814 45.06883389282514, 39.02631154188843 45.07715790482462))", "population": 45000.0, "Pedestrian traffic": 25000.0, "car traffic": 14000.0, "poi_count": 93 }, "geometry": { "type": "Point", "coordinates": [ 4345927.948700657114387, 5632683.061565074138343 ] } },
{ "type": "Feature", "properties": { "ID": 50007531, "Address": "улица им. Героя Яцкова И.В., 17к1", "Square": "45", "Rating": 5.0, "lat": 45.070982, "long": 39.040692, "index_right": 52.0, "id": 53.0, "geometry_y": "POLYGON ((39.02631154188843 45.07715790482462, 39.029739674626306 45.08961042915329, 39.04672715038391 45.0937398553213, 39.060286493403616 45.08541825904183, 39.056858360665736 45.072964820875086, 39.03987088490814 45.06883389282514, 39.02631154188843 45.07715790482462))", "population": 45000.0, "Pedestrian traffic": 25000.0, "car traffic": 14000.0, "poi_count": 96 }, "geometry": { "type": "Point", "coordinates": [ 4345989.95365702919662, 5632703.079909107647836 ] } },
{ "type": "Feature", "properties": { "ID": 215390, "Address": "улица им. Героя Яцкова И.В., 19к1", "Square": "62.8", "Rating": 5.0, "lat": 45.070065, "long": 39.041474, "index_right": 52.0, "id": 53.0, "geometry_y": "POLYGON ((39.02631154188843 45.07715790482462, 39.029739674626306 45.08961042915329, 39.04672715038391 45.0937398553213, 39.060286493403616 45.08541825904183, 39.056858360665736 45.072964820875086, 39.03987088490814 45.06883389282514, 39.02631154188843 45.07715790482462))", "population": 45000.0, "Pedestrian traffic": 25000.0, "car traffic": 14000.0, "poi_count": 74 }, "geometry": { "type": "Point", "coordinates": [ 4346077.005498829297721, 5632558.539006643928587 ] } },
{ "type": "Feature", "properties": { "ID": 308828, "Address": "улица им. Героя Яцкова И.В., 19к2", "Square": "69.9", "Rating": 4.961, "lat": 45.070969, "long": 39.042588, "index_right": 52.0, "id": 53.0, "geometry_y": "POLYGON ((39.02631154188843 45.07715790482462, 39.029739674626306 45.08961042915329, 39.04672715038391 45.0937398553213, 39.060286493403616 45.08541825904183, 39.056858360665736 45.072964820875086, 39.03987088490814 45.06883389282514, 39.02631154188843 45.07715790482462))", "population": 45000.0, "Pedestrian traffic": 25000.0, "car traffic": 14000.0, "poi_count": 44 }, "geometry": { "type": "Point", "coordinates": [ 4346201.015411573462188, 5632701.030785231851041 ] } },
{ "type": "Feature", "properties": { "ID": 50007876, "Address": "Константиновская улица, 5", "Square": "85.4", "Rating": 5.0, "lat": 45.072777, "long": 39.0499, "index_right": 52.0, "id": 53.0, "geometry_y": "POLYGON ((39.02631154188843 45.07715790482462, 39.029739674626306 45.08961042915329, 39.04672715038391 45.0937398553213, 39.060286493403616 45.08541825904183, 39.056858360665736 45.072964820875086, 39.03987088490814 45.06883389282514, 39.02631154188843 45.07715790482462))", "population": 45000.0, "Pedestrian traffic": 25000.0, "car traffic": 14000.0, "poi_count": 0 }, "geometry": { "type": "Point", "coordinates": [ 4347014.983528253622353, 5632986.021103911101818 ] } },
{ "type": "Feature", "properties": { "ID": 50005821, "Address": "улица Генерал-лейтенанта Александра Сапрунова, 37к1сА", "Square": "52.73", "Rating": 4.976, "lat": 45.070027, "long": 39.069654, "index_right": 59.0, "id": 60.0, "geometry_y": "POLYGON ((39.056858360665736 45.07296482087509, 39.060286493403616 45.08541825904183, 39.07727396916121 45.089547988294676, 39.090833312180926 45.081225781262624, 39.08740517944304 45.068771429257474, 39.07041770368544 45.064640198122085, 39.056858360665736 45.07296482087509))", "population": 6500.0, "Pedestrian traffic": 2200.0, "car traffic": 2400.0, "poi_count": 4 }, "geometry": { "type": "Point", "coordinates": [ 4349213.988749383948743, 5632552.549357345327735 ] } },
{ "type": "Feature", "properties": { "ID": 50022734, "Address": "улица имени 75-летия Победы, 26/1", "Square": "44.5", "Rating": 4.997, "lat": 45.071529, "long": 39.069627, "index_right": 59.0, "id": 60.0, "geometry_y": "POLYGON ((39.056858360665736 45.07296482087509, 39.060286493403616 45.08541825904183, 39.07727396916121 45.089547988294676, 39.090833312180926 45.081225781262624, 39.08740517944304 45.068771429257474, 39.07041770368544 45.064640198122085, 39.056858360665736 45.07296482087509))", "population": 6500.0, "Pedestrian traffic": 2200.0, "car traffic": 2400.0, "poi_count": 4 }, "geometry": { "type": "Point", "coordinates": [ 4349210.983123132959008, 5632789.301159116439521 ] } },
{ "type": "Feature", "properties": { "ID": 50008516, "Address": "улица имени 75-летия Победы, 26/1", "Square": "33", "Rating": 4.981, "lat": 45.070174, "long": 39.066851, "index_right": 59.0, "id": 60.0, "geometry_y": "POLYGON ((39.056858360665736 45.07296482087509, 39.060286493403616 45.08541825904183, 39.07727396916121 45.089547988294676, 39.090833312180926 45.081225781262624, 39.08740517944304 45.068771429257474, 39.07041770368544 45.064640198122085, 39.056858360665736 45.07296482087509))", "population": 6500.0, "Pedestrian traffic": 2200.0, "car traffic": 2400.0, "poi_count": 4 }, "geometry": { "type": "Point", "coordinates": [ 4348901.960216690786183, 5632575.719864882528782 ] } },
{ "type": "Feature", "properties": { "ID": 308733, "Address": "улица имени Героя Советского Союза Дмитрия Мирошниченко, 41", "Square": "51", "Rating": 4.949, "lat": 45.066335, "long": 39.06386, "index_right": 51.0, "id": 52.0, "geometry_y": "POLYGON ((39.03644275217026 45.056376840138114, 39.03987088490814 45.068833892825154, 39.056858360665736 45.07296482087509, 39.07041770368544 45.064640198122085, 39.06698957094756 45.05218223159536, 39.05000209518997 45.04804980166078, 39.03644275217026 45.056376840138114))", "population": 18000.0, "Pedestrian traffic": 14000.0, "car traffic": 9500.0, "poi_count": 2 }, "geometry": { "type": "Point", "coordinates": [ 4348569.003619726747274, 5631970.626628885045648 ] } },
{ "type": "Feature", "properties": { "ID": 50005386, "Address": "улица Генерал-лейтенанта Александра Сапрунова, 13", "Square": "31.9", "Rating": 4.987, "lat": 45.065864, "long": 39.06183, "index_right": 51.0, "id": 52.0, "geometry_y": "POLYGON ((39.03644275217026 45.056376840138114, 39.03987088490814 45.068833892825154, 39.056858360665736 45.07296482087509, 39.07041770368544 45.064640198122085, 39.06698957094756 45.05218223159536, 39.05000209518997 45.04804980166078, 39.03644275217026 45.056376840138114))", "population": 18000.0, "Pedestrian traffic": 14000.0, "car traffic": 9500.0, "poi_count": 3 }, "geometry": { "type": "Point", "coordinates": [ 4348343.025053417310119, 5631896.391627660952508 ] } },
{ "type": "Feature", "properties": { "ID": 323014, "Address": "улица имени Героя Советского Союза Якова Кобзаря, 2", "Square": "30", "Rating": 4.999, "lat": 45.06454, "long": 39.060078, "index_right": 51.0, "id": 52.0, "geometry_y": "POLYGON ((39.03644275217026 45.056376840138114, 39.03987088490814 45.068833892825154, 39.056858360665736 45.07296482087509, 39.07041770368544 45.064640198122085, 39.06698957094756 45.05218223159536, 39.05000209518997 45.04804980166078, 39.03644275217026 45.056376840138114))", "population": 18000.0, "Pedestrian traffic": 14000.0, "car traffic": 9500.0, "poi_count": 3 }, "geometry": { "type": "Point", "coordinates": [ 4348147.99330554716289, 5631687.717320858500898 ] } },
{ "type": "Feature", "properties": { "ID": 215599, "Address": "улица имени Героя Советского Союза Якова Кобзаря, 1", "Square": "50", "Rating": 4.996, "lat": 45.064304, "long": 39.058497, "index_right": 51.0, "id": 52.0, "geometry_y": "POLYGON ((39.03644275217026 45.056376840138114, 39.03987088490814 45.068833892825154, 39.056858360665736 45.07296482087509, 39.07041770368544 45.064640198122085, 39.06698957094756 45.05218223159536, 39.05000209518997 45.04804980166078, 39.03644275217026 45.056376840138114))", "population": 18000.0, "Pedestrian traffic": 14000.0, "car traffic": 9500.0, "poi_count": 3 }, "geometry": { "type": "Point", "coordinates": [ 4347971.997190603986382, 5631650.522106010466814 ] } },
{ "type": "Feature", "properties": { "ID": 160807, "Address": "улица имени Героя Советского Союза Николая Воробьёва, 11", "Square": "40", "Rating": 5.0, "lat": 45.062095, "long": 39.056629, "index_right": 51.0, "id": 52.0, "geometry_y": "POLYGON ((39.03644275217026 45.056376840138114, 39.03987088490814 45.068833892825154, 39.056858360665736 45.07296482087509, 39.07041770368544 45.064640198122085, 39.06698957094756 45.05218223159536, 39.05000209518997 45.04804980166078, 39.03644275217026 45.056376840138114))", "population": 18000.0, "Pedestrian traffic": 14000.0, "car traffic": 9500.0, "poi_count": 2 }, "geometry": { "type": "Point", "coordinates": [ 4347764.052381802350283, 5631302.376035607419908 ] } },
{ "type": "Feature", "properties": { "ID": 163510, "Address": "улица имени Героя Советского Союза Николая Воробьёва, 9", "Square": "34", "Rating": 4.999, "lat": 45.062534, "long": 39.055883, "index_right": 51.0, "id": 52.0, "geometry_y": "POLYGON ((39.03644275217026 45.056376840138114, 39.03987088490814 45.068833892825154, 39.056858360665736 45.07296482087509, 39.07041770368544 45.064640198122085, 39.06698957094756 45.05218223159536, 39.05000209518997 45.04804980166078, 39.03644275217026 45.056376840138114))", "population": 18000.0, "Pedestrian traffic": 14000.0, "car traffic": 9500.0, "poi_count": 2 }, "geometry": { "type": "Point", "coordinates": [ 4347681.008041669614613, 5631371.562888929620385 ] } },
{ "type": "Feature", "properties": { "ID": 50006280, "Address": "Лиственная улица, 2/6", "Square": "4.956", "Rating": 90.0, "lat": 45.058644, "long": 39.048687, "index_right": 51.0, "id": 52.0, "geometry_y": "POLYGON ((39.03644275217026 45.056376840138114, 39.03987088490814 45.068833892825154, 39.056858360665736 45.07296482087509, 39.07041770368544 45.064640198122085, 39.06698957094756 45.05218223159536, 39.05000209518997 45.04804980166078, 39.03644275217026 45.056376840138114))", "population": 18000.0, "Pedestrian traffic": 14000.0, "car traffic": 9500.0, "poi_count": 1 }, "geometry": { "type": "Point", "coordinates": [ 4346879.95298592094332, 5630758.513373984023929 ] } },
{ "type": "Feature", "properties": { "ID": 314947, "Address": "улица Генерала Трошева, 11", "Square": "50", "Rating": 4.999, "lat": 45.052258, "long": 39.0423, "index_right": 42.0, "id": 43.0, "geometry_y": "POLYGON ((39.01602714367477 45.039784046077436, 39.01945527641265 45.05224471328934, 39.036442752170245 45.056376840138114, 39.05000209518996 45.04804980166078, 39.04657396245207 45.03558822060822, 39.02958648669448 45.031454591873235, 39.01602714367477 45.039784046077436))", "population": 25000.0, "Pedestrian traffic": 41000.0, "car traffic": 42000.0, "poi_count": 8 }, "geometry": { "type": "Point", "coordinates": [ 4346168.955398224294186, 5629752.193981040269136 ] } },
{ "type": "Feature", "properties": { "ID": 315195, "Address": "улица Героя Владислава Посадского, 28", "Square": "50", "Rating": 4.887, "lat": 45.054366, "long": 39.04027, "index_right": 51.0, "id": 52.0, "geometry_y": "POLYGON ((39.03644275217026 45.056376840138114, 39.03987088490814 45.068833892825154, 39.056858360665736 45.07296482087509, 39.07041770368544 45.064640198122085, 39.06698957094756 45.05218223159536, 39.05000209518997 45.04804980166078, 39.03644275217026 45.056376840138114))", "population": 18000.0, "Pedestrian traffic": 14000.0, "car traffic": 9500.0, "poi_count": 23 }, "geometry": { "type": "Point", "coordinates": [ 4345942.976831913925707, 5630084.364656575955451 ] } },
{ "type": "Feature", "properties": { "ID": 162108, "Address": "улица имени 40-летия Победы, 188", "Square": "37.2", "Rating": 4.948, "lat": 45.055849, "long": 39.041088, "index_right": 51.0, "id": 52.0, "geometry_y": "POLYGON ((39.03644275217026 45.056376840138114, 39.03987088490814 45.068833892825154, 39.056858360665736 45.07296482087509, 39.07041770368544 45.064640198122085, 39.06698957094756 45.05218223159536, 39.05000209518997 45.04804980166078, 39.03644275217026 45.056376840138114))", "population": 18000.0, "Pedestrian traffic": 14000.0, "car traffic": 9500.0, "poi_count": 19 }, "geometry": { "type": "Point", "coordinates": [ 4346034.036175383254886, 5630318.057530551217496 ] } },
{ "type": "Feature", "properties": { "ID": 320500, "Address": "улица имени 40-летия Победы, 143", "Square": "65", "Rating": 4.972, "lat": 45.056753, "long": 39.03815, "index_right": 51.0, "id": 52.0, "geometry_y": "POLYGON ((39.03644275217026 45.056376840138114, 39.03987088490814 45.068833892825154, 39.056858360665736 45.07296482087509, 39.07041770368544 45.064640198122085, 39.06698957094756 45.05218223159536, 39.05000209518997 45.04804980166078, 39.03644275217026 45.056376840138114))", "population": 18000.0, "Pedestrian traffic": 14000.0, "car traffic": 9500.0, "poi_count": 41 }, "geometry": { "type": "Point", "coordinates": [ 4345706.979511432349682, 5630460.513880713842809 ] } },
{ "type": "Feature", "properties": { "ID": 50014582, "Address": "улица Героя Владислава Посадского, 17к1", "Square": "82", "Rating": 4.999, "lat": 45.052016, "long": 39.038312, "index_right": 42.0, "id": 43.0, "geometry_y": "POLYGON ((39.01602714367477 45.039784046077436, 39.01945527641265 45.05224471328934, 39.036442752170245 45.056376840138114, 39.05000209518996 45.04804980166078, 39.04657396245207 45.03558822060822, 39.02958648669448 45.031454591873235, 39.01602714367477 45.039784046077436))", "population": 25000.0, "Pedestrian traffic": 41000.0, "car traffic": 42000.0, "poi_count": 14 }, "geometry": { "type": "Point", "coordinates": [ 4345725.01326894108206, 5629714.061318833380938 ] } },
{ "type": "Feature", "properties": { "ID": 218396, "Address": "улица имени 40-летия Победы, 184к1", "Square": "80.5", "Rating": 4.987, "lat": 45.055066, "long": 39.035491, "index_right": 42.0, "id": 43.0, "geometry_y": "POLYGON ((39.01602714367477 45.039784046077436, 39.01945527641265 45.05224471328934, 39.036442752170245 45.056376840138114, 39.05000209518996 45.04804980166078, 39.04657396245207 45.03558822060822, 39.02958648669448 45.031454591873235, 39.01602714367477 45.039784046077436))", "population": 25000.0, "Pedestrian traffic": 41000.0, "car traffic": 42000.0, "poi_count": 55 }, "geometry": { "type": "Point", "coordinates": [ 4345410.980985413305461, 5630194.670719866640866 ] } },
{ "type": "Feature", "properties": { "ID": 50007243, "Address": "улица Героев-Разведчиков, 6к1", "Square": "54", "Rating": 4.977, "lat": 45.04775, "long": 39.034368, "index_right": 42.0, "id": 43.0, "geometry_y": "POLYGON ((39.01602714367477 45.039784046077436, 39.01945527641265 45.05224471328934, 39.036442752170245 45.056376840138114, 39.05000209518996 45.04804980166078, 39.04657396245207 45.03558822060822, 39.02958648669448 45.031454591873235, 39.01602714367477 45.039784046077436))", "population": 25000.0, "Pedestrian traffic": 41000.0, "car traffic": 42000.0, "poi_count": 44 }, "geometry": { "type": "Point", "coordinates": [ 4345285.969197252765298, 5629041.881458225660026 ] } },
{ "type": "Feature", "properties": { "ID": 144597, "Address": "улица имени Жлобы, 139", "Square": "50", "Rating": 4.999, "lat": 45.046571, "long": 39.030847, "index_right": 42.0, "id": 43.0, "geometry_y": "POLYGON ((39.01602714367477 45.039784046077436, 39.01945527641265 45.05224471328934, 39.036442752170245 45.056376840138114, 39.05000209518996 45.04804980166078, 39.04657396245207 45.03558822060822, 39.02958648669448 45.031454591873235, 39.01602714367477 45.039784046077436))", "population": 25000.0, "Pedestrian traffic": 41000.0, "car traffic": 42000.0, "poi_count": 97 }, "geometry": { "type": "Point", "coordinates": [ 4344894.013270169496536, 5628856.119073014706373 ] } },
{ "type": "Feature", "properties": { "ID": 159616, "Address": "Восточно-Кругликовская улица, 22/2", "Square": "45", "Rating": 4.992, "lat": 45.047775, "long": 39.02914, "index_right": 42.0, "id": 43.0, "geometry_y": "POLYGON ((39.01602714367477 45.039784046077436, 39.01945527641265 45.05224471328934, 39.036442752170245 45.056376840138114, 39.05000209518996 45.04804980166078, 39.04657396245207 45.03558822060822, 39.02958648669448 45.031454591873235, 39.01602714367477 45.039784046077436))", "population": 25000.0, "Pedestrian traffic": 41000.0, "car traffic": 42000.0, "poi_count": 101 }, "geometry": { "type": "Point", "coordinates": [ 4344703.990899384953082, 5629045.820481555536389 ] } },
{ "type": "Feature", "properties": { "ID": 50006544, "Address": "Восточно-Кругликовская улица, 22", "Square": "52.1", "Rating": 4.995, "lat": 45.047762, "long": 39.027334, "index_right": 42.0, "id": 43.0, "geometry_y": "POLYGON ((39.01602714367477 45.039784046077436, 39.01945527641265 45.05224471328934, 39.036442752170245 45.056376840138114, 39.05000209518996 45.04804980166078, 39.04657396245207 45.03558822060822, 39.02958648669448 45.031454591873235, 39.01602714367477 45.039784046077436))", "population": 25000.0, "Pedestrian traffic": 41000.0, "car traffic": 42000.0, "poi_count": 100 }, "geometry": { "type": "Point", "coordinates": [ 4344502.947899012826383, 5629043.772189208306372 ] } },
{ "type": "Feature", "properties": { "ID": 50014990, "Address": "Восточно-Кругликовская улица, 26", "Square": "41", "Rating": 5.0, "lat": 45.049029, "long": 39.028107, "index_right": 42.0, "id": 43.0, "geometry_y": "POLYGON ((39.01602714367477 45.039784046077436, 39.01945527641265 45.05224471328934, 39.036442752170245 45.056376840138114, 39.05000209518996 45.04804980166078, 39.04657396245207 45.03558822060822, 39.02958648669448 45.031454591873235, 39.01602714367477 45.039784046077436))", "population": 25000.0, "Pedestrian traffic": 41000.0, "car traffic": 42000.0, "poi_count": 91 }, "geometry": { "type": "Point", "coordinates": [ 4344588.997865395620465, 5629243.404100785963237 ] } },
{ "type": "Feature", "properties": { "ID": 102332, "Address": "Восточно-Кругликовская улица, 28", "Square": "66", "Rating": 5.0, "lat": 45.04908, "long": 39.029499, "index_right": 42.0, "id": 43.0, "geometry_y": "POLYGON ((39.01602714367477 45.039784046077436, 39.01945527641265 45.05224471328934, 39.036442752170245 45.056376840138114, 39.05000209518996 45.04804980166078, 39.04657396245207 45.03558822060822, 39.02958648669448 45.031454591873235, 39.01602714367477 45.039784046077436))", "population": 25000.0, "Pedestrian traffic": 41000.0, "car traffic": 42000.0, "poi_count": 104 }, "geometry": { "type": "Point", "coordinates": [ 4344743.954596580006182, 5629251.439889886416495 ] } },
{ "type": "Feature", "properties": { "ID": 50019620, "Address": "Восточно-Кругликовская улица, 28/2", "Square": "77", "Rating": 4.945, "lat": 45.049087, "long": 39.030892, "index_right": 42.0, "id": 43.0, "geometry_y": "POLYGON ((39.01602714367477 45.039784046077436, 39.01945527641265 45.05224471328934, 39.036442752170245 45.056376840138114, 39.05000209518996 45.04804980166078, 39.04657396245207 45.03558822060822, 39.02958648669448 45.031454591873235, 39.01602714367477 45.039784046077436))", "population": 25000.0, "Pedestrian traffic": 41000.0, "car traffic": 42000.0, "poi_count": 93 }, "geometry": { "type": "Point", "coordinates": [ 4344899.02264725510031, 5629252.542841891758144 ] } },
{ "type": "Feature", "properties": { "ID": 304381, "Address": "Восточно-Кругликовская улица, 28/3", "Square": "75.3", "Rating": 4.985, "lat": 45.048221, "long": 39.0317, "index_right": 42.0, "id": 43.0, "geometry_y": "POLYGON ((39.01602714367477 45.039784046077436, 39.01945527641265 45.05224471328934, 39.036442752170245 45.056376840138114, 39.05000209518996 45.04804980166078, 39.04657396245207 45.03558822060822, 39.02958648669448 45.031454591873235, 39.01602714367477 45.039784046077436))", "population": 25000.0, "Pedestrian traffic": 41000.0, "car traffic": 42000.0, "poi_count": 81 }, "geometry": { "type": "Point", "coordinates": [ 4344988.968795816414058, 5629116.092947077006102 ] } },
{ "type": "Feature", "properties": { "ID": 50007243, "Address": "улица Героев-Разведчиков, 6к1", "Square": "54", "Rating": 4.977, "lat": 45.04775, "long": 39.034368, "index_right": 42.0, "id": 43.0, "geometry_y": "POLYGON ((39.01602714367477 45.039784046077436, 39.01945527641265 45.05224471328934, 39.036442752170245 45.056376840138114, 39.05000209518996 45.04804980166078, 39.04657396245207 45.03558822060822, 39.02958648669448 45.031454591873235, 39.01602714367477 45.039784046077436))", "population": 25000.0, "Pedestrian traffic": 41000.0, "car traffic": 42000.0, "poi_count": 44 }, "geometry": { "type": "Point", "coordinates": [ 4345285.969197252765298, 5629041.881458225660026 ] } },
{ "type": "Feature", "properties": { "ID": 215971, "Address": "Восточно-Кругликовская улица, 30/2", "Square": "60", "Rating": 4.91, "lat": 45.049864, "long": 39.031242, "index_right": 42.0, "id": 43.0, "geometry_y": "POLYGON ((39.01602714367477 45.039784046077436, 39.01945527641265 45.05224471328934, 39.036442752170245 45.056376840138114, 39.05000209518996 45.04804980166078, 39.04657396245207 45.03558822060822, 39.02958648669448 45.031454591873235, 39.01602714367477 45.039784046077436))", "population": 25000.0, "Pedestrian traffic": 41000.0, "car traffic": 42000.0, "poi_count": 80 }, "geometry": { "type": "Point", "coordinates": [ 4344937.984469032846391, 5629374.97135345172137 ] } },
{ "type": "Feature", "properties": { "ID": 157827, "Address": "улица Героев-Разведчиков, 8к1", "Square": "67", "Rating": 4.99, "lat": 45.050099, "long": 39.034278, "index_right": 42.0, "id": 43.0, "geometry_y": "POLYGON ((39.01602714367477 45.039784046077436, 39.01945527641265 45.05224471328934, 39.036442752170245 45.056376840138114, 39.05000209518996 45.04804980166078, 39.04657396245207 45.03558822060822, 39.02958648669448 45.031454591873235, 39.01602714367477 45.039784046077436))", "population": 25000.0, "Pedestrian traffic": 41000.0, "car traffic": 42000.0, "poi_count": 42 }, "geometry": { "type": "Point", "coordinates": [ 4345275.950443081557751, 5629411.99960923474282 ] } },
{ "type": "Feature", "properties": { "ID": 208335, "Address": "улица им. Героя Сарабеева В.И., 9", "Square": "51", "Rating": 5.0, "lat": 45.051831, "long": 39.033227, "index_right": 42.0, "id": 43.0, "geometry_y": "POLYGON ((39.01602714367477 45.039784046077436, 39.01945527641265 45.05224471328934, 39.036442752170245 45.056376840138114, 39.05000209518996 45.04804980166078, 39.04657396245207 45.03558822060822, 39.02958648669448 45.031454591873235, 39.01602714367477 45.039784046077436))", "population": 25000.0, "Pedestrian traffic": 41000.0, "car traffic": 42000.0, "poi_count": 49 }, "geometry": { "type": "Point", "coordinates": [ 4345158.953658256679773, 5629684.910425554029644 ] } },
{ "type": "Feature", "properties": { "ID": 140119, "Address": "улица Героев-Разведчиков, 12/1к1", "Square": "75", "Rating": 4.92, "lat": 45.053009, "long": 39.033739, "index_right": 42.0, "id": 43.0, "geometry_y": "POLYGON ((39.01602714367477 45.039784046077436, 39.01945527641265 45.05224471328934, 39.036442752170245 45.056376840138114, 39.05000209518996 45.04804980166078, 39.04657396245207 45.03558822060822, 39.02958648669448 45.031454591873235, 39.01602714367477 45.039784046077436))", "population": 25000.0, "Pedestrian traffic": 41000.0, "car traffic": 42000.0, "poi_count": 54 }, "geometry": { "type": "Point", "coordinates": [ 4345215.949237543158233, 5629870.532319616526365 ] } },
{ "type": "Feature", "properties": { "ID": 127171, "Address": "Восточно-Кругликовская улица, 34", "Square": "4.993", "Rating": 62.0, "lat": 45.051245, "long": 39.029194, "index_right": 42.0, "id": 43.0, "geometry_y": "POLYGON ((39.01602714367477 45.039784046077436, 39.01945527641265 45.05224471328934, 39.036442752170245 45.056376840138114, 39.05000209518996 45.04804980166078, 39.04657396245207 45.03558822060822, 39.02958648669448 45.031454591873235, 39.01602714367477 45.039784046077436))", "population": 25000.0, "Pedestrian traffic": 41000.0, "car traffic": 42000.0, "poi_count": 72 }, "geometry": { "type": "Point", "coordinates": [ 4344710.002151887863874, 5629592.573623823933303 ] } },
{ "type": "Feature", "properties": { "ID": 309655, "Address": "улица им. Героя Сарабеева В.И., 3", "Square": "70", "Rating": 4.996, "lat": 45.051914, "long": 39.029643, "index_right": 42.0, "id": 43.0, "geometry_y": "POLYGON ((39.01602714367477 45.039784046077436, 39.01945527641265 45.05224471328934, 39.036442752170245 45.056376840138114, 39.05000209518996 45.04804980166078, 39.04657396245207 45.03558822060822, 39.02958648669448 45.031454591873235, 39.01602714367477 45.039784046077436))", "population": 25000.0, "Pedestrian traffic": 41000.0, "car traffic": 42000.0, "poi_count": 62 }, "geometry": { "type": "Point", "coordinates": [ 4344759.984603254124522, 5629697.988922766409814 ] } },
{ "type": "Feature", "properties": { "ID": 321022, "Address": "Восточно-Кругликовская улица, 42/3к1\n", "Square": "55", "Rating": 4.975, "lat": 45.052716, "long": 39.028781, "index_right": 42.0, "id": 43.0, "geometry_y": "POLYGON ((39.01602714367477 45.039784046077436, 39.01945527641265 45.05224471328934, 39.036442752170245 45.056376840138114, 39.05000209518996 45.04804980166078, 39.04657396245207 45.03558822060822, 39.02958648669448 45.031454591873235, 39.01602714367477 45.039784046077436))", "population": 25000.0, "Pedestrian traffic": 41000.0, "car traffic": 42000.0, "poi_count": 54 }, "geometry": { "type": "Point", "coordinates": [ 4344664.027202190831304, 5629824.362849525175989 ] } },
{ "type": "Feature", "properties": { "ID": 50003801, "Address": "улица им. Героя Сарабеева В.И., 5к1", "Square": "74.4", "Rating": 4.988, "lat": 45.053219, "long": 39.029616, "index_right": 42.0, "id": 43.0, "geometry_y": "POLYGON ((39.01602714367477 45.039784046077436, 39.01945527641265 45.05224471328934, 39.036442752170245 45.056376840138114, 39.05000209518996 45.04804980166078, 39.04657396245207 45.03558822060822, 39.02958648669448 45.031454591873235, 39.01602714367477 45.039784046077436))", "population": 25000.0, "Pedestrian traffic": 41000.0, "car traffic": 42000.0, "poi_count": 62 }, "geometry": { "type": "Point", "coordinates": [ 4344756.978977002203465, 5629903.623211620375514 ] } },
{ "type": "Feature", "properties": { "ID": 140527, "Address": "улица им. Героя Сарабеева В.И., 5к2", "Square": "55", "Rating": 4.999, "lat": 45.053156, "long": 39.030649, "index_right": 42.0, "id": 43.0, "geometry_y": "POLYGON ((39.01602714367477 45.039784046077436, 39.01945527641265 45.05224471328934, 39.036442752170245 45.056376840138114, 39.05000209518996 45.04804980166078, 39.04657396245207 45.03558822060822, 39.02958648669448 45.031454591873235, 39.01602714367477 45.039784046077436))", "population": 25000.0, "Pedestrian traffic": 41000.0, "car traffic": 42000.0, "poi_count": 57 }, "geometry": { "type": "Point", "coordinates": [ 4344871.972010992467403, 5629893.695931261405349 ] } },
{ "type": "Feature", "properties": { "ID": 217423, "Address": "улица им. Героя Сарабеева В.И., 5к5", "Square": "74", "Rating": 4.993, "lat": 45.054168, "long": 39.031601, "index_right": 42.0, "id": 43.0, "geometry_y": "POLYGON ((39.01602714367477 45.039784046077436, 39.01945527641265 45.05224471328934, 39.036442752170245 45.056376840138114, 39.05000209518996 45.04804980166078, 39.04657396245207 45.03558822060822, 39.02958648669448 45.031454591873235, 39.01602714367477 45.039784046077436))", "population": 25000.0, "Pedestrian traffic": 41000.0, "car traffic": 42000.0, "poi_count": 60 }, "geometry": { "type": "Point", "coordinates": [ 4344977.948166227899492, 5630053.164043643511832 ] } },
{ "type": "Feature", "properties": { "ID": 141797, "Address": "улица им. Героя Сарабеева В.И., 5к3", "Square": "63", "Rating": 4.986, "lat": 45.054022, "long": 39.02958, "index_right": 42.0, "id": 43.0, "geometry_y": "POLYGON ((39.01602714367477 45.039784046077436, 39.01945527641265 45.05224471328934, 39.036442752170245 45.056376840138114, 39.05000209518996 45.04804980166078, 39.04657396245207 45.03558822060822, 39.02958648669448 45.031454591873235, 39.01602714367477 45.039784046077436))", "population": 25000.0, "Pedestrian traffic": 41000.0, "car traffic": 42000.0, "poi_count": 68 }, "geometry": { "type": "Point", "coordinates": [ 4344752.971475334838033, 5630030.157600275240839 ] } },
{ "type": "Feature", "properties": { "ID": 202530, "Address": "улица имени 40-летия Победы, 178к2", "Square": "35", "Rating": 4.965, "lat": 45.054658, "long": 39.03214, "index_right": 42.0, "id": 43.0, "geometry_y": "POLYGON ((39.01602714367477 45.039784046077436, 39.01945527641265 45.05224471328934, 39.036442752170245 45.056376840138114, 39.05000209518996 45.04804980166078, 39.04657396245207 45.03558822060822, 39.02958648669448 45.031454591873235, 39.01602714367477 45.039784046077436))", "population": 25000.0, "Pedestrian traffic": 41000.0, "car traffic": 42000.0, "poi_count": 64 }, "geometry": { "type": "Point", "coordinates": [ 4345037.949371764436364, 5630130.377878835424781 ] } },
{ "type": "Feature", "properties": { "ID": 140119, "Address": "улица Героев-Разведчиков, 12/1к1", "Square": "75", "Rating": 4.92, "lat": 45.053009, "long": 39.033739, "index_right": 42.0, "id": 43.0, "geometry_y": "POLYGON ((39.01602714367477 45.039784046077436, 39.01945527641265 45.05224471328934, 39.036442752170245 45.056376840138114, 39.05000209518996 45.04804980166078, 39.04657396245207 45.03558822060822, 39.02958648669448 45.031454591873235, 39.01602714367477 45.039784046077436))", "population": 25000.0, "Pedestrian traffic": 41000.0, "car traffic": 42000.0, "poi_count": 54 }, "geometry": { "type": "Point", "coordinates": [ 4345215.949237543158233, 5629870.532319616526365 ] } },
{ "type": "Feature", "properties": { "ID": 208335, "Address": "улица им. Героя Сарабеева В.И., 9", "Square": "51", "Rating": 5.0, "lat": 45.051831, "long": 39.033227, "index_right": 42.0, "id": 43.0, "geometry_y": "POLYGON ((39.01602714367477 45.039784046077436, 39.01945527641265 45.05224471328934, 39.036442752170245 45.056376840138114, 39.05000209518996 45.04804980166078, 39.04657396245207 45.03558822060822, 39.02958648669448 45.031454591873235, 39.01602714367477 45.039784046077436))", "population": 25000.0, "Pedestrian traffic": 41000.0, "car traffic": 42000.0, "poi_count": 49 }, "geometry": { "type": "Point", "coordinates": [ 4345158.953658256679773, 5629684.910425554029644 ] } },
{ "type": "Feature", "properties": { "ID": 350046, "Address": "улица имени 40-летия Победы, 125", "Square": "56.2", "Rating": 5.0, "lat": 45.056282, "long": 39.031404, "index_right": 43.0, "id": 44.0, "geometry_y": "POLYGON ((39.00589593339294 45.06057114101235, 39.00932406613083 45.073027279859986, 39.02631154188843 45.07715790482462, 39.03987088490814 45.068833892825154, 39.03644275217026 45.056376840138114, 39.019455276412664 45.05224471328934, 39.00589593339294 45.06057114101235))", "population": 85000.0, "Pedestrian traffic": 78000.0, "car traffic": 34000.0, "poi_count": 66 }, "geometry": { "type": "Point", "coordinates": [ 4344956.01822654157877, 5630386.291319918818772 ] } },
{ "type": "Feature", "properties": { "ID": 2454, "Address": "улица имени 40-летия Победы, 129", "Square": "51.9", "Rating": 4.994, "lat": 45.056282, "long": 39.032679, "index_right": 43.0, "id": 44.0, "geometry_y": "POLYGON ((39.00589593339294 45.06057114101235, 39.00932406613083 45.073027279859986, 39.02631154188843 45.07715790482462, 39.03987088490814 45.068833892825154, 39.03644275217026 45.056376840138114, 39.019455276412664 45.05224471328934, 39.00589593339294 45.06057114101235))", "population": 85000.0, "Pedestrian traffic": 78000.0, "car traffic": 34000.0, "poi_count": 64 }, "geometry": { "type": "Point", "coordinates": [ 4345097.950577302835882, 5630386.291319918818772 ] } },
{ "type": "Feature", "properties": { "ID": 50007483, "Address": "улица Героев-Разведчиков, 22", "Square": "70", "Rating": 4.797, "lat": 45.056785, "long": 39.034207, "index_right": 43.0, "id": 44.0, "geometry_y": "POLYGON ((39.00589593339294 45.06057114101235, 39.00932406613083 45.073027279859986, 39.02631154188843 45.07715790482462, 39.03987088490814 45.068833892825154, 39.03644275217026 45.056376840138114, 39.019455276412664 45.05224471328934, 39.00589593339294 45.06057114101235))", "population": 85000.0, "Pedestrian traffic": 78000.0, "car traffic": 34000.0, "poi_count": 58 }, "geometry": { "type": "Point", "coordinates": [ 4345268.04675923474133, 5630465.556624645367265 ] } },
{ "type": "Feature", "properties": { "ID": 50013391, "Address": "улица Героев-Разведчиков, 21/2", "Square": "40", "Rating": 4.975, "lat": 45.057568, "long": 39.032401, "index_right": 43.0, "id": 44.0, "geometry_y": "POLYGON ((39.00589593339294 45.06057114101235, 39.00932406613083 45.073027279859986, 39.02631154188843 45.07715790482462, 39.03987088490814 45.068833892825154, 39.03644275217026 45.056376840138114, 39.019455276412664 45.05224471328934, 39.00589593339294 45.06057114101235))", "population": 85000.0, "Pedestrian traffic": 78000.0, "car traffic": 34000.0, "poi_count": 62 }, "geometry": { "type": "Point", "coordinates": [ 4345067.003758861683309, 5630588.947144548408687 ] } },
{ "type": "Feature", "properties": { "ID": 141500, "Address": "улица имени 40-летия Победы, 109", "Square": "68.4", "Rating": 5.0, "lat": 45.057861, "long": 39.030083, "index_right": 43.0, "id": 44.0, "geometry_y": "POLYGON ((39.00589593339294 45.06057114101235, 39.00932406613083 45.073027279859986, 39.02631154188843 45.07715790482462, 39.03987088490814 45.068833892825154, 39.03644275217026 45.056376840138114, 39.019455276412664 45.05224471328934, 39.00589593339294 45.06057114101235))", "population": 85000.0, "Pedestrian traffic": 78000.0, "car traffic": 34000.0, "poi_count": 63 }, "geometry": { "type": "Point", "coordinates": [ 4344808.965179203078151, 5630635.120532145723701 ] } },
{ "type": "Feature", "properties": { "ID": 50022479, "Address": "улица имени 40-летия Победы, 97/1", "Square": "81", "Rating": 4.994, "lat": 45.058084, "long": 39.028601, "index_right": 43.0, "id": 44.0, "geometry_y": "POLYGON ((39.00589593339294 45.06057114101235, 39.00932406613083 45.073027279859986, 39.02631154188843 45.07715790482462, 39.03987088490814 45.068833892825154, 39.03644275217026 45.056376840138114, 39.019455276412664 45.05224471328934, 39.00589593339294 45.06057114101235))", "population": 85000.0, "Pedestrian traffic": 78000.0, "car traffic": 34000.0, "poi_count": 47 }, "geometry": { "type": "Point", "coordinates": [ 4344643.989693848416209, 5630670.262893558479846 ] } },
{ "type": "Feature", "properties": { "ID": 50014102, "Address": "Восточно-Кругликовская улица, 46/А", "Square": "60.3", "Rating": 4.986, "lat": 45.057753, "long": 39.026301, "index_right": 43.0, "id": 44.0, "geometry_y": "POLYGON ((39.00589593339294 45.06057114101235, 39.00932406613083 45.073027279859986, 39.02631154188843 45.07715790482462, 39.03987088490814 45.068833892825154, 39.03644275217026 45.056376840138114, 39.019455276412664 45.05224471328934, 39.00589593339294 45.06057114101235))", "population": 85000.0, "Pedestrian traffic": 78000.0, "car traffic": 34000.0, "poi_count": 66 }, "geometry": { "type": "Point", "coordinates": [ 4344387.954865022562444, 5630618.100962426513433 ] } },
{ "type": "Feature", "properties": { "ID": 158526, "Address": "улица Героев-Разведчиков, 17", "Square": "38", "Rating": 4.998, "lat": 45.058371, "long": 39.035904, "index_right": 43.0, "id": 44.0, "geometry_y": "POLYGON ((39.00589593339294 45.06057114101235, 39.00932406613083 45.073027279859986, 39.02631154188843 45.07715790482462, 39.03987088490814 45.068833892825154, 39.03644275217026 45.056376840138114, 39.019455276412664 45.05224471328934, 39.00589593339294 45.06057114101235))", "population": 85000.0, "Pedestrian traffic": 78000.0, "car traffic": 34000.0, "poi_count": 35 }, "geometry": { "type": "Point", "coordinates": [ 4345456.955935111269355, 5630715.49115680437535 ] } },
{ "type": "Feature", "properties": { "ID": 332239, "Address": "улица Героя Владислава Посадского, 53", "Square": "37", "Rating": 5.0, "lat": 45.059396, "long": 39.03709, "index_right": 43.0, "id": 44.0, "geometry_y": "POLYGON ((39.00589593339294 45.06057114101235, 39.00932406613083 45.073027279859986, 39.02631154188843 45.07715790482462, 39.03987088490814 45.068833892825154, 39.03644275217026 45.056376840138114, 39.019455276412664 45.05224471328934, 39.00589593339294 45.06057114101235))", "population": 85000.0, "Pedestrian traffic": 78000.0, "car traffic": 34000.0, "poi_count": 32 }, "geometry": { "type": "Point", "coordinates": [ 4345588.98085119202733, 5630877.022521615028381 ] } },
{ "type": "Feature", "properties": { "ID": 144894, "Address": "улица Героя Владислава Посадского, 42", "Square": "50", "Rating": 4.995, "lat": 45.059841, "long": 39.040908, "index_right": 51.0, "id": 52.0, "geometry_y": "POLYGON ((39.03644275217026 45.056376840138114, 39.03987088490814 45.068833892825154, 39.056858360665736 45.07296482087509, 39.07041770368544 45.064640198122085, 39.06698957094756 45.05218223159536, 39.05000209518997 45.04804980166078, 39.03644275217026 45.056376840138114))", "population": 18000.0, "Pedestrian traffic": 14000.0, "car traffic": 9500.0, "poi_count": 14 }, "geometry": { "type": "Point", "coordinates": [ 4346013.998667040839791, 5630947.151674162596464 ] } },
{ "type": "Feature", "properties": { "ID": 209189, "Address": "улица Героя А.А. Аверкиева, 21", "Square": "50.2", "Rating": 4.999, "lat": 45.062216, "long": 39.040863, "index_right": 51.0, "id": 52.0, "geometry_y": "POLYGON ((39.03644275217026 45.056376840138114, 39.03987088490814 45.068833892825154, 39.056858360665736 45.07296482087509, 39.07041770368544 45.064640198122085, 39.06698957094756 45.05218223159536, 39.05000209518997 45.04804980166078, 39.03644275217026 45.056376840138114))", "population": 18000.0, "Pedestrian traffic": 14000.0, "car traffic": 9500.0, "poi_count": 12 }, "geometry": { "type": "Point", "coordinates": [ 4346008.989289955236018, 5631321.445707520470023 ] } },
{ "type": "Feature", "properties": { "ID": 218320, "Address": "улица Генерала Трошева, 35", "Square": "56", "Rating": 4.909, "lat": 45.064896, "long": 39.04098, "index_right": 51.0, "id": 52.0, "geometry_y": "POLYGON ((39.03644275217026 45.056376840138114, 39.03987088490814 45.068833892825154, 39.056858360665736 45.07296482087509, 39.07041770368544 45.064640198122085, 39.06698957094756 45.05218223159536, 39.05000209518997 45.04804980166078, 39.03644275217026 45.056376840138114))", "population": 18000.0, "Pedestrian traffic": 14000.0, "car traffic": 9500.0, "poi_count": 17 }, "geometry": { "type": "Point", "coordinates": [ 4346022.0136703774333, 5631743.825647334568202 ] } },
{ "type": "Feature", "properties": { "ID": 50014731, "Address": "улица Генерала Трошева, 47", "Square": "52.4", "Rating": 5.0, "lat": 45.068499, "long": 39.040719, "index_right": 51.0, "id": 52.0, "geometry_y": "POLYGON ((39.03644275217026 45.056376840138114, 39.03987088490814 45.068833892825154, 39.056858360665736 45.07296482087509, 39.07041770368544 45.064640198122085, 39.06698957094756 45.05218223159536, 39.05000209518997 45.04804980166078, 39.03644275217026 45.056376840138114))", "population": 18000.0, "Pedestrian traffic": 14000.0, "car traffic": 9500.0, "poi_count": 76 }, "geometry": { "type": "Point", "coordinates": [ 4345992.959283280186355, 5632311.705705979838967 ] } },
{ "type": "Feature", "properties": { "ID": 141130, "Address": "улица им. Героя Яцкова И.В., 28", "Square": "38", "Rating": 5.0, "lat": 45.068518, "long": 39.039462, "index_right": 43.0, "id": 44.0, "geometry_y": "POLYGON ((39.00589593339294 45.06057114101235, 39.00932406613083 45.073027279859986, 39.02631154188843 45.07715790482462, 39.03987088490814 45.068833892825154, 39.03644275217026 45.056376840138114, 39.019455276412664 45.05224471328934, 39.00589593339294 45.06057114101235))", "population": 85000.0, "Pedestrian traffic": 78000.0, "car traffic": 34000.0, "poi_count": 85 }, "geometry": { "type": "Point", "coordinates": [ 4345853.030683353543282, 5632314.700450071133673 ] } },
{ "type": "Feature", "properties": { "ID": 125938, "Address": "улица Героя А.А. Аверкиева, 30", "Square": "55", "Rating": 4.991, "lat": 45.060898, "long": 39.037243, "index_right": 43.0, "id": 44.0, "geometry_y": "POLYGON ((39.00589593339294 45.06057114101235, 39.00932406613083 45.073027279859986, 39.02631154188843 45.07715790482462, 39.03987088490814 45.068833892825154, 39.03644275217026 45.056376840138114, 39.019455276412664 45.05224471328934, 39.00589593339294 45.06057114101235))", "population": 85000.0, "Pedestrian traffic": 78000.0, "car traffic": 34000.0, "poi_count": 30 }, "geometry": { "type": "Point", "coordinates": [ 4345606.012733282521367, 5631113.730298649519682 ] } },
{ "type": "Feature", "properties": { "ID": 159387, "Address": "улица Героев-Разведчиков, 28", "Square": "50", "Rating": 5.0, "lat": 45.060854, "long": 39.034269, "index_right": 43.0, "id": 44.0, "geometry_y": "POLYGON ((39.00589593339294 45.06057114101235, 39.00932406613083 45.073027279859986, 39.02631154188843 45.07715790482462, 39.03987088490814 45.068833892825154, 39.03644275217026 45.056376840138114, 39.019455276412664 45.05224471328934, 39.00589593339294 45.06057114101235))", "population": 85000.0, "Pedestrian traffic": 78000.0, "car traffic": 34000.0, "poi_count": 24 }, "geometry": { "type": "Point", "coordinates": [ 4345274.948567664250731, 5631106.796027686446905 ] } },
{ "type": "Feature", "properties": { "ID": 306519, "Address": "улица Героя А.А. Аверкиева, 24", "Square": "58.9", "Rating": 4.979, "lat": 45.06023, "long": 39.033497, "index_right": 43.0, "id": 44.0, "geometry_y": "POLYGON ((39.00589593339294 45.06057114101235, 39.00932406613083 45.073027279859986, 39.02631154188843 45.07715790482462, 39.03987088490814 45.068833892825154, 39.03644275217026 45.056376840138114, 39.019455276412664 45.05224471328934, 39.00589593339294 45.06057114101235))", "population": 85000.0, "Pedestrian traffic": 78000.0, "car traffic": 34000.0, "poi_count": 26 }, "geometry": { "type": "Point", "coordinates": [ 4345189.009920771233737, 5631008.456032145768404 ] } },
{ "type": "Feature", "properties": { "ID": 163662, "Address": "улица Героя А.А. Аверкиева, 20", "Square": "40", "Rating": 4.99, "lat": 45.060236, "long": 39.032149, "index_right": 43.0, "id": 44.0, "geometry_y": "POLYGON ((39.00589593339294 45.06057114101235, 39.00932406613083 45.073027279859986, 39.02631154188843 45.07715790482462, 39.03987088490814 45.068833892825154, 39.03644275217026 45.056376840138114, 39.019455276412664 45.05224471328934, 39.00589593339294 45.06057114101235))", "population": 85000.0, "Pedestrian traffic": 78000.0, "car traffic": 34000.0, "poi_count": 23 }, "geometry": { "type": "Point", "coordinates": [ 4345038.951247181743383, 5631009.401603918522596 ] } },
{ "type": "Feature", "properties": { "ID": 162057, "Address": "улица Героя А.А. Аверкиева, 8", "Square": "39", "Rating": 5.0, "lat": 45.060211, "long": 39.029302, "index_right": 43.0, "id": 44.0, "geometry_y": "POLYGON ((39.00589593339294 45.06057114101235, 39.00932406613083 45.073027279859986, 39.02631154188843 45.07715790482462, 39.03987088490814 45.068833892825154, 39.03644275217026 45.056376840138114, 39.019455276412664 45.05224471328934, 39.00589593339294 45.06057114101235))", "population": 85000.0, "Pedestrian traffic": 78000.0, "car traffic": 34000.0, "poi_count": 33 }, "geometry": { "type": "Point", "coordinates": [ 4344722.02465689368546, 5631005.461722197011113 ] } },
{ "type": "Feature", "properties": { "ID": 309168, "Address": "улица Героя А.А. Аверкиева, 4", "Square": "79", "Rating": 4.995, "lat": 45.061127, "long": 39.027855, "index_right": 43.0, "id": 44.0, "geometry_y": "POLYGON ((39.00589593339294 45.06057114101235, 39.00932406613083 45.073027279859986, 39.02631154188843 45.07715790482462, 39.03987088490814 45.068833892825154, 39.03644275217026 45.056376840138114, 39.019455276412664 45.05224471328934, 39.00589593339294 45.06057114101235))", "population": 85000.0, "Pedestrian traffic": 78000.0, "car traffic": 34000.0, "poi_count": 23 }, "geometry": { "type": "Point", "coordinates": [ 4344560.94535371568054, 5631149.820113231427968 ] } },
{ "type": "Feature", "properties": { "ID": 124813, "Address": "улица Героя А.А. Аверкиева, 1", "Square": "40", "Rating": 4.981, "lat": 45.061758, "long": 39.026301, "index_right": 43.0, "id": 44.0, "geometry_y": "POLYGON ((39.00589593339294 45.06057114101235, 39.00932406613083 45.073027279859986, 39.02631154188843 45.07715790482462, 39.03987088490814 45.068833892825154, 39.03644275217026 45.056376840138114, 39.019455276412664 45.05224471328934, 39.00589593339294 45.06057114101235))", "population": 85000.0, "Pedestrian traffic": 78000.0, "car traffic": 34000.0, "poi_count": 23 }, "geometry": { "type": "Point", "coordinates": [ 4344387.954865022562444, 5631249.264848057180643 ] } },
{ "type": "Feature", "properties": { "ID": 159164, "Address": "улица Героя А.А. Аверкиева, 15", "Square": "40", "Rating": 4.997, "lat": 45.06228, "long": 39.037288, "index_right": 43.0, "id": 44.0, "geometry_y": "POLYGON ((39.00589593339294 45.06057114101235, 39.00932406613083 45.073027279859986, 39.02631154188843 45.07715790482462, 39.03987088490814 45.068833892825154, 39.03644275217026 45.056376840138114, 39.019455276412664 45.05224471328934, 39.00589593339294 45.06057114101235))", "population": 85000.0, "Pedestrian traffic": 78000.0, "car traffic": 34000.0, "poi_count": 26 }, "geometry": { "type": "Point", "coordinates": [ 4345611.022110368125141, 5631331.532161876559258 ] } },
{ "type": "Feature", "properties": { "ID": 208296, "Address": "улица Героев-Разведчиков, 34", "Square": "58", "Rating": 4.914, "lat": 45.063126, "long": 39.034117, "index_right": 43.0, "id": 44.0, "geometry_y": "POLYGON ((39.00589593339294 45.06057114101235, 39.00932406613083 45.073027279859986, 39.02631154188843 45.07715790482462, 39.03987088490814 45.068833892825154, 39.03644275217026 45.056376840138114, 39.019455276412664 45.05224471328934, 39.00589593339294 45.06057114101235))", "population": 85000.0, "Pedestrian traffic": 78000.0, "car traffic": 34000.0, "poi_count": 26 }, "geometry": { "type": "Point", "coordinates": [ 4345258.028005063533783, 5631464.863541516475379 ] } },
{ "type": "Feature", "properties": { "ID": 50022919, "Address": "улица Героев-Разведчиков, 23/1", "Square": "57", "Rating": 5.0, "lat": 45.063699, "long": 39.036928, "index_right": 43.0, "id": 44.0, "geometry_y": "POLYGON ((39.00589593339294 45.06057114101235, 39.00932406613083 45.073027279859986, 39.02631154188843 45.07715790482462, 39.03987088490814 45.068833892825154, 39.03644275217026 45.056376840138114, 39.019455276412664 45.05224471328934, 39.00589593339294 45.06057114101235))", "population": 85000.0, "Pedestrian traffic": 78000.0, "car traffic": 34000.0, "poi_count": 34 }, "geometry": { "type": "Point", "coordinates": [ 4345570.947093683294952, 5631555.170667617581785 ] } },
{ "type": "Feature", "properties": { "ID": 159923, "Address": "улица Героя Владислава Посадского, 69", "Square": "35", "Rating": 4.979, "lat": 45.064559, "long": 39.038572, "index_right": 43.0, "id": 44.0, "geometry_y": "POLYGON ((39.00589593339294 45.06057114101235, 39.00932406613083 45.073027279859986, 39.02631154188843 45.07715790482462, 39.03987088490814 45.068833892825154, 39.03644275217026 45.056376840138114, 39.019455276412664 45.05224471328934, 39.00589593339294 45.06057114101235))", "population": 85000.0, "Pedestrian traffic": 78000.0, "car traffic": 34000.0, "poi_count": 34 }, "geometry": { "type": "Point", "coordinates": [ 4345753.956336547620595, 5631690.711857546120882 ] } },
{ "type": "Feature", "properties": { "ID": 124049, "Address": "улица Героя Владислава Посадского, 69", "Square": "67.6", "Rating": 5.0, "lat": 45.064559, "long": 39.038572, "index_right": 43.0, "id": 44.0, "geometry_y": "POLYGON ((39.00589593339294 45.06057114101235, 39.00932406613083 45.073027279859986, 39.02631154188843 45.07715790482462, 39.03987088490814 45.068833892825154, 39.03644275217026 45.056376840138114, 39.019455276412664 45.05224471328934, 39.00589593339294 45.06057114101235))", "population": 85000.0, "Pedestrian traffic": 78000.0, "car traffic": 34000.0, "poi_count": 34 }, "geometry": { "type": "Point", "coordinates": [ 4345753.956336547620595, 5631690.711857546120882 ] } },
{ "type": "Feature", "properties": { "ID": 306446, "Address": "Черкасская улица, 62А", "Square": "70", "Rating": 4.981, "lat": 45.065431, "long": 39.037243, "index_right": 43.0, "id": 44.0, "geometry_y": "POLYGON ((39.00589593339294 45.06057114101235, 39.00932406613083 45.073027279859986, 39.02631154188843 45.07715790482462, 39.03987088490814 45.068833892825154, 39.03644275217026 45.056376840138114, 39.019455276412664 45.05224471328934, 39.00589593339294 45.06057114101235))", "population": 85000.0, "Pedestrian traffic": 78000.0, "car traffic": 34000.0, "poi_count": 39 }, "geometry": { "type": "Point", "coordinates": [ 4345606.012733282521367, 5631828.146401822566986 ] } },
{ "type": "Feature", "properties": { "ID": 111541, "Address": "Черкасская улица, 58", "Square": "88.5", "Rating": 4.982, "lat": 45.064909, "long": 39.032518, "index_right": 43.0, "id": 44.0, "geometry_y": "POLYGON ((39.00589593339294 45.06057114101235, 39.00932406613083 45.073027279859986, 39.02631154188843 45.07715790482462, 39.03987088490814 45.068833892825154, 39.03644275217026 45.056376840138114, 39.019455276412664 45.05224471328934, 39.00589593339294 45.06057114101235))", "population": 85000.0, "Pedestrian traffic": 78000.0, "car traffic": 34000.0, "poi_count": 35 }, "geometry": { "type": "Point", "coordinates": [ 4345080.028139284811914, 5631745.874553509056568 ] } },
{ "type": "Feature", "properties": { "ID": 159614, "Address": "Черкасская улица, 129/1", "Square": "45", "Rating": 4.989, "lat": 45.06636, "long": 39.035815, "index_right": 43.0, "id": 44.0, "geometry_y": "POLYGON ((39.00589593339294 45.06057114101235, 39.00932406613083 45.073027279859986, 39.02631154188843 45.07715790482462, 39.03987088490814 45.068833892825154, 39.03644275217026 45.056376840138114, 39.019455276412664 45.05224471328934, 39.00589593339294 45.06057114101235))", "population": 85000.0, "Pedestrian traffic": 78000.0, "car traffic": 34000.0, "poi_count": 44 }, "geometry": { "type": "Point", "coordinates": [ 4345447.048500429838896, 5631974.566932669840753 ] } },
{ "type": "Feature", "properties": { "ID": 50015381, "Address": "улица им. Героя Яцкова И.В., 16", "Square": "67.3", "Rating": 4.963, "lat": 45.068398, "long": 39.03577, "index_right": 43.0, "id": 44.0, "geometry_y": "POLYGON ((39.00589593339294 45.06057114101235, 39.00932406613083 45.073027279859986, 39.02631154188843 45.07715790482462, 39.03987088490814 45.068833892825154, 39.03644275217026 45.056376840138114, 39.019455276412664 45.05224471328934, 39.00589593339294 45.06057114101235))", "population": 85000.0, "Pedestrian traffic": 78000.0, "car traffic": 34000.0, "poi_count": 70 }, "geometry": { "type": "Point", "coordinates": [ 4345442.039123344235122, 5632295.786293575540185 ] } },
{ "type": "Feature", "properties": { "ID": 50006036, "Address": "Домбайская улица, 55к6", "Square": "55.4", "Rating": 4.988, "lat": 45.069874, "long": 39.035743, "index_right": 43.0, "id": 44.0, "geometry_y": "POLYGON ((39.00589593339294 45.06057114101235, 39.00932406613083 45.073027279859986, 39.02631154188843 45.07715790482462, 39.03987088490814 45.068833892825154, 39.03644275217026 45.056376840138114, 39.019455276412664 45.05224471328934, 39.00589593339294 45.06057114101235))", "population": 85000.0, "Pedestrian traffic": 78000.0, "car traffic": 34000.0, "poi_count": 81 }, "geometry": { "type": "Point", "coordinates": [ 4345439.033497092314065, 5632528.433178097009659 ] } },
{ "type": "Feature", "properties": { "ID": 320592, "Address": "улица им. Героя Яцкова И.В., 14", "Square": "66", "Rating": 4.997, "lat": 45.068614, "long": 39.032832, "index_right": 43.0, "id": 44.0, "geometry_y": "POLYGON ((39.00589593339294 45.06057114101235, 39.00932406613083 45.073027279859986, 39.02631154188843 45.07715790482462, 39.03987088490814 45.068833892825154, 39.03644275217026 45.056376840138114, 39.019455276412664 45.05224471328934, 39.00589593339294 45.06057114101235))", "population": 85000.0, "Pedestrian traffic": 78000.0, "car traffic": 34000.0, "poi_count": 33 }, "geometry": { "type": "Point", "coordinates": [ 4345114.982459393329918, 5632329.831803859211504 ] } },
{ "type": "Feature", "properties": { "ID": 50006952, "Address": "Черкасская улица, 109", "Square": "76", "Rating": 4.99, "lat": 45.067341, "long": 39.031521, "index_right": 43.0, "id": 44.0, "geometry_y": "POLYGON ((39.00589593339294 45.06057114101235, 39.00932406613083 45.073027279859986, 39.02631154188843 45.07715790482462, 39.03987088490814 45.068833892825154, 39.03644275217026 45.056376840138114, 39.019455276412664 45.05224471328934, 39.00589593339294 45.06057114101235))", "population": 85000.0, "Pedestrian traffic": 78000.0, "car traffic": 34000.0, "poi_count": 36 }, "geometry": { "type": "Point", "coordinates": [ 4344969.042606963776052, 5632129.185813706368208 ] } },
{ "type": "Feature", "properties": { "ID": 50014963, "Address": "Домбайская улица, 12", "Square": "77", "Rating": 5.0, "lat": 45.071797, "long": 39.031431, "index_right": 43.0, "id": 44.0, "geometry_y": "POLYGON ((39.00589593339294 45.06057114101235, 39.00932406613083 45.073027279859986, 39.02631154188843 45.07715790482462, 39.03987088490814 45.068833892825154, 39.03644275217026 45.056376840138114, 39.019455276412664 45.05224471328934, 39.00589593339294 45.06057114101235))", "population": 85000.0, "Pedestrian traffic": 78000.0, "car traffic": 34000.0, "poi_count": 13 }, "geometry": { "type": "Point", "coordinates": [ 4344959.023852792568505, 5632831.545144049450755 ] } },
{ "type": "Feature", "properties": { "ID": 160311, "Address": "Домбайская улица, 10/1к1", "Square": "70", "Rating": 4.999, "lat": 45.071103, "long": 39.029967, "index_right": 43.0, "id": 44.0, "geometry_y": "POLYGON ((39.00589593339294 45.06057114101235, 39.00932406613083 45.073027279859986, 39.02631154188843 45.07715790482462, 39.03987088490814 45.068833892825154, 39.03644275217026 45.056376840138114, 39.019455276412664 45.05224471328934, 39.00589593339294 45.06057114101235))", "population": 85000.0, "Pedestrian traffic": 78000.0, "car traffic": 34000.0, "poi_count": 21 }, "geometry": { "type": "Point", "coordinates": [ 4344796.052118270657957, 5632722.15254598017782 ] } },
{ "type": "Feature", "properties": { "ID": 303212, "Address": "Восточно-Кругликовская улица, 90", "Square": "78", "Rating": 4.997, "lat": 45.069632, "long": 39.028466, "index_right": 43.0, "id": 44.0, "geometry_y": "POLYGON ((39.00589593339294 45.06057114101235, 39.00932406613083 45.073027279859986, 39.02631154188843 45.07715790482462, 39.03987088490814 45.068833892825154, 39.03644275217026 45.056376840138114, 39.019455276412664 45.05224471328934, 39.00589593339294 45.06057114101235))", "population": 85000.0, "Pedestrian traffic": 78000.0, "car traffic": 34000.0, "poi_count": 35 }, "geometry": { "type": "Point", "coordinates": [ 4344628.961562590673566, 5632490.288764948025346 ] } },
{ "type": "Feature", "properties": { "ID": 206949, "Address": "улица им. Героя Яцкова И.В., 2", "Square": "50", "Rating": 5.0, "lat": 45.068372, "long": 39.027927, "index_right": 43.0, "id": 44.0, "geometry_y": "POLYGON ((39.00589593339294 45.06057114101235, 39.00932406613083 45.073027279859986, 39.02631154188843 45.07715790482462, 39.03987088490814 45.068833892825154, 39.03644275217026 45.056376840138114, 39.019455276412664 45.05224471328934, 39.00589593339294 45.06057114101235))", "population": 85000.0, "Pedestrian traffic": 78000.0, "car traffic": 34000.0, "poi_count": 43 }, "geometry": { "type": "Point", "coordinates": [ 4344568.960357053205371, 5632291.688231567852199 ] } },
{ "type": "Feature", "properties": { "ID": 169877, "Address": "Восточно-Кругликовская улица, 64", "Square": "53", "Rating": 5.0, "lat": 45.068124, "long": 39.026733, "index_right": 43.0, "id": 44.0, "geometry_y": "POLYGON ((39.00589593339294 45.06057114101235, 39.00932406613083 45.073027279859986, 39.02631154188843 45.07715790482462, 39.03987088490814 45.068833892825154, 39.03644275217026 45.056376840138114, 39.019455276412664 45.05224471328934, 39.00589593339294 45.06057114101235))", "population": 85000.0, "Pedestrian traffic": 78000.0, "car traffic": 34000.0, "poi_count": 45 }, "geometry": { "type": "Point", "coordinates": [ 4344436.044885045848787, 5632252.599118418060243 ] } },
{ "type": "Feature", "properties": { "ID": 50008920, "Address": "Восточно-Кругликовская улица, 72", "Square": "42.5", "Rating": 4.999, "lat": 45.070345, "long": 39.025214, "index_right": 43.0, "id": 44.0, "geometry_y": "POLYGON ((39.00589593339294 45.06057114101235, 39.00932406613083 45.073027279859986, 39.02631154188843 45.07715790482462, 39.03987088490814 45.068833892825154, 39.03644275217026 45.056376840138114, 39.019455276412664 45.05224471328934, 39.00589593339294 45.06057114101235))", "population": 85000.0, "Pedestrian traffic": 78000.0, "car traffic": 34000.0, "poi_count": 41 }, "geometry": { "type": "Point", "coordinates": [ 4344266.950578530319035, 5632602.673387407325208 ] } },
{ "type": "Feature", "properties": { "ID": 172437, "Address": "Восточно-Кругликовская улица, 65", "Square": "30", "Rating": 4.93, "lat": 45.069862, "long": 39.024181, "index_right": 43.0, "id": 44.0, "geometry_y": "POLYGON ((39.00589593339294 45.06057114101235, 39.00932406613083 45.073027279859986, 39.02631154188843 45.07715790482462, 39.03987088490814 45.068833892825154, 39.03644275217026 45.056376840138114, 39.019455276412664 45.05224471328934, 39.00589593339294 45.06057114101235))", "population": 85000.0, "Pedestrian traffic": 78000.0, "car traffic": 34000.0, "poi_count": 42 }, "geometry": { "type": "Point", "coordinates": [ 4344151.957544541917741, 5632526.541715788654983 ] } },
{ "type": "Feature", "properties": { "ID": 102778, "Address": "Восточно-Кругликовская улица, 76/4", "Square": "52.5", "Rating": 4.988, "lat": 45.070244, "long": 39.027236, "index_right": 43.0, "id": 44.0, "geometry_y": "POLYGON ((39.00589593339294 45.06057114101235, 39.00932406613083 45.073027279859986, 39.02631154188843 45.07715790482462, 39.03987088490814 45.068833892825154, 39.03644275217026 45.056376840138114, 39.019455276412664 45.05224471328934, 39.00589593339294 45.06057114101235))", "population": 85000.0, "Pedestrian traffic": 78000.0, "car traffic": 34000.0, "poi_count": 39 }, "geometry": { "type": "Point", "coordinates": [ 4344492.038588915020227, 5632586.753460845910013 ] } },
{ "type": "Feature", "properties": { "ID": 308003, "Address": "Черкасская улица, 49", "Square": "60", "Rating": 4.988, "lat": 45.066787, "long": 39.024433, "index_right": 43.0, "id": 44.0, "geometry_y": "POLYGON ((39.00589593339294 45.06057114101235, 39.00932406613083 45.073027279859986, 39.02631154188843 45.07715790482462, 39.03987088490814 45.068833892825154, 39.03644275217026 45.056376840138114, 39.019455276412664 45.05224471328934, 39.00589593339294 45.06057114101235))", "population": 85000.0, "Pedestrian traffic": 78000.0, "car traffic": 34000.0, "poi_count": 50 }, "geometry": { "type": "Point", "coordinates": [ 4344180.010056220926344, 5632041.867587376385927 ] } },
{ "type": "Feature", "properties": { "ID": 112934, "Address": "улица 1 Мая, 278", "Square": "67.3", "Rating": 5.0, "lat": 45.066641, "long": 39.02225, "index_right": 43.0, "id": 44.0, "geometry_y": "POLYGON ((39.00589593339294 45.06057114101235, 39.00932406613083 45.073027279859986, 39.02631154188843 45.07715790482462, 39.03987088490814 45.068833892825154, 39.03644275217026 45.056376840138114, 39.019455276412664 45.05224471328934, 39.00589593339294 45.06057114101235))", "population": 85000.0, "Pedestrian traffic": 78000.0, "car traffic": 34000.0, "poi_count": 49 }, "geometry": { "type": "Point", "coordinates": [ 4343936.999607819132507, 5632018.856065739877522 ] } },
{ "type": "Feature", "properties": { "ID": 50017741, "Address": "Яснополянская улица, 4/1", "Square": "46", "Rating": 4.992, "lat": 45.07391, "long": 39.024343, "index_right": 43.0, "id": 44.0, "geometry_y": "POLYGON ((39.00589593339294 45.06057114101235, 39.00932406613083 45.073027279859986, 39.02631154188843 45.07715790482462, 39.03987088490814 45.068833892825154, 39.03644275217026 45.056376840138114, 39.019455276412664 45.05224471328934, 39.00589593339294 45.06057114101235))", "population": 85000.0, "Pedestrian traffic": 78000.0, "car traffic": 34000.0, "poi_count": 22 }, "geometry": { "type": "Point", "coordinates": [ 4344169.991302049718797, 5633164.617530499584973 ] } },
{ "type": "Feature", "properties": { "ID": 161731, "Address": "Вологодская улица, 11", "Square": "89", "Rating": 4.913, "lat": 45.073738, "long": 39.021936, "index_right": 43.0, "id": 44.0, "geometry_y": "POLYGON ((39.00589593339294 45.06057114101235, 39.00932406613083 45.073027279859986, 39.02631154188843 45.07715790482462, 39.03987088490814 45.068833892825154, 39.03644275217026 45.056376840138114, 39.019455276412664 45.05224471328934, 39.00589593339294 45.06057114101235))", "population": 85000.0, "Pedestrian traffic": 78000.0, "car traffic": 34000.0, "poi_count": 20 }, "geometry": { "type": "Point", "coordinates": [ 4343902.045287710614502, 5633137.504694091156125 ] } },
{ "type": "Feature", "properties": { "ID": 313586, "Address": "Солнечная улица, 10", "Square": "54", "Rating": 4.841, "lat": 45.071905, "long": 38.995911, "index_right": 36.0, "id": 37.0, "geometry_y": "POLYGON ((38.97534911461564 45.064765134218185, 38.97877724735353 45.077220359226736, 38.995764723111115 45.08135068110613, 39.00932406613083 45.073027279859986, 39.00589593339294 45.060571141012346, 38.988908457635354 45.05643931724932, 38.97534911461564 45.064765134218185))", "population": 25000.0, "Pedestrian traffic": 58000.0, "car traffic": 39000.0, "poi_count": 16 }, "geometry": { "type": "Point", "coordinates": [ 4341004.95553981512785, 5632848.568895468488336 ] } },
{ "type": "Feature", "properties": { "ID": 169598, "Address": "улица имени Николая Семеновича Котлярова, 30", "Square": "57", "Rating": 4.975, "lat": 45.070568, "long": 39.013168, "index_right": 43.0, "id": 44.0, "geometry_y": "POLYGON ((39.00589593339294 45.06057114101235, 39.00932406613083 45.073027279859986, 39.02631154188843 45.07715790482462, 39.03987088490814 45.068833892825154, 39.03644275217026 45.056376840138114, 39.019455276412664 45.05224471328934, 39.00589593339294 45.06057114101235))", "population": 85000.0, "Pedestrian traffic": 78000.0, "car traffic": 34000.0, "poi_count": 44 }, "geometry": { "type": "Point", "coordinates": [ 4342925.995992435142398, 5632637.823423900641501 ] } },
{ "type": "Feature", "properties": { "ID": 101756, "Address": "улица имени Николая Семеновича Котлярова, 24", "Square": "65", "Rating": 4.955, "lat": 45.070651, "long": 39.011937, "index_right": 43.0, "id": 44.0, "geometry_y": "POLYGON ((39.00589593339294 45.06057114101235, 39.00932406613083 45.073027279859986, 39.02631154188843 45.07715790482462, 39.03987088490814 45.068833892825154, 39.03644275217026 45.056376840138114, 39.019455276412664 45.05224471328934, 39.00589593339294 45.06057114101235))", "population": 85000.0, "Pedestrian traffic": 78000.0, "car traffic": 34000.0, "poi_count": 62 }, "geometry": { "type": "Point", "coordinates": [ 4342788.961699268780649, 5632650.906207929365337 ] } },
{ "type": "Feature", "properties": { "ID": 211005, "Address": "улица имени Николая Семеновича Котлярова, 17", "Square": "61", "Rating": 5.0, "lat": 45.069588, "long": 39.011039, "index_right": 43.0, "id": 44.0, "geometry_y": "POLYGON ((39.00589593339294 45.06057114101235, 39.00932406613083 45.073027279859986, 39.02631154188843 45.07715790482462, 39.03987088490814 45.068833892825154, 39.03644275217026 45.056376840138114, 39.019455276412664 45.05224471328934, 39.00589593339294 45.06057114101235))", "population": 85000.0, "Pedestrian traffic": 78000.0, "car traffic": 34000.0, "poi_count": 62 }, "geometry": { "type": "Point", "coordinates": [ 4342688.996796535328031, 5632483.353434455581009 ] } },
{ "type": "Feature", "properties": { "ID": 214004, "Address": "улица им. Байбакова Н.К., 14", "Square": "55", "Rating": 5.0, "lat": 45.07165, "long": 39.008488, "index_right": 36.0, "id": 37.0, "geometry_y": "POLYGON ((38.97534911461564 45.064765134218185, 38.97877724735353 45.077220359226736, 38.995764723111115 45.08135068110613, 39.00932406613083 45.073027279859986, 39.00589593339294 45.060571141012346, 38.988908457635354 45.05643931724932, 38.97534911461564 45.064765134218185))", "population": 25000.0, "Pedestrian traffic": 58000.0, "car traffic": 39000.0, "poi_count": 114 }, "geometry": { "type": "Point", "coordinates": [ 4342405.020775522105396, 5632808.373978532850742 ] } },
{ "type": "Feature", "properties": { "ID": 123260, "Address": "улица им. Байбакова Н.К., 4", "Square": "46", "Rating": 4.922, "lat": 45.069518, "long": 39.007868, "index_right": 36.0, "id": 37.0, "geometry_y": "POLYGON ((38.97534911461564 45.064765134218185, 38.97877724735353 45.077220359226736, 38.995764723111115 45.08135068110613, 39.00932406613083 45.073027279859986, 39.00589593339294 45.060571141012346, 38.988908457635354 45.05643931724932, 38.97534911461564 45.064765134218185))", "population": 25000.0, "Pedestrian traffic": 58000.0, "car traffic": 39000.0, "poi_count": 73 }, "geometry": { "type": "Point", "coordinates": [ 4342336.002691230736673, 5632472.319965128786862 ] } },
{ "type": "Feature", "properties": { "ID": 50038086, "Address": "улица им. Байбакова Н.К., 2", "Square": "40", "Rating": 5.0, "lat": 45.068557, "long": 39.007931, "index_right": 36.0, "id": 37.0, "geometry_y": "POLYGON ((38.97534911461564 45.064765134218185, 38.97877724735353 45.077220359226736, 38.995764723111115 45.08135068110613, 39.00932406613083 45.073027279859986, 39.00589593339294 45.060571141012346, 38.988908457635354 45.05643931724932, 38.97534911461564 45.064765134218185))", "population": 25000.0, "Pedestrian traffic": 58000.0, "car traffic": 39000.0, "poi_count": 70 }, "geometry": { "type": "Point", "coordinates": [ 4342343.015819150954485, 5632320.847559483721852 ] } },
{ "type": "Feature", "properties": { "ID": 168525, "Address": "улица имени Николая Семеновича Котлярова, 15", "Square": "39", "Rating": 3.992, "lat": 45.067805, "long": 39.009907, "index_right": 43.0, "id": 44.0, "geometry_y": "POLYGON ((39.00589593339294 45.06057114101235, 39.00932406613083 45.073027279859986, 39.02631154188843 45.07715790482462, 39.03987088490814 45.068833892825154, 39.03644275217026 45.056376840138114, 39.019455276412664 45.05224471328934, 39.00589593339294 45.06057114101235))", "population": 85000.0, "Pedestrian traffic": 78000.0, "car traffic": 34000.0, "poi_count": 75 }, "geometry": { "type": "Point", "coordinates": [ 4342562.98313295841217, 5632202.319419832900167 ] } },
{ "type": "Feature", "properties": { "ID": 213026, "Address": "улица Карякина, 31", "Square": "56", "Rating": 4.994, "lat": 45.066036, "long": 39.013914, "index_right": 43.0, "id": 44.0, "geometry_y": "POLYGON ((39.00589593339294 45.06057114101235, 39.00932406613083 45.073027279859986, 39.02631154188843 45.07715790482462, 39.03987088490814 45.068833892825154, 39.03644275217026 45.056376840138114, 39.019455276412664 45.05224471328934, 39.00589593339294 45.06057114101235))", "population": 85000.0, "Pedestrian traffic": 78000.0, "car traffic": 34000.0, "poi_count": 62 }, "geometry": { "type": "Point", "coordinates": [ 4343009.040332566946745, 5631923.500729182735085 ] } },
{ "type": "Feature", "properties": { "ID": 312293, "Address": "улица Карякина, 29", "Square": "60", "Rating": 4.99, "lat": 45.06601, "long": 39.012584, "index_right": 43.0, "id": 44.0, "geometry_y": "POLYGON ((39.00589593339294 45.06057114101235, 39.00932406613083 45.073027279859986, 39.02631154188843 45.07715790482462, 39.03987088490814 45.068833892825154, 39.03644275217026 45.056376840138114, 39.019455276412664 45.05224471328934, 39.00589593339294 45.06057114101235))", "population": 85000.0, "Pedestrian traffic": 78000.0, "car traffic": 34000.0, "poi_count": 75 }, "geometry": { "type": "Point", "coordinates": [ 4342860.985409811139107, 5631919.402836510911584 ] } },
{ "type": "Feature", "properties": { "ID": 50013068, "Address": "улица имени Николая Семеновича Котлярова, 6", "Square": "48", "Rating": 4.914, "lat": 45.065144, "long": 39.012413, "index_right": 43.0, "id": 44.0, "geometry_y": "POLYGON ((39.00589593339294 45.06057114101235, 39.00932406613083 45.073027279859986, 39.02631154188843 45.07715790482462, 39.03987088490814 45.068833892825154, 39.03644275217026 45.056376840138114, 39.019455276412664 45.05224471328934, 39.00589593339294 45.06057114101235))", "population": 85000.0, "Pedestrian traffic": 78000.0, "car traffic": 34000.0, "poi_count": 80 }, "geometry": { "type": "Point", "coordinates": [ 4342841.949776886031032, 5631782.912553165107965 ] } },
{ "type": "Feature", "properties": { "ID": 149433, "Address": "улица имени Николая Семеновича Котлярова, 5", "Square": "54", "Rating": 4.971, "lat": 45.064616, "long": 39.01156, "index_right": 43.0, "id": 44.0, "geometry_y": "POLYGON ((39.00589593339294 45.06057114101235, 39.00932406613083 45.073027279859986, 39.02631154188843 45.07715790482462, 39.03987088490814 45.068833892825154, 39.03644275217026 45.056376840138114, 39.019455276412664 45.05224471328934, 39.00589593339294 45.06057114101235))", "population": 85000.0, "Pedestrian traffic": 78000.0, "car traffic": 34000.0, "poi_count": 97 }, "geometry": { "type": "Point", "coordinates": [ 4342746.994251240044832, 5631699.695473580621183 ] } },
{ "type": "Feature", "properties": { "ID": 50016618, "Address": "Зиповская улица, 45", "Square": "42.5", "Rating": 4.999, "lat": 45.064215, "long": 39.010446, "index_right": 43.0, "id": 44.0, "geometry_y": "POLYGON ((39.00589593339294 45.06057114101235, 39.00932406613083 45.073027279859986, 39.02631154188843 45.07715790482462, 39.03987088490814 45.068833892825154, 39.03644275217026 45.056376840138114, 39.019455276412664 45.05224471328934, 39.00589593339294 45.06057114101235))", "population": 85000.0, "Pedestrian traffic": 78000.0, "car traffic": 34000.0, "poi_count": 102 }, "geometry": { "type": "Point", "coordinates": [ 4342622.984338495880365, 5631636.495136891491711 ] } },
{ "type": "Feature", "properties": { "ID": 2182, "Address": "улица Карякина, 18", "Square": "68", "Rating": 5.0, "lat": 45.064616, "long": 39.008308, "index_right": 43.0, "id": 44.0, "geometry_y": "POLYGON ((39.00589593339294 45.06057114101235, 39.00932406613083 45.073027279859986, 39.02631154188843 45.07715790482462, 39.03987088490814 45.068833892825154, 39.03644275217026 45.056376840138114, 39.019455276412664 45.05224471328934, 39.00589593339294 45.06057114101235))", "population": 85000.0, "Pedestrian traffic": 78000.0, "car traffic": 34000.0, "poi_count": 85 }, "geometry": { "type": "Point", "coordinates": [ 4342384.983267179690301, 5631699.695473580621183 ] } },
{ "type": "Feature", "properties": { "ID": 157767, "Address": "улица Карякина, 15", "Square": "60", "Rating": 5.0, "lat": 45.066246, "long": 39.008137, "index_right": 43.0, "id": 44.0, "geometry_y": "POLYGON ((39.00589593339294 45.06057114101235, 39.00932406613083 45.073027279859986, 39.02631154188843 45.07715790482462, 39.03987088490814 45.068833892825154, 39.03644275217026 45.056376840138114, 39.019455276412664 45.05224471328934, 39.00589593339294 45.06057114101235))", "population": 85000.0, "Pedestrian traffic": 78000.0, "car traffic": 34000.0, "poi_count": 88 }, "geometry": { "type": "Point", "coordinates": [ 4342365.947634253650904, 5631956.599161401391029 ] } },
{ "type": "Feature", "properties": { "ID": 50011662, "Address": "улица Карякина, 10", "Square": "58.3", "Rating": 4.977, "lat": 45.065011, "long": 39.006835, "index_right": 36.0, "id": 37.0, "geometry_y": "POLYGON ((38.97534911461564 45.064765134218185, 38.97877724735353 45.077220359226736, 38.995764723111115 45.08135068110613, 39.00932406613083 45.073027279859986, 39.00589593339294 45.060571141012346, 38.988908457635354 45.05643931724932, 38.97534911461564 45.064765134218185))", "population": 25000.0, "Pedestrian traffic": 58000.0, "car traffic": 39000.0, "poi_count": 73 }, "geometry": { "type": "Point", "coordinates": [ 4342221.009657241404057, 5631761.950602745637298 ] } },
{ "type": "Feature", "properties": { "ID": 128155, "Address": "улица Карякина, 5к2", "Square": "65", "Rating": 4.999, "lat": 45.066399, "long": 39.005757, "index_right": 36.0, "id": 37.0, "geometry_y": "POLYGON ((38.97534911461564 45.064765134218185, 38.97877724735353 45.077220359226736, 38.995764723111115 45.08135068110613, 39.00932406613083 45.073027279859986, 39.00589593339294 45.060571141012346, 38.988908457635354 45.05643931724932, 38.97534911461564 45.064765134218185))", "population": 25000.0, "Pedestrian traffic": 58000.0, "car traffic": 39000.0, "poi_count": 84 }, "geometry": { "type": "Point", "coordinates": [ 4342101.007246166467667, 5631980.713810012675822 ] } },
{ "type": "Feature", "properties": { "ID": 212542, "Address": "Зиповская улица, 37", "Square": "50", "Rating": 4.956, "lat": 45.06319, "long": 39.008973, "index_right": 43.0, "id": 44.0, "geometry_y": "POLYGON ((39.00589593339294 45.06057114101235, 39.00932406613083 45.073027279859986, 39.02631154188843 45.07715790482462, 39.03987088490814 45.068833892825154, 39.03644275217026 45.056376840138114, 39.019455276412664 45.05224471328934, 39.00589593339294 45.06057114101235))", "population": 85000.0, "Pedestrian traffic": 78000.0, "car traffic": 34000.0, "poi_count": 79 }, "geometry": { "type": "Point", "coordinates": [ 4342459.010728557594121, 5631474.950156423263252 ] } },
{ "type": "Feature", "properties": { "ID": 50015344, "Address": "Московская улица, 77/2", "Square": "90", "Rating": 4.999, "lat": 45.066959, "long": 39.001005, "index_right": 36.0, "id": 37.0, "geometry_y": "POLYGON ((38.97534911461564 45.064765134218185, 38.97877724735353 45.077220359226736, 38.995764723111115 45.08135068110613, 39.00932406613083 45.073027279859986, 39.00589593339294 45.060571141012346, 38.988908457635354 45.05643931724932, 38.97534911461564 45.064765134218185))", "population": 25000.0, "Pedestrian traffic": 58000.0, "car traffic": 39000.0, "poi_count": 58 }, "geometry": { "type": "Point", "coordinates": [ 4341572.017025916837156, 5632068.977126628160477 ] } },
{ "type": "Feature", "properties": { "ID": 50008314, "Address": "Московская улица, 67", "Square": "45.4", "Rating": 4.998, "lat": 45.063668, "long": 39.001445, "index_right": 36.0, "id": 37.0, "geometry_y": "POLYGON ((38.97534911461564 45.064765134218185, 38.97877724735353 45.077220359226736, 38.995764723111115 45.08135068110613, 39.00932406613083 45.073027279859986, 39.00589593339294 45.060571141012346, 38.988908457635354 45.05643931724932, 38.97534911461564 45.064765134218185))", "population": 25000.0, "Pedestrian traffic": 58000.0, "car traffic": 39000.0, "poi_count": 135 }, "geometry": { "type": "Point", "coordinates": [ 4341620.997601865790784, 5631550.284918611869216 ] } },
{ "type": "Feature", "properties": { "ID": 50002618, "Address": "Зиповская улица, 16", "Square": "80", "Rating": 4.999, "lat": 45.062159, "long": 39.004922, "index_right": 36.0, "id": 37.0, "geometry_y": "POLYGON ((38.97534911461564 45.064765134218185, 38.97877724735353 45.077220359226736, 38.995764723111115 45.08135068110613, 39.00932406613083 45.073027279859986, 39.00589593339294 45.060571141012346, 38.988908457635354 45.05643931724932, 38.97534911461564 45.064765134218185))", "population": 25000.0, "Pedestrian traffic": 58000.0, "car traffic": 39000.0, "poi_count": 113 }, "geometry": { "type": "Point", "coordinates": [ 4342008.055471354164183, 5631312.462468615733087 ] } },
{ "type": "Feature", "properties": { "ID": 319831, "Address": "Зиповская улица, 20", "Square": "69.2", "Rating": 5.0, "lat": 45.062184, "long": 39.005353, "index_right": 36.0, "id": 37.0, "geometry_y": "POLYGON ((38.97534911461564 45.064765134218185, 38.97877724735353 45.077220359226736, 38.995764723111115 45.08135068110613, 39.00932406613083 45.073027279859986, 39.00589593339294 45.060571141012346, 38.988908457635354 45.05643931724932, 38.97534911461564 45.064765134218185))", "population": 25000.0, "Pedestrian traffic": 58000.0, "car traffic": 39000.0, "poi_count": 108 }, "geometry": { "type": "Point", "coordinates": [ 4342056.034171885810792, 5631316.402484577149153 ] } },
{ "type": "Feature", "properties": { "ID": 142678, "Address": "Московская улица, 46", "Square": "52", "Rating": 5.0, "lat": 45.060707, "long": 39.002586, "index_right": 36.0, "id": 37.0, "geometry_y": "POLYGON ((38.97534911461564 45.064765134218185, 38.97877724735353 45.077220359226736, 38.995764723111115 45.08135068110613, 39.00932406613083 45.073027279859986, 39.00589593339294 45.060571141012346, 38.988908457635354 45.05643931724932, 38.97534911461564 45.064765134218185))", "population": 25000.0, "Pedestrian traffic": 58000.0, "car traffic": 39000.0, "poi_count": 100 }, "geometry": { "type": "Point", "coordinates": [ 4341748.013140860944986, 5631083.629297482781112 ] } },
{ "type": "Feature", "properties": { "ID": 141151, "Address": "Зиповская улица, 34к1", "Square": "38", "Rating": 4.93, "lat": 45.062012, "long": 39.008461, "index_right": 43.0, "id": 44.0, "geometry_y": "POLYGON ((39.00589593339294 45.06057114101235, 39.00932406613083 45.073027279859986, 39.02631154188843 45.07715790482462, 39.03987088490814 45.068833892825154, 39.03644275217026 45.056376840138114, 39.019455276412664 45.05224471328934, 39.00589593339294 45.06057114101235))", "population": 85000.0, "Pedestrian traffic": 78000.0, "car traffic": 34000.0, "poi_count": 52 }, "geometry": { "type": "Point", "coordinates": [ 4342402.015149271115661, 5631289.295209616422653 ] } },
{ "type": "Feature", "properties": { "ID": 307325, "Address": "Зиповская улица, 36к1", "Square": "50", "Rating": 4.954, "lat": 45.062146, "long": 39.009611, "index_right": 43.0, "id": 44.0, "geometry_y": "POLYGON ((39.00589593339294 45.06057114101235, 39.00932406613083 45.073027279859986, 39.02631154188843 45.07715790482462, 39.03987088490814 45.068833892825154, 39.03644275217026 45.056376840138114, 39.019455276412664 45.05224471328934, 39.00589593339294 45.06057114101235))", "population": 85000.0, "Pedestrian traffic": 78000.0, "car traffic": 34000.0, "poi_count": 59 }, "geometry": { "type": "Point", "coordinates": [ 4342530.032563683576882, 5631310.413660997524858 ] } },
{ "type": "Feature", "properties": { "ID": 313139, "Address": "Зиповская улица, 38", "Square": "51", "Rating": 4.982, "lat": 45.062171, "long": 39.011569, "index_right": 43.0, "id": 44.0, "geometry_y": "POLYGON ((39.00589593339294 45.06057114101235, 39.00932406613083 45.073027279859986, 39.02631154188843 45.07715790482462, 39.03987088490814 45.068833892825154, 39.03644275217026 45.056376840138114, 39.019455276412664 45.05224471328934, 39.00589593339294 45.06057114101235))", "population": 85000.0, "Pedestrian traffic": 78000.0, "car traffic": 34000.0, "poi_count": 55 }, "geometry": { "type": "Point", "coordinates": [ 4342747.996126657351851, 5631314.353676062077284 ] } },
{ "type": "Feature", "properties": { "ID": 50015132, "Address": "Зиповская улица, 42", "Square": "71.3", "Rating": 4.996, "lat": 45.060491, "long": 39.011794, "index_right": 43.0, "id": 44.0, "geometry_y": "POLYGON ((39.00589593339294 45.06057114101235, 39.00932406613083 45.073027279859986, 39.02631154188843 45.07715790482462, 39.03987088490814 45.068833892825154, 39.03644275217026 45.056376840138114, 39.019455276412664 45.05224471328934, 39.00589593339294 45.06057114101235))", "population": 85000.0, "Pedestrian traffic": 78000.0, "car traffic": 34000.0, "poi_count": 23 }, "geometry": { "type": "Point", "coordinates": [ 4342773.043012085370719, 5631049.588495860807598 ] } },
{ "type": "Feature", "properties": { "ID": 50015722, "Address": "Российская улица, 79/3к1", "Square": "63", "Rating": 4.862, "lat": 45.060331, "long": 39.014471, "index_right": 43.0, "id": 44.0, "geometry_y": "POLYGON ((39.00589593339294 45.06057114101235, 39.00932406613083 45.073027279859986, 39.02631154188843 45.07715790482462, 39.03987088490814 45.068833892825154, 39.03644275217026 45.056376840138114, 39.019455276412664 45.05224471328934, 39.00589593339294 45.06057114101235))", "population": 85000.0, "Pedestrian traffic": 78000.0, "car traffic": 34000.0, "poi_count": 17 }, "geometry": { "type": "Point", "coordinates": [ 4343071.045288938097656, 5631024.373170163482428 ] } },
{ "type": "Feature", "properties": { "ID": 123745, "Address": "Российская улица, 79/3к2", "Square": "56.6", "Rating": 5.0, "lat": 45.06, "long": 39.015773, "index_right": 43.0, "id": 44.0, "geometry_y": "POLYGON ((39.00589593339294 45.06057114101235, 39.00932406613083 45.073027279859986, 39.02631154188843 45.07715790482462, 39.03987088490814 45.068833892825154, 39.03644275217026 45.056376840138114, 39.019455276412664 45.05224471328934, 39.00589593339294 45.06057114101235))", "population": 85000.0, "Pedestrian traffic": 78000.0, "car traffic": 34000.0, "poi_count": 13 }, "geometry": { "type": "Point", "coordinates": [ 4343215.983265952207148, 5630972.209189109504223 ] } },
{ "type": "Feature", "properties": { "ID": 142678, "Address": "Московская улица, 46", "Square": "52", "Rating": 5.0, "lat": 45.060707, "long": 39.002586, "index_right": 36.0, "id": 37.0, "geometry_y": "POLYGON ((38.97534911461564 45.064765134218185, 38.97877724735353 45.077220359226736, 38.995764723111115 45.08135068110613, 39.00932406613083 45.073027279859986, 39.00589593339294 45.060571141012346, 38.988908457635354 45.05643931724932, 38.97534911461564 45.064765134218185))", "population": 25000.0, "Pedestrian traffic": 58000.0, "car traffic": 39000.0, "poi_count": 100 }, "geometry": { "type": "Point", "coordinates": [ 4341748.013140860944986, 5631083.629297482781112 ] } },
{ "type": "Feature", "properties": { "ID": 50008314, "Address": "Московская улица, 67", "Square": "45.4", "Rating": 4.998, "lat": 45.063668, "long": 39.001445, "index_right": 36.0, "id": 37.0, "geometry_y": "POLYGON ((38.97534911461564 45.064765134218185, 38.97877724735353 45.077220359226736, 38.995764723111115 45.08135068110613, 39.00932406613083 45.073027279859986, 39.00589593339294 45.060571141012346, 38.988908457635354 45.05643931724932, 38.97534911461564 45.064765134218185))", "population": 25000.0, "Pedestrian traffic": 58000.0, "car traffic": 39000.0, "poi_count": 135 }, "geometry": { "type": "Point", "coordinates": [ 4341620.997601865790784, 5631550.284918611869216 ] } },
{ "type": "Feature", "properties": { "ID": 50015344, "Address": "Московская улица, 77/2", "Square": "90", "Rating": 4.999, "lat": 45.066959, "long": 39.001005, "index_right": 36.0, "id": 37.0, "geometry_y": "POLYGON ((38.97534911461564 45.064765134218185, 38.97877724735353 45.077220359226736, 38.995764723111115 45.08135068110613, 39.00932406613083 45.073027279859986, 39.00589593339294 45.060571141012346, 38.988908457635354 45.05643931724932, 38.97534911461564 45.064765134218185))", "population": 25000.0, "Pedestrian traffic": 58000.0, "car traffic": 39000.0, "poi_count": 58 }, "geometry": { "type": "Point", "coordinates": [ 4341572.017025916837156, 5632068.977126628160477 ] } },
{ "type": "Feature", "properties": { "ID": 110310, "Address": "улица имени 40-летия Победы, 33/6", "Square": "104", "Rating": 4.986, "lat": 45.058167, "long": 39.007868, "index_right": 35.0, "id": 36.0, "geometry_y": "POLYGON ((38.985480324897466 45.043979563877855, 38.988908457635354 45.05643931724932, 39.00589593339294 45.06057114101235, 39.019455276412664 45.05224471328934, 39.01602714367477 45.039784046077436, 38.99903966791718 45.03565072042854, 38.985480324897466 45.043979563877855))", "population": 25000.0, "Pedestrian traffic": 52000.0, "car traffic": 41000.0, "poi_count": 15 }, "geometry": { "type": "Point", "coordinates": [ 4342336.002691230736673, 5630683.342820919118822 ] } },
{ "type": "Feature", "properties": { "ID": 50022352, "Address": "улица имени 40-летия Победы, 33/8", "Square": "78", "Rating": 5.0, "lat": 45.057619, "long": 39.009593, "index_right": 35.0, "id": 36.0, "geometry_y": "POLYGON ((38.985480324897466 45.043979563877855, 38.988908457635354 45.05643931724932, 39.00589593339294 45.06057114101235, 39.019455276412664 45.05224471328934, 39.01602714367477 45.039784046077436, 38.99903966791718 45.03565072042854, 38.985480324897466 45.043979563877855))", "population": 25000.0, "Pedestrian traffic": 52000.0, "car traffic": 41000.0, "poi_count": 19 }, "geometry": { "type": "Point", "coordinates": [ 4342528.028812849894166, 5630596.98413357231766 ] } },
{ "type": "Feature", "properties": { "ID": 218499, "Address": "улица имени 40-летия Победы, 60", "Square": "45", "Rating": 4.975, "lat": 45.05499, "long": 39.009476, "index_right": 35.0, "id": 36.0, "geometry_y": "POLYGON ((38.985480324897466 45.043979563877855, 38.988908457635354 45.05643931724932, 39.00589593339294 45.06057114101235, 39.019455276412664 45.05224471328934, 39.01602714367477 45.039784046077436, 38.99903966791718 45.03565072042854, 38.985480324897466 45.043979563877855))", "population": 25000.0, "Pedestrian traffic": 52000.0, "car traffic": 41000.0, "poi_count": 17 }, "geometry": { "type": "Point", "coordinates": [ 4342515.004432425834239, 5630182.694567654281855 ] } },
{ "type": "Feature", "properties": { "ID": 50012770, "Address": "улица имени 40-летия Победы, 18", "Square": "34", "Rating": 4.882, "lat": 45.054646, "long": 39.000735, "index_right": 35.0, "id": 36.0, "geometry_y": "POLYGON ((38.985480324897466 45.043979563877855, 38.988908457635354 45.05643931724932, 39.00589593339294 45.06057114101235, 39.019455276412664 45.05224471328934, 39.01602714367477 45.039784046077436, 38.99903966791718 45.03565072042854, 38.985480324897466 45.043979563877855))", "population": 25000.0, "Pedestrian traffic": 52000.0, "car traffic": 41000.0, "poi_count": 52 }, "geometry": { "type": "Point", "coordinates": [ 4341541.960763402283192, 5630128.486919865943491 ] } },
{ "type": "Feature", "properties": { "ID": 50022393, "Address": "Московская улица, 28", "Square": "70", "Rating": 4.993, "lat": 45.05371, "long": 39.003044, "index_right": 35.0, "id": 36.0, "geometry_y": "POLYGON ((38.985480324897466 45.043979563877855, 38.988908457635354 45.05643931724932, 39.00589593339294 45.06057114101235, 39.019455276412664 45.05224471328934, 39.01602714367477 45.039784046077436, 38.99903966791718 45.03565072042854, 38.985480324897466 45.043979563877855))", "population": 25000.0, "Pedestrian traffic": 52000.0, "car traffic": 41000.0, "poi_count": 56 }, "geometry": { "type": "Point", "coordinates": [ 4341798.997467644512653, 5629980.993342821486294 ] } },
{ "type": "Feature", "properties": { "ID": 50014197, "Address": "Армавирский проезд, 19", "Square": "52.8", "Rating": 4.902, "lat": 45.05164, "long": 39.007976, "index_right": 35.0, "id": 36.0, "geometry_y": "POLYGON ((38.985480324897466 45.043979563877855, 38.988908457635354 45.05643931724932, 39.00589593339294 45.06057114101235, 39.019455276412664 45.05224471328934, 39.01602714367477 45.039784046077436, 38.99903966791718 45.03565072042854, 38.985480324897466 45.043979563877855))", "population": 25000.0, "Pedestrian traffic": 52000.0, "car traffic": 41000.0, "poi_count": 5 }, "geometry": { "type": "Point", "coordinates": [ 4342348.025196236558259, 5629654.814196828752756 ] } },
{ "type": "Feature", "properties": { "ID": 168833, "Address": "улица Красных Зорь, 27", "Square": "52", "Rating": 4.988, "lat": 45.050571, "long": 39.006673, "index_right": 35.0, "id": 36.0, "geometry_y": "POLYGON ((38.985480324897466 45.043979563877855, 38.988908457635354 45.05643931724932, 39.00589593339294 45.06057114101235, 39.019455276412664 45.05224471328934, 39.01602714367477 45.039784046077436, 38.99903966791718 45.03565072042854, 38.985480324897466 45.043979563877855))", "population": 25000.0, "Pedestrian traffic": 52000.0, "car traffic": 41000.0, "poi_count": 13 }, "geometry": { "type": "Point", "coordinates": [ 4342202.975899732671678, 5629486.371714549139142 ] } },
{ "type": "Feature", "properties": { "ID": 50007861, "Address": "улица Чернышевского, 36", "Square": "60", "Rating": 4.986, "lat": 45.045565, "long": 39.00979, "index_right": 35.0, "id": 36.0, "geometry_y": "POLYGON ((38.985480324897466 45.043979563877855, 38.988908457635354 45.05643931724932, 39.00589593339294 45.06057114101235, 39.019455276412664 45.05224471328934, 39.01602714367477 45.039784046077436, 38.99903966791718 45.03565072042854, 38.985480324897466 45.043979563877855))", "population": 25000.0, "Pedestrian traffic": 52000.0, "car traffic": 41000.0, "poi_count": 7 }, "geometry": { "type": "Point", "coordinates": [ 4342549.958752535283566, 5628697.617469592951238 ] } },
{ "type": "Feature", "properties": { "ID": 50001931, "Address": "Первомайская улица, 44", "Square": "75", "Rating": 4.873, "lat": 45.046788, "long": 39.015495, "index_right": 35.0, "id": 36.0, "geometry_y": "POLYGON ((38.985480324897466 45.043979563877855, 38.988908457635354 45.05643931724932, 39.00589593339294 45.06057114101235, 39.019455276412664 45.05224471328934, 39.01602714367477 45.039784046077436, 38.99903966791718 45.03565072042854, 38.985480324897466 45.043979563877855))", "population": 25000.0, "Pedestrian traffic": 52000.0, "car traffic": 41000.0, "poi_count": 20 }, "geometry": { "type": "Point", "coordinates": [ 4343185.036447511054575, 5628890.309148185886443 ] } },
{ "type": "Feature", "properties": { "ID": 314956, "Address": "Весенняя улица, 22", "Square": "50", "Rating": 5.0, "lat": 45.050908, "long": 39.023058, "index_right": 42.0, "id": 43.0, "geometry_y": "POLYGON ((39.01602714367477 45.039784046077436, 39.01945527641265 45.05224471328934, 39.036442752170245 45.056376840138114, 39.05000209518996 45.04804980166078, 39.04657396245207 45.03558822060822, 39.02958648669448 45.031454591873235, 39.01602714367477 45.039784046077436))", "population": 25000.0, "Pedestrian traffic": 41000.0, "car traffic": 42000.0, "poi_count": 19 }, "geometry": { "type": "Point", "coordinates": [ 4344026.945756380446255, 5629539.472512745298445 ] } },
{ "type": "Feature", "properties": { "ID": 141272, "Address": "Российская улица, 72/2", "Square": "51", "Rating": 4.905, "lat": 45.05215, "long": 39.01995, "index_right": 42.0, "id": 43.0, "geometry_y": "POLYGON ((39.01602714367477 45.039784046077436, 39.01945527641265 45.05224471328934, 39.036442752170245 45.056376840138114, 39.05000209518996 45.04804980166078, 39.04657396245207 45.03558822060822, 39.02958648669448 45.031454591873235, 39.01602714367477 45.039784046077436))", "population": 25000.0, "Pedestrian traffic": 41000.0, "car traffic": 42000.0, "poi_count": 56 }, "geometry": { "type": "Point", "coordinates": [ 4343680.964778995141387, 5629735.176078795455396 ] } },
{ "type": "Feature", "properties": { "ID": 215578, "Address": "Российская улица, 72/1к1", "Square": "74.2", "Rating": 4.982, "lat": 45.052716, "long": 39.017956, "index_right": 35.0, "id": 36.0, "geometry_y": "POLYGON ((38.985480324897466 45.043979563877855, 38.988908457635354 45.05643931724932, 39.00589593339294 45.06057114101235, 39.019455276412664 45.05224471328934, 39.01602714367477 45.039784046077436, 38.99903966791718 45.03565072042854, 38.985480324897466 45.043979563877855))", "population": 25000.0, "Pedestrian traffic": 52000.0, "car traffic": 41000.0, "poi_count": 74 }, "geometry": { "type": "Point", "coordinates": [ 4343458.993714353069663, 5629824.362849525175989 ] } },
{ "type": "Feature", "properties": { "ID": 50035925, "Address": "Российская улица, 63", "Square": "77", "Rating": 4.996, "lat": 45.053277, "long": 39.016968, "index_right": 35.0, "id": 36.0, "geometry_y": "POLYGON ((38.985480324897466 45.043979563877855, 38.988908457635354 45.05643931724932, 39.00589593339294 45.06057114101235, 39.019455276412664 45.05224471328934, 39.01602714367477 45.039784046077436, 38.99903966791718 45.03565072042854, 38.985480324897466 45.043979563877855))", "population": 25000.0, "Pedestrian traffic": 52000.0, "car traffic": 41000.0, "poi_count": 83 }, "geometry": { "type": "Point", "coordinates": [ 4343349.01005744934082, 5629912.762622254900634 ] } },
{ "type": "Feature", "properties": { "ID": 320015, "Address": "улица Достоевского, 84", "Square": "85", "Rating": 4.996, "lat": 45.053194, "long": 39.015854, "index_right": 35.0, "id": 36.0, "geometry_y": "POLYGON ((38.985480324897466 45.043979563877855, 38.988908457635354 45.05643931724932, 39.00589593339294 45.06057114101235, 39.019455276412664 45.05224471328934, 39.01602714367477 45.039784046077436, 38.99903966791718 45.03565072042854, 38.985480324897466 45.043979563877855))", "population": 25000.0, "Pedestrian traffic": 52000.0, "car traffic": 41000.0, "poi_count": 76 }, "geometry": { "type": "Point", "coordinates": [ 4343225.000144705176353, 5629899.683813342824578 ] } },
{ "type": "Feature", "properties": { "ID": 140070, "Address": "Российская улица, 74к2", "Square": "77", "Rating": 4.953, "lat": 45.054633, "long": 39.018845, "index_right": 43.0, "id": 44.0, "geometry_y": "POLYGON ((39.00589593339294 45.06057114101235, 39.00932406613083 45.073027279859986, 39.02631154188843 45.07715790482462, 39.03987088490814 45.068833892825154, 39.03644275217026 45.056376840138114, 39.019455276412664 45.05224471328934, 39.00589593339294 45.06057114101235))", "population": 85000.0, "Pedestrian traffic": 78000.0, "car traffic": 34000.0, "poi_count": 114 }, "geometry": { "type": "Point", "coordinates": [ 4343557.956741668283939, 5630126.438381431624293 ] } },
{ "type": "Feature", "properties": { "ID": 996, "Address": "улица имени 40-летия Победы, 144Б", "Square": "75", "Rating": 4.981, "lat": 45.055314, "long": 39.018459, "index_right": 43.0, "id": 44.0, "geometry_y": "POLYGON ((39.00589593339294 45.06057114101235, 39.00932406613083 45.073027279859986, 39.02631154188843 45.07715790482462, 39.03987088490814 45.068833892825154, 39.03644275217026 45.056376840138114, 39.019455276412664 45.05224471328934, 39.00589593339294 45.06057114101235))", "population": 85000.0, "Pedestrian traffic": 78000.0, "car traffic": 34000.0, "poi_count": 103 }, "geometry": { "type": "Point", "coordinates": [ 4343514.987418222241104, 5630233.750906214118004 ] } },
{ "type": "Feature", "properties": { "ID": 50006347, "Address": "улица имени 40-летия Победы, 63", "Square": "113", "Rating": 4.985, "lat": 45.056308, "long": 39.018055, "index_right": 43.0, "id": 44.0, "geometry_y": "POLYGON ((39.00589593339294 45.06057114101235, 39.00932406613083 45.073027279859986, 39.02631154188843 45.07715790482462, 39.03987088490814 45.068833892825154, 39.03644275217026 45.056376840138114, 39.019455276412664 45.05224471328934, 39.00589593339294 45.06057114101235))", "population": 85000.0, "Pedestrian traffic": 78000.0, "car traffic": 34000.0, "poi_count": 85 }, "geometry": { "type": "Point", "coordinates": [ 4343470.014343941584229, 5630390.388515399768949 ] } },
{ "type": "Feature", "properties": { "ID": 308958, "Address": "улица 1 Мая, 101", "Square": "54", "Rating": 4.998, "lat": 45.057339, "long": 39.022277, "index_right": 43.0, "id": 44.0, "geometry_y": "POLYGON ((39.00589593339294 45.06057114101235, 39.00932406613083 45.073027279859986, 39.02631154188843 45.07715790482462, 39.03987088490814 45.068833892825154, 39.03644275217026 45.056376840138114, 39.019455276412664 45.05224471328934, 39.00589593339294 45.06057114101235))", "population": 85000.0, "Pedestrian traffic": 78000.0, "car traffic": 34000.0, "poi_count": 70 }, "geometry": { "type": "Point", "coordinates": [ 4343940.005234071053565, 5630552.859576299786568 ] } },
{ "type": "Feature", "properties": { "ID": 125077, "Address": "Урюковая улица, 12", "Square": "40", "Rating": 5.0, "lat": 45.028687, "long": 38.946432, "index_right": 19.0, "id": 20.0, "geometry_y": "POLYGON ((38.93451789762468 45.031579600474664, 38.93794603036256 45.04404205453261, 38.954933506120156 45.048174774009524, 38.96849284913987 45.03984654131497, 38.96506471640198 45.02738317341601, 38.94807724064439 45.023248952052285, 38.93451789762468 45.031579600474664))", "population": 12000.0, "Pedestrian traffic": 35000.0, "car traffic": 35000.0, "poi_count": 0 }, "geometry": { "type": "Point", "coordinates": [ 4335496.978454855270684, 5626038.79837645124644 ] } },
{ "type": "Feature", "properties": { "ID": 50012899, "Address": "улица Тургеневское шоссе, 2", "Square": "30", "Rating": 5.0, "lat": 45.027139, "long": 38.945866, "index_right": 19.0, "id": 20.0, "geometry_y": "POLYGON ((38.93451789762468 45.031579600474664, 38.93794603036256 45.04404205453261, 38.954933506120156 45.048174774009524, 38.96849284913987 45.03984654131497, 38.96506471640198 45.02738317341601, 38.94807724064439 45.023248952052285, 38.93451789762468 45.031579600474664))", "population": 12000.0, "Pedestrian traffic": 35000.0, "car traffic": 35000.0, "poi_count": 0 }, "geometry": { "type": "Point", "coordinates": [ 4335433.971623066812754, 5625794.978646858595312 ] } },
{ "type": "Feature", "properties": { "ID": 50005687, "Address": "Красная улица, 1/1", "Square": "44.5", "Rating": 4.801, "lat": 45.029464, "long": 38.941833, "index_right": 19.0, "id": 20.0, "geometry_y": "POLYGON ((38.93451789762468 45.031579600474664, 38.93794603036256 45.04404205453261, 38.954933506120156 45.048174774009524, 38.96849284913987 45.03984654131497, 38.96506471640198 45.02738317341601, 38.94807724064439 45.023248952052285, 38.93451789762468 45.031579600474664))", "population": 12000.0, "Pedestrian traffic": 35000.0, "car traffic": 35000.0, "poi_count": 0 }, "geometry": { "type": "Point", "coordinates": [ 4334985.020116697065532, 5626161.183245662599802 ] } },
{ "type": "Feature", "properties": { "ID": 159686, "Address": "Красная улица, 48", "Square": "61", "Rating": 4.984, "lat": 45.023921, "long": 38.93691, "index_right": 10.0, "id": 11.0, "geometry_y": "POLYGON ((38.91410228912919 45.01497961360971, 38.917530421867085 45.02744568219711, 38.93451789762467 45.031579600474664, 38.94807724064439 45.023248952052285, 38.9446491079065 45.01078196962335, 38.92766163214891 45.006646549458154, 38.91410228912919 45.01497961360971))", "population": null, "Pedestrian traffic": null, "car traffic": null, "poi_count": 0 }, "geometry": { "type": "Point", "coordinates": [ 4334436.994263521395624, 5625288.144520663656294 ] } },
{ "type": "Feature", "properties": { "ID": 50027530, "Address": "Красная улица, 31", "Square": "30", "Rating": 4.963, "lat": 45.022972, "long": 38.969204, "index_right": 18.0, "id": 19.0, "geometry_y": "POLYGON ((38.9446491079065 45.01078196962335, 38.94807724064439 45.023248952052285, 38.96506471640198 45.02738317341601, 38.9786240594217 45.01905191423844, 38.97519592668381 45.0065840179679, 38.958208450926215 45.0024482947164, 38.9446491079065 45.01078196962335))", "population": 20000.0, "Pedestrian traffic": 46000.0, "car traffic": 29000.0, "poi_count": 161 }, "geometry": { "type": "Point", "coordinates": [ 4338031.945899199694395, 5625138.682718172669411 ] } },
{ "type": "Feature", "properties": { "ID": 205211, "Address": "Бжегокайская улица, 2/1", "Square": "50", "Rating": 4.979, "lat": 45.024476, "long": 38.928538, "index_right": 10.0, "id": 11.0, "geometry_y": "POLYGON ((38.91410228912919 45.01497961360971, 38.917530421867085 45.02744568219711, 38.93451789762467 45.031579600474664, 38.94807724064439 45.023248952052285, 38.9446491079065 45.01078196962335, 38.92766163214891 45.006646549458154, 38.91410228912919 45.01497961360971))", "population": null, "Pedestrian traffic": null, "car traffic": null, "poi_count": 0 }, "geometry": { "type": "Point", "coordinates": [ 4333505.027486600913107, 5625375.554836805909872 ] } },
{ "type": "Feature", "properties": { "ID": 205295, "Address": "Бжегокайская улица, 19к1", "Square": "50", "Rating": 4.865, "lat": 45.021609, "long": 38.925106, "index_right": 10.0, "id": 11.0, "geometry_y": "POLYGON ((38.91410228912919 45.01497961360971, 38.917530421867085 45.02744568219711, 38.93451789762467 45.031579600474664, 38.94807724064439 45.023248952052285, 38.9446491079065 45.01078196962335, 38.92766163214891 45.006646549458154, 38.91410228912919 45.01497961360971))", "population": null, "Pedestrian traffic": null, "car traffic": null, "poi_count": 0 }, "geometry": { "type": "Point", "coordinates": [ 4333122.978994198143482, 5624924.022735686041415 ] } },
{ "type": "Feature", "properties": { "ID": 307145, "Address": "Бжегокайская улица, 56", "Square": "53", "Rating": 5.0, "lat": 45.019411, "long": 38.919608, "index_right": 10.0, "id": 11.0, "geometry_y": "POLYGON ((38.91410228912919 45.01497961360971, 38.917530421867085 45.02744568219711, 38.93451789762467 45.031579600474664, 38.94807724064439 45.023248952052285, 38.9446491079065 45.01078196962335, 38.92766163214891 45.006646549458154, 38.91410228912919 45.01497961360971))", "population": null, "Pedestrian traffic": null, "car traffic": null, "poi_count": 0 }, "geometry": { "type": "Point", "coordinates": [ 4332510.944433815777302, 5624577.868686777539551 ] } },
{ "type": "Feature", "properties": { "ID": 122573, "Address": "Бжегокайская улица, 31/4к2", "Square": "54", "Rating": 4.939, "lat": 45.01483, "long": 38.916276, "index_right": 10.0, "id": 11.0, "geometry_y": "POLYGON ((38.91410228912919 45.01497961360971, 38.917530421867085 45.02744568219711, 38.93451789762467 45.031579600474664, 38.94807724064439 45.023248952052285, 38.9446491079065 45.01078196962335, 38.92766163214891 45.006646549458154, 38.91410228912919 45.01497961360971))", "population": null, "Pedestrian traffic": null, "car traffic": null, "poi_count": 0 }, "geometry": { "type": "Point", "coordinates": [ 4332140.027890493161976, 5623856.468399445526302 ] } },
{ "type": "Feature", "properties": { "ID": 306618, "Address": "Бжегокайская улица, 31/9к1", "Square": "96.6", "Rating": 4.993, "lat": 45.015206, "long": 38.915737, "index_right": 10.0, "id": 11.0, "geometry_y": "POLYGON ((38.91410228912919 45.01497961360971, 38.917530421867085 45.02744568219711, 38.93451789762467 45.031579600474664, 38.94807724064439 45.023248952052285, 38.9446491079065 45.01078196962335, 38.92766163214891 45.006646549458154, 38.91410228912919 45.01497961360971))", "population": null, "Pedestrian traffic": null, "car traffic": null, "poi_count": 0 }, "geometry": { "type": "Point", "coordinates": [ 4332080.026684955693781, 5623915.677425613626838 ] } },
{ "type": "Feature", "properties": { "ID": 50022727, "Address": "Бжегокайская улица, 88/1", "Square": "71.75", "Rating": 4.999, "lat": 45.01627, "long": 38.913087, "index_right": 3.0, "id": 4.0, "geometry_y": "POLYGON ((38.883555470351894 45.01917694992701, 38.886983603089774 45.03164210467298, 38.90397107884738 45.035775719864404, 38.917530421867085 45.02744568219711, 38.914102289129204 45.01497961360971, 38.89711481337161 45.010844496530815, 38.883555470351894 45.01917694992701))", "population": 15000.0, "Pedestrian traffic": 11000.0, "car traffic": 3800.0, "poi_count": 0 }, "geometry": { "type": "Point", "coordinates": [ 4331785.030034353025258, 5624083.228478639386594 ] } },
{ "type": "Feature", "properties": { "ID": 159308, "Address": "Береговая улица, 1А", "Square": "94", "Rating": 4.999, "lat": 45.021972, "long": 38.944968, "index_right": 10.0, "id": 11.0, "geometry_y": "POLYGON ((38.91410228912919 45.01497961360971, 38.917530421867085 45.02744568219711, 38.93451789762467 45.031579600474664, 38.94807724064439 45.023248952052285, 38.9446491079065 45.01078196962335, 38.92766163214891 45.006646549458154, 38.91410228912919 45.01497961360971))", "population": null, "Pedestrian traffic": null, "car traffic": null, "poi_count": 0 }, "geometry": { "type": "Point", "coordinates": [ 4335334.006720334291458, 5624981.191402687691152 ] } },
{ "type": "Feature", "properties": { "ID": 309818, "Address": "Береговая улица, 1/8", "Square": "68", "Rating": 4.993, "lat": 45.020882, "long": 38.944833, "index_right": 10.0, "id": 11.0, "geometry_y": "POLYGON ((38.91410228912919 45.01497961360971, 38.917530421867085 45.02744568219711, 38.93451789762467 45.031579600474664, 38.94807724064439 45.023248952052285, 38.9446491079065 45.01078196962335, 38.92766163214891 45.006646549458154, 38.91410228912919 45.01497961360971))", "population": null, "Pedestrian traffic": null, "car traffic": null, "poi_count": 0 }, "geometry": { "type": "Point", "coordinates": [ 4335318.978589076548815, 5624809.529002135619521 ] } },
{ "type": "Feature", "properties": { "ID": 305288, "Address": "Береговая улица, 3с3", "Square": "67", "Rating": 4.929, "lat": 45.019494, "long": 38.943324, "index_right": 10.0, "id": 11.0, "geometry_y": "POLYGON ((38.91410228912919 45.01497961360971, 38.917530421867085 45.02744568219711, 38.93451789762467 45.031579600474664, 38.94807724064439 45.023248952052285, 38.9446491079065 45.01078196962335, 38.92766163214891 45.006646549458154, 38.91410228912919 45.01497961360971))", "population": null, "Pedestrian traffic": null, "car traffic": null, "poi_count": 0 }, "geometry": { "type": "Point", "coordinates": [ 4335150.997477469034493, 5624590.939776591025293 ] } },
{ "type": "Feature", "properties": { "ID": 50010262, "Address": "улица Северная Дамба, 9", "Square": "44.5", "Rating": 4.983, "lat": 45.015537, "long": 38.94274, "index_right": 10.0, "id": 11.0, "geometry_y": "POLYGON ((38.91410228912919 45.01497961360971, 38.917530421867085 45.02744568219711, 38.93451789762467 45.031579600474664, 38.94807724064439 45.023248952052285, 38.9446491079065 45.01078196962335, 38.92766163214891 45.006646549458154, 38.91410228912919 45.01497961360971))", "population": null, "Pedestrian traffic": null, "car traffic": null, "poi_count": 0 }, "geometry": { "type": "Point", "coordinates": [ 4335085.986894846893847, 5623967.800586896017194 ] } },
{ "type": "Feature", "properties": { "ID": 50000939, "Address": "Абрикосовая улица, 111", "Square": "68.3", "Rating": 4.994, "lat": 45.024565, "long": 38.947052, "index_right": 19.0, "id": 20.0, "geometry_y": "POLYGON ((38.93451789762468 45.031579600474664, 38.93794603036256 45.04404205453261, 38.954933506120156 45.048174774009524, 38.96849284913987 45.03984654131497, 38.96506471640198 45.02738317341601, 38.94807724064439 45.023248952052285, 38.93451789762468 45.031579600474664))", "population": 12000.0, "Pedestrian traffic": 35000.0, "car traffic": 35000.0, "poi_count": 0 }, "geometry": { "type": "Point", "coordinates": [ 4335565.996539146639407, 5625389.57206544559449 ] } },
{ "type": "Feature", "properties": { "ID": 50012977, "Address": "Солнечная улица, 47/1", "Square": "48.3", "Rating": 4.957, "lat": 45.005902, "long": 38.938114, "index_right": 9.0, "id": 10.0, "geometry_y": "POLYGON ((38.92423349941102 44.994175952498026, 38.92766163214891 45.006646549458154, 38.9446491079065 45.01078196962335, 38.958208450926215 45.00244829471641, 38.95478031818832 44.989976783914535, 38.93779284243074 44.98583986186137, 38.92423349941102 44.994175952498026))", "population": 800.0, "Pedestrian traffic": 1800.0, "car traffic": 350.0, "poi_count": 0 }, "geometry": { "type": "Point", "coordinates": [ 4334571.022930436767638, 5622450.683160031214356 ] } },
{ "type": "Feature", "properties": { "ID": 147107, "Address": "улица А. Чуца, 25Б", "Square": "60", "Rating": 4.998, "lat": 45.00543, "long": 38.939695, "index_right": 9.0, "id": 10.0, "geometry_y": "POLYGON ((38.92423349941102 44.994175952498026, 38.92766163214891 45.006646549458154, 38.9446491079065 45.01078196962335, 38.958208450926215 45.00244829471641, 38.95478031818832 44.989976783914535, 38.93779284243074 44.98583986186137, 38.92423349941102 44.994175952498026))", "population": 800.0, "Pedestrian traffic": 1800.0, "car traffic": 350.0, "poi_count": 0 }, "geometry": { "type": "Point", "coordinates": [ 4334747.019045380875468, 5622376.369070844724774 ] } },
{ "type": "Feature", "properties": { "ID": 50013903, "Address": "улица Тургеневское шоссе, 33/7", "Square": "72", "Rating": 4.996, "lat": 44.999044, "long": 38.927262, "index_right": 9.0, "id": 10.0, "geometry_y": "POLYGON ((38.92423349941102 44.994175952498026, 38.92766163214891 45.006646549458154, 38.9446491079065 45.01078196962335, 38.958208450926215 45.00244829471641, 38.95478031818832 44.989976783914535, 38.93779284243074 44.98583986186137, 38.92423349941102 44.994175952498026))", "population": 800.0, "Pedestrian traffic": 1800.0, "car traffic": 350.0, "poi_count": 0 }, "geometry": { "type": "Point", "coordinates": [ 4333362.983816348016262, 5621370.984813483431935 ] } },
{ "type": "Feature", "properties": { "ID": 158196, "Address": "улица Тургеневское шоссе, 33/1к1", "Square": "65", "Rating": 4.986, "lat": 44.999248, "long": 38.926517, "index_right": 9.0, "id": 10.0, "geometry_y": "POLYGON ((38.92423349941102 44.994175952498026, 38.92766163214891 45.006646549458154, 38.9446491079065 45.01078196962335, 38.958208450926215 45.00244829471641, 38.95478031818832 44.989976783914535, 38.93779284243074 44.98583986186137, 38.92423349941102 44.994175952498026))", "population": 800.0, "Pedestrian traffic": 1800.0, "car traffic": 350.0, "poi_count": 0 }, "geometry": { "type": "Point", "coordinates": [ 4333280.050795706920326, 5621403.099959670566022 ] } },
{ "type": "Feature", "properties": { "ID": 145791, "Address": "Шоссейная улица, 63к11", "Square": "58", "Rating": 4.988, "lat": 45.001237, "long": 38.93143, "index_right": 9.0, "id": 10.0, "geometry_y": "POLYGON ((38.92423349941102 44.994175952498026, 38.92766163214891 45.006646549458154, 38.9446491079065 45.01078196962335, 38.958208450926215 45.00244829471641, 38.95478031818832 44.989976783914535, 38.93779284243074 44.98583986186137, 38.92423349941102 44.994175952498026))", "population": 800.0, "Pedestrian traffic": 1800.0, "car traffic": 350.0, "poi_count": 0 }, "geometry": { "type": "Point", "coordinates": [ 4333826.963453974574804, 5621716.228627415373921 ] } },
{ "type": "Feature", "properties": { "ID": 306795, "Address": "Шоссейная улица, 63к4", "Square": "50.1", "Rating": 4.996, "lat": 45.00146, "long": 38.931035, "index_right": 9.0, "id": 10.0, "geometry_y": "POLYGON ((38.92423349941102 44.994175952498026, 38.92766163214891 45.006646549458154, 38.9446491079065 45.01078196962335, 38.958208450926215 45.00244829471641, 38.95478031818832 44.989976783914535, 38.93779284243074 44.98583986186137, 38.92423349941102 44.994175952498026))", "population": 800.0, "Pedestrian traffic": 1800.0, "car traffic": 350.0, "poi_count": 0 }, "geometry": { "type": "Point", "coordinates": [ 4333782.992255111224949, 5621751.33623970951885 ] } },
{ "type": "Feature", "properties": { "ID": 307049, "Address": "улица Гагарина, 192к3", "Square": "66", "Rating": 4.994, "lat": 45.000224, "long": 38.932329, "index_right": 9.0, "id": 10.0, "geometry_y": "POLYGON ((38.92423349941102 44.994175952498026, 38.92766163214891 45.006646549458154, 38.9446491079065 45.01078196962335, 38.958208450926215 45.00244829471641, 38.95478031818832 44.989976783914535, 38.93779284243074 44.98583986186137, 38.92423349941102 44.994175952498026))", "population": 800.0, "Pedestrian traffic": 1800.0, "car traffic": 350.0, "poi_count": 0 }, "geometry": { "type": "Point", "coordinates": [ 4333927.039676198735833, 5621556.750476535409689 ] } },
{ "type": "Feature", "properties": { "ID": 327314, "Address": "улица Гагарина, 190/3к4", "Square": "69", "Rating": 4.999, "lat": 44.998241, "long": 38.933362, "index_right": 9.0, "id": 10.0, "geometry_y": "POLYGON ((38.92423349941102 44.994175952498026, 38.92766163214891 45.006646549458154, 38.9446491079065 45.01078196962335, 38.958208450926215 45.00244829471641, 38.95478031818832 44.989976783914535, 38.93779284243074 44.98583986186137, 38.92423349941102 44.994175952498026))", "population": 800.0, "Pedestrian traffic": 1800.0, "car traffic": 350.0, "poi_count": 0 }, "geometry": { "type": "Point", "coordinates": [ 4334042.032710187137127, 5621244.571893017739058 ] } },
{ "type": "Feature", "properties": { "ID": 310558, "Address": "улица А. Чуца, 71/1", "Square": "55", "Rating": 4.971, "lat": 45.000682, "long": 38.938401, "index_right": 9.0, "id": 10.0, "geometry_y": "POLYGON ((38.92423349941102 44.994175952498026, 38.92766163214891 45.006646549458154, 38.9446491079065 45.01078196962335, 38.958208450926215 45.00244829471641, 38.95478031818832 44.989976783914535, 38.93779284243074 44.98583986186137, 38.92423349941102 44.994175952498026))", "population": 800.0, "Pedestrian traffic": 1800.0, "car traffic": 350.0, "poi_count": 0 }, "geometry": { "type": "Point", "coordinates": [ 4334602.971624294295907, 5621628.853773016482592 ] } },
{ "type": "Feature", "properties": { "ID": 50011963, "Address": "Майкопская улица, 10", "Square": "40", "Rating": 4.998, "lat": 45.001008, "long": 38.942731, "index_right": 9.0, "id": 10.0, "geometry_y": "POLYGON ((38.92423349941102 44.994175952498026, 38.92766163214891 45.006646549458154, 38.9446491079065 45.01078196962335, 38.958208450926215 45.00244829471641, 38.95478031818832 44.989976783914535, 38.93779284243074 44.98583986186137, 38.92423349941102 44.994175952498026))", "population": 800.0, "Pedestrian traffic": 1800.0, "car traffic": 350.0, "poi_count": 0 }, "geometry": { "type": "Point", "coordinates": [ 4335084.985019429586828, 5621680.176557895727456 ] } },
{ "type": "Feature", "properties": { "ID": 127647, "Address": "2-й Первомайский переулок, 15", "Square": "68", "Rating": 5.0, "lat": 44.997394, "long": 38.942713, "index_right": 9.0, "id": 10.0, "geometry_y": "POLYGON ((38.92423349941102 44.994175952498026, 38.92766163214891 45.006646549458154, 38.9446491079065 45.01078196962335, 38.958208450926215 45.00244829471641, 38.95478031818832 44.989976783914535, 38.93779284243074 44.98583986186137, 38.92423349941102 44.994175952498026))", "population": 800.0, "Pedestrian traffic": 1800.0, "car traffic": 350.0, "poi_count": 0 }, "geometry": { "type": "Point", "coordinates": [ 4335082.981268594972789, 5621111.234157002530992 ] } },
{ "type": "Feature", "properties": { "ID": 309369, "Address": "Шоссейная улица, 69/1к1", "Square": "116.6", "Rating": 4.981, "lat": 44.996833, "long": 38.939156, "index_right": 9.0, "id": 10.0, "geometry_y": "POLYGON ((38.92423349941102 44.994175952498026, 38.92766163214891 45.006646549458154, 38.9446491079065 45.01078196962335, 38.958208450926215 45.00244829471641, 38.95478031818832 44.989976783914535, 38.93779284243074 44.98583986186137, 38.92423349941102 44.994175952498026))", "population": 800.0, "Pedestrian traffic": 1800.0, "car traffic": 350.0, "poi_count": 0 }, "geometry": { "type": "Point", "coordinates": [ 4334687.017839843407273, 5621022.92063766065985 ] } },
{ "type": "Feature", "properties": { "ID": 127373, "Address": "улица Гагарина, 149/2", "Square": "94", "Rating": 5.0, "lat": 44.993321, "long": 38.929733, "index_right": 9.0, "id": 10.0, "geometry_y": "POLYGON ((38.92423349941102 44.994175952498026, 38.92766163214891 45.006646549458154, 38.9446491079065 45.01078196962335, 38.958208450926215 45.00244829471641, 38.95478031818832 44.989976783914535, 38.93779284243074 44.98583986186137, 38.92423349941102 44.994175952498026))", "population": 800.0, "Pedestrian traffic": 1800.0, "car traffic": 350.0, "poi_count": 0 }, "geometry": { "type": "Point", "coordinates": [ 4333638.05427809804678, 5620470.075615089386702 ] } },
{ "type": "Feature", "properties": { "ID": 50034316, "Address": "улица Гагарина, 148/4к1", "Square": "34.5", "Rating": 5.0, "lat": 44.992926, "long": 38.93347, "index_right": 9.0, "id": 10.0, "geometry_y": "POLYGON ((38.92423349941102 44.994175952498026, 38.92766163214891 45.006646549458154, 38.9446491079065 45.01078196962335, 38.958208450926215 45.00244829471641, 38.95478031818832 44.989976783914535, 38.93779284243074 44.98583986186137, 38.92423349941102 44.994175952498026))", "population": 800.0, "Pedestrian traffic": 1800.0, "car traffic": 350.0, "poi_count": 0 }, "geometry": { "type": "Point", "coordinates": [ 4334054.055215192958713, 5620407.898411209695041 ] } },
{ "type": "Feature", "properties": { "ID": 305612, "Address": "улица Гагарина, 144/1к7", "Square": "74", "Rating": 5.0, "lat": 44.991115, "long": 38.932634, "index_right": 9.0, "id": 10.0, "geometry_y": "POLYGON ((38.92423349941102 44.994175952498026, 38.92766163214891 45.006646549458154, 38.9446491079065 45.01078196962335, 38.958208450926215 45.00244829471641, 38.95478031818832 44.989976783914535, 38.93779284243074 44.98583986186137, 38.92423349941102 44.994175952498026))", "population": 800.0, "Pedestrian traffic": 1800.0, "car traffic": 350.0, "poi_count": 0 }, "geometry": { "type": "Point", "coordinates": [ 4333960.992120889946818, 5620122.833223608322442 ] } },
{ "type": "Feature", "properties": { "ID": 157339, "Address": "улица Кобцевой, 1к4", "Square": "39", "Rating": 4.97, "lat": 44.99144, "long": 38.928421, "index_right": 1.0, "id": 2.0, "geometry_y": "POLYGON ((38.90381789091554 44.977565122039785, 38.90724602365342 44.99003933353115, 38.92423349941102 44.994175952498026, 38.93779284243074 44.98583986186137, 38.934364709692844 44.97336473652846, 38.91737723393525 44.96922661567391, 38.90381789091554 44.977565122039785))", "population": null, "Pedestrian traffic": null, "car traffic": null, "poi_count": 0 }, "geometry": { "type": "Point", "coordinates": [ 4333492.003106177784503, 5620173.990034708753228 ] } },
{ "type": "Feature", "properties": { "ID": 307832, "Address": "улица Лаухина, 13/1А", "Square": "51", "Rating": 4.98, "lat": 44.989056, "long": 38.928717, "index_right": 1.0, "id": 2.0, "geometry_y": "POLYGON ((38.90381789091554 44.977565122039785, 38.90724602365342 44.99003933353115, 38.92423349941102 44.994175952498026, 38.93779284243074 44.98583986186137, 38.934364709692844 44.97336473652846, 38.91737723393525 44.96922661567391, 38.90381789091554 44.977565122039785))", "population": null, "Pedestrian traffic": null, "car traffic": null, "poi_count": 0 }, "geometry": { "type": "Point", "coordinates": [ 4333524.953675451688468, 5619798.741889927536249 ] } },
{ "type": "Feature", "properties": { "ID": 50005151, "Address": "улица Гагарина, 96", "Square": "54", "Rating": 5.0, "lat": 44.985639, "long": 38.934494, "index_right": 1.0, "id": 2.0, "geometry_y": "POLYGON ((38.90381789091554 44.977565122039785, 38.90724602365342 44.99003933353115, 38.92423349941102 44.994175952498026, 38.93779284243074 44.98583986186137, 38.934364709692844 44.97336473652846, 38.91737723393525 44.96922661567391, 38.90381789091554 44.977565122039785))", "population": null, "Pedestrian traffic": null, "car traffic": null, "poi_count": 0 }, "geometry": { "type": "Point", "coordinates": [ 4334168.04637376498431, 5619260.923925288952887 ] } },
{ "type": "Feature", "properties": { "ID": 340420, "Address": "Промышленная улица, 97/2", "Square": "86.2", "Rating": 5.0, "lat": 44.991823, "long": 38.941168, "index_right": 9.0, "id": 10.0, "geometry_y": "POLYGON ((38.92423349941102 44.994175952498026, 38.92766163214891 45.006646549458154, 38.9446491079065 45.01078196962335, 38.958208450926215 45.00244829471641, 38.95478031818832 44.989976783914535, 38.93779284243074 44.98583986186137, 38.92423349941102 44.994175952498026))", "population": 800.0, "Pedestrian traffic": 1800.0, "car traffic": 350.0, "poi_count": 0 }, "geometry": { "type": "Point", "coordinates": [ 4334910.992655319161713, 5620234.2767413854599 ] } },
{ "type": "Feature", "properties": { "ID": 50022747, "Address": "Промышленная улица, 14/2А", "Square": "51.3", "Rating": 4.998, "lat": 44.992027, "long": 38.947941, "index_right": 9.0, "id": 10.0, "geometry_y": "POLYGON ((38.92423349941102 44.994175952498026, 38.92766163214891 45.006646549458154, 38.9446491079065 45.01078196962335, 38.958208450926215 45.00244829471641, 38.95478031818832 44.989976783914535, 38.93779284243074 44.98583986186137, 38.92423349941102 44.994175952498026))", "population": 800.0, "Pedestrian traffic": 1800.0, "car traffic": 350.0, "poi_count": 0 }, "geometry": { "type": "Point", "coordinates": [ 4335664.959566462785006, 5620266.38784097880125 ] } },
{ "type": "Feature", "properties": { "ID": 50007202, "Address": "улица Пушкина, 17", "Square": "46.4", "Rating": 4.979, "lat": 44.988228, "long": 38.945273, "index_right": 9.0, "id": 10.0, "geometry_y": "POLYGON ((38.92423349941102 44.994175952498026, 38.92766163214891 45.006646549458154, 38.9446491079065 45.01078196962335, 38.958208450926215 45.00244829471641, 38.95478031818832 44.989976783914535, 38.93779284243074 44.98583986186137, 38.92423349941102 44.994175952498026))", "population": 800.0, "Pedestrian traffic": 1800.0, "car traffic": 350.0, "poi_count": 0 }, "geometry": { "type": "Point", "coordinates": [ 4335367.959165025502443, 5619668.416068586520851 ] } },
{ "type": "Feature", "properties": { "ID": 50003195, "Address": "Советская улица, 6", "Square": "50", "Rating": 4.997, "lat": 44.989369, "long": 38.951112, "index_right": 9.0, "id": 10.0, "geometry_y": "POLYGON ((38.92423349941102 44.994175952498026, 38.92766163214891 45.006646549458154, 38.9446491079065 45.01078196962335, 38.958208450926215 45.00244829471641, 38.95478031818832 44.989976783914535, 38.93779284243074 44.98583986186137, 38.92423349941102 44.994175952498026))", "population": 800.0, "Pedestrian traffic": 1800.0, "car traffic": 350.0, "poi_count": 0 }, "geometry": { "type": "Point", "coordinates": [ 4336017.953671768307686, 5619848.008059125393629 ] } },
{ "type": "Feature", "properties": { "ID": 215617, "Address": "улица Тургеневское Шоссе, 1Дк3", "Square": "50", "Rating": 4.998, "lat": 44.974992, "long": 38.922411, "index_right": 1.0, "id": 2.0, "geometry_y": "POLYGON ((38.90381789091554 44.977565122039785, 38.90724602365342 44.99003933353115, 38.92423349941102 44.994175952498026, 38.93779284243074 44.98583986186137, 38.934364709692844 44.97336473652846, 38.91737723393525 44.96922661567391, 38.90381789091554 44.977565122039785))", "population": null, "Pedestrian traffic": null, "car traffic": null, "poi_count": 0 }, "geometry": { "type": "Point", "coordinates": [ 4332822.972966509871185, 5617585.347234553657472 ] } },
{ "type": "Feature", "properties": { "ID": 307778, "Address": "Космическая улица, 47", "Square": "75", "Rating": 4.917, "lat": 44.970681, "long": 38.937323, "index_right": 0.0, "id": 1.0, "geometry_y": "POLYGON ((38.91394910119737 44.95674787581145, 38.91737723393525 44.96922661567391, 38.934364709692844 44.97336473652846, 38.947924052712565 44.96502561940748, 38.94449591997467 44.95254596570414, 38.927508444217075 44.948406342963004, 38.91394910119737 44.95674787581145))", "population": null, "Pedestrian traffic": null, "car traffic": null, "poi_count": 0 }, "geometry": { "type": "Point", "coordinates": [ 4334482.969213219359517, 5616906.990042383782566 ] } },
{ "type": "Feature", "properties": { "ID": 309035, "Address": "Космическая улица, 24", "Square": "51.3", "Rating": 4.981, "lat": 44.976911, "long": 38.94159, "index_right": 8.0, "id": 9.0, "geometry_y": "POLYGON ((38.934364709692844 44.97336473652846, 38.937792842430724 44.98583986186137, 38.95478031818832 44.98997678391455, 38.968339661208034 44.98164008252254, 38.96491152847015 44.96916404334818, 38.947924052712565 44.96502561940748, 38.934364709692844 44.97336473652846))", "population": null, "Pedestrian traffic": null, "car traffic": null, "poi_count": 0 }, "geometry": { "type": "Point", "coordinates": [ 4334957.969480433501303, 5617887.327787307091057 ] } },
{ "type": "Feature", "properties": { "ID": 131764, "Address": "улица Гагарина, 39/4", "Square": "41", "Rating": 4.997, "lat": 44.979551, "long": 38.937665, "index_right": 8.0, "id": 9.0, "geometry_y": "POLYGON ((38.934364709692844 44.97336473652846, 38.937792842430724 44.98583986186137, 38.95478031818832 44.98997678391455, 38.968339661208034 44.98164008252254, 38.96491152847015 44.96916404334818, 38.947924052712565 44.96502561940748, 38.934364709692844 44.97336473652846))", "population": null, "Pedestrian traffic": null, "car traffic": null, "poi_count": 0 }, "geometry": { "type": "Point", "coordinates": [ 4334521.040479071438313, 5618302.783937497064471 ] } },
{ "type": "Feature", "properties": { "ID": 3639, "Address": "Дорожная улица, 192", "Square": "60", "Rating": 4.998, "lat": 44.979908, "long": 38.941276, "index_right": 8.0, "id": 9.0, "geometry_y": "POLYGON ((38.934364709692844 44.97336473652846, 38.937792842430724 44.98583986186137, 38.95478031818832 44.98997678391455, 38.968339661208034 44.98164008252254, 38.96491152847015 44.96916404334818, 38.947924052712565 44.96502561940748, 38.934364709692844 44.97336473652846))", "population": null, "Pedestrian traffic": null, "car traffic": null, "poi_count": 0 }, "geometry": { "type": "Point", "coordinates": [ 4334923.015160324983299, 5618358.966407896019518 ] } },
{ "type": "Feature", "properties": { "ID": 309035, "Address": "Космическая улица, 24", "Square": "51.3", "Rating": 4.981, "lat": 44.976911, "long": 38.94159, "index_right": 8.0, "id": 9.0, "geometry_y": "POLYGON ((38.934364709692844 44.97336473652846, 38.937792842430724 44.98583986186137, 38.95478031818832 44.98997678391455, 38.968339661208034 44.98164008252254, 38.96491152847015 44.96916404334818, 38.947924052712565 44.96502561940748, 38.934364709692844 44.97336473652846))", "population": null, "Pedestrian traffic": null, "car traffic": null, "poi_count": 0 }, "geometry": { "type": "Point", "coordinates": [ 4334957.969480433501303, 5617887.327787307091057 ] } },
{ "type": "Feature", "properties": { "ID": 50004018, "Address": "Широкая улица, 2", "Square": "72", "Rating": 4.979, "lat": 44.981738, "long": 38.947268, "index_right": 8.0, "id": 9.0, "geometry_y": "POLYGON ((38.934364709692844 44.97336473652846, 38.937792842430724 44.98583986186137, 38.95478031818832 44.98997678391455, 38.968339661208034 44.98164008252254, 38.96491152847015 44.96916404334818, 38.947924052712565 44.96502561940748, 38.934364709692844 44.97336473652846))", "population": null, "Pedestrian traffic": null, "car traffic": null, "poi_count": 0 }, "geometry": { "type": "Point", "coordinates": [ 4335590.041549158282578, 5618646.966076616197824 ] } },
{ "type": "Feature", "properties": { "ID": 50004018, "Address": "Дорожная улица, 150", "Square": "72", "Rating": 4.979, "lat": 44.981814, "long": 38.947393, "index_right": 8.0, "id": 9.0, "geometry_y": "POLYGON ((38.934364709692844 44.97336473652846, 38.937792842430724 44.98583986186137, 38.95478031818832 44.98997678391455, 38.968339661208034 44.98164008252254, 38.96491152847015 44.96916404334818, 38.947924052712565 44.96502561940748, 38.934364709692844 44.97336473652846))", "population": null, "Pedestrian traffic": null, "car traffic": null, "poi_count": 0 }, "geometry": { "type": "Point", "coordinates": [ 4335603.956485507078469, 5618658.926917405799031 ] } },
{ "type": "Feature", "properties": { "ID": 164339, "Address": "Индустриальная улица, 10/1", "Square": "53", "Rating": 4.991, "lat": 44.986755, "long": 38.960895, "index_right": 17.0, "id": 18.0, "geometry_y": "POLYGON ((38.95478031818832 44.989976783914535, 38.958208450926215 45.00244829471641, 38.97519592668381 45.00658401796791, 38.98875526970352 44.99824973230555, 38.98532713696564 44.98577730766198, 38.96833966120804 44.98164008252253, 38.95478031818832 44.989976783914535))", "population": 50.0, "Pedestrian traffic": 2400.0, "car traffic": 9500.0, "poi_count": 0 }, "geometry": { "type": "Point", "coordinates": [ 4337106.992250198498368, 5619436.572974706068635 ] } },
{ "type": "Feature", "properties": { "ID": 210964, "Address": "Адмиралтейский бульвар, 3", "Square": "82", "Rating": 4.997, "lat": 45.09334, "long": 39.036875, "index_right": 53.0, "id": 54.0, "geometry_y": "POLYGON ((39.016180331606606 45.09793141468047, 39.01960846434448 45.110379410660364, 39.03659594010208 45.11450733494993, 39.050155283121796 45.10618876513712, 39.04672715038391 45.093739855321296, 39.029739674626306 45.08961042915329, 39.016180331606606 45.09793141468047))", "population": 26000.0, "Pedestrian traffic": 15000.0, "car traffic": 13000.0, "poi_count": 33 }, "geometry": { "type": "Point", "coordinates": [ 4345565.047160672023892, 5636227.947701558470726 ] } },
{ "type": "Feature", "properties": { "ID": 319707, "Address": "улица Ленина, 42/4", "Square": "86.6", "Rating": 4.982, "lat": 44.98678, "long": 38.979724, "index_right": 17.0, "id": 18.0, "geometry_y": "POLYGON ((38.95478031818832 44.989976783914535, 38.958208450926215 45.00244829471641, 38.97519592668381 45.00658401796791, 38.98875526970352 44.99824973230555, 38.98532713696564 44.98577730766198, 38.96833966120804 44.98164008252253, 38.95478031818832 44.989976783914535))", "population": 50.0, "Pedestrian traffic": 2400.0, "car traffic": 9500.0, "poi_count": 0 }, "geometry": { "type": "Point", "coordinates": [ 4339203.026942344382405, 5619440.507804402150214 ] } },
{ "type": "Feature", "properties": { "ID": 50003803, "Address": "Светлая улица, 2", "Square": "72", "Rating": 5.0, "lat": 44.986525, "long": 38.98744, "index_right": 24.0, "id": 25.0, "geometry_y": "POLYGON ((38.98532713696563 44.985777307661984, 38.98875526970351 44.99824973230556, 39.005742745461106 45.00238575864337, 39.01930208848083 44.994050862225606, 39.01587395574294 44.981577523740356, 38.998886479985345 44.97743999551465, 38.98532713696563 44.985777307661984))", "population": null, "Pedestrian traffic": null, "car traffic": null, "poi_count": 0 }, "geometry": { "type": "Point", "coordinates": [ 4340061.968133306130767, 5619400.372622039169073 ] } },
{ "type": "Feature", "properties": { "ID": 50027531, "Address": "Шоссейная улица, 68", "Square": "30", "Rating": 5.0, "lat": 44.99587, "long": 38.994995, "index_right": 24.0, "id": 25.0, "geometry_y": "POLYGON ((38.98532713696563 44.985777307661984, 38.98875526970351 44.99824973230556, 39.005742745461106 45.00238575864337, 39.01930208848083 44.994050862225606, 39.01587395574294 44.981577523740356, 38.998886479985345 44.97743999551465, 38.98532713696563 44.985777307661984))", "population": null, "Pedestrian traffic": null, "car traffic": null, "poi_count": 0 }, "geometry": { "type": "Point", "coordinates": [ 4340902.986886248923838, 5620871.325649772770703 ] } },
{ "type": "Feature", "properties": { "ID": 167731, "Address": "Шоссейная улица, 77/1", "Square": "45", "Rating": 4.982, "lat": 44.998012, "long": 38.992615, "index_right": 24.0, "id": 25.0, "geometry_y": "POLYGON ((38.98532713696563 44.985777307661984, 38.98875526970351 44.99824973230556, 39.005742745461106 45.00238575864337, 39.01930208848083 44.994050862225606, 39.01587395574294 44.981577523740356, 38.998886479985345 44.97743999551465, 38.98532713696563 44.985777307661984))", "population": null, "Pedestrian traffic": null, "car traffic": null, "poi_count": 0 }, "geometry": { "type": "Point", "coordinates": [ 4340638.046498160809278, 5621208.521708590909839 ] } },
{ "type": "Feature", "properties": { "ID": 50003702, "Address": "улица Строителей, 18/2", "Square": "80", "Rating": 4.999, "lat": 44.999899, "long": 38.97472, "index_right": 17.0, "id": 18.0, "geometry_y": "POLYGON ((38.95478031818832 44.989976783914535, 38.958208450926215 45.00244829471641, 38.97519592668381 45.00658401796791, 38.98875526970352 44.99824973230555, 38.98532713696564 44.98577730766198, 38.96833966120804 44.98164008252253, 38.95478031818832 44.989976783914535))", "population": 50.0, "Pedestrian traffic": 2400.0, "car traffic": 9500.0, "poi_count": 0 }, "geometry": { "type": "Point", "coordinates": [ 4338645.984210414811969, 5621505.585823184810579 ] } },
{ "type": "Feature", "properties": { "ID": 50027540, "Address": "улица Мира, 7", "Square": "30", "Rating": 5.0, "lat": 45.022214, "long": 38.961138, "index_right": 18.0, "id": 19.0, "geometry_y": "POLYGON ((38.9446491079065 45.01078196962335, 38.94807724064439 45.023248952052285, 38.96506471640198 45.02738317341601, 38.9786240594217 45.01905191423844, 38.97519592668381 45.0065840179679, 38.958208450926215 45.0024482947164, 38.9446491079065 45.01078196962335))", "population": 20000.0, "Pedestrian traffic": 46000.0, "car traffic": 29000.0, "poi_count": 64 }, "geometry": { "type": "Point", "coordinates": [ 4337134.042886460199952, 5625019.304048730060458 ] } },
{ "type": "Feature", "properties": { "ID": 308070, "Address": "улица Ленина, 33", "Square": "55", "Rating": 5.0, "lat": 45.024705, "long": 38.965728, "index_right": 18.0, "id": 19.0, "geometry_y": "POLYGON ((38.9446491079065 45.01078196962335, 38.94807724064439 45.023248952052285, 38.96506471640198 45.02738317341601, 38.9786240594217 45.01905191423844, 38.97519592668381 45.0065840179679, 38.958208450926215 45.0024482947164, 38.9446491079065 45.01078196962335))", "population": 20000.0, "Pedestrian traffic": 46000.0, "car traffic": 29000.0, "poi_count": 76 }, "geometry": { "type": "Point", "coordinates": [ 4337644.999349202029407, 5625411.621682686731219 ] } },
{ "type": "Feature", "properties": { "ID": 132495, "Address": "улица 70-летия Октября, 1/2", "Square": "76", "Rating": 4.999, "lat": 45.026285, "long": 38.903861, "index_right": 3.0, "id": 4.0, "geometry_y": "POLYGON ((38.883555470351894 45.01917694992701, 38.886983603089774 45.03164210467298, 38.90397107884738 45.035775719864404, 38.917530421867085 45.02744568219711, 38.914102289129204 45.01497961360971, 38.89711481337161 45.010844496530815, 38.883555470351894 45.01917694992701))", "population": 15000.0, "Pedestrian traffic": 11000.0, "car traffic": 3800.0, "poi_count": 31 }, "geometry": { "type": "Point", "coordinates": [ 4330757.996412293985486, 5625660.471101435832679 ] } },
{ "type": "Feature", "properties": { "ID": 103449, "Address": "проспект Чекистов, 1", "Square": "100", "Rating": 4.996, "lat": 45.027483, "long": 38.903349, "index_right": 3.0, "id": 4.0, "geometry_y": "POLYGON ((38.883555470351894 45.01917694992701, 38.886983603089774 45.03164210467298, 38.90397107884738 45.035775719864404, 38.917530421867085 45.02744568219711, 38.914102289129204 45.01497961360971, 38.89711481337161 45.010844496530815, 38.883555470351894 45.01917694992701))", "population": 15000.0, "Pedestrian traffic": 11000.0, "car traffic": 3800.0, "poi_count": 38 }, "geometry": { "type": "Point", "coordinates": [ 4330701.000833008438349, 5625849.160239153541625 ] } },
{ "type": "Feature", "properties": { "ID": 204296, "Address": "проспект Чекистов, 8/4", "Square": "54.1", "Rating": 5.0, "lat": 45.026973, "long": 38.908487, "index_right": 3.0, "id": 4.0, "geometry_y": "POLYGON ((38.883555470351894 45.01917694992701, 38.886983603089774 45.03164210467298, 38.90397107884738 45.035775719864404, 38.917530421867085 45.02744568219711, 38.914102289129204 45.01497961360971, 38.89711481337161 45.010844496530815, 38.883555470351894 45.01917694992701))", "population": 15000.0, "Pedestrian traffic": 11000.0, "car traffic": 3800.0, "poi_count": 54 }, "geometry": { "type": "Point", "coordinates": [ 4331272.960376704111695, 5625768.832994958385825 ] } },
{ "type": "Feature", "properties": { "ID": 325074, "Address": "улица 70-летия Октября, 10", "Square": "82", "Rating": 4.985, "lat": 45.029967, "long": 38.9044, "index_right": 3.0, "id": 4.0, "geometry_y": "POLYGON ((38.883555470351894 45.01917694992701, 38.886983603089774 45.03164210467298, 38.90397107884738 45.035775719864404, 38.917530421867085 45.02744568219711, 38.914102289129204 45.01497961360971, 38.89711481337161 45.010844496530815, 38.883555470351894 45.01917694992701))", "population": 15000.0, "Pedestrian traffic": 11000.0, "car traffic": 3800.0, "poi_count": 40 }, "geometry": { "type": "Point", "coordinates": [ 4330817.997617832385004, 5626240.411402099765837 ] } },
{ "type": "Feature", "properties": { "ID": 50001677, "Address": "проспект Чекистов, 12/1", "Square": "71", "Rating": 4.885, "lat": 45.028495, "long": 38.908676, "index_right": 3.0, "id": 4.0, "geometry_y": "POLYGON ((38.883555470351894 45.01917694992701, 38.886983603089774 45.03164210467298, 38.90397107884738 45.035775719864404, 38.917530421867085 45.02744568219711, 38.914102289129204 45.01497961360971, 38.89711481337161 45.010844496530815, 38.883555470351894 45.01917694992701))", "population": 15000.0, "Pedestrian traffic": 11000.0, "car traffic": 3800.0, "poi_count": 60 }, "geometry": { "type": "Point", "coordinates": [ 4331293.999760464765131, 5626008.556811475194991 ] } },
{ "type": "Feature", "properties": { "ID": 50035379, "Address": "проспект Чекистов, 22", "Square": "70.13", "Rating": 5.0, "lat": 45.028566, "long": 38.912161, "index_right": 3.0, "id": 4.0, "geometry_y": "POLYGON ((38.883555470351894 45.01917694992701, 38.886983603089774 45.03164210467298, 38.90397107884738 45.035775719864404, 38.917530421867085 45.02744568219711, 38.914102289129204 45.01497961360971, 38.89711481337161 45.010844496530815, 38.883555470351894 45.01917694992701))", "population": 15000.0, "Pedestrian traffic": 11000.0, "car traffic": 3800.0, "poi_count": 94 }, "geometry": { "type": "Point", "coordinates": [ 4331681.948185878805816, 5626019.739878369495273 ] } },
{ "type": "Feature", "properties": { "ID": 151795, "Address": "проспект Чекистов, 24/1", "Square": "50", "Rating": 4.986, "lat": 45.029222, "long": 38.91332, "index_right": 3.0, "id": 4.0, "geometry_y": "POLYGON ((38.883555470351894 45.01917694992701, 38.886983603089774 45.03164210467298, 38.90397107884738 45.035775719864404, 38.917530421867085 45.02744568219711, 38.914102289129204 45.01497961360971, 38.89711481337161 45.010844496530815, 38.883555470351894 45.01917694992701))", "population": 15000.0, "Pedestrian traffic": 11000.0, "car traffic": 3800.0, "poi_count": 97 }, "geometry": { "type": "Point", "coordinates": [ 4331810.967475708574057, 5626123.065772349946201 ] } },
{ "type": "Feature", "properties": { "ID": 115485, "Address": "проспект Чекистов, 26", "Square": "83.1", "Rating": 4.995, "lat": 45.029929, "long": 38.914991, "index_right": 11.0, "id": 12.0, "geometry_y": "POLYGON ((38.90397107884738 45.035775719864404, 38.90739921158525 45.048237260081514, 38.92438668734285 45.052369676472544, 38.93794603036256 45.04404205453261, 38.93451789762468 45.031579600474664, 38.917530421867085 45.02744568219711, 38.90397107884738 45.035775719864404))", "population": 31000.0, "Pedestrian traffic": 25000.0, "car traffic": 15000.0, "poi_count": 126 }, "geometry": { "type": "Point", "coordinates": [ 4331996.982344823889434, 5626234.425950461998582 ] } },
{ "type": "Feature", "properties": { "ID": 50007186, "Address": "проспект Чекистов, 34", "Square": "40", "Rating": 4.999, "lat": 45.031394, "long": 38.916114, "index_right": 11.0, "id": 12.0, "geometry_y": "POLYGON ((38.90397107884738 45.035775719864404, 38.90739921158525 45.048237260081514, 38.92438668734285 45.052369676472544, 38.93794603036256 45.04404205453261, 38.93451789762468 45.031579600474664, 38.917530421867085 45.02744568219711, 38.90397107884738 45.035775719864404))", "population": 31000.0, "Pedestrian traffic": 25000.0, "car traffic": 15000.0, "poi_count": 124 }, "geometry": { "type": "Point", "coordinates": [ 4332121.994132984429598, 5626465.183738967403769 ] } },
{ "type": "Feature", "properties": { "ID": 320938, "Address": "проспект Чекистов, 19", "Square": "57", "Rating": 4.998, "lat": 45.031872, "long": 38.912871, "index_right": 11.0, "id": 12.0, "geometry_y": "POLYGON ((38.90397107884738 45.035775719864404, 38.90739921158525 45.048237260081514, 38.92438668734285 45.052369676472544, 38.93794603036256 45.04404205453261, 38.93451789762468 45.031579600474664, 38.917530421867085 45.02744568219711, 38.90397107884738 45.035775719864404))", "population": 31000.0, "Pedestrian traffic": 25000.0, "car traffic": 15000.0, "poi_count": 122 }, "geometry": { "type": "Point", "coordinates": [ 4331760.985024342313409, 5626540.476636730134487 ] } },
{ "type": "Feature", "properties": { "ID": 142984, "Address": "проспект Чекистов, 25/1", "Square": "48", "Rating": 4.975, "lat": 45.032821, "long": 38.915925, "index_right": 11.0, "id": 12.0, "geometry_y": "POLYGON ((38.90397107884738 45.035775719864404, 38.90739921158525 45.048237260081514, 38.92438668734285 45.052369676472544, 38.93794603036256 45.04404205453261, 38.93451789762468 45.031579600474664, 38.917530421867085 45.02744568219711, 38.90397107884738 45.035775719864404))", "population": 31000.0, "Pedestrian traffic": 25000.0, "car traffic": 15000.0, "poi_count": 100 }, "geometry": { "type": "Point", "coordinates": [ 4332100.954749224707484, 5626689.96168019156903 ] } },
{ "type": "Feature", "properties": { "ID": 327421, "Address": "Платановый бульвар, 8", "Square": "72", "Rating": 4.989, "lat": 45.032222, "long": 38.909269, "index_right": 3.0, "id": 4.0, "geometry_y": "POLYGON ((38.883555470351894 45.01917694992701, 38.886983603089774 45.03164210467298, 38.90397107884738 45.035775719864404, 38.917530421867085 45.02744568219711, 38.914102289129204 45.01497961360971, 38.89711481337161 45.010844496530815, 38.883555470351894 45.01917694992701))", "population": 15000.0, "Pedestrian traffic": 11000.0, "car traffic": 3800.0, "poi_count": 77 }, "geometry": { "type": "Point", "coordinates": [ 4331360.012218505144119, 5626595.607818409800529 ] } },
{ "type": "Feature", "properties": { "ID": 161945, "Address": "улица Бульварное Кольцо, 7", "Square": "108", "Rating": 4.987, "lat": 45.03491, "long": 38.908173, "index_right": 11.0, "id": 12.0, "geometry_y": "POLYGON ((38.90397107884738 45.035775719864404, 38.90739921158525 45.048237260081514, 38.92438668734285 45.052369676472544, 38.93794603036256 45.04404205453261, 38.93451789762468 45.031579600474664, 38.917530421867085 45.02744568219711, 38.90397107884738 45.035775719864404))", "population": 31000.0, "Pedestrian traffic": 25000.0, "car traffic": 15000.0, "poi_count": 11 }, "geometry": { "type": "Point", "coordinates": [ 4331238.006056595593691, 5627019.026532026939094 ] } },
{ "type": "Feature", "properties": { "ID": 211389, "Address": "проспект Чекистов, 38", "Square": "85", "Rating": 4.991, "lat": 45.032419, "long": 38.918701, "index_right": 11.0, "id": 12.0, "geometry_y": "POLYGON ((38.90397107884738 45.035775719864404, 38.90739921158525 45.048237260081514, 38.92438668734285 45.052369676472544, 38.93794603036256 45.04404205453261, 38.93451789762468 45.031579600474664, 38.917530421867085 45.02744568219711, 38.90397107884738 45.035775719864404))", "population": 31000.0, "Pedestrian traffic": 25000.0, "car traffic": 15000.0, "poi_count": 94 }, "geometry": { "type": "Point", "coordinates": [ 4332409.97765566688031, 5626626.638946102932096 ] } },
{ "type": "Feature", "properties": { "ID": 151142, "Address": "Рождественская набережная, 45/1", "Square": "85", "Rating": 4.961, "lat": 45.03191, "long": 38.921216, "index_right": 11.0, "id": 12.0, "geometry_y": "POLYGON ((38.90397107884738 45.035775719864404, 38.90739921158525 45.048237260081514, 38.92438668734285 45.052369676472544, 38.93794603036256 45.04404205453261, 38.93451789762468 45.031579600474664, 38.917530421867085 45.02744568219711, 38.90397107884738 45.035775719864404))", "population": 31000.0, "Pedestrian traffic": 25000.0, "car traffic": 15000.0, "poi_count": 76 }, "geometry": { "type": "Point", "coordinates": [ 4332689.94617501180619, 5626546.462291568517685 ] } },
{ "type": "Feature", "properties": { "ID": 171326, "Address": "улица Думенко, 2", "Square": "63", "Rating": 4.978, "lat": 45.035534, "long": 38.919402, "index_right": 11.0, "id": 12.0, "geometry_y": "POLYGON ((38.90397107884738 45.035775719864404, 38.90739921158525 45.048237260081514, 38.92438668734285 45.052369676472544, 38.93794603036256 45.04404205453261, 38.93451789762468 45.031579600474664, 38.917530421867085 45.02744568219711, 38.90397107884738 45.035775719864404))", "population": 31000.0, "Pedestrian traffic": 25000.0, "car traffic": 15000.0, "poi_count": 66 }, "geometry": { "type": "Point", "coordinates": [ 4332488.012618713080883, 5627117.323006346821785 ] } },
{ "type": "Feature", "properties": { "ID": 321023, "Address": "улица Думенко, 12/1", "Square": "55", "Rating": 4.964, "lat": 45.035706, "long": 38.914362, "index_right": 11.0, "id": 12.0, "geometry_y": "POLYGON ((38.90397107884738 45.035775719864404, 38.90739921158525 45.048237260081514, 38.92438668734285 45.052369676472544, 38.93794603036256 45.04404205453261, 38.93451789762468 45.031579600474664, 38.917530421867085 45.02744568219711, 38.90397107884738 45.035775719864404))", "population": 31000.0, "Pedestrian traffic": 25000.0, "car traffic": 15000.0, "poi_count": 27 }, "geometry": { "type": "Point", "coordinates": [ 4331926.96238511428237, 5627144.417735790833831 ] } },
{ "type": "Feature", "properties": { "ID": 50000340, "Address": "улица Думенко, 27/1", "Square": "86", "Rating": 4.9, "lat": 45.036802, "long": 38.915943, "index_right": 11.0, "id": 12.0, "geometry_y": "POLYGON ((38.90397107884738 45.035775719864404, 38.90739921158525 45.048237260081514, 38.92438668734285 45.052369676472544, 38.93794603036256 45.04404205453261, 38.93451789762468 45.031579600474664, 38.917530421867085 45.02744568219711, 38.90397107884738 45.035775719864404))", "population": 31000.0, "Pedestrian traffic": 25000.0, "car traffic": 15000.0, "poi_count": 32 }, "geometry": { "type": "Point", "coordinates": [ 4332102.9585000583902, 5627317.069785091094673 ] } },
{ "type": "Feature", "properties": { "ID": 50006677, "Address": "улица 70-летия Октября, 15", "Square": "55", "Rating": 4.967, "lat": 45.038477, "long": 38.910302, "index_right": 11.0, "id": 12.0, "geometry_y": "POLYGON ((38.90397107884738 45.035775719864404, 38.90739921158525 45.048237260081514, 38.92438668734285 45.052369676472544, 38.93794603036256 45.04404205453261, 38.93451789762468 45.031579600474664, 38.917530421867085 45.02744568219711, 38.90397107884738 45.035775719864404))", "population": 31000.0, "Pedestrian traffic": 25000.0, "car traffic": 15000.0, "poi_count": 31 }, "geometry": { "type": "Point", "coordinates": [ 4331475.005252494476736, 5627580.937654449604452 ] } },
{ "type": "Feature", "properties": { "ID": 50022893, "Address": "бульвар Клары Лучко, 10", "Square": "88.3", "Rating": 4.998, "lat": 45.039929, "long": 38.911865, "index_right": 11.0, "id": 12.0, "geometry_y": "POLYGON ((38.90397107884738 45.035775719864404, 38.90739921158525 45.048237260081514, 38.92438668734285 45.052369676472544, 38.93794603036256 45.04404205453261, 38.93451789762468 45.031579600474664, 38.917530421867085 45.02744568219711, 38.90397107884738 45.035775719864404))", "population": 31000.0, "Pedestrian traffic": 25000.0, "car traffic": 15000.0, "poi_count": 34 }, "geometry": { "type": "Point", "coordinates": [ 4331648.997616603970528, 5627809.681902556680143 ] } },
{ "type": "Feature", "properties": { "ID": 171008, "Address": "улица Генерала Шифрина, 1", "Square": "70", "Rating": 4.978, "lat": 45.039247, "long": 38.913383, "index_right": 11.0, "id": 12.0, "geometry_y": "POLYGON ((38.90397107884738 45.035775719864404, 38.90739921158525 45.048237260081514, 38.92438668734285 45.052369676472544, 38.93794603036256 45.04404205453261, 38.93451789762468 45.031579600474664, 38.917530421867085 45.02744568219711, 38.90397107884738 45.035775719864404))", "population": 31000.0, "Pedestrian traffic": 25000.0, "car traffic": 15000.0, "poi_count": 38 }, "geometry": { "type": "Point", "coordinates": [ 4331817.980603628791869, 5627702.240699447691441 ] } },
{ "type": "Feature", "properties": { "ID": 132438, "Address": "улица Генерала Шифрина, 5", "Square": "79.4", "Rating": 4.983, "lat": 45.041833, "long": 38.9127, "index_right": 11.0, "id": 12.0, "geometry_y": "POLYGON ((38.90397107884738 45.035775719864404, 38.90739921158525 45.048237260081514, 38.92438668734285 45.052369676472544, 38.93794603036256 45.04404205453261, 38.93451789762468 45.031579600474664, 38.917530421867085 45.02744568219711, 38.90397107884738 45.035775719864404))", "population": 31000.0, "Pedestrian traffic": 25000.0, "car traffic": 15000.0, "poi_count": 23 }, "geometry": { "type": "Point", "coordinates": [ 4331741.949391416274011, 5628109.641834803856909 ] } },
{ "type": "Feature", "properties": { "ID": 312745, "Address": "улица имени Калинина, 13к60", "Square": "55", "Rating": 4.97, "lat": 45.041018, "long": 38.91633, "index_right": 11.0, "id": 12.0, "geometry_y": "POLYGON ((38.90397107884738 45.035775719864404, 38.90739921158525 45.048237260081514, 38.92438668734285 45.052369676472544, 38.93794603036256 45.04404205453261, 38.93451789762468 45.031579600474664, 38.917530421867085 45.02744568219711, 38.90397107884738 45.035775719864404))", "population": 31000.0, "Pedestrian traffic": 25000.0, "car traffic": 15000.0, "poi_count": 23 }, "geometry": { "type": "Point", "coordinates": [ 4332146.039142996072769, 5627981.243898169137537 ] } },
{ "type": "Feature", "properties": { "ID": 171038, "Address": "улица имени Калинина, 13к58", "Square": "56", "Rating": 5.0, "lat": 45.041426, "long": 38.918108, "index_right": 11.0, "id": 12.0, "geometry_y": "POLYGON ((38.90397107884738 45.035775719864404, 38.90739921158525 45.048237260081514, 38.92438668734285 45.052369676472544, 38.93794603036256 45.04404205453261, 38.93451789762468 45.031579600474664, 38.917530421867085 45.02744568219711, 38.90397107884738 45.035775719864404))", "population": 31000.0, "Pedestrian traffic": 25000.0, "car traffic": 15000.0, "poi_count": 19 }, "geometry": { "type": "Point", "coordinates": [ 4332343.965197625569999, 5628045.521409597247839 ] } },
{ "type": "Feature", "properties": { "ID": 313125, "Address": "проспект Чекистов, 39", "Square": "55", "Rating": 4.984, "lat": 45.036426, "long": 38.923354, "index_right": 11.0, "id": 12.0, "geometry_y": "POLYGON ((38.90397107884738 45.035775719864404, 38.90739921158525 45.048237260081514, 38.92438668734285 45.052369676472544, 38.93794603036256 45.04404205453261, 38.93451789762468 45.031579600474664, 38.917530421867085 45.02744568219711, 38.90397107884738 45.035775719864404))", "population": 31000.0, "Pedestrian traffic": 25000.0, "car traffic": 15000.0, "poi_count": 24 }, "geometry": { "type": "Point", "coordinates": [ 4332927.947246327996254, 5627257.838417443446815 ] } },
{ "type": "Feature", "properties": { "ID": 210928, "Address": "Минская улица, 57/1", "Square": "76", "Rating": 4.998, "lat": 45.036923, "long": 38.926606, "index_right": 11.0, "id": 12.0, "geometry_y": "POLYGON ((38.90397107884738 45.035775719864404, 38.90739921158525 45.048237260081514, 38.92438668734285 45.052369676472544, 38.93794603036256 45.04404205453261, 38.93451789762468 45.031579600474664, 38.917530421867085 45.02744568219711, 38.90397107884738 45.035775719864404))", "population": 31000.0, "Pedestrian traffic": 25000.0, "car traffic": 15000.0, "poi_count": 8 }, "geometry": { "type": "Point", "coordinates": [ 4333289.958230387419462, 5627336.131026075221598 ] } },
{ "type": "Feature", "properties": { "ID": 5297, "Address": "Минская улица, 118/2", "Square": "53.8", "Rating": 4.999, "lat": 45.037031, "long": 38.92958, "index_right": 11.0, "id": 12.0, "geometry_y": "POLYGON ((38.90397107884738 45.035775719864404, 38.90739921158525 45.048237260081514, 38.92438668734285 45.052369676472544, 38.93794603036256 45.04404205453261, 38.93451789762468 45.031579600474664, 38.917530421867085 45.02744568219711, 38.90397107884738 45.035775719864404))", "population": 31000.0, "Pedestrian traffic": 25000.0, "car traffic": 15000.0, "poi_count": 24 }, "geometry": { "type": "Point", "coordinates": [ 4333621.02239600662142, 5627353.144399176351726 ] } },
{ "type": "Feature", "properties": { "ID": 209491, "Address": "Минская улица, 122/7", "Square": "53", "Rating": 4.994, "lat": 45.037464, "long": 38.935347, "index_right": 11.0, "id": 12.0, "geometry_y": "POLYGON ((38.90397107884738 45.035775719864404, 38.90739921158525 45.048237260081514, 38.92438668734285 45.052369676472544, 38.93794603036256 45.04404205453261, 38.93451789762468 45.031579600474664, 38.917530421867085 45.02744568219711, 38.90397107884738 45.035775719864404))", "population": 31000.0, "Pedestrian traffic": 25000.0, "car traffic": 15000.0, "poi_count": 54 }, "geometry": { "type": "Point", "coordinates": [ 4334263.001899411901832, 5627421.355745269916952 ] } },
{ "type": "Feature", "properties": { "ID": 50015998, "Address": "Минская улица, 122/6", "Square": "97", "Rating": 4.986, "lat": 45.038318, "long": 38.936218, "index_right": 11.0, "id": 12.0, "geometry_y": "POLYGON ((38.90397107884738 45.035775719864404, 38.90739921158525 45.048237260081514, 38.92438668734285 45.052369676472544, 38.93794603036256 45.04404205453261, 38.93451789762468 45.031579600474664, 38.917530421867085 45.02744568219711, 38.90397107884738 45.035775719864404))", "population": 31000.0, "Pedestrian traffic": 25000.0, "car traffic": 15000.0, "poi_count": 58 }, "geometry": { "type": "Point", "coordinates": [ 4334359.961175892502069, 5627555.889566681347787 ] } },
{ "type": "Feature", "properties": { "ID": 204648, "Address": "Минская улица, 121", "Square": "60", "Rating": 4.967, "lat": 45.040623, "long": 38.935176, "index_right": 11.0, "id": 12.0, "geometry_y": "POLYGON ((38.90397107884738 45.035775719864404, 38.90739921158525 45.048237260081514, 38.92438668734285 45.052369676472544, 38.93794603036256 45.04404205453261, 38.93451789762468 45.031579600474664, 38.917530421867085 45.02744568219711, 38.90397107884738 45.035775719864404))", "population": 31000.0, "Pedestrian traffic": 25000.0, "car traffic": 15000.0, "poi_count": 31 }, "geometry": { "type": "Point", "coordinates": [ 4334243.966266485862434, 5627919.014881394803524 ] } },
{ "type": "Feature", "properties": { "ID": 50002690, "Address": "улица имени Калинина, 144", "Square": "73.3", "Rating": 4.97, "lat": 45.043495, "long": 38.931835, "index_right": 11.0, "id": 12.0, "geometry_y": "POLYGON ((38.90397107884738 45.035775719864404, 38.90739921158525 45.048237260081514, 38.92438668734285 45.052369676472544, 38.93794603036256 45.04404205453261, 38.93451789762468 45.031579600474664, 38.917530421867085 45.02744568219711, 38.90397107884738 45.035775719864404))", "population": 31000.0, "Pedestrian traffic": 25000.0, "car traffic": 15000.0, "poi_count": 17 }, "geometry": { "type": "Point", "coordinates": [ 4333872.047847745940089, 5628371.484767697751522 ] } },
{ "type": "Feature", "properties": { "ID": 309550, "Address": "Северная улица, 12", "Square": "70.54", "Rating": 4.986, "lat": 45.046794, "long": 38.93223, "index_right": 11.0, "id": 12.0, "geometry_y": "POLYGON ((38.90397107884738 45.035775719864404, 38.90739921158525 45.048237260081514, 38.92438668734285 45.052369676472544, 38.93794603036256 45.04404205453261, 38.93451789762468 45.031579600474664, 38.917530421867085 45.02744568219711, 38.90397107884738 45.035775719864404))", "population": 31000.0, "Pedestrian traffic": 25000.0, "car traffic": 15000.0, "poi_count": 10 }, "geometry": { "type": "Point", "coordinates": [ 4333916.019046608358622, 5628891.254497730173171 ] } },
{ "type": "Feature", "properties": { "ID": 50006188, "Address": "Восточная улица, 696", "Square": "72", "Rating": 5.0, "lat": 45.05036, "long": 38.919617, "index_right": 11.0, "id": 12.0, "geometry_y": "POLYGON ((38.90397107884738 45.035775719864404, 38.90739921158525 45.048237260081514, 38.92438668734285 45.052369676472544, 38.93794603036256 45.04404205453261, 38.93451789762468 45.031579600474664, 38.917530421867085 45.02744568219711, 38.90397107884738 45.035775719864404))", "population": 31000.0, "Pedestrian traffic": 25000.0, "car traffic": 15000.0, "poi_count": 2 }, "geometry": { "type": "Point", "coordinates": [ 4332511.946309234015644, 5629453.12478652689606 ] } },
{ "type": "Feature", "properties": { "ID": 209080, "Address": "Северная улица, 88", "Square": "50", "Rating": 4.981, "lat": 45.045495, "long": 38.940665, "index_right": 20.0, "id": 21.0, "geometry_y": "POLYGON ((38.92438668734285 45.052369676472544, 38.927814820080734 45.064827602163845, 38.944802295838336 45.0689588197557, 38.95836163885804 45.06063361354079, 38.954933506120156 45.04817477400952, 38.93794603036256 45.04404205453261, 38.92438668734285 45.052369676472544))", "population": 21000.0, "Pedestrian traffic": 35000.0, "car traffic": 28000.0, "poi_count": 9 }, "geometry": { "type": "Point", "coordinates": [ 4334854.998951450921595, 5628686.588634711690247 ] } },
{ "type": "Feature", "properties": { "ID": 50008049, "Address": "Кожевенная улица, 22", "Square": "60", "Rating": 4.974, "lat": 45.0377, "long": 38.940782, "index_right": 19.0, "id": 20.0, "geometry_y": "POLYGON ((38.93451789762468 45.031579600474664, 38.93794603036256 45.04404205453261, 38.954933506120156 45.048174774009524, 38.96849284913987 45.03984654131497, 38.96506471640198 45.02738317341601, 38.94807724064439 45.023248952052285, 38.93451789762468 45.031579600474664))", "population": 12000.0, "Pedestrian traffic": 35000.0, "car traffic": 35000.0, "poi_count": 34 }, "geometry": { "type": "Point", "coordinates": [ 4334868.023331873118877, 5627458.53350920137018 ] } },
{ "type": "Feature", "properties": { "ID": 212144, "Address": "Кожевенная улица, 26", "Square": "80", "Rating": 4.98, "lat": 45.037719, "long": 38.943333, "index_right": 19.0, "id": 20.0, "geometry_y": "POLYGON ((38.93451789762468 45.031579600474664, 38.93794603036256 45.04404205453261, 38.954933506120156 45.048174774009524, 38.96849284913987 45.03984654131497, 38.96506471640198 45.02738317341601, 38.94807724064439 45.023248952052285, 38.93451789762468 45.031579600474664))", "population": 12000.0, "Pedestrian traffic": 35000.0, "car traffic": 35000.0, "poi_count": 33 }, "geometry": { "type": "Point", "coordinates": [ 4335151.999352887272835, 5627461.526640933007002 ] } },
{ "type": "Feature", "properties": { "ID": 136188, "Address": "микрорайон Кожзавод", "Square": "50.8", "Rating": 5.0, "lat": 45.041184, "long": 38.942632, "index_right": 19.0, "id": 20.0, "geometry_y": "POLYGON ((38.93451789762468 45.031579600474664, 38.93794603036256 45.04404205453261, 38.954933506120156 45.048174774009524, 38.96849284913987 45.03984654131497, 38.96506471640198 45.02738317341601, 38.94807724064439 45.023248952052285, 38.93451789762468 45.031579600474664))", "population": 12000.0, "Pedestrian traffic": 35000.0, "car traffic": 35000.0, "poi_count": 11 }, "geometry": { "type": "Point", "coordinates": [ 4335073.964389841072261, 5628007.39596760738641 ] } },
{ "type": "Feature", "properties": { "ID": 50017374, "Address": "Кожевенная улица, 54/2", "Square": "82.9", "Rating": 4.941, "lat": 45.038025, "long": 38.949172, "index_right": 19.0, "id": 20.0, "geometry_y": "POLYGON ((38.93451789762468 45.031579600474664, 38.93794603036256 45.04404205453261, 38.954933506120156 45.048174774009524, 38.96849284913987 45.03984654131497, 38.96506471640198 45.02738317341601, 38.94807724064439 45.023248952052285, 38.93451789762468 45.031579600474664))", "population": 12000.0, "Pedestrian traffic": 35000.0, "car traffic": 35000.0, "poi_count": 29 }, "geometry": { "type": "Point", "coordinates": [ 4335801.993859628215432, 5627509.7319520348683 ] } },
{ "type": "Feature", "properties": { "ID": 50012911, "Address": "улица имени Калинина, 350", "Square": "54", "Rating": 5.0, "lat": 45.039935, "long": 38.949495, "index_right": 19.0, "id": 20.0, "geometry_y": "POLYGON ((38.93451789762468 45.031579600474664, 38.93794603036256 45.04404205453261, 38.954933506120156 45.048174774009524, 38.96849284913987 45.03984654131497, 38.96506471640198 45.02738317341601, 38.94807724064439 45.023248952052285, 38.93451789762468 45.031579600474664))", "population": 12000.0, "Pedestrian traffic": 35000.0, "car traffic": 35000.0, "poi_count": 34 }, "geometry": { "type": "Point", "coordinates": [ 4335837.950055154971778, 5627810.627138764597476 ] } },
{ "type": "Feature", "properties": { "ID": 144104, "Address": "улица Володи Головатого, 174", "Square": "40", "Rating": 4.993, "lat": 45.042706, "long": 38.951085, "index_right": 19.0, "id": 20.0, "geometry_y": "POLYGON ((38.93451789762468 45.031579600474664, 38.93794603036256 45.04404205453261, 38.954933506120156 45.048174774009524, 38.96849284913987 45.03984654131497, 38.96506471640198 45.02738317341601, 38.94807724064439 45.023248952052285, 38.93451789762468 45.031579600474664))", "population": 12000.0, "Pedestrian traffic": 35000.0, "car traffic": 35000.0, "poi_count": 30 }, "geometry": { "type": "Point", "coordinates": [ 4336014.948045515455306, 5628247.179322266019881 ] } },
{ "type": "Feature", "properties": { "ID": 50022857, "Address": "улица Карла Маркса, 14", "Square": "78", "Rating": 4.995, "lat": 45.038814, "long": 38.953942, "index_right": 19.0, "id": 20.0, "geometry_y": "POLYGON ((38.93451789762468 45.031579600474664, 38.93794603036256 45.04404205453261, 38.954933506120156 45.048174774009524, 38.96849284913987 45.03984654131497, 38.96506471640198 45.02738317341601, 38.94807724064439 45.023248952052285, 38.93451789762468 45.031579600474664))", "population": 12000.0, "Pedestrian traffic": 35000.0, "car traffic": 35000.0, "poi_count": 42 }, "geometry": { "type": "Point", "coordinates": [ 4336332.987830712459981, 5627634.027227810584009 ] } },
{ "type": "Feature", "properties": { "ID": 50002472, "Address": "Северная улица, 242", "Square": "70", "Rating": 4.965, "lat": 45.042738, "long": 38.957544, "index_right": 19.0, "id": 20.0, "geometry_y": "POLYGON ((38.93451789762468 45.031579600474664, 38.93794603036256 45.04404205453261, 38.954933506120156 45.048174774009524, 38.96849284913987 45.03984654131497, 38.96506471640198 45.02738317341601, 38.94807724064439 45.023248952052285, 38.93451789762468 45.031579600474664))", "population": 12000.0, "Pedestrian traffic": 35000.0, "car traffic": 35000.0, "poi_count": 25 }, "geometry": { "type": "Point", "coordinates": [ 4336733.960636549629271, 5628252.220827889628708 ] } },
{ "type": "Feature", "properties": { "ID": 50013041, "Address": "Северная улица, 265", "Square": "62", "Rating": 4.997, "lat": 45.042948, "long": 38.961937, "index_right": 19.0, "id": 20.0, "geometry_y": "POLYGON ((38.93451789762468 45.031579600474664, 38.93794603036256 45.04404205453261, 38.954933506120156 45.048174774009524, 38.96849284913987 45.03984654131497, 38.96506471640198 45.02738317341601, 38.94807724064439 45.023248952052285, 38.93451789762468 45.031579600474664))", "population": 12000.0, "Pedestrian traffic": 35000.0, "car traffic": 35000.0, "poi_count": 26 }, "geometry": { "type": "Point", "coordinates": [ 4337222.987159605138004, 5628285.305778520181775 ] } },
{ "type": "Feature", "properties": { "ID": 2890, "Address": "улица Будённого, 78", "Square": "80", "Rating": 4.957, "lat": 45.037228, "long": 38.961847, "index_right": 19.0, "id": 20.0, "geometry_y": "POLYGON ((38.93451789762468 45.031579600474664, 38.93794603036256 45.04404205453261, 38.954933506120156 45.048174774009524, 38.96849284913987 45.03984654131497, 38.96506471640198 45.02738317341601, 38.94807724064439 45.023248952052285, 38.93451789762468 45.031579600474664))", "population": 12000.0, "Pedestrian traffic": 35000.0, "car traffic": 35000.0, "poi_count": 18 }, "geometry": { "type": "Point", "coordinates": [ 4337212.968405433930457, 5627384.178134672343731 ] } },
{ "type": "Feature", "properties": { "ID": 215158, "Address": "Октябрьская улица, 181/2к1", "Square": "98", "Rating": 4.966, "lat": 45.040063, "long": 38.969249, "index_right": 27.0, "id": 28.0, "geometry_y": "POLYGON ((38.954933506120156 45.048174774009524, 38.95836163885804 45.06063361354079, 38.97534911461564 45.064765134218185, 38.988908457635354 45.05643931724932, 38.985480324897466 45.043979563877855, 38.96849284913987 45.03984654131497, 38.954933506120156 45.048174774009524))", "population": 39000.0, "Pedestrian traffic": 95000.0, "car traffic": 51000.0, "poi_count": 68 }, "geometry": { "type": "Point", "coordinates": [ 4338036.955276285298169, 5627830.792201501317322 ] } },
{ "type": "Feature", "properties": { "ID": 210688, "Address": "Пашковская улица, 16", "Square": "73", "Rating": 4.986, "lat": 45.034356, "long": 38.964407, "index_right": 19.0, "id": 20.0, "geometry_y": "POLYGON ((38.93451789762468 45.031579600474664, 38.93794603036256 45.04404205453261, 38.954933506120156 45.048174774009524, 38.96849284913987 45.03984654131497, 38.96506471640198 45.02738317341601, 38.94807724064439 45.023248952052285, 38.93451789762468 45.031579600474664))", "population": 12000.0, "Pedestrian traffic": 35000.0, "car traffic": 35000.0, "poi_count": 23 }, "geometry": { "type": "Point", "coordinates": [ 4337497.946301864460111, 5626931.757804007269442 ] } },
{ "type": "Feature", "properties": { "ID": 211507, "Address": "Длинная улица, 86", "Square": "50", "Rating": 4.979, "lat": 45.035298, "long": 38.968153, "index_right": 26.0, "id": 27.0, "geometry_y": "POLYGON ((38.96506471640198 45.02738317341601, 38.96849284913987 45.039846541314986, 38.985480324897466 45.043979563877855, 38.999039667917174 45.03565072042854, 38.99561153517929 45.02318643868839, 38.9786240594217 45.01905191423844, 38.96506471640198 45.02738317341601))", "population": 21000.0, "Pedestrian traffic": 95000.0, "car traffic": 52000.0, "poi_count": 67 }, "geometry": { "type": "Point", "coordinates": [ 4337914.94911437574774, 5627080.146649644710124 ] } },
{ "type": "Feature", "properties": { "ID": 211019, "Address": "Рашпилевская улица, 125", "Square": "70", "Rating": 4.885, "lat": 45.03391, "long": 38.971172, "index_right": 26.0, "id": 27.0, "geometry_y": "POLYGON ((38.96506471640198 45.02738317341601, 38.96849284913987 45.039846541314986, 38.985480324897466 45.043979563877855, 38.999039667917174 45.03565072042854, 38.99561153517929 45.02318643868839, 38.9786240594217 45.01905191423844, 38.96506471640198 45.02738317341601))", "population": 21000.0, "Pedestrian traffic": 95000.0, "car traffic": 52000.0, "poi_count": 114 }, "geometry": { "type": "Point", "coordinates": [ 4338251.022657080553472, 5626861.502366040833294 ] } },
{ "type": "Feature", "properties": { "ID": 50011757, "Address": "улица Горького, 82", "Square": "50", "Rating": 4.986, "lat": 45.031865, "long": 38.969249, "index_right": 26.0, "id": 27.0, "geometry_y": "POLYGON ((38.96506471640198 45.02738317341601, 38.96849284913987 45.039846541314986, 38.985480324897466 45.043979563877855, 38.999039667917174 45.03565072042854, 38.99561153517929 45.02318643868839, 38.9786240594217 45.01905191423844, 38.96506471640198 45.02738317341601))", "population": 21000.0, "Pedestrian traffic": 95000.0, "car traffic": 52000.0, "poi_count": 135 }, "geometry": { "type": "Point", "coordinates": [ 4338036.955276285298169, 5626539.3740165354684 ] } },
{ "type": "Feature", "properties": { "ID": 1809, "Address": "Карасунская улица, 61", "Square": "69.9", "Rating": 4.999, "lat": 45.029011, "long": 38.968594, "index_right": 26.0, "id": 27.0, "geometry_y": "POLYGON ((38.96506471640198 45.02738317341601, 38.96849284913987 45.039846541314986, 38.985480324897466 45.043979563877855, 38.999039667917174 45.03565072042854, 38.99561153517929 45.02318643868839, 38.9786240594217 45.01905191423844, 38.96506471640198 45.02738317341601))", "population": 21000.0, "Pedestrian traffic": 95000.0, "car traffic": 52000.0, "poi_count": 221 }, "geometry": { "type": "Point", "coordinates": [ 4337964.041009816341102, 5626089.831247380934656 ] } },
{ "type": "Feature", "properties": { "ID": 212080, "Address": "Рашпилевская улица, 47", "Square": "103", "Rating": 5.0, "lat": 45.024374, "long": 38.96774, "index_right": 18.0, "id": 19.0, "geometry_y": "POLYGON ((38.9446491079065 45.01078196962335, 38.94807724064439 45.023248952052285, 38.96506471640198 45.02738317341601, 38.9786240594217 45.01905191423844, 38.97519592668381 45.0065840179679, 38.958208450926215 45.0024482947164, 38.9446491079065 45.01078196962335))", "population": 20000.0, "Pedestrian traffic": 46000.0, "car traffic": 29000.0, "poi_count": 130 }, "geometry": { "type": "Point", "coordinates": [ 4337868.974164678715169, 5625359.490174604579806 ] } },
{ "type": "Feature", "properties": { "ID": 50013962, "Address": "улица Ленина, 13", "Square": "50", "Rating": 4.982, "lat": 45.025291, "long": 38.962566, "index_right": 18.0, "id": 19.0, "geometry_y": "POLYGON ((38.9446491079065 45.01078196962335, 38.94807724064439 45.023248952052285, 38.96506471640198 45.02738317341601, 38.9786240594217 45.01905191423844, 38.97519592668381 45.0065840179679, 38.958208450926215 45.0024482947164, 38.9446491079065 45.01078196962335))", "population": 20000.0, "Pedestrian traffic": 46000.0, "car traffic": 29000.0, "poi_count": 47 }, "geometry": { "type": "Point", "coordinates": [ 4337293.007119313813746, 5625503.915665809065104 ] } },
{ "type": "Feature", "properties": { "ID": 142316, "Address": "улица Кубанская Набережная, 37/11", "Square": "78.7", "Rating": 5.0, "lat": 45.024336, "long": 38.958371, "index_right": 18.0, "id": 19.0, "geometry_y": "POLYGON ((38.9446491079065 45.01078196962335, 38.94807724064439 45.023248952052285, 38.96506471640198 45.02738317341601, 38.9786240594217 45.01905191423844, 38.97519592668381 45.0065840179679, 38.958208450926215 45.0024482947164, 38.9446491079065 45.01078196962335))", "population": 20000.0, "Pedestrian traffic": 46000.0, "car traffic": 29000.0, "poi_count": 56 }, "geometry": { "type": "Point", "coordinates": [ 4336826.021855436265469, 5625353.505307768471539 ] } },
{ "type": "Feature", "properties": { "ID": 3106, "Address": "улица Орджоникидзе, 2", "Square": "72", "Rating": 4.991, "lat": 45.023737, "long": 38.960194, "index_right": 18.0, "id": 19.0, "geometry_y": "POLYGON ((38.9446491079065 45.01078196962335, 38.94807724064439 45.023248952052285, 38.96506471640198 45.02738317341601, 38.9786240594217 45.01905191423844, 38.97519592668381 45.0065840179679, 38.958208450926215 45.0024482947164, 38.9446491079065 45.01078196962335))", "population": 20000.0, "Pedestrian traffic": 46000.0, "car traffic": 29000.0, "poi_count": 53 }, "geometry": { "type": "Point", "coordinates": [ 4337028.957287152297795, 5625259.165431723929942 ] } },
{ "type": "Feature", "properties": { "ID": 319049, "Address": "улица Мира, 19", "Square": "60", "Rating": 5.0, "lat": 45.021927, "long": 38.963572, "index_right": 18.0, "id": 19.0, "geometry_y": "POLYGON ((38.9446491079065 45.01078196962335, 38.94807724064439 45.023248952052285, 38.96506471640198 45.02738317341601, 38.9786240594217 45.01905191423844, 38.97519592668381 45.0065840179679, 38.958208450926215 45.0024482947164, 38.9446491079065 45.01078196962335))", "population": 20000.0, "Pedestrian traffic": 46000.0, "car traffic": 29000.0, "poi_count": 76 }, "geometry": { "type": "Point", "coordinates": [ 4337404.994527052156627, 5624974.104358170181513 ] } },
{ "type": "Feature", "properties": { "ID": 50015771, "Address": "улица Кубанская Набережная, 31/1", "Square": "85.3", "Rating": 4.929, "lat": 45.021908, "long": 38.95811, "index_right": 18.0, "id": 19.0, "geometry_y": "POLYGON ((38.9446491079065 45.01078196962335, 38.94807724064439 45.023248952052285, 38.96506471640198 45.02738317341601, 38.9786240594217 45.01905191423844, 38.97519592668381 45.0065840179679, 38.958208450926215 45.0024482947164, 38.9446491079065 45.01078196962335))", "population": 20000.0, "Pedestrian traffic": 46000.0, "car traffic": 29000.0, "poi_count": 53 }, "geometry": { "type": "Point", "coordinates": [ 4336796.967468339018524, 5624971.112052159383893 ] } },
{ "type": "Feature", "properties": { "ID": 214583, "Address": "Постовая улица, 29", "Square": "80", "Rating": 4.997, "lat": 45.016869, "long": 38.960437, "index_right": 18.0, "id": 19.0, "geometry_y": "POLYGON ((38.9446491079065 45.01078196962335, 38.94807724064439 45.023248952052285, 38.96506471640198 45.02738317341601, 38.9786240594217 45.01905191423844, 38.97519592668381 45.0065840179679, 38.958208450926215 45.0024482947164, 38.9446491079065 45.01078196962335))", "population": 20000.0, "Pedestrian traffic": 46000.0, "car traffic": 29000.0, "poi_count": 84 }, "geometry": { "type": "Point", "coordinates": [ 4337056.007923414930701, 5624177.556052044034004 ] } },
{ "type": "Feature", "properties": { "ID": 155290, "Address": "улица Кубанская Набережная, 2", "Square": "71", "Rating": 5.0, "lat": 45.014371, "long": 38.958766, "index_right": 18.0, "id": 19.0, "geometry_y": "POLYGON ((38.9446491079065 45.01078196962335, 38.94807724064439 45.023248952052285, 38.96506471640198 45.02738317341601, 38.9786240594217 45.01905191423844, 38.97519592668381 45.0065840179679, 38.958208450926215 45.0024482947164, 38.9446491079065 45.01078196962335))", "population": 20000.0, "Pedestrian traffic": 46000.0, "car traffic": 29000.0, "poi_count": 68 }, "geometry": { "type": "Point", "coordinates": [ 4336869.993054299615324, 5623784.18982263840735 ] } },
{ "type": "Feature", "properties": { "ID": 213460, "Address": "улица Николая Кондратенко, 6к1", "Square": "134", "Rating": 5.0, "lat": 45.013938, "long": 38.964515, "index_right": 18.0, "id": 19.0, "geometry_y": "POLYGON ((38.9446491079065 45.01078196962335, 38.94807724064439 45.023248952052285, 38.96506471640198 45.02738317341601, 38.9786240594217 45.01905191423844, 38.97519592668381 45.0065840179679, 38.958208450926215 45.0024482947164, 38.9446491079065 45.01078196962335))", "population": 20000.0, "Pedestrian traffic": 46000.0, "car traffic": 29000.0, "poi_count": 112 }, "geometry": { "type": "Point", "coordinates": [ 4337509.968806869350374, 5623716.00598818063736 ] } },
{ "type": "Feature", "properties": { "ID": 5427, "Address": "улица Захарова, 31", "Square": "70.9", "Rating": 5.0, "lat": 45.007444, "long": 38.967049, "index_right": 18.0, "id": 19.0, "geometry_y": "POLYGON ((38.9446491079065 45.01078196962335, 38.94807724064439 45.023248952052285, 38.96506471640198 45.02738317341601, 38.9786240594217 45.01905191423844, 38.97519592668381 45.0065840179679, 38.958208450926215 45.0024482947164, 38.9446491079065 45.01078196962335))", "population": 20000.0, "Pedestrian traffic": 46000.0, "car traffic": 29000.0, "poi_count": 23 }, "geometry": { "type": "Point", "coordinates": [ 4337792.052396540530026, 5622693.467778678052127 ] } },
{ "type": "Feature", "properties": { "ID": 360286, "Address": "1-й Нефтезаводской проезд, 4", "Square": "71.3", "Rating": null, "lat": 45.004608, "long": 38.965045, "index_right": 18.0, "id": 19.0, "geometry_y": "POLYGON ((38.9446491079065 45.01078196962335, 38.94807724064439 45.023248952052285, 38.96506471640198 45.02738317341601, 38.9786240594217 45.01905191423844, 38.97519592668381 45.0065840179679, 38.958208450926215 45.0024482947164, 38.9446491079065 45.01078196962335))", "population": 20000.0, "Pedestrian traffic": 46000.0, "car traffic": 29000.0, "poi_count": 21 }, "geometry": { "type": "Point", "coordinates": [ 4337568.968136991374195, 5622246.950656890869141 ] } },
{ "type": "Feature", "properties": { "ID": 312402, "Address": "Песчаная улица, 9", "Square": "165", "Rating": 4.99, "lat": 45.007126, "long": 38.963024, "index_right": 18.0, "id": 19.0, "geometry_y": "POLYGON ((38.9446491079065 45.01078196962335, 38.94807724064439 45.023248952052285, 38.96506471640198 45.02738317341601, 38.9786240594217 45.01905191423844, 38.97519592668381 45.0065840179679, 38.958208450926215 45.0024482947164, 38.9446491079065 45.01078196962335))", "population": 20000.0, "Pedestrian traffic": 46000.0, "car traffic": 29000.0, "poi_count": 17 }, "geometry": { "type": "Point", "coordinates": [ 4337343.99144609645009, 5622643.398820448666811 ] } },
{ "type": "Feature", "properties": { "ID": 125903, "Address": "Индустриальная улица, 54/1", "Square": "60", "Rating": 4.97, "lat": 45.006979, "long": 38.96076, "index_right": 18.0, "id": 19.0, "geometry_y": "POLYGON ((38.9446491079065 45.01078196962335, 38.94807724064439 45.023248952052285, 38.96506471640198 45.02738317341601, 38.9786240594217 45.01905191423844, 38.97519592668381 45.0065840179679, 38.958208450926215 45.0024482947164, 38.9446491079065 45.01078196962335))", "population": 20000.0, "Pedestrian traffic": 46000.0, "car traffic": 29000.0, "poi_count": 10 }, "geometry": { "type": "Point", "coordinates": [ 4337091.964118941687047, 5622620.253829926252365 ] } },
{ "type": "Feature", "properties": { "ID": 321994, "Address": "улица Коммунаров, 12", "Square": "86", "Rating": 4.997, "lat": 45.015365, "long": 38.972061, "index_right": 18.0, "id": 19.0, "geometry_y": "POLYGON ((38.9446491079065 45.01078196962335, 38.94807724064439 45.023248952052285, 38.96506471640198 45.02738317341601, 38.9786240594217 45.01905191423844, 38.97519592668381 45.0065840179679, 38.958208450926215 45.0024482947164, 38.9446491079065 45.01078196962335))", "population": 20000.0, "Pedestrian traffic": 46000.0, "car traffic": 29000.0, "poi_count": 60 }, "geometry": { "type": "Point", "coordinates": [ 4338349.985684395767748, 5623940.715402042493224 ] } },
{ "type": "Feature", "properties": { "ID": 50008881, "Address": "Советская улица, 59", "Square": "40", "Rating": 4.985, "lat": 45.016945, "long": 38.97454, "index_right": 18.0, "id": 19.0, "geometry_y": "POLYGON ((38.9446491079065 45.01078196962335, 38.94807724064439 45.023248952052285, 38.96506471640198 45.02738317341601, 38.9786240594217 45.01905191423844, 38.97519592668381 45.0065840179679, 38.958208450926215 45.0024482947164, 38.9446491079065 45.01078196962335))", "population": 20000.0, "Pedestrian traffic": 46000.0, "car traffic": 29000.0, "poi_count": 33 }, "geometry": { "type": "Point", "coordinates": [ 4338625.946702072396874, 5624189.524228724651039 ] } },
{ "type": "Feature", "properties": { "ID": 50019523, "Address": "улица Коммунаров, 33", "Square": "88", "Rating": 5.0, "lat": 45.019831, "long": 38.973067, "index_right": 18.0, "id": 19.0, "geometry_y": "POLYGON ((38.9446491079065 45.01078196962335, 38.94807724064439 45.023248952052285, 38.96506471640198 45.02738317341601, 38.9786240594217 45.01905191423844, 38.97519592668381 45.0065840179679, 38.958208450926215 45.0024482947164, 38.9446491079065 45.01078196962335))", "population": 20000.0, "Pedestrian traffic": 46000.0, "car traffic": 29000.0, "poi_count": 74 }, "geometry": { "type": "Point", "coordinates": [ 4338461.97309213411063, 5624644.011745546013117 ] } },
{ "type": "Feature", "properties": { "ID": 306046, "Address": "улица Мира, 55", "Square": "70", "Rating": 4.981, "lat": 45.019621, "long": 38.978125, "index_right": 26.0, "id": 27.0, "geometry_y": "POLYGON ((38.96506471640198 45.02738317341601, 38.96849284913987 45.039846541314986, 38.985480324897466 45.043979563877855, 38.999039667917174 45.03565072042854, 38.99561153517929 45.02318643868839, 38.9786240594217 45.01905191423844, 38.96506471640198 45.02738317341601))", "population": 21000.0, "Pedestrian traffic": 95000.0, "car traffic": 52000.0, "poi_count": 26 }, "geometry": { "type": "Point", "coordinates": [ 4339025.027076566591859, 5624610.940155512653291 ] } },
{ "type": "Feature", "properties": { "ID": 172240, "Address": "улица Ленина, 90/2", "Square": "63", "Rating": 4.998, "lat": 45.019774, "long": 38.983613, "index_right": 25.0, "id": 26.0, "geometry_y": "POLYGON ((38.97519592668381 45.00658401796791, 38.9786240594217 45.01905191423846, 38.99561153517929 45.0231864386884, 39.009170878199 45.01485456875558, 39.00574274546111 45.00238575864337, 38.98875526970352 44.99824973230555, 38.97519592668381 45.00658401796791))", "population": 7500.0, "Pedestrian traffic": 20000.0, "car traffic": 20000.0, "poi_count": 36 }, "geometry": { "type": "Point", "coordinates": [ 4339635.948442040011287, 5624635.035159112885594 ] } },
{ "type": "Feature", "properties": { "ID": 159277, "Address": "улица Ленина, 52", "Square": "55", "Rating": 4.996, "lat": 45.023087, "long": 38.973741, "index_right": 26.0, "id": 27.0, "geometry_y": "POLYGON ((38.96506471640198 45.02738317341601, 38.96849284913987 45.039846541314986, 38.985480324897466 45.043979563877855, 38.999039667917174 45.03565072042854, 38.99561153517929 45.02318643868839, 38.9786240594217 45.01905191423844, 38.96506471640198 45.02738317341601))", "population": 21000.0, "Pedestrian traffic": 95000.0, "car traffic": 52000.0, "poi_count": 117 }, "geometry": { "type": "Point", "coordinates": [ 4338537.002428928390145, 5625156.794395822100341 ] } },
{ "type": "Feature", "properties": { "ID": 50006259, "Address": "улица Митрофана Седина, 51А", "Square": "71.7", "Rating": 4.99, "lat": 45.023469, "long": 38.976723, "index_right": 26.0, "id": 27.0, "geometry_y": "POLYGON ((38.96506471640198 45.02738317341601, 38.96849284913987 45.039846541314986, 38.985480324897466 45.043979563877855, 38.999039667917174 45.03565072042854, 38.99561153517929 45.02318643868839, 38.9786240594217 45.01905191423844, 38.96506471640198 45.02738317341601))", "population": 21000.0, "Pedestrian traffic": 95000.0, "car traffic": 52000.0, "poi_count": 47 }, "geometry": { "type": "Point", "coordinates": [ 4338868.957150474190712, 5625216.956925331614912 ] } },
{ "type": "Feature", "properties": { "ID": 50017354, "Address": "улица Гоголя, 75", "Square": "70.5", "Rating": 5.0, "lat": 45.026132, "long": 38.976454, "index_right": 26.0, "id": 27.0, "geometry_y": "POLYGON ((38.96506471640198 45.02738317341601, 38.96849284913987 45.039846541314986, 38.985480324897466 45.043979563877855, 38.999039667917174 45.03565072042854, 38.99561153517929 45.02318643868839, 38.9786240594217 45.01905191423844, 38.96506471640198 45.02738317341601))", "population": 21000.0, "Pedestrian traffic": 95000.0, "car traffic": 52000.0, "poi_count": 156 }, "geometry": { "type": "Point", "coordinates": [ 4338839.012207450345159, 5625636.373357365839183 ] } },
{ "type": "Feature", "properties": { "ID": 50005049, "Address": "улица Леваневского, 40", "Square": "47.2", "Rating": 4.94, "lat": 45.026393, "long": 38.98232, "index_right": 26.0, "id": 27.0, "geometry_y": "POLYGON ((38.96506471640198 45.02738317341601, 38.96849284913987 45.039846541314986, 38.985480324897466 45.043979563877855, 38.999039667917174 45.03565072042854, 38.99561153517929 45.02318643868839, 38.9786240594217 45.01905191423844, 38.96506471640198 45.02738317341601))", "population": 21000.0, "Pedestrian traffic": 95000.0, "car traffic": 52000.0, "poi_count": 12 }, "geometry": { "type": "Point", "coordinates": [ 4339492.012340444140136, 5625677.481312497518957 ] } },
{ "type": "Feature", "properties": { "ID": 50008255, "Address": "улица Горького, 169", "Square": "56.8", "Rating": 5.0, "lat": 45.02984, "long": 38.982868, "index_right": 26.0, "id": 27.0, "geometry_y": "POLYGON ((38.96506471640198 45.02738317341601, 38.96849284913987 45.039846541314986, 38.985480324897466 45.043979563877855, 38.999039667917174 45.03565072042854, 38.99561153517929 45.02318643868839, 38.9786240594217 45.01905191423844, 38.96506471640198 45.02738317341601))", "population": 21000.0, "Pedestrian traffic": 95000.0, "car traffic": 52000.0, "poi_count": 14 }, "geometry": { "type": "Point", "coordinates": [ 4339553.01542139891535, 5626220.407408229075372 ] } },
{ "type": "Feature", "properties": { "ID": 50011386, "Address": "улица Митрофана Седина, 102", "Square": "40", "Rating": 4.718, "lat": 45.02982, "long": 38.979266, "index_right": 26.0, "id": 27.0, "geometry_y": "POLYGON ((38.96506471640198 45.02738317341601, 38.96849284913987 45.039846541314986, 38.985480324897466 45.043979563877855, 38.999039667917174 45.03565072042854, 38.99561153517929 45.02318643868839, 38.9786240594217 45.01905191423844, 38.96506471640198 45.02738317341601))", "population": 21000.0, "Pedestrian traffic": 95000.0, "car traffic": 52000.0, "poi_count": 28 }, "geometry": { "type": "Point", "coordinates": [ 4339152.042615561746061, 5626217.257177018560469 ] } },
{ "type": "Feature", "properties": { "ID": 134871, "Address": "улица Коммунаров, 109", "Square": "66.5", "Rating": 4.998, "lat": 45.032407, "long": 38.977262, "index_right": 26.0, "id": 27.0, "geometry_y": "POLYGON ((38.96506471640198 45.02738317341601, 38.96849284913987 45.039846541314986, 38.985480324897466 45.043979563877855, 38.999039667917174 45.03565072042854, 38.99561153517929 45.02318643868839, 38.9786240594217 45.01905191423844, 38.96506471640198 45.02738317341601))", "population": 21000.0, "Pedestrian traffic": 95000.0, "car traffic": 52000.0, "poi_count": 68 }, "geometry": { "type": "Point", "coordinates": [ 4338928.95835601259023, 5626624.748722072690725 ] } },
{ "type": "Feature", "properties": { "ID": 329651, "Address": "улица Митрофана Седина, 141", "Square": "30", "Rating": 4.965, "lat": 45.033986, "long": 38.9802, "index_right": 26.0, "id": 27.0, "geometry_y": "POLYGON ((38.96506471640198 45.02738317341601, 38.96849284913987 45.039846541314986, 38.985480324897466 45.043979563877855, 38.999039667917174 45.03565072042854, 38.99561153517929 45.02318643868839, 38.9786240594217 45.01905191423844, 38.96506471640198 45.02738317341601))", "population": 21000.0, "Pedestrian traffic": 95000.0, "car traffic": 52000.0, "poi_count": 26 }, "geometry": { "type": "Point", "coordinates": [ 4339256.015019963495433, 5626873.474106007255614 ] } },
{ "type": "Feature", "properties": { "ID": 317079, "Address": "улица Суворова, 137", "Square": "65", "Rating": 4.977, "lat": 45.023297, "long": 38.987099, "index_right": 26.0, "id": 27.0, "geometry_y": "POLYGON ((38.96506471640198 45.02738317341601, 38.96849284913987 45.039846541314986, 38.985480324897466 45.043979563877855, 38.999039667917174 45.03565072042854, 38.99561153517929 45.02318643868839, 38.9786240594217 45.01905191423844, 38.96506471640198 45.02738317341601))", "population": 21000.0, "Pedestrian traffic": 95000.0, "car traffic": 52000.0, "poi_count": 36 }, "geometry": { "type": "Point", "coordinates": [ 4340024.008186945691705, 5625189.867988015525043 ] } },
{ "type": "Feature", "properties": { "ID": 327650, "Address": "Железнодорожная улица, 23/1", "Square": "90", "Rating": 4.989, "lat": 45.023597, "long": 38.991213, "index_right": 26.0, "id": 27.0, "geometry_y": "POLYGON ((38.96506471640198 45.02738317341601, 38.96849284913987 45.039846541314986, 38.985480324897466 45.043979563877855, 38.999039667917174 45.03565072042854, 38.99561153517929 45.02318643868839, 38.9786240594217 45.01905191423844, 38.96506471640198 45.02738317341601))", "population": 21000.0, "Pedestrian traffic": 95000.0, "car traffic": 52000.0, "poi_count": 39 }, "geometry": { "type": "Point", "coordinates": [ 4340481.976572069339454, 5625237.116187319159508 ] } },
{ "type": "Feature", "properties": { "ID": 144910, "Address": "Железнодорожная улица, 31", "Square": "50", "Rating": 4.925, "lat": 45.023896, "long": 38.992192, "index_right": 26.0, "id": 27.0, "geometry_y": "POLYGON ((38.96506471640198 45.02738317341601, 38.96849284913987 45.039846541314986, 38.985480324897466 45.043979563877855, 38.999039667917174 45.03565072042854, 38.99561153517929 45.02318643868839, 38.9786240594217 45.01905191423844, 38.96506471640198 45.02738317341601))", "population": 21000.0, "Pedestrian traffic": 95000.0, "car traffic": 52000.0, "poi_count": 31 }, "geometry": { "type": "Point", "coordinates": [ 4340590.958353555761278, 5625284.207138982601464 ] } },
{ "type": "Feature", "properties": { "ID": 50022194, "Address": "Казачья улица, 22/1", "Square": "47", "Rating": 4.996, "lat": 45.03019, "long": 38.99495, "index_right": 26.0, "id": 27.0, "geometry_y": "POLYGON ((38.96506471640198 45.02738317341601, 38.96849284913987 45.039846541314986, 38.985480324897466 45.043979563877855, 38.999039667917174 45.03565072042854, 38.99561153517929 45.02318643868839, 38.9786240594217 45.01905191423844, 38.96506471640198 45.02738317341601))", "population": 21000.0, "Pedestrian traffic": 95000.0, "car traffic": 52000.0, "poi_count": 8 }, "geometry": { "type": "Point", "coordinates": [ 4340897.977509163320065, 5626275.536632591858506 ] } },
{ "type": "Feature", "properties": { "ID": 169830, "Address": "Садовая улица, 6", "Square": "52", "Rating": 4.977, "lat": 45.029158, "long": 38.991231, "index_right": 26.0, "id": 27.0, "geometry_y": "POLYGON ((38.96506471640198 45.02738317341601, 38.96849284913987 45.039846541314986, 38.985480324897466 45.043979563877855, 38.999039667917174 45.03565072042854, 38.99561153517929 45.02318643868839, 38.9786240594217 45.01905191423844, 38.96506471640198 45.02738317341601))", "population": 21000.0, "Pedestrian traffic": 95000.0, "car traffic": 52000.0, "poi_count": 22 }, "geometry": { "type": "Point", "coordinates": [ 4340483.98032290302217, 5626112.985145197249949 ] } },
{ "type": "Feature", "properties": { "ID": 50002078, "Address": "Длинная улица, 203", "Square": "73.7", "Rating": 4.94, "lat": 45.032738, "long": 38.984961, "index_right": 26.0, "id": 27.0, "geometry_y": "POLYGON ((38.96506471640198 45.02738317341601, 38.96849284913987 45.039846541314986, 38.985480324897466 45.043979563877855, 38.999039667917174 45.03565072042854, 38.99561153517929 45.02318643868839, 38.9786240594217 45.01905191423844, 38.96506471640198 45.02738317341601))", "population": 21000.0, "Pedestrian traffic": 95000.0, "car traffic": 52000.0, "poi_count": 9 }, "geometry": { "type": "Point", "coordinates": [ 4339786.007115628570318, 5626676.887546917423606 ] } },
{ "type": "Feature", "properties": { "ID": 311084, "Address": "улица Володарского, 5/1", "Square": "86.3", "Rating": 4.96, "lat": 45.029502, "long": 39.003646, "index_right": 34.0, "id": 35.0, "geometry_y": "POLYGON ((38.99561153517929 45.02318643868839, 38.999039667917174 45.03565072042854, 39.01602714367477 45.039784046077436, 39.02958648669448 45.031454591873235, 39.026158353956596 45.018989396291765, 39.009170878199 45.014854568755574, 38.99561153517929 45.02318643868839))", "population": 25000.0, "Pedestrian traffic": 50000.0, "car traffic": 47000.0, "poi_count": 13 }, "geometry": { "type": "Point", "coordinates": [ 4341866.01180110219866, 5626167.168648676015437 ] } },
{ "type": "Feature", "properties": { "ID": 312025, "Address": "Промышленная улица, 19/1", "Square": "60", "Rating": 4.988, "lat": 45.042139, "long": 38.986892, "index_right": 26.0, "id": 27.0, "geometry_y": "POLYGON ((38.96506471640198 45.02738317341601, 38.96849284913987 45.039846541314986, 38.985480324897466 45.043979563877855, 38.999039667917174 45.03565072042854, 38.99561153517929 45.02318643868839, 38.9786240594217 45.01905191423844, 38.96506471640198 45.02738317341601))", "population": 21000.0, "Pedestrian traffic": 95000.0, "car traffic": 52000.0, "poi_count": 30 }, "geometry": { "type": "Point", "coordinates": [ 4340000.96505235042423, 5628157.850612138397992 ] } },
{ "type": "Feature", "properties": { "ID": 50032099, "Address": "Промышленная улица, 21/9", "Square": "69", "Rating": 4.997, "lat": 45.041031, "long": 38.989435, "index_right": 26.0, "id": 27.0, "geometry_y": "POLYGON ((38.96506471640198 45.02738317341601, 38.96849284913987 45.039846541314986, 38.985480324897466 45.043979563877855, 38.999039667917174 45.03565072042854, 38.99561153517929 45.02318643868839, 38.9786240594217 45.01905191423844, 38.96506471640198 45.02738317341601))", "population": 21000.0, "Pedestrian traffic": 95000.0, "car traffic": 52000.0, "poi_count": 37 }, "geometry": { "type": "Point", "coordinates": [ 4340284.050517438910902, 5627983.291949059814215 ] } },
{ "type": "Feature", "properties": { "ID": 172245, "Address": "улица Леваневского, 187", "Square": "42.9", "Rating": 4.975, "lat": 45.040139, "long": 38.986829, "index_right": 26.0, "id": 27.0, "geometry_y": "POLYGON ((38.96506471640198 45.02738317341601, 38.96849284913987 45.039846541314986, 38.985480324897466 45.043979563877855, 38.999039667917174 45.03565072042854, 38.99561153517929 45.02318643868839, 38.9786240594217 45.01905191423844, 38.96506471640198 45.02738317341601))", "population": 21000.0, "Pedestrian traffic": 95000.0, "car traffic": 52000.0, "poi_count": 44 }, "geometry": { "type": "Point", "coordinates": [ 4339993.951924431137741, 5627842.765228846110404 ] } },
{ "type": "Feature", "properties": { "ID": 206380, "Address": "улица Володи Головатого, 335", "Square": "52.9", "Rating": 4.998, "lat": 45.038063, "long": 38.979921, "index_right": 26.0, "id": 27.0, "geometry_y": "POLYGON ((38.96506471640198 45.02738317341601, 38.96849284913987 45.039846541314986, 38.985480324897466 45.043979563877855, 38.999039667917174 45.03565072042854, 38.99561153517929 45.02318643868839, 38.9786240594217 45.01905191423844, 38.96506471640198 45.02738317341601))", "population": 21000.0, "Pedestrian traffic": 95000.0, "car traffic": 52000.0, "poi_count": 66 }, "geometry": { "type": "Point", "coordinates": [ 4339224.956882030703127, 5627515.718250494450331 ] } },
{ "type": "Feature", "properties": { "ID": 50013942, "Address": "Красноармейская улица, 131", "Square": "95", "Rating": 4.988, "lat": 45.038993, "long": 38.977199, "index_right": 26.0, "id": 27.0, "geometry_y": "POLYGON ((38.96506471640198 45.02738317341601, 38.96849284913987 45.039846541314986, 38.985480324897466 45.043979563877855, 38.999039667917174 45.03565072042854, 38.99561153517929 45.02318643868839, 38.9786240594217 45.01905191423844, 38.96506471640198 45.02738317341601))", "population": 21000.0, "Pedestrian traffic": 95000.0, "car traffic": 52000.0, "poi_count": 170 }, "geometry": { "type": "Point", "coordinates": [ 4338921.945228091441095, 5627662.226267812773585 ] } },
{ "type": "Feature", "properties": { "ID": 50006250, "Address": "улица Хакурате, 10к1", "Square": "64", "Rating": 5.0, "lat": 45.041674, "long": 38.978628, "index_right": 26.0, "id": 27.0, "geometry_y": "POLYGON ((38.96506471640198 45.02738317341601, 38.96849284913987 45.039846541314986, 38.985480324897466 45.043979563877855, 38.999039667917174 45.03565072042854, 38.99561153517929 45.02318643868839, 38.9786240594217 45.01905191423844, 38.96506471640198 45.02738317341601))", "population": 21000.0, "Pedestrian traffic": 95000.0, "car traffic": 52000.0, "poi_count": 103 }, "geometry": { "type": "Point", "coordinates": [ 4339081.020780435763299, 5628084.59227779135108 ] } },
{ "type": "Feature", "properties": { "ID": 213607, "Address": "улица Хакурате, 4", "Square": "54", "Rating": 4.989, "lat": 45.042305, "long": 38.975475, "index_right": 27.0, "id": 28.0, "geometry_y": "POLYGON ((38.954933506120156 45.048174774009524, 38.95836163885804 45.06063361354079, 38.97534911461564 45.064765134218185, 38.988908457635354 45.05643931724932, 38.985480324897466 45.043979563877855, 38.96849284913987 45.03984654131497, 38.954933506120156 45.048174774009524))", "population": 39000.0, "Pedestrian traffic": 95000.0, "car traffic": 51000.0, "poi_count": 127 }, "geometry": { "type": "Point", "coordinates": [ 4338730.030425963923335, 5628184.003193995915353 ] } },
{ "type": "Feature", "properties": { "ID": 50016730, "Address": "Садовая улица, 112", "Square": "55.6", "Rating": 4.979, "lat": 45.040356, "long": 38.995211, "index_right": 35.0, "id": 36.0, "geometry_y": "POLYGON ((38.985480324897466 45.043979563877855, 38.988908457635354 45.05643931724932, 39.00589593339294 45.06057114101235, 39.019455276412664 45.05224471328934, 39.01602714367477 45.039784046077436, 38.99903966791718 45.03565072042854, 38.985480324897466 45.043979563877855))", "population": 25000.0, "Pedestrian traffic": 52000.0, "car traffic": 41000.0, "poi_count": 40 }, "geometry": { "type": "Point", "coordinates": [ 4340927.031896259635687, 5627876.951460243202746 ] } },
{ "type": "Feature", "properties": { "ID": 130439, "Address": "Березанская улица, 89", "Square": "52", "Rating": 4.976, "lat": 45.039929, "long": 38.998606, "index_right": 35.0, "id": 36.0, "geometry_y": "POLYGON ((38.985480324897466 45.043979563877855, 38.988908457635354 45.05643931724932, 39.00589593339294 45.06057114101235, 39.019455276412664 45.05224471328934, 39.01602714367477 45.039784046077436, 38.99903966791718 45.03565072042854, 38.985480324897466 45.043979563877855))", "population": 25000.0, "Pedestrian traffic": 52000.0, "car traffic": 41000.0, "poi_count": 10 }, "geometry": { "type": "Point", "coordinates": [ 4341304.961567503400147, 5627809.681902556680143 ] } },
{ "type": "Feature", "properties": { "ID": 50001545, "Address": "Садовая улица, 85", "Square": "75", "Rating": 4.988, "lat": 45.035598, "long": 38.993046, "index_right": 26.0, "id": 27.0, "geometry_y": "POLYGON ((38.96506471640198 45.02738317341601, 38.96849284913987 45.039846541314986, 38.985480324897466 45.043979563877855, 38.999039667917174 45.03565072042854, 38.99561153517929 45.02318643868839, 38.9786240594217 45.01905191423844, 38.96506471640198 45.02738317341601))", "population": 21000.0, "Pedestrian traffic": 95000.0, "car traffic": 52000.0, "poi_count": 52 }, "geometry": { "type": "Point", "coordinates": [ 4340686.025198692455888, 5627127.404756627976894 ] } },
{ "type": "Feature", "properties": { "ID": 126997, "Address": "Северная улица, 411", "Square": "30", "Rating": 4.998, "lat": 45.037228, "long": 38.996576, "index_right": 35.0, "id": 36.0, "geometry_y": "POLYGON ((38.985480324897466 45.043979563877855, 38.988908457635354 45.05643931724932, 39.00589593339294 45.06057114101235, 39.019455276412664 45.05224471328934, 39.01602714367477 45.039784046077436, 38.99903966791718 45.03565072042854, 38.985480324897466 45.043979563877855))", "population": 25000.0, "Pedestrian traffic": 52000.0, "car traffic": 41000.0, "poi_count": 44 }, "geometry": { "type": "Point", "coordinates": [ 4341078.983001192100346, 5627384.178134672343731 ] } },
{ "type": "Feature", "properties": { "ID": 50009505, "Address": "Северная улица, 500", "Square": "50.7", "Rating": 5.0, "lat": 45.036502, "long": 38.998238, "index_right": 35.0, "id": 36.0, "geometry_y": "POLYGON ((38.985480324897466 45.043979563877855, 38.988908457635354 45.05643931724932, 39.00589593339294 45.06057114101235, 39.019455276412664 45.05224471328934, 39.01602714367477 45.039784046077436, 38.99903966791718 45.03565072042854, 38.985480324897466 45.043979563877855))", "population": 25000.0, "Pedestrian traffic": 52000.0, "car traffic": 41000.0, "poi_count": 27 }, "geometry": { "type": "Point", "coordinates": [ 4341263.99599489197135, 5627269.810683776624501 ] } },
{ "type": "Feature", "properties": { "ID": 311084, "Address": "улица Володарского, 5/1", "Square": "86.3", "Rating": 4.96, "lat": 45.029502, "long": 39.003646, "index_right": 34.0, "id": 35.0, "geometry_y": "POLYGON ((38.99561153517929 45.02318643868839, 38.999039667917174 45.03565072042854, 39.01602714367477 45.039784046077436, 39.02958648669448 45.031454591873235, 39.026158353956596 45.018989396291765, 39.009170878199 45.014854568755574, 38.99561153517929 45.02318643868839))", "population": 25000.0, "Pedestrian traffic": 50000.0, "car traffic": 47000.0, "poi_count": 13 }, "geometry": { "type": "Point", "coordinates": [ 4341866.01180110219866, 5626167.168648676015437 ] } },
{ "type": "Feature", "properties": { "ID": 214958, "Address": "улица Володарского, 47", "Square": "60", "Rating": 5.0, "lat": 45.034286, "long": 39.005263, "index_right": 34.0, "id": 35.0, "geometry_y": "POLYGON ((38.99561153517929 45.02318643868839, 38.999039667917174 45.03565072042854, 39.01602714367477 45.039784046077436, 39.02958648669448 45.031454591873235, 39.026158353956596 45.018989396291765, 39.009170878199 45.014854568755574, 38.99561153517929 45.02318643868839))", "population": 25000.0, "Pedestrian traffic": 50000.0, "car traffic": 47000.0, "poi_count": 21 }, "geometry": { "type": "Point", "coordinates": [ 4342046.015417714603245, 5626920.731129538267851 ] } },
{ "type": "Feature", "properties": { "ID": 3090, "Address": "Промышленная улица, 49/2", "Square": "87", "Rating": 4.999, "lat": 45.038751, "long": 39.003942, "index_right": 35.0, "id": 36.0, "geometry_y": "POLYGON ((38.985480324897466 45.043979563877855, 38.988908457635354 45.05643931724932, 39.00589593339294 45.06057114101235, 39.019455276412664 45.05224471328934, 39.01602714367477 45.039784046077436, 38.99903966791718 45.03565072042854, 38.985480324897466 45.043979563877855))", "population": 25000.0, "Pedestrian traffic": 52000.0, "car traffic": 41000.0, "poi_count": 12 }, "geometry": { "type": "Point", "coordinates": [ 4341898.962370376102626, 5627624.102447009645402 ] } },
{ "type": "Feature", "properties": { "ID": 335637, "Address": "Передовая улица, 65", "Square": "65", "Rating": 5.0, "lat": 45.039114, "long": 39.008605, "index_right": 35.0, "id": 36.0, "geometry_y": "POLYGON ((38.985480324897466 45.043979563877855, 38.988908457635354 45.05643931724932, 39.00589593339294 45.06057114101235, 39.019455276412664 45.05224471328934, 39.01602714367477 45.039784046077436, 38.99903966791718 45.03565072042854, 38.985480324897466 45.043979563877855))", "population": 25000.0, "Pedestrian traffic": 52000.0, "car traffic": 41000.0, "poi_count": 9 }, "geometry": { "type": "Point", "coordinates": [ 4342418.045155945234001, 5627681.28823868278414 ] } },
{ "type": "Feature", "properties": { "ID": 314375, "Address": "улица 9 Мая, 48/1к1", "Square": "62", "Rating": 5.0, "lat": 45.033095, "long": 39.019941, "index_right": 34.0, "id": 35.0, "geometry_y": "POLYGON ((38.99561153517929 45.02318643868839, 38.999039667917174 45.03565072042854, 39.01602714367477 45.039784046077436, 39.02958648669448 45.031454591873235, 39.026158353956596 45.018989396291765, 39.009170878199 45.014854568755574, 38.99561153517929 45.02318643868839))", "population": 25000.0, "Pedestrian traffic": 50000.0, "car traffic": 47000.0, "poi_count": 20 }, "geometry": { "type": "Point", "coordinates": [ 4343679.96290357876569, 5626733.122206588275731 ] } },
{ "type": "Feature", "properties": { "ID": 50034108, "Address": "Плановый проезд, 9", "Square": "90", "Rating": 5.0, "lat": 45.034165, "long": 39.01721, "index_right": 34.0, "id": 35.0, "geometry_y": "POLYGON ((38.99561153517929 45.02318643868839, 38.999039667917174 45.03565072042854, 39.01602714367477 45.039784046077436, 39.02958648669448 45.031454591873235, 39.026158353956596 45.018989396291765, 39.009170878199 45.014854568755574, 38.99561153517929 45.02318643868839))", "population": 25000.0, "Pedestrian traffic": 50000.0, "car traffic": 47000.0, "poi_count": 29 }, "geometry": { "type": "Point", "coordinates": [ 4343375.949374221265316, 5626901.670766904018819 ] } },
{ "type": "Feature", "properties": { "ID": 137023, "Address": "улица Филатова, 19", "Square": "67.3", "Rating": 4.935, "lat": 45.035725, "long": 39.015549, "index_right": 34.0, "id": 35.0, "geometry_y": "POLYGON ((38.99561153517929 45.02318643868839, 38.999039667917174 45.03565072042854, 39.01602714367477 45.039784046077436, 39.02958648669448 45.031454591873235, 39.026158353956596 45.018989396291765, 39.009170878199 45.014854568755574, 38.99561153517929 45.02318643868839))", "population": 25000.0, "Pedestrian traffic": 50000.0, "car traffic": 47000.0, "poi_count": 35 }, "geometry": { "type": "Point", "coordinates": [ 4343191.047700013965368, 5627147.410763224586844 ] } },
{ "type": "Feature", "properties": { "ID": 50017960, "Address": "Школьная улица, 5", "Square": "39.9", "Rating": 5.0, "lat": 45.036604, "long": 39.017938, "index_right": 34.0, "id": 35.0, "geometry_y": "POLYGON ((38.99561153517929 45.02318643868839, 38.999039667917174 45.03565072042854, 39.01602714367477 45.039784046077436, 39.02958648669448 45.031454591873235, 39.026158353956596 45.018989396291765, 39.009170878199 45.014854568755574, 38.99561153517929 45.02318643868839))", "population": 25000.0, "Pedestrian traffic": 50000.0, "car traffic": 47000.0, "poi_count": 45 }, "geometry": { "type": "Point", "coordinates": [ 4343456.989963519386947, 5627285.878750423900783 ] } },
{ "type": "Feature", "properties": { "ID": 123498, "Address": "Школьная улица, 13", "Square": "60", "Rating": 4.937, "lat": 45.03663, "long": 39.022331, "index_right": 42.0, "id": 43.0, "geometry_y": "POLYGON ((39.01602714367477 45.039784046077436, 39.01945527641265 45.05224471328934, 39.036442752170245 45.056376840138114, 39.05000209518996 45.04804980166078, 39.04657396245207 45.03558822060822, 39.02958648669448 45.031454591873235, 39.01602714367477 45.039784046077436))", "population": 25000.0, "Pedestrian traffic": 41000.0, "car traffic": 42000.0, "poi_count": 51 }, "geometry": { "type": "Point", "coordinates": [ 4343946.016486573964357, 5627289.974536701105535 ] } },
{ "type": "Feature", "properties": { "ID": 308981, "Address": "улица Академика Пустовойта, 4/1", "Square": "120", "Rating": 4.995, "lat": 45.038502, "long": 39.019636, "index_right": 42.0, "id": 43.0, "geometry_y": "POLYGON ((39.01602714367477 45.039784046077436, 39.01945527641265 45.05224471328934, 39.036442752170245 45.056376840138114, 39.05000209518996 45.04804980166078, 39.04657396245207 45.03558822060822, 39.02958648669448 45.031454591873235, 39.01602714367477 45.039784046077436))", "population": 25000.0, "Pedestrian traffic": 41000.0, "car traffic": 42000.0, "poi_count": 53 }, "geometry": { "type": "Point", "coordinates": [ 4343646.01045888569206, 5627584.876039362512529 ] } },
{ "type": "Feature", "properties": { "ID": 110564, "Address": "Черниговская улица, 8", "Square": "85", "Rating": 5.0, "lat": 45.039419, "long": 39.019295, "index_right": 42.0, "id": 43.0, "geometry_y": "POLYGON ((39.01602714367477 45.039784046077436, 39.01945527641265 45.05224471328934, 39.036442752170245 45.056376840138114, 39.05000209518996 45.04804980166078, 39.04657396245207 45.03558822060822, 39.02958648669448 45.031454591873235, 39.01602714367477 45.039784046077436))", "population": 25000.0, "Pedestrian traffic": 41000.0, "car traffic": 42000.0, "poi_count": 38 }, "geometry": { "type": "Point", "coordinates": [ 4343608.050512525252998, 5627729.337187095545232 ] } },
{ "type": "Feature", "properties": { "ID": 317467, "Address": "улица Академика Пустовойта, 25", "Square": "67", "Rating": 4.972, "lat": 45.041311, "long": 39.024235, "index_right": 42.0, "id": 43.0, "geometry_y": "POLYGON ((39.01602714367477 45.039784046077436, 39.01945527641265 45.05224471328934, 39.036442752170245 45.056376840138114, 39.05000209518996 45.04804980166078, 39.04657396245207 45.03558822060822, 39.02958648669448 45.031454591873235, 39.01602714367477 45.039784046077436))", "population": 25000.0, "Pedestrian traffic": 41000.0, "car traffic": 42000.0, "poi_count": 46 }, "geometry": { "type": "Point", "coordinates": [ 4344157.968797043897212, 5628027.403927387669683 ] } },
{ "type": "Feature", "properties": { "ID": 304144, "Address": "улица имени Валерия Гассия, 4/7к2", "Square": "50", "Rating": 5.0, "lat": 44.986264, "long": 39.069816, "index_right": null, "id": null, "geometry_y": null, "population": null, "Pedestrian traffic": null, "car traffic": null, "poi_count": 5 }, "geometry": { "type": "Point", "coordinates": [ 4349232.022506892681122, 5619359.293267337605357 ] } },
{ "type": "Feature", "properties": { "ID": 50002914, "Address": "улица имени Валерия Гассия, 4/7к4", "Square": "72", "Rating": 4.999, "lat": 44.987125, "long": 39.070957, "index_right": null, "id": null, "geometry_y": null, "population": null, "Pedestrian traffic": null, "car traffic": null, "poi_count": 7 }, "geometry": { "type": "Point", "coordinates": [ 4349359.038045886904001, 5619494.808629430830479 ] } },
{ "type": "Feature", "properties": { "ID": 308716, "Address": "улица имени Валерия Гассия, 4/4", "Square": "97", "Rating": 4.999, "lat": 44.988993, "long": 39.070022, "index_right": null, "id": null, "geometry_y": null, "population": null, "Pedestrian traffic": null, "car traffic": null, "poi_count": 15 }, "geometry": { "type": "Point", "coordinates": [ 4349254.954321996308863, 5619788.82572865486145 ] } },
{ "type": "Feature", "properties": { "ID": 157942, "Address": "улица имени Валерия Гассия, 10", "Square": "30", "Rating": 5.0, "lat": 44.9897, "long": 39.072107, "index_right": null, "id": null, "geometry_y": null, "population": null, "Pedestrian traffic": null, "car traffic": null, "poi_count": 21 }, "geometry": { "type": "Point", "coordinates": [ 4349487.055460300296545, 5619900.107719236053526 ] } },
{ "type": "Feature", "properties": { "ID": 157965, "Address": "улица имени Валерия Гассия, 4/1", "Square": "49", "Rating": 4.995, "lat": 44.99021, "long": 39.068989, "index_right": null, "id": null, "geometry_y": null, "population": null, "Pedestrian traffic": null, "car traffic": null, "poi_count": 18 }, "geometry": { "type": "Point", "coordinates": [ 4349139.961288006976247, 5619980.382708948105574 ] } },
{ "type": "Feature", "properties": { "ID": 50016277, "Address": "\nулица имени Валерия Гассия, 22", "Square": "67.7", "Rating": 5.0, "lat": 44.989585, "long": 39.075089, "index_right": 48.0, "id": 49.0, "geometry_y": "POLYGON ((39.066836383015726 44.99398831698699, 39.07026451575361 45.00645895478264, 39.0872519915112 45.010594388491405, 39.100811334530924 45.00226068629253, 39.097383201793036 44.989789134655155, 39.080395726035434 44.985652199058414, 39.066836383015726 44.99398831698699))", "population": 36000.0, "Pedestrian traffic": 21000.0, "car traffic": 6500.0, "poi_count": 9 }, "geometry": { "type": "Point", "coordinates": [ 4349819.010181845165789, 5619882.006594757549465 ] } },
{ "type": "Feature", "properties": { "ID": 207218, "Address": "улица имени Валерия Гассия, 13", "Square": "47", "Rating": 4.925, "lat": 44.99174, "long": 39.074271, "index_right": 48.0, "id": 49.0, "geometry_y": "POLYGON ((39.066836383015726 44.99398831698699, 39.07026451575361 45.00645895478264, 39.0872519915112 45.010594388491405, 39.100811334530924 45.00226068629253, 39.097383201793036 44.989789134655155, 39.080395726035434 44.985652199058414, 39.066836383015726 44.99398831698699))", "population": 36000.0, "Pedestrian traffic": 21000.0, "car traffic": 6500.0, "poi_count": 18 }, "geometry": { "type": "Point", "coordinates": [ 4349727.950838376767933, 5620221.211963970214128 ] } },
{ "type": "Feature", "properties": { "ID": 50019372, "Address": "Кружевная улица, 7", "Square": "80", "Rating": 4.992, "lat": 44.992301, "long": 39.06492, "index_right": null, "id": null, "geometry_y": null, "population": null, "Pedestrian traffic": null, "car traffic": null, "poi_count": 13 }, "geometry": { "type": "Point", "coordinates": [ 4348687.002279968932271, 5620309.517634994350374 ] } },
{ "type": "Feature", "properties": { "ID": 141550, "Address": "Кружевная улица, 5", "Square": "68", "Rating": 4.923, "lat": 44.992734, "long": 39.065854, "index_right": null, "id": null, "geometry_y": null, "population": null, "Pedestrian traffic": null, "car traffic": null, "poi_count": 15 }, "geometry": { "type": "Point", "coordinates": [ 4348790.974684369750321, 5620377.675722585059702 ] } },
{ "type": "Feature", "properties": { "ID": 3849, "Address": "улица Автолюбителей, 1Дк1", "Square": "51.1", "Rating": 5.0, "lat": 44.995883, "long": 39.068136, "index_right": 48.0, "id": 49.0, "geometry_y": "POLYGON ((39.066836383015726 44.99398831698699, 39.07026451575361 45.00645895478264, 39.0872519915112 45.010594388491405, 39.100811334530924 45.00226068629253, 39.097383201793036 44.989789134655155, 39.080395726035434 44.985652199058414, 39.066836383015726 44.99398831698699))", "population": 36000.0, "Pedestrian traffic": 21000.0, "car traffic": 6500.0, "poi_count": 14 }, "geometry": { "type": "Point", "coordinates": [ 4349045.005762360058725, 5620873.372086435556412 ] } },
{ "type": "Feature", "properties": { "ID": 50017560, "Address": "улица Автолюбителей, 1Гк2", "Square": "56", "Rating": 4.97, "lat": 44.99647, "long": 39.066178, "index_right": 40.0, "id": 41.0, "geometry_y": "POLYGON ((39.036289564238416 44.99818719164974, 39.039717696976304 45.01065691560365, 39.0567051727339 45.01479204622611, 39.07026451575361 45.00645895478264, 39.066836383015726 44.99398831698699, 39.04984890725813 44.989851684476555, 39.036289564238416 44.99818719164974))", "population": 10000.0, "Pedestrian traffic": 9000.0, "car traffic": 5000.0, "poi_count": 13 }, "geometry": { "type": "Point", "coordinates": [ 4348827.042199386283755, 5620965.777056457474828 ] } },
{ "type": "Feature", "properties": { "ID": 323326, "Address": "улица Автолюбителей, 1/7к3", "Square": "61", "Rating": 4.965, "lat": 44.997967, "long": 39.067265, "index_right": 40.0, "id": 41.0, "geometry_y": "POLYGON ((39.036289564238416 44.99818719164974, 39.039717696976304 45.01065691560365, 39.0567051727339 45.01479204622611, 39.07026451575361 45.00645895478264, 39.066836383015726 44.99398831698699, 39.04984890725813 44.989851684476555, 39.036289564238416 44.99818719164974))", "population": 10000.0, "Pedestrian traffic": 9000.0, "car traffic": 5000.0, "poi_count": 13 }, "geometry": { "type": "Point", "coordinates": [ 4348948.046485878527164, 5621201.437628152780235 ] } },
{ "type": "Feature", "properties": { "ID": 161324, "Address": "улица Автолюбителей, 1/7к2", "Square": "70", "Rating": 4.984, "lat": 44.999127, "long": 39.065818, "index_right": 40.0, "id": 41.0, "geometry_y": "POLYGON ((39.036289564238416 44.99818719164974, 39.039717696976304 45.01065691560365, 39.0567051727339 45.01479204622611, 39.07026451575361 45.00645895478264, 39.066836383015726 44.99398831698699, 39.04984890725813 44.989851684476555, 39.036289564238416 44.99818719164974))", "population": 10000.0, "Pedestrian traffic": 9000.0, "car traffic": 5000.0, "poi_count": 8 }, "geometry": { "type": "Point", "coordinates": [ 4348786.967182701453567, 5621384.051256224513054 ] } },
{ "type": "Feature", "properties": { "ID": 150554, "Address": "улица Автолюбителей, 1/3к1", "Square": "65", "Rating": 4.982, "lat": 45.000313, "long": 39.067292, "index_right": 40.0, "id": 41.0, "geometry_y": "POLYGON ((39.036289564238416 44.99818719164974, 39.039717696976304 45.01065691560365, 39.0567051727339 45.01479204622611, 39.07026451575361 45.00645895478264, 39.066836383015726 44.99398831698699, 39.04984890725813 44.989851684476555, 39.036289564238416 44.99818719164974))", "population": 10000.0, "Pedestrian traffic": 9000.0, "car traffic": 5000.0, "poi_count": 13 }, "geometry": { "type": "Point", "coordinates": [ 4348951.052112130448222, 5621570.761770687997341 ] } },
{ "type": "Feature", "properties": { "ID": 150729, "Address": "улица имени Валерия Гассия, 21", "Square": "32", "Rating": 4.995, "lat": 44.99283, "long": 39.076526, "index_right": 48.0, "id": 49.0, "geometry_y": "POLYGON ((39.066836383015726 44.99398831698699, 39.07026451575361 45.00645895478264, 39.0872519915112 45.010594388491405, 39.100811334530924 45.00226068629253, 39.097383201793036 44.989789134655155, 39.080395726035434 44.985652199058414, 39.066836383015726 44.99398831698699))", "population": 36000.0, "Pedestrian traffic": 21000.0, "car traffic": 6500.0, "poi_count": 17 }, "geometry": { "type": "Point", "coordinates": [ 4349978.97629011515528, 5620392.787054241634905 ] } },
{ "type": "Feature", "properties": { "ID": 308260, "Address": "проспект имени писателя Знаменского, 32", "Square": "70", "Rating": 4.989, "lat": 44.994309, "long": 39.075251, "index_right": 48.0, "id": 49.0, "geometry_y": "POLYGON ((39.066836383015726 44.99398831698699, 39.07026451575361 45.00645895478264, 39.0872519915112 45.010594388491405, 39.100811334530924 45.00226068629253, 39.097383201793036 44.989789134655155, 39.080395726035434 44.985652199058414, 39.066836383015726 44.99398831698699))", "population": 36000.0, "Pedestrian traffic": 21000.0, "car traffic": 6500.0, "poi_count": 22 }, "geometry": { "type": "Point", "coordinates": [ 4349837.043939353898168, 5620625.599206676706672 ] } },
{ "type": "Feature", "properties": { "ID": 170609, "Address": "проспект имени писателя Знаменского, 12", "Square": "35", "Rating": 4.862, "lat": 44.996642, "long": 39.073535, "index_right": 48.0, "id": 49.0, "geometry_y": "POLYGON ((39.066836383015726 44.99398831698699, 39.07026451575361 45.00645895478264, 39.0872519915112 45.010594388491405, 39.100811334530924 45.00226068629253, 39.097383201793036 44.989789134655155, 39.080395726035434 44.985652199058414, 39.066836383015726 44.99398831698699))", "population": 36000.0, "Pedestrian traffic": 21000.0, "car traffic": 6500.0, "poi_count": 31 }, "geometry": { "type": "Point", "coordinates": [ 4349646.019693152979016, 5620992.853308762423694 ] } },
{ "type": "Feature", "properties": { "ID": 308296, "Address": "проспект имени писателя Знаменского, 9к2", "Square": "76", "Rating": 4.987, "lat": 44.996266, "long": 39.075673, "index_right": 48.0, "id": 49.0, "geometry_y": "POLYGON ((39.066836383015726 44.99398831698699, 39.07026451575361 45.00645895478264, 39.0872519915112 45.010594388491405, 39.100811334530924 45.00226068629253, 39.097383201793036 44.989789134655155, 39.080395726035434 44.985652199058414, 39.066836383015726 44.99398831698699))", "population": 36000.0, "Pedestrian traffic": 21000.0, "car traffic": 6500.0, "poi_count": 27 }, "geometry": { "type": "Point", "coordinates": [ 4349884.02076446916908, 5620933.663467222824693 ] } },
{ "type": "Feature", "properties": { "ID": 211593, "Address": "проспект имени писателя Знаменского, 9к3", "Square": "60", "Rating": 4.934, "lat": 44.995386, "long": 39.076391, "index_right": 48.0, "id": 49.0, "geometry_y": "POLYGON ((39.066836383015726 44.99398831698699, 39.07026451575361 45.00645895478264, 39.0872519915112 45.010594388491405, 39.100811334530924 45.00226068629253, 39.097383201793036 44.989789134655155, 39.080395726035434 44.985652199058414, 39.066836383015726 44.99398831698699))", "population": 36000.0, "Pedestrian traffic": 21000.0, "car traffic": 6500.0, "poi_count": 25 }, "geometry": { "type": "Point", "coordinates": [ 4349963.948158858343959, 5620795.135569015517831 ] } },
{ "type": "Feature", "properties": { "ID": 308296, "Address": "проспект имени писателя Знаменского, 9к2", "Square": "76", "Rating": 4.987, "lat": 44.996266, "long": 39.075673, "index_right": 48.0, "id": 49.0, "geometry_y": "POLYGON ((39.066836383015726 44.99398831698699, 39.07026451575361 45.00645895478264, 39.0872519915112 45.010594388491405, 39.100811334530924 45.00226068629253, 39.097383201793036 44.989789134655155, 39.080395726035434 44.985652199058414, 39.066836383015726 44.99398831698699))", "population": 36000.0, "Pedestrian traffic": 21000.0, "car traffic": 6500.0, "poi_count": 27 }, "geometry": { "type": "Point", "coordinates": [ 4349884.02076446916908, 5620933.663467222824693 ] } },
{ "type": "Feature", "properties": { "ID": 50016142, "Address": "улица имени Снесарева, 18", "Square": "71", "Rating": 4.931, "lat": 44.995105, "long": 39.078808, "index_right": 48.0, "id": 49.0, "geometry_y": "POLYGON ((39.066836383015726 44.99398831698699, 39.07026451575361 45.00645895478264, 39.0872519915112 45.010594388491405, 39.100811334530924 45.00226068629253, 39.097383201793036 44.989789134655155, 39.080395726035434 44.985652199058414, 39.066836383015726 44.99398831698699))", "population": 36000.0, "Pedestrian traffic": 21000.0, "car traffic": 6500.0, "poi_count": 13 }, "geometry": { "type": "Point", "coordinates": [ 4350233.007368106395006, 5620750.901540524326265 ] } },
{ "type": "Feature", "properties": { "ID": 151814, "Address": "улица имени Снесарева, 10к3", "Square": "57", "Rating": 4.906, "lat": 44.996304, "long": 39.078682, "index_right": 48.0, "id": 49.0, "geometry_y": "POLYGON ((39.066836383015726 44.99398831698699, 39.07026451575361 45.00645895478264, 39.0872519915112 45.010594388491405, 39.100811334530924 45.00226068629253, 39.097383201793036 44.989789134655155, 39.080395726035434 44.985652199058414, 39.066836383015726 44.99398831698699))", "population": 36000.0, "Pedestrian traffic": 21000.0, "car traffic": 6500.0, "poi_count": 21 }, "geometry": { "type": "Point", "coordinates": [ 4350218.981112265959382, 5620939.645401651971042 ] } },
{ "type": "Feature", "properties": { "ID": 308309, "Address": "улица имени Снесарева, 10к1", "Square": "68", "Rating": 4.994, "lat": 44.996948, "long": 39.079122, "index_right": 48.0, "id": 49.0, "geometry_y": "POLYGON ((39.066836383015726 44.99398831698699, 39.07026451575361 45.00645895478264, 39.0872519915112 45.010594388491405, 39.100811334530924 45.00226068629253, 39.097383201793036 44.989789134655155, 39.080395726035434 44.985652199058414, 39.066836383015726 44.99398831698699))", "population": 36000.0, "Pedestrian traffic": 21000.0, "car traffic": 6500.0, "poi_count": 21 }, "geometry": { "type": "Point", "coordinates": [ 4350267.961688214913011, 5621041.024051564745605 ] } },
{ "type": "Feature", "properties": { "ID": 50008206, "Address": "улица имени Невкипелого, 10", "Square": "70", "Rating": 4.991, "lat": 44.998375, "long": 39.076266, "index_right": 48.0, "id": 49.0, "geometry_y": "POLYGON ((39.066836383015726 44.99398831698699, 39.07026451575361 45.00645895478264, 39.0872519915112 45.010594388491405, 39.100811334530924 45.00226068629253, 39.097383201793036 44.989789134655155, 39.080395726035434 44.985652199058414, 39.066836383015726 44.99398831698699))", "population": 36000.0, "Pedestrian traffic": 21000.0, "car traffic": 6500.0, "poi_count": 41 }, "geometry": { "type": "Point", "coordinates": [ 4349950.033222508616745, 5621265.66682758089155 ] } },
{ "type": "Feature", "properties": { "ID": 125738, "Address": "улица имени Невкипелого, 6", "Square": "57", "Rating": 4.995, "lat": 44.999797, "long": 39.075655, "index_right": 48.0, "id": 49.0, "geometry_y": "POLYGON ((39.066836383015726 44.99398831698699, 39.07026451575361 45.00645895478264, 39.0872519915112 45.010594388491405, 39.100811334530924 45.00226068629253, 39.097383201793036 44.989789134655155, 39.080395726035434 44.985652199058414, 39.066836383015726 44.99398831698699))", "population": 36000.0, "Pedestrian traffic": 21000.0, "car traffic": 6500.0, "poi_count": 33 }, "geometry": { "type": "Point", "coordinates": [ 4349882.017013634555042, 5621489.528053352609277 ] } },
{ "type": "Feature", "properties": { "ID": 160054, "Address": "улица имени Невкипелого, 21/4", "Square": "35", "Rating": 4.937, "lat": 45.00044, "long": 39.076553, "index_right": 48.0, "id": 49.0, "geometry_y": "POLYGON ((39.066836383015726 44.99398831698699, 39.07026451575361 45.00645895478264, 39.0872519915112 45.010594388491405, 39.100811334530924 45.00226068629253, 39.097383201793036 44.989789134655155, 39.080395726035434 44.985652199058414, 39.066836383015726 44.99398831698699))", "population": 36000.0, "Pedestrian traffic": 21000.0, "car traffic": 6500.0, "poi_count": 28 }, "geometry": { "type": "Point", "coordinates": [ 4349981.981916366145015, 5621590.755452842451632 ] } },
{ "type": "Feature", "properties": { "ID": 50005090, "Address": "улица имени Снесарева, 17/1к1", "Square": "50", "Rating": 5.0, "lat": 44.995118, "long": 39.089192, "index_right": 48.0, "id": 49.0, "geometry_y": "POLYGON ((39.066836383015726 44.99398831698699, 39.07026451575361 45.00645895478264, 39.0872519915112 45.010594388491405, 39.100811334530924 45.00226068629253, 39.097383201793036 44.989789134655155, 39.080395726035434 44.985652199058414, 39.066836383015726 44.99398831698699))", "population": 36000.0, "Pedestrian traffic": 21000.0, "car traffic": 6500.0, "poi_count": 2 }, "geometry": { "type": "Point", "coordinates": [ 4351388.948960502631962, 5620752.947949866764247 ] } },
{ "type": "Feature", "properties": { "ID": 132759, "Address": "улица имени Невкипелого, 24/2к1", "Square": "40.2", "Rating": 5.0, "lat": 44.997853, "long": 39.08718, "index_right": 48.0, "id": 49.0, "geometry_y": "POLYGON ((39.066836383015726 44.99398831698699, 39.07026451575361 45.00645895478264, 39.0872519915112 45.010594388491405, 39.100811334530924 45.00226068629253, 39.097383201793036 44.989789134655155, 39.080395726035434 44.985652199058414, 39.066836383015726 44.99398831698699))", "population": 36000.0, "Pedestrian traffic": 21000.0, "car traffic": 6500.0, "poi_count": 2 }, "geometry": { "type": "Point", "coordinates": [ 4351164.974145026877522, 5621183.491315940394998 ] } },
{ "type": "Feature", "properties": { "ID": 211201, "Address": "улица Гидростроителей, 59/2лит1", "Square": "57.4", "Rating": 5.0, "lat": 45.001957, "long": 39.087162, "index_right": 48.0, "id": 49.0, "geometry_y": "POLYGON ((39.066836383015726 44.99398831698699, 39.07026451575361 45.00645895478264, 39.0872519915112 45.010594388491405, 39.100811334530924 45.00226068629253, 39.097383201793036 44.989789134655155, 39.080395726035434 44.985652199058414, 39.066836383015726 44.99398831698699))", "population": 36000.0, "Pedestrian traffic": 21000.0, "car traffic": 6500.0, "poi_count": 12 }, "geometry": { "type": "Point", "coordinates": [ 4351162.970394192263484, 5621829.581051140092313 ] } },
{ "type": "Feature", "properties": { "ID": 157562, "Address": "улица Гидростроителей, 62к2", "Square": "65", "Rating": 4.975, "lat": 45.002798, "long": 39.085743, "index_right": 48.0, "id": 49.0, "geometry_y": "POLYGON ((39.066836383015726 44.99398831698699, 39.07026451575361 45.00645895478264, 39.0872519915112 45.010594388491405, 39.100811334530924 45.00226068629253, 39.097383201793036 44.989789134655155, 39.080395726035434 44.985652199058414, 39.066836383015726 44.99398831698699))", "population": 36000.0, "Pedestrian traffic": 21000.0, "car traffic": 6500.0, "poi_count": 17 }, "geometry": { "type": "Point", "coordinates": [ 4351005.008036756888032, 5621961.984783167019486 ] } },
{ "type": "Feature", "properties": { "ID": 211055, "Address": "улица имени Дмитрия Благоева, 31к2", "Square": "72.1", "Rating": 4.976, "lat": 45.002206, "long": 39.082805, "index_right": 48.0, "id": 49.0, "geometry_y": "POLYGON ((39.066836383015726 44.99398831698699, 39.07026451575361 45.00645895478264, 39.0872519915112 45.010594388491405, 39.100811334530924 45.00226068629253, 39.097383201793036 44.989789134655155, 39.080395726035434 44.985652199058414, 39.066836383015726 44.99398831698699))", "population": 36000.0, "Pedestrian traffic": 21000.0, "car traffic": 6500.0, "poi_count": 24 }, "geometry": { "type": "Point", "coordinates": [ 4350677.951372806914151, 5621868.782429190352559 ] } },
{ "type": "Feature", "properties": { "ID": 211508, "Address": "улица имени Дмитрия Благоева, 48", "Square": "50", "Rating": 4.983, "lat": 45.00262, "long": 39.081458, "index_right": 48.0, "id": 49.0, "geometry_y": "POLYGON ((39.066836383015726 44.99398831698699, 39.07026451575361 45.00645895478264, 39.0872519915112 45.010594388491405, 39.100811334530924 45.00226068629253, 39.097383201793036 44.989789134655155, 39.080395726035434 44.985652199058414, 39.066836383015726 44.99398831698699))", "population": 36000.0, "Pedestrian traffic": 21000.0, "car traffic": 6500.0, "poi_count": 26 }, "geometry": { "type": "Point", "coordinates": [ 4350528.004018708132207, 5621933.961001156829298 ] } },
{ "type": "Feature", "properties": { "ID": 103125, "Address": "улица Гидростроителей, 61", "Square": "58.47", "Rating": 5.0, "lat": 45.003538, "long": 39.084548, "index_right": 48.0, "id": 49.0, "geometry_y": "POLYGON ((39.066836383015726 44.99398831698699, 39.07026451575361 45.00645895478264, 39.0872519915112 45.010594388491405, 39.100811334530924 45.00226068629253, 39.097383201793036 44.989789134655155, 39.080395726035434 44.985652199058414, 39.066836383015726 44.99398831698699))", "population": 36000.0, "Pedestrian traffic": 21000.0, "car traffic": 6500.0, "poi_count": 24 }, "geometry": { "type": "Point", "coordinates": [ 4350871.981245258823037, 5622078.489079996012151 ] } },
{ "type": "Feature", "properties": { "ID": 50018097, "Address": "улица Гидростроителей, 65", "Square": "40", "Rating": 4.902, "lat": 45.004086, "long": 39.085851, "index_right": 48.0, "id": 49.0, "geometry_y": "POLYGON ((39.066836383015726 44.99398831698699, 39.07026451575361 45.00645895478264, 39.0872519915112 45.010594388491405, 39.100811334530924 45.00226068629253, 39.097383201793036 44.989789134655155, 39.080395726035434 44.985652199058414, 39.066836383015726 44.99398831698699))", "population": 36000.0, "Pedestrian traffic": 21000.0, "car traffic": 6500.0, "poi_count": 22 }, "geometry": { "type": "Point", "coordinates": [ 4351017.030541762709618, 5622164.76620480697602 ] } },
{ "type": "Feature", "properties": { "ID": 50016375, "Address": "улица Трудовой Славы, 62Ак3", "Square": "58.9", "Rating": 4.959, "lat": 45.006208, "long": 39.088447, "index_right": 48.0, "id": 49.0, "geometry_y": "POLYGON ((39.066836383015726 44.99398831698699, 39.07026451575361 45.00645895478264, 39.0872519915112 45.010594388491405, 39.100811334530924 45.00226068629253, 39.097383201793036 44.989789134655155, 39.080395726035434 44.985652199058414, 39.066836383015726 44.99398831698699))", "population": 36000.0, "Pedestrian traffic": 21000.0, "car traffic": 6500.0, "poi_count": 5 }, "geometry": { "type": "Point", "coordinates": [ 4351306.015939862467349, 5622498.861689086072147 ] } },
{ "type": "Feature", "properties": { "ID": 211709, "Address": "улица Трудовой Славы, 29/1", "Square": "50", "Rating": 5.0, "lat": 45.006858, "long": 39.086336, "index_right": 48.0, "id": 49.0, "geometry_y": "POLYGON ((39.066836383015726 44.99398831698699, 39.07026451575361 45.00645895478264, 39.0872519915112 45.010594388491405, 39.100811334530924 45.00226068629253, 39.097383201793036 44.989789134655155, 39.080395726035434 44.985652199058414, 39.066836383015726 44.99398831698699))", "population": 36000.0, "Pedestrian traffic": 21000.0, "car traffic": 6500.0, "poi_count": 9 }, "geometry": { "type": "Point", "coordinates": [ 4351071.02049479726702, 5622601.202555762603879 ] } },
{ "type": "Feature", "properties": { "ID": 202312, "Address": "улица имени Дмитрия Благоева, 29к1", "Square": "49", "Rating": 4.992, "lat": 45.005297, "long": 39.083021, "index_right": 48.0, "id": 49.0, "geometry_y": "POLYGON ((39.066836383015726 44.99398831698699, 39.07026451575361 45.00645895478264, 39.0872519915112 45.010594388491405, 39.100811334530924 45.00226068629253, 39.097383201793036 44.989789134655155, 39.080395726035434 44.985652199058414, 39.066836383015726 44.99398831698699))", "population": 36000.0, "Pedestrian traffic": 21000.0, "car traffic": 6500.0, "poi_count": 40 }, "geometry": { "type": "Point", "coordinates": [ 4350701.996382817625999, 5622355.428982562385499 ] } },
{ "type": "Feature", "properties": { "ID": 134717, "Address": "улица имени Дмитрия Благоева, 27/6", "Square": "75", "Rating": 4.97, "lat": 45.005928, "long": 39.08162, "index_right": 48.0, "id": 49.0, "geometry_y": "POLYGON ((39.066836383015726 44.99398831698699, 39.07026451575361 45.00645895478264, 39.0872519915112 45.010594388491405, 39.100811334530924 45.00226068629253, 39.097383201793036 44.989789134655155, 39.080395726035434 44.985652199058414, 39.066836383015726 44.99398831698699))", "population": 36000.0, "Pedestrian traffic": 21000.0, "car traffic": 6500.0, "poi_count": 38 }, "geometry": { "type": "Point", "coordinates": [ 4350546.037776215933263, 5622454.776750534772873 ] } },
{ "type": "Feature", "properties": { "ID": 214183, "Address": "улица имени Дмитрия Благоева, 19", "Square": "57", "Rating": 4.988, "lat": 45.007725, "long": 39.080425, "index_right": 48.0, "id": 49.0, "geometry_y": "POLYGON ((39.066836383015726 44.99398831698699, 39.07026451575361 45.00645895478264, 39.0872519915112 45.010594388491405, 39.100811334530924 45.00226068629253, 39.097383201793036 44.989789134655155, 39.080395726035434 44.985652199058414, 39.066836383015726 44.99398831698699))", "population": 36000.0, "Pedestrian traffic": 21000.0, "car traffic": 6500.0, "poi_count": 33 }, "geometry": { "type": "Point", "coordinates": [ 4350413.010984717868268, 5622737.711334737017751 ] } },
{ "type": "Feature", "properties": { "ID": 312425, "Address": "улица имени Игнатова, 63/1", "Square": "73.4", "Rating": 4.988, "lat": 45.003149, "long": 39.071585, "index_right": 48.0, "id": 49.0, "geometry_y": "POLYGON ((39.066836383015726 44.99398831698699, 39.07026451575361 45.00645895478264, 39.0872519915112 45.010594388491405, 39.100811334530924 45.00226068629253, 39.097383201793036 44.989789134655155, 39.080395726035434 44.985652199058414, 39.066836383015726 44.99398831698699))", "population": 36000.0, "Pedestrian traffic": 21000.0, "car traffic": 6500.0, "poi_count": 54 }, "geometry": { "type": "Point", "coordinates": [ 4349428.946686105802655, 5622017.24541742913425 ] } },
{ "type": "Feature", "properties": { "ID": 173129, "Address": "улица Трудовой Славы, 10", "Square": "30", "Rating": 4.988, "lat": 45.005354, "long": 39.071136, "index_right": 48.0, "id": 49.0, "geometry_y": "POLYGON ((39.066836383015726 44.99398831698699, 39.07026451575361 45.00645895478264, 39.0872519915112 45.010594388491405, 39.100811334530924 45.00226068629253, 39.097383201793036 44.989789134655155, 39.080395726035434 44.985652199058414, 39.066836383015726 44.99398831698699))", "population": 36000.0, "Pedestrian traffic": 21000.0, "car traffic": 6500.0, "poi_count": 67 }, "geometry": { "type": "Point", "coordinates": [ 4349378.964234739542007, 5622364.40330016054213 ] } },
{ "type": "Feature", "properties": { "ID": 322864, "Address": "улица имени Игнатова, 55", "Square": "86", "Rating": 4.998, "lat": 45.006476, "long": 39.072663, "index_right": 48.0, "id": 49.0, "geometry_y": "POLYGON ((39.066836383015726 44.99398831698699, 39.07026451575361 45.00645895478264, 39.0872519915112 45.010594388491405, 39.100811334530924 45.00226068629253, 39.097383201793036 44.989789134655155, 39.080395726035434 44.985652199058414, 39.066836383015726 44.99398831698699))", "population": 36000.0, "Pedestrian traffic": 21000.0, "car traffic": 6500.0, "poi_count": 66 }, "geometry": { "type": "Point", "coordinates": [ 4349548.949097180739045, 5622541.057474959641695 ] } },
{ "type": "Feature", "properties": { "ID": 111208, "Address": "улица имени Игнатова, 16", "Square": "79", "Rating": 5.0, "lat": 45.007425, "long": 39.071936, "index_right": 49.0, "id": 50.0, "geometry_y": "POLYGON ((39.0567051727339 45.01479204622611, 39.06013330547178 45.02725815564902, 39.077120781229375 45.03139208747013, 39.0906801242491 45.02306141175582, 39.0872519915112 45.0105943884914, 39.07026451575361 45.00645895478263, 39.0567051727339 45.01479204622611))", "population": 28000.0, "Pedestrian traffic": 34000.0, "car traffic": 24000.0, "poi_count": 74 }, "geometry": { "type": "Point", "coordinates": [ 4349468.019827374257147, 5622690.476229340769351 ] } },
{ "type": "Feature", "properties": { "ID": 162886, "Address": "улица Автолюбителей, 52/3", "Square": "70", "Rating": 4.962, "lat": 45.008623, "long": 39.068163, "index_right": 49.0, "id": 50.0, "geometry_y": "POLYGON ((39.0567051727339 45.01479204622611, 39.06013330547178 45.02725815564902, 39.077120781229375 45.03139208747013, 39.0906801242491 45.02306141175582, 39.0872519915112 45.0105943884914, 39.07026451575361 45.00645895478263, 39.0567051727339 45.01479204622611))", "population": 28000.0, "Pedestrian traffic": 34000.0, "car traffic": 24000.0, "poi_count": 53 }, "geometry": { "type": "Point", "coordinates": [ 4349048.01138861104846, 5622879.103228806518018 ] } },
{ "type": "Feature", "properties": { "ID": 364170, "Address": "Парусная улица, 20/2", "Square": "78.6", "Rating": 5.0, "lat": 45.004468, "long": 39.064094, "index_right": 40.0, "id": 41.0, "geometry_y": "POLYGON ((39.036289564238416 44.99818719164974, 39.039717696976304 45.01065691560365, 39.0567051727339 45.01479204622611, 39.07026451575361 45.00645895478264, 39.066836383015726 44.99398831698699, 39.04984890725813 44.989851684476555, 39.036289564238416 44.99818719164974))", "population": 10000.0, "Pedestrian traffic": 9000.0, "car traffic": 5000.0, "poi_count": 9 }, "geometry": { "type": "Point", "coordinates": [ 4348595.052380573004484, 5622224.908776330761611 ] } },
{ "type": "Feature", "properties": { "ID": 50015247, "Address": "Парусная улица, 10к1", "Square": "43", "Rating": 4.969, "lat": 45.005603, "long": 39.062962, "index_right": 40.0, "id": 41.0, "geometry_y": "POLYGON ((39.036289564238416 44.99818719164974, 39.039717696976304 45.01065691560365, 39.0567051727339 45.01479204622611, 39.07026451575361 45.00645895478264, 39.066836383015726 44.99398831698699, 39.04984890725813 44.989851684476555, 39.036289564238416 44.99818719164974))", "population": 10000.0, "Pedestrian traffic": 9000.0, "car traffic": 5000.0, "poi_count": 9 }, "geometry": { "type": "Point", "coordinates": [ 4348469.038716995157301, 5622403.607002788223326 ] } },
{ "type": "Feature", "properties": { "ID": 50019608, "Address": "улица имени Игнатова, 41", "Square": "70", "Rating": 4.997, "lat": 45.009235, "long": 39.073319, "index_right": 49.0, "id": 50.0, "geometry_y": "POLYGON ((39.0567051727339 45.01479204622611, 39.06013330547178 45.02725815564902, 39.077120781229375 45.03139208747013, 39.0906801242491 45.02306141175582, 39.0872519915112 45.0105943884914, 39.07026451575361 45.00645895478263, 39.0567051727339 45.01479204622611))", "population": 28000.0, "Pedestrian traffic": 34000.0, "car traffic": 24000.0, "poi_count": 31 }, "geometry": { "type": "Point", "coordinates": [ 4349621.974683141335845, 5622975.465121643617749 ] } },
{ "type": "Feature", "properties": { "ID": 323085, "Address": "улица имени Игнатова, 4/4", "Square": "53", "Rating": 4.944, "lat": 45.011032, "long": 39.070795, "index_right": 49.0, "id": 50.0, "geometry_y": "POLYGON ((39.0567051727339 45.01479204622611, 39.06013330547178 45.02725815564902, 39.077120781229375 45.03139208747013, 39.0906801242491 45.02306141175582, 39.0872519915112 45.0105943884914, 39.07026451575361 45.00645895478263, 39.0567051727339 45.01479204622611))", "population": 28000.0, "Pedestrian traffic": 34000.0, "car traffic": 24000.0, "poi_count": 55 }, "geometry": { "type": "Point", "coordinates": [ 4349341.004288378171623, 5623258.416041580960155 ] } },
{ "type": "Feature", "properties": { "ID": 124885, "Address": "улица имени В.Н. Мачуги, 6", "Square": "80", "Rating": 4.985, "lat": 45.011867, "long": 39.069789, "index_right": 49.0, "id": 50.0, "geometry_y": "POLYGON ((39.0567051727339 45.01479204622611, 39.06013330547178 45.02725815564902, 39.077120781229375 45.03139208747013, 39.0906801242491 45.02306141175582, 39.0872519915112 45.0105943884914, 39.07026451575361 45.00645895478263, 39.0567051727339 45.01479204622611))", "population": 28000.0, "Pedestrian traffic": 34000.0, "car traffic": 24000.0, "poi_count": 47 }, "geometry": { "type": "Point", "coordinates": [ 4349229.016880640760064, 5623389.895978624932468 ] } },
{ "type": "Feature", "properties": { "ID": 164144, "Address": "улица имени Игнатова, 5", "Square": "36", "Rating": 4.942, "lat": 45.011057, "long": 39.0749, "index_right": 49.0, "id": 50.0, "geometry_y": "POLYGON ((39.0567051727339 45.01479204622611, 39.06013330547178 45.02725815564902, 39.077120781229375 45.03139208747013, 39.0906801242491 45.02306141175582, 39.0872519915112 45.0105943884914, 39.07026451575361 45.00645895478263, 39.0567051727339 45.01479204622611))", "population": 28000.0, "Pedestrian traffic": 34000.0, "car traffic": 24000.0, "poi_count": 27 }, "geometry": { "type": "Point", "coordinates": [ 4349797.970798085443676, 5623262.352538804523647 ] } },
{ "type": "Feature", "properties": { "ID": 311985, "Address": "улица имени В.Н. Мачуги, 68/4", "Square": "72", "Rating": 4.997, "lat": 45.011663, "long": 39.076796, "index_right": 49.0, "id": 50.0, "geometry_y": "POLYGON ((39.0567051727339 45.01479204622611, 39.06013330547178 45.02725815564902, 39.077120781229375 45.03139208747013, 39.0906801242491 45.02306141175582, 39.0872519915112 45.0105943884914, 39.07026451575361 45.00645895478263, 39.0567051727339 45.01479204622611))", "population": 28000.0, "Pedestrian traffic": 34000.0, "car traffic": 24000.0, "poi_count": 21 }, "geometry": { "type": "Point", "coordinates": [ 4350009.032552629709244, 5623357.773757173679769 ] } },
{ "type": "Feature", "properties": { "ID": 340344, "Address": "Трамвайная улица, 15", "Square": "80.4", "Rating": 4.999, "lat": 45.015358, "long": 39.064282, "index_right": 49.0, "id": 50.0, "geometry_y": "POLYGON ((39.0567051727339 45.01479204622611, 39.06013330547178 45.02725815564902, 39.077120781229375 45.03139208747013, 39.0906801242491 45.02306141175582, 39.0872519915112 45.0105943884914, 39.07026451575361 45.00645895478263, 39.0567051727339 45.01479204622611))", "population": 28000.0, "Pedestrian traffic": 34000.0, "car traffic": 24000.0, "poi_count": 25 }, "geometry": { "type": "Point", "coordinates": [ 4348615.980444842018187, 5623939.613099729642272 ] } },
{ "type": "Feature", "properties": { "ID": 307096, "Address": "улица Кирова, 28", "Square": "70.4", "Rating": 4.997, "lat": 45.01388, "long": 39.073328, "index_right": 49.0, "id": 50.0, "geometry_y": "POLYGON ((39.0567051727339 45.01479204622611, 39.06013330547178 45.02725815564902, 39.077120781229375 45.03139208747013, 39.0906801242491 45.02306141175582, 39.0872519915112 45.0105943884914, 39.07026451575361 45.00645895478263, 39.0567051727339 45.01479204622611))", "population": 28000.0, "Pedestrian traffic": 34000.0, "car traffic": 24000.0, "poi_count": 20 }, "geometry": { "type": "Point", "coordinates": [ 4349622.976558557711542, 5623706.872857822105289 ] } },
{ "type": "Feature", "properties": { "ID": 327619, "Address": "улица имени Дмитрия Благоева, 5", "Square": "70", "Rating": 4.973, "lat": 45.011542, "long": 39.08091, "index_right": 49.0, "id": 50.0, "geometry_y": "POLYGON ((39.0567051727339 45.01479204622611, 39.06013330547178 45.02725815564902, 39.077120781229375 45.03139208747013, 39.0906801242491 45.02306141175582, 39.0872519915112 45.0105943884914, 39.07026451575361 45.00645895478263, 39.0567051727339 45.01479204622611))", "population": 28000.0, "Pedestrian traffic": 34000.0, "car traffic": 24000.0, "poi_count": 16 }, "geometry": { "type": "Point", "coordinates": [ 4350467.000937753356993, 5623338.720924979075789 ] } },
{ "type": "Feature", "properties": { "ID": 322154, "Address": "Колхозная улица, 17", "Square": "75.7", "Rating": 4.904, "lat": 45.014511, "long": 39.080218, "index_right": 49.0, "id": 50.0, "geometry_y": "POLYGON ((39.0567051727339 45.01479204622611, 39.06013330547178 45.02725815564902, 39.077120781229375 45.03139208747013, 39.0906801242491 45.02306141175582, 39.0872519915112 45.0105943884914, 39.07026451575361 45.00645895478263, 39.0567051727339 45.01479204622611))", "population": 28000.0, "Pedestrian traffic": 34000.0, "car traffic": 24000.0, "poi_count": 17 }, "geometry": { "type": "Point", "coordinates": [ 4350389.967850124463439, 5623806.235514511354268 ] } },
{ "type": "Feature", "properties": { "ID": 50002241, "Address": "улица имени Евдокии Бершанской, 1/3", "Square": "98.6", "Rating": 4.969, "lat": 45.018213, "long": 39.079715, "index_right": 49.0, "id": 50.0, "geometry_y": "POLYGON ((39.0567051727339 45.01479204622611, 39.06013330547178 45.02725815564902, 39.077120781229375 45.03139208747013, 39.0906801242491 45.02306141175582, 39.0872519915112 45.0105943884914, 39.07026451575361 45.00645895478263, 39.0567051727339 45.01479204622611))", "population": 28000.0, "Pedestrian traffic": 34000.0, "car traffic": 24000.0, "poi_count": 9 }, "geometry": { "type": "Point", "coordinates": [ 4350333.974146254360676, 5624389.206151482649148 ] } },
{ "type": "Feature", "properties": { "ID": 143503, "Address": "Садовая улица, 6", "Square": "85.8", "Rating": 4.993, "lat": 45.029158, "long": 38.991231, "index_right": 26.0, "id": 27.0, "geometry_y": "POLYGON ((38.96506471640198 45.02738317341601, 38.96849284913987 45.039846541314986, 38.985480324897466 45.043979563877855, 38.999039667917174 45.03565072042854, 38.99561153517929 45.02318643868839, 38.9786240594217 45.01905191423844, 38.96506471640198 45.02738317341601))", "population": 21000.0, "Pedestrian traffic": 95000.0, "car traffic": 52000.0, "poi_count": 22 }, "geometry": { "type": "Point", "coordinates": [ 4340483.98032290302217, 5626112.985145197249949 ] } },
{ "type": "Feature", "properties": { "ID": 310983, "Address": "улица Трудовой Славы, 43", "Square": "64.8", "Rating": 5.0, "lat": 45.008241, "long": 39.093819, "index_right": 56.0, "id": 57.0, "geometry_y": "POLYGON ((39.0872519915112 45.010594388491405, 39.09068012424909 45.023061411755826, 39.107667600006685 45.027195646663124, 39.12122694302639 45.01886436019364, 39.11779881028851 45.0063964230876, 39.100811334530924 45.00226068629253, 39.0872519915112 45.010594388491405))", "population": 14000.0, "Pedestrian traffic": 14000.0, "car traffic": 30000.0, "poi_count": 2 }, "geometry": { "type": "Point", "coordinates": [ 4351904.024244403466582, 5622818.95629471167922 ] } },
{ "type": "Feature", "properties": { "ID": 5719, "Address": "Горячеключевская улица, 7", "Square": "4.901", "Rating": 118.8, "lat": 45.004991, "long": 39.108982, "index_right": 56.0, "id": 57.0, "geometry_y": "POLYGON ((39.0872519915112 45.010594388491405, 39.09068012424909 45.023061411755826, 39.107667600006685 45.027195646663124, 39.12122694302639 45.01886436019364, 39.11779881028851 45.0063964230876, 39.100811334530924 45.00226068629253, 39.0872519915112 45.010594388491405))", "population": 14000.0, "Pedestrian traffic": 14000.0, "car traffic": 30000.0, "poi_count": 15 }, "geometry": { "type": "Point", "coordinates": [ 4353591.961683301255107, 5622307.251219688914716 ] } },
{ "type": "Feature", "properties": { "ID": 157560, "Address": "улица Леонида Лаврова, 8к1ск3", "Square": "65", "Rating": 4.894, "lat": 45.006061, "long": 39.10697, "index_right": 56.0, "id": 57.0, "geometry_y": "POLYGON ((39.0872519915112 45.010594388491405, 39.09068012424909 45.023061411755826, 39.107667600006685 45.027195646663124, 39.12122694302639 45.01886436019364, 39.11779881028851 45.0063964230876, 39.100811334530924 45.00226068629253, 39.0872519915112 45.010594388491405))", "population": 14000.0, "Pedestrian traffic": 14000.0, "car traffic": 30000.0, "poi_count": 14 }, "geometry": { "type": "Point", "coordinates": [ 4353367.986867825500667, 5622475.717069478705525 ] } },
{ "type": "Feature", "properties": { "ID": 50007996, "Address": "улица Леонида Лаврова, 4", "Square": "50", "Rating": 5.0, "lat": 45.007106, "long": 39.105245, "index_right": 56.0, "id": 57.0, "geometry_y": "POLYGON ((39.0872519915112 45.010594388491405, 39.09068012424909 45.023061411755826, 39.107667600006685 45.027195646663124, 39.12122694302639 45.01886436019364, 39.11779881028851 45.0063964230876, 39.100811334530924 45.00226068629253, 39.0872519915112 45.010594388491405))", "population": 14000.0, "Pedestrian traffic": 14000.0, "car traffic": 30000.0, "poi_count": 12 }, "geometry": { "type": "Point", "coordinates": [ 4353175.960746207274497, 5622640.249838653951883 ] } },
{ "type": "Feature", "properties": { "ID": 50009382, "Address": "Бородинская улица, 156/2", "Square": "40", "Rating": 5.0, "lat": 45.009369, "long": 39.100951, "index_right": 56.0, "id": 57.0, "geometry_y": "POLYGON ((39.0872519915112 45.010594388491405, 39.09068012424909 45.023061411755826, 39.107667600006685 45.027195646663124, 39.12122694302639 45.01886436019364, 39.11779881028851 45.0063964230876, 39.100811334530924 45.00226068629253, 39.0872519915112 45.010594388491405))", "population": 14000.0, "Pedestrian traffic": 14000.0, "car traffic": 30000.0, "poi_count": 13 }, "geometry": { "type": "Point", "coordinates": [ 4352697.954852741211653, 5622996.564104860648513 ] } },
{ "type": "Feature", "properties": { "ID": 143340, "Address": "Бородинская улица, 152/А", "Square": "82", "Rating": 4.987, "lat": 45.010777, "long": 39.099577, "index_right": 56.0, "id": 57.0, "geometry_y": "POLYGON ((39.0872519915112 45.010594388491405, 39.09068012424909 45.023061411755826, 39.107667600006685 45.027195646663124, 39.12122694302639 45.01886436019364, 39.11779881028851 45.0063964230876, 39.100811334530924 45.00226068629253, 39.0872519915112 45.010594388491405))", "population": 14000.0, "Pedestrian traffic": 14000.0, "car traffic": 30000.0, "poi_count": 19 }, "geometry": { "type": "Point", "coordinates": [ 4352545.001872390508652, 5623218.263868036679924 ] } },
{ "type": "Feature", "properties": { "ID": 310983, "Address": "улица Трудовой Славы, 43", "Square": "64.8", "Rating": 5.0, "lat": 45.008241, "long": 39.093819, "index_right": 56.0, "id": 57.0, "geometry_y": "POLYGON ((39.0872519915112 45.010594388491405, 39.09068012424909 45.023061411755826, 39.107667600006685 45.027195646663124, 39.12122694302639 45.01886436019364, 39.11779881028851 45.0063964230876, 39.100811334530924 45.00226068629253, 39.0872519915112 45.010594388491405))", "population": 14000.0, "Pedestrian traffic": 14000.0, "car traffic": 30000.0, "poi_count": 2 }, "geometry": { "type": "Point", "coordinates": [ 4351904.024244403466582, 5622818.95629471167922 ] } },
{ "type": "Feature", "properties": { "ID": 171863, "Address": "улица имени В.Н. Мачуги, 166к1", "Square": "60.5", "Rating": 5.0, "lat": 45.013899, "long": 39.094537, "index_right": 56.0, "id": 57.0, "geometry_y": "POLYGON ((39.0872519915112 45.010594388491405, 39.09068012424909 45.023061411755826, 39.107667600006685 45.027195646663124, 39.12122694302639 45.01886436019364, 39.11779881028851 45.0063964230876, 39.100811334530924 45.00226068629253, 39.0872519915112 45.010594388491405))", "population": 14000.0, "Pedestrian traffic": 14000.0, "car traffic": 30000.0, "poi_count": 13 }, "geometry": { "type": "Point", "coordinates": [ 4351983.951638793572783, 5623709.864744333550334 ] } },
{ "type": "Feature", "properties": { "ID": 50005901, "Address": "\nулица имени В.Н. Мачуги, 166Ак1", "Square": "48", "Rating": 4.959, "lat": 45.013874, "long": 39.09222, "index_right": 56.0, "id": 57.0, "geometry_y": "POLYGON ((39.0872519915112 45.010594388491405, 39.09068012424909 45.023061411755826, 39.107667600006685 45.027195646663124, 39.12122694302639 45.01886436019364, 39.11779881028851 45.0063964230876, 39.100811334530924 45.00226068629253, 39.0872519915112 45.010594388491405))", "population": 14000.0, "Pedestrian traffic": 14000.0, "car traffic": 30000.0, "poi_count": 9 }, "geometry": { "type": "Point", "coordinates": [ 4351726.024378624744713, 5623705.928051760420203 ] } },
{ "type": "Feature", "properties": { "ID": 318076, "Address": "улица Леонида Лаврова, 91", "Square": "63", "Rating": 5.0, "lat": 45.011733, "long": 39.117013, "index_right": 56.0, "id": 57.0, "geometry_y": "POLYGON ((39.0872519915112 45.010594388491405, 39.09068012424909 45.023061411755826, 39.107667600006685 45.027195646663124, 39.12122694302639 45.01886436019364, 39.11779881028851 45.0063964230876, 39.100811334530924 45.00226068629253, 39.0872519915112 45.010594388491405))", "population": 14000.0, "Pedestrian traffic": 14000.0, "car traffic": 30000.0, "poi_count": 12 }, "geometry": { "type": "Point", "coordinates": [ 4354485.968513862229884, 5623368.796075169928372 ] } },
{ "type": "Feature", "properties": { "ID": 50001625, "Address": "Новопочтовая улица, 66", "Square": "87", "Rating": 4.868, "lat": 45.015531, "long": 39.106907, "index_right": 56.0, "id": 57.0, "geometry_y": "POLYGON ((39.0872519915112 45.010594388491405, 39.09068012424909 45.023061411755826, 39.107667600006685 45.027195646663124, 39.12122694302639 45.01886436019364, 39.11779881028851 45.0063964230876, 39.100811334530924 45.00226068629253, 39.0872519915112 45.010594388491405))", "population": 14000.0, "Pedestrian traffic": 14000.0, "car traffic": 30000.0, "poi_count": 4 }, "geometry": { "type": "Point", "coordinates": [ 4353360.973739905282855, 5623966.855753497220576 ] } },
{ "type": "Feature", "properties": { "ID": 311591, "Address": "улица Ярославского, 101", "Square": "60", "Rating": 4.991, "lat": 45.02273, "long": 39.1113, "index_right": 56.0, "id": 57.0, "geometry_y": "POLYGON ((39.0872519915112 45.010594388491405, 39.09068012424909 45.023061411755826, 39.107667600006685 45.027195646663124, 39.12122694302639 45.01886436019364, 39.11779881028851 45.0063964230876, 39.100811334530924 45.00226068629253, 39.0872519915112 45.010594388491405))", "population": 14000.0, "Pedestrian traffic": 14000.0, "car traffic": 30000.0, "poi_count": 9 }, "geometry": { "type": "Point", "coordinates": [ 4353850.000262959860265, 5625100.569567517377436 ] } },
{ "type": "Feature", "properties": { "ID": 105020, "Address": "улица Фадеева, 243", "Square": "87.4", "Rating": 4.991, "lat": 45.020112, "long": 39.10441, "index_right": 56.0, "id": 57.0, "geometry_y": "POLYGON ((39.0872519915112 45.010594388491405, 39.09068012424909 45.023061411755826, 39.107667600006685 45.027195646663124, 39.12122694302639 45.01886436019364, 39.11779881028851 45.0063964230876, 39.100811334530924 45.00226068629253, 39.0872519915112 45.010594388491405))", "population": 14000.0, "Pedestrian traffic": 14000.0, "car traffic": 30000.0, "poi_count": 1 }, "geometry": { "type": "Point", "coordinates": [ 4353083.008971394971013, 5624688.26487242616713 ] } },
{ "type": "Feature", "properties": { "ID": 302926, "Address": "Пролетарская улица, 39", "Square": "77.8", "Rating": 5.0, "lat": 45.024648, "long": 39.106422, "index_right": 56.0, "id": 57.0, "geometry_y": "POLYGON ((39.0872519915112 45.010594388491405, 39.09068012424909 45.023061411755826, 39.107667600006685 45.027195646663124, 39.12122694302639 45.01886436019364, 39.11779881028851 45.0063964230876, 39.100811334530924 45.00226068629253, 39.0872519915112 45.010594388491405))", "population": 14000.0, "Pedestrian traffic": 14000.0, "car traffic": 30000.0, "poi_count": 25 }, "geometry": { "type": "Point", "coordinates": [ 4353306.983786871656775, 5625402.644332015886903 ] } },
{ "type": "Feature", "properties": { "ID": 309320, "Address": "улица Марии Демченко, 41", "Square": "50", "Rating": 4.998, "lat": 45.023106, "long": 39.100071, "index_right": 56.0, "id": 57.0, "geometry_y": "POLYGON ((39.0872519915112 45.010594388491405, 39.09068012424909 45.023061411755826, 39.107667600006685 45.027195646663124, 39.12122694302639 45.01886436019364, 39.11779881028851 45.0063964230876, 39.100811334530924 45.00226068629253, 39.0872519915112 45.010594388491405))", "population": 14000.0, "Pedestrian traffic": 14000.0, "car traffic": 30000.0, "poi_count": 5 }, "geometry": { "type": "Point", "coordinates": [ 4352599.993700842373073, 5625159.786763457581401 ] } },
{ "type": "Feature", "properties": { "ID": 314888, "Address": "улица Кирова, 167", "Square": "65", "Rating": 4.967, "lat": 45.020175, "long": 39.091753, "index_right": 56.0, "id": 57.0, "geometry_y": "POLYGON ((39.0872519915112 45.010594388491405, 39.09068012424909 45.023061411755826, 39.107667600006685 45.027195646663124, 39.12122694302639 45.01886436019364, 39.11779881028851 45.0063964230876, 39.100811334530924 45.00226068629253, 39.0872519915112 45.010594388491405))", "population": 14000.0, "Pedestrian traffic": 14000.0, "car traffic": 30000.0, "poi_count": 3 }, "geometry": { "type": "Point", "coordinates": [ 4351674.038176423870027, 5624698.186421781778336 ] } },
{ "type": "Feature", "properties": { "ID": 50010294, "Address": "улица Максима Горького, 59", "Square": "34", "Rating": 5.0, "lat": 45.023163, "long": 39.093415, "index_right": 56.0, "id": 57.0, "geometry_y": "POLYGON ((39.0872519915112 45.010594388491405, 39.09068012424909 45.023061411755826, 39.107667600006685 45.027195646663124, 39.12122694302639 45.01886436019364, 39.11779881028851 45.0063964230876, 39.100811334530924 45.00226068629253, 39.0872519915112 45.010594388491405))", "population": 14000.0, "Pedestrian traffic": 14000.0, "car traffic": 30000.0, "poi_count": 12 }, "geometry": { "type": "Point", "coordinates": [ 4351859.051170122809708, 5625168.763872321695089 ] } },
{ "type": "Feature", "properties": { "ID": 50001022, "Address": "Сормовская улица, 32", "Square": "84", "Rating": 4.997, "lat": 45.026967, "long": 39.074307, "index_right": 49.0, "id": 50.0, "geometry_y": "POLYGON ((39.0567051727339 45.01479204622611, 39.06013330547178 45.02725815564902, 39.077120781229375 45.03139208747013, 39.0906801242491 45.02306141175582, 39.0872519915112 45.0105943884914, 39.07026451575361 45.00645895478263, 39.0567051727339 45.01479204622611))", "population": 28000.0, "Pedestrian traffic": 34000.0, "car traffic": 24000.0, "poi_count": 5 }, "geometry": { "type": "Point", "coordinates": [ 4349731.958340045064688, 5625767.887972816824913 ] } },
{ "type": "Feature", "properties": { "ID": 308215, "Address": "Онежская улица, 1", "Square": "51", "Rating": 4.986, "lat": 45.024144, "long": 39.069654, "index_right": 49.0, "id": 50.0, "geometry_y": "POLYGON ((39.0567051727339 45.01479204622611, 39.06013330547178 45.02725815564902, 39.077120781229375 45.03139208747013, 39.0906801242491 45.02306141175582, 39.0872519915112 45.0105943884914, 39.07026451575361 45.00645895478263, 39.0567051727339 45.01479204622611))", "population": 28000.0, "Pedestrian traffic": 34000.0, "car traffic": 24000.0, "poi_count": 34 }, "geometry": { "type": "Point", "coordinates": [ 4349213.988749383948743, 5625323.266041344031692 ] } },
{ "type": "Feature", "properties": { "ID": 3892, "Address": "Камвольная улица, 3", "Square": "103.7", "Rating": 4.952, "lat": 45.026253, "long": 39.066375, "index_right": 49.0, "id": 50.0, "geometry_y": "POLYGON ((39.0567051727339 45.01479204622611, 39.06013330547178 45.02725815564902, 39.077120781229375 45.03139208747013, 39.0906801242491 45.02306141175582, 39.0872519915112 45.0105943884914, 39.07026451575361 45.00645895478263, 39.0567051727339 45.01479204622611))", "population": 28000.0, "Pedestrian traffic": 34000.0, "car traffic": 24000.0, "poi_count": 37 }, "geometry": { "type": "Point", "coordinates": [ 4348848.9721390735358, 5625655.431045061908662 ] } },
{ "type": "Feature", "properties": { "ID": 306539, "Address": "Магистральная улица, 11к2", "Square": "88.58", "Rating": 4.897, "lat": 45.031852, "long": 39.071046, "index_right": 50.0, "id": 51.0, "geometry_y": "POLYGON ((39.04657396245207 45.03558822060822, 39.05000209518996 45.04804980166078, 39.066989570947555 45.05218223159536, 39.08054891396727 45.04385458236354, 39.077120781229375 45.03139208747013, 39.06013330547178 45.027258155649015, 39.04657396245207 45.03558822060822))", "population": 9000.0, "Pedestrian traffic": 22000.0, "car traffic": 24000.0, "poi_count": 10 }, "geometry": { "type": "Point", "coordinates": [ 4349368.94548056833446, 5626537.326293672434986 ] } },
{ "type": "Feature", "properties": { "ID": 50003086, "Address": "улица Дежнёва, 29/3", "Square": "99", "Rating": 5.0, "lat": 45.033044, "long": 39.073553, "index_right": 50.0, "id": 51.0, "geometry_y": "POLYGON ((39.04657396245207 45.03558822060822, 39.05000209518996 45.04804980166078, 39.066989570947555 45.05218223159536, 39.08054891396727 45.04385458236354, 39.077120781229375 45.03139208747013, 39.06013330547178 45.027258155649015, 39.04657396245207 45.03558822060822))", "population": 9000.0, "Pedestrian traffic": 22000.0, "car traffic": 24000.0, "poi_count": 16 }, "geometry": { "type": "Point", "coordinates": [ 4349648.023443986661732, 5626725.088662299327552 ] } },
{ "type": "Feature", "properties": { "ID": 50035050, "Address": "\nУральская улица, 134Б", "Square": "77", "Rating": null, "lat": 45.036286, "long": 39.073607, "index_right": 50.0, "id": 51.0, "geometry_y": "POLYGON ((39.04657396245207 45.03558822060822, 39.05000209518996 45.04804980166078, 39.066989570947555 45.05218223159536, 39.08054891396727 45.04385458236354, 39.077120781229375 45.03139208747013, 39.06013330547178 45.027258155649015, 39.04657396245207 45.03558822060822))", "population": 9000.0, "Pedestrian traffic": 22000.0, "car traffic": 24000.0, "poi_count": 18 }, "geometry": { "type": "Point", "coordinates": [ 4349654.034696489572525, 5627235.784284244291484 ] } },
{ "type": "Feature", "properties": { "ID": 213578, "Address": "улица Максима Горького, 34/1", "Square": "52", "Rating": 5.0, "lat": 45.027037, "long": 39.089821, "index_right": 57.0, "id": 58.0, "geometry_y": "POLYGON ((39.077120781229375 45.03139208747013, 39.08054891396727 45.043854582363544, 39.09753638972486 45.04798731538402, 39.11109573274457 45.03965905539757, 39.107667600006685 45.027195646663124, 39.0906801242491 45.02306141175582, 39.077120781229375 45.03139208747013))", "population": 29000.0, "Pedestrian traffic": 29000.0, "car traffic": 20000.0, "poi_count": 14 }, "geometry": { "type": "Point", "coordinates": [ 4351458.968920212239027, 5625778.913237310945988 ] } },
{ "type": "Feature", "properties": { "ID": 208642, "Address": "1-я Заречная улица, 45", "Square": "47", "Rating": 4.995, "lat": 45.02775, "long": 39.087683, "index_right": 57.0, "id": 58.0, "geometry_y": "POLYGON ((39.077120781229375 45.03139208747013, 39.08054891396727 45.043854582363544, 39.09753638972486 45.04798731538402, 39.11109573274457 45.03965905539757, 39.107667600006685 45.027195646663124, 39.0906801242491 45.02306141175582, 39.077120781229375 45.03139208747013))", "population": 29000.0, "Pedestrian traffic": 29000.0, "car traffic": 20000.0, "poi_count": 16 }, "geometry": { "type": "Point", "coordinates": [ 4351220.96784889511764, 5625891.214199480600655 ] } },
{ "type": "Feature", "properties": { "ID": 5426, "Address": "1-я Заречная улица, 15/1", "Square": "73.2", "Rating": 4.935, "lat": 45.027037, "long": 39.084521, "index_right": 57.0, "id": 58.0, "geometry_y": "POLYGON ((39.077120781229375 45.03139208747013, 39.08054891396727 45.043854582363544, 39.09753638972486 45.04798731538402, 39.11109573274457 45.03965905539757, 39.107667600006685 45.027195646663124, 39.0906801242491 45.02306141175582, 39.077120781229375 45.03139208747013))", "population": 29000.0, "Pedestrian traffic": 29000.0, "car traffic": 20000.0, "poi_count": 9 }, "geometry": { "type": "Point", "coordinates": [ 4350868.975619007833302, 5625778.913237310945988 ] } },
{ "type": "Feature", "properties": { "ID": 50032032, "Address": "Сормовская улица, 105", "Square": "38.3", "Rating": 5.0, "lat": 45.030018, "long": 39.08259, "index_right": 57.0, "id": 58.0, "geometry_y": "POLYGON ((39.077120781229375 45.03139208747013, 39.08054891396727 45.043854582363544, 39.09753638972486 45.04798731538402, 39.11109573274457 45.03965905539757, 39.107667600006685 45.027195646663124, 39.0906801242491 45.02306141175582, 39.077120781229375 45.03139208747013))", "population": 29000.0, "Pedestrian traffic": 29000.0, "car traffic": 20000.0, "poi_count": 7 }, "geometry": { "type": "Point", "coordinates": [ 4350654.01768228597939, 5626248.444514491595328 ] } },
{ "type": "Feature", "properties": { "ID": 327229, "Address": "Монтажная улица, 43", "Square": "88.9", "Rating": 4.987, "lat": 45.03419, "long": 39.082976, "index_right": 57.0, "id": 58.0, "geometry_y": "POLYGON ((39.077120781229375 45.03139208747013, 39.08054891396727 45.043854582363544, 39.09753638972486 45.04798731538402, 39.11109573274457 45.03965905539757, 39.107667600006685 45.027195646663124, 39.0906801242491 45.02306141175582, 39.077120781229375 45.03139208747013))", "population": 29000.0, "Pedestrian traffic": 29000.0, "car traffic": 20000.0, "poi_count": 2 }, "geometry": { "type": "Point", "coordinates": [ 4350696.987005732022226, 5626905.608855053782463 ] } },
{ "type": "Feature", "properties": { "ID": 325414, "Address": "Карасунская улица, 235/1", "Square": "80", "Rating": 4.914, "lat": 45.027291, "long": 39.09814, "index_right": 57.0, "id": 58.0, "geometry_y": "POLYGON ((39.077120781229375 45.03139208747013, 39.08054891396727 45.043854582363544, 39.09753638972486 45.04798731538402, 39.11109573274457 45.03965905539757, 39.107667600006685 45.027195646663124, 39.0906801242491 45.02306141175582, 39.077120781229375 45.03139208747013))", "population": 29000.0, "Pedestrian traffic": 29000.0, "car traffic": 20000.0, "poi_count": 2 }, "geometry": { "type": "Point", "coordinates": [ 4352385.035764121450484, 5625818.91931027919054 ] } },
{ "type": "Feature", "properties": { "ID": 50008666, "Address": "улица Тюляева, 3/2", "Square": "65", "Rating": 4.99, "lat": 45.029024, "long": 39.095517, "index_right": 57.0, "id": 58.0, "geometry_y": "POLYGON ((39.077120781229375 45.03139208747013, 39.08054891396727 45.043854582363544, 39.09753638972486 45.04798731538402, 39.11109573274457 45.03965905539757, 39.107667600006685 45.027195646663124, 39.0906801242491 45.02306141175582, 39.077120781229375 45.03139208747013))", "population": 29000.0, "Pedestrian traffic": 29000.0, "car traffic": 20000.0, "poi_count": 7 }, "geometry": { "type": "Point", "coordinates": [ 4352093.044739770703018, 5626091.878868600353599 ] } },
{ "type": "Feature", "properties": { "ID": 312626, "Address": "Сормовская улица, 106", "Square": "54", "Rating": 4.987, "lat": 45.031496, "long": 39.090854, "index_right": 57.0, "id": 58.0, "geometry_y": "POLYGON ((39.077120781229375 45.03139208747013, 39.08054891396727 45.043854582363544, 39.09753638972486 45.04798731538402, 39.11109573274457 45.03965905539757, 39.107667600006685 45.027195646663124, 39.0906801242491 45.02306141175582, 39.077120781229375 45.03139208747013))", "population": 29000.0, "Pedestrian traffic": 29000.0, "car traffic": 20000.0, "poi_count": 32 }, "geometry": { "type": "Point", "coordinates": [ 4351573.961954201571643, 5626481.250371487811208 ] } },
{ "type": "Feature", "properties": { "ID": 164078, "Address": "Сормовская улица, 163", "Square": "60", "Rating": 5.0, "lat": 45.032222, "long": 39.089947, "index_right": 57.0, "id": 58.0, "geometry_y": "POLYGON ((39.077120781229375 45.03139208747013, 39.08054891396727 45.043854582363544, 39.09753638972486 45.04798731538402, 39.11109573274457 45.03965905539757, 39.107667600006685 45.027195646663124, 39.0906801242491 45.02306141175582, 39.077120781229375 45.03139208747013))", "population": 29000.0, "Pedestrian traffic": 29000.0, "car traffic": 20000.0, "poi_count": 29 }, "geometry": { "type": "Point", "coordinates": [ 4351472.995176052674651, 5626595.607818409800529 ] } },
{ "type": "Feature", "properties": { "ID": 213822, "Address": "Симферопольская улица, 40", "Square": "53", "Rating": 4.999, "lat": 45.035802, "long": 39.088375, "index_right": 57.0, "id": 58.0, "geometry_y": "POLYGON ((39.077120781229375 45.03139208747013, 39.08054891396727 45.043854582363544, 39.09753638972486 45.04798731538402, 39.11109573274457 45.03965905539757, 39.107667600006685 45.027195646663124, 39.0906801242491 45.02306141175582, 39.077120781229375 45.03139208747013))", "population": 29000.0, "Pedestrian traffic": 29000.0, "car traffic": 20000.0, "poi_count": 31 }, "geometry": { "type": "Point", "coordinates": [ 4351298.000936524942517, 5627159.540410889312625 ] } },
{ "type": "Feature", "properties": { "ID": 50016554, "Address": "Сормовская улица, 177", "Square": "51.8", "Rating": 4.912, "lat": 45.032942, "long": 39.095957, "index_right": 57.0, "id": 58.0, "geometry_y": "POLYGON ((39.077120781229375 45.03139208747013, 39.08054891396727 45.043854582363544, 39.09753638972486 45.04798731538402, 39.11109573274457 45.03965905539757, 39.107667600006685 45.027195646663124, 39.0906801242491 45.02306141175582, 39.077120781229375 45.03139208747013))", "population": 29000.0, "Pedestrian traffic": 29000.0, "car traffic": 20000.0, "poi_count": 49 }, "geometry": { "type": "Point", "coordinates": [ 4352142.025315718725324, 5626709.021595202386379 ] } },
{ "type": "Feature", "properties": { "ID": 206678, "Address": "Сормовская улица, 179/1", "Square": "106", "Rating": 4.943, "lat": 45.033808, "long": 39.099757, "index_right": 57.0, "id": 58.0, "geometry_y": "POLYGON ((39.077120781229375 45.03139208747013, 39.08054891396727 45.043854582363544, 39.09753638972486 45.04798731538402, 39.11109573274457 45.03965905539757, 39.107667600006685 45.027195646663124, 39.0906801242491 45.02306141175582, 39.077120781229375 45.03139208747013))", "population": 29000.0, "Pedestrian traffic": 29000.0, "car traffic": 20000.0, "poi_count": 34 }, "geometry": { "type": "Point", "coordinates": [ 4352565.039380733855069, 5626845.43505581188947 ] } },
{ "type": "Feature", "properties": { "ID": 208163, "Address": "улица Тюляева, 8\n", "Square": "54", "Rating": 4.999, "lat": 45.035795, "long": 39.099379, "index_right": 57.0, "id": 58.0, "geometry_y": "POLYGON ((39.077120781229375 45.03139208747013, 39.08054891396727 45.043854582363544, 39.09753638972486 45.04798731538402, 39.11109573274457 45.03965905539757, 39.107667600006685 45.027195646663124, 39.0906801242491 45.02306141175582, 39.077120781229375 45.03139208747013))", "population": 29000.0, "Pedestrian traffic": 29000.0, "car traffic": 20000.0, "poi_count": 36 }, "geometry": { "type": "Point", "coordinates": [ 4352522.960613213479519, 5627158.437714973464608 ] } },
{ "type": "Feature", "properties": { "ID": 50007203, "Address": "улица Тюляева, 16/1", "Square": "40", "Rating": 4.995, "lat": 45.037884, "long": 39.097538, "index_right": 57.0, "id": 58.0, "geometry_y": "POLYGON ((39.077120781229375 45.03139208747013, 39.08054891396727 45.043854582363544, 39.09753638972486 45.04798731538402, 39.11109573274457 45.03965905539757, 39.107667600006685 45.027195646663124, 39.0906801242491 45.02306141175582, 39.077120781229375 45.03139208747013))", "population": 29000.0, "Pedestrian traffic": 29000.0, "car traffic": 20000.0, "poi_count": 44 }, "geometry": { "type": "Point", "coordinates": [ 4352318.021430663764477, 5627487.519668815657496 ] } },
{ "type": "Feature", "properties": { "ID": 155751, "Address": "Уральская улица, 158/2", "Square": "70", "Rating": 4.986, "lat": 45.036324, "long": 39.092849, "index_right": 57.0, "id": 58.0, "geometry_y": "POLYGON ((39.077120781229375 45.03139208747013, 39.08054891396727 45.043854582363544, 39.09753638972486 45.04798731538402, 39.11109573274457 45.03965905539757, 39.107667600006685 45.027195646663124, 39.0906801242491 45.02306141175582, 39.077120781229375 45.03139208747013))", "population": 29000.0, "Pedestrian traffic": 29000.0, "car traffic": 20000.0, "poi_count": 46 }, "geometry": { "type": "Point", "coordinates": [ 4351796.044338334351778, 5627241.77040077932179 ] } },
{ "type": "Feature", "properties": { "ID": 304427, "Address": "Уральская улица, 156А", "Square": "70", "Rating": 5.0, "lat": 45.037369, "long": 39.091851, "index_right": 57.0, "id": 58.0, "geometry_y": "POLYGON ((39.077120781229375 45.03139208747013, 39.08054891396727 45.043854582363544, 39.09753638972486 45.04798731538402, 39.11109573274457 45.03965905539757, 39.107667600006685 45.027195646663124, 39.0906801242491 45.02306141175582, 39.077120781229375 45.03139208747013))", "population": 29000.0, "Pedestrian traffic": 29000.0, "car traffic": 20000.0, "poi_count": 50 }, "geometry": { "type": "Point", "coordinates": [ 4351684.947486522607505, 5627406.390163243748248 ] } },
{ "type": "Feature", "properties": { "ID": 315568, "Address": "Уральская улица, 162", "Square": "70", "Rating": 4.916, "lat": 45.038534, "long": 39.094052, "index_right": 57.0, "id": 58.0, "geometry_y": "POLYGON ((39.077120781229375 45.03139208747013, 39.08054891396727 45.043854582363544, 39.09753638972486 45.04798731538402, 39.11109573274457 45.03965905539757, 39.107667600006685 45.027195646663124, 39.0906801242491 45.02306141175582, 39.077120781229375 45.03139208747013))", "population": 29000.0, "Pedestrian traffic": 29000.0, "car traffic": 20000.0, "poi_count": 74 }, "geometry": { "type": "Point", "coordinates": [ 4351929.961685758084059, 5627589.917174561880529 ] } },
{ "type": "Feature", "properties": { "ID": 151807, "Address": "\nУральская улица, 162/1", "Square": "44", "Rating": 4.999, "lat": 45.03891, "long": 39.093711, "index_right": 57.0, "id": 58.0, "geometry_y": "POLYGON ((39.077120781229375 45.03139208747013, 39.08054891396727 45.043854582363544, 39.09753638972486 45.04798731538402, 39.11109573274457 45.03965905539757, 39.107667600006685 45.027195646663124, 39.0906801242491 45.02306141175582, 39.077120781229375 45.03139208747013))", "population": 29000.0, "Pedestrian traffic": 29000.0, "car traffic": 20000.0, "poi_count": 72 }, "geometry": { "type": "Point", "coordinates": [ 4351892.001739397644997, 5627649.150724329054356 ] } },
{ "type": "Feature", "properties": { "ID": 213822, "Address": "Симферопольская улица, 40", "Square": "53", "Rating": 4.999, "lat": 45.035802, "long": 39.088375, "index_right": 57.0, "id": 58.0, "geometry_y": "POLYGON ((39.077120781229375 45.03139208747013, 39.08054891396727 45.043854582363544, 39.09753638972486 45.04798731538402, 39.11109573274457 45.03965905539757, 39.107667600006685 45.027195646663124, 39.0906801242491 45.02306141175582, 39.077120781229375 45.03139208747013))", "population": 29000.0, "Pedestrian traffic": 29000.0, "car traffic": 20000.0, "poi_count": 31 }, "geometry": { "type": "Point", "coordinates": [ 4351298.000936524942517, 5627159.540410889312625 ] } },
{ "type": "Feature", "properties": { "ID": 160973, "Address": "Симферопольская улица, 58", "Square": "76", "Rating": 4.994, "lat": 45.040591, "long": 39.089031, "index_right": 57.0, "id": 58.0, "geometry_y": "POLYGON ((39.077120781229375 45.03139208747013, 39.08054891396727 45.043854582363544, 39.09753638972486 45.04798731538402, 39.11109573274457 45.03965905539757, 39.107667600006685 45.027195646663124, 39.0906801242491 45.02306141175582, 39.077120781229375 45.03139208747013))", "population": 29000.0, "Pedestrian traffic": 29000.0, "car traffic": 20000.0, "poi_count": 22 }, "geometry": { "type": "Point", "coordinates": [ 4351371.026522484607995, 5627913.97356214094907 ] } },
{ "type": "Feature", "properties": { "ID": 316959, "Address": "Уральская улица, 162/4\n", "Square": "70", "Rating": 4.997, "lat": 45.040687, "long": 39.095328, "index_right": 57.0, "id": 58.0, "geometry_y": "POLYGON ((39.077120781229375 45.03139208747013, 39.08054891396727 45.043854582363544, 39.09753638972486 45.04798731538402, 39.11109573274457 45.03965905539757, 39.107667600006685 45.027195646663124, 39.0906801242491 45.02306141175582, 39.077120781229375 45.03139208747013))", "population": 29000.0, "Pedestrian traffic": 29000.0, "car traffic": 20000.0, "poi_count": 39 }, "geometry": { "type": "Point", "coordinates": [ 4352072.005356010980904, 5627929.097528365440667 ] } },
{ "type": "Feature", "properties": { "ID": 158705, "Address": "улица 30-й Иркутской Дивизии, 3", "Square": "93", "Rating": 4.996, "lat": 45.037509, "long": 39.102649, "index_right": 57.0, "id": 58.0, "geometry_y": "POLYGON ((39.077120781229375 45.03139208747013, 39.08054891396727 45.043854582363544, 39.09753638972486 45.04798731538402, 39.11109573274457 45.03965905539757, 39.107667600006685 45.027195646663124, 39.0906801242491 45.02306141175582, 39.077120781229375 45.03139208747013))", "population": 29000.0, "Pedestrian traffic": 29000.0, "car traffic": 20000.0, "poi_count": 11 }, "geometry": { "type": "Point", "coordinates": [ 4352886.975348108448088, 5627428.444713848643005 ] } },
{ "type": "Feature", "properties": { "ID": 205939, "Address": "Сормовская улица, 204", "Square": "30", "Rating": 4.983, "lat": 45.038056, "long": 39.105793, "index_right": 57.0, "id": 58.0, "geometry_y": "POLYGON ((39.077120781229375 45.03139208747013, 39.08054891396727 45.043854582363544, 39.09753638972486 45.04798731538402, 39.11109573274457 45.03965905539757, 39.107667600006685 45.027195646663124, 39.0906801242491 45.02306141175582, 39.077120781229375 45.03139208747013))", "population": 29000.0, "Pedestrian traffic": 29000.0, "car traffic": 20000.0, "poi_count": 18 }, "geometry": { "type": "Point", "coordinates": [ 4353236.963827162049711, 5627514.615511004813015 ] } },
{ "type": "Feature", "properties": { "ID": 208736, "Address": "Сормовская улица, 191/1", "Square": "70", "Rating": 4.99, "lat": 45.039037, "long": 39.107635, "index_right": 57.0, "id": 58.0, "geometry_y": "POLYGON ((39.077120781229375 45.03139208747013, 39.08054891396727 45.043854582363544, 39.09753638972486 45.04798731538402, 39.11109573274457 45.03965905539757, 39.107667600006685 45.027195646663124, 39.0906801242491 45.02306141175582, 39.077120781229375 45.03139208747013))", "population": 29000.0, "Pedestrian traffic": 29000.0, "car traffic": 20000.0, "poi_count": 20 }, "geometry": { "type": "Point", "coordinates": [ 4353442.014329203404486, 5627669.157888920977712 ] } },
{ "type": "Feature", "properties": { "ID": 50022480, "Address": "Уральская улица, 184/4", "Square": "100", "Rating": 5.0, "lat": 45.042426, "long": 39.10432, "index_right": 57.0, "id": 58.0, "geometry_y": "POLYGON ((39.077120781229375 45.03139208747013, 39.08054891396727 45.043854582363544, 39.09753638972486 45.04798731538402, 39.11109573274457 45.03965905539757, 39.107667600006685 45.027195646663124, 39.0906801242491 45.02306141175582, 39.077120781229375 45.03139208747013))", "population": 29000.0, "Pedestrian traffic": 29000.0, "car traffic": 20000.0, "poi_count": 12 }, "geometry": { "type": "Point", "coordinates": [ 4353072.990217223763466, 5628203.066268344409764 ] } },
{ "type": "Feature", "properties": { "ID": 313388, "Address": "Войсковая улица, 4к10", "Square": "80", "Rating": 4.989, "lat": 45.045349, "long": 39.110411, "index_right": 66.0, "id": 67.0, "geometry_y": "POLYGON ((39.09753638972486 45.04798731538401, 39.10096452246275 45.0604461957507, 39.11795199822035 45.064577729971646, 39.131511341240056 45.056251885710914, 39.12808320850217 45.043792091503995, 39.11109573274457 45.03965905539756, 39.09753638972486 45.04798731538401))", "population": 24000.0, "Pedestrian traffic": 19000.0, "car traffic": 27000.0, "poi_count": 9 }, "geometry": { "type": "Point", "coordinates": [ 4353751.037235645577312, 5628663.585679671727121 ] } },
{ "type": "Feature", "properties": { "ID": 320330, "Address": "Уральская улица, 196/2", "Square": "40", "Rating": 4.956, "lat": 45.043177, "long": 39.109414, "index_right": 66.0, "id": 67.0, "geometry_y": "POLYGON ((39.09753638972486 45.04798731538401, 39.10096452246275 45.0604461957507, 39.11795199822035 45.064577729971646, 39.131511341240056 45.056251885710914, 39.12808320850217 45.043792091503995, 39.11109573274457 45.03965905539756, 39.09753638972486 45.04798731538401))", "population": 24000.0, "Pedestrian traffic": 19000.0, "car traffic": 27000.0, "poi_count": 15 }, "geometry": { "type": "Point", "coordinates": [ 4353640.05170332454145, 5628321.384267866611481 ] } },
{ "type": "Feature", "properties": { "ID": 208913, "Address": "Сормовская улица, 208", "Square": "45", "Rating": 4.928, "lat": 45.038528, "long": 39.112073, "index_right": 65.0, "id": 66.0, "geometry_y": "POLYGON ((39.107667600006685 45.027195646663124, 39.11109573274457 45.03965905539757, 39.12808320850217 45.043792091504, 39.14164255152188 45.03546322076278, 39.138214418783996 45.02299889818715, 39.1212269430264 45.01886436019363, 39.107667600006685 45.027195646663124))", "population": 6500.0, "Pedestrian traffic": 9500.0, "car traffic": 21000.0, "poi_count": 17 }, "geometry": { "type": "Point", "coordinates": [ 4353936.05022934358567, 5627588.97196149546653 ] } },
{ "type": "Feature", "properties": { "ID": 310663, "Address": "Сормовская улица, 208/2", "Square": "72", "Rating": 5.0, "lat": 45.038706, "long": 39.113681, "index_right": 65.0, "id": 66.0, "geometry_y": "POLYGON ((39.107667600006685 45.027195646663124, 39.11109573274457 45.03965905539757, 39.12808320850217 45.043792091504, 39.14164255152188 45.03546322076278, 39.138214418783996 45.02299889818715, 39.1212269430264 45.01886436019363, 39.107667600006685 45.027195646663124))", "population": 6500.0, "Pedestrian traffic": 9500.0, "car traffic": 21000.0, "poi_count": 11 }, "geometry": { "type": "Point", "coordinates": [ 4354115.051970538683236, 5627617.013324556872249 ] } },
{ "type": "Feature", "properties": { "ID": 207679, "Address": "Сормовская улица, 212", "Square": "38", "Rating": 4.982, "lat": 45.038222, "long": 39.114498, "index_right": 65.0, "id": 66.0, "geometry_y": "POLYGON ((39.107667600006685 45.027195646663124, 39.11109573274457 45.03965905539757, 39.12808320850217 45.043792091504, 39.14164255152188 45.03546322076278, 39.138214418783996 45.02299889818715, 39.1212269430264 45.01886436019363, 39.107667600006685 45.027195646663124))", "population": 6500.0, "Pedestrian traffic": 9500.0, "car traffic": 21000.0, "poi_count": 12 }, "geometry": { "type": "Point", "coordinates": [ 4354205.999994517304003, 5627540.766226633451879 ] } },
{ "type": "Feature", "properties": { "ID": 50016366, "Address": "Сормовская улица, 210", "Square": "40", "Rating": 4.992, "lat": 45.039133, "long": 39.114767, "index_right": 65.0, "id": 66.0, "geometry_y": "POLYGON ((39.107667600006685 45.027195646663124, 39.11109573274457 45.03965905539757, 39.12808320850217 45.043792091504, 39.14164255152188 45.03546322076278, 39.138214418783996 45.02299889818715, 39.1212269430264 45.01886436019363, 39.107667600006685 45.027195646663124))", "population": 6500.0, "Pedestrian traffic": 9500.0, "car traffic": 21000.0, "poi_count": 11 }, "geometry": { "type": "Point", "coordinates": [ 4354235.944937541149557, 5627684.281444380991161 ] } },
{ "type": "Feature", "properties": { "ID": 50001050, "Address": "Карасунская улица, 272/1литД", "Square": "70", "Rating": 5.0, "lat": 45.034967, "long": 39.112522, "index_right": 65.0, "id": 66.0, "geometry_y": "POLYGON ((39.107667600006685 45.027195646663124, 39.11109573274457 45.03965905539757, 39.12808320850217 45.043792091504, 39.14164255152188 45.03546322076278, 39.138214418783996 45.02299889818715, 39.1212269430264 45.01886436019363, 39.107667600006685 45.027195646663124))", "population": 6500.0, "Pedestrian traffic": 9500.0, "car traffic": 21000.0, "poi_count": 1 }, "geometry": { "type": "Point", "coordinates": [ 4353986.032680709846318, 5627028.005492409691215 ] } },
{ "type": "Feature", "properties": { "ID": 50002790, "Address": "улица Фадеева, 324/9", "Square": "72", "Rating": 5.0, "lat": 45.027776, "long": 39.120418, "index_right": 65.0, "id": 66.0, "geometry_y": "POLYGON ((39.107667600006685 45.027195646663124, 39.11109573274457 45.03965905539757, 39.12808320850217 45.043792091504, 39.14164255152188 45.03546322076278, 39.138214418783996 45.02299889818715, 39.1212269430264 45.01886436019363, 39.107667600006685 45.027195646663124))", "population": 6500.0, "Pedestrian traffic": 9500.0, "car traffic": 21000.0, "poi_count": 13 }, "geometry": { "type": "Point", "coordinates": [ 4354865.011380014009774, 5625895.309352166950703 ] } },
{ "type": "Feature", "properties": { "ID": 316637, "Address": "улица имени Евдокии Бершанской, 394", "Square": "50", "Rating": 5.0, "lat": 45.031356, "long": 39.118828, "index_right": 65.0, "id": 66.0, "geometry_y": "POLYGON ((39.107667600006685 45.027195646663124, 39.11109573274457 45.03965905539757, 39.12808320850217 45.043792091504, 39.14164255152188 45.03546322076278, 39.138214418783996 45.02299889818715, 39.1212269430264 45.01886436019363, 39.107667600006685 45.027195646663124))", "population": 6500.0, "Pedestrian traffic": 9500.0, "car traffic": 21000.0, "poi_count": 5 }, "geometry": { "type": "Point", "coordinates": [ 4354688.013389652594924, 5626459.19813809543848 ] } },
{ "type": "Feature", "properties": { "ID": 145033, "Address": "улица 1 Мая, 67", "Square": "75", "Rating": 5.0, "lat": 45.031986, "long": 39.121613, "index_right": 65.0, "id": 66.0, "geometry_y": "POLYGON ((39.107667600006685 45.027195646663124, 39.11109573274457 45.03965905539757, 39.12808320850217 45.043792091504, 39.14164255152188 45.03546322076278, 39.138214418783996 45.02299889818715, 39.1212269430264 45.01886436019363, 39.107667600006685 45.027195646663124))", "population": 6500.0, "Pedestrian traffic": 9500.0, "car traffic": 21000.0, "poi_count": 17 }, "geometry": { "type": "Point", "coordinates": [ 4354998.038171512074769, 5626558.433613169007003 ] } },
{ "type": "Feature", "properties": { "ID": 50016546, "Address": "улица Фадеева, 429", "Square": "40", "Rating": 5.0, "lat": 45.031521, "long": 39.127551, "index_right": 65.0, "id": 66.0, "geometry_y": "POLYGON ((39.107667600006685 45.027195646663124, 39.11109573274457 45.03965905539757, 39.12808320850217 45.043792091504, 39.14164255152188 45.03546322076278, 39.138214418783996 45.02299889818715, 39.1212269430264 45.01886436019363, 39.107667600006685 45.027195646663124))", "population": 6500.0, "Pedestrian traffic": 9500.0, "car traffic": 21000.0, "poi_count": 23 }, "geometry": { "type": "Point", "coordinates": [ 4355659.053307842463255, 5626485.188275986351073 ] } },
{ "type": "Feature", "properties": { "ID": 150368, "Address": "улица Фадеева, 425/1", "Square": "77", "Rating": 5.0, "lat": 45.032349, "long": 39.127263, "index_right": 65.0, "id": 66.0, "geometry_y": "POLYGON ((39.107667600006685 45.027195646663124, 39.11109573274457 45.03965905539757, 39.12808320850217 45.043792091504, 39.14164255152188 45.03546322076278, 39.138214418783996 45.02299889818715, 39.1212269430264 45.01886436019363, 39.107667600006685 45.027195646663124))", "population": 6500.0, "Pedestrian traffic": 9500.0, "car traffic": 21000.0, "poi_count": 18 }, "geometry": { "type": "Point", "coordinates": [ 4355626.993294493295252, 5626615.61264484282583 ] } },
{ "type": "Feature", "properties": { "ID": 102612, "Address": "улица Лавочкина, 13/3", "Square": "54.8", "Rating": 5.0, "lat": 45.035834, "long": 39.122763, "index_right": 65.0, "id": 66.0, "geometry_y": "POLYGON ((39.107667600006685 45.027195646663124, 39.11109573274457 45.03965905539757, 39.12808320850217 45.043792091504, 39.14164255152188 45.03546322076278, 39.138214418783996 45.02299889818715, 39.1212269430264 45.01886436019363, 39.107667600006685 45.027195646663124))", "population": 6500.0, "Pedestrian traffic": 9500.0, "car traffic": 21000.0, "poi_count": 18 }, "geometry": { "type": "Point", "coordinates": [ 4355126.055585923604667, 5627164.581308228895068 ] } },
{ "type": "Feature", "properties": { "ID": 304602, "Address": "улица Лавочкина, 13", "Square": "69.9", "Rating": 5.0, "lat": 45.036986, "long": 39.122529, "index_right": 65.0, "id": 66.0, "geometry_y": "POLYGON ((39.107667600006685 45.027195646663124, 39.11109573274457 45.03965905539757, 39.12808320850217 45.043792091504, 39.14164255152188 45.03546322076278, 39.138214418783996 45.02299889818715, 39.1212269430264 45.01886436019363, 39.107667600006685 45.027195646663124))", "population": 6500.0, "Pedestrian traffic": 9500.0, "car traffic": 21000.0, "poi_count": 19 }, "geometry": { "type": "Point", "coordinates": [ 4355100.00682507827878, 5627346.055489814840257 ] } },
{ "type": "Feature", "properties": { "ID": 301928, "Address": "улица Лавочкина, 31", "Square": "77", "Rating": 4.989, "lat": 45.039158, "long": 39.123831, "index_right": 65.0, "id": 66.0, "geometry_y": "POLYGON ((39.107667600006685 45.027195646663124, 39.11109573274457 45.03965905539757, 39.12808320850217 45.043792091504, 39.14164255152188 45.03546322076278, 39.138214418783996 45.02299889818715, 39.1212269430264 45.01886436019363, 39.107667600006685 45.027195646663124))", "population": 6500.0, "Pedestrian traffic": 9500.0, "car traffic": 21000.0, "poi_count": 22 }, "geometry": { "type": "Point", "coordinates": [ 4355244.94480209145695, 5627688.219874446280301 ] } },
{ "type": "Feature", "properties": { "ID": 50009520, "Address": "улица Лавочкина, 2", "Square": "48.1", "Rating": 5.0, "lat": 45.038719, "long": 39.121235, "index_right": 65.0, "id": 66.0, "geometry_y": "POLYGON ((39.107667600006685 45.027195646663124, 39.11109573274457 45.03965905539757, 39.12808320850217 45.043792091504, 39.14164255152188 45.03546322076278, 39.138214418783996 45.02299889818715, 39.1212269430264 45.01886436019363, 39.107667600006685 45.027195646663124))", "population": 6500.0, "Pedestrian traffic": 9500.0, "car traffic": 21000.0, "poi_count": 12 }, "geometry": { "type": "Point", "coordinates": [ 4354955.959403991699219, 5627619.061292693018913 ] } },
{ "type": "Feature", "properties": { "ID": 150726, "Address": "Становая улица, 1", "Square": "70", "Rating": 4.993, "lat": 45.047508, "long": 39.118549, "index_right": 66.0, "id": 67.0, "geometry_y": "POLYGON ((39.09753638972486 45.04798731538401, 39.10096452246275 45.0604461957507, 39.11795199822035 45.064577729971646, 39.131511341240056 45.056251885710914, 39.12808320850217 45.043792091503995, 39.11109573274457 45.03965905539756, 39.09753638972486 45.04798731538401))", "population": 24000.0, "Pedestrian traffic": 19000.0, "car traffic": 27000.0, "poi_count": 4 }, "geometry": { "type": "Point", "coordinates": [ 4354656.955251721665263, 5629003.751801384612918 ] } },
{ "type": "Feature", "properties": { "ID": 50011399, "Address": "Производственная улица, 19", "Square": "53", "Rating": 4.999, "lat": 45.046278, "long": 39.123257, "index_right": 66.0, "id": 67.0, "geometry_y": "POLYGON ((39.09753638972486 45.04798731538401, 39.10096452246275 45.0604461957507, 39.11795199822035 45.064577729971646, 39.131511341240056 45.056251885710914, 39.12808320850217 45.043792091503995, 39.11109573274457 45.03965905539756, 39.09753638972486 45.04798731538401))", "population": 24000.0, "Pedestrian traffic": 19000.0, "car traffic": 27000.0, "poi_count": 2 }, "geometry": { "type": "Point", "coordinates": [ 4355181.047414375469089, 5628809.954799425788224 ] } },
{ "type": "Feature", "properties": { "ID": 320010, "Address": "Войсковая улица, 117", "Square": "50", "Rating": 4.993, "lat": 45.047769, "long": 39.127739, "index_right": 66.0, "id": 67.0, "geometry_y": "POLYGON ((39.09753638972486 45.04798731538401, 39.10096452246275 45.0604461957507, 39.11795199822035 45.064577729971646, 39.131511341240056 45.056251885710914, 39.12808320850217 45.043792091503995, 39.11109573274457 45.03965905539756, 39.09753638972486 45.04798731538401))", "population": 24000.0, "Pedestrian traffic": 19000.0, "car traffic": 27000.0, "poi_count": 5 }, "geometry": { "type": "Point", "coordinates": [ 4355679.981372111476958, 5629044.875115799717605 ] } },
{ "type": "Feature", "properties": { "ID": 302990, "Address": "Марьянская улица, 42", "Square": "68", "Rating": 4.993, "lat": 45.048093, "long": 39.12888, "index_right": 66.0, "id": 67.0, "geometry_y": "POLYGON ((39.09753638972486 45.04798731538401, 39.10096452246275 45.0604461957507, 39.11795199822035 45.064577729971646, 39.131511341240056 45.056251885710914, 39.12808320850217 45.043792091503995, 39.11109573274457 45.03965905539756, 39.09753638972486 45.04798731538401))", "population": 24000.0, "Pedestrian traffic": 19000.0, "car traffic": 27000.0, "poi_count": 5 }, "geometry": { "type": "Point", "coordinates": [ 4355806.99691110663116, 5629095.925008535385132 ] } },
{ "type": "Feature", "properties": { "ID": 50006225, "Address": "Богатырская улица, 5/1", "Square": "50", "Rating": 4.974, "lat": 45.059835, "long": 39.111462, "index_right": 66.0, "id": 67.0, "geometry_y": "POLYGON ((39.09753638972486 45.04798731538401, 39.10096452246275 45.0604461957507, 39.11795199822035 45.064577729971646, 39.131511341240056 45.056251885710914, 39.12808320850217 45.043792091503995, 39.11109573274457 45.03965905539756, 39.09753638972486 45.04798731538401))", "population": 24000.0, "Pedestrian traffic": 19000.0, "car traffic": 27000.0, "poi_count": 5 }, "geometry": { "type": "Point", "coordinates": [ 4353868.034020469523966, 5630946.2061089258641 ] } },
{ "type": "Feature", "properties": { "ID": 309400, "Address": "улица имени Владимира Жириновского, 1к1", "Square": "50", "Rating": 5.0, "lat": 45.058982, "long": 39.114148, "index_right": 66.0, "id": 67.0, "geometry_y": "POLYGON ((39.09753638972486 45.04798731538401, 39.10096452246275 45.0604461957507, 39.11795199822035 45.064577729971646, 39.131511341240056 45.056251885710914, 39.12808320850217 45.043792091503995, 39.11109573274457 45.03965905539756, 39.09753638972486 45.04798731538401))", "population": 24000.0, "Pedestrian traffic": 19000.0, "car traffic": 27000.0, "poi_count": 3 }, "geometry": { "type": "Point", "coordinates": [ 4354167.038172739557922, 5630811.779260800220072 ] } },
{ "type": "Feature", "properties": { "ID": 209681, "Address": "Богатырская улица, 80", "Square": "78", "Rating": 5.0, "lat": 45.058039, "long": 39.11687, "index_right": 66.0, "id": 67.0, "geometry_y": "POLYGON ((39.09753638972486 45.04798731538401, 39.10096452246275 45.0604461957507, 39.11795199822035 45.064577729971646, 39.131511341240056 45.056251885710914, 39.12808320850217 45.043792091503995, 39.11109573274457 45.03965905539756, 39.09753638972486 45.04798731538401))", "population": 24000.0, "Pedestrian traffic": 19000.0, "car traffic": 27000.0, "poi_count": 3 }, "geometry": { "type": "Point", "coordinates": [ 4354470.049826678819954, 5630663.17137461155653 ] } },
{ "type": "Feature", "properties": { "ID": 50006622, "Address": "Андреевская улица, 41", "Square": "43", "Rating": 4.97, "lat": 45.056747, "long": 39.129464, "index_right": 66.0, "id": 67.0, "geometry_y": "POLYGON ((39.09753638972486 45.04798731538401, 39.10096452246275 45.0604461957507, 39.11795199822035 45.064577729971646, 39.131511341240056 45.056251885710914, 39.12808320850217 45.043792091503995, 39.11109573274457 45.03965905539756, 39.09753638972486 45.04798731538401))", "population": 24000.0, "Pedestrian traffic": 19000.0, "car traffic": 27000.0, "poi_count": 6 }, "geometry": { "type": "Point", "coordinates": [ 4355872.007493729703128, 5630459.568366541527212 ] } },
{ "type": "Feature", "properties": { "ID": 50018225, "Address": "Центровая улица, 23/2", "Square": "30", "Rating": 4.988, "lat": 45.061535, "long": 39.129392, "index_right": 74.0, "id": 75.0, "geometry_y": "POLYGON ((39.11795199822035 45.064577729971646, 39.12138013095823 45.07703299581557, 39.138367606715825 45.08116333123849, 39.15192694973553 45.072839902700515, 39.14849881699765 45.06038372301748, 39.131511341240056 45.056251885710914, 39.11795199822035 45.064577729971646))", "population": 1700.0, "Pedestrian traffic": 4600.0, "car traffic": 20000.0, "poi_count": 1 }, "geometry": { "type": "Point", "coordinates": [ 4355863.99249039310962, 5631214.120228416286409 ] } },
{ "type": "Feature", "properties": { "ID": 212461, "Address": "улица имени Виктора Нарыкова, 6", "Square": "60", "Rating": 5.0, "lat": 45.067704, "long": 39.125628, "index_right": 74.0, "id": 75.0, "geometry_y": "POLYGON ((39.11795199822035 45.064577729971646, 39.12138013095823 45.07703299581557, 39.138367606715825 45.08116333123849, 39.15192694973553 45.072839902700515, 39.14849881699765 45.06038372301748, 39.131511341240056 45.056251885710914, 39.11795199822035 45.064577729971646))", "population": 1700.0, "Pedestrian traffic": 4600.0, "car traffic": 20000.0, "poi_count": 5 }, "geometry": { "type": "Point", "coordinates": [ 4355444.985927046276629, 5632186.400200710631907 ] } },
{ "type": "Feature", "properties": { "ID": 50034058, "Address": "Природная улица, 10Бк2", "Square": "48", "Rating": 4.975, "lat": 45.062534, "long": 39.142094, "index_right": 74.0, "id": 75.0, "geometry_y": "POLYGON ((39.11795199822035 45.064577729971646, 39.12138013095823 45.07703299581557, 39.138367606715825 45.08116333123849, 39.15192694973553 45.072839902700515, 39.14849881699765 45.06038372301748, 39.131511341240056 45.056251885710914, 39.11795199822035 45.064577729971646))", "population": 1700.0, "Pedestrian traffic": 4600.0, "car traffic": 20000.0, "poi_count": 0 }, "geometry": { "type": "Point", "coordinates": [ 4357277.972662448883057, 5631371.562888929620385 ] } },
{ "type": "Feature", "properties": { "ID": 216142, "Address": "Природная улица, 10Бк6", "Square": "63.7", "Rating": 4.992, "lat": 45.061643, "long": 39.144547, "index_right": 74.0, "id": 75.0, "geometry_y": "POLYGON ((39.11795199822035 45.064577729971646, 39.12138013095823 45.07703299581557, 39.138367606715825 45.08116333123849, 39.15192694973553 45.072839902700515, 39.14849881699765 45.06038372301748, 39.131511341240056 45.056251885710914, 39.11795199822035 45.064577729971646))", "population": 1700.0, "Pedestrian traffic": 4600.0, "car traffic": 20000.0, "poi_count": 0 }, "geometry": { "type": "Point", "coordinates": [ 4357551.039373365230858, 5631231.140923948958516 ] } },
{ "type": "Feature", "properties": { "ID": 207915, "Address": "улица Гагарина, 4", "Square": "37", "Rating": 4.998, "lat": 45.057161, "long": 39.141825, "index_right": 73.0, "id": 74.0, "geometry_y": "POLYGON ((39.12808320850217 45.043792091504, 39.131511341240056 45.056251885710914, 39.14849881699765 45.06038372301749, 39.16205816001736 45.0520572680026, 39.15863002727948 45.039596559955235, 39.14164255152188 45.03546322076278, 39.12808320850217 45.043792091504))", "population": null, "Pedestrian traffic": null, "car traffic": null, "poi_count": 0 }, "geometry": { "type": "Point", "coordinates": [ 4357248.027719425037503, 5630524.809077228419483 ] } },
{ "type": "Feature", "properties": { "ID": 305325, "Address": "Виноградная улица, 63", "Square": "57", "Rating": 5.0, "lat": 45.05469, "long": 39.149137, "index_right": 73.0, "id": 74.0, "geometry_y": "POLYGON ((39.12808320850217 45.043792091504, 39.131511341240056 45.056251885710914, 39.14849881699765 45.06038372301749, 39.16205816001736 45.0520572680026, 39.15863002727948 45.039596559955235, 39.14164255152188 45.03546322076278, 39.12808320850217 45.043792091504))", "population": null, "Pedestrian traffic": null, "car traffic": null, "poi_count": 0 }, "geometry": { "type": "Point", "coordinates": [ 4358061.995836106128991, 5630135.420438025146723 ] } },
{ "type": "Feature", "properties": { "ID": 114495, "Address": "Первомайская улица, 47", "Square": "65", "Rating": 4.994, "lat": 45.055346, "long": 39.150125, "index_right": 73.0, "id": 74.0, "geometry_y": "POLYGON ((39.12808320850217 45.043792091504, 39.131511341240056 45.056251885710914, 39.14849881699765 45.06038372301749, 39.16205816001736 45.0520572680026, 39.15863002727948 45.039596559955235, 39.14164255152188 45.03546322076278, 39.12808320850217 45.043792091504))", "population": null, "Pedestrian traffic": null, "car traffic": null, "poi_count": 0 }, "geometry": { "type": "Point", "coordinates": [ 4358171.979493009857833, 5630238.793523249216378 ] } },
{ "type": "Feature", "properties": { "ID": 50027099, "Address": "Первомайская улица, 47", "Square": "30", "Rating": 5.0, "lat": 45.047055, "long": 39.015117, "index_right": 35.0, "id": 36.0, "geometry_y": "POLYGON ((38.985480324897466 45.043979563877855, 38.988908457635354 45.05643931724932, 39.00589593339294 45.06057114101235, 39.019455276412664 45.05224471328934, 39.01602714367477 45.039784046077436, 38.99903966791718 45.03565072042854, 38.985480324897466 45.043979563877855))", "population": 25000.0, "Pedestrian traffic": 52000.0, "car traffic": 41000.0, "poi_count": 20 }, "geometry": { "type": "Point", "coordinates": [ 4343142.957679990679026, 5628932.37729883659631 ] } },
{ "type": "Feature", "properties": { "ID": 213633, "Address": "Красивая улица, 2Б", "Square": "62", "Rating": 4.995, "lat": 45.058937, "long": 39.155551, "index_right": null, "id": null, "geometry_y": null, "population": null, "Pedestrian traffic": null, "car traffic": null, "poi_count": 0 }, "geometry": { "type": "Point", "coordinates": [ 4358775.99905005376786, 5630804.687630480155349 ] } },
{ "type": "Feature", "properties": { "ID": 311285, "Address": "Райская улица, 5А", "Square": "61", "Rating": 5.0, "lat": 45.059625, "long": 39.173149, "index_right": null, "id": null, "geometry_y": null, "population": null, "Pedestrian traffic": null, "car traffic": null, "poi_count": 1 }, "geometry": { "type": "Point", "coordinates": [ 4360734.99944903422147, 5630913.111388128250837 ] } },
{ "type": "Feature", "properties": { "ID": 217172, "Address": "Речная улица, 23", "Square": "46.6", "Rating": 4.986, "lat": 45.06205, "long": 39.17385, "index_right": null, "id": null, "geometry_y": null, "population": null, "Pedestrian traffic": null, "car traffic": null, "poi_count": 3 }, "geometry": { "type": "Point", "coordinates": [ 4360813.034412079490721, 5631295.284019159153104 ] } },
{ "type": "Feature", "properties": { "ID": 152683, "Address": "Южная улица, 5", "Square": "80", "Rating": 4.984, "lat": 45.063935, "long": 39.175071, "index_right": null, "id": null, "geometry_y": null, "population": null, "Pedestrian traffic": null, "car traffic": null, "poi_count": 2 }, "geometry": { "type": "Point", "coordinates": [ 4360948.955510338768363, 5631592.365488833747804 ] } },
{ "type": "Feature", "properties": { "ID": 217170, "Address": "Ореховая улица, 452", "Square": "66.6", "Rating": 5.0, "lat": 45.063859, "long": 39.180183, "index_right": null, "id": null, "geometry_y": null, "population": null, "Pedestrian traffic": null, "car traffic": null, "poi_count": 0 }, "geometry": { "type": "Point", "coordinates": [ 4361518.020747273229063, 5631580.387478798627853 ] } },
{ "type": "Feature", "properties": { "ID": 314097, "Address": "Южная улица, 87", "Square": "50", "Rating": 4.952, "lat": 45.064782, "long": 39.184809, "index_right": null, "id": null, "geometry_y": null, "population": null, "Pedestrian traffic": null, "car traffic": null, "poi_count": 1 }, "geometry": { "type": "Point", "coordinates": [ 4362032.984711683355272, 5631725.85833621956408 ] } },
{ "type": "Feature", "properties": { "ID": 308951, "Address": "Ташинская улица, 122", "Square": "50", "Rating": 5.0, "lat": 45.066545, "long": 39.199281, "index_right": null, "id": null, "geometry_y": null, "population": null, "Pedestrian traffic": null, "car traffic": null, "poi_count": 0 }, "geometry": { "type": "Point", "coordinates": [ 4363644.000382442958653, 5632003.725234227254987 ] } },
{ "type": "Feature", "properties": { "ID": 50022862, "Address": "Бурейская улица, 35", "Square": "50", "Rating": 4.976, "lat": 45.066233, "long": 39.207096, "index_right": null, "id": null, "geometry_y": null, "population": null, "Pedestrian traffic": null, "car traffic": null, "poi_count": 0 }, "geometry": { "type": "Point", "coordinates": [ 4364513.962202993221581, 5631954.550207304768264 ] } },
{ "type": "Feature", "properties": { "ID": 317386, "Address": "Курчанская улица, 141к1", "Square": "70", "Rating": 4.904, "lat": 45.086435, "long": 39.074837, "index_right": 59.0, "id": 60.0, "geometry_y": "POLYGON ((39.056858360665736 45.07296482087509, 39.060286493403616 45.08541825904183, 39.07727396916121 45.089547988294676, 39.090833312180926 45.081225781262624, 39.08740517944304 45.068771429257474, 39.07041770368544 45.064640198122085, 39.056858360665736 45.07296482087509))", "population": 6500.0, "Pedestrian traffic": 2200.0, "car traffic": 2400.0, "poi_count": 0 }, "geometry": { "type": "Point", "coordinates": [ 4349790.957670166157186, 5635139.187347680330276 ] } },
{ "type": "Feature", "properties": { "ID": 330065, "Address": "Приморско-Ахтарская улица, 11", "Square": "60", "Rating": 4.98, "lat": 45.095503, "long": 39.073149, "index_right": 60.0, "id": 61.0, "geometry_y": "POLYGON ((39.04672715038391 45.0937398553213, 39.05015528312179 45.10618876513713, 39.06714275887939 45.110316992510754, 39.08070210189909 45.10199781194689, 39.07727396916121 45.089547988294676, 39.060286493403616 45.08541825904183, 39.04672715038391 45.0937398553213))", "population": 11000.0, "Pedestrian traffic": 4400.0, "car traffic": 7500.0, "poi_count": 0 }, "geometry": { "type": "Point", "coordinates": [ 4349603.050369706936181, 5636569.030338383279741 ] } },
{ "type": "Feature", "properties": { "ID": 310243, "Address": "Учительская улица, 12", "Square": "59", "Rating": 4.92, "lat": 45.088376, "long": 39.098167, "index_right": 68.0, "id": 69.0, "geometry_y": "POLYGON ((39.07727396916121 45.089547988294676, 39.08070210189909 45.10199781194689, 39.097689577656695 45.106126342404764, 39.1112489206764 45.097806551089505, 39.10782078793852 45.085355813600444, 39.090833312180926 45.081225781262624, 39.07727396916121 45.089547988294676))", "population": 400.0, "Pedestrian traffic": 1600.0, "car traffic": 400.0, "poi_count": 0 }, "geometry": { "type": "Point", "coordinates": [ 4352388.041390371508896, 5635445.225293532945216 ] } },
{ "type": "Feature", "properties": { "ID": 126559, "Address": "Степная улица, 1/1", "Square": "70", "Rating": 4.98, "lat": 45.092143, "long": 39.107626, "index_right": 68.0, "id": 69.0, "geometry_y": "POLYGON ((39.07727396916121 45.089547988294676, 39.08070210189909 45.10199781194689, 39.097689577656695 45.106126342404764, 39.1112489206764 45.097806551089505, 39.10782078793852 45.085355813600444, 39.090833312180926 45.081225781262624, 39.07727396916121 45.089547988294676))", "population": 400.0, "Pedestrian traffic": 1600.0, "car traffic": 400.0, "poi_count": 0 }, "geometry": { "type": "Point", "coordinates": [ 4353441.01245378702879, 5636039.198785255663097 ] } },
{ "type": "Feature", "properties": { "ID": 50027100, "Address": "Степная улица, 12", "Square": "30", "Rating": 5.0, "lat": 45.093639, "long": 39.107626, "index_right": 68.0, "id": 69.0, "geometry_y": "POLYGON ((39.07727396916121 45.089547988294676, 39.08070210189909 45.10199781194689, 39.097689577656695 45.106126342404764, 39.1112489206764 45.097806551089505, 39.10782078793852 45.085355813600444, 39.090833312180926 45.081225781262624, 39.07727396916121 45.089547988294676))", "population": 400.0, "Pedestrian traffic": 1600.0, "car traffic": 400.0, "poi_count": 0 }, "geometry": { "type": "Point", "coordinates": [ 4353441.01245378702879, 5636275.09612691309303 ] } },
{ "type": "Feature", "properties": { "ID": 161987, "Address": "Юбилейная улица, 43", "Square": "35", "Rating": 5.0, "lat": 45.094014, "long": 39.107051, "index_right": 68.0, "id": 69.0, "geometry_y": "POLYGON ((39.07727396916121 45.089547988294676, 39.08070210189909 45.10199781194689, 39.097689577656695 45.106126342404764, 39.1112489206764 45.097806551089505, 39.10782078793852 45.085355813600444, 39.090833312180926 45.081225781262624, 39.07727396916121 45.089547988294676))", "population": 400.0, "Pedestrian traffic": 1600.0, "car traffic": 400.0, "poi_count": 0 }, "geometry": { "type": "Point", "coordinates": [ 4353377.003746579401195, 5636334.229116351343691 ] } },
{ "type": "Feature", "properties": { "ID": 50034709, "Address": "Восточная улица, 33/1", "Square": "35", "Rating": 4.997, "lat": 45.094529, "long": 39.113672, "index_right": 75.0, "id": 76.0, "geometry_y": "POLYGON ((39.10782078793852 45.08535581360045, 39.1112489206764 45.097806551089505, 39.128236396434 45.10193538463177, 39.14179573945372 45.093614982564816, 39.138367606715825 45.081163331238486, 39.12138013095823 45.077032995815564, 39.10782078793852 45.08535581360045))", "population": null, "Pedestrian traffic": null, "car traffic": null, "poi_count": 0 }, "geometry": { "type": "Point", "coordinates": [ 4354114.050095122307539, 5636415.439054653979838 ] } },
{ "type": "Feature", "properties": { "ID": 158195, "Address": "Рязанская улица, 20", "Square": "100", "Rating": 4.956, "lat": 45.090483, "long": 39.120068, "index_right": 75.0, "id": 76.0, "geometry_y": "POLYGON ((39.10782078793852 45.08535581360045, 39.1112489206764 45.097806551089505, 39.128236396434 45.10193538463177, 39.14179573945372 45.093614982564816, 39.138367606715825 45.081163331238486, 39.12138013095823 45.077032995815564, 39.10782078793852 45.08535581360045))", "population": null, "Pedestrian traffic": null, "car traffic": null, "poi_count": 0 }, "geometry": { "type": "Point", "coordinates": [ 4354826.049558236263692, 5635777.448272092267871 ] } },
{ "type": "Feature", "properties": { "ID": 50027101, "Address": "посёлок Лорис, 3", "Square": "30", "Rating": 5.0, "lat": 45.087441, "long": 39.121208, "index_right": 75.0, "id": 76.0, "geometry_y": "POLYGON ((39.10782078793852 45.08535581360045, 39.1112489206764 45.097806551089505, 39.128236396434 45.10193538463177, 39.14179573945372 45.093614982564816, 39.138367606715825 45.081163331238486, 39.12138013095823 45.077032995815564, 39.10782078793852 45.08535581360045))", "population": null, "Pedestrian traffic": null, "car traffic": null, "poi_count": 0 }, "geometry": { "type": "Point", "coordinates": [ 4354952.953777740709484, 5635297.802316138520837 ] } },
{ "type": "Feature", "properties": { "ID": 311314, "Address": "Солнечная улица, 45/1", "Square": "76", "Rating": 5.0, "lat": 45.099893, "long": 39.11501, "index_right": 76.0, "id": 77.0, "geometry_y": "POLYGON ((39.097689577656695 45.106126342404764, 39.10111771039457 45.11857255154946, 39.11810518615217 45.122699883214864, 39.131664529171886 45.11438250761143, 39.128236396434 45.10193538463177, 39.1112489206764 45.097806551089505, 39.097689577656695 45.106126342404764))", "population": null, "Pedestrian traffic": null, "car traffic": null, "poi_count": 0 }, "geometry": { "type": "Point", "coordinates": [ 4354262.995573803782463, 5637261.327469105832279 ] } },
{ "type": "Feature", "properties": { "ID": 206136, "Address": "Железнодорожная улица, 2Б", "Square": "38", "Rating": 5.0, "lat": 45.110702, "long": 39.139327, "index_right": null, "id": null, "geometry_y": null, "population": null, "Pedestrian traffic": null, "car traffic": null, "poi_count": 0 }, "geometry": { "type": "Point", "coordinates": [ 4356969.951631424017251, 5638966.119228917174041 ] } },
{ "type": "Feature", "properties": { "ID": 318930, "Address": "Цветочная улица, 1", "Square": "80", "Rating": 4.992, "lat": 45.114861, "long": 39.153799, "index_right": null, "id": null, "geometry_y": null, "population": null, "Pedestrian traffic": null, "car traffic": null, "poi_count": 0 }, "geometry": { "type": "Point", "coordinates": [ 4358580.967302183620632, 5639622.161288644187152 ] } },
{ "type": "Feature", "properties": { "ID": 304467, "Address": "Вокзальная улица, 12А", "Square": "66.4", "Rating": 5.0, "lat": 45.134372, "long": 39.191744, "index_right": null, "id": null, "geometry_y": null, "population": null, "Pedestrian traffic": null, "car traffic": null, "poi_count": 0 }, "geometry": { "type": "Point", "coordinates": [ 4362804.98538033477962, 5642700.471466707065701 ] } },
{ "type": "Feature", "properties": { "ID": 50014126, "Address": "Почтовая улица, 16Б", "Square": "63.2", "Rating": 4.995, "lat": 45.13724, "long": 39.192041, "index_right": null, "id": null, "geometry_y": null, "population": null, "Pedestrian traffic": null, "car traffic": null, "poi_count": 0 }, "geometry": { "type": "Point", "coordinates": [ 4362838.047269100323319, 5643153.053377281874418 ] } }
]
}
