{
"type": "FeatureCollection",
"name": "rent_places_updated",
"crs": { "type": "name", "properties": { "name": "urn:ogc:def:crs:EPSG::3857" } },
"features": [
{ "type": "Feature", "properties": { "ID": 1001, "Address": "улица имени В.М. Бехтерева, 2Ак1", "square": 45, "rent_price": 35000, "lat": 45.15891, "long": 38.964398, "index_right": null, "id": null, "geometry_y": null, "population": null, "Pedestrian traffic": null, "car traffic": null }, "geometry": { "type": "Point", "coordinates": [ 4337496.944426447153091, 5646573.402382467873394 ] } },
{ "type": "Feature", "properties": { "ID": 1002, "Address": "улица Археолога Анфимова, 39", "square": 100, "rent_price": 50000, "lat": 45.15633, "long": 38.959566, "index_right": null, "id": null, "geometry_y": null, "population": null, "Pedestrian traffic": null, "car traffic": null }, "geometry": { "type": "Point", "coordinates": [ 4336959.048646934330463, 5646166.112195421941578 ] } },
{ "type": "Feature", "properties": { "ID": 1003, "Address": "Екатерининская улица, 1к1", "square": 37, "rent_price": 40000, "lat": 45.16238, "long": 39.012378, "index_right": null, "id": null, "geometry_y": null, "population": null, "Pedestrian traffic": null, "car traffic": null }, "geometry": { "type": "Point", "coordinates": [ 4342838.053594708442688, 5647121.220980800688267 ] } },
{ "type": "Feature", "properties": { "ID": 1004, "Address": "Северная улица, 12А", "square": 120, "rent_price": 96000, "lat": 45.157436, "long": 39.007077, "index_right": null, "id": null, "geometry_y": null, "population": null, "Pedestrian traffic": null, "car traffic": null }, "geometry": { "type": "Point", "coordinates": [ 4342247.948974013328552, 5646340.707978594116867 ] } },
{ "type": "Feature", "properties": { "ID": 1005, "Address": "Советская улица, 2/1", "square": 50, "rent_price": 40000, "lat": 45.151512, "long": 39.004302, "index_right": 55.0, "id": 56.0, "geometry_y": "POLYGON ((38.995917911042945 45.13945576997124, 38.99934604378083 45.15189470929172, 39.01633351953843 45.156019629838, 39.02989286255814 45.147707112931585, 39.02646472982026 45.13526725978085, 39.009477254062666 45.131140837365464, 38.995917911042945 45.13945576997124))", "population": 12000.0, "Pedestrian traffic": 13000.0, "car traffic": 23000.0 }, "geometry": { "type": "Point", "coordinates": [ 4341939.03738706279546, 5645405.570819943211973 ] } },
{ "type": "Feature", "properties": { "ID": 1006, "Address": "Линейная улица, 57", "square": 71, "rent_price": 70000, "lat": 45.14539, "long": 39.004742, "index_right": 55.0, "id": 56.0, "geometry_y": "POLYGON ((38.995917911042945 45.13945576997124, 38.99934604378083 45.15189470929172, 39.01633351953843 45.156019629838, 39.02989286255814 45.147707112931585, 39.02646472982026 45.13526725978085, 39.009477254062666 45.131140837365464, 38.995917911042945 45.13945576997124))", "population": 12000.0, "Pedestrian traffic": 13000.0, "car traffic": 23000.0 }, "geometry": { "type": "Point", "coordinates": [ 4341988.017963010817766, 5644439.280354338698089 ] } },
{ "type": "Feature", "properties": { "ID": 1007, "Address": "Веронская улица, 20", "square": 96, "rent_price": 100000, "lat": 45.122837, "long": 38.91924, "index_right": 23.0, "id": 24.0, "geometry_y": "POLYGON ((38.89399305649737 45.11469457544571, 38.89742118923526 45.12713891608693, 38.914408664992855 45.13126562804202, 38.92796800801257 45.122949501229876, 38.92453987527468 45.11050424675478, 38.90755239951709 45.10637603292463, 38.89399305649737 45.11469457544571))", "population": 4400.0, "Pedestrian traffic": 4200.0, "car traffic": 9000.0 }, "geometry": { "type": "Point", "coordinates": [ 4332469.978861204348505, 5640880.431996056810021 ] } },
{ "type": "Feature", "properties": { "ID": 1008, "Address": "Сенная улица, 1/4", "square": 48, "rent_price": 40800, "lat": 45.126926, "long": 38.946405, "index_right": 39.0, "id": 40.0, "geometry_y": "POLYGON ((38.944955483770165 45.1270765162683, 38.948383616508046 45.13951815624644, 38.96537109226564 45.143643972496164, 38.97893043528535 45.13532965063879, 38.97550230254747 45.12288709682851, 38.95851482678988 45.118759778706554, 38.944955483770165 45.1270765162683))", "population": 5000.0, "Pedestrian traffic": 7000.0, "car traffic": 4600.0 }, "geometry": { "type": "Point", "coordinates": [ 4335493.972828603349626, 5641525.569027178920805 ] } },
{ "type": "Feature", "properties": { "ID": 1009, "Address": "Пригородная улица, 1", "square": 74, "rent_price": 80000, "lat": 45.127365, "long": 38.949253, "index_right": 39.0, "id": 40.0, "geometry_y": "POLYGON ((38.944955483770165 45.1270765162683, 38.948383616508046 45.13951815624644, 38.96537109226564 45.143643972496164, 38.97893043528535 45.13532965063879, 38.97550230254747 45.12288709682851, 38.95851482678988 45.118759778706554, 38.944955483770165 45.1270765162683))", "population": 5000.0, "Pedestrian traffic": 7000.0, "car traffic": 4600.0 }, "geometry": { "type": "Point", "coordinates": [ 4335811.010738383047283, 5641594.834470339119434 ] } },
{ "type": "Feature", "properties": { "ID": 1010, "Address": "Пригородная улица, 65", "square": 75, "rent_price": 60000, "lat": 45.125845, "long": 38.962773, "index_right": 39.0, "id": 40.0, "geometry_y": "POLYGON ((38.944955483770165 45.1270765162683, 38.948383616508046 45.13951815624644, 38.96537109226564 45.143643972496164, 38.97893043528535 45.13532965063879, 38.97550230254747 45.12288709682851, 38.95851482678988 45.118759778706554, 38.944955483770165 45.1270765162683))", "population": 5000.0, "Pedestrian traffic": 7000.0, "car traffic": 4600.0 }, "geometry": { "type": "Point", "coordinates": [ 4337316.050253908149898, 5641355.011062561534345 ] } },
{ "type": "Feature", "properties": { "ID": 1011, "Address": "Большевистская улица, 286/1", "square": 100, "rent_price": 100000, "lat": 45.125858, "long": 38.99345, "index_right": 46.0, "id": 47.0, "geometry_y": "POLYGON ((38.97550230254747 45.122887096828514, 38.97893043528535 45.1353296506388, 38.995917911042945 45.13945576997125, 39.00947725406266 45.13114083736548, 39.00604912132477 45.11869736972245, 38.989061645567176 45.11456974851678, 38.97550230254747 45.122887096828514))", "population": 7000.0, "Pedestrian traffic": 15000.0, "car traffic": 26000.0 }, "geometry": { "type": "Point", "coordinates": [ 4340730.998272973112762, 5641357.062156718224287 ] } },
{ "type": "Feature", "properties": { "ID": 1012, "Address": "3-я Трудовая улица, 104/2", "square": 115, "rent_price": 178000, "lat": 45.125756, "long": 39.004652, "index_right": 46.0, "id": 47.0, "geometry_y": "POLYGON ((38.97550230254747 45.122887096828514, 38.97893043528535 45.1353296506388, 38.995917911042945 45.13945576997125, 39.00947725406266 45.13114083736548, 39.00604912132477 45.11869736972245, 38.989061645567176 45.11456974851678, 38.97550230254747 45.122887096828514))", "population": 7000.0, "Pedestrian traffic": 15000.0, "car traffic": 26000.0 }, "geometry": { "type": "Point", "coordinates": [ 4341977.999208839610219, 5641340.968968963250518 ] } },
{ "type": "Feature", "properties": { "ID": 1013, "Address": "улица имени В.М. Комарова, 90", "square": 70, "rent_price": 63000, "lat": 45.115866, "long": 39.042022, "index_right": 61.0, "id": 62.0, "geometry_y": "POLYGON ((39.03659594010208 45.11450733494993, 39.04002407283996 45.126951716426284, 39.057011548597565 45.131078441924814, 39.07057089161727 45.12276228782101, 39.06714275887939 45.11031699251075, 39.050155283121796 45.10618876513712, 39.03659594010208 45.11450733494993))", "population": 7000.0, "Pedestrian traffic": 3200.0, "car traffic": 1100.0 }, "geometry": { "type": "Point", "coordinates": [ 4346138.008579784072936, 5639780.697499462403357 ] } },
{ "type": "Feature", "properties": { "ID": 1014, "Address": "улица Академика Королёва, 22", "square": 70, "rent_price": 40000, "lat": 45.115994, "long": 39.040845, "index_right": 61.0, "id": 62.0, "geometry_y": "POLYGON ((39.03659594010208 45.11450733494993, 39.04002407283996 45.126951716426284, 39.057011548597565 45.131078441924814, 39.07057089161727 45.12276228782101, 39.06714275887939 45.11031699251075, 39.050155283121796 45.10618876513712, 39.03659594010208 45.11450733494993))", "population": 7000.0, "Pedestrian traffic": 3200.0, "car traffic": 1100.0 }, "geometry": { "type": "Point", "coordinates": [ 4346006.985539119690657, 5639800.889376514591277 ] } },
{ "type": "Feature", "properties": { "ID": 1015, "Address": "улица Академика Королёва, 26", "square": 135, "rent_price": 150000, "lat": 45.116604, "long": 39.041591, "index_right": 61.0, "id": 62.0, "geometry_y": "POLYGON ((39.03659594010208 45.11450733494993, 39.04002407283996 45.126951716426284, 39.057011548597565 45.131078441924814, 39.07057089161727 45.12276228782101, 39.06714275887939 45.11031699251075, 39.050155283121796 45.10618876513712, 39.03659594010208 45.11450733494993))", "population": 7000.0, "Pedestrian traffic": 3200.0, "car traffic": 1100.0 }, "geometry": { "type": "Point", "coordinates": [ 4346090.029879251495004, 5639897.116912830621004 ] } },
{ "type": "Feature", "properties": { "ID": 1016, "Address": "Островная улица, 14", "square": 80, "rent_price": 75000, "lat": 45.11233, "long": 38.997798, "index_right": 45.0, "id": 46.0, "geometry_y": "POLYGON ((38.985633512829295 45.102122666372345, 38.989061645567176 45.11456974851678, 39.00604912132477 45.118697369722454, 39.01960846434448 45.110379410660364, 39.016180331606606 45.09793141468047, 38.999192855849 45.09380229159715, 38.985633512829295 45.102122666372345))", "population": 38000.0, "Pedestrian traffic": 37000.0, "car traffic": 38000.0 }, "geometry": { "type": "Point", "coordinates": [ 4341215.015418943017721, 5639222.914802490733564 ] } },
{ "type": "Feature", "properties": { "ID": 1017, "Address": "улица Степана Неустроева, 32/8", "square": 180, "rent_price": 170000, "lat": 45.107966, "long": 38.990459, "index_right": 45.0, "id": 46.0, "geometry_y": "POLYGON ((38.985633512829295 45.102122666372345, 38.989061645567176 45.11456974851678, 39.00604912132477 45.118697369722454, 39.01960846434448 45.110379410660364, 39.016180331606606 45.09793141468047, 38.999192855849 45.09380229159715, 38.985633512829295 45.102122666372345))", "population": 38000.0, "Pedestrian traffic": 37000.0, "car traffic": 38000.0 }, "geometry": { "type": "Point", "coordinates": [ 4340398.041676010936499, 5638534.567736464552581 ] } },
{ "type": "Feature", "properties": { "ID": 1018, "Address": "улица им. Мурата Ахеджака, 20", "square": 56, "rent_price": 197400, "lat": 45.111592, "long": 38.969231, "index_right": 38.0, "id": 39.0, "geometry_y": "POLYGON ((38.95508669405199 45.10631361039705, 38.95851482678987 45.118759778706554, 38.97550230254747 45.122887096828514, 38.989061645567176 45.11456974851678, 38.985633512829295 45.10212266637233, 38.9686460370717 45.09799384637357, 38.95508669405199 45.10631361039705))", "population": 26000.0, "Pedestrian traffic": 21000.0, "car traffic": 26000.0 }, "geometry": { "type": "Point", "coordinates": [ 4338034.95152545068413, 5639106.504107804037631 ] } },
{ "type": "Feature", "properties": { "ID": 1019, "Address": "улица им. Мурата Ахеджака, 12к10", "square": 120, "rent_price": 180000, "lat": 45.112438, "long": 38.966114, "index_right": 38.0, "id": 39.0, "geometry_y": "POLYGON ((38.95508669405199 45.10631361039705, 38.95851482678987 45.118759778706554, 38.97550230254747 45.122887096828514, 38.989061645567176 45.11456974851678, 38.985633512829295 45.10212266637233, 38.9686460370717 45.09799384637357, 38.95508669405199 45.10631361039705))", "population": 26000.0, "Pedestrian traffic": 21000.0, "car traffic": 26000.0 }, "geometry": { "type": "Point", "coordinates": [ 4337687.968672648072243, 5639239.950640170834959 ] } },
{ "type": "Feature", "properties": { "ID": 1020, "Address": "улица Александра Покрышкина, 3", "square": 46, "rent_price": 140000, "lat": 45.107686, "long": 38.949262, "index_right": 30.0, "id": 31.0, "geometry_y": "POLYGON ((38.92453987527468 45.110504246754786, 38.92796800801257 45.122949501229876, 38.944955483770165 45.12707651626831, 38.95851482678987 45.118759778706554, 38.95508669405199 45.10631361039705, 38.9380992182944 45.102185093482674, 38.92453987527468 45.110504246754786))", "population": 13000.0, "Pedestrian traffic": 9500.0, "car traffic": 13000.0 }, "geometry": { "type": "Point", "coordinates": [ 4335812.012613799422979, 5638490.404276849702001 ] } },
{ "type": "Feature", "properties": { "ID": 1021, "Address": "Средняя улица, 32/17", "square": 125, "rent_price": 99990, "lat": 45.114537, "long": 38.937853, "index_right": 30.0, "id": 31.0, "geometry_y": "POLYGON ((38.92453987527468 45.110504246754786, 38.92796800801257 45.122949501229876, 38.944955483770165 45.12707651626831, 38.95851482678987 45.118759778706554, 38.95508669405199 45.10631361039705, 38.9380992182944 45.102185093482674, 38.92453987527468 45.110504246754786))", "population": 13000.0, "Pedestrian traffic": 9500.0, "car traffic": 13000.0 }, "geometry": { "type": "Point", "coordinates": [ 4334541.968543339520693, 5639571.051702389493585 ] } },
{ "type": "Feature", "properties": { "ID": 1022, "Address": "Веронская улица, 20", "square": 96, "rent_price": 100000, "lat": 45.122837, "long": 38.91924, "index_right": 23.0, "id": 24.0, "geometry_y": "POLYGON ((38.89399305649737 45.11469457544571, 38.89742118923526 45.12713891608693, 38.914408664992855 45.13126562804202, 38.92796800801257 45.122949501229876, 38.92453987527468 45.11050424675478, 38.90755239951709 45.10637603292463, 38.89399305649737 45.11469457544571))", "population": 4400.0, "Pedestrian traffic": 4200.0, "car traffic": 9000.0 }, "geometry": { "type": "Point", "coordinates": [ 4332469.978861204348505, 5640880.431996056810021 ] } },
{ "type": "Feature", "properties": { "ID": 1023, "Address": "улица Западный Обход, 29", "square": 81, "rent_price": 110000, "lat": 45.080485, "long": 38.893809, "index_right": 13.0, "id": 14.0, "geometry_y": "POLYGON ((38.88370865828372 45.07734526782621, 38.887136791021604 45.08979775131957, 38.9041242667792 45.09392716394407, 38.917683609798914 45.08560559495639, 38.914255477061026 45.073152197625, 38.89726800130344 45.06902128311858, 38.88370865828372 45.07734526782621))", "population": 30000.0, "Pedestrian traffic": 14000.0, "car traffic": 12000.0 }, "geometry": { "type": "Point", "coordinates": [ 4329639.01289083994925, 5634201.114180580712855 ] } },
{ "type": "Feature", "properties": { "ID": 1024, "Address": "улица имени Генерала Корнилова, 9А", "square": 139, "rent_price": 167500, "lat": 45.09451, "long": 38.914632, "index_right": 22.0, "id": 23.0, "geometry_y": "POLYGON ((38.9041242667792 45.09392716394407, 38.90755239951709 45.106376032924636, 38.92453987527468 45.110504246754786, 38.9380992182944 45.102185093482674, 38.93467108555651 45.08973531066572, 38.917683609798914 45.085605594956384, 38.9041242667792 45.09392716394407))", "population": 26000.0, "Pedestrian traffic": 10000.0, "car traffic": 11000.0 }, "geometry": { "type": "Point", "coordinates": [ 4331957.018647628836334, 5636412.442946831695735 ] } },
{ "type": "Feature", "properties": { "ID": 1025, "Address": "улица имени Генерала Корнилова, 9А", "square": 125, "rent_price": 152000, "lat": 45.09451, "long": 38.914632, "index_right": 22.0, "id": 23.0, "geometry_y": "POLYGON ((38.9041242667792 45.09392716394407, 38.90755239951709 45.106376032924636, 38.92453987527468 45.110504246754786, 38.9380992182944 45.102185093482674, 38.93467108555651 45.08973531066572, 38.917683609798914 45.085605594956384, 38.9041242667792 45.09392716394407))", "population": 26000.0, "Pedestrian traffic": 10000.0, "car traffic": 11000.0 }, "geometry": { "type": "Point", "coordinates": [ 4331957.018647628836334, 5636412.442946831695735 ] } },
{ "type": "Feature", "properties": { "ID": 1026, "Address": "улица Западный Обход, 48", "square": 56, "rent_price": 140500, "lat": 45.09661, "long": 38.912386, "index_right": 22.0, "id": 23.0, "geometry_y": "POLYGON ((38.9041242667792 45.09392716394407, 38.90755239951709 45.106376032924636, 38.92453987527468 45.110504246754786, 38.9380992182944 45.102185093482674, 38.93467108555651 45.08973531066572, 38.917683609798914 45.085605594956384, 38.9041242667792 45.09392716394407))", "population": 26000.0, "Pedestrian traffic": 10000.0, "car traffic": 11000.0 }, "geometry": { "type": "Point", "coordinates": [ 4331706.995071306824684, 5636743.597739945165813 ] } },
{ "type": "Feature", "properties": { "ID": 1027, "Address": "улица Западный Обход, 48", "square": 120, "rent_price": 216900, "lat": 45.09661, "long": 38.912386, "index_right": 22.0, "id": 23.0, "geometry_y": "POLYGON ((38.9041242667792 45.09392716394407, 38.90755239951709 45.106376032924636, 38.92453987527468 45.110504246754786, 38.9380992182944 45.102185093482674, 38.93467108555651 45.08973531066572, 38.917683609798914 45.085605594956384, 38.9041242667792 45.09392716394407))", "population": 26000.0, "Pedestrian traffic": 10000.0, "car traffic": 11000.0 }, "geometry": { "type": "Point", "coordinates": [ 4331706.995071306824684, 5636743.597739945165813 ] } },
{ "type": "Feature", "properties": { "ID": 1028, "Address": "улица Константина Гондаря, 98", "square": 83, "rent_price": 166000, "lat": 45.102183, "long": 38.910796, "index_right": 22.0, "id": 23.0, "geometry_y": "POLYGON ((38.9041242667792 45.09392716394407, 38.90755239951709 45.106376032924636, 38.92453987527468 45.110504246754786, 38.9380992182944 45.102185093482674, 38.93467108555651 45.08973531066572, 38.917683609798914 45.085605594956384, 38.9041242667792 45.09392716394407))", "population": 26000.0, "Pedestrian traffic": 10000.0, "car traffic": 11000.0 }, "geometry": { "type": "Point", "coordinates": [ 4331529.997080945409834, 5637622.478532733395696 ] } },
{ "type": "Feature", "properties": { "ID": 1029, "Address": "улица Западный Обход, 65/1", "square": 83, "rent_price": 141000, "lat": 45.10268, "long": 38.913707, "index_right": 22.0, "id": 23.0, "geometry_y": "POLYGON ((38.9041242667792 45.09392716394407, 38.90755239951709 45.106376032924636, 38.92453987527468 45.110504246754786, 38.9380992182944 45.102185093482674, 38.93467108555651 45.08973531066572, 38.917683609798914 45.085605594956384, 38.9041242667792 45.09392716394407))", "population": 26000.0, "Pedestrian traffic": 10000.0, "car traffic": 11000.0 }, "geometry": { "type": "Point", "coordinates": [ 4331854.048118645325303, 5637700.861266194842756 ] } },
{ "type": "Feature", "properties": { "ID": 1030, "Address": "улица имени Генерала Корнилова, 24", "square": 50, "rent_price": 65000, "lat": 45.101344, "long": 38.91792, "index_right": 22.0, "id": 23.0, "geometry_y": "POLYGON ((38.9041242667792 45.09392716394407, 38.90755239951709 45.106376032924636, 38.92453987527468 45.110504246754786, 38.9380992182944 45.102185093482674, 38.93467108555651 45.08973531066572, 38.917683609798914 45.085605594956384, 38.9041242667792 45.09392716394407))", "population": 26000.0, "Pedestrian traffic": 10000.0, "car traffic": 11000.0 }, "geometry": { "type": "Point", "coordinates": [ 4332323.037133357487619, 5637490.159933287650347 ] } },
{ "type": "Feature", "properties": { "ID": 1031, "Address": "Клеверная улица, 2/4", "square": 215, "rent_price": 322500, "lat": 45.103284, "long": 38.917336, "index_right": 22.0, "id": 23.0, "geometry_y": "POLYGON ((38.9041242667792 45.09392716394407, 38.90755239951709 45.106376032924636, 38.92453987527468 45.110504246754786, 38.9380992182944 45.102185093482674, 38.93467108555651 45.08973531066572, 38.917683609798914 45.085605594956384, 38.9041242667792 45.09392716394407))", "population": 26000.0, "Pedestrian traffic": 10000.0, "car traffic": 11000.0 }, "geometry": { "type": "Point", "coordinates": [ 4332258.026550733484328, 5637796.120074087753892 ] } },
{ "type": "Feature", "properties": { "ID": 1032, "Address": "Персиковая улица, 208", "square": 105, "rent_price": 100000, "lat": 45.101636, "long": 38.941411, "index_right": 29.0, "id": 30.0, "geometry_y": "POLYGON ((38.93467108555651 45.08973531066573, 38.93809921829438 45.102185093482674, 38.955086694051985 45.10631361039706, 38.9686460370717 45.09799384637357, 38.96521790433382 45.0855431497198, 38.94823042857622 45.08141313092549, 38.93467108555651 45.08973531066573))", "population": 11000.0, "Pedestrian traffic": 3400.0, "car traffic": 2600.0 }, "geometry": { "type": "Point", "coordinates": [ 4334938.043291582725942, 5637536.211001165211201 ] } },
{ "type": "Feature", "properties": { "ID": 1033, "Address": "Грушевая улица, 365", "square": 200, "rent_price": 260000, "lat": 45.101897, "long": 38.940198, "index_right": 29.0, "id": 30.0, "geometry_y": "POLYGON ((38.93467108555651 45.08973531066573, 38.93809921829438 45.102185093482674, 38.955086694051985 45.10631361039706, 38.9686460370717 45.09799384637357, 38.96521790433382 45.0855431497198, 38.94823042857622 45.08141313092549, 38.93467108555651 45.08973531066573))", "population": 11000.0, "Pedestrian traffic": 3400.0, "car traffic": 2600.0 }, "geometry": { "type": "Point", "coordinates": [ 4334803.012749250046909, 5637577.373285156674683 ] } },
{ "type": "Feature", "properties": { "ID": 1034, "Address": "садовое товарищество Животновод, 362", "square": 201, "rent_price": 242000, "lat": 45.102578, "long": 38.940952, "index_right": 29.0, "id": 30.0, "geometry_y": "POLYGON ((38.93467108555651 45.08973531066573, 38.93809921829438 45.102185093482674, 38.955086694051985 45.10631361039706, 38.9686460370717 45.09799384637357, 38.96521790433382 45.0855431497198, 38.94823042857622 45.08141313092549, 38.93467108555651 45.08973531066573))", "population": 11000.0, "Pedestrian traffic": 3400.0, "car traffic": 2600.0 }, "geometry": { "type": "Point", "coordinates": [ 4334886.947645308449864, 5637684.774613336659968 ] } },
{ "type": "Feature", "properties": { "ID": 1035, "Address": "Степная улица, 1", "square": 68, "rent_price": 65000, "lat": 45.092277, "long": 39.106198, "index_right": 68.0, "id": 69.0, "geometry_y": "POLYGON ((39.07727396916121 45.089547988294676, 39.08070210189909 45.10199781194689, 39.097689577656695 45.106126342404764, 39.1112489206764 45.097806551089505, 39.10782078793852 45.085355813600444, 39.090833312180926 45.081225781262624, 39.07727396916121 45.089547988294676))", "population": 400.0, "Pedestrian traffic": 1600.0, "car traffic": 400.0 }, "geometry": { "type": "Point", "coordinates": [ 4353282.048220933414996, 5636060.328375400044024 ] } },
{ "type": "Feature", "properties": { "ID": 1036, "Address": "улица Александра Покрышкина, 21", "square": 73, "rent_price": 182500, "lat": 45.1031, "long": 38.974028, "index_right": 38.0, "id": 39.0, "geometry_y": "POLYGON ((38.95508669405199 45.10631361039705, 38.95851482678987 45.118759778706554, 38.97550230254747 45.122887096828514, 38.989061645567176 45.11456974851678, 38.985633512829295 45.10212266637233, 38.9686460370717 45.09799384637357, 38.95508669405199 45.10631361039705))", "population": 26000.0, "Pedestrian traffic": 21000.0, "car traffic": 26000.0 }, "geometry": { "type": "Point", "coordinates": [ 4338568.951122785918415, 5637767.10072785243392 ] } },
{ "type": "Feature", "properties": { "ID": 1037, "Address": "улица имени Дзержинского, 100", "square": 30, "rent_price": 120000, "lat": 45.102209, "long": 38.983892, "index_right": 38.0, "id": 39.0, "geometry_y": "POLYGON ((38.95508669405199 45.10631361039705, 38.95851482678987 45.118759778706554, 38.97550230254747 45.122887096828514, 38.989061645567176 45.11456974851678, 38.985633512829295 45.10212266637233, 38.9686460370717 45.09799384637357, 38.95508669405199 45.10631361039705))", "population": 26000.0, "Pedestrian traffic": 21000.0, "car traffic": 26000.0 }, "geometry": { "type": "Point", "coordinates": [ 4339667.006579970940948, 5637626.579020988196135 ] } },
{ "type": "Feature", "properties": { "ID": 1038, "Address": "улица имени Дзержинского, 98/5", "square": 180, "rent_price": 120000, "lat": 45.09857, "long": 38.981556, "index_right": 37.0, "id": 38.0, "geometry_y": "POLYGON ((38.96521790433382 45.0855431497198, 38.9686460370717 45.09799384637357, 38.985633512829295 45.102122666372345, 38.999192855849 45.09380229159715, 38.99576472311113 45.08135068110613, 38.97877724735353 45.07722035922673, 38.96521790433382 45.0855431497198))", "population": 9500.0, "Pedestrian traffic": 19000.0, "car traffic": 29000.0 }, "geometry": { "type": "Point", "coordinates": [ 4339406.964249477721751, 5637052.686534702777863 ] } },
{ "type": "Feature", "properties": { "ID": 1039, "Address": "Конечная улица, 4", "square": 68, "rent_price": 30600, "lat": 45.041266, "long": 39.122044, "index_right": 65.0, "id": 66.0, "geometry_y": "POLYGON ((39.107667600006685 45.027195646663124, 39.11109573274457 45.03965905539757, 39.12808320850217 45.043792091504, 39.14164255152188 45.03546322076278, 39.138214418783996 45.02299889818715, 39.1212269430264 45.01886436019363, 39.107667600006685 45.027195646663124))", "population": 6500.0, "Pedestrian traffic": 9500.0, "car traffic": 21000.0 }, "geometry": { "type": "Point", "coordinates": [ 4355046.016872043721378, 5628020.314487738534808 ] } },
{ "type": "Feature", "properties": { "ID": 1040, "Address": "улица Грибоедова, 4Ж", "square": 180, "rent_price": 270000, "lat": 45.088491, "long": 38.987252, "index_right": 37.0, "id": 38.0, "geometry_y": "POLYGON ((38.96521790433382 45.0855431497198, 38.9686460370717 45.09799384637357, 38.985633512829295 45.102122666372345, 38.999192855849 45.09380229159715, 38.99576472311113 45.08135068110613, 38.97877724735353 45.07722035922673, 38.96521790433382 45.0855431497198))", "population": 9500.0, "Pedestrian traffic": 19000.0, "car traffic": 29000.0 }, "geometry": { "type": "Point", "coordinates": [ 4340041.040069036185741, 5635463.357698052190244 ] } },
{ "type": "Feature", "properties": { "ID": 1041, "Address": "4-й проезд Сафонова, 10", "square": 151, "rent_price": 211400, "lat": 45.087562, "long": 38.988015, "index_right": 37.0, "id": 38.0, "geometry_y": "POLYGON ((38.96521790433382 45.0855431497198, 38.9686460370717 45.09799384637357, 38.985633512829295 45.102122666372345, 38.999192855849 45.09380229159715, 38.99576472311113 45.08135068110613, 38.97877724735353 45.07722035922673, 38.96521790433382 45.0855431497198))", "population": 9500.0, "Pedestrian traffic": 19000.0, "car traffic": 29000.0 }, "geometry": { "type": "Point", "coordinates": [ 4340125.976840511895716, 5635316.880447862669826 ] } },
{ "type": "Feature", "properties": { "ID": 1042, "Address": "Московская улица, 158", "square": 76, "rent_price": 120000, "lat": 45.091946, "long": 39.002622, "index_right": 44.0, "id": 45.0, "geometry_y": "POLYGON ((38.995764723111115 45.08135068110613, 38.999192855849 45.09380229159716, 39.016180331606606 45.097931414680474, 39.029739674626306 45.08961042915329, 39.02631154188843 45.07715790482462, 39.00932406613083 45.073027279859986, 38.995764723111115 45.08135068110613))", "population": 46000.0, "Pedestrian traffic": 46000.0, "car traffic": 29000.0 }, "geometry": { "type": "Point", "coordinates": [ 4341752.020642529241741, 5636008.135224089026451 ] } },
{ "type": "Feature", "properties": { "ID": 1043, "Address": "улица Петра Метальникова, 17", "square": 60, "rent_price": 120000, "lat": 45.094033, "long": 39.012755, "index_right": 44.0, "id": 45.0, "geometry_y": "POLYGON ((38.995764723111115 45.08135068110613, 38.999192855849 45.09380229159716, 39.016180331606606 45.097931414680474, 39.029739674626306 45.08961042915329, 39.02631154188843 45.07715790482462, 39.00932406613083 45.073027279859986, 38.995764723111115 45.08135068110613))", "population": 46000.0, "Pedestrian traffic": 46000.0, "car traffic": 29000.0 }, "geometry": { "type": "Point", "coordinates": [ 4342880.021042737178504, 5636337.225198151543736 ] } },
{ "type": "Feature", "properties": { "ID": 1044, "Address": "улица Петра Метальникова, 17", "square": 60, "rent_price": 90000, "lat": 45.098417, "long": 39.01121, "index_right": 45.0, "id": 46.0, "geometry_y": "POLYGON ((38.985633512829295 45.102122666372345, 38.989061645567176 45.11456974851678, 39.00604912132477 45.118697369722454, 39.01960846434448 45.110379410660364, 39.016180331606606 45.09793141468047, 38.999192855849 45.09380229159715, 38.985633512829295 45.102122666372345))", "population": 38000.0, "Pedestrian traffic": 37000.0, "car traffic": 38000.0 }, "geometry": { "type": "Point", "coordinates": [ 4342708.032429461367428, 5637028.558303131721914 ] } },
{ "type": "Feature", "properties": { "ID": 1045, "Address": "улица Петра Метальникова, 2", "square": 90, "rent_price": 121500, "lat": 45.094758, "long": 39.013033, "index_right": 44.0, "id": 45.0, "geometry_y": "POLYGON ((38.995764723111115 45.08135068110613, 38.999192855849 45.09380229159716, 39.016180331606606 45.097931414680474, 39.029739674626306 45.08961042915329, 39.02631154188843 45.07715790482462, 39.00932406613083 45.073027279859986, 38.995764723111115 45.08135068110613))", "population": 46000.0, "Pedestrian traffic": 46000.0, "car traffic": 29000.0 }, "geometry": { "type": "Point", "coordinates": [ 4342910.967861177399755, 5636451.55011681560427 ] } },
{ "type": "Feature", "properties": { "ID": 1046, "Address": "Российская улица, 271", "square": 110, "rent_price": 187000, "lat": 45.09486, "long": 39.01342, "index_right": 44.0, "id": 45.0, "geometry_y": "POLYGON ((38.995764723111115 45.08135068110613, 38.999192855849 45.09380229159716, 39.016180331606606 45.097931414680474, 39.029739674626306 45.08961042915329, 39.02631154188843 45.07715790482462, 39.00932406613083 45.073027279859986, 38.995764723111115 45.08135068110613))", "population": 46000.0, "Pedestrian traffic": 46000.0, "car traffic": 29000.0 }, "geometry": { "type": "Point", "coordinates": [ 4342954.048504115082324, 5636467.63456666469574 ] } },
{ "type": "Feature", "properties": { "ID": 1047, "Address": "2-я Ямальская улица, 43", "square": 160, "rent_price": 160000, "lat": 45.095535, "long": 39.02755, "index_right": 53.0, "id": 54.0, "geometry_y": "POLYGON ((39.016180331606606 45.09793141468047, 39.01960846434448 45.110379410660364, 39.03659594010208 45.11450733494993, 39.050155283121796 45.10618876513712, 39.04672715038391 45.093739855321296, 39.029739674626306 45.08961042915329, 39.016180331606606 45.09793141468047))", "population": 26000.0, "Pedestrian traffic": 15000.0, "car traffic": 13000.0 }, "geometry": { "type": "Point", "coordinates": [ 4344526.992909023538232, 5636574.076503034681082 ] } },
{ "type": "Feature", "properties": { "ID": 1048, "Address": "улица Лётчика Позднякова, 2/22", "square": 44, "rent_price": 53000, "lat": 45.102317, "long": 39.060276, "index_right": 60.0, "id": 61.0, "geometry_y": "POLYGON ((39.04672715038391 45.0937398553213, 39.05015528312179 45.10618876513713, 39.06714275887939 45.110316992510754, 39.08070210189909 45.10199781194689, 39.07727396916121 45.089547988294676, 39.060286493403616 45.08541825904183, 39.04672715038391 45.0937398553213))", "population": 11000.0, "Pedestrian traffic": 4400.0, "car traffic": 7500.0 }, "geometry": { "type": "Point", "coordinates": [ 4348170.034564725123346, 5637643.611838351935148 ] } },
{ "type": "Feature", "properties": { "ID": 1049, "Address": "Железнодорожная улица, 17", "square": 60, "rent_price": 90000, "lat": 45.109296, "long": 39.141977, "index_right": null, "id": null, "geometry_y": null, "population": null, "Pedestrian traffic": null, "car traffic": null }, "geometry": { "type": "Point", "coordinates": [ 4357264.948282025754452, 5638744.347128167748451 ] } },
{ "type": "Feature", "properties": { "ID": 1050, "Address": "улица 1 Мая, 395", "square": 70, "rent_price": 56000, "lat": 45.087269, "long": 39.019744, "index_right": 44.0, "id": 45.0, "geometry_y": "POLYGON ((38.995764723111115 45.08135068110613, 38.999192855849 45.09380229159716, 39.016180331606606 45.097931414680474, 39.029739674626306 45.08961042915329, 39.02631154188843 45.07715790482462, 39.00932406613083 45.073027279859986, 38.995764723111115 45.08135068110613))", "population": 46000.0, "Pedestrian traffic": 46000.0, "car traffic": 29000.0 }, "geometry": { "type": "Point", "coordinates": [ 4343658.032963891513646, 5635270.683057950809598 ] } },
{ "type": "Feature", "properties": { "ID": 1051, "Address": "улица 1 Мая, 393", "square": 140, "rent_price": 112000, "lat": 45.087135, "long": 39.019708, "index_right": 44.0, "id": 45.0, "geometry_y": "POLYGON ((38.995764723111115 45.08135068110613, 38.999192855849 45.09380229159716, 39.016180331606606 45.097931414680474, 39.029739674626306 45.08961042915329, 39.02631154188843 45.07715790482462, 39.00932406613083 45.073027279859986, 38.995764723111115 45.08135068110613))", "population": 46000.0, "Pedestrian traffic": 46000.0, "car traffic": 29000.0 }, "geometry": { "type": "Point", "coordinates": [ 4343654.025462223216891, 5635249.555320372804999 ] } },
{ "type": "Feature", "properties": { "ID": 1052, "Address": "Сергиевская улица, 64", "square": 80, "rent_price": 160000, "lat": 45.088026, "long": 39.022259, "index_right": 44.0, "id": 45.0, "geometry_y": "POLYGON ((38.995764723111115 45.08135068110613, 38.999192855849 45.09380229159716, 39.016180331606606 45.097931414680474, 39.029739674626306 45.08961042915329, 39.02631154188843 45.07715790482462, 39.00932406613083 45.073027279859986, 38.995764723111115 45.08135068110613))", "population": 46000.0, "Pedestrian traffic": 46000.0, "car traffic": 29000.0 }, "geometry": { "type": "Point", "coordinates": [ 4343938.001483236439526, 5635390.039939191192389 ] } },
{ "type": "Feature", "properties": { "ID": 1053, "Address": "Батуринская улица, 39", "square": 105, "rent_price": 157000, "lat": 45.082655, "long": 39.033847, "index_right": 52.0, "id": 53.0, "geometry_y": "POLYGON ((39.02631154188843 45.07715790482462, 39.029739674626306 45.08961042915329, 39.04672715038391 45.0937398553213, 39.060286493403616 45.08541825904183, 39.056858360665736 45.072964820875086, 39.03987088490814 45.06883389282514, 39.02631154188843 45.07715790482462))", "population": 45000.0, "Pedestrian traffic": 25000.0, "car traffic": 14000.0 }, "geometry": { "type": "Point", "coordinates": [ 4345227.971742549911141, 5634543.22366448957473 ] } },
{ "type": "Feature", "properties": { "ID": 1054, "Address": "Батуринская улица, 75", "square": 73, "rent_price": 50000, "lat": 45.08648, "long": 39.033955, "index_right": 52.0, "id": 53.0, "geometry_y": "POLYGON ((39.02631154188843 45.07715790482462, 39.029739674626306 45.08961042915329, 39.04672715038391 45.0937398553213, 39.060286493403616 45.08541825904183, 39.056858360665736 45.072964820875086, 39.03987088490814 45.06883389282514, 39.02631154188843 45.07715790482462))", "population": 45000.0, "Pedestrian traffic": 25000.0, "car traffic": 14000.0 }, "geometry": { "type": "Point", "coordinates": [ 4345239.994247554801404, 5635146.282390962354839 ] } },
{ "type": "Feature", "properties": { "ID": 1055, "Address": "Уссурийская улица, 17", "square": 135, "rent_price": 175000, "lat": 45.075419, "long": 39.020552, "index_right": 43.0, "id": 44.0, "geometry_y": "POLYGON ((39.00589593339294 45.06057114101235, 39.00932406613083 45.073027279859986, 39.02631154188843 45.07715790482462, 39.03987088490814 45.068833892825154, 39.03644275217026 45.056376840138114, 39.019455276412664 45.05224471328934, 39.00589593339294 45.06057114101235))", "population": 85000.0, "Pedestrian traffic": 78000.0, "car traffic": 34000.0 }, "geometry": { "type": "Point", "coordinates": [ 4343747.979112452827394, 5633402.488878656178713 ] } },
{ "type": "Feature", "properties": { "ID": 1056, "Address": "улица 1 Мая, 307", "square": 210, "rent_price": 315000, "lat": 45.077188, "long": 39.020444, "index_right": 44.0, "id": 45.0, "geometry_y": "POLYGON ((38.995764723111115 45.08135068110613, 38.999192855849 45.09380229159716, 39.016180331606606 45.097931414680474, 39.029739674626306 45.08961042915329, 39.02631154188843 45.07715790482462, 39.00932406613083 45.073027279859986, 38.995764723111115 45.08135068110613))", "population": 46000.0, "Pedestrian traffic": 46000.0, "car traffic": 29000.0 }, "geometry": { "type": "Point", "coordinates": [ 4343735.956607446074486, 5633681.353347878903151 ] } },
{ "type": "Feature", "properties": { "ID": 1057, "Address": "Российская улица, 352", "square": 80, "rent_price": 104000, "lat": 45.077793, "long": 39.015567, "index_right": 44.0, "id": 45.0, "geometry_y": "POLYGON ((38.995764723111115 45.08135068110613, 38.999192855849 45.09380229159716, 39.016180331606606 45.097931414680474, 39.029739674626306 45.08961042915329, 39.02631154188843 45.07715790482462, 39.00932406613083 45.073027279859986, 38.995764723111115 45.08135068110613))", "population": 46000.0, "Pedestrian traffic": 46000.0, "car traffic": 29000.0 }, "geometry": { "type": "Point", "coordinates": [ 4343193.051450847648084, 5633776.727292778901756 ] } },
{ "type": "Feature", "properties": { "ID": 1058, "Address": "Российская улица, 129/1", "square": 67, "rent_price": 85300, "lat": 45.075947, "long": 39.015117, "index_right": 44.0, "id": 45.0, "geometry_y": "POLYGON ((38.995764723111115 45.08135068110613, 38.999192855849 45.09380229159716, 39.016180331606606 45.097931414680474, 39.029739674626306 45.08961042915329, 39.02631154188843 45.07715790482462, 39.00932406613083 45.073027279859986, 38.995764723111115 45.08135068110613))", "population": 46000.0, "Pedestrian traffic": 46000.0, "car traffic": 29000.0 }, "geometry": { "type": "Point", "coordinates": [ 4343142.957679990679026, 5633485.72168867662549 ] } },
{ "type": "Feature", "properties": { "ID": 1059, "Address": "Черкасская улица, 26", "square": 60, "rent_price": 50000, "lat": 45.065087, "long": 39.019941, "index_right": 43.0, "id": 44.0, "geometry_y": "POLYGON ((39.00589593339294 45.06057114101235, 39.00932406613083 45.073027279859986, 39.02631154188843 45.07715790482462, 39.03987088490814 45.068833892825154, 39.03644275217026 45.056376840138114, 39.019455276412664 45.05224471328934, 39.00589593339294 45.06057114101235))", "population": 85000.0, "Pedestrian traffic": 78000.0, "car traffic": 34000.0 }, "geometry": { "type": "Point", "coordinates": [ 4343679.96290357876569, 5631773.928854156285524 ] } },
{ "type": "Feature", "properties": { "ID": 1060, "Address": "Памирская улица, 1", "square": 65, "rent_price": 91000, "lat": 45.068646, "long": 39.016294, "index_right": 43.0, "id": 44.0, "geometry_y": "POLYGON ((39.00589593339294 45.06057114101235, 39.00932406613083 45.073027279859986, 39.02631154188843 45.07715790482462, 39.03987088490814 45.068833892825154, 39.03644275217026 45.056376840138114, 39.019455276412664 45.05224471328934, 39.00589593339294 45.06057114101235))", "population": 85000.0, "Pedestrian traffic": 78000.0, "car traffic": 34000.0 }, "geometry": { "type": "Point", "coordinates": [ 4343273.980720655061305, 5632334.875594103708863 ] } },
{ "type": "Feature", "properties": { "ID": 1061, "Address": "улица имени Сергея Есенина, 2/4", "square": 117, "rent_price": 117000, "lat": 45.07279, "long": 39.009099, "index_right": 36.0, "id": 37.0, "geometry_y": "POLYGON ((38.97534911461564 45.064765134218185, 38.97877724735353 45.077220359226736, 38.995764723111115 45.08135068110613, 39.00932406613083 45.073027279859986, 39.00589593339294 45.060571141012346, 38.988908457635354 45.05643931724932, 38.97534911461564 45.064765134218185))", "population": 25000.0, "Pedestrian traffic": 58000.0, "car traffic": 39000.0 }, "geometry": { "type": "Point", "coordinates": [ 4342473.036984397098422, 5632988.070292609743774 ] } },
{ "type": "Feature", "properties": { "ID": 1062, "Address": "Солнечная улица, 4Б", "square": 50, "rent_price": 30000, "lat": 45.071548, "long": 38.989686, "index_right": 36.0, "id": 37.0, "geometry_y": "POLYGON ((38.97534911461564 45.064765134218185, 38.97877724735353 45.077220359226736, 38.995764723111115 45.08135068110613, 39.00932406613083 45.073027279859986, 39.00589593339294 45.060571141012346, 38.988908457635354 45.05643931724932, 38.97534911461564 45.064765134218185))", "population": 25000.0, "Pedestrian traffic": 58000.0, "car traffic": 39000.0 }, "geometry": { "type": "Point", "coordinates": [ 4340311.991709627211094, 5632792.296061972156167 ] } },
{ "type": "Feature", "properties": { "ID": 1063, "Address": "улица Шоссе Нефтяников, 42", "square": 46, "rent_price": 100000, "lat": 45.07144, "long": 38.984, "index_right": 36.0, "id": 37.0, "geometry_y": "POLYGON ((38.97534911461564 45.064765134218185, 38.97877724735353 45.077220359226736, 38.995764723111115 45.08135068110613, 39.00932406613083 45.073027279859986, 39.00589593339294 45.060571141012346, 38.988908457635354 45.05643931724932, 38.97534911461564 45.064765134218185))", "population": 25000.0, "Pedestrian traffic": 58000.0, "car traffic": 39000.0 }, "geometry": { "type": "Point", "coordinates": [ 4339679.029084976762533, 5632775.272416891530156 ] } },
{ "type": "Feature", "properties": { "ID": 1064, "Address": "улица Красных Партизан, 2/3", "square": 90, "rent_price": 103500, "lat": 45.070976, "long": 38.901642, "index_right": 13.0, "id": 14.0, "geometry_y": "POLYGON ((38.88370865828372 45.07734526782621, 38.887136791021604 45.08979775131957, 38.9041242667792 45.09392716394407, 38.917683609798914 45.08560559495639, 38.914255477061026 45.073152197625, 38.89726800130344 45.06902128311858, 38.88370865828372 45.07734526782621))", "population": 30000.0, "Pedestrian traffic": 14000.0, "car traffic": 12000.0 }, "geometry": { "type": "Point", "coordinates": [ 4330510.978462224826217, 5632702.134159568697214 ] } },
{ "type": "Feature", "properties": { "ID": 1065, "Address": "улица Красных Партизан, 2/4", "square": 250, "rent_price": 100000, "lat": 45.070053, "long": 38.903699, "index_right": 12.0, "id": 13.0, "geometry_y": "POLYGON ((38.89383986856555 45.05656427126697, 38.89726800130342 45.06902128311859, 38.914255477061026 45.073152197625, 38.927814820080734 45.064827602163845, 38.92438668734285 45.052369676472544, 38.90739921158525 45.048237260081514, 38.89383986856555 45.05656427126697))", "population": 13000.0, "Pedestrian traffic": 9500.0, "car traffic": 13000.0 }, "geometry": { "type": "Point", "coordinates": [ 4330739.962654787115753, 5632556.647538013756275 ] } },
{ "type": "Feature", "properties": { "ID": 1066, "Address": "улица Красных Партизан, 2/4", "square": 125, "rent_price": 143750, "lat": 45.065883, "long": 38.898399, "index_right": 12.0, "id": 13.0, "geometry_y": "POLYGON ((38.89383986856555 45.05656427126697, 38.89726800130342 45.06902128311859, 38.914255477061026 45.073152197625, 38.927814820080734 45.064827602163845, 38.92438668734285 45.052369676472544, 38.90739921158525 45.048237260081514, 38.89383986856555 45.05656427126697))", "population": 13000.0, "Pedestrian traffic": 9500.0, "car traffic": 13000.0 }, "geometry": { "type": "Point", "coordinates": [ 4330149.969353581778705, 5631899.386233705095947 ] } },
{ "type": "Feature", "properties": { "ID": 1067, "Address": "улица Красных Партизан, 129", "square": 68, "rent_price": 70000, "lat": 45.063107, "long": 38.919977, "index_right": 12.0, "id": 13.0, "geometry_y": "POLYGON ((38.89383986856555 45.05656427126697, 38.89726800130342 45.06902128311859, 38.914255477061026 45.073152197625, 38.927814820080734 45.064827602163845, 38.92438668734285 45.052369676472544, 38.90739921158525 45.048237260081514, 38.89383986856555 45.05656427126697))", "population": 13000.0, "Pedestrian traffic": 9500.0, "car traffic": 13000.0 }, "geometry": { "type": "Point", "coordinates": [ 4332552.021325918845832, 5631461.869079891592264 ] } },
{ "type": "Feature", "properties": { "ID": 1068, "Address": "Клубная улица, 12А", "square": 82, "rent_price": 123000, "lat": 45.06249, "long": 38.979077, "index_right": 36.0, "id": 37.0, "geometry_y": "POLYGON ((38.97534911461564 45.064765134218185, 38.97877724735353 45.077220359226736, 38.995764723111115 45.08135068110613, 39.00932406613083 45.073027279859986, 39.00589593339294 45.060571141012346, 38.988908457635354 45.05643931724932, 38.97534911461564 45.064765134218185))", "population": 25000.0, "Pedestrian traffic": 58000.0, "car traffic": 39000.0 }, "geometry": { "type": "Point", "coordinates": [ 4339131.003231801092625, 5631364.628419537097216 ] } },
{ "type": "Feature", "properties": { "ID": 1069, "Address": "улица Шоссе Нефтяников, 11", "square": 85, "rent_price": 150000, "lat": 45.058345, "long": 38.981395, "index_right": 27.0, "id": 28.0, "geometry_y": "POLYGON ((38.954933506120156 45.048174774009524, 38.95836163885804 45.06063361354079, 38.97534911461564 45.064765134218185, 38.988908457635354 45.05643931724932, 38.985480324897466 45.043979563877855, 38.96849284913987 45.03984654131497, 38.954933506120156 45.048174774009524))", "population": 39000.0, "Pedestrian traffic": 95000.0, "car traffic": 51000.0 }, "geometry": { "type": "Point", "coordinates": [ 4339389.041811460629106, 5630711.393813502043486 ] } },
{ "type": "Feature", "properties": { "ID": 1070, "Address": "улица Монтажников, 2", "square": 202, "rent_price": 300000, "lat": 45.058441, "long": 38.962494, "index_right": 27.0, "id": 28.0, "geometry_y": "POLYGON ((38.954933506120156 45.048174774009524, 38.95836163885804 45.06063361354079, 38.97534911461564 45.064765134218185, 38.988908457635354 45.05643931724932, 38.985480324897466 45.043979563877855, 38.96849284913987 45.03984654131497, 38.954933506120156 45.048174774009524))", "population": 39000.0, "Pedestrian traffic": 95000.0, "car traffic": 51000.0 }, "geometry": { "type": "Point", "coordinates": [ 4337284.992115977220237, 5630726.522474961355329 ] } },
{ "type": "Feature", "properties": { "ID": 1071, "Address": "улица имени Тургенева, 136", "square": 170, "rent_price": 255000, "lat": 45.057912, "long": 38.962413, "index_right": 27.0, "id": 28.0, "geometry_y": "POLYGON ((38.954933506120156 45.048174774009524, 38.95836163885804 45.06063361354079, 38.97534911461564 45.064765134218185, 38.988908457635354 45.05643931724932, 38.985480324897466 45.043979563877855, 38.96849284913987 45.03984654131497, 38.954933506120156 45.048174774009524))", "population": 39000.0, "Pedestrian traffic": 95000.0, "car traffic": 51000.0 }, "geometry": { "type": "Point", "coordinates": [ 4337275.975237222388387, 5630643.157562354579568 ] } },
{ "type": "Feature", "properties": { "ID": 1072, "Address": "Алма-Атинская улица, 85", "square": 120, "rent_price": 156000, "lat": 45.040114, "long": 38.922654, "index_right": 11.0, "id": 12.0, "geometry_y": "POLYGON ((38.90397107884738 45.035775719864404, 38.90739921158525 45.048237260081514, 38.92438668734285 45.052369676472544, 38.93794603036256 45.04404205453261, 38.93451789762468 45.031579600474664, 38.917530421867085 45.02744568219711, 38.90397107884738 45.035775719864404))", "population": 31000.0, "Pedestrian traffic": 25000.0, "car traffic": 15000.0 }, "geometry": { "type": "Point", "coordinates": [ 4332850.023602772504091, 5627838.826731253415346 ] } },
{ "type": "Feature", "properties": { "ID": 1073, "Address": "улица Академика Трубилина, 120", "square": 200, "rent_price": 260000, "lat": 45.050475, "long": 38.932427, "index_right": 20.0, "id": 21.0, "geometry_y": "POLYGON ((38.92438668734285 45.052369676472544, 38.927814820080734 45.064827602163845, 38.944802295838336 45.0689588197557, 38.95836163885804 45.06063361354079, 38.954933506120156 45.04817477400952, 38.93794603036256 45.04404205453261, 38.92438668734285 45.052369676472544))", "population": 21000.0, "Pedestrian traffic": 35000.0, "car traffic": 28000.0 }, "geometry": { "type": "Point", "coordinates": [ 4333937.948986295610666, 5629471.245134933851659 ] } },
{ "type": "Feature", "properties": { "ID": 1074, "Address": "улица Каляева, 213/1", "square": 102, "rent_price": 122880, "lat": 45.051831, "long": 38.93903, "index_right": 20.0, "id": 21.0, "geometry_y": "POLYGON ((38.92438668734285 45.052369676472544, 38.927814820080734 45.064827602163845, 38.944802295838336 45.0689588197557, 38.95836163885804 45.06063361354079, 38.954933506120156 45.04817477400952, 38.93794603036256 45.04404205453261, 38.92438668734285 45.052369676472544))", "population": 21000.0, "Pedestrian traffic": 35000.0, "car traffic": 28000.0 }, "geometry": { "type": "Point", "coordinates": [ 4334672.991584003902972, 5629684.910425554029644 ] } },
{ "type": "Feature", "properties": { "ID": 1075, "Address": "улица Герцена, 30", "square": 53, "rent_price": 150000, "lat": 45.042203, "long": 38.941006, "index_right": 19.0, "id": 20.0, "geometry_y": "POLYGON ((38.93451789762468 45.031579600474664, 38.93794603036256 45.04404205453261, 38.954933506120156 45.048174774009524, 38.96849284913987 45.03984654131497, 38.96506471640198 45.02738317341601, 38.94807724064439 45.023248952052285, 38.93451789762468 45.031579600474664))", "population": 12000.0, "Pedestrian traffic": 35000.0, "car traffic": 35000.0 }, "geometry": { "type": "Point", "coordinates": [ 4334892.958897811360657, 5628167.933526274748147 ] } },
{ "type": "Feature", "properties": { "ID": 1076, "Address": "улица имени Калинина, 290", "square": 40, "rent_price": 80000, "lat": 45.041617, "long": 38.944645, "index_right": 19.0, "id": 20.0, "geometry_y": "POLYGON ((38.93451789762468 45.031579600474664, 38.93794603036256 45.04404205453261, 38.954933506120156 45.048174774009524, 38.96849284913987 45.03984654131497, 38.96506471640198 45.02738317341601, 38.94807724064439 45.023248952052285, 38.93451789762468 45.031579600474664))", "population": 12000.0, "Pedestrian traffic": 35000.0, "car traffic": 35000.0 }, "geometry": { "type": "Point", "coordinates": [ 4335298.050524807535112, 5628075.612264870665967 ] } },
{ "type": "Feature", "properties": { "ID": 1077, "Address": "улица Кропоткина, 50", "square": 53, "rent_price": 50000, "lat": 45.043069, "long": 38.948696, "index_right": 19.0, "id": 20.0, "geometry_y": "POLYGON ((38.93451789762468 45.031579600474664, 38.93794603036256 45.04404205453261, 38.954933506120156 45.048174774009524, 38.96849284913987 45.03984654131497, 38.96506471640198 45.02738317341601, 38.94807724064439 45.023248952052285, 38.93451789762468 45.031579600474664))", "population": 12000.0, "Pedestrian traffic": 35000.0, "car traffic": 35000.0 }, "geometry": { "type": "Point", "coordinates": [ 4335749.005782010965049, 5628304.369067123159766 ] } },
{ "type": "Feature", "properties": { "ID": 1078, "Address": "Северная улица, 207/1", "square": 60, "rent_price": 120000, "lat": 45.043954, "long": 38.953053, "index_right": 19.0, "id": 20.0, "geometry_y": "POLYGON ((38.93451789762468 45.031579600474664, 38.93794603036256 45.04404205453261, 38.954933506120156 45.048174774009524, 38.96849284913987 45.03984654131497, 38.96506471640198 45.02738317341601, 38.94807724064439 45.023248952052285, 38.93451789762468 45.031579600474664))", "population": 12000.0, "Pedestrian traffic": 35000.0, "car traffic": 35000.0 }, "geometry": { "type": "Point", "coordinates": [ 4336234.024803397245705, 5628443.800131182186306 ] } },
{ "type": "Feature", "properties": { "ID": 1079, "Address": "улица Рылеева, 175", "square": 50, "rent_price": 70000, "lat": 45.048049, "long": 38.95714, "index_right": 27.0, "id": 28.0, "geometry_y": "POLYGON ((38.954933506120156 45.048174774009524, 38.95836163885804 45.06063361354079, 38.97534911461564 45.064765134218185, 38.988908457635354 45.05643931724932, 38.985480324897466 45.043979563877855, 38.96849284913987 45.03984654131497, 38.954933506120156 45.048174774009524))", "population": 39000.0, "Pedestrian traffic": 95000.0, "car traffic": 51000.0 }, "geometry": { "type": "Point", "coordinates": [ 4336688.987562269903719, 5629088.992290084250271 ] } },
{ "type": "Feature", "properties": { "ID": 1080, "Address": "улица Красных Партизан, 108", "square": 100, "rent_price": 110000, "lat": 45.051647, "long": 38.952289, "index_right": 20.0, "id": 21.0, "geometry_y": "POLYGON ((38.92438668734285 45.052369676472544, 38.927814820080734 45.064827602163845, 38.944802295838336 45.0689588197557, 38.95836163885804 45.06063361354079, 38.954933506120156 45.04817477400952, 38.93794603036256 45.04404205453261, 38.92438668734285 45.052369676472544))", "population": 21000.0, "Pedestrian traffic": 35000.0, "car traffic": 28000.0 }, "geometry": { "type": "Point", "coordinates": [ 4336148.97671243082732, 5629655.91719820164144 ] } },
{ "type": "Feature", "properties": { "ID": 1081, "Address": "улица Гагарина, 75/4", "square": 30, "rent_price": 70000, "lat": 45.054448, "long": 38.951831, "index_right": 20.0, "id": 21.0, "geometry_y": "POLYGON ((38.92438668734285 45.052369676472544, 38.927814820080734 45.064827602163845, 38.944802295838336 45.0689588197557, 38.95836163885804 45.06063361354079, 38.954933506120156 45.04817477400952, 38.93794603036256 45.04404205453261, 38.92438668734285 45.052369676472544))", "population": 21000.0, "Pedestrian traffic": 35000.0, "car traffic": 28000.0 }, "geometry": { "type": "Point", "coordinates": [ 4336097.992385648190975, 5630097.286154170520604 ] } },
{ "type": "Feature", "properties": { "ID": 1082, "Address": "улица Бабушкина, 233", "square": 129, "rent_price": 150000, "lat": 45.048915, "long": 38.962126, "index_right": 27.0, "id": 28.0, "geometry_y": "POLYGON ((38.954933506120156 45.048174774009524, 38.95836163885804 45.06063361354079, 38.97534911461564 45.064765134218185, 38.988908457635354 45.05643931724932, 38.985480324897466 45.043979563877855, 38.96849284913987 45.03984654131497, 38.954933506120156 45.048174774009524))", "population": 39000.0, "Pedestrian traffic": 95000.0, "car traffic": 51000.0 }, "geometry": { "type": "Point", "coordinates": [ 4337244.026543364860117, 5629225.441774585284293 ] } },
{ "type": "Feature", "properties": { "ID": 1083, "Address": "улица Атарбекова, 35", "square": 145, "rent_price": 217500, "lat": 45.060204, "long": 38.956736, "index_right": 20.0, "id": 21.0, "geometry_y": "POLYGON ((38.92438668734285 45.052369676472544, 38.927814820080734 45.064827602163845, 38.944802295838336 45.0689588197557, 38.95836163885804 45.06063361354079, 38.954933506120156 45.04817477400952, 38.93794603036256 45.04404205453261, 38.92438668734285 45.052369676472544))", "population": 21000.0, "Pedestrian traffic": 35000.0, "car traffic": 28000.0 }, "geometry": { "type": "Point", "coordinates": [ 4336644.014487989246845, 5631004.358555624261498 ] } },
{ "type": "Feature", "properties": { "ID": 1084, "Address": "улица имени Тургенева, 136", "square": 170, "rent_price": 255000, "lat": 45.057912, "long": 38.962413, "index_right": 27.0, "id": 28.0, "geometry_y": "POLYGON ((38.954933506120156 45.048174774009524, 38.95836163885804 45.06063361354079, 38.97534911461564 45.064765134218185, 38.988908457635354 45.05643931724932, 38.985480324897466 45.043979563877855, 38.96849284913987 45.03984654131497, 38.954933506120156 45.048174774009524))", "population": 39000.0, "Pedestrian traffic": 95000.0, "car traffic": 51000.0 }, "geometry": { "type": "Point", "coordinates": [ 4337275.975237222388387, 5630643.157562354579568 ] } },
{ "type": "Feature", "properties": { "ID": 1085, "Address": "улица Монтажников, 2", "square": 202, "rent_price": 300000, "lat": 45.058441, "long": 38.962494, "index_right": 27.0, "id": 28.0, "geometry_y": "POLYGON ((38.954933506120156 45.048174774009524, 38.95836163885804 45.06063361354079, 38.97534911461564 45.064765134218185, 38.988908457635354 45.05643931724932, 38.985480324897466 45.043979563877855, 38.96849284913987 45.03984654131497, 38.954933506120156 45.048174774009524))", "population": 39000.0, "Pedestrian traffic": 95000.0, "car traffic": 51000.0 }, "geometry": { "type": "Point", "coordinates": [ 4337284.992115977220237, 5630726.522474961355329 ] } },
{ "type": "Feature", "properties": { "ID": 1086, "Address": "улица имени Тургенева, 164", "square": 45, "rent_price": 60000, "lat": 45.06904, "long": 38.96774, "index_right": 28.0, "id": 29.0, "geometry_y": "POLYGON ((38.944802295838336 45.0689588197557, 38.94823042857621 45.08141313092549, 38.96521790433381 45.0855431497198, 38.97877724735353 45.077220359226736, 38.97534911461564 45.064765134218185, 38.95836163885804 45.06063361354079, 38.944802295838336 45.0689588197557))", "population": 48000.0, "Pedestrian traffic": 44000.0, "car traffic": 25000.0 }, "geometry": { "type": "Point", "coordinates": [ 4337868.974164678715169, 5632396.977492895908654 ] } },
{ "type": "Feature", "properties": { "ID": 1087, "Address": "улица Фёдора Лузана, 6", "square": 230, "rent_price": 276360, "lat": 45.068773, "long": 38.97702, "index_right": 36.0, "id": 37.0, "geometry_y": "POLYGON ((38.97534911461564 45.064765134218185, 38.97877724735353 45.077220359226736, 38.995764723111115 45.08135068110613, 39.00932406613083 45.073027279859986, 39.00589593339294 45.060571141012346, 38.988908457635354 45.05643931724932, 38.97534911461564 45.064765134218185))", "population": 25000.0, "Pedestrian traffic": 58000.0, "car traffic": 39000.0 }, "geometry": { "type": "Point", "coordinates": [ 4338902.019039239734411, 5632354.893164473585784 ] } },
{ "type": "Feature", "properties": { "ID": 1088, "Address": "улица Шоссе Нефтяников, 42", "square": 46, "rent_price": 100000, "lat": 45.07144, "long": 38.984, "index_right": 36.0, "id": 37.0, "geometry_y": "POLYGON ((38.97534911461564 45.064765134218185, 38.97877724735353 45.077220359226736, 38.995764723111115 45.08135068110613, 39.00932406613083 45.073027279859986, 39.00589593339294 45.060571141012346, 38.988908457635354 45.05643931724932, 38.97534911461564 45.064765134218185))", "population": 25000.0, "Pedestrian traffic": 58000.0, "car traffic": 39000.0 }, "geometry": { "type": "Point", "coordinates": [ 4339679.029084976762533, 5632775.272416891530156 ] } },
{ "type": "Feature", "properties": { "ID": 1089, "Address": "Солнечная улица, 4Б", "square": 50, "rent_price": 30000, "lat": 45.071548, "long": 38.989686, "index_right": 36.0, "id": 37.0, "geometry_y": "POLYGON ((38.97534911461564 45.064765134218185, 38.97877724735353 45.077220359226736, 38.995764723111115 45.08135068110613, 39.00932406613083 45.073027279859986, 39.00589593339294 45.060571141012346, 38.988908457635354 45.05643931724932, 38.97534911461564 45.064765134218185))", "population": 25000.0, "Pedestrian traffic": 58000.0, "car traffic": 39000.0 }, "geometry": { "type": "Point", "coordinates": [ 4340311.991709627211094, 5632792.296061972156167 ] } },
{ "type": "Feature", "properties": { "ID": 1090, "Address": "улица Генерал-лейтенанта Александра Сапрунова, 35", "square": 70, "rent_price": 140000, "lat": 45.0692, "long": 39.06969, "index_right": 59.0, "id": 60.0, "geometry_y": "POLYGON ((39.056858360665736 45.07296482087509, 39.060286493403616 45.08541825904183, 39.07727396916121 45.089547988294676, 39.090833312180926 45.081225781262624, 39.08740517944304 45.068771429257474, 39.07041770368544 45.064640198122085, 39.056858360665736 45.07296482087509))", "population": 6500.0, "Pedestrian traffic": 2200.0, "car traffic": 2400.0 }, "geometry": { "type": "Point", "coordinates": [ 4349217.996251052245498, 5632422.196660309098661 ] } },
{ "type": "Feature", "properties": { "ID": 1091, "Address": "Красная улица, 155", "square": 30, "rent_price": 95000, "lat": 45.049615, "long": 38.978709, "index_right": 27.0, "id": 28.0, "geometry_y": "POLYGON ((38.954933506120156 45.048174774009524, 38.95836163885804 45.06063361354079, 38.97534911461564 45.064765134218185, 38.988908457635354 45.05643931724932, 38.985480324897466 45.043979563877855, 38.96849284913987 45.03984654131497, 38.954933506120156 45.048174774009524))", "population": 39000.0, "Pedestrian traffic": 95000.0, "car traffic": 51000.0 }, "geometry": { "type": "Point", "coordinates": [ 4339090.037659189663827, 5629335.737325028516352 ] } },
{ "type": "Feature", "properties": { "ID": 1092, "Address": "Красная улица, 149", "square": 58, "rent_price": 150000, "lat": 45.048348, "long": 38.978197, "index_right": 27.0, "id": 28.0, "geometry_y": "POLYGON ((38.954933506120156 45.048174774009524, 38.95836163885804 45.06063361354079, 38.97534911461564 45.064765134218185, 38.988908457635354 45.05643931724932, 38.985480324897466 45.043979563877855, 38.96849284913987 45.03984654131497, 38.954933506120156 45.048174774009524))", "population": 39000.0, "Pedestrian traffic": 95000.0, "car traffic": 51000.0 }, "geometry": { "type": "Point", "coordinates": [ 4339033.042079903185368, 5629136.103368205949664 ] } },
{ "type": "Feature", "properties": { "ID": 1093, "Address": "улица имени Дзержинского, 18", "square": 62, "rent_price": 80000, "lat": 45.059625, "long": 38.978125, "index_right": 27.0, "id": 28.0, "geometry_y": "POLYGON ((38.954933506120156 45.048174774009524, 38.95836163885804 45.06063361354079, 38.97534911461564 45.064765134218185, 38.988908457635354 45.05643931724932, 38.985480324897466 45.043979563877855, 38.96849284913987 45.03984654131497, 38.954933506120156 45.048174774009524))", "population": 39000.0, "Pedestrian traffic": 95000.0, "car traffic": 51000.0 }, "geometry": { "type": "Point", "coordinates": [ 4339025.027076566591859, 5630913.111388128250837 ] } },
{ "type": "Feature", "properties": { "ID": 1094, "Address": "улица Коммунаров, 254", "square": 64, "rent_price": 90500, "lat": 45.043355, "long": 38.9817, "index_right": 27.0, "id": 28.0, "geometry_y": "POLYGON ((38.954933506120156 45.048174774009524, 38.95836163885804 45.06063361354079, 38.97534911461564 45.064765134218185, 38.988908457635354 45.05643931724932, 38.985480324897466 45.043979563877855, 38.96849284913987 45.03984654131497, 38.954933506120156 45.048174774009524))", "population": 39000.0, "Pedestrian traffic": 95000.0, "car traffic": 51000.0 }, "geometry": { "type": "Point", "coordinates": [ 4339422.994256151840091, 5628349.427909559570253 ] } },
{ "type": "Feature", "properties": { "ID": 1095, "Address": "улица Коммунаров, 258", "square": 132, "rent_price": 151800, "lat": 45.043693, "long": 38.981727, "index_right": 27.0, "id": 28.0, "geometry_y": "POLYGON ((38.954933506120156 45.048174774009524, 38.95836163885804 45.06063361354079, 38.97534911461564 45.064765134218185, 38.988908457635354 45.05643931724932, 38.985480324897466 45.043979563877855, 38.96849284913987 45.03984654131497, 38.954933506120156 45.048174774009524))", "population": 39000.0, "Pedestrian traffic": 95000.0, "car traffic": 51000.0 }, "geometry": { "type": "Point", "coordinates": [ 4339425.999882403761148, 5628402.679559217765927 ] } },
{ "type": "Feature", "properties": { "ID": 1096, "Address": "улица Коммунаров, 266Л", "square": 108, "rent_price": 140000, "lat": 45.045361, "long": 38.983416, "index_right": 27.0, "id": 28.0, "geometry_y": "POLYGON ((38.954933506120156 45.048174774009524, 38.95836163885804 45.06063361354079, 38.97534911461564 45.064765134218185, 38.988908457635354 45.05643931724932, 38.985480324897466 45.043979563877855, 38.96849284913987 45.03984654131497, 38.954933506120156 45.048174774009524))", "population": 39000.0, "Pedestrian traffic": 95000.0, "car traffic": 51000.0 }, "geometry": { "type": "Point", "coordinates": [ 4339614.018502353690565, 5628665.476331297308207 ] } },
{ "type": "Feature", "properties": { "ID": 1097, "Address": "Одесская улица, 48/3", "square": 80, "rent_price": 64000, "lat": 45.045374, "long": 38.987458, "index_right": 35.0, "id": 36.0, "geometry_y": "POLYGON ((38.985480324897466 45.043979563877855, 38.988908457635354 45.05643931724932, 39.00589593339294 45.06057114101235, 39.019455276412664 45.05224471328934, 39.01602714367477 45.039784046077436, 38.99903966791718 45.03565072042854, 38.985480324897466 45.043979563877855))", "population": 25000.0, "Pedestrian traffic": 52000.0, "car traffic": 41000.0 }, "geometry": { "type": "Point", "coordinates": [ 4340063.971884139813483, 5628667.524537671357393 ] } },
{ "type": "Feature", "properties": { "ID": 1098, "Address": "улица Володи Головатого, 289", "square": 65, "rent_price": 80000, "lat": 45.040426, "long": 38.965189, "index_right": 19.0, "id": 20.0, "geometry_y": "POLYGON ((38.93451789762468 45.031579600474664, 38.93794603036256 45.04404205453261, 38.954933506120156 45.048174774009524, 38.96849284913987 45.03984654131497, 38.96506471640198 45.02738317341601, 38.94807724064439 45.023248952052285, 38.93451789762468 45.031579600474664))", "population": 12000.0, "Pedestrian traffic": 35000.0, "car traffic": 35000.0 }, "geometry": { "type": "Point", "coordinates": [ 4337584.998143664561212, 5627887.979304479435086 ] } },
{ "type": "Feature", "properties": { "ID": 1099, "Address": "улица Володи Головатого, 291А", "square": 80, "rent_price": 45000, "lat": 45.040368, "long": 38.965602, "index_right": 19.0, "id": 20.0, "geometry_y": "POLYGON ((38.93451789762468 45.031579600474664, 38.93794603036256 45.04404205453261, 38.954933506120156 45.048174774009524, 38.96849284913987 45.03984654131497, 38.96506471640198 45.02738317341601, 38.94807724064439 45.023248952052285, 38.93451789762468 45.031579600474664))", "population": 12000.0, "Pedestrian traffic": 35000.0, "car traffic": 35000.0 }, "geometry": { "type": "Point", "coordinates": [ 4337630.973093361593783, 5627878.84194686729461 ] } },
{ "type": "Feature", "properties": { "ID": 1100, "Address": "Северная улица, 324В", "square": 60, "rent_price": 60000, "lat": 45.040419, "long": 38.970642, "index_right": 27.0, "id": 28.0, "geometry_y": "POLYGON ((38.954933506120156 45.048174774009524, 38.95836163885804 45.06063361354079, 38.97534911461564 45.064765134218185, 38.988908457635354 45.05643931724932, 38.985480324897466 45.043979563877855, 38.96849284913987 45.03984654131497, 38.954933506120156 45.048174774009524))", "population": 39000.0, "Pedestrian traffic": 95000.0, "car traffic": 51000.0 }, "geometry": { "type": "Point", "coordinates": [ 4338192.023326960392296, 5627886.876519449986517 ] } },
{ "type": "Feature", "properties": { "ID": 1101, "Address": "Октябрьская улица, 179", "square": 58, "rent_price": 199999, "lat": 45.0384, "long": 38.970354, "index_right": 26.0, "id": 27.0, "geometry_y": "POLYGON ((38.96506471640198 45.02738317341601, 38.96849284913987 45.039846541314986, 38.985480324897466 45.043979563877855, 38.999039667917174 45.03565072042854, 38.99561153517929 45.02318643868839, 38.9786240594217 45.01905191423844, 38.96506471640198 45.02738317341601))", "population": 21000.0, "Pedestrian traffic": 95000.0, "car traffic": 52000.0 }, "geometry": { "type": "Point", "coordinates": [ 4338159.963313612155616, 5627568.807439733296633 ] } },
{ "type": "Feature", "properties": { "ID": 1102, "Address": "улица Кирова, 139", "square": 50, "rent_price": 88750, "lat": 45.03784, "long": 38.96801, "index_right": 26.0, "id": 27.0, "geometry_y": "POLYGON ((38.96506471640198 45.02738317341601, 38.96849284913987 45.039846541314986, 38.985480324897466 45.043979563877855, 38.999039667917174 45.03565072042854, 38.99561153517929 45.02318643868839, 38.9786240594217 45.01905191423844, 38.96506471640198 45.02738317341601))", "population": 21000.0, "Pedestrian traffic": 95000.0, "car traffic": 52000.0 }, "geometry": { "type": "Point", "coordinates": [ 4337899.030427192337811, 5627480.588187384419143 ] } },
{ "type": "Feature", "properties": { "ID": 1103, "Address": "Северная улица, 378", "square": 84, "rent_price": 168000, "lat": 45.039126, "long": 38.981547, "index_right": 26.0, "id": 27.0, "geometry_y": "POLYGON ((38.96506471640198 45.02738317341601, 38.96849284913987 45.039846541314986, 38.985480324897466 45.043979563877855, 38.999039667917174 45.03565072042854, 38.99561153517929 45.02318643868839, 38.9786240594217 45.01905191423844, 38.96506471640198 45.02738317341601))", "population": 21000.0, "Pedestrian traffic": 95000.0, "car traffic": 52000.0 }, "geometry": { "type": "Point", "coordinates": [ 4339405.962374061346054, 5627683.178684270940721 ] } },
{ "type": "Feature", "properties": { "ID": 1104, "Address": "улица Янковского, 170", "square": 136, "rent_price": 109000, "lat": 45.038521, "long": 38.984521, "index_right": 26.0, "id": 27.0, "geometry_y": "POLYGON ((38.96506471640198 45.02738317341601, 38.96849284913987 45.039846541314986, 38.985480324897466 45.043979563877855, 38.999039667917174 45.03565072042854, 38.99561153517929 45.02318643868839, 38.9786240594217 45.01905191423844, 38.96506471640198 45.02738317341601))", "population": 21000.0, "Pedestrian traffic": 95000.0, "car traffic": 52000.0 }, "geometry": { "type": "Point", "coordinates": [ 4339737.026539680548012, 5627587.869213045574725 ] } },
{ "type": "Feature", "properties": { "ID": 1105, "Address": "улица Будённого, 129", "square": 198, "rent_price": 198300, "lat": 45.03705, "long": 38.972043, "index_right": 26.0, "id": 27.0, "geometry_y": "POLYGON ((38.96506471640198 45.02738317341601, 38.96849284913987 45.039846541314986, 38.985480324897466 45.043979563877855, 38.999039667917174 45.03565072042854, 38.99561153517929 45.02318643868839, 38.9786240594217 45.01905191423844, 38.96506471640198 45.02738317341601))", "population": 21000.0, "Pedestrian traffic": 95000.0, "car traffic": 52000.0 }, "geometry": { "type": "Point", "coordinates": [ 4338347.98193356115371, 5627356.137495913542807 ] } },
{ "type": "Feature", "properties": { "ID": 1106, "Address": "улица Кубанская Набережная, 192", "square": 56, "rent_price": 123860, "lat": 45.031413, "long": 38.959467, "index_right": 19.0, "id": 20.0, "geometry_y": "POLYGON ((38.93451789762468 45.031579600474664, 38.93794603036256 45.04404205453261, 38.954933506120156 45.048174774009524, 38.96849284913987 45.03984654131497, 38.96506471640198 45.02738317341601, 38.94807724064439 45.023248952052285, 38.93451789762468 45.031579600474664))", "population": 12000.0, "Pedestrian traffic": 35000.0, "car traffic": 35000.0 }, "geometry": { "type": "Point", "coordinates": [ 4336948.028017344884574, 5626468.176540895365179 ] } },
{ "type": "Feature", "properties": { "ID": 1107, "Address": "улица Кирова, 77", "square": 39, "rent_price": 60000, "lat": 45.03084, "long": 38.965683, "index_right": 19.0, "id": 20.0, "geometry_y": "POLYGON ((38.93451789762468 45.031579600474664, 38.93794603036256 45.04404205453261, 38.954933506120156 45.048174774009524, 38.96849284913987 45.03984654131497, 38.96506471640198 45.02738317341601, 38.94807724064439 45.023248952052285, 38.93451789762468 45.031579600474664))", "population": 12000.0, "Pedestrian traffic": 35000.0, "car traffic": 35000.0 }, "geometry": { "type": "Point", "coordinates": [ 4337639.989972116425633, 5626377.920372245833278 ] } },
{ "type": "Feature", "properties": { "ID": 1108, "Address": "Октябрьская улица, 97", "square": 115, "rent_price": 230000, "lat": 45.02782, "long": 38.96686, "index_right": 26.0, "id": 27.0, "geometry_y": "POLYGON ((38.96506471640198 45.02738317341601, 38.96849284913987 45.039846541314986, 38.985480324897466 45.043979563877855, 38.999039667917174 45.03565072042854, 38.99561153517929 45.02318643868839, 38.9786240594217 45.01905191423844, 38.96506471640198 45.02738317341601))", "population": 21000.0, "Pedestrian traffic": 95000.0, "car traffic": 52000.0 }, "geometry": { "type": "Point", "coordinates": [ 4337771.01301277987659, 5625902.239614793099463 ] } },
{ "type": "Feature", "properties": { "ID": 1109, "Address": "Гимназическая улица, 53", "square": 120, "rent_price": 99000, "lat": 45.026164, "long": 38.967453, "index_right": 26.0, "id": 27.0, "geometry_y": "POLYGON ((38.96506471640198 45.02738317341601, 38.96849284913987 45.039846541314986, 38.985480324897466 45.043979563877855, 38.999039667917174 45.03565072042854, 38.99561153517929 45.02318643868839, 38.9786240594217 45.01905191423844, 38.96506471640198 45.02738317341601))", "population": 21000.0, "Pedestrian traffic": 95000.0, "car traffic": 52000.0 }, "geometry": { "type": "Point", "coordinates": [ 4337837.025470820255578, 5625641.413403087295592 ] } },
{ "type": "Feature", "properties": { "ID": 1110, "Address": "Карасунская улица, 82/2", "square": 72, "rent_price": 72000, "lat": 45.028056, "long": 38.972843, "index_right": 26.0, "id": 27.0, "geometry_y": "POLYGON ((38.96506471640198 45.02738317341601, 38.96849284913987 45.039846541314986, 38.985480324897466 45.043979563877855, 38.999039667917174 45.03565072042854, 38.99561153517929 45.02318643868839, 38.9786240594217 45.01905191423844, 38.96506471640198 45.02738317341601))", "population": 21000.0, "Pedestrian traffic": 95000.0, "car traffic": 52000.0 }, "geometry": { "type": "Point", "coordinates": [ 4338437.03752619586885, 5625939.411114348098636 ] } },
{ "type": "Feature", "properties": { "ID": 1111, "Address": "Красноармейская улица, 62", "square": 70, "rent_price": 60000, "lat": 45.027183, "long": 38.974576, "index_right": 26.0, "id": 27.0, "geometry_y": "POLYGON ((38.96506471640198 45.02738317341601, 38.96849284913987 45.039846541314986, 38.985480324897466 45.043979563877855, 38.999039667917174 45.03565072042854, 38.99561153517929 45.02318643868839, 38.9786240594217 45.01905191423844, 38.96506471640198 45.02738317341601))", "population": 21000.0, "Pedestrian traffic": 95000.0, "car traffic": 52000.0 }, "geometry": { "type": "Point", "coordinates": [ 4338629.954203741624951, 5625801.908832363784313 ] } },
{ "type": "Feature", "properties": { "ID": 1112, "Address": "улица Горького, 104", "square": 32, "rent_price": 25000, "lat": 45.031005, "long": 38.974199, "index_right": 26.0, "id": 27.0, "geometry_y": "POLYGON ((38.96506471640198 45.02738317341601, 38.96849284913987 45.039846541314986, 38.985480324897466 45.043979563877855, 38.999039667917174 45.03565072042854, 38.99561153517929 45.02318643868839, 38.9786240594217 45.01905191423844, 38.96506471640198 45.02738317341601))", "population": 21000.0, "Pedestrian traffic": 95000.0, "car traffic": 52000.0 }, "geometry": { "type": "Point", "coordinates": [ 4338587.986755711957812, 5626403.910275817848742 ] } },
{ "type": "Feature", "properties": { "ID": 1113, "Address": "улица Горького, 104", "square": 90, "rent_price": 135000, "lat": 45.031005, "long": 38.974199, "index_right": 26.0, "id": 27.0, "geometry_y": "POLYGON ((38.96506471640198 45.02738317341601, 38.96849284913987 45.039846541314986, 38.985480324897466 45.043979563877855, 38.999039667917174 45.03565072042854, 38.99561153517929 45.02318643868839, 38.9786240594217 45.01905191423844, 38.96506471640198 45.02738317341601))", "population": 21000.0, "Pedestrian traffic": 95000.0, "car traffic": 52000.0 }, "geometry": { "type": "Point", "coordinates": [ 4338587.986755711957812, 5626403.910275817848742 ] } },
{ "type": "Feature", "properties": { "ID": 1114, "Address": "Красноармейская улица, 80", "square": 80, "rent_price": 150000, "lat": 45.031668, "long": 38.975529, "index_right": 26.0, "id": 27.0, "geometry_y": "POLYGON ((38.96506471640198 45.02738317341601, 38.96849284913987 45.039846541314986, 38.985480324897466 45.043979563877855, 38.999039667917174 45.03565072042854, 38.99561153517929 45.02318643868839, 38.9786240594217 45.01905191423844, 38.96506471640198 45.02738317341601))", "population": 21000.0, "Pedestrian traffic": 95000.0, "car traffic": 52000.0 }, "geometry": { "type": "Point", "coordinates": [ 4338736.04167846776545, 5626508.343189217150211 ] } },
{ "type": "Feature", "properties": { "ID": 1115, "Address": "Красная улица, 104", "square": 40, "rent_price": 60000, "lat": 45.0324, "long": 38.9734, "index_right": 26.0, "id": 27.0, "geometry_y": "POLYGON ((38.96506471640198 45.02738317341601, 38.96849284913987 45.039846541314986, 38.985480324897466 45.043979563877855, 38.999039667917174 45.03565072042854, 38.99561153517929 45.02318643868839, 38.9786240594217 45.01905191423844, 38.96506471640198 45.02738317341601))", "population": 21000.0, "Pedestrian traffic": 95000.0, "car traffic": 52000.0 }, "geometry": { "type": "Point", "coordinates": [ 4338499.042482567951083, 5626623.646091572009027 ] } },
{ "type": "Feature", "properties": { "ID": 1116, "Address": "улица Кубанская Набережная, 5", "square": 25, "rent_price": 50000, "lat": 45.017977, "long": 38.958029, "index_right": 18.0, "id": 19.0, "geometry_y": "POLYGON ((38.9446491079065 45.01078196962335, 38.94807724064439 45.023248952052285, 38.96506471640198 45.02738317341601, 38.9786240594217 45.01905191423844, 38.97519592668381 45.0065840179679, 38.958208450926215 45.0024482947164, 38.9446491079065 45.01078196962335))", "population": 20000.0, "Pedestrian traffic": 46000.0, "car traffic": 29000.0 }, "geometry": { "type": "Point", "coordinates": [ 4336787.950589585117996, 5624352.041042304597795 ] } },
{ "type": "Feature", "properties": { "ID": 1117, "Address": "Береговая улица, 146с18", "square": 30, "rent_price": 50000, "lat": 45.022405, "long": 38.955164, "index_right": 18.0, "id": 19.0, "geometry_y": "POLYGON ((38.9446491079065 45.01078196962335, 38.94807724064439 45.023248952052285, 38.96506471640198 45.02738317341601, 38.9786240594217 45.01905191423844, 38.97519592668381 45.0065840179679, 38.958208450926215 45.0024482947164, 38.9446491079065 45.01078196962335))", "population": 20000.0, "Pedestrian traffic": 46000.0, "car traffic": 29000.0 }, "geometry": { "type": "Point", "coordinates": [ 4336469.020248462446034, 5625049.384804604575038 ] } },
{ "type": "Feature", "properties": { "ID": 1118, "Address": "улица Тургеневское шоссе, 13/1", "square": 93, "rent_price": 65100, "lat": 45.025234, "long": 38.942354, "index_right": 10.0, "id": 11.0, "geometry_y": "POLYGON ((38.91410228912919 45.01497961360971, 38.917530421867085 45.02744568219711, 38.93451789762467 45.031579600474664, 38.94807724064439 45.023248952052285, 38.9446491079065 45.01078196962335, 38.92766163214891 45.006646549458154, 38.91410228912919 45.01497961360971))", "population": null, "Pedestrian traffic": null, "car traffic": null }, "geometry": { "type": "Point", "coordinates": [ 4335043.017571400851011, 5625494.938223239034414 ] } },
{ "type": "Feature", "properties": { "ID": 1119, "Address": "улица Тургеневское шоссе, 8", "square": 91, "rent_price": 40950, "lat": 45.024004, "long": 38.943046, "index_right": 10.0, "id": 11.0, "geometry_y": "POLYGON ((38.91410228912919 45.01497961360971, 38.917530421867085 45.02744568219711, 38.93451789762467 45.031579600474664, 38.94807724064439 45.023248952052285, 38.9446491079065 45.01078196962335, 38.92766163214891 45.006646549458154, 38.91410228912919 45.01497961360971))", "population": null, "Pedestrian traffic": null, "car traffic": null }, "geometry": { "type": "Point", "coordinates": [ 4335120.050659029744565, 5625301.216640178114176 ] } },
{ "type": "Feature", "properties": { "ID": 1120, "Address": "улица Тургеневское шоссе, 8А", "square": 62, "rent_price": 62000, "lat": 45.023654, "long": 38.943728, "index_right": 10.0, "id": 11.0, "geometry_y": "POLYGON ((38.91410228912919 45.01497961360971, 38.917530421867085 45.02744568219711, 38.93451789762467 45.031579600474664, 38.94807724064439 45.023248952052285, 38.9446491079065 45.01078196962335, 38.92766163214891 45.006646549458154, 38.91410228912919 45.01497961360971))", "population": null, "Pedestrian traffic": null, "car traffic": null }, "geometry": { "type": "Point", "coordinates": [ 4335195.97055175062269, 5625246.093373176641762 ] } },
{ "type": "Feature", "properties": { "ID": 1121, "Address": "улица Тургеневское шоссе, 19", "square": 100, "rent_price": 145000, "lat": 45.021698, "long": 38.939093, "index_right": 10.0, "id": 11.0, "geometry_y": "POLYGON ((38.91410228912919 45.01497961360971, 38.917530421867085 45.02744568219711, 38.93451789762467 45.031579600474664, 38.94807724064439 45.023248952052285, 38.9446491079065 45.01078196962335, 38.92766163214891 45.006646549458154, 38.91410228912919 45.01497961360971))", "population": null, "Pedestrian traffic": null, "car traffic": null }, "geometry": { "type": "Point", "coordinates": [ 4334680.004711923189461, 5624938.039262375794351 ] } },
{ "type": "Feature", "properties": { "ID": 1122, "Address": "улица Тургеневское шоссе, 8", "square": 62, "rent_price": 62000, "lat": 45.024004, "long": 38.943046, "index_right": 10.0, "id": 11.0, "geometry_y": "POLYGON ((38.91410228912919 45.01497961360971, 38.917530421867085 45.02744568219711, 38.93451789762467 45.031579600474664, 38.94807724064439 45.023248952052285, 38.9446491079065 45.01078196962335, 38.92766163214891 45.006646549458154, 38.91410228912919 45.01497961360971))", "population": null, "Pedestrian traffic": null, "car traffic": null }, "geometry": { "type": "Point", "coordinates": [ 4335120.050659029744565, 5625301.216640178114176 ] } },
{ "type": "Feature", "properties": { "ID": 1123, "Address": "улица Тургеневское шоссе, 8", "square": 91, "rent_price": 40950, "lat": 45.024004, "long": 38.943046, "index_right": 10.0, "id": 11.0, "geometry_y": "POLYGON ((38.91410228912919 45.01497961360971, 38.917530421867085 45.02744568219711, 38.93451789762467 45.031579600474664, 38.94807724064439 45.023248952052285, 38.9446491079065 45.01078196962335, 38.92766163214891 45.006646549458154, 38.91410228912919 45.01497961360971))", "population": null, "Pedestrian traffic": null, "car traffic": null }, "geometry": { "type": "Point", "coordinates": [ 4335120.050659029744565, 5625301.216640178114176 ] } },
{ "type": "Feature", "properties": { "ID": 1124, "Address": "улица Тургеневское шоссе, 13/1", "square": 93, "rent_price": 65100, "lat": 45.025234, "long": 38.942354, "index_right": 10.0, "id": 11.0, "geometry_y": "POLYGON ((38.91410228912919 45.01497961360971, 38.917530421867085 45.02744568219711, 38.93451789762467 45.031579600474664, 38.94807724064439 45.023248952052285, 38.9446491079065 45.01078196962335, 38.92766163214891 45.006646549458154, 38.91410228912919 45.01497961360971))", "population": null, "Pedestrian traffic": null, "car traffic": null }, "geometry": { "type": "Point", "coordinates": [ 4335043.017571400851011, 5625494.938223239034414 ] } },
{ "type": "Feature", "properties": { "ID": 1125, "Address": "улица Тургеневское шоссе, 33с1", "square": 34, "rent_price": 51000, "lat": 45.002958, "long": 38.92816, "index_right": 9.0, "id": 10.0, "geometry_y": "POLYGON ((38.92423349941102 44.994175952498026, 38.92766163214891 45.006646549458154, 38.9446491079065 45.01078196962335, 38.958208450926215 45.00244829471641, 38.95478031818832 44.989976783914535, 38.93779284243074 44.98583986186137, 38.92423349941102 44.994175952498026))", "population": 800.0, "Pedestrian traffic": 1800.0, "car traffic": 350.0 }, "geometry": { "type": "Point", "coordinates": [ 4333462.948719080537558, 5621987.174773886799812 ] } },
{ "type": "Feature", "properties": { "ID": 1126, "Address": "улица Тургеневское шоссе, 33с6", "square": 34, "rent_price": 34000, "lat": 45.001211, "long": 38.927568, "index_right": 9.0, "id": 10.0, "geometry_y": "POLYGON ((38.92423349941102 44.994175952498026, 38.92766163214891 45.006646549458154, 38.9446491079065 45.01078196962335, 38.958208450926215 45.00244829471641, 38.95478031818832 44.989976783914535, 38.93779284243074 44.98583986186137, 38.92423349941102 44.994175952498026))", "population": 800.0, "Pedestrian traffic": 1800.0, "car traffic": 350.0 }, "geometry": { "type": "Point", "coordinates": [ 4333397.047580530866981, 5621712.135372094810009 ] } },
{ "type": "Feature", "properties": { "ID": 1127, "Address": "Шоссейная улица, 73", "square": 136, "rent_price": 47600, "lat": 44.999452, "long": 38.935266, "index_right": 9.0, "id": 10.0, "geometry_y": "POLYGON ((38.92423349941102 44.994175952498026, 38.92766163214891 45.006646549458154, 38.9446491079065 45.01078196962335, 38.958208450926215 45.00244829471641, 38.95478031818832 44.989976783914535, 38.93779284243074 44.98583986186137, 38.92423349941102 44.994175952498026))", "population": 800.0, "Pedestrian traffic": 1800.0, "car traffic": 350.0 }, "geometry": { "type": "Point", "coordinates": [ 4334253.985020657069981, 5621435.215220197103918 ] } },
{ "type": "Feature", "properties": { "ID": 1128, "Address": "Шоссейная улица, 71/1", "square": 100, "rent_price": 80000, "lat": 44.997222, "long": 38.936632, "index_right": 9.0, "id": 10.0, "geometry_y": "POLYGON ((38.92423349941102 44.994175952498026, 38.92766163214891 45.006646549458154, 38.9446491079065 45.01078196962335, 38.958208450926215 45.00244829471641, 38.95478031818832 44.989976783914535, 38.93779284243074 44.98583986186137, 38.92423349941102 44.994175952498026))", "population": 800.0, "Pedestrian traffic": 1800.0, "car traffic": 350.0 }, "geometry": { "type": "Point", "coordinates": [ 4334406.047445081174374, 5621084.157549361698329 ] } },
{ "type": "Feature", "properties": { "ID": 1129, "Address": "Сквозная улица, 25", "square": 91, "rent_price": 42000, "lat": 44.98476, "long": 38.946558, "index_right": 8.0, "id": 9.0, "geometry_y": "POLYGON ((38.934364709692844 44.97336473652846, 38.937792842430724 44.98583986186137, 38.95478031818832 44.98997678391455, 38.968339661208034 44.98164008252254, 38.96491152847015 44.96916404334818, 38.947924052712565 44.96502561940748, 38.934364709692844 44.97336473652846))", "population": null, "Pedestrian traffic": null, "car traffic": null }, "geometry": { "type": "Point", "coordinates": [ 4335511.004710695706308, 5619122.579097486101091 ] } },
{ "type": "Feature", "properties": { "ID": 1130, "Address": "Луговая улица, 1", "square": 85, "rent_price": 40000, "lat": 44.980443, "long": 38.930218, "index_right": 1.0, "id": 2.0, "geometry_y": "POLYGON ((38.90381789091554 44.977565122039785, 38.90724602365342 44.99003933353115, 38.92423349941102 44.994175952498026, 38.93779284243074 44.98583986186137, 38.934364709692844 44.97336473652846, 38.91737723393525 44.96922661567391, 38.90381789091554 44.977565122039785))", "population": null, "Pedestrian traffic": null, "car traffic": null }, "geometry": { "type": "Point", "coordinates": [ 4333692.044231133535504, 5618443.162081493996084 ] } },
{ "type": "Feature", "properties": { "ID": 1131, "Address": "улица Тургеневское Шоссе, 2В", "square": 106, "rent_price": 63600, "lat": 44.984562, "long": 38.922672, "index_right": 1.0, "id": 2.0, "geometry_y": "POLYGON ((38.90381789091554 44.977565122039785, 38.90724602365342 44.99003933353115, 38.92423349941102 44.994175952498026, 38.93779284243074 44.98583986186137, 38.934364709692844 44.97336473652846, 38.91737723393525 44.96922661567391, 38.90381789091554 44.977565122039785))", "population": null, "Pedestrian traffic": null, "car traffic": null }, "geometry": { "type": "Point", "coordinates": [ 4332852.02735360711813, 5619091.416391465812922 ] } },
{ "type": "Feature", "properties": { "ID": 1132, "Address": "улица Тургеневское Шоссе, 2/2", "square": 90, "rent_price": 58500, "lat": 45.026584, "long": 38.945318, "index_right": 19.0, "id": 20.0, "geometry_y": "POLYGON ((38.93451789762468 45.031579600474664, 38.93794603036256 45.04404205453261, 38.954933506120156 45.048174774009524, 38.96849284913987 45.03984654131497, 38.96506471640198 45.02738317341601, 38.94807724064439 45.023248952052285, 38.93451789762468 45.031579600474664))", "population": 12000.0, "Pedestrian traffic": 35000.0, "car traffic": 35000.0 }, "geometry": { "type": "Point", "coordinates": [ 4335372.968542111106217, 5625707.564264332875609 ] } },
{ "type": "Feature", "properties": { "ID": 1133, "Address": "улица Тургеневское Шоссе, 2/2", "square": 106, "rent_price": 68900, "lat": 45.026877, "long": 38.945498, "index_right": 19.0, "id": 20.0, "geometry_y": "POLYGON ((38.93451789762468 45.031579600474664, 38.93794603036256 45.04404205453261, 38.954933506120156 45.048174774009524, 38.96849284913987 45.03984654131497, 38.96506471640198 45.02738317341601, 38.94807724064439 45.023248952052285, 38.93451789762468 45.031579600474664))", "population": 12000.0, "Pedestrian traffic": 35000.0, "car traffic": 35000.0 }, "geometry": { "type": "Point", "coordinates": [ 4335393.006050454452634, 5625753.712652559392154 ] } },
{ "type": "Feature", "properties": { "ID": 1134, "Address": "Сквозная улица, 25", "square": 91, "rent_price": 42000, "lat": 45.024246, "long": 38.938195, "index_right": 10.0, "id": 11.0, "geometry_y": "POLYGON ((38.91410228912919 45.01497961360971, 38.917530421867085 45.02744568219711, 38.93451789762467 45.031579600474664, 38.94807724064439 45.023248952052285, 38.9446491079065 45.01078196962335, 38.92766163214891 45.006646549458154, 38.91410228912919 45.01497961360971))", "population": null, "Pedestrian traffic": null, "car traffic": null }, "geometry": { "type": "Point", "coordinates": [ 4334580.039809190668166, 5625339.330639003776014 ] } },
{ "type": "Feature", "properties": { "ID": 1135, "Address": "Нефтеперегонная улица, 30", "square": 25, "rent_price": 22000, "lat": 44.990134, "long": 38.965153, "index_right": 17.0, "id": 18.0, "geometry_y": "POLYGON ((38.95478031818832 44.989976783914535, 38.958208450926215 45.00244829471641, 38.97519592668381 45.00658401796791, 38.98875526970352 44.99824973230555, 38.98532713696564 44.98577730766198, 38.96833966120804 44.98164008252253, 38.95478031818832 44.989976783914535))", "population": 50.0, "Pedestrian traffic": 2400.0, "car traffic": 9500.0 }, "geometry": { "type": "Point", "coordinates": [ 4337580.990641996264458, 5619968.420116171240807 ] } },
{ "type": "Feature", "properties": { "ID": 1136, "Address": "Восточная улица, 39/1", "square": 140, "rent_price": 140000, "lat": 44.987966, "long": 38.963365, "index_right": 17.0, "id": 18.0, "geometry_y": "POLYGON ((38.95478031818832 44.989976783914535, 38.958208450926215 45.00244829471641, 38.97519592668381 45.00658401796791, 38.98875526970352 44.99824973230555, 38.98532713696564 44.98577730766198, 38.96833966120804 44.98164008252253, 38.95478031818832 44.989976783914535))", "population": 50.0, "Pedestrian traffic": 2400.0, "car traffic": 9500.0 }, "geometry": { "type": "Point", "coordinates": [ 4337381.951392457820475, 5619627.178096929565072 ] } },
{ "type": "Feature", "properties": { "ID": 1137, "Address": "Товарная улица, 7", "square": 46, "rent_price": 23000, "lat": 45.017729, "long": 38.982104, "index_right": 25.0, "id": 26.0, "geometry_y": "POLYGON ((38.97519592668381 45.00658401796791, 38.9786240594217 45.01905191423846, 38.99561153517929 45.0231864386884, 39.009170878199 45.01485456875558, 39.00574274546111 45.00238575864337, 38.98875526970352 44.99824973230555, 38.97519592668381 45.00658401796791))", "population": 7500.0, "Pedestrian traffic": 20000.0, "car traffic": 20000.0 }, "geometry": { "type": "Point", "coordinates": [ 4339467.967330432496965, 5624312.986346872523427 ] } },
{ "type": "Feature", "properties": { "ID": 1138, "Address": "улица Вишняковой, 1/12", "square": 188, "rent_price": 65800, "lat": 45.00956, "long": 38.991429, "index_right": 25.0, "id": 26.0, "geometry_y": "POLYGON ((38.97519592668381 45.00658401796791, 38.9786240594217 45.01905191423846, 38.99561153517929 45.0231864386884, 39.009170878199 45.01485456875558, 39.00574274546111 45.00238575864337, 38.98875526970352 44.99824973230555, 38.97519592668381 45.00658401796791))", "population": 7500.0, "Pedestrian traffic": 20000.0, "car traffic": 20000.0 }, "geometry": { "type": "Point", "coordinates": [ 4340506.021582080051303, 5623026.638114022091031 ] } },
{ "type": "Feature", "properties": { "ID": 1139, "Address": "улица Вишняковой, 2А", "square": 137, "rent_price": 100000, "lat": 45.013096, "long": 38.996352, "index_right": 25.0, "id": 26.0, "geometry_y": "POLYGON ((38.97519592668381 45.00658401796791, 38.9786240594217 45.01905191423846, 38.99561153517929 45.0231864386884, 39.009170878199 45.01485456875558, 39.00574274546111 45.00238575864337, 38.98875526970352 44.99824973230555, 38.97519592668381 45.00658401796791))", "population": 7500.0, "Pedestrian traffic": 20000.0, "car traffic": 20000.0 }, "geometry": { "type": "Point", "coordinates": [ 4341054.047435255721211, 5623583.419037761166692 ] } },
{ "type": "Feature", "properties": { "ID": 1140, "Address": "Новороссийская улица, 2А", "square": 36, "rent_price": 40000, "lat": 45.022666, "long": 39.000601, "index_right": 34.0, "id": 35.0, "geometry_y": "POLYGON ((38.99561153517929 45.02318643868839, 38.999039667917174 45.03565072042854, 39.01602714367477 45.039784046077436, 39.02958648669448 45.031454591873235, 39.026158353956596 45.018989396291765, 39.009170878199 45.014854568755574, 38.99561153517929 45.02318643868839))", "population": 25000.0, "Pedestrian traffic": 50000.0, "car traffic": 47000.0 }, "geometry": { "type": "Point", "coordinates": [ 4341527.043951636180282, 5625090.490083537064493 ] } },
{ "type": "Feature", "properties": { "ID": 1141, "Address": "Озёрная улица, 17", "square": 52, "rent_price": 50000, "lat": 45.022354, "long": 39.003269, "index_right": 34.0, "id": 35.0, "geometry_y": "POLYGON ((38.99561153517929 45.02318643868839, 38.999039667917174 45.03565072042854, 39.01602714367477 45.039784046077436, 39.02958648669448 45.031454591873235, 39.026158353956596 45.018989396291765, 39.009170878199 45.014854568755574, 38.99561153517929 45.02318643868839))", "population": 25000.0, "Pedestrian traffic": 50000.0, "car traffic": 47000.0 }, "geometry": { "type": "Point", "coordinates": [ 4341824.044353072531521, 5625041.352760492824018 ] } },
{ "type": "Feature", "properties": { "ID": 1142, "Address": "Озёрная улица, 25", "square": 120, "rent_price": 100000, "lat": 45.022297, "long": 39.005784, "index_right": 34.0, "id": 35.0, "geometry_y": "POLYGON ((38.99561153517929 45.02318643868839, 38.999039667917174 45.03565072042854, 39.01602714367477 45.039784046077436, 39.02958648669448 45.031454591873235, 39.026158353956596 45.018989396291765, 39.009170878199 45.014854568755574, 38.99561153517929 45.02318643868839))", "population": 25000.0, "Pedestrian traffic": 50000.0, "car traffic": 47000.0 }, "geometry": { "type": "Point", "coordinates": [ 4342104.012872417457402, 5625032.375778482295573 ] } },
{ "type": "Feature", "properties": { "ID": 1143, "Address": "Озёрная улица, 15/3", "square": 80, "rent_price": 75000, "lat": 45.023647, "long": 39.005254, "index_right": 34.0, "id": 35.0, "geometry_y": "POLYGON ((38.99561153517929 45.02318643868839, 38.999039667917174 45.03565072042854, 39.01602714367477 45.039784046077436, 39.02958648669448 45.031454591873235, 39.026158353956596 45.018989396291765, 39.009170878199 45.014854568755574, 38.99561153517929 45.02318643868839))", "population": 25000.0, "Pedestrian traffic": 50000.0, "car traffic": 47000.0 }, "geometry": { "type": "Point", "coordinates": [ 4342045.013542297296226, 5625244.990911273285747 ] } },
{ "type": "Feature", "properties": { "ID": 1144, "Address": "Ставропольская улица, 105", "square": 73, "rent_price": 155000, "lat": 45.02166, "long": 39.016582, "index_right": 34.0, "id": 35.0, "geometry_y": "POLYGON ((38.99561153517929 45.02318643868839, 38.999039667917174 45.03565072042854, 39.01602714367477 45.039784046077436, 39.02958648669448 45.031454591873235, 39.026158353956596 45.018989396291765, 39.009170878199 45.014854568755574, 38.99561153517929 45.02318643868839))", "population": 25000.0, "Pedestrian traffic": 50000.0, "car traffic": 47000.0 }, "geometry": { "type": "Point", "coordinates": [ 4343306.040734003297985, 5624932.054675281047821 ] } },
{ "type": "Feature", "properties": { "ID": 1145, "Address": "Ставропольская улица, 204", "square": 85, "rent_price": 85000, "lat": 45.02101, "long": 39.015234, "index_right": 34.0, "id": 35.0, "geometry_y": "POLYGON ((38.99561153517929 45.02318643868839, 38.999039667917174 45.03565072042854, 39.01602714367477 45.039784046077436, 39.02958648669448 45.031454591873235, 39.026158353956596 45.018989396291765, 39.009170878199 45.014854568755574, 38.99561153517929 45.02318643868839))", "population": 25000.0, "Pedestrian traffic": 50000.0, "car traffic": 47000.0 }, "geometry": { "type": "Point", "coordinates": [ 4343155.982060413807631, 5624829.687353209592402 ] } },
{ "type": "Feature", "properties": { "ID": 1146, "Address": "Ставропольская улица, 210", "square": 80, "rent_price": 64000, "lat": 45.021048, "long": 39.016447, "index_right": 34.0, "id": 35.0, "geometry_y": "POLYGON ((38.99561153517929 45.02318643868839, 38.999039667917174 45.03565072042854, 39.01602714367477 45.039784046077436, 39.02958648669448 45.031454591873235, 39.026158353956596 45.018989396291765, 39.009170878199 45.014854568755574, 38.99561153517929 45.02318643868839))", "population": 25000.0, "Pedestrian traffic": 50000.0, "car traffic": 47000.0 }, "geometry": { "type": "Point", "coordinates": [ 4343291.012602746486664, 5624835.671872361563146 ] } },
{ "type": "Feature", "properties": { "ID": 1147, "Address": "Ставропольская улица, 212/1", "square": 50, "rent_price": 100000, "lat": 45.021086, "long": 39.016842, "index_right": 34.0, "id": 35.0, "geometry_y": "POLYGON ((38.99561153517929 45.02318643868839, 38.999039667917174 45.03565072042854, 39.01602714367477 45.039784046077436, 39.02958648669448 45.031454591873235, 39.026158353956596 45.018989396291765, 39.009170878199 45.014854568755574, 38.99561153517929 45.02318643868839))", "population": 25000.0, "Pedestrian traffic": 50000.0, "car traffic": 47000.0 }, "geometry": { "type": "Point", "coordinates": [ 4343334.983801608905196, 5624841.656395482830703 ] } },
{ "type": "Feature", "properties": { "ID": 1148, "Address": "Ставропольская улица, 212/5", "square": 80, "rent_price": 64000, "lat": 45.021137, "long": 39.017929, "index_right": 34.0, "id": 35.0, "geometry_y": "POLYGON ((38.99561153517929 45.02318643868839, 38.999039667917174 45.03565072042854, 39.01602714367477 45.039784046077436, 39.02958648669448 45.031454591873235, 39.026158353956596 45.018989396291765, 39.009170878199 45.014854568755574, 38.99561153517929 45.02318643868839))", "population": 25000.0, "Pedestrian traffic": 50000.0, "car traffic": 47000.0 }, "geometry": { "type": "Point", "coordinates": [ 4343455.988088102079928, 5624849.688261709176004 ] } },
{ "type": "Feature", "properties": { "ID": 1149, "Address": "улица Шевченко, 61", "square": 75, "rent_price": 20000, "lat": 45.016639, "long": 39.010231, "index_right": 34.0, "id": 35.0, "geometry_y": "POLYGON ((38.99561153517929 45.02318643868839, 38.999039667917174 45.03565072042854, 39.01602714367477 45.039784046077436, 39.02958648669448 45.031454591873235, 39.026158353956596 45.018989396291765, 39.009170878199 45.014854568755574, 38.99561153517929 45.02318643868839))", "population": 25000.0, "Pedestrian traffic": 50000.0, "car traffic": 47000.0 }, "geometry": { "type": "Point", "coordinates": [ 4342599.050647974945605, 5624141.336666759103537 ] } },
{ "type": "Feature", "properties": { "ID": 1150, "Address": "Воронежская улица, 24", "square": 198, "rent_price": 158400, "lat": 45.008993, "long": 39.014129, "index_right": 33.0, "id": 34.0, "geometry_y": "POLYGON ((39.00574274546111 45.00238575864337, 39.009170878199 45.01485456875558, 39.026158353956596 45.01898939629177, 39.039717696976304 45.01065691560364, 39.03628956423842 44.998187191649734, 39.01930208848083 44.9940508622256, 39.00574274546111 45.00238575864337))", "population": 16000.0, "Pedestrian traffic": 13000.0, "car traffic": 6500.0 }, "geometry": { "type": "Point", "coordinates": [ 4343032.974023086950183, 5622937.361112844198942 ] } },
{ "type": "Feature", "properties": { "ID": 1151, "Address": "улица Болотникова, 24/2", "square": 81, "rent_price": 81000, "lat": 45.008101, "long": 39.018738, "index_right": 33.0, "id": 34.0, "geometry_y": "POLYGON ((39.00574274546111 45.00238575864337, 39.009170878199 45.01485456875558, 39.026158353956596 45.01898939629177, 39.039717696976304 45.01065691560364, 39.03628956423842 44.998187191649734, 39.01930208848083 44.9940508622256, 39.00574274546111 45.00238575864337))", "population": 16000.0, "Pedestrian traffic": 13000.0, "car traffic": 6500.0 }, "geometry": { "type": "Point", "coordinates": [ 4343546.045556153170764, 5622796.913016168400645 ] } },
{ "type": "Feature", "properties": { "ID": 1152, "Address": "Обрывная улица, 133/2", "square": 90, "rent_price": 45000, "lat": 44.995526, "long": 39.024873, "index_right": 33.0, "id": 34.0, "geometry_y": "POLYGON ((39.00574274546111 45.00238575864337, 39.009170878199 45.01485456875558, 39.026158353956596 45.01898939629177, 39.039717696976304 45.01065691560364, 39.03628956423842 44.998187191649734, 39.01930208848083 44.9940508622256, 39.00574274546111 45.00238575864337))", "population": 16000.0, "Pedestrian traffic": 13000.0, "car traffic": 6500.0 }, "geometry": { "type": "Point", "coordinates": [ 4344228.990632170811296, 5620817.173955977894366 ] } },
{ "type": "Feature", "properties": { "ID": 1153, "Address": "Ставропольская улица, 226", "square": 115, "rent_price": 280000, "lat": 45.018487, "long": 39.031161, "index_right": 41.0, "id": 42.0, "geometry_y": "POLYGON ((39.026158353956596 45.01898939629177, 39.02958648669448 45.03145459187324, 39.04657396245207 45.03558822060822, 39.06013330547178 45.02725815564902, 39.0567051727339 45.01479204622611, 39.039717696976304 45.01065691560364, 39.026158353956596 45.01898939629177))", "population": 37000.0, "Pedestrian traffic": 49000.0, "car traffic": 36000.0 }, "geometry": { "type": "Point", "coordinates": [ 4344928.967590278014541, 5624432.355665315873921 ] } },
{ "type": "Feature", "properties": { "ID": 1154, "Address": "Ставропольская улица, 151", "square": 102, "rent_price": 163360, "lat": 45.018678, "long": 39.034117, "index_right": 41.0, "id": 42.0, "geometry_y": "POLYGON ((39.026158353956596 45.01898939629177, 39.02958648669448 45.03145459187324, 39.04657396245207 45.03558822060822, 39.06013330547178 45.02725815564902, 39.0567051727339 45.01479204622611, 39.039717696976304 45.01065691560364, 39.026158353956596 45.01898939629177))", "population": 37000.0, "Pedestrian traffic": 49000.0, "car traffic": 36000.0 }, "geometry": { "type": "Point", "coordinates": [ 4345258.028005063533783, 5624462.434463151730597 ] } },
{ "type": "Feature", "properties": { "ID": 1155, "Address": "улица Володарского, 91", "square": 70, "rent_price": 50000, "lat": 45.038419, "long": 39.006449, "index_right": 35.0, "id": 36.0, "geometry_y": "POLYGON ((38.985480324897466 45.043979563877855, 38.988908457635354 45.05643931724932, 39.00589593339294 45.06057114101235, 39.019455276412664 45.05224471328934, 39.01602714367477 45.039784046077436, 38.99903966791718 45.03565072042854, 38.985480324897466 45.043979563877855))", "population": 25000.0, "Pedestrian traffic": 52000.0, "car traffic": 41000.0 }, "geometry": { "type": "Point", "coordinates": [ 4342178.040333795361221, 5627571.800608080811799 ] } },
{ "type": "Feature", "properties": { "ID": 1156, "Address": "Передовая улица, 36", "square": 50, "rent_price": 50000, "lat": 45.034069, "long": 39.012611, "index_right": 34.0, "id": 35.0, "geometry_y": "POLYGON ((38.99561153517929 45.02318643868839, 38.999039667917174 45.03565072042854, 39.01602714367477 45.039784046077436, 39.02958648669448 45.031454591873235, 39.026158353956596 45.018989396291765, 39.009170878199 45.014854568755574, 38.99561153517929 45.02318643868839))", "population": 25000.0, "Pedestrian traffic": 50000.0, "car traffic": 47000.0 }, "geometry": { "type": "Point", "coordinates": [ 4342863.991036063060164, 5626886.548524396494031 ] } },
{ "type": "Feature", "properties": { "ID": 1157, "Address": "Новороссийская улица, 3/6", "square": 105, "rent_price": 80000, "lat": 45.031177, "long": 39.020768, "index_right": 34.0, "id": 35.0, "geometry_y": "POLYGON ((38.99561153517929 45.02318643868839, 38.999039667917174 45.03565072042854, 39.01602714367477 45.039784046077436, 39.02958648669448 45.031454591873235, 39.026158353956596 45.018989396291765, 39.009170878199 45.014854568755574, 38.99561153517929 45.02318643868839))", "population": 25000.0, "Pedestrian traffic": 50000.0, "car traffic": 47000.0 }, "geometry": { "type": "Point", "coordinates": [ 4343772.024122463539243, 5626431.002861119806767 ] } },
{ "type": "Feature", "properties": { "ID": 1158, "Address": "Новороссийская улица, 3/4", "square": 140, "rent_price": 126000, "lat": 45.031515, "long": 39.021621, "index_right": 34.0, "id": 35.0, "geometry_y": "POLYGON ((38.99561153517929 45.02318643868839, 38.999039667917174 45.03565072042854, 39.01602714367477 45.039784046077436, 39.02958648669448 45.031454591873235, 39.026158353956596 45.018989396291765, 39.009170878199 45.014854568755574, 38.99561153517929 45.02318643868839))", "population": 25000.0, "Pedestrian traffic": 50000.0, "car traffic": 47000.0 }, "geometry": { "type": "Point", "coordinates": [ 4343866.979648111388087, 5626484.243178749457002 ] } },
{ "type": "Feature", "properties": { "ID": 1159, "Address": "Новороссийская улица, 172", "square": 106, "rent_price": 92900, "lat": 45.031559, "long": 39.023427, "index_right": 34.0, "id": 35.0, "geometry_y": "POLYGON ((38.99561153517929 45.02318643868839, 38.999039667917174 45.03565072042854, 39.01602714367477 45.039784046077436, 39.02958648669448 45.031454591873235, 39.026158353956596 45.018989396291765, 39.009170878199 45.014854568755574, 38.99561153517929 45.02318643868839))", "population": 25000.0, "Pedestrian traffic": 50000.0, "car traffic": 47000.0 }, "geometry": { "type": "Point", "coordinates": [ 4344068.022648482583463, 5626491.173894113861024 ] } },
{ "type": "Feature", "properties": { "ID": 1160, "Address": "улица Шишкина, 13", "square": 50, "rent_price": 33500, "lat": 45.029757, "long": 39.02349, "index_right": 34.0, "id": 35.0, "geometry_y": "POLYGON ((38.99561153517929 45.02318643868839, 38.999039667917174 45.03565072042854, 39.01602714367477 45.039784046077436, 39.02958648669448 45.031454591873235, 39.026158353956596 45.018989396291765, 39.009170878199 45.014854568755574, 38.99561153517929 45.02318643868839))", "population": 25000.0, "Pedestrian traffic": 50000.0, "car traffic": 47000.0 }, "geometry": { "type": "Point", "coordinates": [ 4344075.035776403732598, 5626207.333955901674926 ] } },
{ "type": "Feature", "properties": { "ID": 1161, "Address": "Новороссийская улица, 7Б", "square": 100, "rent_price": 70000, "lat": 45.033088, "long": 39.025331, "index_right": 34.0, "id": 35.0, "geometry_y": "POLYGON ((38.99561153517929 45.02318643868839, 38.999039667917174 45.03565072042854, 39.01602714367477 45.039784046077436, 39.02958648669448 45.031454591873235, 39.026158353956596 45.018989396291765, 39.009170878199 45.014854568755574, 38.99561153517929 45.02318643868839))", "population": 25000.0, "Pedestrian traffic": 50000.0, "car traffic": 47000.0 }, "geometry": { "type": "Point", "coordinates": [ 4344279.97495895344764, 5626732.019562830217183 ] } },
{ "type": "Feature", "properties": { "ID": 1162, "Address": "Новороссийская улица, 7Б", "square": 220, "rent_price": 220000, "lat": 45.033088, "long": 39.025331, "index_right": 34.0, "id": 35.0, "geometry_y": "POLYGON ((38.99561153517929 45.02318643868839, 38.999039667917174 45.03565072042854, 39.01602714367477 45.039784046077436, 39.02958648669448 45.031454591873235, 39.026158353956596 45.018989396291765, 39.009170878199 45.014854568755574, 38.99561153517929 45.02318643868839))", "population": 25000.0, "Pedestrian traffic": 50000.0, "car traffic": 47000.0 }, "geometry": { "type": "Point", "coordinates": [ 4344279.97495895344764, 5626732.019562830217183 ] } },
{ "type": "Feature", "properties": { "ID": 1163, "Address": "Уральская улица, 6", "square": 175, "rent_price": 262500, "lat": 45.030292, "long": 39.028969, "index_right": 34.0, "id": 35.0, "geometry_y": "POLYGON ((38.99561153517929 45.02318643868839, 38.999039667917174 45.03565072042854, 39.01602714367477 45.039784046077436, 39.02958648669448 45.031454591873235, 39.026158353956596 45.018989396291765, 39.009170878199 45.014854568755574, 38.99561153517929 45.02318643868839))", "population": 25000.0, "Pedestrian traffic": 50000.0, "car traffic": 47000.0 }, "geometry": { "type": "Point", "coordinates": [ 4344684.955266458913684, 5626291.602927131578326 ] } },
{ "type": "Feature", "properties": { "ID": 1164, "Address": "Уральская улица, 68", "square": 120, "rent_price": 150000, "lat": 45.031069, "long": 39.03594, "index_right": 41.0, "id": 42.0, "geometry_y": "POLYGON ((39.026158353956596 45.01898939629177, 39.02958648669448 45.03145459187324, 39.04657396245207 45.03558822060822, 39.06013330547178 45.02725815564902, 39.0567051727339 45.01479204622611, 39.039717696976304 45.01065691560364, 39.026158353956596 45.01898939629177))", "population": 37000.0, "Pedestrian traffic": 49000.0, "car traffic": 36000.0 }, "geometry": { "type": "Point", "coordinates": [ 4345460.963436779566109, 5626413.991228277795017 ] } },
{ "type": "Feature", "properties": { "ID": 1165, "Address": "Новороссийская улица, 214", "square": 100, "rent_price": 130000, "lat": 45.03598, "long": 39.042965, "index_right": 42.0, "id": 43.0, "geometry_y": "POLYGON ((39.01602714367477 45.039784046077436, 39.01945527641265 45.05224471328934, 39.036442752170245 45.056376840138114, 39.05000209518996 45.04804980166078, 39.04657396245207 45.03558822060822, 39.02958648669448 45.031454591873235, 39.01602714367477 45.039784046077436))", "population": 25000.0, "Pedestrian traffic": 41000.0, "car traffic": 42000.0 }, "geometry": { "type": "Point", "coordinates": [ 4346242.982859602198005, 5627187.580438104458153 ] } },
{ "type": "Feature", "properties": { "ID": 1166, "Address": "Новороссийская улица, 220/Р2", "square": 226, "rent_price": 45000, "lat": 45.036228, "long": 39.046172, "index_right": 42.0, "id": 43.0, "geometry_y": "POLYGON ((39.01602714367477 45.039784046077436, 39.01945527641265 45.05224471328934, 39.036442752170245 45.056376840138114, 39.05000209518996 45.04804980166078, 39.04657396245207 45.03558822060822, 39.02958648669448 45.031454591873235, 39.01602714367477 45.039784046077436))", "population": 25000.0, "Pedestrian traffic": 41000.0, "car traffic": 42000.0 }, "geometry": { "type": "Point", "coordinates": [ 4346599.984466576017439, 5627226.647587726823986 ] } },
{ "type": "Feature", "properties": { "ID": 1167, "Address": "Новороссийская улица, 226", "square": 47, "rent_price": 30000, "lat": 45.036426, "long": 39.048732, "index_right": 50.0, "id": 51.0, "geometry_y": "POLYGON ((39.04657396245207 45.03558822060822, 39.05000209518996 45.04804980166078, 39.066989570947555 45.05218223159536, 39.08054891396727 45.04385458236354, 39.077120781229375 45.03139208747013, 39.06013330547178 45.027258155649015, 39.04657396245207 45.03558822060822))", "population": 9000.0, "Pedestrian traffic": 22000.0, "car traffic": 24000.0 }, "geometry": { "type": "Point", "coordinates": [ 4346884.962363006547093, 5627257.838417443446815 ] } },
{ "type": "Feature", "properties": { "ID": 1168, "Address": "Новороссийская улица, 232", "square": 50, "rent_price": 23000, "lat": 45.036974, "long": 39.050197, "index_right": 50.0, "id": 51.0, "geometry_y": "POLYGON ((39.04657396245207 45.03558822060822, 39.05000209518996 45.04804980166078, 39.066989570947555 45.05218223159536, 39.08054891396727 45.04385458236354, 39.077120781229375 45.03139208747013, 39.06013330547178 45.027258155649015, 39.04657396245207 45.03558822060822))", "population": 9000.0, "Pedestrian traffic": 22000.0, "car traffic": 24000.0 }, "geometry": { "type": "Point", "coordinates": [ 4347048.045417019166052, 5627344.165114927105606 ] } },
{ "type": "Feature", "properties": { "ID": 1169, "Address": "Уральская улица, 79/1к2", "square": 55, "rent_price": 165000, "lat": 45.035853, "long": 39.050807, "index_right": 50.0, "id": 51.0, "geometry_y": "POLYGON ((39.04657396245207 45.03558822060822, 39.05000209518996 45.04804980166078, 39.066989570947555 45.05218223159536, 39.08054891396727 45.04385458236354, 39.077120781229375 45.03139208747013, 39.06013330547178 45.027258155649015, 39.04657396245207 45.03558822060822))", "population": 9000.0, "Pedestrian traffic": 22000.0, "car traffic": 24000.0 }, "geometry": { "type": "Point", "coordinates": [ 4347115.950306402519345, 5627167.574342358857393 ] } },
{ "type": "Feature", "properties": { "ID": 1170, "Address": "Уральская улица, 79/1к2", "square": 55, "rent_price": 165000, "lat": 45.035853, "long": 39.050807, "index_right": 50.0, "id": 51.0, "geometry_y": "POLYGON ((39.04657396245207 45.03558822060822, 39.05000209518996 45.04804980166078, 39.066989570947555 45.05218223159536, 39.08054891396727 45.04385458236354, 39.077120781229375 45.03139208747013, 39.06013330547178 45.027258155649015, 39.04657396245207 45.03558822060822))", "population": 9000.0, "Pedestrian traffic": 22000.0, "car traffic": 24000.0 }, "geometry": { "type": "Point", "coordinates": [ 4347115.950306402519345, 5627167.574342358857393 ] } },
{ "type": "Feature", "properties": { "ID": 1171, "Address": "Уральская улица, 79/2", "square": 107, "rent_price": 214000, "lat": 45.034483, "long": 39.052631, "index_right": 50.0, "id": 51.0, "geometry_y": "POLYGON ((39.04657396245207 45.03558822060822, 39.05000209518996 45.04804980166078, 39.066989570947555 45.05218223159536, 39.08054891396727 45.04385458236354, 39.077120781229375 45.03139208747013, 39.06013330547178 45.027258155649015, 39.04657396245207 45.03558822060822))", "population": 9000.0, "Pedestrian traffic": 22000.0, "car traffic": 24000.0 }, "geometry": { "type": "Point", "coordinates": [ 4347318.997057609260082, 5626951.76337640825659 ] } },
{ "type": "Feature", "properties": { "ID": 1172, "Address": "Уральская улица, 106", "square": 121, "rent_price": 135000, "lat": 45.032916, "long": 39.054086, "index_right": 50.0, "id": 51.0, "geometry_y": "POLYGON ((39.04657396245207 45.03558822060822, 39.05000209518996 45.04804980166078, 39.066989570947555 45.05218223159536, 39.08054891396727 45.04385458236354, 39.077120781229375 45.03139208747013, 39.06013330547178 45.027258155649015, 39.04657396245207 45.03558822060822))", "population": 9000.0, "Pedestrian traffic": 22000.0, "car traffic": 24000.0 }, "geometry": { "type": "Point", "coordinates": [ 4347480.966916713863611, 5626704.926072875037789 ] } },
{ "type": "Feature", "properties": { "ID": 1173, "Address": "Уральская улица, 102", "square": 100, "rent_price": 145000, "lat": 45.032636, "long": 39.051787, "index_right": 50.0, "id": 51.0, "geometry_y": "POLYGON ((39.04657396245207 45.03558822060822, 39.05000209518996 45.04804980166078, 39.066989570947555 45.05218223159536, 39.08054891396727 45.04385458236354, 39.077120781229375 45.03139208747013, 39.06013330547178 45.027258155649015, 39.04657396245207 45.03558822060822))", "population": 9000.0, "Pedestrian traffic": 22000.0, "car traffic": 24000.0 }, "geometry": { "type": "Point", "coordinates": [ 4347225.043407380580902, 5626660.820565725676715 ] } },
{ "type": "Feature", "properties": { "ID": 1174, "Address": "Уральская улица, 100/6", "square": 149, "rent_price": 223500, "lat": 45.031661, "long": 39.050628, "index_right": 41.0, "id": 42.0, "geometry_y": "POLYGON ((39.026158353956596 45.01898939629177, 39.02958648669448 45.03145459187324, 39.04657396245207 45.03558822060822, 39.06013330547178 45.02725815564902, 39.0567051727339 45.01479204622611, 39.039717696976304 45.01065691560364, 39.026158353956596 45.01898939629177))", "population": 37000.0, "Pedestrian traffic": 49000.0, "car traffic": 36000.0 }, "geometry": { "type": "Point", "coordinates": [ 4347096.024117551743984, 5626507.240572953596711 ] } },
{ "type": "Feature", "properties": { "ID": 1175, "Address": "Уральская улица, 98/11", "square": 147, "rent_price": 132300, "lat": 45.02982, "long": 39.046235, "index_right": 41.0, "id": 42.0, "geometry_y": "POLYGON ((39.026158353956596 45.01898939629177, 39.02958648669448 45.03145459187324, 39.04657396245207 45.03558822060822, 39.06013330547178 45.02725815564902, 39.0567051727339 45.01479204622611, 39.039717696976304 45.01065691560364, 39.026158353956596 45.01898939629177))", "population": 37000.0, "Pedestrian traffic": 49000.0, "car traffic": 36000.0 }, "geometry": { "type": "Point", "coordinates": [ 4346606.997594497166574, 5626217.257177018560469 ] } },
{ "type": "Feature", "properties": { "ID": 1176, "Address": "Уральская улица, 98/11", "square": 53, "rent_price": 95400, "lat": 45.02982, "long": 39.046235, "index_right": 41.0, "id": 42.0, "geometry_y": "POLYGON ((39.026158353956596 45.01898939629177, 39.02958648669448 45.03145459187324, 39.04657396245207 45.03558822060822, 39.06013330547178 45.02725815564902, 39.0567051727339 45.01479204622611, 39.039717696976304 45.01065691560364, 39.026158353956596 45.01898939629177))", "population": 37000.0, "Pedestrian traffic": 49000.0, "car traffic": 36000.0 }, "geometry": { "type": "Point", "coordinates": [ 4346606.997594497166574, 5626217.257177018560469 ] } },
{ "type": "Feature", "properties": { "ID": 1177, "Address": "улица Стасова, 182/1", "square": 60, "rent_price": 112680, "lat": 45.02654, "long": 39.046298, "index_right": 41.0, "id": 42.0, "geometry_y": "POLYGON ((39.026158353956596 45.01898939629177, 39.02958648669448 45.03145459187324, 39.04657396245207 45.03558822060822, 39.06013330547178 45.02725815564902, 39.0567051727339 45.01479204622611, 39.039717696976304 45.01065691560364, 39.026158353956596 45.01898939629177))", "population": 37000.0, "Pedestrian traffic": 49000.0, "car traffic": 36000.0 }, "geometry": { "type": "Point", "coordinates": [ 4346614.010722416453063, 5625700.634151346981525 ] } },
{ "type": "Feature", "properties": { "ID": 1178, "Address": "улица Селезнёва, 191/1", "square": 121, "rent_price": 181500, "lat": 45.022552, "long": 39.046675, "index_right": 41.0, "id": 42.0, "geometry_y": "POLYGON ((39.026158353956596 45.01898939629177, 39.02958648669448 45.03145459187324, 39.04657396245207 45.03558822060822, 39.06013330547178 45.02725815564902, 39.0567051727339 45.01479204622611, 39.039717696976304 45.01065691560364, 39.026158353956596 45.01898939629177))", "population": 37000.0, "Pedestrian traffic": 49000.0, "car traffic": 36000.0 }, "geometry": { "type": "Point", "coordinates": [ 4346655.97817044518888, 5625072.536030608229339 ] } },
{ "type": "Feature", "properties": { "ID": 1179, "Address": "улица Селезнёва, 150", "square": 37, "rent_price": 50000, "lat": 45.022068, "long": 39.04566, "index_right": 41.0, "id": 42.0, "geometry_y": "POLYGON ((39.026158353956596 45.01898939629177, 39.02958648669448 45.03145459187324, 39.04657396245207 45.03558822060822, 39.06013330547178 45.02725815564902, 39.0567051727339 45.01479204622611, 39.039717696976304 45.01065691560364, 39.026158353956596 45.01898939629177))", "population": 37000.0, "Pedestrian traffic": 49000.0, "car traffic": 36000.0 }, "geometry": { "type": "Point", "coordinates": [ 4346542.98888728953898, 5624996.310449607670307 ] } },
{ "type": "Feature", "properties": { "ID": 1180, "Address": "Старокубанская улица, 127А", "square": 150, "rent_price": 220000, "lat": 45.02001, "long": 39.049092, "index_right": 41.0, "id": 42.0, "geometry_y": "POLYGON ((39.026158353956596 45.01898939629177, 39.02958648669448 45.03145459187324, 39.04657396245207 45.03558822060822, 39.06013330547178 45.02725815564902, 39.0567051727339 45.01479204622611, 39.039717696976304 45.01065691560364, 39.026158353956596 45.01898939629177))", "population": 37000.0, "Pedestrian traffic": 49000.0, "car traffic": 36000.0 }, "geometry": { "type": "Point", "coordinates": [ 4346925.037379693239927, 5624672.201434712857008 ] } },
{ "type": "Feature", "properties": { "ID": 1181, "Address": "Сормовская улица, 1/2к3", "square": 150, "rent_price": 270000, "lat": 45.024221, "long": 39.051876, "index_right": 41.0, "id": 42.0, "geometry_y": "POLYGON ((39.026158353956596 45.01898939629177, 39.02958648669448 45.03145459187324, 39.04657396245207 45.03558822060822, 39.06013330547178 45.02725815564902, 39.0567051727339 45.01479204622611, 39.039717696976304 45.01065691560364, 39.026158353956596 45.01898939629177))", "population": 37000.0, "Pedestrian traffic": 49000.0, "car traffic": 36000.0 }, "geometry": { "type": "Point", "coordinates": [ 4347234.950842061080039, 5625335.393234969116747 ] } },
{ "type": "Feature", "properties": { "ID": 1182, "Address": "Сормовская улица, 1/4к1", "square": 92, "rent_price": 137700, "lat": 45.025055, "long": 39.052586, "index_right": 41.0, "id": 42.0, "geometry_y": "POLYGON ((39.026158353956596 45.01898939629177, 39.02958648669448 45.03145459187324, 39.04657396245207 45.03558822060822, 39.06013330547178 45.02725815564902, 39.0567051727339 45.01479204622611, 39.039717696976304 45.01065691560364, 39.026158353956596 45.01898939629177))", "population": 37000.0, "Pedestrian traffic": 49000.0, "car traffic": 36000.0 }, "geometry": { "type": "Point", "coordinates": [ 4347313.987680523656309, 5625466.745961709879339 ] } },
{ "type": "Feature", "properties": { "ID": 1183, "Address": "улица Лизы Чайкиной, 2/3", "square": 247, "rent_price": 100000, "lat": 45.027298, "long": 39.057796, "index_right": 41.0, "id": 42.0, "geometry_y": "POLYGON ((39.026158353956596 45.01898939629177, 39.02958648669448 45.03145459187324, 39.04657396245207 45.03558822060822, 39.06013330547178 45.02725815564902, 39.0567051727339 45.01479204622611, 39.039717696976304 45.01065691560364, 39.026158353956596 45.01898939629177))", "population": 37000.0, "Pedestrian traffic": 49000.0, "car traffic": 36000.0 }, "geometry": { "type": "Point", "coordinates": [ 4347893.962227557785809, 5625820.021842364221811 ] } },
{ "type": "Feature", "properties": { "ID": 1184, "Address": "Трамвайная улица, 4/1", "square": 170, "rent_price": 170000, "lat": 45.013122, "long": 39.058605, "index_right": 40.0, "id": 41.0, "geometry_y": "POLYGON ((39.036289564238416 44.99818719164974, 39.039717696976304 45.01065691560365, 39.0567051727339 45.01479204622611, 39.07026451575361 45.00645895478264, 39.066836383015726 44.99398831698699, 39.04984890725813 44.989851684476555, 39.036289564238416 44.99818719164974))", "population": 10000.0, "Pedestrian traffic": 9000.0, "car traffic": 5000.0 }, "geometry": { "type": "Point", "coordinates": [ 4347984.019695608876646, 5623587.513142455369234 ] } },
{ "type": "Feature", "properties": { "ID": 1185, "Address": "улица Автолюбителей, 13/1", "square": 90, "rent_price": 135000, "lat": 45.00464, "long": 39.067687, "index_right": 40.0, "id": 41.0, "geometry_y": "POLYGON ((39.036289564238416 44.99818719164974, 39.039717696976304 45.01065691560365, 39.0567051727339 45.01479204622611, 39.07026451575361 45.00645895478264, 39.066836383015726 44.99398831698699, 39.04984890725813 44.989851684476555, 39.036289564238416 44.99818719164974))", "population": 10000.0, "Pedestrian traffic": 9000.0, "car traffic": 5000.0 }, "geometry": { "type": "Point", "coordinates": [ 4348995.023310993798077, 5622251.988808585330844 ] } },
{ "type": "Feature", "properties": { "ID": 1186, "Address": "улица Автолюбителей, 15/1", "square": 25, "rent_price": 35000, "lat": 45.00508, "long": 39.067651, "index_right": 40.0, "id": 41.0, "geometry_y": "POLYGON ((39.036289564238416 44.99818719164974, 39.039717696976304 45.01065691560365, 39.0567051727339 45.01479204622611, 39.07026451575361 45.00645895478264, 39.066836383015726 44.99398831698699, 39.04984890725813 44.989851684476555, 39.036289564238416 44.99818719164974))", "population": 10000.0, "Pedestrian traffic": 9000.0, "car traffic": 5000.0 }, "geometry": { "type": "Point", "coordinates": [ 4348991.01580932457, 5622321.263679736293852 ] } },
{ "type": "Feature", "properties": { "ID": 1187, "Address": "Сормовская улица, 12/12", "square": 34, "rent_price": 23800, "lat": 45.022711, "long": 39.063932, "index_right": 49.0, "id": 50.0, "geometry_y": "POLYGON ((39.0567051727339 45.01479204622611, 39.06013330547178 45.02725815564902, 39.077120781229375 45.03139208747013, 39.0906801242491 45.02306141175582, 39.0872519915112 45.0105943884914, 39.07026451575361 45.00645895478263, 39.0567051727339 45.01479204622611))", "population": 28000.0, "Pedestrian traffic": 34000.0, "car traffic": 24000.0 }, "geometry": { "type": "Point", "coordinates": [ 4348577.018623065203428, 5625097.577219533734024 ] } },
{ "type": "Feature", "properties": { "ID": 1188, "Address": "Сормовская улица, 7/6", "square": 35, "rent_price": 70000, "lat": 45.024374, "long": 39.065225, "index_right": 49.0, "id": 50.0, "geometry_y": "POLYGON ((39.0567051727339 45.01479204622611, 39.06013330547178 45.02725815564902, 39.077120781229375 45.03139208747013, 39.0906801242491 45.02306141175582, 39.0872519915112 45.0105943884914, 39.07026451575361 45.00645895478263, 39.0567051727339 45.01479204622611))", "population": 28000.0, "Pedestrian traffic": 34000.0, "car traffic": 24000.0 }, "geometry": { "type": "Point", "coordinates": [ 4348720.954724660143256, 5625359.490174604579806 ] } },
{ "type": "Feature", "properties": { "ID": 1189, "Address": "Краевая улица, 10", "square": 25, "rent_price": 37500, "lat": 45.014906, "long": 39.073661, "index_right": 49.0, "id": 50.0, "geometry_y": "POLYGON ((39.0567051727339 45.01479204622611, 39.06013330547178 45.02725815564902, 39.077120781229375 45.03139208747013, 39.0906801242491 45.02306141175582, 39.0872519915112 45.0105943884914, 39.07026451575361 45.00645895478263, 39.0567051727339 45.01479204622611))", "population": 28000.0, "Pedestrian traffic": 34000.0, "car traffic": 24000.0 }, "geometry": { "type": "Point", "coordinates": [ 4349660.045948992483318, 5623868.436149981804192 ] } },
{ "type": "Feature", "properties": { "ID": 1190, "Address": "Магистральная улица, 1", "square": 36, "rent_price": 30000, "lat": 45.03133, "long": 39.063132, "index_right": 50.0, "id": 51.0, "geometry_y": "POLYGON ((39.04657396245207 45.03558822060822, 39.05000209518996 45.04804980166078, 39.066989570947555 45.05218223159536, 39.08054891396727 45.04385458236354, 39.077120781229375 45.03139208747013, 39.06013330547178 45.027258155649015, 39.04657396245207 45.03558822060822))", "population": 9000.0, "Pedestrian traffic": 22000.0, "car traffic": 24000.0 }, "geometry": { "type": "Point", "coordinates": [ 4348487.963030430488288, 5626455.102729262784123 ] } },
{ "type": "Feature", "properties": { "ID": 1191, "Address": "Уральская улица, 87/1", "square": 48, "rent_price": 79500, "lat": 45.035935, "long": 39.066995, "index_right": 50.0, "id": 51.0, "geometry_y": "POLYGON ((39.04657396245207 45.03558822060822, 39.05000209518996 45.04804980166078, 39.066989570947555 45.05218223159536, 39.08054891396727 45.04385458236354, 39.077120781229375 45.03139208747013, 39.06013330547178 45.027258155649015, 39.04657396245207 45.03558822060822))", "population": 9000.0, "Pedestrian traffic": 22000.0, "car traffic": 24000.0 }, "geometry": { "type": "Point", "coordinates": [ 4348917.990223364904523, 5627180.491658941842616 ] } },
{ "type": "Feature", "properties": { "ID": 1192, "Address": "Новороссийская улица, 240А", "square": 113, "rent_price": 124300, "lat": 45.037604, "long": 39.067732, "index_right": 50.0, "id": 51.0, "geometry_y": "POLYGON ((39.04657396245207 45.03558822060822, 39.05000209518996 45.04804980166078, 39.066989570947555 45.05218223159536, 39.08054891396727 45.04385458236354, 39.077120781229375 45.03139208747013, 39.06013330547178 45.027258155649015, 39.04657396245207 45.03558822060822))", "population": 9000.0, "Pedestrian traffic": 22000.0, "car traffic": 24000.0 }, "geometry": { "type": "Point", "coordinates": [ 4349000.032688079401851, 5627443.410332490690053 ] } },
{ "type": "Feature", "properties": { "ID": 1193, "Address": "улица Дежнёва, 37", "square": 52, "rent_price": 40000, "lat": 45.03954, "long": 39.074227, "index_right": 50.0, "id": 51.0, "geometry_y": "POLYGON ((39.04657396245207 45.03558822060822, 39.05000209518996 45.04804980166078, 39.066989570947555 45.05218223159536, 39.08054891396727 45.04385458236354, 39.077120781229375 45.03139208747013, 39.06013330547178 45.027258155649015, 39.04657396245207 45.03558822060822))", "population": 9000.0, "Pedestrian traffic": 22000.0, "car traffic": 24000.0 }, "geometry": { "type": "Point", "coordinates": [ 4349723.052780781872571, 5627748.399299886077642 ] } },
{ "type": "Feature", "properties": { "ID": 1194, "Address": "Уральская улица, 138", "square": 150, "rent_price": 175000, "lat": 45.036426, "long": 39.078871, "index_right": 57.0, "id": 58.0, "geometry_y": "POLYGON ((39.077120781229375 45.03139208747013, 39.08054891396727 45.043854582363544, 39.09753638972486 45.04798731538402, 39.11109573274457 45.03965905539757, 39.107667600006685 45.027195646663124, 39.0906801242491 45.02306141175582, 39.077120781229375 45.03139208747013))", "population": 29000.0, "Pedestrian traffic": 29000.0, "car traffic": 20000.0 }, "geometry": { "type": "Point", "coordinates": [ 4350240.020496025681496, 5627257.838417443446815 ] } },
{ "type": "Feature", "properties": { "ID": 1195, "Address": "Новороссийская улица, 250/1", "square": 34, "rent_price": 20400, "lat": 45.040158, "long": 39.079832, "index_right": 57.0, "id": 58.0, "geometry_y": "POLYGON ((39.077120781229375 45.03139208747013, 39.08054891396727 45.043854582363544, 39.09753638972486 45.04798731538402, 39.11109573274457 45.03965905539757, 39.107667600006685 45.027195646663124, 39.0906801242491 45.02306141175582, 39.077120781229375 45.03139208747013))", "population": 29000.0, "Pedestrian traffic": 29000.0, "car traffic": 20000.0 }, "geometry": { "type": "Point", "coordinates": [ 4350346.998526678420603, 5627845.758488165214658 ] } },
{ "type": "Feature", "properties": { "ID": 1196, "Address": "Уральская улица, 97литЭ", "square": 72, "rent_price": 100800, "lat": 45.0377, "long": 39.082473, "index_right": 57.0, "id": 58.0, "geometry_y": "POLYGON ((39.077120781229375 45.03139208747013, 39.08054891396727 45.043854582363544, 39.09753638972486 45.04798731538402, 39.11109573274457 45.03965905539757, 39.107667600006685 45.027195646663124, 39.0906801242491 45.02306141175582, 39.077120781229375 45.03139208747013))", "population": 29000.0, "Pedestrian traffic": 29000.0, "car traffic": 20000.0 }, "geometry": { "type": "Point", "coordinates": [ 4350640.993301862850785, 5627458.53350920137018 ] } },
{ "type": "Feature", "properties": { "ID": 1197, "Address": "Уральская улица, 97литД", "square": 190, "rent_price": 190000, "lat": 45.037942, "long": 39.083731, "index_right": 57.0, "id": 58.0, "geometry_y": "POLYGON ((39.077120781229375 45.03139208747013, 39.08054891396727 45.043854582363544, 39.09753638972486 45.04798731538402, 39.11109573274457 45.03965905539757, 39.107667600006685 45.027195646663124, 39.0906801242491 45.02306141175582, 39.077120781229375 45.03139208747013))", "population": 29000.0, "Pedestrian traffic": 29000.0, "car traffic": 20000.0 }, "geometry": { "type": "Point", "coordinates": [ 4350781.033221281133592, 5627496.65662975423038 ] } },
{ "type": "Feature", "properties": { "ID": 1198, "Address": "Уральская улица, 97Б", "square": 216, "rent_price": 169000, "lat": 45.038674, "long": 39.083039, "index_right": 57.0, "id": 58.0, "geometry_y": "POLYGON ((39.077120781229375 45.03139208747013, 39.08054891396727 45.043854582363544, 39.09753638972486 45.04798731538402, 39.11109573274457 45.03965905539757, 39.107667600006685 45.027195646663124, 39.0906801242491 45.02306141175582, 39.077120781229375 45.03139208747013))", "population": 29000.0, "Pedestrian traffic": 29000.0, "car traffic": 20000.0 }, "geometry": { "type": "Point", "coordinates": [ 4350704.000133651308715, 5627611.97217420488596 ] } },
{ "type": "Feature", "properties": { "ID": 1199, "Address": "улица имени Мецената Лю Трахова, 14", "square": 50, "rent_price": 75000, "lat": 44.999236, "long": 39.085509, "index_right": 48.0, "id": 49.0, "geometry_y": "POLYGON ((39.066836383015726 44.99398831698699, 39.07026451575361 45.00645895478264, 39.0872519915112 45.010594388491405, 39.100811334530924 45.00226068629253, 39.097383201793036 44.989789134655155, 39.080395726035434 44.985652199058414, 39.066836383015726 44.99398831698699))", "population": 36000.0, "Pedestrian traffic": 21000.0, "car traffic": 6500.0 }, "geometry": { "type": "Point", "coordinates": [ 4350978.959275911562145, 5621401.210830259136856 ] } },
{ "type": "Feature", "properties": { "ID": 1200, "Address": "Бородинская улица, 131А", "square": 221, "rent_price": 250000, "lat": 45.012587, "long": 39.099685, "index_right": 56.0, "id": 57.0, "geometry_y": "POLYGON ((39.0872519915112 45.010594388491405, 39.09068012424909 45.023061411755826, 39.107667600006685 45.027195646663124, 39.12122694302639 45.01886436019364, 39.11779881028851 45.0063964230876, 39.100811334530924 45.00226068629253, 39.0872519915112 45.010594388491405))", "population": 14000.0, "Pedestrian traffic": 14000.0, "car traffic": 30000.0 }, "geometry": { "type": "Point", "coordinates": [ 4352557.024377396330237, 5623503.269439483061433 ] } },
{ "type": "Feature", "properties": { "ID": 1201, "Address": "улица имени В.Н. Мачуги, 166/1", "square": 44, "rent_price": 44000, "lat": 45.014836, "long": 39.094933, "index_right": 56.0, "id": 57.0, "geometry_y": "POLYGON ((39.0872519915112 45.010594388491405, 39.09068012424909 45.023061411755826, 39.107667600006685 45.027195646663124, 39.12122694302639 45.01886436019364, 39.11779881028851 45.0063964230876, 39.100811334530924 45.00226068629253, 39.0872519915112 45.010594388491405))", "population": 14000.0, "Pedestrian traffic": 14000.0, "car traffic": 30000.0 }, "geometry": { "type": "Point", "coordinates": [ 4352028.034157146699727, 5623857.413221279159188 ] } },
{ "type": "Feature", "properties": { "ID": 1202, "Address": "улица Кирова, 198", "square": 56, "rent_price": 33600, "lat": 45.021418, "long": 39.096074, "index_right": 56.0, "id": 57.0, "geometry_y": "POLYGON ((39.0872519915112 45.010594388491405, 39.09068012424909 45.023061411755826, 39.107667600006685 45.027195646663124, 39.12122694302639 45.01886436019364, 39.11779881028851 45.0063964230876, 39.100811334530924 45.00226068629253, 39.0872519915112 45.010594388491405))", "population": 14000.0, "Pedestrian traffic": 14000.0, "car traffic": 30000.0 }, "geometry": { "type": "Point", "coordinates": [ 4352155.049696142785251, 5624893.942398033104837 ] } },
{ "type": "Feature", "properties": { "ID": 1203, "Address": "Восточный обход Краснодара, 2", "square": 105, "rent_price": 90000, "lat": 45.000906, "long": 39.115585, "index_right": null, "id": null, "geometry_y": null, "population": null, "Pedestrian traffic": null, "car traffic": null }, "geometry": { "type": "Point", "coordinates": [ 4354327.004281009547412, 5621664.118477249518037 ] } },
{ "type": "Feature", "properties": { "ID": 1204, "Address": "Крылатая улица, 2", "square": 100, "rent_price": 80000, "lat": 45.01144, "long": 39.122574, "index_right": 64.0, "id": 65.0, "geometry_y": "POLYGON ((39.11779881028851 45.0063964230876, 39.12122694302639 45.01886436019364, 39.13821441878399 45.022998898187154, 39.1517737618037 45.01466700096242, 39.14834562906582 45.002198150014706, 39.13135815330823 44.998062110133304, 39.11779881028851 45.0063964230876))", "population": 400.0, "Pedestrian traffic": 2800.0, "car traffic": 9500.0 }, "geometry": { "type": "Point", "coordinates": [ 4355105.016202163882554, 5623322.659891091287136 ] } },
{ "type": "Feature", "properties": { "ID": 1205, "Address": "Криничная улица, 173", "square": 128, "rent_price": 100000, "lat": 45.013294, "long": 39.118657, "index_right": 56.0, "id": 57.0, "geometry_y": "POLYGON ((39.0872519915112 45.010594388491405, 39.09068012424909 45.023061411755826, 39.107667600006685 45.027195646663124, 39.12122694302639 45.01886436019364, 39.11779881028851 45.0063964230876, 39.100811334530924 45.00226068629253, 39.0872519915112 45.010594388491405))", "population": 14000.0, "Pedestrian traffic": 14000.0, "car traffic": 30000.0 }, "geometry": { "type": "Point", "coordinates": [ 4354668.977756726555526, 5623614.597266476601362 ] } }
]
}
